item_a,item_b,count_a,count_b,count_ab,support_a,support_b,support_ab,confidence_a_to_b,confidence_b_to_a,lift,jaccard
Acceleration_Dynamics__x__Curvature_Geometry=Hybrid,Acceleration_Dynamics__x__Spatial_Reach_and_Route=Hybrid,1349,1360,907,0.5018601190476191,0.5059523809523809,0.33742559523809523,0.6723498888065234,0.6669117647058823,1.3288797802293637,0.5033296337402886
Acceleration_Dynamics__x__Curvature_Geometry=Hybrid,Acceleration_Dynamics__x__Spatial_Reach_and_Route=Normal,1349,739,192,0.5018601190476191,0.27492559523809523,0.07142857142857142,0.14232765011119347,0.2598105548037889,0.5176951603503221,0.10126582278481013
Acceleration_Dynamics__x__Curvature_Geometry=Hybrid,Acceleration_Dynamics__x__Spatial_Reach_and_Route=Uncommon Acceleration_Dynamics,1349,295,202,0.5018601190476191,0.10974702380952381,0.07514880952380952,0.1497405485544848,0.6847457627118644,1.3644155746252715,0.14008321775312066
Acceleration_Dynamics__x__Curvature_Geometry=Hybrid,Acceleration_Dynamics__x__Spatial_Reach_and_Route=Uncommon Spatial_Reach_and_Route,1349,294,48,0.5018601190476191,0.109375,0.017857142857142856,0.03558191252779837,0.16326530612244897,0.32532034311129937,0.030094043887147336
Acceleration_Dynamics__x__Curvature_Geometry=Hybrid,Acceleration_Dynamics__x__Speed_Dynamics=Hybrid,1349,1391,920,0.5018601190476191,0.5174851190476191,0.34226190476190477,0.6819866567828021,0.6613946800862689,1.317886508578125,0.5054945054945055
Acceleration_Dynamics__x__Curvature_Geometry=Hybrid,Acceleration_Dynamics__x__Speed_Dynamics=Normal,1349,731,184,0.5018601190476191,0.27194940476190477,0.06845238095238096,0.1363973313565604,0.25170998632010944,0.5015540720744657,0.0970464135021097
Acceleration_Dynamics__x__Curvature_Geometry=Hybrid,Acceleration_Dynamics__x__Speed_Dynamics=Uncommon Acceleration_Dynamics,1349,273,193,0.5018601190476191,0.1015625,0.07180059523809523,0.1430689399555226,0.706959706959707,1.4086787934082226,0.1350594821553534
Acceleration_Dynamics__x__Curvature_Geometry=Hybrid,Acceleration_Dynamics__x__Speed_Dynamics=Uncommon Speed_Dynamics,1349,293,52,0.5018601190476191,0.10900297619047619,0.019345238095238096,0.0385470719051149,0.17747440273037543,0.3536332057370268,0.03270440251572327
Acceleration_Dynamics__x__Curvature_Geometry=Hybrid,Acceleration_Dynamics__x__Temporal_Sequential_Context=Hybrid,1349,1439,978,0.5018601190476191,0.5353422619047619,0.3638392857142857,0.7249814677538917,0.6796386379430159,1.3542391836848233,0.5403314917127072
Acceleration_Dynamics__x__Curvature_Geometry=Hybrid,Acceleration_Dynamics__x__Temporal_Sequential_Context=Normal,1349,782,179,0.5018601190476191,0.29092261904761907,0.0665922619047619,0.13269088213491476,0.2289002557544757,0.45610369715939997,0.09170081967213115
Acceleration_Dynamics__x__Curvature_Geometry=Hybrid,Acceleration_Dynamics__x__Temporal_Sequential_Context=Uncommon Acceleration_Dynamics,1349,213,141,0.5018601190476191,0.07924107142857142,0.052455357142857144,0.10452186805040771,0.6619718309859155,1.3190365320164128,0.0992258972554539
Acceleration_Dynamics__x__Curvature_Geometry=Hybrid,Acceleration_Dynamics__x__Temporal_Sequential_Context=Uncommon Temporal_Sequential_Context,1349,254,51,0.5018601190476191,0.09449404761904762,0.018973214285714284,0.03780578206078577,0.20078740157480315,0.4000863865330399,0.03286082474226804
Acceleration_Dynamics__x__Curvature_Geometry=Hybrid,Acceleration_Dynamics__x__Turning_Dynamics=Hybrid,1349,1376,917,0.5018601190476191,0.5119047619047619,0.3411458333333333,0.6797627872498146,0.6664244186046512,1.3279087006740566,0.5071902654867256
Acceleration_Dynamics__x__Curvature_Geometry=Hybrid,Acceleration_Dynamics__x__Turning_Dynamics=Normal,1349,724,173,0.5018601190476191,0.2693452380952381,0.06436011904761904,0.12824314306893997,0.23895027624309392,0.4761292383554014,0.09105263157894737
Acceleration_Dynamics__x__Curvature_Geometry=Hybrid,Acceleration_Dynamics__x__Turning_Dynamics=Uncommon Acceleration_Dynamics,1349,290,202,0.5018601190476191,0.10788690476190477,0.07514880952380952,0.1497405485544848,0.696551724137931,1.3879399810843278,0.14057063326374392
Acceleration_Dynamics__x__Curvature_Geometry=Hybrid,Acceleration_Dynamics__x__Turning_Dynamics=Uncommon Turning_Dynamics,1349,298,57,0.5018601190476191,0.11086309523809523,0.021205357142857144,0.04225352112676056,0.1912751677852349,0.38113243217695436,0.035849056603773584
Acceleration_Dynamics__x__Curvature_Geometry=Hybrid,Curvature_Geometry__x__Spatial_Reach_and_Route=Hybrid,1349,1349,921,0.5018601190476191,0.5018601190476191,0.34263392857142855,0.6827279466271312,0.6827279466271312,1.3603949003215183,0.518289251547552
Acceleration_Dynamics__x__Curvature_Geometry=Hybrid,Curvature_Geometry__x__Spatial_Reach_and_Route=Normal,1349,693,163,0.5018601190476191,0.2578125,0.06063988095238095,0.12083024462564863,0.2352092352092352,0.4686748882449401,0.08674827035657265
Acceleration_Dynamics__x__Curvature_Geometry=Hybrid,Curvature_Geometry__x__Spatial_Reach_and_Route=Uncommon Curvature_Geometry,1349,321,215,0.5018601190476191,0.11941964285714286,0.07998511904761904,0.15937731653076354,0.6697819314641744,1.3345988374912532,0.14776632302405499
Acceleration_Dynamics__x__Curvature_Geometry=Hybrid,Curvature_Geometry__x__Spatial_Reach_and_Route=Uncommon Spatial_Reach_and_Route,1349,325,50,0.5018601190476191,0.1209077380952381,0.018601190476190476,0.037064492216456635,0.15384615384615385,0.3065518617779552,0.03078817733990148
Acceleration_Dynamics__x__Curvature_Geometry=Hybrid,Curvature_Geometry__x__Speed_Dynamics=Hybrid,1349,1357,939,0.5018601190476191,0.5048363095238095,0.34933035714285715,0.6960711638250556,0.6919675755342668,1.3788056657050474,0.5314091680814941
Acceleration_Dynamics__x__Curvature_Geometry=Hybrid,Curvature_Geometry__x__Speed_Dynamics=Normal,1349,663,159,0.5018601190476191,0.24665178571428573,0.05915178571428571,0.1178650852483321,0.2398190045248869,0.47786025512445945,0.08580679978413383
Acceleration_Dynamics__x__Curvature_Geometry=Hybrid,Curvature_Geometry__x__Speed_Dynamics=Uncommon Curvature_Geometry,1349,329,206,0.5018601190476191,0.12239583333333333,0.07663690476190477,0.15270570793180133,0.6261398176291794,1.2476381243789727,0.13994565217391305
Acceleration_Dynamics__x__Curvature_Geometry=Hybrid,Curvature_Geometry__x__Speed_Dynamics=Uncommon Speed_Dynamics,1349,339,45,0.5018601190476191,0.12611607142857142,0.016741071428571428,0.033358042994810974,0.13274336283185842,0.26450271259602326,0.027388922702373707
Acceleration_Dynamics__x__Curvature_Geometry=Hybrid,Curvature_Geometry__x__Temporal_Sequential_Context=Hybrid,1349,1347,932,0.5018601190476191,0.5011160714285714,0.34672619047619047,0.6908821349147517,0.6919079435783222,1.3786868438387918,0.528344671201814
Acceleration_Dynamics__x__Curvature_Geometry=Hybrid,Curvature_Geometry__x__Temporal_Sequential_Context=Normal,1349,708,161,0.5018601190476191,0.26339285714285715,0.059895833333333336,0.11934766493699037,0.2274011299435028,0.45311655840484477,0.084915611814346
Acceleration_Dynamics__x__Curvature_Geometry=Hybrid,Curvature_Geometry__x__Temporal_Sequential_Context=Uncommon Curvature_Geometry,1349,314,200,0.5018601190476191,0.11681547619047619,0.0744047619047619,0.14825796886582654,0.6369426751592356,1.2691637589533176,0.1367053998632946
Acceleration_Dynamics__x__Curvature_Geometry=Hybrid,Curvature_Geometry__x__Temporal_Sequential_Context=Uncommon Temporal_Sequential_Context,1349,319,56,0.5018601190476191,0.11867559523809523,0.020833333333333332,0.04151223128243143,0.1755485893416928,0.34979585481873254,0.034739454094292806
Acceleration_Dynamics__x__Curvature_Geometry=Hybrid,Curvature_Geometry__x__Turning_Dynamics=Hybrid,1349,1356,926,0.5018601190476191,0.5044642857142857,0.3444940476190476,0.6864343958487769,0.6828908554572272,1.3607195103550975,0.5205171444631815
Acceleration_Dynamics__x__Curvature_Geometry=Hybrid,Curvature_Geometry__x__Turning_Dynamics=Normal,1349,699,183,0.5018601190476191,0.26004464285714285,0.06808035714285714,0.1356560415122313,0.26180257510729615,0.5216644343131297,0.09812332439678284
Acceleration_Dynamics__x__Curvature_Geometry=Hybrid,Curvature_Geometry__x__Turning_Dynamics=Uncommon Curvature_Geometry,1349,310,195,0.5018601190476191,0.11532738095238096,0.07254464285714286,0.14455151964418086,0.6290322580645161,1.2534015638824458,0.13319672131147542
Acceleration_Dynamics__x__Curvature_Geometry=Hybrid,Curvature_Geometry__x__Turning_Dynamics=Uncommon Turning_Dynamics,1349,323,45,0.5018601190476191,0.12016369047619048,0.016741071428571428,0.033358042994810974,0.1393188854489164,0.2776050141487674,0.027658266748617086
Acceleration_Dynamics__x__Curvature_Geometry=Hybrid,Spatial_Reach_and_Route__x__Speed_Dynamics=Hybrid,1349,1383,719,0.5018601190476191,0.5145089285714286,0.26748511904761907,0.5329873980726464,0.519884309472162,1.0359147693559463,0.3571783407848982
Acceleration_Dynamics__x__Curvature_Geometry=Hybrid,Spatial_Reach_and_Route__x__Speed_Dynamics=Normal,1349,749,365,0.5018601190476191,0.2786458333333333,0.13578869047619047,0.27057079318013344,0.48731642189586116,0.9710204166464601,0.21061742642815925
Acceleration_Dynamics__x__Curvature_Geometry=Hybrid,Spatial_Reach_and_Route__x__Speed_Dynamics=Uncommon Spatial_Reach_and_Route,1349,261,126,0.5018601190476191,0.09709821428571429,0.046875,0.09340252038547071,0.4827586206896552,0.9619386007515145,0.08490566037735849
Acceleration_Dynamics__x__Curvature_Geometry=Hybrid,Spatial_Reach_and_Route__x__Speed_Dynamics=Uncommon Speed_Dynamics,1349,295,139,0.5018601190476191,0.10974702380952381,0.05171130952380952,0.10303928836174944,0.4711864406779661,0.9388800241233305,0.09235880398671097
Acceleration_Dynamics__x__Curvature_Geometry=Hybrid,Spatial_Reach_and_Route__x__Temporal_Sequential_Context=Hybrid,1349,1448,768,0.5018601190476191,0.5386904761904762,0.2857142857142857,0.5693106004447739,0.5303867403314917,1.0568417776212378,0.37851158206012814
Acceleration_Dynamics__x__Curvature_Geometry=Hybrid,Spatial_Reach_and_Route__x__Temporal_Sequential_Context=Normal,1349,811,367,0.5018601190476191,0.30171130952380953,0.13653273809523808,0.2720533728687917,0.4525277435265105,0.9017009448474871,0.20468488566648077
Acceleration_Dynamics__x__Curvature_Geometry=Hybrid,Spatial_Reach_and_Route__x__Temporal_Sequential_Context=Uncommon Spatial_Reach_and_Route,1349,191,89,0.5018601190476191,0.07105654761904762,0.03311011904761905,0.06597479614529281,0.46596858638743455,0.928482994966215,0.061337008959338385
Acceleration_Dynamics__x__Curvature_Geometry=Hybrid,Spatial_Reach_and_Route__x__Temporal_Sequential_Context=Uncommon Temporal_Sequential_Context,1349,238,125,0.5018601190476191,0.08854166666666667,0.04650297619047619,0.09266123054114159,0.5252100840336135,1.046526839052893,0.08549931600547196
Acceleration_Dynamics__x__Curvature_Geometry=Hybrid,Spatial_Reach_and_Route__x__Turning_Dynamics=Hybrid,1349,1348,700,0.5018601190476191,0.5014880952380952,0.2604166666666667,0.5189028910303929,0.5192878338278932,1.0347262396807835,0.35052578868302453
Acceleration_Dynamics__x__Curvature_Geometry=Hybrid,Spatial_Reach_and_Route__x__Turning_Dynamics=Normal,1349,697,308,0.5018601190476191,0.25930059523809523,0.11458333333333333,0.22831727205337288,0.4418938307030129,0.8805119473163073,0.17721518987341772
Acceleration_Dynamics__x__Curvature_Geometry=Hybrid,Spatial_Reach_and_Route__x__Turning_Dynamics=Uncommon Spatial_Reach_and_Route,1349,311,169,0.5018601190476191,0.11569940476190477,0.06287202380952381,0.12527798369162343,0.5434083601286174,1.0827884892703656,0.11334674714956405
Acceleration_Dynamics__x__Curvature_Geometry=Hybrid,Spatial_Reach_and_Route__x__Turning_Dynamics=Uncommon Turning_Dynamics,1349,332,172,0.5018601190476191,0.12351190476190477,0.06398809523809523,0.12750185322461083,0.5180722891566265,1.0323041610474513,0.11398277004638833
Acceleration_Dynamics__x__Curvature_Geometry=Hybrid,Speed_Dynamics__x__Temporal_Sequential_Context=Hybrid,1349,1412,749,0.5018601190476191,0.5252976190476191,0.2786458333333333,0.5552260934025204,0.5304532577903682,1.0569743194518233,0.37226640159045726
Acceleration_Dynamics__x__Curvature_Geometry=Hybrid,Speed_Dynamics__x__Temporal_Sequential_Context=Normal,1349,735,335,0.5018601190476191,0.2734375,0.12462797619047619,0.24833209785025945,0.4557823129251701,0.9081859578523773,0.19153802172670098
Acceleration_Dynamics__x__Curvature_Geometry=Hybrid,Speed_Dynamics__x__Temporal_Sequential_Context=Uncommon Speed_Dynamics,1349,272,118,0.5018601190476191,0.10119047619047619,0.04389880952380952,0.08747220163083766,0.4338235294117647,0.8644311690576897,0.07850964737192283
Acceleration_Dynamics__x__Curvature_Geometry=Hybrid,Speed_Dynamics__x__Temporal_Sequential_Context=Uncommon Temporal_Sequential_Context,1349,269,147,0.5018601190476191,0.10007440476190477,0.0546875,0.10896960711638251,0.5464684014869888,1.0888858882112868,0.09993201903467029
Acceleration_Dynamics__x__Curvature_Geometry=Hybrid,Speed_Dynamics__x__Turning_Dynamics=Hybrid,1349,1377,723,0.5018601190476191,0.5122767857142857,0.2689732142857143,0.535952557449963,0.5250544662309368,1.0462167570265073,0.36095856215676486
Acceleration_Dynamics__x__Curvature_Geometry=Hybrid,Speed_Dynamics__x__Turning_Dynamics=Normal,1349,709,335,0.5018601190476191,0.26376488095238093,0.12462797619047619,0.24833209785025945,0.47249647390691113,0.9414903794379371,0.19442832269297736
Acceleration_Dynamics__x__Curvature_Geometry=Hybrid,Speed_Dynamics__x__Turning_Dynamics=Uncommon Speed_Dynamics,1349,301,141,0.5018601190476191,0.11197916666666667,0.052455357142857144,0.10452186805040771,0.4684385382059801,0.9334045891013153,0.09343936381709742
Acceleration_Dynamics__x__Curvature_Geometry=Hybrid,Speed_Dynamics__x__Turning_Dynamics=Uncommon Turning_Dynamics,1349,301,150,0.5018601190476191,0.11197916666666667,0.05580357142857143,0.1111934766493699,0.4983388704318937,0.9929836054269312,0.1
Acceleration_Dynamics__x__Curvature_Geometry=Hybrid,Temporal_Sequential_Context__x__Turning_Dynamics=Hybrid,1349,1386,743,0.5018601190476191,0.515625,0.27641369047619047,0.5507783543365455,0.536075036075036,1.068176202349664,0.3729919678714859
Acceleration_Dynamics__x__Curvature_Geometry=Hybrid,Temporal_Sequential_Context__x__Turning_Dynamics=Normal,1349,714,312,0.5018601190476191,0.265625,0.11607142857142858,0.2312824314306894,0.4369747899159664,0.8707103300920072,0.17818389491719017
Acceleration_Dynamics__x__Curvature_Geometry=Hybrid,Temporal_Sequential_Context__x__Turning_Dynamics=Uncommon Temporal_Sequential_Context,1349,284,153,0.5018601190476191,0.1056547619047619,0.056919642857142856,0.1134173461823573,0.5387323943661971,1.0734712202048464,0.10337837837837838
Acceleration_Dynamics__x__Curvature_Geometry=Hybrid,Temporal_Sequential_Context__x__Turning_Dynamics=Uncommon Turning_Dynamics,1349,304,141,0.5018601190476191,0.1130952380952381,0.052455357142857144,0.10452186805040771,0.46381578947368424,0.924193359603605,0.09325396825396826
Acceleration_Dynamics__x__Curvature_Geometry=Normal,Acceleration_Dynamics__x__Spatial_Reach_and_Route=Hybrid,673,1360,161,0.25037202380952384,0.5059523809523809,0.059895833333333336,0.23922734026745915,0.11838235294117647,0.4728258019403898,0.0860042735042735
Acceleration_Dynamics__x__Curvature_Geometry=Normal,Acceleration_Dynamics__x__Spatial_Reach_and_Route=Normal,673,739,380,0.25037202380952384,0.27492559523809523,0.14136904761904762,0.5646359583952452,0.5142083897158322,2.053777342579728,0.3682170542635659
Acceleration_Dynamics__x__Curvature_Geometry=Normal,Acceleration_Dynamics__x__Spatial_Reach_and_Route=Uncommon Spatial_Reach_and_Route,673,294,132,0.25037202380952384,0.109375,0.049107142857142856,0.1961367013372957,0.4489795918367347,1.7932498407981317,0.15808383233532936
Acceleration_Dynamics__x__Curvature_Geometry=Normal,Acceleration_Dynamics__x__Speed_Dynamics=Hybrid,673,1391,151,0.25037202380952384,0.5174851190476191,0.05617559523809524,0.22436849925705796,0.10855499640546369,0.4335747850488653,0.07893361212754835
Acceleration_Dynamics__x__Curvature_Geometry=Normal,Acceleration_Dynamics__x__Speed_Dynamics=Normal,673,731,364,0.25037202380952384,0.27194940476190477,0.13541666666666666,0.5408618127786032,0.49794801641586867,1.9888324935005273,0.35
Acceleration_Dynamics__x__Curvature_Geometry=Normal,Acceleration_Dynamics__x__Speed_Dynamics=Uncommon Speed_Dynamics,673,293,158,0.25037202380952384,0.10900297619047619,0.058779761904761904,0.23476968796433878,0.5392491467576792,2.1537915400960497,0.19554455445544555
Acceleration_Dynamics__x__Curvature_Geometry=Normal,Acceleration_Dynamics__x__Temporal_Sequential_Context=Hybrid,673,1439,143,0.25037202380952384,0.5353422619047619,0.05319940476190476,0.212481426448737,0.09937456567060458,0.3969076263337074,0.07262569832402235
Acceleration_Dynamics__x__Curvature_Geometry=Normal,Acceleration_Dynamics__x__Temporal_Sequential_Context=Normal,673,782,420,0.25037202380952384,0.29092261904761907,0.15625,0.6240713224368499,0.5370843989769821,2.145145415230502,0.4057971014492754
Acceleration_Dynamics__x__Curvature_Geometry=Normal,Acceleration_Dynamics__x__Temporal_Sequential_Context=Uncommon Temporal_Sequential_Context,673,254,110,0.25037202380952384,0.09449404761904762,0.04092261904761905,0.16344725111441308,0.4330708661417323,1.7297094921084344,0.1346389228886169
Acceleration_Dynamics__x__Curvature_Geometry=Normal,Acceleration_Dynamics__x__Turning_Dynamics=Hybrid,673,1376,153,0.25037202380952384,0.5119047619047619,0.056919642857142856,0.22734026745913818,0.11119186046511628,0.44410656898994433,0.08069620253164557
Acceleration_Dynamics__x__Curvature_Geometry=Normal,Acceleration_Dynamics__x__Turning_Dynamics=Normal,673,724,376,0.25037202380952384,0.2693452380952381,0.13988095238095238,0.5586924219910847,0.5193370165745856,2.0742613678343034,0.3682664054848188
Acceleration_Dynamics__x__Curvature_Geometry=Normal,Acceleration_Dynamics__x__Turning_Dynamics=Uncommon Turning_Dynamics,673,298,144,0.25037202380952384,0.11086309523809523,0.05357142857142857,0.2139673105497771,0.48322147651006714,1.9300138616033584,0.17412333736396615
Acceleration_Dynamics__x__Curvature_Geometry=Normal,Curvature_Geometry__x__Spatial_Reach_and_Route=Hybrid,673,1349,147,0.25037202380952384,0.5018601190476191,0.0546875,0.21842496285289748,0.10896960711638251,0.4352307636386866,0.0784
Acceleration_Dynamics__x__Curvature_Geometry=Normal,Curvature_Geometry__x__Spatial_Reach_and_Route=Normal,673,693,380,0.25037202380952384,0.2578125,0.14136904761904762,0.5646359583952452,0.5483405483405484,2.1901031113512537,0.385395537525355
Acceleration_Dynamics__x__Curvature_Geometry=Normal,Curvature_Geometry__x__Spatial_Reach_and_Route=Uncommon Spatial_Reach_and_Route,673,325,146,0.25037202380952384,0.1209077380952381,0.05431547619047619,0.21693907875185736,0.4492307692307692,1.7942530574922846,0.17136150234741784
Acceleration_Dynamics__x__Curvature_Geometry=Normal,Curvature_Geometry__x__Speed_Dynamics=Hybrid,673,1357,156,0.25037202380952384,0.5048363095238095,0.05803571428571429,0.23179791976225855,0.11495946941783346,0.45915461187984585,0.0832443970117396
Acceleration_Dynamics__x__Curvature_Geometry=Normal,Curvature_Geometry__x__Speed_Dynamics=Normal,673,663,364,0.25037202380952384,0.24665178571428573,0.13541666666666666,0.5408618127786032,0.5490196078431373,2.1928153133467347,0.37448559670781895
Acceleration_Dynamics__x__Curvature_Geometry=Normal,Curvature_Geometry__x__Speed_Dynamics=Uncommon Speed_Dynamics,673,339,153,0.25037202380952384,0.12611607142857142,0.056919642857142856,0.22734026745913818,0.45132743362831856,1.802627253481308,0.1781140861466822
Acceleration_Dynamics__x__Curvature_Geometry=Normal,Curvature_Geometry__x__Temporal_Sequential_Context=Hybrid,673,1347,150,0.25037202380952384,0.5011160714285714,0.05580357142857143,0.22288261515601784,0.111358574610245,0.4447724346988685,0.08021390374331551
Acceleration_Dynamics__x__Curvature_Geometry=Normal,Curvature_Geometry__x__Temporal_Sequential_Context=Normal,673,708,420,0.25037202380952384,0.26339285714285715,0.15625,0.6240713224368499,0.5932203389830508,2.3693555292517687,0.43704474505723206
Acceleration_Dynamics__x__Curvature_Geometry=Normal,Curvature_Geometry__x__Temporal_Sequential_Context=Uncommon Temporal_Sequential_Context,673,319,103,0.25037202380952384,0.11867559523809523,0.038318452380952384,0.15304606240713226,0.322884012539185,1.2896169772738917,0.11586051743532058
Acceleration_Dynamics__x__Curvature_Geometry=Normal,Curvature_Geometry__x__Turning_Dynamics=Hybrid,673,1356,152,0.25037202380952384,0.5044642857142857,0.05654761904761905,0.22585438335809807,0.11209439528023599,0.4477113440018935,0.08098028769312733
Acceleration_Dynamics__x__Curvature_Geometry=Normal,Curvature_Geometry__x__Turning_Dynamics=Normal,673,699,376,0.25037202380952384,0.26004464285714285,0.13988095238095238,0.5586924219910847,0.5379113018597997,2.148448112034386,0.37751004016064255
Acceleration_Dynamics__x__Curvature_Geometry=Normal,Curvature_Geometry__x__Turning_Dynamics=Uncommon Turning_Dynamics,673,323,145,0.25037202380952384,0.12016369047619048,0.053943452380952384,0.21545319465081725,0.44891640866873067,1.7929974836575748,0.17038777908343125
Acceleration_Dynamics__x__Curvature_Geometry=Normal,Spatial_Reach_and_Route__x__Speed_Dynamics=Hybrid,673,1383,308,0.25037202380952384,0.5145089285714286,0.11458333333333333,0.4576523031203566,0.22270426608821403,0.8894934134399987,0.17620137299771166
Acceleration_Dynamics__x__Curvature_Geometry=Normal,Spatial_Reach_and_Route__x__Speed_Dynamics=Normal,673,749,211,0.25037202380952384,0.2786458333333333,0.07849702380952381,0.3135215453194651,0.2817089452603471,1.1251614336698559,0.17423616845582163
Acceleration_Dynamics__x__Curvature_Geometry=Normal,Spatial_Reach_and_Route__x__Speed_Dynamics=Uncommon Spatial_Reach_and_Route,673,261,66,0.25037202380952384,0.09709821428571429,0.024553571428571428,0.09806835066864784,0.25287356321839083,1.0099912896449248,0.07603686635944701
Acceleration_Dynamics__x__Curvature_Geometry=Normal,Spatial_Reach_and_Route__x__Speed_Dynamics=Uncommon Speed_Dynamics,673,295,88,0.25037202380952384,0.10974702380952381,0.03273809523809524,0.13075780089153047,0.2983050847457627,1.191447351852318,0.1
Acceleration_Dynamics__x__Curvature_Geometry=Normal,Spatial_Reach_and_Route__x__Temporal_Sequential_Context=Hybrid,673,1448,311,0.25037202380952384,0.5386904761904762,0.11569940476190477,0.462109955423477,0.21477900552486187,0.8578394752612611,0.1718232044198895
Acceleration_Dynamics__x__Curvature_Geometry=Normal,Spatial_Reach_and_Route__x__Temporal_Sequential_Context=Normal,673,811,263,0.25037202380952384,0.30171130952380953,0.0978422619047619,0.39078751857355126,0.3242909987669544,1.2952365597111044,0.2153972153972154
Acceleration_Dynamics__x__Curvature_Geometry=Normal,Spatial_Reach_and_Route__x__Temporal_Sequential_Context=Uncommon Spatial_Reach_and_Route,673,191,51,0.25037202380952384,0.07105654761904762,0.018973214285714284,0.07578008915304606,0.2670157068062827,1.066475809651245,0.06273062730627306
Acceleration_Dynamics__x__Curvature_Geometry=Normal,Spatial_Reach_and_Route__x__Temporal_Sequential_Context=Uncommon Temporal_Sequential_Context,673,238,48,0.25037202380952384,0.08854166666666667,0.017857142857142856,0.0713224368499257,0.20168067226890757,0.8055239926579842,0.055619930475086905
Acceleration_Dynamics__x__Curvature_Geometry=Normal,Spatial_Reach_and_Route__x__Turning_Dynamics=Hybrid,673,1348,308,0.25037202380952384,0.5014880952380952,0.11458333333333333,0.4576523031203566,0.228486646884273,0.9125885688334706,0.17980151780502043
Acceleration_Dynamics__x__Curvature_Geometry=Normal,Spatial_Reach_and_Route__x__Turning_Dynamics=Normal,673,697,226,0.25037202380952384,0.25930059523809523,0.08407738095238096,0.33580980683506684,0.3242467718794835,1.2950599150253368,0.19755244755244755
Acceleration_Dynamics__x__Curvature_Geometry=Normal,Spatial_Reach_and_Route__x__Turning_Dynamics=Uncommon Spatial_Reach_and_Route,673,311,64,0.25037202380952384,0.11569940476190477,0.023809523809523808,0.0950965824665676,0.2057877813504823,0.8219280182319411,0.06956521739130435
Acceleration_Dynamics__x__Curvature_Geometry=Normal,Spatial_Reach_and_Route__x__Turning_Dynamics=Uncommon Turning_Dynamics,673,332,75,0.25037202380952384,0.12351190476190477,0.027901785714285716,0.11144130757800892,0.22590361445783133,0.9022717914749636,0.08064516129032258
Acceleration_Dynamics__x__Curvature_Geometry=Normal,Speed_Dynamics__x__Temporal_Sequential_Context=Hybrid,673,1412,294,0.25037202380952384,0.5252976190476191,0.109375,0.43684992570579495,0.20821529745042494,0.8316236546013999,0.16415410385259632
Acceleration_Dynamics__x__Curvature_Geometry=Normal,Speed_Dynamics__x__Temporal_Sequential_Context=Normal,673,735,238,0.25037202380952384,0.2734375,0.08854166666666667,0.3536404160475483,0.3238095238095238,1.2933135215453195,0.20341880341880342
Acceleration_Dynamics__x__Curvature_Geometry=Normal,Speed_Dynamics__x__Temporal_Sequential_Context=Uncommon Speed_Dynamics,673,272,91,0.25037202380952384,0.10119047619047619,0.033854166666666664,0.1352154531946508,0.33455882352941174,1.3362468315706666,0.10655737704918032
Acceleration_Dynamics__x__Curvature_Geometry=Normal,Speed_Dynamics__x__Temporal_Sequential_Context=Uncommon Temporal_Sequential_Context,673,269,50,0.25037202380952384,0.10007440476190477,0.018601190476190476,0.07429420505200594,0.18587360594795538,0.7423896772482972,0.05605381165919283
Acceleration_Dynamics__x__Curvature_Geometry=Normal,Speed_Dynamics__x__Turning_Dynamics=Hybrid,673,1377,300,0.25037202380952384,0.5122767857142857,0.11160714285714286,0.4457652303120357,0.2178649237472767,0.8701648068836251,0.17142857142857143
Acceleration_Dynamics__x__Curvature_Geometry=Normal,Speed_Dynamics__x__Turning_Dynamics=Normal,673,709,214,0.25037202380952384,0.26376488095238093,0.07961309523809523,0.3179791976225854,0.3018335684062059,1.2055403148230037,0.1832191780821918
Acceleration_Dynamics__x__Curvature_Geometry=Normal,Speed_Dynamics__x__Turning_Dynamics=Uncommon Speed_Dynamics,673,301,85,0.25037202380952384,0.11197916666666667,0.03162202380952381,0.1263001485884101,0.2823920265780731,1.1278896990220806,0.09561304836895389
Acceleration_Dynamics__x__Curvature_Geometry=Normal,Speed_Dynamics__x__Turning_Dynamics=Uncommon Turning_Dynamics,673,301,74,0.25037202380952384,0.11197916666666667,0.027529761904761904,0.1099554234769688,0.24584717607973422,0.9819275026780467,0.08222222222222222
Acceleration_Dynamics__x__Curvature_Geometry=Normal,Temporal_Sequential_Context__x__Turning_Dynamics=Hybrid,673,1386,287,0.25037202380952384,0.515625,0.10677083333333333,0.4264487369985141,0.20707070707070707,0.8270520959971182,0.16196388261851016
Acceleration_Dynamics__x__Curvature_Geometry=Normal,Temporal_Sequential_Context__x__Turning_Dynamics=Normal,673,714,235,0.25037202380952384,0.265625,0.08742559523809523,0.3491827637444279,0.3291316526610644,1.314570404684905,0.20399305555555555
Acceleration_Dynamics__x__Curvature_Geometry=Normal,Temporal_Sequential_Context__x__Turning_Dynamics=Uncommon Temporal_Sequential_Context,673,284,59,0.25037202380952384,0.1056547619047619,0.02194940476190476,0.08766716196136701,0.20774647887323944,0.8297511667329384,0.06570155902004454
Acceleration_Dynamics__x__Curvature_Geometry=Normal,Temporal_Sequential_Context__x__Turning_Dynamics=Uncommon Turning_Dynamics,673,304,92,0.25037202380952384,0.1130952380952381,0.03422619047619048,0.13670133729569092,0.3026315789473684,1.2087276139829513,0.103954802259887
Acceleration_Dynamics__x__Curvature_Geometry=Uncommon Acceleration_Dynamics,Acceleration_Dynamics__x__Spatial_Reach_and_Route=Hybrid,336,1360,243,0.125,0.5059523809523809,0.09040178571428571,0.7232142857142857,0.1786764705882353,1.4294117647058824,0.1672401927047488
Acceleration_Dynamics__x__Curvature_Geometry=Uncommon Acceleration_Dynamics,Acceleration_Dynamics__x__Spatial_Reach_and_Route=Uncommon Acceleration_Dynamics,336,295,93,0.125,0.10974702380952381,0.03459821428571429,0.2767857142857143,0.3152542372881356,2.522033898305085,0.17286245353159851
Acceleration_Dynamics__x__Curvature_Geometry=Uncommon Acceleration_Dynamics,Acceleration_Dynamics__x__Speed_Dynamics=Hybrid,336,1391,256,0.125,0.5174851190476191,0.09523809523809523,0.7619047619047619,0.18404025880661395,1.4723220704529114,0.17403127124405166
Acceleration_Dynamics__x__Curvature_Geometry=Uncommon Acceleration_Dynamics,Acceleration_Dynamics__x__Speed_Dynamics=Uncommon Acceleration_Dynamics,336,273,80,0.125,0.1015625,0.02976190476190476,0.23809523809523808,0.29304029304029305,2.344322344322344,0.15122873345935728
Acceleration_Dynamics__x__Curvature_Geometry=Uncommon Acceleration_Dynamics,Acceleration_Dynamics__x__Temporal_Sequential_Context=Hybrid,336,1439,264,0.125,0.5353422619047619,0.09821428571428571,0.7857142857142857,0.1834607366226546,1.467685892981237,0.17471872931833224
Acceleration_Dynamics__x__Curvature_Geometry=Uncommon Acceleration_Dynamics,Acceleration_Dynamics__x__Temporal_Sequential_Context=Uncommon Acceleration_Dynamics,336,213,72,0.125,0.07924107142857142,0.026785714285714284,0.21428571428571427,0.3380281690140845,2.704225352112676,0.1509433962264151
Acceleration_Dynamics__x__Curvature_Geometry=Uncommon Acceleration_Dynamics,Acceleration_Dynamics__x__Turning_Dynamics=Hybrid,336,1376,248,0.125,0.5119047619047619,0.09226190476190477,0.7380952380952381,0.18023255813953487,1.4418604651162792,0.16939890710382513
Acceleration_Dynamics__x__Curvature_Geometry=Uncommon Acceleration_Dynamics,Acceleration_Dynamics__x__Turning_Dynamics=Uncommon Acceleration_Dynamics,336,290,88,0.125,0.10788690476190477,0.03273809523809524,0.2619047619047619,0.30344827586206896,2.4275862068965517,0.16356877323420074
Acceleration_Dynamics__x__Curvature_Geometry=Uncommon Acceleration_Dynamics,Curvature_Geometry__x__Spatial_Reach_and_Route=Hybrid,336,1349,57,0.125,0.5018601190476191,0.021205357142857144,0.16964285714285715,0.04225352112676056,0.3380281690140845,0.03501228501228501
Acceleration_Dynamics__x__Curvature_Geometry=Uncommon Acceleration_Dynamics,Curvature_Geometry__x__Spatial_Reach_and_Route=Normal,336,693,150,0.125,0.2578125,0.05580357142857143,0.44642857142857145,0.21645021645021645,1.7316017316017316,0.17064846416382254
Acceleration_Dynamics__x__Curvature_Geometry=Uncommon Acceleration_Dynamics,Curvature_Geometry__x__Spatial_Reach_and_Route=Uncommon Spatial_Reach_and_Route,336,325,129,0.125,0.1209077380952381,0.04799107142857143,0.38392857142857145,0.39692307692307693,3.1753846153846155,0.2424812030075188
Acceleration_Dynamics__x__Curvature_Geometry=Uncommon Acceleration_Dynamics,Curvature_Geometry__x__Speed_Dynamics=Hybrid,336,1357,55,0.125,0.5048363095238095,0.020461309523809524,0.1636904761904762,0.040530582166543844,0.32424465733235075,0.033577533577533576
Acceleration_Dynamics__x__Curvature_Geometry=Uncommon Acceleration_Dynamics,Curvature_Geometry__x__Speed_Dynamics=Normal,336,663,140,0.125,0.24665178571428573,0.052083333333333336,0.4166666666666667,0.21116138763197587,1.689291101055807,0.1629802095459837
Acceleration_Dynamics__x__Curvature_Geometry=Uncommon Acceleration_Dynamics,Curvature_Geometry__x__Speed_Dynamics=Uncommon Speed_Dynamics,336,339,141,0.125,0.12611607142857142,0.052455357142857144,0.41964285714285715,0.415929203539823,3.3274336283185844,0.2640449438202247
Acceleration_Dynamics__x__Curvature_Geometry=Uncommon Acceleration_Dynamics,Curvature_Geometry__x__Temporal_Sequential_Context=Hybrid,336,1347,49,0.125,0.5011160714285714,0.018229166666666668,0.14583333333333334,0.03637713437268003,0.29101707498144025,0.029987760097919217
Acceleration_Dynamics__x__Curvature_Geometry=Uncommon Acceleration_Dynamics,Curvature_Geometry__x__Temporal_Sequential_Context=Normal,336,708,127,0.125,0.26339285714285715,0.04724702380952381,0.37797619047619047,0.17937853107344634,1.4350282485875705,0.13849509269356597
Acceleration_Dynamics__x__Curvature_Geometry=Uncommon Acceleration_Dynamics,Curvature_Geometry__x__Temporal_Sequential_Context=Uncommon Temporal_Sequential_Context,336,319,160,0.125,0.11867559523809523,0.05952380952380952,0.47619047619047616,0.5015673981191222,4.012539184952978,0.32323232323232326
Acceleration_Dynamics__x__Curvature_Geometry=Uncommon Acceleration_Dynamics,Curvature_Geometry__x__Turning_Dynamics=Hybrid,336,1356,63,0.125,0.5044642857142857,0.0234375,0.1875,0.046460176991150445,0.37168141592920356,0.03867403314917127
Acceleration_Dynamics__x__Curvature_Geometry=Uncommon Acceleration_Dynamics,Curvature_Geometry__x__Turning_Dynamics=Normal,336,699,140,0.125,0.26004464285714285,0.052083333333333336,0.4166666666666667,0.20028612303290416,1.6022889842632333,0.1564245810055866
Acceleration_Dynamics__x__Curvature_Geometry=Uncommon Acceleration_Dynamics,Curvature_Geometry__x__Turning_Dynamics=Uncommon Turning_Dynamics,336,323,133,0.125,0.12016369047619048,0.049479166666666664,0.3958333333333333,0.4117647058823529,3.2941176470588234,0.25285171102661597
Acceleration_Dynamics__x__Curvature_Geometry=Uncommon Acceleration_Dynamics,Spatial_Reach_and_Route__x__Speed_Dynamics=Hybrid,336,1383,199,0.125,0.5145089285714286,0.0740327380952381,0.5922619047619048,0.14389009399855388,1.1511207519884308,0.13092105263157894
Acceleration_Dynamics__x__Curvature_Geometry=Uncommon Acceleration_Dynamics,Spatial_Reach_and_Route__x__Speed_Dynamics=Normal,336,749,69,0.125,0.2786458333333333,0.025669642857142856,0.20535714285714285,0.09212283044058744,0.7369826435246997,0.06791338582677166
Acceleration_Dynamics__x__Curvature_Geometry=Uncommon Acceleration_Dynamics,Spatial_Reach_and_Route__x__Speed_Dynamics=Uncommon Spatial_Reach_and_Route,336,261,29,0.125,0.09709821428571429,0.010788690476190476,0.08630952380952381,0.1111111111111111,0.8888888888888888,0.051056338028169015
Acceleration_Dynamics__x__Curvature_Geometry=Uncommon Acceleration_Dynamics,Spatial_Reach_and_Route__x__Speed_Dynamics=Uncommon Speed_Dynamics,336,295,39,0.125,0.10974702380952381,0.014508928571428572,0.11607142857142858,0.13220338983050847,1.0576271186440678,0.06587837837837837
Acceleration_Dynamics__x__Curvature_Geometry=Uncommon Acceleration_Dynamics,Spatial_Reach_and_Route__x__Temporal_Sequential_Context=Hybrid,336,1448,199,0.125,0.5386904761904762,0.0740327380952381,0.5922619047619048,0.13743093922651933,1.0994475138121547,0.12555205047318613
Acceleration_Dynamics__x__Curvature_Geometry=Uncommon Acceleration_Dynamics,Spatial_Reach_and_Route__x__Temporal_Sequential_Context=Normal,336,811,71,0.125,0.30171130952380953,0.026413690476190476,0.2113095238095238,0.08754623921085081,0.7003699136868063,0.06598513011152417
Acceleration_Dynamics__x__Curvature_Geometry=Uncommon Acceleration_Dynamics,Spatial_Reach_and_Route__x__Temporal_Sequential_Context=Uncommon Spatial_Reach_and_Route,336,191,19,0.125,0.07105654761904762,0.007068452380952381,0.05654761904761905,0.09947643979057591,0.7958115183246074,0.03740157480314961
Acceleration_Dynamics__x__Curvature_Geometry=Uncommon Acceleration_Dynamics,Spatial_Reach_and_Route__x__Temporal_Sequential_Context=Uncommon Temporal_Sequential_Context,336,238,47,0.125,0.08854166666666667,0.017485119047619048,0.13988095238095238,0.19747899159663865,1.5798319327731092,0.08918406072106262
Acceleration_Dynamics__x__Curvature_Geometry=Uncommon Acceleration_Dynamics,Spatial_Reach_and_Route__x__Turning_Dynamics=Hybrid,336,1348,191,0.125,0.5014880952380952,0.07105654761904762,0.5684523809523809,0.14169139465875372,1.1335311572700297,0.12793034159410582
Acceleration_Dynamics__x__Curvature_Geometry=Uncommon Acceleration_Dynamics,Spatial_Reach_and_Route__x__Turning_Dynamics=Normal,336,697,70,0.125,0.25930059523809523,0.026041666666666668,0.20833333333333334,0.10043041606886657,0.8034433285509326,0.07268951194184839
Acceleration_Dynamics__x__Curvature_Geometry=Uncommon Acceleration_Dynamics,Spatial_Reach_and_Route__x__Turning_Dynamics=Uncommon Spatial_Reach_and_Route,336,311,34,0.125,0.11569940476190477,0.012648809523809524,0.10119047619047619,0.10932475884244373,0.8745980707395498,0.05546492659053834
Acceleration_Dynamics__x__Curvature_Geometry=Uncommon Acceleration_Dynamics,Spatial_Reach_and_Route__x__Turning_Dynamics=Uncommon Turning_Dynamics,336,332,41,0.125,0.12351190476190477,0.01525297619047619,0.12202380952380952,0.12349397590361445,0.9879518072289156,0.06539074960127592
Acceleration_Dynamics__x__Curvature_Geometry=Uncommon Acceleration_Dynamics,Speed_Dynamics__x__Temporal_Sequential_Context=Hybrid,336,1412,206,0.125,0.5252976190476191,0.07663690476190477,0.6130952380952381,0.14589235127478753,1.1671388101983002,0.13359273670557717
Acceleration_Dynamics__x__Curvature_Geometry=Uncommon Acceleration_Dynamics,Speed_Dynamics__x__Temporal_Sequential_Context=Normal,336,735,58,0.125,0.2734375,0.021577380952380952,0.17261904761904762,0.07891156462585033,0.6312925170068027,0.05725567620927937
Acceleration_Dynamics__x__Curvature_Geometry=Uncommon Acceleration_Dynamics,Speed_Dynamics__x__Temporal_Sequential_Context=Uncommon Speed_Dynamics,336,272,30,0.125,0.10119047619047619,0.011160714285714286,0.08928571428571429,0.11029411764705882,0.8823529411764706,0.05190311418685121
Acceleration_Dynamics__x__Curvature_Geometry=Uncommon Acceleration_Dynamics,Speed_Dynamics__x__Temporal_Sequential_Context=Uncommon Temporal_Sequential_Context,336,269,42,0.125,0.10007440476190477,0.015625,0.125,0.15613382899628253,1.2490706319702602,0.07460035523978685
Acceleration_Dynamics__x__Curvature_Geometry=Uncommon Acceleration_Dynamics,Speed_Dynamics__x__Turning_Dynamics=Hybrid,336,1377,203,0.125,0.5122767857142857,0.07552083333333333,0.6041666666666666,0.14742193173565724,1.1793754538852577,0.13443708609271524
Acceleration_Dynamics__x__Curvature_Geometry=Uncommon Acceleration_Dynamics,Speed_Dynamics__x__Turning_Dynamics=Normal,336,709,65,0.125,0.26376488095238093,0.02418154761904762,0.19345238095238096,0.09167842031029619,0.7334273624823696,0.0663265306122449
Acceleration_Dynamics__x__Curvature_Geometry=Uncommon Acceleration_Dynamics,Speed_Dynamics__x__Turning_Dynamics=Uncommon Speed_Dynamics,336,301,39,0.125,0.11197916666666667,0.014508928571428572,0.11607142857142858,0.12956810631229235,1.0365448504983388,0.06521739130434782
Acceleration_Dynamics__x__Curvature_Geometry=Uncommon Acceleration_Dynamics,Speed_Dynamics__x__Turning_Dynamics=Uncommon Turning_Dynamics,336,301,29,0.125,0.11197916666666667,0.010788690476190476,0.08630952380952381,0.09634551495016612,0.7707641196013288,0.047697368421052634
Acceleration_Dynamics__x__Curvature_Geometry=Uncommon Acceleration_Dynamics,Temporal_Sequential_Context__x__Turning_Dynamics=Hybrid,336,1386,201,0.125,0.515625,0.07477678571428571,0.5982142857142857,0.14502164502164502,1.1601731601731602,0.13214990138067062
Acceleration_Dynamics__x__Curvature_Geometry=Uncommon Acceleration_Dynamics,Temporal_Sequential_Context__x__Turning_Dynamics=Normal,336,714,61,0.125,0.265625,0.02269345238095238,0.18154761904761904,0.08543417366946779,0.6834733893557423,0.06167846309403438
Acceleration_Dynamics__x__Curvature_Geometry=Uncommon Acceleration_Dynamics,Temporal_Sequential_Context__x__Turning_Dynamics=Uncommon Temporal_Sequential_Context,336,284,45,0.125,0.1056547619047619,0.016741071428571428,0.13392857142857142,0.15845070422535212,1.2676056338028168,0.0782608695652174
Acceleration_Dynamics__x__Curvature_Geometry=Uncommon Acceleration_Dynamics,Temporal_Sequential_Context__x__Turning_Dynamics=Uncommon Turning_Dynamics,336,304,29,0.125,0.1130952380952381,0.010788690476190476,0.08630952380952381,0.09539473684210527,0.763157894736842,0.04746317512274959
Acceleration_Dynamics__x__Curvature_Geometry=Uncommon Curvature_Geometry,Acceleration_Dynamics__x__Spatial_Reach_and_Route=Hybrid,330,1360,49,0.12276785714285714,0.5059523809523809,0.018229166666666668,0.1484848484848485,0.03602941176470588,0.29347593582887704,0.029859841560024376
Acceleration_Dynamics__x__Curvature_Geometry=Uncommon Curvature_Geometry,Acceleration_Dynamics__x__Spatial_Reach_and_Route=Normal,330,739,167,0.12276785714285714,0.27492559523809523,0.06212797619047619,0.5060606060606061,0.2259810554803789,1.8407184155492682,0.18514412416851442
Acceleration_Dynamics__x__Curvature_Geometry=Uncommon Curvature_Geometry,Acceleration_Dynamics__x__Spatial_Reach_and_Route=Uncommon Spatial_Reach_and_Route,330,294,114,0.12276785714285714,0.109375,0.04241071428571429,0.34545454545454546,0.3877551020408163,3.1584415584415586,0.2235294117647059
Acceleration_Dynamics__x__Curvature_Geometry=Uncommon Curvature_Geometry,Acceleration_Dynamics__x__Speed_Dynamics=Hybrid,330,1391,64,0.12276785714285714,0.5174851190476191,0.023809523809523808,0.19393939393939394,0.04601006470165349,0.3747728906607411,0.03862401931200966
Acceleration_Dynamics__x__Curvature_Geometry=Uncommon Curvature_Geometry,Acceleration_Dynamics__x__Speed_Dynamics=Normal,330,731,183,0.12276785714285714,0.27194940476190477,0.06808035714285714,0.5545454545454546,0.2503419972640219,2.0391493595323964,0.20842824601366744
Acceleration_Dynamics__x__Curvature_Geometry=Uncommon Curvature_Geometry,Acceleration_Dynamics__x__Speed_Dynamics=Uncommon Speed_Dynamics,330,293,83,0.12276785714285714,0.10900297619047619,0.030877976190476192,0.2515151515151515,0.2832764505119454,2.3074154514427554,0.1537037037037037
Acceleration_Dynamics__x__Curvature_Geometry=Uncommon Curvature_Geometry,Acceleration_Dynamics__x__Temporal_Sequential_Context=Hybrid,330,1439,54,0.12276785714285714,0.5353422619047619,0.020089285714285716,0.16363636363636364,0.037526059763724806,0.3056668140754312,0.0314868804664723
Acceleration_Dynamics__x__Curvature_Geometry=Uncommon Curvature_Geometry,Acceleration_Dynamics__x__Temporal_Sequential_Context=Normal,330,782,183,0.12276785714285714,0.29092261904761907,0.06808035714285714,0.5545454545454546,0.2340153452685422,1.906161357823762,0.1969860064585576
Acceleration_Dynamics__x__Curvature_Geometry=Uncommon Curvature_Geometry,Acceleration_Dynamics__x__Temporal_Sequential_Context=Uncommon Temporal_Sequential_Context,330,254,93,0.12276785714285714,0.09449404761904762,0.03459821428571429,0.2818181818181818,0.3661417322834646,2.982390837508948,0.1894093686354379
Acceleration_Dynamics__x__Curvature_Geometry=Uncommon Curvature_Geometry,Acceleration_Dynamics__x__Turning_Dynamics=Hybrid,330,1376,58,0.12276785714285714,0.5119047619047619,0.021577380952380952,0.17575757575757575,0.04215116279069767,0.3433403805496829,0.03519417475728155
Acceleration_Dynamics__x__Curvature_Geometry=Uncommon Curvature_Geometry,Acceleration_Dynamics__x__Turning_Dynamics=Normal,330,724,175,0.12276785714285714,0.2693452380952381,0.06510416666666667,0.5303030303030303,0.24171270718232044,1.968859869412356,0.19908987485779295
Acceleration_Dynamics__x__Curvature_Geometry=Uncommon Curvature_Geometry,Acceleration_Dynamics__x__Turning_Dynamics=Uncommon Turning_Dynamics,330,298,97,0.12276785714285714,0.11086309523809523,0.03608630952380952,0.29393939393939394,0.32550335570469796,2.6513727882855402,0.18267419962335216
Acceleration_Dynamics__x__Curvature_Geometry=Uncommon Curvature_Geometry,Curvature_Geometry__x__Spatial_Reach_and_Route=Hybrid,330,1349,224,0.12276785714285714,0.5018601190476191,0.08333333333333333,0.6787878787878788,0.16604892512972572,1.3525439719657657,0.15395189003436427
Acceleration_Dynamics__x__Curvature_Geometry=Uncommon Curvature_Geometry,Curvature_Geometry__x__Spatial_Reach_and_Route=Uncommon Curvature_Geometry,330,321,106,0.12276785714285714,0.11941964285714286,0.03943452380952381,0.3212121212121212,0.3302180685358255,2.6897762673463608,0.1944954128440367
Acceleration_Dynamics__x__Curvature_Geometry=Uncommon Curvature_Geometry,Curvature_Geometry__x__Speed_Dynamics=Hybrid,330,1357,207,0.12276785714285714,0.5048363095238095,0.07700892857142858,0.6272727272727273,0.15254237288135594,1.242526964560863,0.13986486486486485
Acceleration_Dynamics__x__Curvature_Geometry=Uncommon Curvature_Geometry,Curvature_Geometry__x__Speed_Dynamics=Uncommon Curvature_Geometry,330,329,123,0.12276785714285714,0.12239583333333333,0.04575892857142857,0.37272727272727274,0.3738601823708207,3.0452611218568664,0.2294776119402985
Acceleration_Dynamics__x__Curvature_Geometry=Uncommon Curvature_Geometry,Curvature_Geometry__x__Temporal_Sequential_Context=Hybrid,330,1347,216,0.12276785714285714,0.5011160714285714,0.08035714285714286,0.6545454545454545,0.1603563474387528,1.3061753391374775,0.14784394250513347
Acceleration_Dynamics__x__Curvature_Geometry=Uncommon Curvature_Geometry,Curvature_Geometry__x__Temporal_Sequential_Context=Uncommon Curvature_Geometry,330,314,114,0.12276785714285714,0.11681547619047619,0.04241071428571429,0.34545454545454546,0.3630573248407643,2.9572669368847717,0.21509433962264152
Acceleration_Dynamics__x__Curvature_Geometry=Uncommon Curvature_Geometry,Curvature_Geometry__x__Turning_Dynamics=Hybrid,330,1356,215,0.12276785714285714,0.5044642857142857,0.07998511904761904,0.6515151515151515,0.15855457227138642,1.2914990614105657,0.14615907545887152
Acceleration_Dynamics__x__Curvature_Geometry=Uncommon Curvature_Geometry,Curvature_Geometry__x__Turning_Dynamics=Uncommon Curvature_Geometry,330,310,115,0.12276785714285714,0.11532738095238096,0.042782738095238096,0.3484848484848485,0.3709677419354839,3.0217008797653957,0.21904761904761905
Acceleration_Dynamics__x__Curvature_Geometry=Uncommon Curvature_Geometry,Spatial_Reach_and_Route__x__Speed_Dynamics=Hybrid,330,1383,157,0.12276785714285714,0.5145089285714286,0.058407738095238096,0.47575757575757577,0.11352133044107014,0.9246828370472622,0.10089974293059126
Acceleration_Dynamics__x__Curvature_Geometry=Uncommon Curvature_Geometry,Spatial_Reach_and_Route__x__Speed_Dynamics=Normal,330,749,104,0.12276785714285714,0.2786458333333333,0.03869047619047619,0.3151515151515151,0.13885180240320427,1.1310110450297368,0.10666666666666667
Acceleration_Dynamics__x__Curvature_Geometry=Uncommon Curvature_Geometry,Spatial_Reach_and_Route__x__Speed_Dynamics=Uncommon Spatial_Reach_and_Route,330,261,40,0.12276785714285714,0.09709821428571429,0.01488095238095238,0.12121212121212122,0.1532567049808429,1.2483455242075931,0.07259528130671507
Acceleration_Dynamics__x__Curvature_Geometry=Uncommon Curvature_Geometry,Spatial_Reach_and_Route__x__Speed_Dynamics=Uncommon Speed_Dynamics,330,295,29,0.12276785714285714,0.10974702380952381,0.010788690476190476,0.08787878787878788,0.09830508474576272,0.8007395993836671,0.04865771812080537
Acceleration_Dynamics__x__Curvature_Geometry=Uncommon Curvature_Geometry,Spatial_Reach_and_Route__x__Temporal_Sequential_Context=Hybrid,330,1448,170,0.12276785714285714,0.5386904761904762,0.06324404761904762,0.5151515151515151,0.11740331491712708,0.9563033651431442,0.10572139303482588
Acceleration_Dynamics__x__Curvature_Geometry=Uncommon Curvature_Geometry,Spatial_Reach_and_Route__x__Temporal_Sequential_Context=Normal,330,811,110,0.12276785714285714,0.30171130952380953,0.04092261904761905,0.3333333333333333,0.13563501849568435,1.1048088779284833,0.1066925315227934
Acceleration_Dynamics__x__Curvature_Geometry=Uncommon Curvature_Geometry,Spatial_Reach_and_Route__x__Temporal_Sequential_Context=Uncommon Spatial_Reach_and_Route,330,191,32,0.12276785714285714,0.07105654761904762,0.011904761904761904,0.09696969696969697,0.16753926701570682,1.3646834840552118,0.065439672801636
Acceleration_Dynamics__x__Curvature_Geometry=Uncommon Curvature_Geometry,Spatial_Reach_and_Route__x__Temporal_Sequential_Context=Uncommon Temporal_Sequential_Context,330,238,18,0.12276785714285714,0.08854166666666667,0.006696428571428571,0.05454545454545454,0.07563025210084033,0.616042780748663,0.03272727272727273
Acceleration_Dynamics__x__Curvature_Geometry=Uncommon Curvature_Geometry,Spatial_Reach_and_Route__x__Turning_Dynamics=Hybrid,330,1348,149,0.12276785714285714,0.5014880952380952,0.055431547619047616,0.45151515151515154,0.11053412462908012,0.9003506878877798,0.0974493132766514
Acceleration_Dynamics__x__Curvature_Geometry=Uncommon Curvature_Geometry,Spatial_Reach_and_Route__x__Turning_Dynamics=Normal,330,697,93,0.12276785714285714,0.25930059523809523,0.03459821428571429,0.2818181818181818,0.133428981348637,1.0868397026216252,0.09957173447537473
Acceleration_Dynamics__x__Curvature_Geometry=Uncommon Curvature_Geometry,Spatial_Reach_and_Route__x__Turning_Dynamics=Uncommon Spatial_Reach_and_Route,330,311,44,0.12276785714285714,0.11569940476190477,0.01636904761904762,0.13333333333333333,0.1414790996784566,1.152411575562701,0.07370184254606366
Acceleration_Dynamics__x__Curvature_Geometry=Uncommon Curvature_Geometry,Spatial_Reach_and_Route__x__Turning_Dynamics=Uncommon Turning_Dynamics,330,332,44,0.12276785714285714,0.12351190476190477,0.01636904761904762,0.13333333333333333,0.13253012048192772,1.0795180722891566,0.07119741100323625
Acceleration_Dynamics__x__Curvature_Geometry=Uncommon Curvature_Geometry,Speed_Dynamics__x__Temporal_Sequential_Context=Hybrid,330,1412,163,0.12276785714285714,0.5252976190476191,0.06063988095238095,0.49393939393939396,0.11543909348441926,0.940303888745815,0.1032298923369221
Acceleration_Dynamics__x__Curvature_Geometry=Uncommon Curvature_Geometry,Speed_Dynamics__x__Temporal_Sequential_Context=Normal,330,735,104,0.12276785714285714,0.2734375,0.03869047619047619,0.3151515151515151,0.1414965986394558,1.1525541125541126,0.10822060353798127
Acceleration_Dynamics__x__Curvature_Geometry=Uncommon Curvature_Geometry,Speed_Dynamics__x__Temporal_Sequential_Context=Uncommon Speed_Dynamics,330,272,33,0.12276785714285714,0.10119047619047619,0.012276785714285714,0.1,0.1213235294117647,0.9882352941176471,0.05799648506151142
Acceleration_Dynamics__x__Curvature_Geometry=Uncommon Curvature_Geometry,Speed_Dynamics__x__Temporal_Sequential_Context=Uncommon Temporal_Sequential_Context,330,269,30,0.12276785714285714,0.10007440476190477,0.011160714285714286,0.09090909090909091,0.11152416356877323,0.9084150050692802,0.05272407732864675
Acceleration_Dynamics__x__Curvature_Geometry=Uncommon Curvature_Geometry,Speed_Dynamics__x__Turning_Dynamics=Hybrid,330,1377,151,0.12276785714285714,0.5122767857142857,0.05617559523809524,0.4575757575757576,0.10965867828612927,0.8932197794942894,0.09704370179948586
Acceleration_Dynamics__x__Curvature_Geometry=Uncommon Curvature_Geometry,Speed_Dynamics__x__Turning_Dynamics=Normal,330,709,95,0.12276785714285714,0.26376488095238093,0.035342261904761904,0.2878787878787879,0.13399153737658676,1.0914219771765614,0.10063559322033898
Acceleration_Dynamics__x__Curvature_Geometry=Uncommon Curvature_Geometry,Speed_Dynamics__x__Turning_Dynamics=Uncommon Speed_Dynamics,330,301,36,0.12276785714285714,0.11197916666666667,0.013392857142857142,0.10909090909090909,0.11960132890365449,0.9742071881606764,0.06050420168067227
Acceleration_Dynamics__x__Curvature_Geometry=Uncommon Curvature_Geometry,Speed_Dynamics__x__Turning_Dynamics=Uncommon Turning_Dynamics,330,301,48,0.12276785714285714,0.11197916666666667,0.017857142857142856,0.14545454545454545,0.15946843853820597,1.2989429175475686,0.0823327615780446
Acceleration_Dynamics__x__Curvature_Geometry=Uncommon Curvature_Geometry,Temporal_Sequential_Context__x__Turning_Dynamics=Hybrid,330,1386,155,0.12276785714285714,0.515625,0.05766369047619048,0.4696969696969697,0.11183261183261184,0.9109274563820019,0.09929532351057015
Acceleration_Dynamics__x__Curvature_Geometry=Uncommon Curvature_Geometry,Temporal_Sequential_Context__x__Turning_Dynamics=Normal,330,714,106,0.12276785714285714,0.265625,0.03943452380952381,0.3212121212121212,0.1484593837535014,1.2092691622103389,0.11300639658848614
Acceleration_Dynamics__x__Curvature_Geometry=Uncommon Curvature_Geometry,Temporal_Sequential_Context__x__Turning_Dynamics=Uncommon Temporal_Sequential_Context,330,284,27,0.12276785714285714,0.1056547619047619,0.010044642857142858,0.08181818181818182,0.09507042253521127,0.7743918053777209,0.04599659284497445
Acceleration_Dynamics__x__Curvature_Geometry=Uncommon Curvature_Geometry,Temporal_Sequential_Context__x__Turning_Dynamics=Uncommon Turning_Dynamics,330,304,42,0.12276785714285714,0.1130952380952381,0.015625,0.12727272727272726,0.13815789473684212,1.1253588516746411,0.07094594594594594
Acceleration_Dynamics__x__Spatial_Reach_and_Route=Hybrid,Acceleration_Dynamics__x__Speed_Dynamics=Hybrid,1360,1391,959,0.5059523809523809,0.5174851190476191,0.3567708333333333,0.7051470588235295,0.689432063263839,1.3626421956273524,0.53515625
Acceleration_Dynamics__x__Spatial_Reach_and_Route=Hybrid,Acceleration_Dynamics__x__Speed_Dynamics=Normal,1360,731,160,0.5059523809523809,0.27194940476190477,0.05952380952380952,0.11764705882352941,0.2188782489740082,0.43260642150156914,0.08285862247540135
Acceleration_Dynamics__x__Spatial_Reach_and_Route=Hybrid,Acceleration_Dynamics__x__Speed_Dynamics=Uncommon Acceleration_Dynamics,1360,273,187,0.5059523809523809,0.1015625,0.06956845238095238,0.1375,0.684981684981685,1.353846153846154,0.12932226832641772
Acceleration_Dynamics__x__Spatial_Reach_and_Route=Hybrid,Acceleration_Dynamics__x__Speed_Dynamics=Uncommon Speed_Dynamics,1360,293,54,0.5059523809523809,0.10900297619047619,0.020089285714285716,0.039705882352941174,0.18430034129692832,0.36426420397510545,0.03377110694183865
Acceleration_Dynamics__x__Spatial_Reach_and_Route=Hybrid,Acceleration_Dynamics__x__Temporal_Sequential_Context=Hybrid,1360,1439,1042,0.5059523809523809,0.5353422619047619,0.38764880952380953,0.7661764705882353,0.7241139680333565,1.4311899603482812,0.5930563460443938
Acceleration_Dynamics__x__Spatial_Reach_and_Route=Hybrid,Acceleration_Dynamics__x__Temporal_Sequential_Context=Normal,1360,782,153,0.5059523809523809,0.29092261904761907,0.056919642857142856,0.1125,0.1956521739130435,0.3867007672634271,0.07692307692307693
Acceleration_Dynamics__x__Spatial_Reach_and_Route=Hybrid,Acceleration_Dynamics__x__Temporal_Sequential_Context=Uncommon Acceleration_Dynamics,1360,213,118,0.5059523809523809,0.07924107142857142,0.04389880952380952,0.08676470588235294,0.5539906103286385,1.0949461474730737,0.08109965635738832
Acceleration_Dynamics__x__Spatial_Reach_and_Route=Hybrid,Acceleration_Dynamics__x__Temporal_Sequential_Context=Uncommon Temporal_Sequential_Context,1360,254,47,0.5059523809523809,0.09449404761904762,0.017485119047619048,0.03455882352941177,0.18503937007874016,0.3657248726262159,0.029993618379068283
Acceleration_Dynamics__x__Spatial_Reach_and_Route=Hybrid,Acceleration_Dynamics__x__Turning_Dynamics=Hybrid,1360,1376,949,0.5059523809523809,0.5119047619047619,0.35305059523809523,0.6977941176470588,0.6896802325581395,1.3631326949384408,0.5310576385002798
Acceleration_Dynamics__x__Spatial_Reach_and_Route=Hybrid,Acceleration_Dynamics__x__Turning_Dynamics=Normal,1360,724,177,0.5059523809523809,0.2693452380952381,0.06584821428571429,0.13014705882352942,0.24447513812154695,0.48319792005199874,0.09281594126900891
Acceleration_Dynamics__x__Spatial_Reach_and_Route=Hybrid,Acceleration_Dynamics__x__Turning_Dynamics=Uncommon Acceleration_Dynamics,1360,290,195,0.5059523809523809,0.10788690476190477,0.07254464285714286,0.14338235294117646,0.6724137931034483,1.329006085192698,0.13402061855670103
Acceleration_Dynamics__x__Spatial_Reach_and_Route=Hybrid,Acceleration_Dynamics__x__Turning_Dynamics=Uncommon Turning_Dynamics,1360,298,39,0.5059523809523809,0.11086309523809523,0.014508928571428572,0.028676470588235293,0.13087248322147652,0.2586656138965654,0.024088943792464484
Acceleration_Dynamics__x__Spatial_Reach_and_Route=Hybrid,Curvature_Geometry__x__Spatial_Reach_and_Route=Hybrid,1360,1349,891,0.5059523809523809,0.5018601190476191,0.3314732142857143,0.6551470588235294,0.6604892512972572,1.3054375790345791,0.4900990099009901
Acceleration_Dynamics__x__Spatial_Reach_and_Route=Hybrid,Curvature_Geometry__x__Spatial_Reach_and_Route=Normal,1360,693,166,0.5059523809523809,0.2578125,0.061755952380952384,0.12205882352941176,0.23953823953823955,0.47344028520499115,0.08797032326444092
Acceleration_Dynamics__x__Spatial_Reach_and_Route=Hybrid,Curvature_Geometry__x__Spatial_Reach_and_Route=Uncommon Curvature_Geometry,1360,321,57,0.5059523809523809,0.11941964285714286,0.021205357142857144,0.04191176470588235,0.17757009345794392,0.3509620670698186,0.035098522167487683
Acceleration_Dynamics__x__Spatial_Reach_and_Route=Hybrid,Curvature_Geometry__x__Spatial_Reach_and_Route=Uncommon Spatial_Reach_and_Route,1360,325,246,0.5059523809523809,0.1209077380952381,0.09151785714285714,0.18088235294117647,0.7569230769230769,1.4960361990950226,0.17095205003474634
Acceleration_Dynamics__x__Spatial_Reach_and_Route=Hybrid,Curvature_Geometry__x__Speed_Dynamics=Hybrid,1360,1357,703,0.5059523809523809,0.5048363095238095,0.2615327380952381,0.5169117647058824,0.5180545320560059,1.023919545710694,0.3490566037735849
Acceleration_Dynamics__x__Spatial_Reach_and_Route=Hybrid,Curvature_Geometry__x__Speed_Dynamics=Normal,1360,663,315,0.5059523809523809,0.24665178571428573,0.1171875,0.23161764705882354,0.4751131221719457,0.9390471120574927,0.18442622950819673
Acceleration_Dynamics__x__Spatial_Reach_and_Route=Hybrid,Curvature_Geometry__x__Speed_Dynamics=Uncommon Curvature_Geometry,1360,329,150,0.5059523809523809,0.12239583333333333,0.05580357142857143,0.11029411764705882,0.45592705167173253,0.9011264080100126,0.09746588693957114
Acceleration_Dynamics__x__Spatial_Reach_and_Route=Hybrid,Curvature_Geometry__x__Speed_Dynamics=Uncommon Speed_Dynamics,1360,339,192,0.5059523809523809,0.12611607142857142,0.07142857142857142,0.1411764705882353,0.5663716814159292,1.1194169703279542,0.12740544127405443
Acceleration_Dynamics__x__Spatial_Reach_and_Route=Hybrid,Curvature_Geometry__x__Temporal_Sequential_Context=Hybrid,1360,1347,727,0.5059523809523809,0.5011160714285714,0.27046130952380953,0.5345588235294118,0.5397178916109874,1.066736538713481,0.36717171717171715
Acceleration_Dynamics__x__Spatial_Reach_and_Route=Hybrid,Curvature_Geometry__x__Temporal_Sequential_Context=Normal,1360,708,309,0.5059523809523809,0.26339285714285715,0.11495535714285714,0.22720588235294117,0.4364406779661017,0.8626121635094715,0.17566799317794202
Acceleration_Dynamics__x__Spatial_Reach_and_Route=Hybrid,Curvature_Geometry__x__Temporal_Sequential_Context=Uncommon Curvature_Geometry,1360,314,116,0.5059523809523809,0.11681547619047619,0.043154761904761904,0.08529411764705883,0.36942675159235666,0.7301611090295992,0.07445442875481387
Acceleration_Dynamics__x__Spatial_Reach_and_Route=Hybrid,Curvature_Geometry__x__Temporal_Sequential_Context=Uncommon Temporal_Sequential_Context,1360,319,208,0.5059523809523809,0.11867559523809523,0.07738095238095238,0.15294117647058825,0.6520376175548589,1.288733173520192,0.14140040788579197
Acceleration_Dynamics__x__Spatial_Reach_and_Route=Hybrid,Curvature_Geometry__x__Turning_Dynamics=Hybrid,1360,1356,691,0.5059523809523809,0.5044642857142857,0.2570684523809524,0.5080882352941176,0.5095870206489675,1.0071837584591359,0.3412345679012346
Acceleration_Dynamics__x__Spatial_Reach_and_Route=Hybrid,Curvature_Geometry__x__Turning_Dynamics=Normal,1360,699,338,0.5059523809523809,0.26004464285714285,0.12574404761904762,0.2485294117647059,0.48354792560801146,0.9557182529664228,0.19639744334689135
Acceleration_Dynamics__x__Spatial_Reach_and_Route=Hybrid,Curvature_Geometry__x__Turning_Dynamics=Uncommon Curvature_Geometry,1360,310,147,0.5059523809523809,0.11532738095238096,0.0546875,0.10808823529411765,0.47419354838709676,0.9372296015180266,0.09652002626395273
Acceleration_Dynamics__x__Spatial_Reach_and_Route=Hybrid,Curvature_Geometry__x__Turning_Dynamics=Uncommon Turning_Dynamics,1360,323,184,0.5059523809523809,0.12016369047619048,0.06845238095238096,0.13529411764705881,0.5696594427244582,1.1259151338553999,0.12274849899933289
Acceleration_Dynamics__x__Spatial_Reach_and_Route=Hybrid,Spatial_Reach_and_Route__x__Speed_Dynamics=Hybrid,1360,1383,965,0.5059523809523809,0.5145089285714286,0.35900297619047616,0.7095588235294118,0.6977584960231381,1.379099145081026,0.5427446569178853
Acceleration_Dynamics__x__Spatial_Reach_and_Route=Hybrid,Spatial_Reach_and_Route__x__Speed_Dynamics=Normal,1360,749,181,0.5059523809523809,0.2786458333333333,0.06733630952380952,0.13308823529411765,0.2416555407209613,0.47762506871907645,0.09387966804979253
Acceleration_Dynamics__x__Spatial_Reach_and_Route=Hybrid,Spatial_Reach_and_Route__x__Speed_Dynamics=Uncommon Spatial_Reach_and_Route,1360,261,174,0.5059523809523809,0.09709821428571429,0.06473214285714286,0.12794117647058822,0.6666666666666666,1.3176470588235294,0.12024879060124395
Acceleration_Dynamics__x__Spatial_Reach_and_Route=Hybrid,Spatial_Reach_and_Route__x__Speed_Dynamics=Uncommon Speed_Dynamics,1360,295,40,0.5059523809523809,0.10974702380952381,0.01488095238095238,0.029411764705882353,0.13559322033898305,0.26799601196410766,0.02476780185758514
Acceleration_Dynamics__x__Spatial_Reach_and_Route=Hybrid,Spatial_Reach_and_Route__x__Temporal_Sequential_Context=Hybrid,1360,1448,1030,0.5059523809523809,0.5386904761904762,0.38318452380952384,0.7573529411764706,0.7113259668508287,1.405914852128697,0.5793025871766029
Acceleration_Dynamics__x__Spatial_Reach_and_Route=Hybrid,Spatial_Reach_and_Route__x__Temporal_Sequential_Context=Normal,1360,811,168,0.5059523809523809,0.30171130952380953,0.0625,0.12352941176470589,0.20715166461159062,0.40942917240879095,0.08387418871692462
Acceleration_Dynamics__x__Spatial_Reach_and_Route=Hybrid,Spatial_Reach_and_Route__x__Temporal_Sequential_Context=Uncommon Spatial_Reach_and_Route,1360,191,114,0.5059523809523809,0.07105654761904762,0.04241071428571429,0.0838235294117647,0.5968586387434555,1.1796735448105944,0.07933194154488518
Acceleration_Dynamics__x__Spatial_Reach_and_Route=Hybrid,Spatial_Reach_and_Route__x__Temporal_Sequential_Context=Uncommon Temporal_Sequential_Context,1360,238,48,0.5059523809523809,0.08854166666666667,0.017857142857142856,0.03529411764705882,0.20168067226890757,0.3986159169550173,0.03096774193548387
Acceleration_Dynamics__x__Spatial_Reach_and_Route=Hybrid,Spatial_Reach_and_Route__x__Turning_Dynamics=Hybrid,1360,1348,945,0.5059523809523809,0.5014880952380952,0.3515625,0.6948529411764706,0.7010385756676558,1.3855821260254844,0.5360181508791833
Acceleration_Dynamics__x__Spatial_Reach_and_Route=Hybrid,Spatial_Reach_and_Route__x__Turning_Dynamics=Normal,1360,697,144,0.5059523809523809,0.25930059523809523,0.05357142857142857,0.10588235294117647,0.2065997130559541,0.4083382563929446,0.07527443805541036
Acceleration_Dynamics__x__Spatial_Reach_and_Route=Hybrid,Spatial_Reach_and_Route__x__Turning_Dynamics=Uncommon Spatial_Reach_and_Route,1360,311,217,0.5059523809523809,0.11569940476190477,0.08072916666666667,0.15955882352941175,0.6977491961414791,1.3790807641384528,0.14924346629986246
Acceleration_Dynamics__x__Spatial_Reach_and_Route=Hybrid,Spatial_Reach_and_Route__x__Turning_Dynamics=Uncommon Turning_Dynamics,1360,332,54,0.5059523809523809,0.12351190476190477,0.020089285714285716,0.039705882352941174,0.16265060240963855,0.3214741318214033,0.03296703296703297
Acceleration_Dynamics__x__Spatial_Reach_and_Route=Hybrid,Speed_Dynamics__x__Temporal_Sequential_Context=Hybrid,1360,1412,806,0.5059523809523809,0.5252976190476191,0.29985119047619047,0.5926470588235294,0.5708215297450425,1.1282119646725544,0.40996948118006105
Acceleration_Dynamics__x__Spatial_Reach_and_Route=Hybrid,Speed_Dynamics__x__Temporal_Sequential_Context=Normal,1360,735,290,0.5059523809523809,0.2734375,0.10788690476190477,0.21323529411764705,0.3945578231292517,0.7798319327731094,0.16066481994459833
Acceleration_Dynamics__x__Spatial_Reach_and_Route=Hybrid,Speed_Dynamics__x__Temporal_Sequential_Context=Uncommon Speed_Dynamics,1360,272,109,0.5059523809523809,0.10119047619047619,0.04055059523809524,0.08014705882352942,0.4007352941176471,0.7920415224913496,0.07156927117531188
Acceleration_Dynamics__x__Spatial_Reach_and_Route=Hybrid,Speed_Dynamics__x__Temporal_Sequential_Context=Uncommon Temporal_Sequential_Context,1360,269,155,0.5059523809523809,0.10007440476190477,0.05766369047619048,0.11397058823529412,0.5762081784386617,1.138858517384649,0.10515603799185888
Acceleration_Dynamics__x__Spatial_Reach_and_Route=Hybrid,Speed_Dynamics__x__Turning_Dynamics=Hybrid,1360,1377,746,0.5059523809523809,0.5122767857142857,0.2775297619047619,0.5485294117647059,0.541757443718228,1.0707676534666155,0.3746860873932697
Acceleration_Dynamics__x__Spatial_Reach_and_Route=Hybrid,Speed_Dynamics__x__Turning_Dynamics=Normal,1360,709,331,0.5059523809523809,0.26376488095238093,0.12313988095238096,0.24338235294117647,0.46685472496473907,0.9227246328714844,0.1904487917146145
Acceleration_Dynamics__x__Spatial_Reach_and_Route=Hybrid,Speed_Dynamics__x__Turning_Dynamics=Uncommon Speed_Dynamics,1360,301,153,0.5059523809523809,0.11197916666666667,0.056919642857142856,0.1125,0.5083056478405316,1.0046511627906975,0.10145888594164457
Acceleration_Dynamics__x__Spatial_Reach_and_Route=Hybrid,Speed_Dynamics__x__Turning_Dynamics=Uncommon Turning_Dynamics,1360,301,130,0.5059523809523809,0.11197916666666667,0.04836309523809524,0.09558823529411764,0.4318936877076412,0.853625170998632,0.08491182233834095
Acceleration_Dynamics__x__Spatial_Reach_and_Route=Hybrid,Temporal_Sequential_Context__x__Turning_Dynamics=Hybrid,1360,1386,789,0.5059523809523809,0.515625,0.2935267857142857,0.5801470588235295,0.5692640692640693,1.1251336898395723,0.40316811446090955
Acceleration_Dynamics__x__Spatial_Reach_and_Route=Hybrid,Temporal_Sequential_Context__x__Turning_Dynamics=Normal,1360,714,281,0.5059523809523809,0.265625,0.10453869047619048,0.20661764705882352,0.39355742296918766,0.7778546712802769,0.15672058003346348
Acceleration_Dynamics__x__Spatial_Reach_and_Route=Hybrid,Temporal_Sequential_Context__x__Turning_Dynamics=Uncommon Temporal_Sequential_Context,1360,284,176,0.5059523809523809,0.1056547619047619,0.06547619047619048,0.12941176470588237,0.6197183098591549,1.2248550124275064,0.11989100817438691
Acceleration_Dynamics__x__Spatial_Reach_and_Route=Hybrid,Temporal_Sequential_Context__x__Turning_Dynamics=Uncommon Turning_Dynamics,1360,304,114,0.5059523809523809,0.1130952380952381,0.04241071428571429,0.0838235294117647,0.375,0.7411764705882353,0.07354838709677419
Acceleration_Dynamics__x__Spatial_Reach_and_Route=Normal,Acceleration_Dynamics__x__Speed_Dynamics=Hybrid,739,1391,162,0.27492559523809523,0.5174851190476191,0.060267857142857144,0.21921515561569688,0.11646297627606039,0.4236163467253726,0.08231707317073171
Acceleration_Dynamics__x__Spatial_Reach_and_Route=Normal,Acceleration_Dynamics__x__Speed_Dynamics=Normal,739,731,424,0.27492559523809523,0.27194940476190477,0.15773809523809523,0.5737483085250338,0.5800273597811217,2.1097612220455417,0.40535372848948376
Acceleration_Dynamics__x__Spatial_Reach_and_Route=Normal,Acceleration_Dynamics__x__Speed_Dynamics=Uncommon Speed_Dynamics,739,293,153,0.27492559523809523,0.10900297619047619,0.056919642857142856,0.2070365358592693,0.5221843003412969,1.8993658989410096,0.17406143344709898
Acceleration_Dynamics__x__Spatial_Reach_and_Route=Normal,Acceleration_Dynamics__x__Temporal_Sequential_Context=Hybrid,739,1439,139,0.27492559523809523,0.5353422619047619,0.05171130952380952,0.1880920162381597,0.0965948575399583,0.3513490894010933,0.06817067189798921
Acceleration_Dynamics__x__Spatial_Reach_and_Route=Normal,Acceleration_Dynamics__x__Temporal_Sequential_Context=Normal,739,782,490,0.27492559523809523,0.29092261904761907,0.18229166666666666,0.6630581867388363,0.6265984654731458,2.2791565293529303,0.475266731328807
Acceleration_Dynamics__x__Spatial_Reach_and_Route=Normal,Acceleration_Dynamics__x__Temporal_Sequential_Context=Uncommon Temporal_Sequential_Context,739,254,110,0.27492559523809523,0.09449404761904762,0.04092261904761905,0.14884979702300405,0.4330708661417323,1.5752293480229722,0.1245753114382786
Acceleration_Dynamics__x__Spatial_Reach_and_Route=Normal,Acceleration_Dynamics__x__Turning_Dynamics=Hybrid,739,1376,172,0.27492559523809523,0.5119047619047619,0.06398809523809523,0.2327469553450609,0.125,0.45466847090663065,0.0885229027277406
Acceleration_Dynamics__x__Spatial_Reach_and_Route=Normal,Acceleration_Dynamics__x__Turning_Dynamics=Normal,739,724,406,0.27492559523809523,0.2693452380952381,0.15104166666666666,0.5493910690121786,0.5607734806629834,2.039728167824221,0.3841059602649007
Acceleration_Dynamics__x__Spatial_Reach_and_Route=Normal,Acceleration_Dynamics__x__Turning_Dynamics=Uncommon Turning_Dynamics,739,298,161,0.27492559523809523,0.11086309523809523,0.059895833333333336,0.2178619756427605,0.540268456375839,1.9651442635159069,0.18378995433789955
Acceleration_Dynamics__x__Spatial_Reach_and_Route=Normal,Curvature_Geometry__x__Spatial_Reach_and_Route=Hybrid,739,1349,187,0.27492559523809523,0.5018601190476191,0.06956845238095238,0.2530446549391069,0.13862120088954782,0.5042135155495325,0.09836927932667017
Acceleration_Dynamics__x__Spatial_Reach_and_Route=Normal,Curvature_Geometry__x__Spatial_Reach_and_Route=Normal,739,693,380,0.27492559523809523,0.2578125,0.14136904761904762,0.5142083897158322,0.5483405483405484,1.9945052692008038,0.3612167300380228
Acceleration_Dynamics__x__Spatial_Reach_and_Route=Normal,Curvature_Geometry__x__Spatial_Reach_and_Route=Uncommon Curvature_Geometry,739,321,172,0.27492559523809523,0.11941964285714286,0.06398809523809523,0.2327469553450609,0.5358255451713395,1.9489838503661172,0.19369369369369369
Acceleration_Dynamics__x__Spatial_Reach_and_Route=Normal,Curvature_Geometry__x__Speed_Dynamics=Hybrid,739,1357,338,0.27492559523809523,0.5048363095238095,0.12574404761904762,0.45737483085250336,0.24907885040530583,0.9059864003916943,0.19226393629124006
Acceleration_Dynamics__x__Spatial_Reach_and_Route=Normal,Curvature_Geometry__x__Speed_Dynamics=Normal,739,663,211,0.27492559523809523,0.24665178571428573,0.07849702380952381,0.2855209742895805,0.31825037707390647,1.1575872984772133,0.17716204869857263
Acceleration_Dynamics__x__Spatial_Reach_and_Route=Normal,Curvature_Geometry__x__Speed_Dynamics=Uncommon Curvature_Geometry,739,329,108,0.27492559523809523,0.12239583333333333,0.04017857142857143,0.14614343707713126,0.3282674772036474,1.194022975268477,0.1125
Acceleration_Dynamics__x__Spatial_Reach_and_Route=Normal,Curvature_Geometry__x__Speed_Dynamics=Uncommon Speed_Dynamics,739,339,82,0.27492559523809523,0.12611607142857142,0.03050595238095238,0.11096075778078485,0.24188790560471976,0.8798304333768426,0.0823293172690763
Acceleration_Dynamics__x__Spatial_Reach_and_Route=Normal,Curvature_Geometry__x__Temporal_Sequential_Context=Hybrid,739,1347,311,0.27492559523809523,0.5011160714285714,0.11569940476190477,0.4208389715832206,0.23088344469190794,0.8398033820458033,0.1752112676056338
Acceleration_Dynamics__x__Spatial_Reach_and_Route=Normal,Curvature_Geometry__x__Temporal_Sequential_Context=Normal,739,708,263,0.27492559523809523,0.26339285714285715,0.0978422619047619,0.35588633288227334,0.3714689265536723,1.3511616706038854,0.22212837837837837
Acceleration_Dynamics__x__Spatial_Reach_and_Route=Normal,Curvature_Geometry__x__Temporal_Sequential_Context=Uncommon Curvature_Geometry,739,314,122,0.27492559523809523,0.11681547619047619,0.04538690476190476,0.16508795669824086,0.3885350318471338,1.4132370305887627,0.1310418904403867
Acceleration_Dynamics__x__Spatial_Reach_and_Route=Normal,Curvature_Geometry__x__Temporal_Sequential_Context=Uncommon Temporal_Sequential_Context,739,319,43,0.27492559523809523,0.11867559523809523,0.015997023809523808,0.058186738836265225,0.13479623824451412,0.4903007962127928,0.042364532019704436
Acceleration_Dynamics__x__Spatial_Reach_and_Route=Normal,Curvature_Geometry__x__Turning_Dynamics=Hybrid,739,1356,349,0.27492559523809523,0.5044642857142857,0.12983630952380953,0.4722598105548038,0.25737463126843657,0.9361610403918236,0.19988545246277206
Acceleration_Dynamics__x__Spatial_Reach_and_Route=Normal,Curvature_Geometry__x__Turning_Dynamics=Normal,739,699,226,0.27492559523809523,0.26004464285714285,0.08407738095238096,0.30581867388362655,0.32331902718168815,1.1760237416297399,0.18646864686468648
Acceleration_Dynamics__x__Spatial_Reach_and_Route=Normal,Curvature_Geometry__x__Turning_Dynamics=Uncommon Curvature_Geometry,739,310,95,0.27492559523809523,0.11532738095238096,0.035342261904761904,0.12855209742895804,0.3064516129032258,1.1146710899646426,0.09958071278825996
Acceleration_Dynamics__x__Spatial_Reach_and_Route=Normal,Curvature_Geometry__x__Turning_Dynamics=Uncommon Turning_Dynamics,739,323,69,0.27492559523809523,0.12016369047619048,0.025669642857142856,0.09336941813261164,0.21362229102167182,0.777018563283158,0.06948640483383686
Acceleration_Dynamics__x__Spatial_Reach_and_Route=Normal,Spatial_Reach_and_Route__x__Speed_Dynamics=Hybrid,739,1383,160,0.27492559523809523,0.5145089285714286,0.05952380952380952,0.2165087956698241,0.11569052783803326,0.4208066831239965,0.08154943934760449
Acceleration_Dynamics__x__Spatial_Reach_and_Route=Normal,Spatial_Reach_and_Route__x__Speed_Dynamics=Normal,739,749,424,0.27492559523809523,0.2786458333333333,0.15773809523809523,0.5737483085250338,0.5660881174899867,2.059059350220682,0.39849624060150374
Acceleration_Dynamics__x__Spatial_Reach_and_Route=Normal,Spatial_Reach_and_Route__x__Speed_Dynamics=Uncommon Speed_Dynamics,739,295,155,0.27492559523809523,0.10974702380952381,0.05766369047619048,0.20974289580514208,0.5254237288135594,1.9111488268617693,0.17633674630261661
Acceleration_Dynamics__x__Spatial_Reach_and_Route=Normal,Spatial_Reach_and_Route__x__Temporal_Sequential_Context=Hybrid,739,1448,150,0.27492559523809523,0.5386904761904762,0.05580357142857143,0.2029769959404601,0.10359116022099447,0.3767970753369867,0.07363770250368189
Acceleration_Dynamics__x__Spatial_Reach_and_Route=Normal,Spatial_Reach_and_Route__x__Temporal_Sequential_Context=Normal,739,811,490,0.27492559523809523,0.30171130952380953,0.18229166666666666,0.6630581867388363,0.6041923551171393,2.1976577138766853,0.46226415094339623
Acceleration_Dynamics__x__Spatial_Reach_and_Route=Normal,Spatial_Reach_and_Route__x__Temporal_Sequential_Context=Uncommon Temporal_Sequential_Context,739,238,99,0.27492559523809523,0.08854166666666667,0.036830357142857144,0.13396481732070364,0.41596638655462187,1.5130144073867706,0.11275626423690205
Acceleration_Dynamics__x__Spatial_Reach_and_Route=Normal,Spatial_Reach_and_Route__x__Turning_Dynamics=Hybrid,739,1348,156,0.27492559523809523,0.5014880952380952,0.05803571428571429,0.21109607577807848,0.11572700296735905,0.42093935585420994,0.08078715691351632
Acceleration_Dynamics__x__Spatial_Reach_and_Route=Normal,Spatial_Reach_and_Route__x__Turning_Dynamics=Normal,739,697,406,0.27492559523809523,0.25930059523809523,0.15104166666666666,0.5493910690121786,0.5824964131994261,2.1187420279838394,0.3941747572815534
Acceleration_Dynamics__x__Spatial_Reach_and_Route=Normal,Spatial_Reach_and_Route__x__Turning_Dynamics=Uncommon Turning_Dynamics,739,332,177,0.27492559523809523,0.12351190476190477,0.06584821428571429,0.2395128552097429,0.5331325301204819,1.9391884180837013,0.19798657718120805
Acceleration_Dynamics__x__Spatial_Reach_and_Route=Normal,Speed_Dynamics__x__Temporal_Sequential_Context=Hybrid,739,1412,288,0.27492559523809523,0.5252976190476191,0.10714285714285714,0.38971583220568334,0.20396600566572237,0.7418952953037371,0.15458937198067632
Acceleration_Dynamics__x__Spatial_Reach_and_Route=Normal,Speed_Dynamics__x__Temporal_Sequential_Context=Normal,739,735,294,0.27492559523809523,0.2734375,0.109375,0.39783491204330174,0.4,1.4549391069012179,0.24915254237288137
Acceleration_Dynamics__x__Spatial_Reach_and_Route=Normal,Speed_Dynamics__x__Temporal_Sequential_Context=Uncommon Speed_Dynamics,739,272,102,0.27492559523809523,0.10119047619047619,0.03794642857142857,0.13802435723951287,0.375,1.3640054127198917,0.11221122112211221
Acceleration_Dynamics__x__Spatial_Reach_and_Route=Normal,Speed_Dynamics__x__Temporal_Sequential_Context=Uncommon Temporal_Sequential_Context,739,269,55,0.27492559523809523,0.10007440476190477,0.020461309523809524,0.07442489851150202,0.20446096654275092,0.7436956401446746,0.05771248688352571
Acceleration_Dynamics__x__Spatial_Reach_and_Route=Normal,Speed_Dynamics__x__Turning_Dynamics=Hybrid,739,1377,324,0.27492559523809523,0.5122767857142857,0.12053571428571429,0.43843031123139375,0.23529411764705882,0.8558465334713047,0.18080357142857142
Acceleration_Dynamics__x__Spatial_Reach_and_Route=Normal,Speed_Dynamics__x__Turning_Dynamics=Normal,739,709,234,0.27492559523809523,0.26376488095238093,0.08705357142857142,0.3166441136671177,0.3300423131170663,1.2004786707153914,0.1927512355848435
Acceleration_Dynamics__x__Spatial_Reach_and_Route=Normal,Speed_Dynamics__x__Turning_Dynamics=Uncommon Speed_Dynamics,739,301,83,0.27492559523809523,0.11197916666666667,0.030877976190476192,0.11231393775372124,0.2757475083056478,1.0029895836611387,0.08672936259143156
Acceleration_Dynamics__x__Spatial_Reach_and_Route=Normal,Speed_Dynamics__x__Turning_Dynamics=Uncommon Turning_Dynamics,739,301,98,0.27492559523809523,0.11197916666666667,0.036458333333333336,0.13261163734776726,0.32558139534883723,1.184252761431224,0.1040339702760085
Acceleration_Dynamics__x__Spatial_Reach_and_Route=Normal,Temporal_Sequential_Context__x__Turning_Dynamics=Hybrid,739,1386,282,0.27492559523809523,0.515625,0.10491071428571429,0.38159675236806495,0.20346320346320346,0.7400664288350352,0.15301139446554532
Acceleration_Dynamics__x__Spatial_Reach_and_Route=Normal,Temporal_Sequential_Context__x__Turning_Dynamics=Normal,739,714,282,0.27492559523809523,0.265625,0.10491071428571429,0.38159675236806495,0.3949579831932773,1.4365995383268328,0.2408198121263877
Acceleration_Dynamics__x__Spatial_Reach_and_Route=Normal,Temporal_Sequential_Context__x__Turning_Dynamics=Uncommon Temporal_Sequential_Context,739,284,56,0.27492559523809523,0.1056547619047619,0.020833333333333332,0.07577807848443843,0.19718309859154928,0.7172235034020088,0.057911065149948295
Acceleration_Dynamics__x__Spatial_Reach_and_Route=Normal,Temporal_Sequential_Context__x__Turning_Dynamics=Uncommon Turning_Dynamics,739,304,119,0.27492559523809523,0.1130952380952381,0.044270833333333336,0.16102841677943167,0.39144736842105265,1.4238302115233958,0.12878787878787878
Acceleration_Dynamics__x__Spatial_Reach_and_Route=Uncommon Acceleration_Dynamics,Acceleration_Dynamics__x__Speed_Dynamics=Hybrid,295,1391,209,0.10974702380952381,0.5174851190476191,0.07775297619047619,0.7084745762711865,0.15025161754133717,1.3690723659359807,0.14150304671631686
Acceleration_Dynamics__x__Spatial_Reach_and_Route=Uncommon Acceleration_Dynamics,Acceleration_Dynamics__x__Speed_Dynamics=Uncommon Acceleration_Dynamics,295,273,86,0.10974702380952381,0.1015625,0.031994047619047616,0.29152542372881357,0.315018315018315,2.870404172099087,0.17842323651452283
Acceleration_Dynamics__x__Spatial_Reach_and_Route=Uncommon Acceleration_Dynamics,Acceleration_Dynamics__x__Temporal_Sequential_Context=Hybrid,295,1439,200,0.10974702380952381,0.5353422619047619,0.0744047619047619,0.6779661016949152,0.13898540653231412,1.2664161788435944,0.1303780964797914
Acceleration_Dynamics__x__Spatial_Reach_and_Route=Uncommon Acceleration_Dynamics,Acceleration_Dynamics__x__Temporal_Sequential_Context=Uncommon Acceleration_Dynamics,295,213,95,0.10974702380952381,0.07924107142857142,0.035342261904761904,0.3220338983050847,0.4460093896713615,4.063977082835999,0.23002421307506055
Acceleration_Dynamics__x__Spatial_Reach_and_Route=Uncommon Acceleration_Dynamics,Acceleration_Dynamics__x__Turning_Dynamics=Hybrid,295,1376,200,0.10974702380952381,0.5119047619047619,0.0744047619047619,0.6779661016949152,0.14534883720930233,1.3243988963342532,0.13596193065941536
Acceleration_Dynamics__x__Spatial_Reach_and_Route=Uncommon Acceleration_Dynamics,Acceleration_Dynamics__x__Turning_Dynamics=Uncommon Acceleration_Dynamics,295,290,95,0.10974702380952381,0.10788690476190477,0.035342261904761904,0.3220338983050847,0.3275862068965517,2.9849210987726473,0.19387755102040816
Acceleration_Dynamics__x__Spatial_Reach_and_Route=Uncommon Acceleration_Dynamics,Curvature_Geometry__x__Spatial_Reach_and_Route=Hybrid,295,1349,56,0.10974702380952381,0.5018601190476191,0.020833333333333332,0.18983050847457628,0.04151223128243143,0.37825382266839214,0.03526448362720403
Acceleration_Dynamics__x__Spatial_Reach_and_Route=Uncommon Acceleration_Dynamics,Curvature_Geometry__x__Spatial_Reach_and_Route=Normal,295,693,147,0.10974702380952381,0.2578125,0.0546875,0.49830508474576274,0.21212121212121213,1.9328197226502313,0.17479191438763378
Acceleration_Dynamics__x__Spatial_Reach_and_Route=Uncommon Acceleration_Dynamics,Curvature_Geometry__x__Spatial_Reach_and_Route=Uncommon Curvature_Geometry,295,321,92,0.10974702380952381,0.11941964285714286,0.03422619047619048,0.31186440677966104,0.2866043613707165,2.6115000792016474,0.17557251908396945
Acceleration_Dynamics__x__Spatial_Reach_and_Route=Uncommon Acceleration_Dynamics,Curvature_Geometry__x__Speed_Dynamics=Hybrid,295,1357,155,0.10974702380952381,0.5048363095238095,0.05766369047619048,0.5254237288135594,0.11422254974207811,1.040780385446461,0.10354041416165664
Acceleration_Dynamics__x__Spatial_Reach_and_Route=Uncommon Acceleration_Dynamics,Curvature_Geometry__x__Speed_Dynamics=Normal,295,663,64,0.10974702380952381,0.24665178571428573,0.023809523809523808,0.21694915254237288,0.09653092006033183,0.8795766546514303,0.07158836689038031
Acceleration_Dynamics__x__Spatial_Reach_and_Route=Uncommon Acceleration_Dynamics,Curvature_Geometry__x__Speed_Dynamics=Uncommon Curvature_Geometry,295,329,36,0.10974702380952381,0.12239583333333333,0.013392857142857142,0.12203389830508475,0.1094224924012158,0.9970429138117562,0.061224489795918366
Acceleration_Dynamics__x__Spatial_Reach_and_Route=Uncommon Acceleration_Dynamics,Curvature_Geometry__x__Speed_Dynamics=Uncommon Speed_Dynamics,295,339,40,0.10974702380952381,0.12611607142857142,0.01488095238095238,0.13559322033898305,0.11799410029498525,1.0751462426878655,0.06734006734006734
Acceleration_Dynamics__x__Spatial_Reach_and_Route=Uncommon Acceleration_Dynamics,Curvature_Geometry__x__Temporal_Sequential_Context=Hybrid,295,1347,143,0.10974702380952381,0.5011160714285714,0.05319940476190476,0.4847457627118644,0.10616184112843356,0.9673323015363708,0.09539693128752502
Acceleration_Dynamics__x__Spatial_Reach_and_Route=Uncommon Acceleration_Dynamics,Curvature_Geometry__x__Temporal_Sequential_Context=Normal,295,708,68,0.10974702380952381,0.26339285714285715,0.025297619047619048,0.2305084745762712,0.096045197740113,0.8751508187302499,0.07272727272727272
Acceleration_Dynamics__x__Spatial_Reach_and_Route=Uncommon Acceleration_Dynamics,Curvature_Geometry__x__Temporal_Sequential_Context=Uncommon Curvature_Geometry,295,314,39,0.10974702380952381,0.11681547619047619,0.014508928571428572,0.13220338983050847,0.12420382165605096,1.1317283817337795,0.06842105263157895
Acceleration_Dynamics__x__Spatial_Reach_and_Route=Uncommon Acceleration_Dynamics,Curvature_Geometry__x__Temporal_Sequential_Context=Uncommon Temporal_Sequential_Context,295,319,45,0.10974702380952381,0.11867559523809523,0.016741071428571428,0.15254237288135594,0.14106583072100312,1.2853727219595132,0.07908611599297012
Acceleration_Dynamics__x__Spatial_Reach_and_Route=Uncommon Acceleration_Dynamics,Curvature_Geometry__x__Turning_Dynamics=Hybrid,295,1356,152,0.10974702380952381,0.5044642857142857,0.05654761904761905,0.5152542372881356,0.11209439528023599,1.0213889305534722,0.10140093395597065
Acceleration_Dynamics__x__Spatial_Reach_and_Route=Uncommon Acceleration_Dynamics,Curvature_Geometry__x__Turning_Dynamics=Normal,295,699,74,0.10974702380952381,0.26004464285714285,0.027529761904761904,0.25084745762711863,0.10586552217453506,0.9646322834072889,0.08043478260869565
Acceleration_Dynamics__x__Spatial_Reach_and_Route=Uncommon Acceleration_Dynamics,Curvature_Geometry__x__Turning_Dynamics=Uncommon Curvature_Geometry,295,310,29,0.10974702380952381,0.11532738095238096,0.010788690476190476,0.09830508474576272,0.0935483870967742,0.8524002186987425,0.050347222222222224
Acceleration_Dynamics__x__Spatial_Reach_and_Route=Uncommon Acceleration_Dynamics,Curvature_Geometry__x__Turning_Dynamics=Uncommon Turning_Dynamics,295,323,40,0.10974702380952381,0.12016369047619048,0.01488095238095238,0.13559322033898305,0.1238390092879257,1.128404260901506,0.06920415224913495
Acceleration_Dynamics__x__Spatial_Reach_and_Route=Uncommon Acceleration_Dynamics,Spatial_Reach_and_Route__x__Speed_Dynamics=Hybrid,295,1383,51,0.10974702380952381,0.5145089285714286,0.018973214285714284,0.17288135593220338,0.0368763557483731,0.33601235339534535,0.0313460356484327
Acceleration_Dynamics__x__Spatial_Reach_and_Route=Uncommon Acceleration_Dynamics,Spatial_Reach_and_Route__x__Speed_Dynamics=Normal,295,749,144,0.10974702380952381,0.2786458333333333,0.05357142857142857,0.488135593220339,0.19225634178905207,1.7518137177253288,0.16
Acceleration_Dynamics__x__Spatial_Reach_and_Route=Uncommon Acceleration_Dynamics,Spatial_Reach_and_Route__x__Speed_Dynamics=Uncommon Speed_Dynamics,295,295,100,0.10974702380952381,0.10974702380952381,0.03720238095238095,0.3389830508474576,0.3389830508474576,3.088767595518529,0.20408163265306123
Acceleration_Dynamics__x__Spatial_Reach_and_Route=Uncommon Acceleration_Dynamics,Spatial_Reach_and_Route__x__Temporal_Sequential_Context=Hybrid,295,1448,51,0.10974702380952381,0.5386904761904762,0.018973214285714284,0.17288135593220338,0.03522099447513812,0.32092892592939415,0.030141843971631204
Acceleration_Dynamics__x__Spatial_Reach_and_Route=Uncommon Acceleration_Dynamics,Spatial_Reach_and_Route__x__Temporal_Sequential_Context=Normal,295,811,153,0.10974702380952381,0.30171130952380953,0.056919642857142856,0.5186440677966102,0.18865598027127004,1.7190077117599114,0.16054564533053514
Acceleration_Dynamics__x__Spatial_Reach_and_Route=Uncommon Acceleration_Dynamics,Spatial_Reach_and_Route__x__Temporal_Sequential_Context=Uncommon Temporal_Sequential_Context,295,238,91,0.10974702380952381,0.08854166666666667,0.033854166666666664,0.30847457627118646,0.38235294117647056,3.4839481555333993,0.20588235294117646
Acceleration_Dynamics__x__Spatial_Reach_and_Route=Uncommon Acceleration_Dynamics,Spatial_Reach_and_Route__x__Turning_Dynamics=Hybrid,295,1348,47,0.10974702380952381,0.5014880952380952,0.017485119047619048,0.15932203389830507,0.034866468842729974,0.31769853643816326,0.02944862155388471
Acceleration_Dynamics__x__Spatial_Reach_and_Route=Uncommon Acceleration_Dynamics,Spatial_Reach_and_Route__x__Turning_Dynamics=Normal,295,697,147,0.10974702380952381,0.25930059523809523,0.0546875,0.49830508474576274,0.2109038737446198,1.9217275004255525,0.1739644970414201
Acceleration_Dynamics__x__Spatial_Reach_and_Route=Uncommon Acceleration_Dynamics,Spatial_Reach_and_Route__x__Turning_Dynamics=Uncommon Turning_Dynamics,295,332,101,0.10974702380952381,0.12351190476190477,0.03757440476190476,0.3423728813559322,0.3042168674698795,2.7719828466408,0.1920152091254753
Acceleration_Dynamics__x__Spatial_Reach_and_Route=Uncommon Acceleration_Dynamics,Speed_Dynamics__x__Temporal_Sequential_Context=Hybrid,295,1412,151,0.10974702380952381,0.5252976190476191,0.05617559523809524,0.511864406779661,0.10694050991501416,0.974427425937485,0.09704370179948586
Acceleration_Dynamics__x__Spatial_Reach_and_Route=Uncommon Acceleration_Dynamics,Speed_Dynamics__x__Temporal_Sequential_Context=Normal,295,735,80,0.10974702380952381,0.2734375,0.02976190476190476,0.2711864406779661,0.10884353741496598,0.9917675544794188,0.08421052631578947
Acceleration_Dynamics__x__Spatial_Reach_and_Route=Uncommon Acceleration_Dynamics,Speed_Dynamics__x__Temporal_Sequential_Context=Uncommon Speed_Dynamics,295,272,34,0.10974702380952381,0.10119047619047619,0.012648809523809524,0.1152542372881356,0.125,1.1389830508474577,0.06378986866791744
Acceleration_Dynamics__x__Spatial_Reach_and_Route=Uncommon Acceleration_Dynamics,Speed_Dynamics__x__Temporal_Sequential_Context=Uncommon Temporal_Sequential_Context,295,269,30,0.10974702380952381,0.10007440476190477,0.011160714285714286,0.1016949152542373,0.11152416356877323,1.0161930565181778,0.056179775280898875
Acceleration_Dynamics__x__Spatial_Reach_and_Route=Uncommon Acceleration_Dynamics,Speed_Dynamics__x__Turning_Dynamics=Hybrid,295,1377,154,0.10974702380952381,0.5122767857142857,0.057291666666666664,0.5220338983050847,0.11183732752360204,1.0190465640116686,0.10144927536231885
Acceleration_Dynamics__x__Spatial_Reach_and_Route=Uncommon Acceleration_Dynamics,Speed_Dynamics__x__Turning_Dynamics=Normal,295,709,74,0.10974702380952381,0.26376488095238093,0.027529761904761904,0.25084745762711863,0.10437235543018336,0.9510267504960437,0.07956989247311828
Acceleration_Dynamics__x__Spatial_Reach_and_Route=Uncommon Acceleration_Dynamics,Speed_Dynamics__x__Turning_Dynamics=Uncommon Speed_Dynamics,295,301,31,0.10974702380952381,0.11197916666666667,0.011532738095238096,0.10508474576271186,0.10299003322259136,0.9384312179739851,0.05486725663716814
Acceleration_Dynamics__x__Spatial_Reach_and_Route=Uncommon Acceleration_Dynamics,Speed_Dynamics__x__Turning_Dynamics=Uncommon Turning_Dynamics,295,301,36,0.10974702380952381,0.11197916666666667,0.013392857142857142,0.12203389830508475,0.11960132890365449,1.0897910918407567,0.06428571428571428
Acceleration_Dynamics__x__Spatial_Reach_and_Route=Uncommon Acceleration_Dynamics,Temporal_Sequential_Context__x__Turning_Dynamics=Hybrid,295,1386,149,0.10974702380952381,0.515625,0.055431547619047616,0.5050847457627119,0.1075036075036075,0.9795582948125321,0.09725848563968668
Acceleration_Dynamics__x__Spatial_Reach_and_Route=Uncommon Acceleration_Dynamics,Temporal_Sequential_Context__x__Turning_Dynamics=Normal,295,714,83,0.10974702380952381,0.265625,0.030877976190476192,0.28135593220338984,0.11624649859943978,1.059222333000997,0.08963282937365011
Acceleration_Dynamics__x__Spatial_Reach_and_Route=Uncommon Acceleration_Dynamics,Temporal_Sequential_Context__x__Turning_Dynamics=Uncommon Temporal_Sequential_Context,295,284,25,0.10974702380952381,0.1056547619047619,0.009300595238095238,0.0847457627118644,0.0880281690140845,0.8021007400334208,0.04512635379061372
Acceleration_Dynamics__x__Spatial_Reach_and_Route=Uncommon Acceleration_Dynamics,Temporal_Sequential_Context__x__Turning_Dynamics=Uncommon Turning_Dynamics,295,304,38,0.10974702380952381,0.1130952380952381,0.014136904761904762,0.1288135593220339,0.125,1.1389830508474577,0.0677361853832442
Acceleration_Dynamics__x__Spatial_Reach_and_Route=Uncommon Spatial_Reach_and_Route,Acceleration_Dynamics__x__Speed_Dynamics=Hybrid,294,1391,61,0.109375,0.5174851190476191,0.02269345238095238,0.20748299319727892,0.04385334291876348,0.4009448495429804,0.037561576354679806
Acceleration_Dynamics__x__Spatial_Reach_and_Route=Uncommon Spatial_Reach_and_Route,Acceleration_Dynamics__x__Speed_Dynamics=Normal,294,731,147,0.109375,0.27194940476190477,0.0546875,0.5,0.20109439124487005,1.8385772913816687,0.1674259681093394
Acceleration_Dynamics__x__Spatial_Reach_and_Route=Uncommon Spatial_Reach_and_Route,Acceleration_Dynamics__x__Speed_Dynamics=Uncommon Speed_Dynamics,294,293,86,0.109375,0.10900297619047619,0.031994047619047616,0.2925170068027211,0.2935153583617747,2.6835689907362257,0.17165668662674652
Acceleration_Dynamics__x__Spatial_Reach_and_Route=Uncommon Spatial_Reach_and_Route,Acceleration_Dynamics__x__Temporal_Sequential_Context=Hybrid,294,1439,58,0.109375,0.5353422619047619,0.021577380952380952,0.19727891156462585,0.04030576789437109,0.36850987789139283,0.03462686567164179
Acceleration_Dynamics__x__Spatial_Reach_and_Route=Uncommon Spatial_Reach_and_Route,Acceleration_Dynamics__x__Temporal_Sequential_Context=Normal,294,782,139,0.109375,0.29092261904761907,0.05171130952380952,0.47278911564625853,0.17774936061381075,1.6251370113262693,0.14834578441835647
Acceleration_Dynamics__x__Spatial_Reach_and_Route=Uncommon Spatial_Reach_and_Route,Acceleration_Dynamics__x__Temporal_Sequential_Context=Uncommon Temporal_Sequential_Context,294,254,97,0.109375,0.09449404761904762,0.03608630952380952,0.3299319727891156,0.38188976377952755,3.4915635545556807,0.21507760532150777
Acceleration_Dynamics__x__Spatial_Reach_and_Route=Uncommon Spatial_Reach_and_Route,Acceleration_Dynamics__x__Turning_Dynamics=Hybrid,294,1376,55,0.109375,0.5119047619047619,0.020461309523809524,0.1870748299319728,0.03997093023255814,0.3654485049833887,0.034055727554179564
Acceleration_Dynamics__x__Spatial_Reach_and_Route=Uncommon Spatial_Reach_and_Route,Acceleration_Dynamics__x__Turning_Dynamics=Normal,294,724,141,0.109375,0.2693452380952381,0.052455357142857144,0.47959183673469385,0.19475138121546962,1.780584056827151,0.16077537058152794
Acceleration_Dynamics__x__Spatial_Reach_and_Route=Uncommon Spatial_Reach_and_Route,Acceleration_Dynamics__x__Turning_Dynamics=Uncommon Turning_Dynamics,294,298,98,0.109375,0.11086309523809523,0.036458333333333336,0.3333333333333333,0.3288590604026846,3.0067114093959737,0.19838056680161945
Acceleration_Dynamics__x__Spatial_Reach_and_Route=Uncommon Spatial_Reach_and_Route,Curvature_Geometry__x__Spatial_Reach_and_Route=Hybrid,294,1349,215,0.109375,0.5018601190476191,0.07998511904761904,0.7312925170068028,0.15937731653076354,1.457164036852695,0.15056022408963585
Acceleration_Dynamics__x__Spatial_Reach_and_Route=Uncommon Spatial_Reach_and_Route,Curvature_Geometry__x__Spatial_Reach_and_Route=Uncommon Spatial_Reach_and_Route,294,325,79,0.109375,0.1209077380952381,0.029389880952380952,0.2687074829931973,0.24307692307692308,2.2224175824175827,0.14629629629629629
Acceleration_Dynamics__x__Spatial_Reach_and_Route=Uncommon Spatial_Reach_and_Route,Curvature_Geometry__x__Speed_Dynamics=Hybrid,294,1357,161,0.109375,0.5048363095238095,0.059895833333333336,0.5476190476190477,0.11864406779661017,1.0847457627118644,0.10805369127516778
Acceleration_Dynamics__x__Spatial_Reach_and_Route=Uncommon Spatial_Reach_and_Route,Curvature_Geometry__x__Speed_Dynamics=Normal,294,663,73,0.109375,0.24665178571428573,0.027157738095238096,0.24829931972789115,0.11010558069381599,1.006679594914889,0.08257918552036199
Acceleration_Dynamics__x__Spatial_Reach_and_Route=Uncommon Spatial_Reach_and_Route,Curvature_Geometry__x__Speed_Dynamics=Uncommon Curvature_Geometry,294,329,35,0.109375,0.12239583333333333,0.013020833333333334,0.11904761904761904,0.10638297872340426,0.9726443768996962,0.05952380952380952
Acceleration_Dynamics__x__Spatial_Reach_and_Route=Uncommon Spatial_Reach_and_Route,Curvature_Geometry__x__Speed_Dynamics=Uncommon Speed_Dynamics,294,339,25,0.109375,0.12611607142857142,0.009300595238095238,0.08503401360544217,0.07374631268436578,0.67425200168563,0.04111842105263158
Acceleration_Dynamics__x__Spatial_Reach_and_Route=Uncommon Spatial_Reach_and_Route,Curvature_Geometry__x__Temporal_Sequential_Context=Hybrid,294,1347,166,0.109375,0.5011160714285714,0.061755952380952384,0.564625850340136,0.12323682256867112,1.1267366634849931,0.11254237288135593
Acceleration_Dynamics__x__Spatial_Reach_and_Route=Uncommon Spatial_Reach_and_Route,Curvature_Geometry__x__Temporal_Sequential_Context=Normal,294,708,68,0.109375,0.26339285714285715,0.025297619047619048,0.23129251700680273,0.096045197740113,0.8781275221953189,0.0728051391862955
Acceleration_Dynamics__x__Spatial_Reach_and_Route=Uncommon Spatial_Reach_and_Route,Curvature_Geometry__x__Temporal_Sequential_Context=Uncommon Curvature_Geometry,294,314,37,0.109375,0.11681547619047619,0.013764880952380952,0.12585034013605442,0.1178343949044586,1.0773430391264784,0.0647985989492119
Acceleration_Dynamics__x__Spatial_Reach_and_Route=Uncommon Spatial_Reach_and_Route,Curvature_Geometry__x__Temporal_Sequential_Context=Uncommon Temporal_Sequential_Context,294,319,23,0.109375,0.11867559523809523,0.00855654761904762,0.0782312925170068,0.07210031347962383,0.6592028660994179,0.03898305084745763
Acceleration_Dynamics__x__Spatial_Reach_and_Route=Uncommon Spatial_Reach_and_Route,Curvature_Geometry__x__Turning_Dynamics=Hybrid,294,1356,164,0.109375,0.5044642857142857,0.06101190476190476,0.5578231292517006,0.12094395280235988,1.105773282764433,0.11036339165545088
Acceleration_Dynamics__x__Spatial_Reach_and_Route=Uncommon Spatial_Reach_and_Route,Curvature_Geometry__x__Turning_Dynamics=Normal,294,699,61,0.109375,0.26004464285714285,0.02269345238095238,0.20748299319727892,0.08726752503576538,0.797874514612712,0.06545064377682404
Acceleration_Dynamics__x__Spatial_Reach_and_Route=Uncommon Spatial_Reach_and_Route,Curvature_Geometry__x__Turning_Dynamics=Uncommon Curvature_Geometry,294,310,39,0.109375,0.11532738095238096,0.014508928571428572,0.1326530612244898,0.12580645161290321,1.1502304147465436,0.06902654867256637
Acceleration_Dynamics__x__Spatial_Reach_and_Route=Uncommon Spatial_Reach_and_Route,Curvature_Geometry__x__Turning_Dynamics=Uncommon Turning_Dynamics,294,323,30,0.109375,0.12016369047619048,0.011160714285714286,0.10204081632653061,0.09287925696594428,0.8491817779743476,0.05110732538330494
Acceleration_Dynamics__x__Spatial_Reach_and_Route=Uncommon Spatial_Reach_and_Route,Spatial_Reach_and_Route__x__Speed_Dynamics=Hybrid,294,1383,207,0.109375,0.5145089285714286,0.07700892857142858,0.7040816326530612,0.14967462039045554,1.3684536721413079,0.14081632653061224
Acceleration_Dynamics__x__Spatial_Reach_and_Route=Uncommon Spatial_Reach_and_Route,Spatial_Reach_and_Route__x__Speed_Dynamics=Uncommon Spatial_Reach_and_Route,294,261,87,0.109375,0.09709821428571429,0.03236607142857143,0.29591836734693877,0.3333333333333333,3.047619047619048,0.1858974358974359
Acceleration_Dynamics__x__Spatial_Reach_and_Route=Uncommon Spatial_Reach_and_Route,Spatial_Reach_and_Route__x__Temporal_Sequential_Context=Hybrid,294,1448,217,0.109375,0.5386904761904762,0.08072916666666667,0.7380952380952381,0.14986187845303867,1.3701657458563539,0.1422950819672131
Acceleration_Dynamics__x__Spatial_Reach_and_Route=Uncommon Spatial_Reach_and_Route,Spatial_Reach_and_Route__x__Temporal_Sequential_Context=Uncommon Spatial_Reach_and_Route,294,191,77,0.109375,0.07105654761904762,0.028645833333333332,0.2619047619047619,0.4031413612565445,3.6858638743455496,0.18872549019607843
Acceleration_Dynamics__x__Spatial_Reach_and_Route=Uncommon Spatial_Reach_and_Route,Spatial_Reach_and_Route__x__Turning_Dynamics=Hybrid,294,1348,200,0.109375,0.5014880952380952,0.0744047619047619,0.6802721088435374,0.14836795252225518,1.3565069944891903,0.13869625520110956
Acceleration_Dynamics__x__Spatial_Reach_and_Route=Uncommon Spatial_Reach_and_Route,Spatial_Reach_and_Route__x__Turning_Dynamics=Uncommon Spatial_Reach_and_Route,294,311,94,0.109375,0.11569940476190477,0.034970238095238096,0.3197278911564626,0.3022508038585209,2.763435920992191,0.18395303326810175
Acceleration_Dynamics__x__Spatial_Reach_and_Route=Uncommon Spatial_Reach_and_Route,Speed_Dynamics__x__Temporal_Sequential_Context=Hybrid,294,1412,167,0.109375,0.5252976190476191,0.06212797619047619,0.5680272108843537,0.11827195467422097,1.0813435855928775,0.10851202079272254
Acceleration_Dynamics__x__Spatial_Reach_and_Route=Uncommon Spatial_Reach_and_Route,Speed_Dynamics__x__Temporal_Sequential_Context=Normal,294,735,71,0.109375,0.2734375,0.026413690476190476,0.24149659863945577,0.09659863945578231,0.8831875607385812,0.07411273486430063
Acceleration_Dynamics__x__Spatial_Reach_and_Route=Uncommon Spatial_Reach_and_Route,Speed_Dynamics__x__Temporal_Sequential_Context=Uncommon Speed_Dynamics,294,272,27,0.109375,0.10119047619047619,0.010044642857142858,0.09183673469387756,0.09926470588235294,0.907563025210084,0.05009276437847866
Acceleration_Dynamics__x__Spatial_Reach_and_Route=Uncommon Spatial_Reach_and_Route,Speed_Dynamics__x__Temporal_Sequential_Context=Uncommon Temporal_Sequential_Context,294,269,29,0.109375,0.10007440476190477,0.010788690476190476,0.09863945578231292,0.10780669144981413,0.985661178969729,0.054307116104868915
Acceleration_Dynamics__x__Spatial_Reach_and_Route=Uncommon Spatial_Reach_and_Route,Speed_Dynamics__x__Turning_Dynamics=Hybrid,294,1377,153,0.109375,0.5122767857142857,0.056919642857142856,0.5204081632653061,0.1111111111111111,1.0158730158730158,0.1007905138339921
Acceleration_Dynamics__x__Spatial_Reach_and_Route=Uncommon Spatial_Reach_and_Route,Speed_Dynamics__x__Turning_Dynamics=Normal,294,709,70,0.109375,0.26376488095238093,0.026041666666666668,0.23809523809523808,0.09873060648801128,0.9026798307475319,0.07502679528403002
Acceleration_Dynamics__x__Spatial_Reach_and_Route=Uncommon Spatial_Reach_and_Route,Speed_Dynamics__x__Turning_Dynamics=Uncommon Speed_Dynamics,294,301,34,0.109375,0.11197916666666667,0.012648809523809524,0.11564625850340136,0.11295681063122924,1.0327479829140958,0.06060606060606061
Acceleration_Dynamics__x__Spatial_Reach_and_Route=Uncommon Spatial_Reach_and_Route,Speed_Dynamics__x__Turning_Dynamics=Uncommon Turning_Dynamics,294,301,37,0.109375,0.11197916666666667,0.013764880952380952,0.12585034013605442,0.12292358803986711,1.1238728049359277,0.06630824372759857
Acceleration_Dynamics__x__Spatial_Reach_and_Route=Uncommon Spatial_Reach_and_Route,Temporal_Sequential_Context__x__Turning_Dynamics=Hybrid,294,1386,166,0.109375,0.515625,0.061755952380952384,0.564625850340136,0.11976911976911978,1.0950319521748093,0.1096433289299868
Acceleration_Dynamics__x__Spatial_Reach_and_Route=Uncommon Spatial_Reach_and_Route,Temporal_Sequential_Context__x__Turning_Dynamics=Normal,294,714,68,0.109375,0.265625,0.025297619047619048,0.23129251700680273,0.09523809523809523,0.8707482993197279,0.07234042553191489
Acceleration_Dynamics__x__Spatial_Reach_and_Route=Uncommon Spatial_Reach_and_Route,Temporal_Sequential_Context__x__Turning_Dynamics=Uncommon Temporal_Sequential_Context,294,284,27,0.109375,0.1056547619047619,0.010044642857142858,0.09183673469387756,0.09507042253521127,0.869215291750503,0.04900181488203267
Acceleration_Dynamics__x__Spatial_Reach_and_Route=Uncommon Spatial_Reach_and_Route,Temporal_Sequential_Context__x__Turning_Dynamics=Uncommon Turning_Dynamics,294,304,33,0.109375,0.1130952380952381,0.012276785714285714,0.11224489795918367,0.10855263157894737,0.9924812030075189,0.0584070796460177
Acceleration_Dynamics__x__Speed_Dynamics=Hybrid,Acceleration_Dynamics__x__Temporal_Sequential_Context=Hybrid,1391,1439,1026,0.5174851190476191,0.5353422619047619,0.38169642857142855,0.7375988497483824,0.7129951355107713,1.3778079973062212,0.5687361419068736
Acceleration_Dynamics__x__Speed_Dynamics=Hybrid,Acceleration_Dynamics__x__Temporal_Sequential_Context=Normal,1391,782,177,0.5174851190476191,0.29092261904761907,0.06584821428571429,0.12724658519051044,0.22634271099744246,0.43738979666507927,0.08867735470941884
Acceleration_Dynamics__x__Speed_Dynamics=Hybrid,Acceleration_Dynamics__x__Temporal_Sequential_Context=Uncommon Acceleration_Dynamics,1391,213,140,0.5174851190476191,0.07924107142857142,0.052083333333333336,0.100647016534867,0.6572769953051644,1.2701369973977583,0.09562841530054644
Acceleration_Dynamics__x__Speed_Dynamics=Hybrid,Acceleration_Dynamics__x__Temporal_Sequential_Context=Uncommon Temporal_Sequential_Context,1391,254,48,0.5174851190476191,0.09449404761904762,0.017857142857142856,0.03450754852624011,0.1889763779527559,0.36518224582099773,0.03005635566687539
Acceleration_Dynamics__x__Speed_Dynamics=Hybrid,Acceleration_Dynamics__x__Turning_Dynamics=Hybrid,1391,1376,969,0.5174851190476191,0.5119047619047619,0.36049107142857145,0.6966211358734723,0.7042151162790697,1.3608412886830623,0.5389321468298109
Acceleration_Dynamics__x__Speed_Dynamics=Hybrid,Acceleration_Dynamics__x__Turning_Dynamics=Normal,1391,724,175,0.5174851190476191,0.2693452380952381,0.06510416666666667,0.12580877066858376,0.24171270718232044,0.46709112646015627,0.09020618556701031
Acceleration_Dynamics__x__Speed_Dynamics=Hybrid,Acceleration_Dynamics__x__Turning_Dynamics=Uncommon Acceleration_Dynamics,1391,290,199,0.5174851190476191,0.10788690476190477,0.0740327380952381,0.1430625449317038,0.6862068965517242,1.326041795780758,0.13427800269905532
Acceleration_Dynamics__x__Speed_Dynamics=Hybrid,Acceleration_Dynamics__x__Turning_Dynamics=Uncommon Turning_Dynamics,1391,298,48,0.5174851190476191,0.11086309523809523,0.017857142857142856,0.03450754852624011,0.1610738255033557,0.31126271959239404,0.029250457038391225
Acceleration_Dynamics__x__Speed_Dynamics=Hybrid,Curvature_Geometry__x__Spatial_Reach_and_Route=Hybrid,1391,1349,729,0.5174851190476191,0.5018601190476191,0.27120535714285715,0.5240833932422717,0.5404002965159377,1.0442818095146231,0.36250621581302833
Acceleration_Dynamics__x__Speed_Dynamics=Hybrid,Curvature_Geometry__x__Spatial_Reach_and_Route=Normal,1391,693,324,0.5174851190476191,0.2578125,0.12053571428571429,0.23292595255212079,0.4675324675324675,0.9034703614142866,0.18409090909090908
Acceleration_Dynamics__x__Speed_Dynamics=Hybrid,Curvature_Geometry__x__Spatial_Reach_and_Route=Uncommon Curvature_Geometry,1391,321,155,0.5174851190476191,0.11941964285714286,0.05766369047619048,0.11143062544931703,0.48286604361370716,0.9331013121737202,0.09955041746949261
Acceleration_Dynamics__x__Speed_Dynamics=Hybrid,Curvature_Geometry__x__Spatial_Reach_and_Route=Uncommon Spatial_Reach_and_Route,1391,325,183,0.5174851190476191,0.1209077380952381,0.06808035714285714,0.13156002875629044,0.563076923076923,1.088102637836642,0.11937377690802348
Acceleration_Dynamics__x__Speed_Dynamics=Hybrid,Curvature_Geometry__x__Speed_Dynamics=Hybrid,1391,1357,930,0.5174851190476191,0.5048363095238095,0.34598214285714285,0.6685837526959022,0.6853352984524687,1.3243574998132535,0.5115511551155115
Acceleration_Dynamics__x__Speed_Dynamics=Hybrid,Curvature_Geometry__x__Speed_Dynamics=Normal,1391,663,163,0.5174851190476191,0.24665178571428573,0.06063988095238095,0.11718188353702372,0.2458521870286576,0.47509035135372507,0.08619777895293496
Acceleration_Dynamics__x__Speed_Dynamics=Hybrid,Curvature_Geometry__x__Speed_Dynamics=Uncommon Curvature_Geometry,1391,329,66,0.5174851190476191,0.12239583333333333,0.024553571428571428,0.04744787922358016,0.2006079027355623,0.3876592685501017,0.03990326481257558
Acceleration_Dynamics__x__Speed_Dynamics=Hybrid,Curvature_Geometry__x__Speed_Dynamics=Uncommon Speed_Dynamics,1391,339,232,0.5174851190476191,0.12611607142857142,0.08630952380952381,0.1667864845434939,0.6843657817109144,1.3224839836369073,0.1548731642189586
Acceleration_Dynamics__x__Speed_Dynamics=Hybrid,Curvature_Geometry__x__Temporal_Sequential_Context=Hybrid,1391,1347,723,0.5174851190476191,0.5011160714285714,0.2689732142857143,0.5197699496764917,0.5367483296213809,1.037224665724135,0.3588089330024814
Acceleration_Dynamics__x__Speed_Dynamics=Hybrid,Curvature_Geometry__x__Temporal_Sequential_Context=Normal,1391,708,315,0.5174851190476191,0.26339285714285715,0.1171875,0.22645578720345075,0.4449152542372881,0.8597643446368299,0.1765695067264574
Acceleration_Dynamics__x__Speed_Dynamics=Hybrid,Curvature_Geometry__x__Temporal_Sequential_Context=Uncommon Curvature_Geometry,1391,314,147,0.5174851190476191,0.11681547619047619,0.0546875,0.10567936736161035,0.4681528662420382,0.9046692339745498,0.09435173299101413
Acceleration_Dynamics__x__Speed_Dynamics=Hybrid,Curvature_Geometry__x__Temporal_Sequential_Context=Uncommon Temporal_Sequential_Context,1391,319,206,0.5174851190476191,0.11867559523809523,0.07663690476190477,0.14809489575844717,0.64576802507837,1.2478968018768213,0.13696808510638298
Acceleration_Dynamics__x__Speed_Dynamics=Hybrid,Curvature_Geometry__x__Turning_Dynamics=Hybrid,1391,1356,712,0.5174851190476191,0.5044642857142857,0.2648809523809524,0.511861969805895,0.5250737463126843,1.0146644357214203,0.34987714987714985
Acceleration_Dynamics__x__Speed_Dynamics=Hybrid,Curvature_Geometry__x__Turning_Dynamics=Normal,1391,699,336,0.5174851190476191,0.26004464285714285,0.125,0.2415528396836808,0.48068669527896996,0.9288898899423949,0.19156214367160776
Acceleration_Dynamics__x__Speed_Dynamics=Hybrid,Curvature_Geometry__x__Turning_Dynamics=Uncommon Curvature_Geometry,1391,310,157,0.5174851190476191,0.11532738095238096,0.058407738095238096,0.11286843997124371,0.5064516129032258,0.9786786020732358,0.1016839378238342
Acceleration_Dynamics__x__Speed_Dynamics=Hybrid,Curvature_Geometry__x__Turning_Dynamics=Uncommon Turning_Dynamics,1391,323,186,0.5174851190476191,0.12016369047619048,0.06919642857142858,0.13371675053918045,0.5758513931888545,1.112788314084573,0.12172774869109948
Acceleration_Dynamics__x__Speed_Dynamics=Hybrid,Spatial_Reach_and_Route__x__Speed_Dynamics=Hybrid,1391,1383,970,0.5174851190476191,0.5145089285714286,0.36086309523809523,0.6973400431344356,0.7013738250180767,1.3553507129033715,0.5376940133037694
Acceleration_Dynamics__x__Speed_Dynamics=Hybrid,Spatial_Reach_and_Route__x__Speed_Dynamics=Normal,1391,749,185,0.5174851190476191,0.2786458333333333,0.06882440476190477,0.13299784327821712,0.24699599465954605,0.4773006712040689,0.09462915601023018
Acceleration_Dynamics__x__Speed_Dynamics=Hybrid,Spatial_Reach_and_Route__x__Speed_Dynamics=Uncommon Spatial_Reach_and_Route,1391,261,42,0.5174851190476191,0.09709821428571429,0.015625,0.0301941049604601,0.16091954022988506,0.3109645752249684,0.02608695652173913
Acceleration_Dynamics__x__Speed_Dynamics=Hybrid,Spatial_Reach_and_Route__x__Speed_Dynamics=Uncommon Speed_Dynamics,1391,295,194,0.5174851190476191,0.10974702380952381,0.07217261904761904,0.13946800862688713,0.6576271186440678,1.2708135836917713,0.13002680965147453
Acceleration_Dynamics__x__Speed_Dynamics=Hybrid,Spatial_Reach_and_Route__x__Temporal_Sequential_Context=Hybrid,1391,1448,822,0.5174851190476191,0.5386904761904762,0.30580357142857145,0.590941768511862,0.5676795580110497,1.096996874143567,0.4075359444719881
Acceleration_Dynamics__x__Speed_Dynamics=Hybrid,Spatial_Reach_and_Route__x__Temporal_Sequential_Context=Normal,1391,811,337,0.5174851190476191,0.30171130952380953,0.1253720238095238,0.24227174694464415,0.4155363748458693,0.8029919306870572,0.1806970509383378
Acceleration_Dynamics__x__Speed_Dynamics=Hybrid,Spatial_Reach_and_Route__x__Temporal_Sequential_Context=Uncommon Spatial_Reach_and_Route,1391,191,89,0.5174851190476191,0.07105654761904762,0.03311011904761905,0.06398274622573688,0.46596858638743455,0.9004482819622028,0.05961152042866711
Acceleration_Dynamics__x__Speed_Dynamics=Hybrid,Spatial_Reach_and_Route__x__Temporal_Sequential_Context=Uncommon Temporal_Sequential_Context,1391,238,143,0.5174851190476191,0.08854166666666667,0.05319940476190476,0.102803738317757,0.6008403361344538,1.1610775151181967,0.09623149394347241
Acceleration_Dynamics__x__Speed_Dynamics=Hybrid,Spatial_Reach_and_Route__x__Turning_Dynamics=Hybrid,1391,1348,747,0.5174851190476191,0.5014880952380952,0.2779017857142857,0.5370237239396118,0.5541543026706232,1.0708603634641516,0.375
Acceleration_Dynamics__x__Speed_Dynamics=Hybrid,Spatial_Reach_and_Route__x__Turning_Dynamics=Normal,1391,697,311,0.5174851190476191,0.25930059523809523,0.11569940476190477,0.22358015815959742,0.44619799139167865,0.8622431350545162,0.17501406865503658
Acceleration_Dynamics__x__Speed_Dynamics=Hybrid,Spatial_Reach_and_Route__x__Turning_Dynamics=Uncommon Spatial_Reach_and_Route,1391,311,177,0.5174851190476191,0.11569940476190477,0.06584821428571429,0.12724658519051044,0.5691318327974276,1.0998032829327717,0.1160655737704918
Acceleration_Dynamics__x__Speed_Dynamics=Hybrid,Spatial_Reach_and_Route__x__Turning_Dynamics=Uncommon Turning_Dynamics,1391,332,156,0.5174851190476191,0.12351190476190477,0.05803571428571429,0.11214953271028037,0.46987951807228917,0.9080058551964868,0.09955328653477984
Acceleration_Dynamics__x__Speed_Dynamics=Hybrid,Speed_Dynamics__x__Temporal_Sequential_Context=Hybrid,1391,1412,1009,0.5174851190476191,0.5252976190476191,0.37537202380952384,0.7253774263120057,0.7145892351274787,1.3808884716194556,0.5624303232998885
Acceleration_Dynamics__x__Speed_Dynamics=Hybrid,Speed_Dynamics__x__Temporal_Sequential_Context=Normal,1391,735,162,0.5174851190476191,0.2734375,0.060267857142857144,0.11646297627606039,0.22040816326530613,0.42592174180959225,0.0824847250509165
Acceleration_Dynamics__x__Speed_Dynamics=Hybrid,Speed_Dynamics__x__Temporal_Sequential_Context=Uncommon Speed_Dynamics,1391,272,173,0.5174851190476191,0.10119047619047619,0.06436011904761904,0.12437095614665708,0.6360294117647058,1.2290776842728464,0.11610738255033556
Acceleration_Dynamics__x__Speed_Dynamics=Hybrid,Speed_Dynamics__x__Temporal_Sequential_Context=Uncommon Temporal_Sequential_Context,1391,269,47,0.5174851190476191,0.10007440476190477,0.017485119047619048,0.03378864126527678,0.17472118959107807,0.3376351959890854,0.029138251704897707
Acceleration_Dynamics__x__Speed_Dynamics=Hybrid,Speed_Dynamics__x__Turning_Dynamics=Hybrid,1391,1377,976,0.5174851190476191,0.5122767857142857,0.3630952380952381,0.7016534867002157,0.7087872185911401,1.3696765230575016,0.5446428571428571
Acceleration_Dynamics__x__Speed_Dynamics=Hybrid,Speed_Dynamics__x__Turning_Dynamics=Normal,1391,709,171,0.5174851190476191,0.26376488095238093,0.06361607142857142,0.12293314162473042,0.24118476727785615,0.4660709233953108,0.08864696734059098
Acceleration_Dynamics__x__Speed_Dynamics=Hybrid,Speed_Dynamics__x__Turning_Dynamics=Uncommon Speed_Dynamics,1391,301,196,0.5174851190476191,0.11197916666666667,0.07291666666666667,0.1409058231488138,0.6511627906976745,1.2583217695149882,0.13101604278074866
Acceleration_Dynamics__x__Speed_Dynamics=Hybrid,Speed_Dynamics__x__Turning_Dynamics=Uncommon Turning_Dynamics,1391,301,48,0.5174851190476191,0.11197916666666667,0.017857142857142856,0.03450754852624011,0.15946843853820597,0.30816043335060933,0.029197080291970802
Acceleration_Dynamics__x__Speed_Dynamics=Hybrid,Temporal_Sequential_Context__x__Turning_Dynamics=Hybrid,1391,1386,777,0.5174851190476191,0.515625,0.2890625,0.5585909417685119,0.5606060606060606,1.0833278870662046,0.3885
Acceleration_Dynamics__x__Speed_Dynamics=Hybrid,Temporal_Sequential_Context__x__Turning_Dynamics=Normal,1391,714,324,0.5174851190476191,0.265625,0.12053571428571429,0.23292595255212079,0.453781512605042,0.8768977037256311,0.18192026951151039
Acceleration_Dynamics__x__Speed_Dynamics=Hybrid,Temporal_Sequential_Context__x__Turning_Dynamics=Uncommon Temporal_Sequential_Context,1391,284,160,0.5174851190476191,0.1056547619047619,0.05952380952380952,0.11502516175413371,0.5633802816901409,1.0886888549123641,0.10561056105610561
Acceleration_Dynamics__x__Speed_Dynamics=Hybrid,Temporal_Sequential_Context__x__Turning_Dynamics=Uncommon Turning_Dynamics,1391,304,130,0.5174851190476191,0.1130952380952381,0.04836309523809524,0.09345794392523364,0.4276315789473684,0.8263649778652238,0.08306709265175719
Acceleration_Dynamics__x__Speed_Dynamics=Normal,Acceleration_Dynamics__x__Temporal_Sequential_Context=Hybrid,731,1439,163,0.27194940476190477,0.5353422619047619,0.06063988095238095,0.22298221614227087,0.113273106323836,0.4165227220225324,0.08121574489287493
Acceleration_Dynamics__x__Speed_Dynamics=Normal,Acceleration_Dynamics__x__Temporal_Sequential_Context=Normal,731,782,447,0.27194940476190477,0.29092261904761907,0.16629464285714285,0.6114911080711354,0.571611253196931,2.101902939252189,0.41932457786116323
Acceleration_Dynamics__x__Speed_Dynamics=Normal,Acceleration_Dynamics__x__Temporal_Sequential_Context=Uncommon Temporal_Sequential_Context,731,254,121,0.27194940476190477,0.09449404761904762,0.04501488095238095,0.16552667578659372,0.4763779527559055,1.7517153721037948,0.1400462962962963
Acceleration_Dynamics__x__Speed_Dynamics=Normal,Acceleration_Dynamics__x__Turning_Dynamics=Hybrid,731,1376,177,0.27194940476190477,0.5119047619047619,0.06584821428571429,0.2421340629274966,0.12863372093023256,0.473006076416505,0.09170984455958549
Acceleration_Dynamics__x__Speed_Dynamics=Normal,Acceleration_Dynamics__x__Turning_Dynamics=Normal,731,724,397,0.27194940476190477,0.2693452380952381,0.14769345238095238,0.5430916552667578,0.5483425414364641,2.0163402891671893,0.3752362948960302
Acceleration_Dynamics__x__Speed_Dynamics=Normal,Acceleration_Dynamics__x__Turning_Dynamics=Uncommon Turning_Dynamics,731,298,157,0.27194940476190477,0.11086309523809523,0.058407738095238096,0.21477428180574556,0.5268456375838926,1.9372928506504834,0.18004587155963303
Acceleration_Dynamics__x__Speed_Dynamics=Normal,Curvature_Geometry__x__Spatial_Reach_and_Route=Hybrid,731,1349,339,0.27194940476190477,0.5018601190476191,0.12611607142857142,0.4637482900136799,0.251297257227576,0.9240588610502383,0.19471568064330844
Acceleration_Dynamics__x__Speed_Dynamics=Normal,Curvature_Geometry__x__Spatial_Reach_and_Route=Normal,731,693,211,0.27194940476190477,0.2578125,0.07849702380952381,0.28864569083447333,0.30447330447330445,1.1195954068731087,0.17394888705688377
Acceleration_Dynamics__x__Speed_Dynamics=Normal,Curvature_Geometry__x__Spatial_Reach_and_Route=Uncommon Curvature_Geometry,731,321,100,0.27194940476190477,0.11941964285714286,0.03720238095238095,0.13679890560875513,0.3115264797507788,1.1455310226677062,0.10504201680672269
Acceleration_Dynamics__x__Speed_Dynamics=Normal,Curvature_Geometry__x__Spatial_Reach_and_Route=Uncommon Spatial_Reach_and_Route,731,325,81,0.27194940476190477,0.1209077380952381,0.030133928571428572,0.11080711354309165,0.24923076923076923,0.9164600652425549,0.08307692307692308
Acceleration_Dynamics__x__Speed_Dynamics=Normal,Curvature_Geometry__x__Speed_Dynamics=Hybrid,731,1357,193,0.27194940476190477,0.5048363095238095,0.07180059523809523,0.2640218878248974,0.14222549742078114,0.5229851396266206,0.10184696569920844
Acceleration_Dynamics__x__Speed_Dynamics=Normal,Curvature_Geometry__x__Speed_Dynamics=Normal,731,663,364,0.27194940476190477,0.24665178571428573,0.13541666666666666,0.49794801641586867,0.5490196078431373,2.0188299670073224,0.3533980582524272
Acceleration_Dynamics__x__Speed_Dynamics=Normal,Curvature_Geometry__x__Speed_Dynamics=Uncommon Curvature_Geometry,731,329,174,0.27194940476190477,0.12239583333333333,0.06473214285714286,0.23803009575923392,0.5288753799392097,1.9447565270541667,0.1963882618510158
Acceleration_Dynamics__x__Speed_Dynamics=Normal,Curvature_Geometry__x__Temporal_Sequential_Context=Hybrid,731,1347,344,0.27194940476190477,0.5011160714285714,0.12797619047619047,0.47058823529411764,0.2553823311061618,0.939080309183807,0.19838523644752018
Acceleration_Dynamics__x__Speed_Dynamics=Normal,Curvature_Geometry__x__Temporal_Sequential_Context=Normal,731,708,238,0.27194940476190477,0.26339285714285715,0.08854166666666667,0.32558139534883723,0.3361581920903955,1.2361056365786363,0.19816819317235637
Acceleration_Dynamics__x__Speed_Dynamics=Normal,Curvature_Geometry__x__Temporal_Sequential_Context=Uncommon Curvature_Geometry,731,314,103,0.27194940476190477,0.11681547619047619,0.038318452380952384,0.1409028727770178,0.32802547770700635,1.2062003886134516,0.10934182590233546
Acceleration_Dynamics__x__Speed_Dynamics=Normal,Curvature_Geometry__x__Temporal_Sequential_Context=Uncommon Temporal_Sequential_Context,731,319,46,0.27194940476190477,0.11867559523809523,0.01711309523809524,0.06292749658002736,0.14420062695924765,0.5302479962605441,0.045816733067729085
Acceleration_Dynamics__x__Speed_Dynamics=Normal,Curvature_Geometry__x__Turning_Dynamics=Hybrid,731,1356,364,0.27194940476190477,0.5044642857142857,0.13541666666666666,0.49794801641586867,0.26843657817109146,0.9870827936031378,0.21125943122460825
Acceleration_Dynamics__x__Speed_Dynamics=Normal,Curvature_Geometry__x__Turning_Dynamics=Normal,731,699,214,0.27194940476190477,0.26004464285714285,0.07961309523809523,0.292749658002736,0.3061516452074392,1.1257669251950704,0.17598684210526316
Acceleration_Dynamics__x__Speed_Dynamics=Normal,Curvature_Geometry__x__Turning_Dynamics=Uncommon Curvature_Geometry,731,310,90,0.27194940476190477,0.11532738095238096,0.033482142857142856,0.12311901504787962,0.2903225806451613,1.0675610078990334,0.0946372239747634
Acceleration_Dynamics__x__Speed_Dynamics=Normal,Curvature_Geometry__x__Turning_Dynamics=Uncommon Turning_Dynamics,731,323,63,0.27194940476190477,0.12016369047619048,0.0234375,0.08618331053351573,0.19504643962848298,0.7172159093315489,0.06357214934409687
Acceleration_Dynamics__x__Speed_Dynamics=Normal,Spatial_Reach_and_Route__x__Speed_Dynamics=Hybrid,731,1383,171,0.27194940476190477,0.5145089285714286,0.06361607142857142,0.23392612859097128,0.12364425162689804,0.4546590265021914,0.08800823468862584
Acceleration_Dynamics__x__Speed_Dynamics=Normal,Spatial_Reach_and_Route__x__Speed_Dynamics=Normal,731,749,424,0.27194940476190477,0.2786458333333333,0.15773809523809523,0.5800273597811217,0.5660881174899867,2.0815935154761753,0.4015151515151515
Acceleration_Dynamics__x__Speed_Dynamics=Normal,Spatial_Reach_and_Route__x__Speed_Dynamics=Uncommon Spatial_Reach_and_Route,731,261,136,0.27194940476190477,0.09709821428571429,0.050595238095238096,0.18604651162790697,0.5210727969348659,1.9160652232023523,0.1588785046728972
Acceleration_Dynamics__x__Speed_Dynamics=Normal,Spatial_Reach_and_Route__x__Temporal_Sequential_Context=Hybrid,731,1448,330,0.27194940476190477,0.5386904761904762,0.12276785714285714,0.45143638850889195,0.22790055248618785,0.8380255609888823,0.17847485127095727
Acceleration_Dynamics__x__Speed_Dynamics=Normal,Spatial_Reach_and_Route__x__Temporal_Sequential_Context=Normal,731,811,294,0.27194940476190477,0.30171130952380953,0.109375,0.4021887824897401,0.3625154130702836,1.3330252124937376,0.23557692307692307
Acceleration_Dynamics__x__Speed_Dynamics=Normal,Spatial_Reach_and_Route__x__Temporal_Sequential_Context=Uncommon Spatial_Reach_and_Route,731,191,59,0.27194940476190477,0.07105654761904762,0.02194940476190476,0.08071135430916553,0.3089005235602094,1.1358749758274185,0.06836616454229433
Acceleration_Dynamics__x__Speed_Dynamics=Normal,Spatial_Reach_and_Route__x__Temporal_Sequential_Context=Uncommon Temporal_Sequential_Context,731,238,48,0.27194940476190477,0.08854166666666667,0.017857142857142856,0.06566347469220246,0.20168067226890757,0.7416110082884041,0.05211726384364821
Acceleration_Dynamics__x__Speed_Dynamics=Normal,Spatial_Reach_and_Route__x__Turning_Dynamics=Hybrid,731,1348,330,0.27194940476190477,0.5014880952380952,0.12276785714285714,0.45143638850889195,0.24480712166172106,0.9001936293114996,0.18867924528301888
Acceleration_Dynamics__x__Speed_Dynamics=Normal,Spatial_Reach_and_Route__x__Turning_Dynamics=Normal,731,697,234,0.27194940476190477,0.25930059523809523,0.08705357142857142,0.320109439124487,0.3357245337159254,1.2345110076995998,0.19597989949748743
Acceleration_Dynamics__x__Speed_Dynamics=Normal,Spatial_Reach_and_Route__x__Turning_Dynamics=Uncommon Spatial_Reach_and_Route,731,311,68,0.27194940476190477,0.11569940476190477,0.025297619047619048,0.09302325581395349,0.21864951768488747,0.8040080759739774,0.06981519507186858
Acceleration_Dynamics__x__Speed_Dynamics=Normal,Spatial_Reach_and_Route__x__Turning_Dynamics=Uncommon Turning_Dynamics,731,332,99,0.27194940476190477,0.12351190476190477,0.036830357142857144,0.1354309165526676,0.29819277108433734,1.09650091473967,0.10269709543568464
Acceleration_Dynamics__x__Speed_Dynamics=Normal,Speed_Dynamics__x__Temporal_Sequential_Context=Hybrid,731,1412,169,0.27194940476190477,0.5252976190476191,0.06287202380952381,0.23119015047879618,0.11968838526912182,0.4401126943958952,0.085612968591692
Acceleration_Dynamics__x__Speed_Dynamics=Normal,Speed_Dynamics__x__Temporal_Sequential_Context=Normal,731,735,447,0.27194940476190477,0.2734375,0.16629464285714285,0.6114911080711354,0.6081632653061224,2.2363103380887237,0.43866535819430813
Acceleration_Dynamics__x__Speed_Dynamics=Normal,Speed_Dynamics__x__Temporal_Sequential_Context=Uncommon Temporal_Sequential_Context,731,269,115,0.27194940476190477,0.10007440476190477,0.042782738095238096,0.1573187414500684,0.4275092936802974,1.5720177584304231,0.12994350282485875
Acceleration_Dynamics__x__Speed_Dynamics=Normal,Speed_Dynamics__x__Turning_Dynamics=Hybrid,731,1377,165,0.27194940476190477,0.5122767857142857,0.06138392857142857,0.22571819425444598,0.11982570806100218,0.44061765152937593,0.08492022645393721
Acceleration_Dynamics__x__Speed_Dynamics=Normal,Speed_Dynamics__x__Turning_Dynamics=Normal,731,709,397,0.27194940476190477,0.26376488095238093,0.14769345238095238,0.5430916552667578,0.5599435825105783,2.058999110517694,0.38063279002876316
Acceleration_Dynamics__x__Speed_Dynamics=Normal,Speed_Dynamics__x__Turning_Dynamics=Uncommon Turning_Dynamics,731,301,169,0.27194940476190477,0.11197916666666667,0.06287202380952381,0.23119015047879618,0.5614617940199336,2.0645818089269237,0.19582850521436848
Acceleration_Dynamics__x__Speed_Dynamics=Normal,Temporal_Sequential_Context__x__Turning_Dynamics=Hybrid,731,1386,320,0.27194940476190477,0.515625,0.11904761904761904,0.4377564979480164,0.23088023088023088,0.8489822990506984,0.17807456872565386
Acceleration_Dynamics__x__Speed_Dynamics=Normal,Temporal_Sequential_Context__x__Turning_Dynamics=Normal,731,714,238,0.27194940476190477,0.265625,0.08854166666666667,0.32558139534883723,0.3333333333333333,1.225718194254446,0.19718309859154928
Acceleration_Dynamics__x__Speed_Dynamics=Normal,Temporal_Sequential_Context__x__Turning_Dynamics=Uncommon Temporal_Sequential_Context,731,284,59,0.27194940476190477,0.1056547619047619,0.02194940476190476,0.08071135430916553,0.20774647887323944,0.7639159168416793,0.06171548117154812
Acceleration_Dynamics__x__Speed_Dynamics=Normal,Temporal_Sequential_Context__x__Turning_Dynamics=Uncommon Turning_Dynamics,731,304,114,0.27194940476190477,0.1130952380952381,0.04241071428571429,0.15595075239398085,0.375,1.3789329685362517,0.1237785016286645
Acceleration_Dynamics__x__Speed_Dynamics=Uncommon Acceleration_Dynamics,Acceleration_Dynamics__x__Temporal_Sequential_Context=Hybrid,273,1439,200,0.1015625,0.5353422619047619,0.0744047619047619,0.7326007326007326,0.13898540653231412,1.3684716950874005,0.13227513227513227
Acceleration_Dynamics__x__Speed_Dynamics=Uncommon Acceleration_Dynamics,Acceleration_Dynamics__x__Temporal_Sequential_Context=Uncommon Acceleration_Dynamics,273,213,73,0.1015625,0.07924107142857142,0.027157738095238096,0.2673992673992674,0.3427230046948357,3.374503430841459,0.17675544794188863
Acceleration_Dynamics__x__Speed_Dynamics=Uncommon Acceleration_Dynamics,Acceleration_Dynamics__x__Turning_Dynamics=Hybrid,273,1376,182,0.1015625,0.5119047619047619,0.06770833333333333,0.6666666666666666,0.13226744186046513,1.302325581395349,0.12406271301976823
Acceleration_Dynamics__x__Speed_Dynamics=Uncommon Acceleration_Dynamics,Acceleration_Dynamics__x__Turning_Dynamics=Uncommon Acceleration_Dynamics,273,290,91,0.1015625,0.10788690476190477,0.033854166666666664,0.3333333333333333,0.3137931034482759,3.089655172413793,0.19279661016949154
Acceleration_Dynamics__x__Speed_Dynamics=Uncommon Acceleration_Dynamics,Curvature_Geometry__x__Spatial_Reach_and_Route=Hybrid,273,1349,137,0.1015625,0.5018601190476191,0.050967261904761904,0.5018315018315018,0.10155670867309118,0.9999429777042824,0.09225589225589226
Acceleration_Dynamics__x__Speed_Dynamics=Uncommon Acceleration_Dynamics,Curvature_Geometry__x__Spatial_Reach_and_Route=Normal,273,693,70,0.1015625,0.2578125,0.026041666666666668,0.2564102564102564,0.10101010101010101,0.9945609945609946,0.078125
Acceleration_Dynamics__x__Speed_Dynamics=Uncommon Acceleration_Dynamics,Curvature_Geometry__x__Spatial_Reach_and_Route=Uncommon Curvature_Geometry,273,321,34,0.1015625,0.11941964285714286,0.012648809523809524,0.12454212454212454,0.1059190031152648,1.0428947999041456,0.060714285714285714
Acceleration_Dynamics__x__Speed_Dynamics=Uncommon Acceleration_Dynamics,Curvature_Geometry__x__Spatial_Reach_and_Route=Uncommon Spatial_Reach_and_Route,273,325,32,0.1015625,0.1209077380952381,0.011904761904761904,0.11721611721611722,0.09846153846153846,0.9694674556213017,0.05653710247349823
Acceleration_Dynamics__x__Speed_Dynamics=Uncommon Acceleration_Dynamics,Curvature_Geometry__x__Speed_Dynamics=Hybrid,273,1357,48,0.1015625,0.5048363095238095,0.017857142857142856,0.17582417582417584,0.03537214443625645,0.3482795759877558,0.03034134007585335
Acceleration_Dynamics__x__Speed_Dynamics=Uncommon Acceleration_Dynamics,Curvature_Geometry__x__Speed_Dynamics=Normal,273,663,136,0.1015625,0.24665178571428573,0.050595238095238096,0.4981684981684982,0.20512820512820512,2.019723865877712,0.17
Acceleration_Dynamics__x__Speed_Dynamics=Uncommon Acceleration_Dynamics,Curvature_Geometry__x__Speed_Dynamics=Uncommon Curvature_Geometry,273,329,89,0.1015625,0.12239583333333333,0.03311011904761905,0.326007326007326,0.270516717325228,2.6635492167407064,0.17348927875243664
Acceleration_Dynamics__x__Speed_Dynamics=Uncommon Acceleration_Dynamics,Curvature_Geometry__x__Temporal_Sequential_Context=Hybrid,273,1347,139,0.1015625,0.5011160714285714,0.05171130952380952,0.5091575091575091,0.10319227913882702,1.016047056136143,0.09385550303848751
Acceleration_Dynamics__x__Speed_Dynamics=Uncommon Acceleration_Dynamics,Curvature_Geometry__x__Temporal_Sequential_Context=Normal,273,708,64,0.1015625,0.26339285714285715,0.023809523809523808,0.23443223443223443,0.0903954802259887,0.8900478053020425,0.0697928026172301
Acceleration_Dynamics__x__Speed_Dynamics=Uncommon Acceleration_Dynamics,Curvature_Geometry__x__Temporal_Sequential_Context=Uncommon Curvature_Geometry,273,314,29,0.1015625,0.11681547619047619,0.010788690476190476,0.10622710622710622,0.09235668789808917,0.9093581577658011,0.05197132616487455
Acceleration_Dynamics__x__Speed_Dynamics=Uncommon Acceleration_Dynamics,Curvature_Geometry__x__Temporal_Sequential_Context=Uncommon Temporal_Sequential_Context,273,319,41,0.1015625,0.11867559523809523,0.01525297619047619,0.15018315018315018,0.12852664576802508,1.265493127562093,0.07441016333938294
Acceleration_Dynamics__x__Speed_Dynamics=Uncommon Acceleration_Dynamics,Curvature_Geometry__x__Turning_Dynamics=Hybrid,273,1356,145,0.1015625,0.5044642857142857,0.053943452380952384,0.5311355311355311,0.10693215339233038,1.052870433401407,0.0977088948787062
Acceleration_Dynamics__x__Speed_Dynamics=Uncommon Acceleration_Dynamics,Curvature_Geometry__x__Turning_Dynamics=Normal,273,699,73,0.1015625,0.26004464285714285,0.027157738095238096,0.2673992673992674,0.1044349070100143,1.0282821613293716,0.08120133481646273
Acceleration_Dynamics__x__Speed_Dynamics=Uncommon Acceleration_Dynamics,Curvature_Geometry__x__Turning_Dynamics=Uncommon Curvature_Geometry,273,310,27,0.1015625,0.11532738095238096,0.010044642857142858,0.0989010989010989,0.08709677419354839,0.8575682382133994,0.048561151079136694
Acceleration_Dynamics__x__Speed_Dynamics=Uncommon Acceleration_Dynamics,Curvature_Geometry__x__Turning_Dynamics=Uncommon Turning_Dynamics,273,323,28,0.1015625,0.12016369047619048,0.010416666666666666,0.10256410256410256,0.08668730650154799,0.8535365563229339,0.04929577464788732
Acceleration_Dynamics__x__Speed_Dynamics=Uncommon Acceleration_Dynamics,Spatial_Reach_and_Route__x__Speed_Dynamics=Hybrid,273,1383,50,0.1015625,0.5145089285714286,0.018601190476190476,0.18315018315018314,0.036153289949385395,0.3559708548862561,0.031133250311332503
Acceleration_Dynamics__x__Speed_Dynamics=Uncommon Acceleration_Dynamics,Spatial_Reach_and_Route__x__Speed_Dynamics=Normal,273,749,140,0.1015625,0.2786458333333333,0.052083333333333336,0.5128205128205128,0.18691588785046728,1.8404025880661397,0.15873015873015872
Acceleration_Dynamics__x__Speed_Dynamics=Uncommon Acceleration_Dynamics,Spatial_Reach_and_Route__x__Speed_Dynamics=Uncommon Spatial_Reach_and_Route,273,261,83,0.1015625,0.09709821428571429,0.030877976190476192,0.304029304029304,0.31800766283524906,3.131152372531683,0.18403547671840353
Acceleration_Dynamics__x__Speed_Dynamics=Uncommon Acceleration_Dynamics,Spatial_Reach_and_Route__x__Temporal_Sequential_Context=Hybrid,273,1448,143,0.1015625,0.5386904761904762,0.05319940476190476,0.5238095238095238,0.09875690607734806,0.9723756906077349,0.09062103929024082
Acceleration_Dynamics__x__Speed_Dynamics=Uncommon Acceleration_Dynamics,Spatial_Reach_and_Route__x__Temporal_Sequential_Context=Normal,273,811,84,0.1015625,0.30171130952380953,0.03125,0.3076923076923077,0.10357583230579531,1.0198235796262924,0.084
Acceleration_Dynamics__x__Speed_Dynamics=Uncommon Acceleration_Dynamics,Spatial_Reach_and_Route__x__Temporal_Sequential_Context=Uncommon Spatial_Reach_and_Route,273,191,16,0.1015625,0.07105654761904762,0.005952380952380952,0.05860805860805861,0.08376963350785341,0.8248086991542488,0.03571428571428571
Acceleration_Dynamics__x__Speed_Dynamics=Uncommon Acceleration_Dynamics,Spatial_Reach_and_Route__x__Temporal_Sequential_Context=Uncommon Temporal_Sequential_Context,273,238,30,0.1015625,0.08854166666666667,0.011160714285714286,0.10989010989010989,0.12605042016806722,1.2411118293471235,0.062370062370062374
Acceleration_Dynamics__x__Speed_Dynamics=Uncommon Acceleration_Dynamics,Spatial_Reach_and_Route__x__Turning_Dynamics=Hybrid,273,1348,132,0.1015625,0.5014880952380952,0.049107142857142856,0.4835164835164835,0.09792284866468842,0.9641634330061629,0.08865010073875083
Acceleration_Dynamics__x__Speed_Dynamics=Uncommon Acceleration_Dynamics,Spatial_Reach_and_Route__x__Turning_Dynamics=Normal,273,697,73,0.1015625,0.25930059523809523,0.027157738095238096,0.2673992673992674,0.10473457675753228,1.0312327557664718,0.08138238573021182
Acceleration_Dynamics__x__Speed_Dynamics=Uncommon Acceleration_Dynamics,Spatial_Reach_and_Route__x__Turning_Dynamics=Uncommon Spatial_Reach_and_Route,273,311,32,0.1015625,0.11569940476190477,0.011904761904761904,0.11721611721611722,0.10289389067524116,1.0131090774177591,0.057971014492753624
Acceleration_Dynamics__x__Speed_Dynamics=Uncommon Acceleration_Dynamics,Spatial_Reach_and_Route__x__Turning_Dynamics=Uncommon Turning_Dynamics,273,332,36,0.1015625,0.12351190476190477,0.013392857142857142,0.13186813186813187,0.10843373493975904,1.0676552363299352,0.0632688927943761
Acceleration_Dynamics__x__Speed_Dynamics=Uncommon Acceleration_Dynamics,Speed_Dynamics__x__Temporal_Sequential_Context=Hybrid,273,1412,40,0.1015625,0.5252976190476191,0.01488095238095238,0.14652014652014653,0.028328611898016998,0.27892787099585964,0.0243161094224924
Acceleration_Dynamics__x__Speed_Dynamics=Uncommon Acceleration_Dynamics,Speed_Dynamics__x__Temporal_Sequential_Context=Normal,273,735,126,0.1015625,0.2734375,0.046875,0.46153846153846156,0.17142857142857143,1.687912087912088,0.14285714285714285
Acceleration_Dynamics__x__Speed_Dynamics=Uncommon Acceleration_Dynamics,Speed_Dynamics__x__Temporal_Sequential_Context=Uncommon Temporal_Sequential_Context,273,269,107,0.1015625,0.10007440476190477,0.039806547619047616,0.39194139194139194,0.39776951672862454,3.916499857020303,0.24597701149425288
Acceleration_Dynamics__x__Speed_Dynamics=Uncommon Acceleration_Dynamics,Speed_Dynamics__x__Turning_Dynamics=Hybrid,273,1377,48,0.1015625,0.5122767857142857,0.017857142857142856,0.17582417582417584,0.034858387799564274,0.343221049103402,0.0299625468164794
Acceleration_Dynamics__x__Speed_Dynamics=Uncommon Acceleration_Dynamics,Speed_Dynamics__x__Turning_Dynamics=Normal,273,709,141,0.1015625,0.26376488095238093,0.052455357142857144,0.5164835164835165,0.19887165021156558,1.958120863621569,0.16765755053507728
Acceleration_Dynamics__x__Speed_Dynamics=Uncommon Acceleration_Dynamics,Speed_Dynamics__x__Turning_Dynamics=Uncommon Turning_Dynamics,273,301,84,0.1015625,0.11197916666666667,0.03125,0.3076923076923077,0.27906976744186046,2.7477638640429336,0.17142857142857143
Acceleration_Dynamics__x__Speed_Dynamics=Uncommon Acceleration_Dynamics,Temporal_Sequential_Context__x__Turning_Dynamics=Hybrid,273,1386,145,0.1015625,0.515625,0.053943452380952384,0.5311355311355311,0.10461760461760462,1.0300810300810301,0.09577278731836196
Acceleration_Dynamics__x__Speed_Dynamics=Uncommon Acceleration_Dynamics,Temporal_Sequential_Context__x__Turning_Dynamics=Normal,273,714,60,0.1015625,0.265625,0.022321428571428572,0.21978021978021978,0.08403361344537816,0.8274078862314157,0.06472491909385113
Acceleration_Dynamics__x__Speed_Dynamics=Uncommon Acceleration_Dynamics,Temporal_Sequential_Context__x__Turning_Dynamics=Uncommon Temporal_Sequential_Context,273,284,39,0.1015625,0.1056547619047619,0.014508928571428572,0.14285714285714285,0.13732394366197184,1.3521126760563382,0.07528957528957529
Acceleration_Dynamics__x__Speed_Dynamics=Uncommon Acceleration_Dynamics,Temporal_Sequential_Context__x__Turning_Dynamics=Uncommon Turning_Dynamics,273,304,29,0.1015625,0.1130952380952381,0.010788690476190476,0.10622710622710622,0.09539473684210527,0.9392712550607286,0.05291970802919708
Acceleration_Dynamics__x__Speed_Dynamics=Uncommon Speed_Dynamics,Acceleration_Dynamics__x__Temporal_Sequential_Context=Hybrid,293,1439,50,0.10900297619047619,0.5353422619047619,0.018601190476190476,0.17064846416382254,0.03474635163307853,0.31876516447001735,0.029726516052318668
Acceleration_Dynamics__x__Speed_Dynamics=Uncommon Speed_Dynamics,Acceleration_Dynamics__x__Temporal_Sequential_Context=Normal,293,782,158,0.10900297619047619,0.29092261904761907,0.058779761904761904,0.5392491467576792,0.2020460358056266,1.8535827448652702,0.1723009814612868
Acceleration_Dynamics__x__Speed_Dynamics=Uncommon Speed_Dynamics,Acceleration_Dynamics__x__Temporal_Sequential_Context=Uncommon Temporal_Sequential_Context,293,254,85,0.10900297619047619,0.09449404761904762,0.03162202380952381,0.2901023890784983,0.3346456692913386,3.0700599285157613,0.18398268398268397
Acceleration_Dynamics__x__Speed_Dynamics=Uncommon Speed_Dynamics,Acceleration_Dynamics__x__Turning_Dynamics=Hybrid,293,1376,48,0.10900297619047619,0.5119047619047619,0.017857142857142856,0.16382252559726962,0.03488372093023256,0.32002539884117787,0.02961135101789019
Acceleration_Dynamics__x__Speed_Dynamics=Uncommon Speed_Dynamics,Acceleration_Dynamics__x__Turning_Dynamics=Normal,293,724,152,0.10900297619047619,0.2693452380952381,0.05654761904761905,0.5187713310580204,0.20994475138121546,1.9260460468010485,0.17572254335260115
Acceleration_Dynamics__x__Speed_Dynamics=Uncommon Speed_Dynamics,Acceleration_Dynamics__x__Turning_Dynamics=Uncommon Turning_Dynamics,293,298,93,0.10900297619047619,0.11086309523809523,0.03459821428571429,0.3174061433447099,0.31208053691275167,2.863046017820739,0.18674698795180722
Acceleration_Dynamics__x__Speed_Dynamics=Uncommon Speed_Dynamics,Curvature_Geometry__x__Spatial_Reach_and_Route=Hybrid,293,1349,144,0.10900297619047619,0.5018601190476191,0.05357142857142857,0.49146757679180886,0.1067457375833951,0.9792919543486894,0.09612817089452604
Acceleration_Dynamics__x__Speed_Dynamics=Uncommon Speed_Dynamics,Curvature_Geometry__x__Spatial_Reach_and_Route=Normal,293,693,88,0.10900297619047619,0.2578125,0.03273809523809524,0.3003412969283277,0.12698412698412698,1.1649601820250284,0.09799554565701558
Acceleration_Dynamics__x__Speed_Dynamics=Uncommon Speed_Dynamics,Curvature_Geometry__x__Spatial_Reach_and_Route=Uncommon Curvature_Geometry,293,321,32,0.10900297619047619,0.11941964285714286,0.011904761904761904,0.10921501706484642,0.09968847352024922,0.9145481802813306,0.054982817869415807
Acceleration_Dynamics__x__Speed_Dynamics=Uncommon Speed_Dynamics,Curvature_Geometry__x__Spatial_Reach_and_Route=Uncommon Spatial_Reach_and_Route,293,325,29,0.10900297619047619,0.1209077380952381,0.010788690476190476,0.09897610921501707,0.08923076923076922,0.818608558676818,0.04923599320882852
Acceleration_Dynamics__x__Speed_Dynamics=Uncommon Speed_Dynamics,Curvature_Geometry__x__Speed_Dynamics=Hybrid,293,1357,186,0.10900297619047619,0.5048363095238095,0.06919642857142858,0.6348122866894198,0.13706705969049374,1.2574616261025502,0.12704918032786885
Acceleration_Dynamics__x__Speed_Dynamics=Uncommon Speed_Dynamics,Curvature_Geometry__x__Speed_Dynamics=Uncommon Speed_Dynamics,293,339,107,0.10900297619047619,0.12611607142857142,0.039806547619047616,0.3651877133105802,0.31563421828908556,2.8956477090821227,0.2038095238095238
Acceleration_Dynamics__x__Speed_Dynamics=Uncommon Speed_Dynamics,Curvature_Geometry__x__Temporal_Sequential_Context=Hybrid,293,1347,141,0.10900297619047619,0.5011160714285714,0.052455357142857144,0.4812286689419795,0.10467706013363029,0.9603137803385606,0.09406270847231488
Acceleration_Dynamics__x__Speed_Dynamics=Uncommon Speed_Dynamics,Curvature_Geometry__x__Temporal_Sequential_Context=Normal,293,708,91,0.10900297619047619,0.26339285714285715,0.033854166666666664,0.310580204778157,0.1285310734463277,1.179151963903511,0.1
Acceleration_Dynamics__x__Speed_Dynamics=Uncommon Speed_Dynamics,Curvature_Geometry__x__Temporal_Sequential_Context=Uncommon Curvature_Geometry,293,314,35,0.10900297619047619,0.11681547619047619,0.013020833333333334,0.11945392491467577,0.11146496815286625,1.0225864655116192,0.06118881118881119
Acceleration_Dynamics__x__Speed_Dynamics=Uncommon Speed_Dynamics,Curvature_Geometry__x__Temporal_Sequential_Context=Uncommon Temporal_Sequential_Context,293,319,26,0.10900297619047619,0.11867559523809523,0.009672619047619048,0.08873720136518772,0.08150470219435736,0.7477291450458451,0.04436860068259386
Acceleration_Dynamics__x__Speed_Dynamics=Uncommon Speed_Dynamics,Curvature_Geometry__x__Turning_Dynamics=Hybrid,293,1356,135,0.10900297619047619,0.5044642857142857,0.05022321428571429,0.46075085324232085,0.09955752212389381,0.9133468241263705,0.0891677675033025
Acceleration_Dynamics__x__Speed_Dynamics=Uncommon Speed_Dynamics,Curvature_Geometry__x__Turning_Dynamics=Normal,293,699,76,0.10900297619047619,0.26004464285714285,0.028273809523809524,0.2593856655290102,0.10872675250357654,0.9974659069270093,0.08296943231441048
Acceleration_Dynamics__x__Speed_Dynamics=Uncommon Speed_Dynamics,Curvature_Geometry__x__Turning_Dynamics=Uncommon Curvature_Geometry,293,310,36,0.10900297619047619,0.11532738095238096,0.013392857142857142,0.12286689419795221,0.11612903225806452,1.0653748761422437,0.06349206349206349
Acceleration_Dynamics__x__Speed_Dynamics=Uncommon Speed_Dynamics,Curvature_Geometry__x__Turning_Dynamics=Uncommon Turning_Dynamics,293,323,46,0.10900297619047619,0.12016369047619048,0.01711309523809524,0.15699658703071673,0.14241486068111456,1.3065226809243546,0.08070175438596491
Acceleration_Dynamics__x__Speed_Dynamics=Uncommon Speed_Dynamics,Spatial_Reach_and_Route__x__Speed_Dynamics=Hybrid,293,1383,192,0.10900297619047619,0.5145089285714286,0.07142857142857142,0.6552901023890785,0.13882863340563992,1.2736224115848467,0.1293800539083558
Acceleration_Dynamics__x__Speed_Dynamics=Uncommon Speed_Dynamics,Spatial_Reach_and_Route__x__Speed_Dynamics=Uncommon Speed_Dynamics,293,295,101,0.10900297619047619,0.10974702380952381,0.03757440476190476,0.3447098976109215,0.3423728813559322,3.1409498467056167,0.20739219712525667
Acceleration_Dynamics__x__Speed_Dynamics=Uncommon Speed_Dynamics,Spatial_Reach_and_Route__x__Temporal_Sequential_Context=Hybrid,293,1448,153,0.10900297619047619,0.5386904761904762,0.056919642857142856,0.5221843003412969,0.10566298342541436,0.9693587011860539,0.09634760705289673
Acceleration_Dynamics__x__Speed_Dynamics=Uncommon Speed_Dynamics,Spatial_Reach_and_Route__x__Temporal_Sequential_Context=Normal,293,811,96,0.10900297619047619,0.30171130952380953,0.03571428571428571,0.32764505119453924,0.11837237977805179,1.0859554841071781,0.09523809523809523
Acceleration_Dynamics__x__Speed_Dynamics=Uncommon Speed_Dynamics,Spatial_Reach_and_Route__x__Temporal_Sequential_Context=Uncommon Spatial_Reach_and_Route,293,191,27,0.10900297619047619,0.07105654761904762,0.010044642857142858,0.09215017064846416,0.14136125654450263,1.296856851848543,0.05908096280087528
Acceleration_Dynamics__x__Speed_Dynamics=Uncommon Speed_Dynamics,Spatial_Reach_and_Route__x__Temporal_Sequential_Context=Uncommon Temporal_Sequential_Context,293,238,17,0.10900297619047619,0.08854166666666667,0.006324404761904762,0.05802047781569966,0.07142857142857142,0.6552901023890785,0.033073929961089495
Acceleration_Dynamics__x__Speed_Dynamics=Uncommon Speed_Dynamics,Spatial_Reach_and_Route__x__Turning_Dynamics=Hybrid,293,1348,139,0.10900297619047619,0.5014880952380952,0.05171130952380952,0.47440273037542663,0.10311572700296735,0.9459900142797825,0.09254327563249001
Acceleration_Dynamics__x__Speed_Dynamics=Uncommon Speed_Dynamics,Spatial_Reach_and_Route__x__Turning_Dynamics=Normal,293,697,79,0.10900297619047619,0.25930059523809523,0.029389880952380952,0.2696245733788396,0.1133428981348637,1.0398147105341762,0.0867178924259056
Acceleration_Dynamics__x__Speed_Dynamics=Uncommon Speed_Dynamics,Spatial_Reach_and_Route__x__Turning_Dynamics=Uncommon Spatial_Reach_and_Route,293,311,34,0.10900297619047619,0.11569940476190477,0.012648809523809524,0.11604095563139932,0.10932475884244373,1.0029520538173677,0.05964912280701754
Acceleration_Dynamics__x__Speed_Dynamics=Uncommon Speed_Dynamics,Spatial_Reach_and_Route__x__Turning_Dynamics=Uncommon Turning_Dynamics,293,332,41,0.10900297619047619,0.12351190476190477,0.01525297619047619,0.13993174061433447,0.12349397590361445,1.1329413216003947,0.0702054794520548
Acceleration_Dynamics__x__Speed_Dynamics=Uncommon Speed_Dynamics,Speed_Dynamics__x__Temporal_Sequential_Context=Hybrid,293,1412,194,0.10900297619047619,0.5252976190476191,0.07217261904761904,0.6621160409556314,0.13739376770538245,1.2604588655019382,0.128391793514229
Acceleration_Dynamics__x__Speed_Dynamics=Uncommon Speed_Dynamics,Speed_Dynamics__x__Temporal_Sequential_Context=Uncommon Speed_Dynamics,293,272,99,0.10900297619047619,0.10119047619047619,0.036830357142857144,0.3378839590443686,0.3639705882352941,3.339088536438466,0.21244635193133046
Acceleration_Dynamics__x__Speed_Dynamics=Uncommon Speed_Dynamics,Speed_Dynamics__x__Turning_Dynamics=Hybrid,293,1377,188,0.10900297619047619,0.5122767857142857,0.06994047619047619,0.6416382252559727,0.1365286855482934,1.2525225486478246,0.12685560053981107
Acceleration_Dynamics__x__Speed_Dynamics=Uncommon Speed_Dynamics,Speed_Dynamics__x__Turning_Dynamics=Uncommon Speed_Dynamics,293,301,105,0.10900297619047619,0.11197916666666667,0.0390625,0.3583617747440273,0.3488372093023256,3.2002539884117787,0.2147239263803681
Acceleration_Dynamics__x__Speed_Dynamics=Uncommon Speed_Dynamics,Temporal_Sequential_Context__x__Turning_Dynamics=Hybrid,293,1386,144,0.10900297619047619,0.515625,0.05357142857142857,0.49146757679180886,0.1038961038961039,0.9531492398386595,0.09381107491856677
Acceleration_Dynamics__x__Speed_Dynamics=Uncommon Speed_Dynamics,Temporal_Sequential_Context__x__Turning_Dynamics=Normal,293,714,92,0.10900297619047619,0.265625,0.03422619047619048,0.31399317406143346,0.12885154061624648,1.1820919494077495,0.1005464480874317
Acceleration_Dynamics__x__Speed_Dynamics=Uncommon Speed_Dynamics,Temporal_Sequential_Context__x__Turning_Dynamics=Uncommon Temporal_Sequential_Context,293,284,26,0.10900297619047619,0.1056547619047619,0.009672619047619048,0.08873720136518772,0.09154929577464789,0.8398788636254386,0.047186932849364795
Acceleration_Dynamics__x__Speed_Dynamics=Uncommon Speed_Dynamics,Temporal_Sequential_Context__x__Turning_Dynamics=Uncommon Turning_Dynamics,293,304,31,0.10900297619047619,0.1130952380952381,0.011532738095238096,0.10580204778156997,0.10197368421052631,0.9355128435423029,0.054770318021201414
Acceleration_Dynamics__x__Temporal_Sequential_Context=Hybrid,Acceleration_Dynamics__x__Turning_Dynamics=Hybrid,1439,1376,1010,0.5353422619047619,0.5119047619047619,0.3757440476190476,0.7018763029881863,0.7340116279069767,1.3711071965350616,0.5595567867036011
Acceleration_Dynamics__x__Temporal_Sequential_Context=Hybrid,Acceleration_Dynamics__x__Turning_Dynamics=Normal,1439,724,160,0.5353422619047619,0.2693452380952381,0.05952380952380952,0.11118832522585129,0.22099447513812154,0.41280969365619924,0.0798801797304044
Acceleration_Dynamics__x__Temporal_Sequential_Context=Hybrid,Acceleration_Dynamics__x__Turning_Dynamics=Uncommon Acceleration_Dynamics,1439,290,220,0.5353422619047619,0.10788690476190477,0.0818452380952381,0.15288394718554552,0.7586206896551724,1.4170760346025737,0.145791915175613
Acceleration_Dynamics__x__Temporal_Sequential_Context=Hybrid,Acceleration_Dynamics__x__Turning_Dynamics=Uncommon Turning_Dynamics,1439,298,49,0.5353422619047619,0.11086309523809523,0.018229166666666668,0.034051424600416956,0.1644295302013423,0.3071484205567812,0.029028436018957347
Acceleration_Dynamics__x__Temporal_Sequential_Context=Hybrid,Curvature_Geometry__x__Spatial_Reach_and_Route=Hybrid,1439,1349,786,0.5353422619047619,0.5018601190476191,0.2924107142857143,0.5462126476719944,0.5826538176426983,1.088376276458355,0.3926073926073926
Acceleration_Dynamics__x__Temporal_Sequential_Context=Hybrid,Curvature_Geometry__x__Spatial_Reach_and_Route=Normal,1439,693,309,0.5353422619047619,0.2578125,0.11495535714285714,0.2147324530924253,0.4458874458874459,0.832901636237286,0.16950082281952825
Acceleration_Dynamics__x__Temporal_Sequential_Context=Hybrid,Curvature_Geometry__x__Spatial_Reach_and_Route=Uncommon Curvature_Geometry,1439,321,145,0.5353422619047619,0.11941964285714286,0.053943452380952384,0.10076441973592773,0.4517133956386293,0.8437842998447781,0.08978328173374613
Acceleration_Dynamics__x__Temporal_Sequential_Context=Hybrid,Curvature_Geometry__x__Spatial_Reach_and_Route=Uncommon Spatial_Reach_and_Route,1439,325,199,0.5353422619047619,0.1209077380952381,0.0740327380952381,0.13829047949965254,0.6123076923076923,1.1437686427540494,0.12715654952076677
Acceleration_Dynamics__x__Temporal_Sequential_Context=Hybrid,Curvature_Geometry__x__Speed_Dynamics=Hybrid,1439,1357,752,0.5353422619047619,0.5048363095238095,0.27976190476190477,0.5225851285615011,0.5541635961680177,1.0351575722721553,0.3679060665362035
Acceleration_Dynamics__x__Temporal_Sequential_Context=Hybrid,Curvature_Geometry__x__Speed_Dynamics=Normal,1439,663,327,0.5353422619047619,0.24665178571428573,0.12165178571428571,0.22724113968033358,0.49321266968325794,0.9213034441338411,0.18422535211267604
Acceleration_Dynamics__x__Temporal_Sequential_Context=Hybrid,Curvature_Geometry__x__Speed_Dynamics=Uncommon Curvature_Geometry,1439,329,173,0.5353422619047619,0.12239583333333333,0.06436011904761904,0.1202223766504517,0.5258358662613982,0.9822423964632649,0.10846394984326019
Acceleration_Dynamics__x__Temporal_Sequential_Context=Hybrid,Curvature_Geometry__x__Speed_Dynamics=Uncommon Speed_Dynamics,1439,339,187,0.5353422619047619,0.12611607142857142,0.06956845238095238,0.1299513551077137,0.551622418879056,1.0304107449248803,0.11753614079195475
Acceleration_Dynamics__x__Temporal_Sequential_Context=Hybrid,Curvature_Geometry__x__Temporal_Sequential_Context=Hybrid,1439,1347,938,0.5353422619047619,0.5011160714285714,0.3489583333333333,0.6518415566365532,0.696362286562732,1.3007795874083556,0.5075757575757576
Acceleration_Dynamics__x__Temporal_Sequential_Context=Hybrid,Curvature_Geometry__x__Temporal_Sequential_Context=Normal,1439,708,177,0.5353422619047619,0.26339285714285715,0.06584821428571429,0.12300208478109799,0.25,0.4669909659485754,0.08984771573604061
Acceleration_Dynamics__x__Temporal_Sequential_Context=Hybrid,Curvature_Geometry__x__Temporal_Sequential_Context=Uncommon Curvature_Geometry,1439,314,66,0.5353422619047619,0.11681547619047619,0.024553571428571428,0.04586518415566365,0.21019108280254778,0.39262934716695513,0.03912270302311796
Acceleration_Dynamics__x__Temporal_Sequential_Context=Hybrid,Curvature_Geometry__x__Temporal_Sequential_Context=Uncommon Temporal_Sequential_Context,1439,319,258,0.5353422619047619,0.11867559523809523,0.09598214285714286,0.17929117442668518,0.8087774294670846,1.510767012096959,0.172
Acceleration_Dynamics__x__Temporal_Sequential_Context=Hybrid,Curvature_Geometry__x__Turning_Dynamics=Hybrid,1439,1356,754,0.5353422619047619,0.5044642857142857,0.2805059523809524,0.5239749826268242,0.556047197640118,1.0386760717558285,0.36942675159235666
Acceleration_Dynamics__x__Temporal_Sequential_Context=Hybrid,Curvature_Geometry__x__Turning_Dynamics=Normal,1439,699,346,0.5353422619047619,0.26004464285714285,0.12872023809523808,0.2404447533009034,0.4949928469241774,0.9246287508910278,0.19308035714285715
Acceleration_Dynamics__x__Temporal_Sequential_Context=Hybrid,Curvature_Geometry__x__Turning_Dynamics=Uncommon Curvature_Geometry,1439,310,156,0.5353422619047619,0.11532738095238096,0.05803571428571429,0.10840861709520501,0.5032258064516129,0.9400076217803582,0.09792843691148775
Acceleration_Dynamics__x__Temporal_Sequential_Context=Hybrid,Curvature_Geometry__x__Turning_Dynamics=Uncommon Turning_Dynamics,1439,323,183,0.5353422619047619,0.12016369047619048,0.06808035714285714,0.1271716469770674,0.56656346749226,1.0583200838215392,0.11589613679544016
Acceleration_Dynamics__x__Temporal_Sequential_Context=Hybrid,Spatial_Reach_and_Route__x__Speed_Dynamics=Hybrid,1439,1383,814,0.5353422619047619,0.5145089285714286,0.30282738095238093,0.5656706045865184,0.5885755603759942,1.0994378778948384,0.40537848605577687
Acceleration_Dynamics__x__Temporal_Sequential_Context=Hybrid,Spatial_Reach_and_Route__x__Speed_Dynamics=Normal,1439,749,327,0.5353422619047619,0.2786458333333333,0.12165178571428571,0.22724113968033358,0.43658210947930576,0.8155196040864308,0.17571198280494357
Acceleration_Dynamics__x__Temporal_Sequential_Context=Hybrid,Spatial_Reach_and_Route__x__Speed_Dynamics=Uncommon Spatial_Reach_and_Route,1439,261,159,0.5353422619047619,0.09709821428571429,0.05915178571428571,0.11049339819318972,0.6091954022988506,1.137954997483885,0.10317975340687865
Acceleration_Dynamics__x__Temporal_Sequential_Context=Hybrid,Spatial_Reach_and_Route__x__Speed_Dynamics=Uncommon Speed_Dynamics,1439,295,139,0.5353422619047619,0.10974702380952381,0.05171130952380952,0.0965948575399583,0.4711864406779661,0.8801592442962981,0.0871473354231975
Acceleration_Dynamics__x__Temporal_Sequential_Context=Hybrid,Spatial_Reach_and_Route__x__Temporal_Sequential_Context=Hybrid,1439,1448,1029,0.5353422619047619,0.5386904761904762,0.3828125,0.715079916608756,0.710635359116022,1.3274411711632157,0.553821313240043
Acceleration_Dynamics__x__Temporal_Sequential_Context=Hybrid,Spatial_Reach_and_Route__x__Temporal_Sequential_Context=Normal,1439,811,183,0.5353422619047619,0.30171130952380953,0.06808035714285714,0.1271716469770674,0.22564734895191121,0.42150109380315315,0.08853410740203194
Acceleration_Dynamics__x__Temporal_Sequential_Context=Hybrid,Spatial_Reach_and_Route__x__Temporal_Sequential_Context=Uncommon Spatial_Reach_and_Route,1439,191,43,0.5353422619047619,0.07105654761904762,0.015997023809523808,0.029881862404447533,0.225130890052356,0.42053636724164906,0.027095148078134845
Acceleration_Dynamics__x__Temporal_Sequential_Context=Hybrid,Spatial_Reach_and_Route__x__Temporal_Sequential_Context=Uncommon Temporal_Sequential_Context,1439,238,184,0.5353422619047619,0.08854166666666667,0.06845238095238096,0.12786657400972898,0.773109243697479,1.4441401299922334,0.12324179504353651
Acceleration_Dynamics__x__Temporal_Sequential_Context=Hybrid,Spatial_Reach_and_Route__x__Turning_Dynamics=Hybrid,1439,1348,789,0.5353422619047619,0.5014880952380952,0.2935267857142857,0.5482974287699791,0.5853115727002968,1.0933408668647657,0.3948948948948949
Acceleration_Dynamics__x__Temporal_Sequential_Context=Hybrid,Spatial_Reach_and_Route__x__Turning_Dynamics=Normal,1439,697,290,0.5353422619047619,0.25930059523809523,0.10788690476190477,0.20152883947185546,0.41606886657101866,0.7772016076045158,0.1570964247020585
Acceleration_Dynamics__x__Temporal_Sequential_Context=Hybrid,Spatial_Reach_and_Route__x__Turning_Dynamics=Uncommon Spatial_Reach_and_Route,1439,311,199,0.5353422619047619,0.11569940476190477,0.0740327380952381,0.13829047949965254,0.639871382636656,1.19525662024137,0.1283043197936815
Acceleration_Dynamics__x__Temporal_Sequential_Context=Hybrid,Spatial_Reach_and_Route__x__Turning_Dynamics=Uncommon Turning_Dynamics,1439,332,161,0.5353422619047619,0.12351190476190477,0.059895833333333336,0.11188325225851285,0.48493975903614456,0.9058499459966343,0.1
Acceleration_Dynamics__x__Temporal_Sequential_Context=Hybrid,Speed_Dynamics__x__Temporal_Sequential_Context=Hybrid,1439,1412,1009,0.5353422619047619,0.5252976190476191,0.37537202380952384,0.7011813759555247,0.7145892351274787,1.33482686867454,0.5477741585233442
Acceleration_Dynamics__x__Temporal_Sequential_Context=Hybrid,Speed_Dynamics__x__Temporal_Sequential_Context=Normal,1439,735,186,0.5353422619047619,0.2734375,0.06919642857142858,0.1292564280750521,0.2530612244897959,0.4727092226744764,0.09356136820925554
Acceleration_Dynamics__x__Temporal_Sequential_Context=Hybrid,Speed_Dynamics__x__Temporal_Sequential_Context=Uncommon Speed_Dynamics,1439,272,45,0.5353422619047619,0.10119047619047619,0.016741071428571428,0.03127171646977067,0.16544117647058823,0.3090381392306749,0.02701080432172869
Acceleration_Dynamics__x__Temporal_Sequential_Context=Hybrid,Speed_Dynamics__x__Temporal_Sequential_Context=Uncommon Temporal_Sequential_Context,1439,269,199,0.5353422619047619,0.10007440476190477,0.0740327380952381,0.13829047949965254,0.7397769516728625,1.3818766129928106,0.1318754141815772
Acceleration_Dynamics__x__Temporal_Sequential_Context=Hybrid,Speed_Dynamics__x__Turning_Dynamics=Hybrid,1439,1377,798,0.5353422619047619,0.5122767857142857,0.296875,0.5545517720639332,0.579520697167756,1.082523720630249,0.39544103072348863
Acceleration_Dynamics__x__Temporal_Sequential_Context=Hybrid,Speed_Dynamics__x__Turning_Dynamics=Normal,1439,709,355,0.5353422619047619,0.26376488095238093,0.13206845238095238,0.24669909659485753,0.5007052186177715,0.9352992547912232,0.19799219185722253
Acceleration_Dynamics__x__Temporal_Sequential_Context=Hybrid,Speed_Dynamics__x__Turning_Dynamics=Uncommon Speed_Dynamics,1439,301,148,0.5353422619047619,0.11197916666666667,0.05505952380952381,0.10284920083391244,0.49169435215946844,0.9184672818656366,0.09296482412060302
Acceleration_Dynamics__x__Temporal_Sequential_Context=Hybrid,Speed_Dynamics__x__Turning_Dynamics=Uncommon Turning_Dynamics,1439,301,138,0.5353422619047619,0.11197916666666667,0.05133928571428571,0.09589993050729674,0.4584717607973422,0.8564086817395802,0.08614232209737828
Acceleration_Dynamics__x__Temporal_Sequential_Context=Hybrid,Temporal_Sequential_Context__x__Turning_Dynamics=Hybrid,1439,1386,1006,0.5353422619047619,0.515625,0.3742559523809524,0.6990965948575399,0.7258297258297258,1.3558236991176533,0.5530511269928532
Acceleration_Dynamics__x__Temporal_Sequential_Context=Hybrid,Temporal_Sequential_Context__x__Turning_Dynamics=Normal,1439,714,186,0.5353422619047619,0.265625,0.06919642857142858,0.1292564280750521,0.2605042016806723,0.4866124351060786,0.0945602440264362
Acceleration_Dynamics__x__Temporal_Sequential_Context=Hybrid,Temporal_Sequential_Context__x__Turning_Dynamics=Uncommon Temporal_Sequential_Context,1439,284,203,0.5353422619047619,0.1056547619047619,0.07552083333333333,0.14107018763029883,0.7147887323943662,1.3351995223600113,0.13355263157894737
Acceleration_Dynamics__x__Temporal_Sequential_Context=Hybrid,Temporal_Sequential_Context__x__Turning_Dynamics=Uncommon Turning_Dynamics,1439,304,44,0.5353422619047619,0.1130952380952381,0.01636904761904762,0.030576789437109102,0.14473684210526316,0.2703631908123332,0.025897586815773983
Acceleration_Dynamics__x__Temporal_Sequential_Context=Normal,Acceleration_Dynamics__x__Turning_Dynamics=Hybrid,782,1376,186,0.29092261904761907,0.5119047619047619,0.06919642857142858,0.23785166240409208,0.13517441860465115,0.4646404567893892,0.09432048681541583
Acceleration_Dynamics__x__Temporal_Sequential_Context=Normal,Acceleration_Dynamics__x__Turning_Dynamics=Normal,782,724,431,0.29092261904761907,0.2693452380952381,0.16034226190476192,0.551150895140665,0.5953038674033149,2.0462618869310876,0.40093023255813953
Acceleration_Dynamics__x__Temporal_Sequential_Context=Normal,Acceleration_Dynamics__x__Turning_Dynamics=Uncommon Turning_Dynamics,782,298,165,0.29092261904761907,0.11086309523809523,0.06138392857142857,0.21099744245524296,0.5536912751677853,1.903225252750648,0.18032786885245902
Acceleration_Dynamics__x__Temporal_Sequential_Context=Normal,Curvature_Geometry__x__Spatial_Reach_and_Route=Hybrid,782,1349,328,0.29092261904761907,0.5018601190476191,0.12202380952380952,0.4194373401534527,0.24314306893995552,0.8357654339010234,0.18191902384914033
Acceleration_Dynamics__x__Temporal_Sequential_Context=Normal,Curvature_Geometry__x__Spatial_Reach_and_Route=Normal,782,693,263,0.29092261904761907,0.2578125,0.0978422619047619,0.33631713554987214,0.3795093795093795,1.304502828799504,0.21699669966996699
Acceleration_Dynamics__x__Temporal_Sequential_Context=Normal,Curvature_Geometry__x__Spatial_Reach_and_Route=Uncommon Curvature_Geometry,782,321,114,0.29092261904761907,0.11941964285714286,0.04241071428571429,0.14578005115089515,0.35514018691588783,1.2207376245906731,0.11526794742163801
Acceleration_Dynamics__x__Temporal_Sequential_Context=Normal,Curvature_Geometry__x__Spatial_Reach_and_Route=Uncommon Spatial_Reach_and_Route,782,325,77,0.29092261904761907,0.1209077380952381,0.028645833333333332,0.09846547314578005,0.23692307692307693,0.8143852055872516,0.07475728155339806
Acceleration_Dynamics__x__Temporal_Sequential_Context=Normal,Curvature_Geometry__x__Speed_Dynamics=Hybrid,782,1357,349,0.29092261904761907,0.5048363095238095,0.12983630952380953,0.4462915601023018,0.2571849668386146,0.8840322133787673,0.19497206703910613
Acceleration_Dynamics__x__Temporal_Sequential_Context=Normal,Curvature_Geometry__x__Speed_Dynamics=Normal,782,663,238,0.29092261904761907,0.24665178571428573,0.08854166666666667,0.30434782608695654,0.358974358974359,1.2339169781625023,0.19718309859154928
Acceleration_Dynamics__x__Temporal_Sequential_Context=Normal,Curvature_Geometry__x__Speed_Dynamics=Uncommon Curvature_Geometry,782,329,99,0.29092261904761907,0.12239583333333333,0.036830357142857144,0.1265984654731458,0.3009118541033435,1.0343363987593186,0.09782608695652174
Acceleration_Dynamics__x__Temporal_Sequential_Context=Normal,Curvature_Geometry__x__Speed_Dynamics=Uncommon Speed_Dynamics,782,339,96,0.29092261904761907,0.12611607142857142,0.03571428571428571,0.12276214833759591,0.2831858407079646,0.9734060611547428,0.09365853658536585
Acceleration_Dynamics__x__Temporal_Sequential_Context=Normal,Curvature_Geometry__x__Temporal_Sequential_Context=Hybrid,782,1347,177,0.29092261904761907,0.5011160714285714,0.06584821428571429,0.22634271099744246,0.13140311804008908,0.4516772139280812,0.09067622950819672
Acceleration_Dynamics__x__Temporal_Sequential_Context=Normal,Curvature_Geometry__x__Temporal_Sequential_Context=Normal,782,708,420,0.29092261904761907,0.26339285714285715,0.15625,0.5370843989769821,0.5932203389830508,2.039100091031254,0.3925233644859813
Acceleration_Dynamics__x__Temporal_Sequential_Context=Normal,Curvature_Geometry__x__Temporal_Sequential_Context=Uncommon Curvature_Geometry,782,314,185,0.29092261904761907,0.11681547619047619,0.06882440476190477,0.23657289002557544,0.589171974522293,2.02518448531448,0.2030735455543359
Acceleration_Dynamics__x__Temporal_Sequential_Context=Normal,Curvature_Geometry__x__Turning_Dynamics=Hybrid,782,1356,351,0.29092261904761907,0.5044642857142857,0.13058035714285715,0.44884910485933505,0.2588495575221239,0.8897539777742571,0.19641857862339115
Acceleration_Dynamics__x__Temporal_Sequential_Context=Normal,Curvature_Geometry__x__Turning_Dynamics=Normal,782,699,235,0.29092261904761907,0.26004464285714285,0.08742559523809523,0.30051150895140666,0.3361945636623748,1.1556150730491859,0.18860353130016053
Acceleration_Dynamics__x__Temporal_Sequential_Context=Normal,Curvature_Geometry__x__Turning_Dynamics=Uncommon Curvature_Geometry,782,310,98,0.29092261904761907,0.11532738095238096,0.036458333333333336,0.12531969309462915,0.3161290322580645,1.0866430162527843,0.09859154929577464
Acceleration_Dynamics__x__Temporal_Sequential_Context=Normal,Curvature_Geometry__x__Turning_Dynamics=Uncommon Turning_Dynamics,782,323,98,0.29092261904761907,0.12016369047619048,0.036458333333333336,0.12531969309462915,0.30340557275541796,1.0429081580135082,0.09731876861966236
Acceleration_Dynamics__x__Temporal_Sequential_Context=Normal,Spatial_Reach_and_Route__x__Speed_Dynamics=Hybrid,782,1383,332,0.29092261904761907,0.5145089285714286,0.12351190476190477,0.42455242966751916,0.24005784526391902,0.8251604706770003,0.18112384069830878
Acceleration_Dynamics__x__Temporal_Sequential_Context=Normal,Spatial_Reach_and_Route__x__Speed_Dynamics=Normal,782,749,294,0.29092261904761907,0.2786458333333333,0.109375,0.37595907928388744,0.3925233644859813,1.3492363219160075,0.23767178658043653
Acceleration_Dynamics__x__Temporal_Sequential_Context=Normal,Spatial_Reach_and_Route__x__Speed_Dynamics=Uncommon Spatial_Reach_and_Route,782,261,55,0.29092261904761907,0.09709821428571429,0.020461309523809524,0.07033248081841433,0.210727969348659,0.7243437104976923,0.05566801619433198
Acceleration_Dynamics__x__Temporal_Sequential_Context=Normal,Spatial_Reach_and_Route__x__Speed_Dynamics=Uncommon Speed_Dynamics,782,295,101,0.29092261904761907,0.10974702380952381,0.03757440476190476,0.12915601023017903,0.3423728813559322,1.1768520525380382,0.10348360655737705
Acceleration_Dynamics__x__Temporal_Sequential_Context=Normal,Spatial_Reach_and_Route__x__Temporal_Sequential_Context=Hybrid,782,1448,183,0.29092261904761907,0.5386904761904762,0.06808035714285714,0.2340153452685422,0.12638121546961326,0.4344152265758573,0.0893991206643869
Acceleration_Dynamics__x__Temporal_Sequential_Context=Normal,Spatial_Reach_and_Route__x__Temporal_Sequential_Context=Normal,782,811,490,0.29092261904761907,0.30171130952380953,0.18229166666666666,0.6265984654731458,0.6041923551171393,2.0768146426532867,0.4442429737080689
Acceleration_Dynamics__x__Temporal_Sequential_Context=Normal,Spatial_Reach_and_Route__x__Temporal_Sequential_Context=Uncommon Spatial_Reach_and_Route,782,191,109,0.29092261904761907,0.07105654761904762,0.04055059523809524,0.13938618925831203,0.5706806282722513,1.9616234383578153,0.1261574074074074
Acceleration_Dynamics__x__Temporal_Sequential_Context=Normal,Spatial_Reach_and_Route__x__Turning_Dynamics=Hybrid,782,1348,331,0.29092261904761907,0.5014880952380952,0.12313988095238096,0.42327365728900257,0.24554896142433236,0.8440353047424621,0.1839911061700945
Acceleration_Dynamics__x__Temporal_Sequential_Context=Normal,Spatial_Reach_and_Route__x__Turning_Dynamics=Normal,782,697,282,0.29092261904761907,0.25930059523809523,0.10491071428571429,0.36061381074168797,0.40459110473457677,1.3907172500339415,0.23558897243107768
Acceleration_Dynamics__x__Temporal_Sequential_Context=Normal,Spatial_Reach_and_Route__x__Turning_Dynamics=Uncommon Spatial_Reach_and_Route,782,311,61,0.29092261904761907,0.11569940476190477,0.02269345238095238,0.07800511508951406,0.19614147909967847,0.6742049818669252,0.05910852713178295
Acceleration_Dynamics__x__Temporal_Sequential_Context=Normal,Spatial_Reach_and_Route__x__Turning_Dynamics=Uncommon Turning_Dynamics,782,332,108,0.29092261904761907,0.12351190476190477,0.04017857142857143,0.13810741687979539,0.3253012048192771,1.1181708932918375,0.1073558648111332
Acceleration_Dynamics__x__Temporal_Sequential_Context=Normal,Speed_Dynamics__x__Temporal_Sequential_Context=Hybrid,782,1412,178,0.29092261904761907,0.5252976190476191,0.0662202380952381,0.22762148337595908,0.12606232294617564,0.4333190845004093,0.0882936507936508
Acceleration_Dynamics__x__Temporal_Sequential_Context=Normal,Speed_Dynamics__x__Temporal_Sequential_Context=Normal,782,735,447,0.29092261904761907,0.2734375,0.16629464285714285,0.571611253196931,0.6081632653061224,2.090464011691633,0.4177570093457944
Acceleration_Dynamics__x__Temporal_Sequential_Context=Normal,Speed_Dynamics__x__Temporal_Sequential_Context=Uncommon Speed_Dynamics,782,272,157,0.29092261904761907,0.10119047619047619,0.058407738095238096,0.20076726342711,0.5772058823529411,1.9840529562208513,0.1750278706800446
Acceleration_Dynamics__x__Temporal_Sequential_Context=Normal,Speed_Dynamics__x__Turning_Dynamics=Hybrid,782,1377,343,0.29092261904761907,0.5122767857142857,0.12760416666666666,0.43861892583120204,0.24909222948438633,0.8562147223197321,0.18887665198237885
Acceleration_Dynamics__x__Temporal_Sequential_Context=Normal,Speed_Dynamics__x__Turning_Dynamics=Normal,782,709,238,0.29092261904761907,0.26376488095238093,0.08854166666666667,0.30434782608695654,0.33568406205923834,1.1538603053903234,0.18994413407821228
Acceleration_Dynamics__x__Temporal_Sequential_Context=Normal,Speed_Dynamics__x__Turning_Dynamics=Uncommon Speed_Dynamics,782,301,95,0.29092261904761907,0.11197916666666667,0.035342261904761904,0.12148337595907928,0.31561461794019935,1.0848747992624754,0.09615384615384616
Acceleration_Dynamics__x__Temporal_Sequential_Context=Normal,Speed_Dynamics__x__Turning_Dynamics=Uncommon Turning_Dynamics,782,301,106,0.29092261904761907,0.11197916666666667,0.03943452380952381,0.13554987212276215,0.3521594684385382,1.2104918812823409,0.10849539406345957
Acceleration_Dynamics__x__Temporal_Sequential_Context=Normal,Temporal_Sequential_Context__x__Turning_Dynamics=Hybrid,782,1386,169,0.29092261904761907,0.515625,0.06287202380952381,0.21611253196930946,0.12193362193362194,0.4191273347283577,0.08454227113556778
Acceleration_Dynamics__x__Temporal_Sequential_Context=Normal,Temporal_Sequential_Context__x__Turning_Dynamics=Normal,782,714,431,0.29092261904761907,0.265625,0.16034226190476192,0.551150895140665,0.603641456582633,2.074921017000151,0.40469483568075115
Acceleration_Dynamics__x__Temporal_Sequential_Context=Normal,Temporal_Sequential_Context__x__Turning_Dynamics=Uncommon Turning_Dynamics,782,304,182,0.29092261904761907,0.1130952380952381,0.06770833333333333,0.23273657289002558,0.5986842105263158,2.0578812760802254,0.2013274336283186
Acceleration_Dynamics__x__Temporal_Sequential_Context=Uncommon Acceleration_Dynamics,Acceleration_Dynamics__x__Turning_Dynamics=Hybrid,213,1376,143,0.07924107142857142,0.5119047619047619,0.05319940476190476,0.6713615023474179,0.10392441860465117,1.3114968883065838,0.09889349930843706
Acceleration_Dynamics__x__Temporal_Sequential_Context=Uncommon Acceleration_Dynamics,Acceleration_Dynamics__x__Turning_Dynamics=Uncommon Acceleration_Dynamics,213,290,70,0.07924107142857142,0.10788690476190477,0.026041666666666668,0.3286384976525822,0.2413793103448276,3.046138902379796,0.16166281755196305
Acceleration_Dynamics__x__Temporal_Sequential_Context=Uncommon Acceleration_Dynamics,Curvature_Geometry__x__Spatial_Reach_and_Route=Hybrid,213,1349,85,0.07924107142857142,0.5018601190476191,0.03162202380952381,0.39906103286384975,0.06300963676797627,0.7951638668184049,0.05754908598510494
Acceleration_Dynamics__x__Temporal_Sequential_Context=Uncommon Acceleration_Dynamics,Curvature_Geometry__x__Spatial_Reach_and_Route=Normal,213,693,70,0.07924107142857142,0.2578125,0.026041666666666668,0.3286384976525822,0.10101010101010101,1.2747190211978945,0.08373205741626795
Acceleration_Dynamics__x__Temporal_Sequential_Context=Uncommon Acceleration_Dynamics,Curvature_Geometry__x__Spatial_Reach_and_Route=Uncommon Curvature_Geometry,213,321,39,0.07924107142857142,0.11941964285714286,0.014508928571428572,0.18309859154929578,0.12149532710280374,1.5332368040015798,0.07878787878787878
Acceleration_Dynamics__x__Temporal_Sequential_Context=Uncommon Acceleration_Dynamics,Curvature_Geometry__x__Spatial_Reach_and_Route=Uncommon Spatial_Reach_and_Route,213,325,19,0.07924107142857142,0.1209077380952381,0.007068452380952381,0.0892018779342723,0.05846153846153846,0.7377681473456121,0.036608863198458574
Acceleration_Dynamics__x__Temporal_Sequential_Context=Uncommon Acceleration_Dynamics,Curvature_Geometry__x__Speed_Dynamics=Hybrid,213,1357,110,0.07924107142857142,0.5048363095238095,0.04092261904761905,0.5164319248826291,0.08106116433308769,1.0229690597527685,0.07534246575342465
Acceleration_Dynamics__x__Temporal_Sequential_Context=Uncommon Acceleration_Dynamics,Curvature_Geometry__x__Speed_Dynamics=Normal,213,663,51,0.07924107142857142,0.24665178571428573,0.018973214285714284,0.23943661971830985,0.07692307692307693,0.970747562296858,0.06181818181818182
Acceleration_Dynamics__x__Temporal_Sequential_Context=Uncommon Acceleration_Dynamics,Curvature_Geometry__x__Speed_Dynamics=Uncommon Curvature_Geometry,213,329,26,0.07924107142857142,0.12239583333333333,0.009672619047619048,0.12206572769953052,0.0790273556231003,0.9973029667365898,0.050387596899224806
Acceleration_Dynamics__x__Temporal_Sequential_Context=Uncommon Acceleration_Dynamics,Curvature_Geometry__x__Speed_Dynamics=Uncommon Speed_Dynamics,213,339,26,0.07924107142857142,0.12611607142857142,0.009672619047619048,0.12206572769953052,0.07669616519174041,0.967884000166189,0.049429657794676805
Acceleration_Dynamics__x__Temporal_Sequential_Context=Uncommon Acceleration_Dynamics,Curvature_Geometry__x__Temporal_Sequential_Context=Hybrid,213,1347,39,0.07924107142857142,0.5011160714285714,0.014508928571428572,0.18309859154929578,0.028953229398663696,0.36538159917186863,0.02564102564102564
Acceleration_Dynamics__x__Temporal_Sequential_Context=Uncommon Acceleration_Dynamics,Curvature_Geometry__x__Temporal_Sequential_Context=Normal,213,708,111,0.07924107142857142,0.26339285714285715,0.041294642857142856,0.5211267605633803,0.15677966101694915,1.9785151587491048,0.13703703703703704
Acceleration_Dynamics__x__Temporal_Sequential_Context=Uncommon Acceleration_Dynamics,Curvature_Geometry__x__Temporal_Sequential_Context=Uncommon Curvature_Geometry,213,314,63,0.07924107142857142,0.11681547619047619,0.0234375,0.29577464788732394,0.20063694267515925,2.531981699111869,0.13577586206896552
Acceleration_Dynamics__x__Temporal_Sequential_Context=Uncommon Acceleration_Dynamics,Curvature_Geometry__x__Turning_Dynamics=Hybrid,213,1356,110,0.07924107142857142,0.5044642857142857,0.04092261904761905,0.5164319248826291,0.08112094395280237,1.0237234617142383,0.07539410555174778
Acceleration_Dynamics__x__Temporal_Sequential_Context=Uncommon Acceleration_Dynamics,Curvature_Geometry__x__Turning_Dynamics=Normal,213,699,55,0.07924107142857142,0.26004464285714285,0.020461309523809524,0.25821596244131456,0.07868383404864092,0.9929678212335531,0.06417736289381563
Acceleration_Dynamics__x__Temporal_Sequential_Context=Uncommon Acceleration_Dynamics,Curvature_Geometry__x__Turning_Dynamics=Uncommon Curvature_Geometry,213,310,22,0.07924107142857142,0.11532738095238096,0.00818452380952381,0.10328638497652583,0.07096774193548387,0.8955929123125852,0.043912175648702596
Acceleration_Dynamics__x__Temporal_Sequential_Context=Uncommon Acceleration_Dynamics,Curvature_Geometry__x__Turning_Dynamics=Uncommon Turning_Dynamics,213,323,26,0.07924107142857142,0.12016369047619048,0.009672619047619048,0.12206572769953052,0.0804953560371517,1.0158287184406751,0.050980392156862744
Acceleration_Dynamics__x__Temporal_Sequential_Context=Uncommon Acceleration_Dynamics,Spatial_Reach_and_Route__x__Speed_Dynamics=Hybrid,213,1383,95,0.07924107142857142,0.5145089285714286,0.035342261904761904,0.4460093896713615,0.06869125090383225,0.866864236758221,0.06329113924050633
Acceleration_Dynamics__x__Temporal_Sequential_Context=Uncommon Acceleration_Dynamics,Spatial_Reach_and_Route__x__Speed_Dynamics=Normal,213,749,75,0.07924107142857142,0.2786458333333333,0.027901785714285716,0.352112676056338,0.10013351134846461,1.2636567065947086,0.08455467869222097
Acceleration_Dynamics__x__Temporal_Sequential_Context=Uncommon Acceleration_Dynamics,Spatial_Reach_and_Route__x__Speed_Dynamics=Uncommon Spatial_Reach_and_Route,213,261,7,0.07924107142857142,0.09709821428571429,0.0026041666666666665,0.03286384976525822,0.02681992337164751,0.3384598780421995,0.014989293361884369
Acceleration_Dynamics__x__Temporal_Sequential_Context=Uncommon Acceleration_Dynamics,Spatial_Reach_and_Route__x__Speed_Dynamics=Uncommon Speed_Dynamics,213,295,36,0.07924107142857142,0.10974702380952381,0.013392857142857142,0.16901408450704225,0.12203389830508475,1.540033420864168,0.07627118644067797
Acceleration_Dynamics__x__Temporal_Sequential_Context=Uncommon Acceleration_Dynamics,Spatial_Reach_and_Route__x__Temporal_Sequential_Context=Hybrid,213,1448,36,0.07924107142857142,0.5386904761904762,0.013392857142857142,0.16901408450704225,0.024861878453038673,0.313749902731305,0.022153846153846152
Acceleration_Dynamics__x__Temporal_Sequential_Context=Uncommon Acceleration_Dynamics,Spatial_Reach_and_Route__x__Temporal_Sequential_Context=Normal,213,811,138,0.07924107142857142,0.30171130952380953,0.05133928571428571,0.647887323943662,0.17016029593094945,2.147375002170855,0.15575620767494355
Acceleration_Dynamics__x__Temporal_Sequential_Context=Uncommon Acceleration_Dynamics,Spatial_Reach_and_Route__x__Temporal_Sequential_Context=Uncommon Spatial_Reach_and_Route,213,191,39,0.07924107142857142,0.07105654761904762,0.014508928571428572,0.18309859154929578,0.20418848167539266,2.576801120861294,0.10684931506849316
Acceleration_Dynamics__x__Temporal_Sequential_Context=Uncommon Acceleration_Dynamics,Spatial_Reach_and_Route__x__Turning_Dynamics=Hybrid,213,1348,92,0.07924107142857142,0.5014880952380952,0.03422619047619048,0.431924882629108,0.06824925816023739,0.8612864128390523,0.06262763784887679
Acceleration_Dynamics__x__Temporal_Sequential_Context=Uncommon Acceleration_Dynamics,Spatial_Reach_and_Route__x__Turning_Dynamics=Normal,213,697,64,0.07924107142857142,0.25930059523809523,0.023809523809523808,0.3004694835680751,0.09182209469153516,1.1587689696283874,0.07565011820330969
Acceleration_Dynamics__x__Temporal_Sequential_Context=Uncommon Acceleration_Dynamics,Spatial_Reach_and_Route__x__Turning_Dynamics=Uncommon Spatial_Reach_and_Route,213,311,16,0.07924107142857142,0.11569940476190477,0.005952380952380952,0.07511737089201878,0.05144694533762058,0.6492459580634934,0.031496062992125984
Acceleration_Dynamics__x__Temporal_Sequential_Context=Uncommon Acceleration_Dynamics,Spatial_Reach_and_Route__x__Turning_Dynamics=Uncommon Turning_Dynamics,213,332,41,0.07924107142857142,0.12351190476190477,0.01525297619047619,0.19248826291079812,0.12349397590361445,1.5584591888681485,0.08134920634920635
Acceleration_Dynamics__x__Temporal_Sequential_Context=Uncommon Acceleration_Dynamics,Speed_Dynamics__x__Temporal_Sequential_Context=Hybrid,213,1412,41,0.07924107142857142,0.5252976190476191,0.01525297619047619,0.19248826291079812,0.02903682719546742,0.36643657981885647,0.025883838383838384
Acceleration_Dynamics__x__Temporal_Sequential_Context=Uncommon Acceleration_Dynamics,Speed_Dynamics__x__Temporal_Sequential_Context=Normal,213,735,102,0.07924107142857142,0.2734375,0.03794642857142857,0.4788732394366197,0.13877551020408163,1.7513078470824948,0.12056737588652482
Acceleration_Dynamics__x__Temporal_Sequential_Context=Uncommon Acceleration_Dynamics,Speed_Dynamics__x__Temporal_Sequential_Context=Uncommon Speed_Dynamics,213,272,70,0.07924107142857142,0.10119047619047619,0.026041666666666668,0.3286384976525822,0.25735294117647056,3.247721623860812,0.1686746987951807
Acceleration_Dynamics__x__Temporal_Sequential_Context=Uncommon Acceleration_Dynamics,Speed_Dynamics__x__Turning_Dynamics=Hybrid,213,1377,104,0.07924107142857142,0.5122767857142857,0.03869047619047619,0.48826291079812206,0.07552650689905592,0.9531232419937198,0.06998654104979811
Acceleration_Dynamics__x__Temporal_Sequential_Context=Uncommon Acceleration_Dynamics,Speed_Dynamics__x__Turning_Dynamics=Normal,213,709,48,0.07924107142857142,0.26376488095238093,0.017857142857142856,0.22535211267605634,0.06770098730606489,0.8543673891018893,0.05491990846681922
Acceleration_Dynamics__x__Temporal_Sequential_Context=Uncommon Acceleration_Dynamics,Speed_Dynamics__x__Turning_Dynamics=Uncommon Speed_Dynamics,213,301,28,0.07924107142857142,0.11197916666666667,0.010416666666666666,0.13145539906103287,0.09302325581395349,1.1739272846380608,0.05761316872427984
Acceleration_Dynamics__x__Temporal_Sequential_Context=Uncommon Acceleration_Dynamics,Speed_Dynamics__x__Turning_Dynamics=Uncommon Turning_Dynamics,213,301,33,0.07924107142857142,0.11197916666666667,0.012276785714285714,0.15492957746478872,0.10963455149501661,1.3835571568948575,0.06860706860706861
Acceleration_Dynamics__x__Temporal_Sequential_Context=Uncommon Acceleration_Dynamics,Temporal_Sequential_Context__x__Turning_Dynamics=Hybrid,213,1386,38,0.07924107142857142,0.515625,0.014136904761904762,0.1784037558685446,0.027417027417027416,0.34599516289657134,0.024343369634849454
Acceleration_Dynamics__x__Temporal_Sequential_Context=Uncommon Acceleration_Dynamics,Temporal_Sequential_Context__x__Turning_Dynamics=Normal,213,714,97,0.07924107142857142,0.265625,0.03608630952380952,0.45539906103286387,0.13585434173669467,1.7144435238884286,0.11686746987951807
Acceleration_Dynamics__x__Temporal_Sequential_Context=Uncommon Acceleration_Dynamics,Temporal_Sequential_Context__x__Turning_Dynamics=Uncommon Turning_Dynamics,213,304,78,0.07924107142857142,0.1130952380952381,0.029017857142857144,0.36619718309859156,0.2565789473684211,3.2379540400296523,0.1776765375854214
Acceleration_Dynamics__x__Temporal_Sequential_Context=Uncommon Temporal_Sequential_Context,Acceleration_Dynamics__x__Turning_Dynamics=Hybrid,254,1376,37,0.09449404761904762,0.5119047619047619,0.013764880952380952,0.14566929133858267,0.02688953488372093,0.28456326680095223,0.02322661644695543
Acceleration_Dynamics__x__Temporal_Sequential_Context=Uncommon Temporal_Sequential_Context,Acceleration_Dynamics__x__Turning_Dynamics=Normal,254,724,133,0.09449404761904762,0.2693452380952381,0.049479166666666664,0.5236220472440944,0.18370165745856354,1.9440553356244836,0.15739644970414202
Acceleration_Dynamics__x__Temporal_Sequential_Context=Uncommon Temporal_Sequential_Context,Acceleration_Dynamics__x__Turning_Dynamics=Uncommon Turning_Dynamics,254,298,84,0.09449404761904762,0.11086309523809523,0.03125,0.33070866141732286,0.28187919463087246,2.9830365164086032,0.1794871794871795
Acceleration_Dynamics__x__Temporal_Sequential_Context=Uncommon Temporal_Sequential_Context,Curvature_Geometry__x__Spatial_Reach_and_Route=Hybrid,254,1349,150,0.09449404761904762,0.5018601190476191,0.05580357142857143,0.5905511811023622,0.1111934766493699,1.1767246662736468,0.10323468685478321
Acceleration_Dynamics__x__Temporal_Sequential_Context=Uncommon Temporal_Sequential_Context,Curvature_Geometry__x__Spatial_Reach_and_Route=Normal,254,693,51,0.09449404761904762,0.2578125,0.018973214285714284,0.20078740157480315,0.0735930735930736,0.7788117394416607,0.056919642857142856
Acceleration_Dynamics__x__Temporal_Sequential_Context=Uncommon Temporal_Sequential_Context,Curvature_Geometry__x__Spatial_Reach_and_Route=Uncommon Curvature_Geometry,254,321,23,0.09449404761904762,0.11941964285714286,0.00855654761904762,0.09055118110236221,0.07165109034267912,0.7582603576422107,0.041666666666666664
Acceleration_Dynamics__x__Temporal_Sequential_Context=Uncommon Temporal_Sequential_Context,Curvature_Geometry__x__Spatial_Reach_and_Route=Uncommon Spatial_Reach_and_Route,254,325,30,0.09449404761904762,0.1209077380952381,0.011160714285714286,0.11811023622047244,0.09230769230769231,0.9768625075711691,0.0546448087431694
Acceleration_Dynamics__x__Temporal_Sequential_Context=Uncommon Temporal_Sequential_Context,Curvature_Geometry__x__Speed_Dynamics=Hybrid,254,1357,146,0.09449404761904762,0.5048363095238095,0.05431547619047619,0.5748031496062992,0.10759027266028003,1.1385931216961918,0.09965870307167235
Acceleration_Dynamics__x__Temporal_Sequential_Context=Uncommon Temporal_Sequential_Context,Curvature_Geometry__x__Speed_Dynamics=Normal,254,663,47,0.09449404761904762,0.24665178571428573,0.017485119047619048,0.18503937007874016,0.07088989441930618,0.7502048669255709,0.054022988505747126
Acceleration_Dynamics__x__Temporal_Sequential_Context=Uncommon Temporal_Sequential_Context,Curvature_Geometry__x__Speed_Dynamics=Uncommon Curvature_Geometry,254,329,31,0.09449404761904762,0.12239583333333333,0.011532738095238096,0.1220472440944882,0.09422492401215805,0.9971519517507123,0.05615942028985507
Acceleration_Dynamics__x__Temporal_Sequential_Context=Uncommon Temporal_Sequential_Context,Curvature_Geometry__x__Speed_Dynamics=Uncommon Speed_Dynamics,254,339,30,0.09449404761904762,0.12611607142857142,0.011160714285714286,0.11811023622047244,0.08849557522123894,0.9365201031287018,0.05328596802841918
Acceleration_Dynamics__x__Temporal_Sequential_Context=Uncommon Temporal_Sequential_Context,Curvature_Geometry__x__Temporal_Sequential_Context=Hybrid,254,1347,193,0.09449404761904762,0.5011160714285714,0.07180059523809523,0.7598425196850394,0.1432813659985152,1.5163004401732634,0.13707386363636365
Acceleration_Dynamics__x__Temporal_Sequential_Context=Uncommon Temporal_Sequential_Context,Curvature_Geometry__x__Temporal_Sequential_Context=Uncommon Temporal_Sequential_Context,254,319,61,0.09449404761904762,0.11867559523809523,0.02269345238095238,0.24015748031496062,0.19122257053291536,2.0236467306790415,0.119140625
Acceleration_Dynamics__x__Temporal_Sequential_Context=Uncommon Temporal_Sequential_Context,Curvature_Geometry__x__Turning_Dynamics=Hybrid,254,1356,141,0.09449404761904762,0.5044642857142857,0.052455357142857144,0.5551181102362205,0.10398230088495575,1.1004111211762246,0.09598366235534377
Acceleration_Dynamics__x__Temporal_Sequential_Context=Uncommon Temporal_Sequential_Context,Curvature_Geometry__x__Turning_Dynamics=Normal,254,699,63,0.09449404761904762,0.26004464285714285,0.0234375,0.24803149606299213,0.09012875536480687,0.9538035213409484,0.07078651685393259
Acceleration_Dynamics__x__Temporal_Sequential_Context=Uncommon Temporal_Sequential_Context,Curvature_Geometry__x__Turning_Dynamics=Uncommon Curvature_Geometry,254,310,34,0.09449404761904762,0.11532738095238096,0.012648809523809524,0.13385826771653545,0.10967741935483871,1.1606807213614427,0.06415094339622641
Acceleration_Dynamics__x__Temporal_Sequential_Context=Uncommon Temporal_Sequential_Context,Curvature_Geometry__x__Turning_Dynamics=Uncommon Turning_Dynamics,254,323,16,0.09449404761904762,0.12016369047619048,0.005952380952380952,0.06299212598425197,0.04953560371517028,0.5242193023085736,0.0285204991087344
Acceleration_Dynamics__x__Temporal_Sequential_Context=Uncommon Temporal_Sequential_Context,Spatial_Reach_and_Route__x__Speed_Dynamics=Hybrid,254,1383,142,0.09449404761904762,0.5145089285714286,0.05282738095238095,0.5590551181102362,0.10267534345625452,1.0865800126394178,0.09498327759197324
Acceleration_Dynamics__x__Temporal_Sequential_Context=Uncommon Temporal_Sequential_Context,Spatial_Reach_and_Route__x__Speed_Dynamics=Normal,254,749,53,0.09449404761904762,0.2786458333333333,0.019717261904761904,0.20866141732283464,0.07076101468624833,0.7488409743174627,0.05578947368421053
Acceleration_Dynamics__x__Temporal_Sequential_Context=Uncommon Temporal_Sequential_Context,Spatial_Reach_and_Route__x__Speed_Dynamics=Uncommon Spatial_Reach_and_Route,254,261,40,0.09449404761904762,0.09709821428571429,0.01488095238095238,0.15748031496062992,0.1532567049808429,1.6218662322382114,0.08421052631578947
Acceleration_Dynamics__x__Temporal_Sequential_Context=Uncommon Temporal_Sequential_Context,Spatial_Reach_and_Route__x__Speed_Dynamics=Uncommon Speed_Dynamics,254,295,19,0.09449404761904762,0.10974702380952381,0.007068452380952381,0.07480314960629922,0.06440677966101695,0.6815961564126518,0.035849056603773584
Acceleration_Dynamics__x__Temporal_Sequential_Context=Uncommon Temporal_Sequential_Context,Spatial_Reach_and_Route__x__Temporal_Sequential_Context=Hybrid,254,1448,200,0.09449404761904762,0.5386904761904762,0.0744047619047619,0.7874015748031497,0.13812154696132597,1.4616957410710403,0.13315579227696406
Acceleration_Dynamics__x__Temporal_Sequential_Context=Uncommon Temporal_Sequential_Context,Spatial_Reach_and_Route__x__Temporal_Sequential_Context=Uncommon Temporal_Sequential_Context,254,238,54,0.09449404761904762,0.08854166666666667,0.020089285714285716,0.2125984251968504,0.226890756302521,2.4011116257526632,0.1232876712328767
Acceleration_Dynamics__x__Temporal_Sequential_Context=Uncommon Temporal_Sequential_Context,Spatial_Reach_and_Route__x__Turning_Dynamics=Hybrid,254,1348,136,0.09449404761904762,0.5014880952380952,0.050595238095238096,0.5354330708661418,0.10089020771513353,1.0676884973947989,0.0927694406548431
Acceleration_Dynamics__x__Temporal_Sequential_Context=Uncommon Temporal_Sequential_Context,Spatial_Reach_and_Route__x__Turning_Dynamics=Normal,254,697,61,0.09449404761904762,0.25930059523809523,0.02269345238095238,0.24015748031496062,0.08751793400286945,0.9261740417311538,0.06853932584269663
Acceleration_Dynamics__x__Temporal_Sequential_Context=Uncommon Temporal_Sequential_Context,Spatial_Reach_and_Route__x__Turning_Dynamics=Uncommon Spatial_Reach_and_Route,254,311,35,0.09449404761904762,0.11569940476190477,0.013020833333333334,0.1377952755905512,0.11254019292604502,1.1909765298630277,0.0660377358490566
Acceleration_Dynamics__x__Temporal_Sequential_Context=Uncommon Temporal_Sequential_Context,Spatial_Reach_and_Route__x__Turning_Dynamics=Uncommon Turning_Dynamics,254,332,22,0.09449404761904762,0.12351190476190477,0.00818452380952381,0.08661417322834646,0.06626506024096386,0.7012617398728773,0.03900709219858156
Acceleration_Dynamics__x__Temporal_Sequential_Context=Uncommon Temporal_Sequential_Context,Speed_Dynamics__x__Temporal_Sequential_Context=Hybrid,254,1412,184,0.09449404761904762,0.5252976190476191,0.06845238095238096,0.7244094488188977,0.13031161473087818,1.3790457495929156,0.1241565452091768
Acceleration_Dynamics__x__Temporal_Sequential_Context=Uncommon Temporal_Sequential_Context,Speed_Dynamics__x__Temporal_Sequential_Context=Uncommon Temporal_Sequential_Context,254,269,70,0.09449404761904762,0.10007440476190477,0.026041666666666668,0.2755905511811024,0.26022304832713755,2.7538565114304947,0.1545253863134658
Acceleration_Dynamics__x__Temporal_Sequential_Context=Uncommon Temporal_Sequential_Context,Speed_Dynamics__x__Turning_Dynamics=Hybrid,254,1377,132,0.09449404761904762,0.5122767857142857,0.049107142857142856,0.5196850393700787,0.09586056644880174,1.0144614276156656,0.08805870580386925
Acceleration_Dynamics__x__Temporal_Sequential_Context=Uncommon Temporal_Sequential_Context,Speed_Dynamics__x__Turning_Dynamics=Normal,254,709,68,0.09449404761904762,0.26376488095238093,0.025297619047619048,0.2677165354330709,0.09590973201692525,1.014981730950768,0.07597765363128492
Acceleration_Dynamics__x__Temporal_Sequential_Context=Uncommon Temporal_Sequential_Context,Speed_Dynamics__x__Turning_Dynamics=Uncommon Speed_Dynamics,254,301,30,0.09449404761904762,0.11197916666666667,0.011160714285714286,0.11811023622047244,0.09966777408637874,1.0547518769456143,0.05714285714285714
Acceleration_Dynamics__x__Temporal_Sequential_Context=Uncommon Temporal_Sequential_Context,Speed_Dynamics__x__Turning_Dynamics=Uncommon Turning_Dynamics,254,301,24,0.09449404761904762,0.11197916666666667,0.008928571428571428,0.09448818897637795,0.07973421926910298,0.8438015015564915,0.04519774011299435
Acceleration_Dynamics__x__Temporal_Sequential_Context=Uncommon Temporal_Sequential_Context,Temporal_Sequential_Context__x__Turning_Dynamics=Hybrid,254,1386,173,0.09449404761904762,0.515625,0.06436011904761904,0.6811023622047244,0.12481962481962482,1.3209257933667382,0.11792774369461487
Acceleration_Dynamics__x__Temporal_Sequential_Context=Uncommon Temporal_Sequential_Context,Temporal_Sequential_Context__x__Turning_Dynamics=Uncommon Temporal_Sequential_Context,254,284,81,0.09449404761904762,0.1056547619047619,0.030133928571428572,0.3188976377952756,0.2852112676056338,3.0182987689919045,0.1772428884026258
Acceleration_Dynamics__x__Turning_Dynamics=Hybrid,Curvature_Geometry__x__Spatial_Reach_and_Route=Hybrid,1376,1349,694,0.5119047619047619,0.5018601190476191,0.25818452380952384,0.5043604651162791,0.514455151964418,1.0049821573258402,0.3417035942885278
Acceleration_Dynamics__x__Turning_Dynamics=Hybrid,Curvature_Geometry__x__Spatial_Reach_and_Route=Normal,1376,693,320,0.5119047619047619,0.2578125,0.11904761904761904,0.23255813953488372,0.46176046176046176,0.9020436927413671,0.18296169239565466
Acceleration_Dynamics__x__Turning_Dynamics=Hybrid,Curvature_Geometry__x__Spatial_Reach_and_Route=Uncommon Curvature_Geometry,1376,321,171,0.5119047619047619,0.11941964285714286,0.06361607142857142,0.12427325581395349,0.5327102803738317,1.0406433384046947,0.11205766710353866
Acceleration_Dynamics__x__Turning_Dynamics=Hybrid,Curvature_Geometry__x__Spatial_Reach_and_Route=Uncommon Spatial_Reach_and_Route,1376,325,191,0.5119047619047619,0.1209077380952381,0.07105654761904762,0.13880813953488372,0.5876923076923077,1.1480500894454384,0.12649006622516556
Acceleration_Dynamics__x__Turning_Dynamics=Hybrid,Curvature_Geometry__x__Speed_Dynamics=Hybrid,1376,1357,700,0.5119047619047619,0.5048363095238095,0.2604166666666667,0.5087209302325582,0.5158437730287398,1.007694812428236,0.3443187407771766
Acceleration_Dynamics__x__Turning_Dynamics=Hybrid,Curvature_Geometry__x__Speed_Dynamics=Normal,1376,663,314,0.5119047619047619,0.24665178571428573,0.11681547619047619,0.22819767441860464,0.473604826546003,0.9251815216247502,0.1820289855072464
Acceleration_Dynamics__x__Turning_Dynamics=Hybrid,Curvature_Geometry__x__Speed_Dynamics=Uncommon Curvature_Geometry,1376,329,173,0.5119047619047619,0.12239583333333333,0.06436011904761904,0.1257267441860465,0.5258358662613982,1.0272142503711035,0.1129242819843342
Acceleration_Dynamics__x__Turning_Dynamics=Hybrid,Curvature_Geometry__x__Speed_Dynamics=Uncommon Speed_Dynamics,1376,339,189,0.5119047619047619,0.12611607142857142,0.0703125,0.1373546511627907,0.5575221238938053,1.0891129862111548,0.12385321100917432
Acceleration_Dynamics__x__Turning_Dynamics=Hybrid,Curvature_Geometry__x__Temporal_Sequential_Context=Hybrid,1376,1347,701,0.5119047619047619,0.5011160714285714,0.26078869047619047,0.5094476744186046,0.520415738678545,1.016626094162739,0.3466864490603363
Acceleration_Dynamics__x__Turning_Dynamics=Hybrid,Curvature_Geometry__x__Temporal_Sequential_Context=Normal,1376,708,327,0.5119047619047619,0.26339285714285715,0.12165178571428571,0.2376453488372093,0.461864406779661,0.90224674812771,0.1861126920887877
Acceleration_Dynamics__x__Turning_Dynamics=Hybrid,Curvature_Geometry__x__Temporal_Sequential_Context=Uncommon Curvature_Geometry,1376,314,156,0.5119047619047619,0.11681547619047619,0.05803571428571429,0.11337209302325581,0.4968152866242038,0.9705228854984448,0.1016949152542373
Acceleration_Dynamics__x__Turning_Dynamics=Hybrid,Curvature_Geometry__x__Temporal_Sequential_Context=Uncommon Temporal_Sequential_Context,1376,319,192,0.5119047619047619,0.11867559523809523,0.07142857142857142,0.13953488372093023,0.6018808777429467,1.1757672960559888,0.1277445109780439
Acceleration_Dynamics__x__Turning_Dynamics=Hybrid,Curvature_Geometry__x__Turning_Dynamics=Hybrid,1376,1356,916,0.5119047619047619,0.5044642857142857,0.34077380952380953,0.6656976744186046,0.6755162241887905,1.3196130891129865,0.5044052863436124
Acceleration_Dynamics__x__Turning_Dynamics=Hybrid,Curvature_Geometry__x__Turning_Dynamics=Normal,1376,699,178,0.5119047619047619,0.26004464285714285,0.0662202380952381,0.12936046511627908,0.25464949928469244,0.4974548358119573,0.09383236689509752
Acceleration_Dynamics__x__Turning_Dynamics=Hybrid,Curvature_Geometry__x__Turning_Dynamics=Uncommon Curvature_Geometry,1376,310,53,0.5119047619047619,0.11532738095238096,0.019717261904761904,0.038517441860465115,0.17096774193548386,0.33398349587396853,0.032455603184323334
Acceleration_Dynamics__x__Turning_Dynamics=Hybrid,Curvature_Geometry__x__Turning_Dynamics=Uncommon Turning_Dynamics,1376,323,229,0.5119047619047619,0.12016369047619048,0.08519345238095238,0.16642441860465115,0.7089783281733746,1.3849809201526389,0.15578231292517006
Acceleration_Dynamics__x__Turning_Dynamics=Hybrid,Spatial_Reach_and_Route__x__Speed_Dynamics=Hybrid,1376,1383,746,0.5119047619047619,0.5145089285714286,0.2775297619047619,0.5421511627906976,0.5394070860448301,1.0537254704131565,0.37059115747640337
Acceleration_Dynamics__x__Turning_Dynamics=Hybrid,Spatial_Reach_and_Route__x__Speed_Dynamics=Normal,1376,749,356,0.5119047619047619,0.2786458333333333,0.1324404761904762,0.25872093023255816,0.4753004005340454,0.9284938056944143,0.20124364047484455
Acceleration_Dynamics__x__Turning_Dynamics=Hybrid,Spatial_Reach_and_Route__x__Speed_Dynamics=Uncommon Spatial_Reach_and_Route,1376,261,127,0.5119047619047619,0.09709821428571429,0.04724702380952381,0.09229651162790697,0.48659003831417624,0.950547981823042,0.08410596026490066
Acceleration_Dynamics__x__Turning_Dynamics=Hybrid,Spatial_Reach_and_Route__x__Speed_Dynamics=Uncommon Speed_Dynamics,1376,295,147,0.5119047619047619,0.10974702380952381,0.0546875,0.1068313953488372,0.49830508474576274,0.9734331888056761,0.09645669291338582
Acceleration_Dynamics__x__Turning_Dynamics=Hybrid,Spatial_Reach_and_Route__x__Temporal_Sequential_Context=Hybrid,1376,1448,786,0.5119047619047619,0.5386904761904762,0.2924107142857143,0.5712209302325582,0.5428176795580111,1.0603880251830915,0.3856722276741904
Acceleration_Dynamics__x__Turning_Dynamics=Hybrid,Spatial_Reach_and_Route__x__Temporal_Sequential_Context=Normal,1376,811,360,0.5119047619047619,0.30171130952380953,0.13392857142857142,0.2616279069767442,0.4438964241676942,0.8671465030252631,0.19704433497536947
Acceleration_Dynamics__x__Turning_Dynamics=Hybrid,Spatial_Reach_and_Route__x__Temporal_Sequential_Context=Uncommon Spatial_Reach_and_Route,1376,191,96,0.5119047619047619,0.07105654761904762,0.03571428571428571,0.06976744186046512,0.5026178010471204,0.9818580299525145,0.06526172671651938
Acceleration_Dynamics__x__Turning_Dynamics=Hybrid,Spatial_Reach_and_Route__x__Temporal_Sequential_Context=Uncommon Temporal_Sequential_Context,1376,238,134,0.5119047619047619,0.08854166666666667,0.04985119047619048,0.09738372093023256,0.5630252100840336,1.0998632010943914,0.09054054054054055
Acceleration_Dynamics__x__Turning_Dynamics=Hybrid,Spatial_Reach_and_Route__x__Turning_Dynamics=Hybrid,1376,1348,940,0.5119047619047619,0.5014880952380952,0.34970238095238093,0.6831395348837209,0.6973293768545994,1.3622248292043337,0.5269058295964125
Acceleration_Dynamics__x__Turning_Dynamics=Hybrid,Spatial_Reach_and_Route__x__Turning_Dynamics=Normal,1376,697,154,0.5119047619047619,0.25930059523809523,0.057291666666666664,0.1119186046511628,0.22094691535150646,0.4316172299889894,0.08025013027618551
Acceleration_Dynamics__x__Turning_Dynamics=Hybrid,Spatial_Reach_and_Route__x__Turning_Dynamics=Uncommon Spatial_Reach_and_Route,1376,311,61,0.5119047619047619,0.11569940476190477,0.02269345238095238,0.04433139534883721,0.19614147909967847,0.38316009870634865,0.037515375153751536
Acceleration_Dynamics__x__Turning_Dynamics=Hybrid,Spatial_Reach_and_Route__x__Turning_Dynamics=Uncommon Turning_Dynamics,1376,332,221,0.5119047619047619,0.12351190476190477,0.0822172619047619,0.16061046511627908,0.6656626506024096,1.300364247688428,0.14862138533960995
Acceleration_Dynamics__x__Turning_Dynamics=Hybrid,Speed_Dynamics__x__Temporal_Sequential_Context=Hybrid,1376,1412,763,0.5119047619047619,0.5252976190476191,0.2838541666666667,0.5545058139534884,0.5403682719546742,1.0556031359114568,0.37679012345679014
Acceleration_Dynamics__x__Turning_Dynamics=Hybrid,Speed_Dynamics__x__Temporal_Sequential_Context=Normal,1376,735,339,0.5119047619047619,0.2734375,0.12611607142857142,0.24636627906976744,0.46122448979591835,0.9009966777408639,0.19130925507900678
Acceleration_Dynamics__x__Turning_Dynamics=Hybrid,Speed_Dynamics__x__Temporal_Sequential_Context=Uncommon Speed_Dynamics,1376,272,130,0.5119047619047619,0.10119047619047619,0.04836309523809524,0.09447674418604651,0.47794117647058826,0.9336525307797539,0.08563899868247694
Acceleration_Dynamics__x__Turning_Dynamics=Hybrid,Speed_Dynamics__x__Temporal_Sequential_Context=Uncommon Temporal_Sequential_Context,1376,269,144,0.5119047619047619,0.10007440476190477,0.05357142857142857,0.10465116279069768,0.5353159851301115,1.0457335523471947,0.09593604263824117
Acceleration_Dynamics__x__Turning_Dynamics=Hybrid,Speed_Dynamics__x__Turning_Dynamics=Hybrid,1376,1377,963,0.5119047619047619,0.5122767857142857,0.35825892857142855,0.6998546511627907,0.6993464052287581,1.3661650706794346,0.5379888268156424
Acceleration_Dynamics__x__Turning_Dynamics=Hybrid,Speed_Dynamics__x__Turning_Dynamics=Normal,1376,709,170,0.5119047619047619,0.26376488095238093,0.06324404761904762,0.12354651162790697,0.2397743300423131,0.4683963656640536,0.08877284595300261
Acceleration_Dynamics__x__Turning_Dynamics=Hybrid,Speed_Dynamics__x__Turning_Dynamics=Uncommon Speed_Dynamics,1376,301,45,0.5119047619047619,0.11197916666666667,0.016741071428571428,0.032703488372093026,0.14950166112956811,0.2920497566252028,0.027573529411764705
Acceleration_Dynamics__x__Turning_Dynamics=Hybrid,Speed_Dynamics__x__Turning_Dynamics=Uncommon Turning_Dynamics,1376,301,198,0.5119047619047619,0.11197916666666667,0.07366071428571429,0.1438953488372093,0.6578073089700996,1.2850189291508924,0.13387423935091278
Acceleration_Dynamics__x__Turning_Dynamics=Hybrid,Temporal_Sequential_Context__x__Turning_Dynamics=Hybrid,1376,1386,964,0.5119047619047619,0.515625,0.3586309523809524,0.7005813953488372,0.6955266955266955,1.3587033121916843,0.5361512791991101
Acceleration_Dynamics__x__Turning_Dynamics=Hybrid,Temporal_Sequential_Context__x__Turning_Dynamics=Normal,1376,714,159,0.5119047619047619,0.265625,0.05915178571428571,0.11555232558139535,0.22268907563025211,0.4350205198358413,0.08234075608493009
Acceleration_Dynamics__x__Turning_Dynamics=Hybrid,Temporal_Sequential_Context__x__Turning_Dynamics=Uncommon Temporal_Sequential_Context,1376,284,57,0.5119047619047619,0.1056547619047619,0.021205357142857144,0.04142441860465116,0.2007042253521127,0.3920733704552899,0.035558328134747345
Acceleration_Dynamics__x__Turning_Dynamics=Hybrid,Temporal_Sequential_Context__x__Turning_Dynamics=Uncommon Turning_Dynamics,1376,304,196,0.5119047619047619,0.1130952380952381,0.07291666666666667,0.14244186046511628,0.6447368421052632,1.2594859241126073,0.1320754716981132
Acceleration_Dynamics__x__Turning_Dynamics=Normal,Curvature_Geometry__x__Spatial_Reach_and_Route=Hybrid,724,1349,346,0.2693452380952381,0.5018601190476191,0.12872023809523808,0.47790055248618785,0.25648628613787994,0.9522584767108028,0.20034742327735958
Acceleration_Dynamics__x__Turning_Dynamics=Normal,Curvature_Geometry__x__Spatial_Reach_and_Route=Normal,724,693,226,0.2693452380952381,0.2578125,0.08407738095238096,0.31215469613259667,0.32611832611832614,1.2107818516658297,0.1897565071368598
Acceleration_Dynamics__x__Turning_Dynamics=Normal,Curvature_Geometry__x__Spatial_Reach_and_Route=Uncommon Curvature_Geometry,724,321,81,0.2693452380952381,0.11941964285714286,0.030133928571428572,0.11187845303867404,0.2523364485981308,0.9368513450715135,0.08402489626556017
Acceleration_Dynamics__x__Turning_Dynamics=Normal,Curvature_Geometry__x__Spatial_Reach_and_Route=Uncommon Spatial_Reach_and_Route,724,325,71,0.2693452380952381,0.1209077380952381,0.026413690476190476,0.09806629834254144,0.21846153846153846,0.8110837229069273,0.07259713701431493
Acceleration_Dynamics__x__Turning_Dynamics=Normal,Curvature_Geometry__x__Speed_Dynamics=Hybrid,724,1357,355,0.2693452380952381,0.5048363095238095,0.13206845238095238,0.4903314917127072,0.26160648489314664,0.9712682754043898,0.20567786790266512
Acceleration_Dynamics__x__Turning_Dynamics=Normal,Curvature_Geometry__x__Speed_Dynamics=Normal,724,663,214,0.2693452380952381,0.24665178571428573,0.07961309523809523,0.2955801104972376,0.32277526395173456,1.1983700407489812,0.1824381926683717
Acceleration_Dynamics__x__Turning_Dynamics=Normal,Curvature_Geometry__x__Speed_Dynamics=Uncommon Curvature_Geometry,724,329,82,0.2693452380952381,0.12239583333333333,0.03050595238095238,0.1132596685082873,0.24924012158054712,0.9253555895145175,0.08444902162718847
Acceleration_Dynamics__x__Turning_Dynamics=Normal,Curvature_Geometry__x__Speed_Dynamics=Uncommon Speed_Dynamics,724,339,73,0.2693452380952381,0.12611607142857142,0.027157738095238096,0.10082872928176796,0.2153392330383481,0.7994915171368504,0.07373737373737374
Acceleration_Dynamics__x__Turning_Dynamics=Normal,Curvature_Geometry__x__Temporal_Sequential_Context=Hybrid,724,1347,333,0.2693452380952381,0.5011160714285714,0.12388392857142858,0.4599447513812155,0.24721603563474387,0.9178407510859,0.1915995397008055
Acceleration_Dynamics__x__Turning_Dynamics=Normal,Curvature_Geometry__x__Temporal_Sequential_Context=Normal,724,708,235,0.2693452380952381,0.26339285714285715,0.08742559523809523,0.324585635359116,0.3319209039548023,1.232325124075288,0.19632414369256473
Acceleration_Dynamics__x__Turning_Dynamics=Normal,Curvature_Geometry__x__Temporal_Sequential_Context=Uncommon Curvature_Geometry,724,314,95,0.2693452380952381,0.11681547619047619,0.035342261904761904,0.13121546961325967,0.30254777070063693,1.123271281275293,0.1007423117709438
Acceleration_Dynamics__x__Turning_Dynamics=Normal,Curvature_Geometry__x__Temporal_Sequential_Context=Uncommon Temporal_Sequential_Context,724,319,61,0.2693452380952381,0.11867559523809523,0.02269345238095238,0.08425414364640885,0.19122257053291536,0.7099534110393322,0.062118126272912425
Acceleration_Dynamics__x__Turning_Dynamics=Normal,Curvature_Geometry__x__Turning_Dynamics=Hybrid,724,1356,181,0.2693452380952381,0.5044642857142857,0.06733630952380952,0.25,0.13348082595870206,0.49557522123893805,0.09531332280147446
Acceleration_Dynamics__x__Turning_Dynamics=Normal,Curvature_Geometry__x__Turning_Dynamics=Normal,724,699,376,0.2693452380952381,0.26004464285714285,0.13988095238095238,0.5193370165745856,0.5379113018597997,1.997107153866218,0.35912129894937916
Acceleration_Dynamics__x__Turning_Dynamics=Normal,Curvature_Geometry__x__Turning_Dynamics=Uncommon Curvature_Geometry,724,310,167,0.2693452380952381,0.11532738095238096,0.06212797619047619,0.23066298342541436,0.5387096774193548,2.0000712885403673,0.19261822376009227
Acceleration_Dynamics__x__Turning_Dynamics=Normal,Spatial_Reach_and_Route__x__Speed_Dynamics=Hybrid,724,1383,341,0.2693452380952381,0.5145089285714286,0.12686011904761904,0.47099447513812154,0.24656543745480838,0.9154252705504489,0.19309173272933183
Acceleration_Dynamics__x__Turning_Dynamics=Normal,Spatial_Reach_and_Route__x__Speed_Dynamics=Normal,724,749,234,0.2693452380952381,0.2786458333333333,0.08705357142857142,0.32320441988950277,0.31241655540720964,1.1599111891361595,0.18886198547215496
Acceleration_Dynamics__x__Turning_Dynamics=Normal,Spatial_Reach_and_Route__x__Speed_Dynamics=Uncommon Spatial_Reach_and_Route,724,261,69,0.2693452380952381,0.09709821428571429,0.025669642857142856,0.09530386740331492,0.26436781609195403,0.9815202895789674,0.07532751091703056
Acceleration_Dynamics__x__Turning_Dynamics=Normal,Spatial_Reach_and_Route__x__Speed_Dynamics=Uncommon Speed_Dynamics,724,295,80,0.2693452380952381,0.10974702380952381,0.02976190476190476,0.11049723756906077,0.2711864406779661,1.0068358460530011,0.08519701810436635
Acceleration_Dynamics__x__Turning_Dynamics=Normal,Spatial_Reach_and_Route__x__Temporal_Sequential_Context=Hybrid,724,1448,342,0.2693452380952381,0.5386904761904762,0.12723214285714285,0.4723756906077348,0.2361878453038674,0.876896309636458,0.18688524590163935
Acceleration_Dynamics__x__Turning_Dynamics=Normal,Spatial_Reach_and_Route__x__Temporal_Sequential_Context=Normal,724,811,282,0.2693452380952381,0.30171130952380953,0.10491071428571429,0.38950276243093923,0.3477188655980271,1.290978329734112,0.22505985634477255
Acceleration_Dynamics__x__Turning_Dynamics=Normal,Spatial_Reach_and_Route__x__Temporal_Sequential_Context=Uncommon Spatial_Reach_and_Route,724,191,53,0.2693452380952381,0.07105654761904762,0.019717261904761904,0.07320441988950276,0.2774869109947644,1.030227647450175,0.06148491879350348
Acceleration_Dynamics__x__Turning_Dynamics=Normal,Spatial_Reach_and_Route__x__Temporal_Sequential_Context=Uncommon Temporal_Sequential_Context,724,238,47,0.2693452380952381,0.08854166666666667,0.017485119047619048,0.0649171270718232,0.19747899159663865,0.7331816704582386,0.05136612021857923
Acceleration_Dynamics__x__Turning_Dynamics=Normal,Spatial_Reach_and_Route__x__Turning_Dynamics=Hybrid,724,1348,172,0.2693452380952381,0.5014880952380952,0.06398809523809523,0.23756906077348067,0.12759643916913946,0.47372821614177746,0.09052631578947369
Acceleration_Dynamics__x__Turning_Dynamics=Normal,Spatial_Reach_and_Route__x__Turning_Dynamics=Normal,724,697,406,0.2693452380952381,0.25930059523809523,0.15104166666666666,0.5607734806629834,0.5824964131994261,2.1626386169614054,0.4
Acceleration_Dynamics__x__Turning_Dynamics=Normal,Spatial_Reach_and_Route__x__Turning_Dynamics=Uncommon Spatial_Reach_and_Route,724,311,146,0.2693452380952381,0.11569940476190477,0.05431547619047619,0.20165745856353592,0.4694533762057878,1.7429429216038088,0.16422947131608548
Acceleration_Dynamics__x__Turning_Dynamics=Normal,Speed_Dynamics__x__Temporal_Sequential_Context=Hybrid,724,1412,336,0.2693452380952381,0.5252976190476191,0.125,0.46408839779005523,0.23796033994334279,0.8834770632150627,0.18666666666666668
Acceleration_Dynamics__x__Turning_Dynamics=Normal,Speed_Dynamics__x__Temporal_Sequential_Context=Normal,724,735,238,0.2693452380952381,0.2734375,0.08854166666666667,0.3287292817679558,0.3238095238095238,1.2022099447513814,0.19492219492219492
Acceleration_Dynamics__x__Turning_Dynamics=Normal,Speed_Dynamics__x__Temporal_Sequential_Context=Uncommon Speed_Dynamics,724,272,85,0.2693452380952381,0.10119047619047619,0.03162202380952381,0.11740331491712708,0.3125,1.160220994475138,0.09330406147091108
Acceleration_Dynamics__x__Turning_Dynamics=Normal,Speed_Dynamics__x__Temporal_Sequential_Context=Uncommon Temporal_Sequential_Context,724,269,65,0.2693452380952381,0.10007440476190477,0.02418154761904762,0.08977900552486189,0.241635687732342,0.8971225533488056,0.07004310344827586
Acceleration_Dynamics__x__Turning_Dynamics=Normal,Speed_Dynamics__x__Turning_Dynamics=Hybrid,724,1377,169,0.2693452380952381,0.5122767857142857,0.06287202380952381,0.23342541436464087,0.12273057371096587,0.4556626825070114,0.08747412008281573
Acceleration_Dynamics__x__Turning_Dynamics=Normal,Speed_Dynamics__x__Turning_Dynamics=Normal,724,709,397,0.2693452380952381,0.26376488095238093,0.14769345238095238,0.5483425414364641,0.5599435825105783,2.0789065604812635,0.3832046332046332
Acceleration_Dynamics__x__Turning_Dynamics=Normal,Speed_Dynamics__x__Turning_Dynamics=Uncommon Speed_Dynamics,724,301,158,0.2693452380952381,0.11197916666666667,0.058779761904761904,0.21823204419889503,0.5249169435215947,1.9488629063343184,0.18223760092272204
Acceleration_Dynamics__x__Turning_Dynamics=Normal,Temporal_Sequential_Context__x__Turning_Dynamics=Hybrid,724,1386,174,0.2693452380952381,0.515625,0.06473214285714286,0.24033149171270718,0.12554112554112554,0.4660974384731292,0.08987603305785125
Acceleration_Dynamics__x__Turning_Dynamics=Normal,Temporal_Sequential_Context__x__Turning_Dynamics=Normal,724,714,431,0.2693452380952381,0.265625,0.16034226190476192,0.5953038674033149,0.603641456582633,2.241143971400715,0.42800397219463754
Acceleration_Dynamics__x__Turning_Dynamics=Normal,Temporal_Sequential_Context__x__Turning_Dynamics=Uncommon Temporal_Sequential_Context,724,284,119,0.2693452380952381,0.1056547619047619,0.044270833333333336,0.1643646408839779,0.41901408450704225,1.5556766010427205,0.13385826771653545
Acceleration_Dynamics__x__Turning_Dynamics=Uncommon Acceleration_Dynamics,Curvature_Geometry__x__Spatial_Reach_and_Route=Hybrid,290,1349,159,0.10788690476190477,0.5018601190476191,0.05915178571428571,0.5482758620689655,0.1178650852483321,1.0924874108535056,0.10743243243243243
Acceleration_Dynamics__x__Turning_Dynamics=Uncommon Acceleration_Dynamics,Curvature_Geometry__x__Spatial_Reach_and_Route=Normal,290,693,72,0.10788690476190477,0.2578125,0.026785714285714284,0.2482758620689655,0.1038961038961039,0.9630094043887146,0.07903402854006586
Acceleration_Dynamics__x__Turning_Dynamics=Uncommon Acceleration_Dynamics,Curvature_Geometry__x__Spatial_Reach_and_Route=Uncommon Curvature_Geometry,290,321,26,0.10788690476190477,0.11941964285714286,0.009672619047619048,0.0896551724137931,0.08099688473520249,0.7507573316145666,0.044444444444444446
Acceleration_Dynamics__x__Turning_Dynamics=Uncommon Acceleration_Dynamics,Curvature_Geometry__x__Spatial_Reach_and_Route=Uncommon Spatial_Reach_and_Route,290,325,33,0.10788690476190477,0.1209077380952381,0.012276785714285714,0.11379310344827587,0.10153846153846154,0.94115649867374,0.05670103092783505
Acceleration_Dynamics__x__Turning_Dynamics=Uncommon Acceleration_Dynamics,Curvature_Geometry__x__Speed_Dynamics=Hybrid,290,1357,158,0.10788690476190477,0.5048363095238095,0.058779761904761904,0.5448275862068965,0.11643330876934414,1.079216324041369,0.1061114842175957
Acceleration_Dynamics__x__Turning_Dynamics=Uncommon Acceleration_Dynamics,Curvature_Geometry__x__Speed_Dynamics=Normal,290,663,71,0.10788690476190477,0.24665178571428573,0.026413690476190476,0.24482758620689654,0.10708898944193061,0.9926041504134809,0.08049886621315193
Acceleration_Dynamics__x__Turning_Dynamics=Uncommon Acceleration_Dynamics,Curvature_Geometry__x__Speed_Dynamics=Uncommon Curvature_Geometry,290,329,26,0.10788690476190477,0.12239583333333333,0.009672619047619048,0.0896551724137931,0.0790273556231003,0.7325018341892884,0.04384485666104553
Acceleration_Dynamics__x__Turning_Dynamics=Uncommon Acceleration_Dynamics,Curvature_Geometry__x__Speed_Dynamics=Uncommon Speed_Dynamics,290,339,35,0.10788690476190477,0.12611607142857142,0.013020833333333334,0.1206896551724138,0.10324483775811209,0.9569728410131217,0.058922558922558925
Acceleration_Dynamics__x__Turning_Dynamics=Uncommon Acceleration_Dynamics,Curvature_Geometry__x__Temporal_Sequential_Context=Hybrid,290,1347,159,0.10788690476190477,0.5011160714285714,0.05915178571428571,0.5482758620689655,0.11804008908685969,1.094109515398203,0.10757780784844384
Acceleration_Dynamics__x__Turning_Dynamics=Uncommon Acceleration_Dynamics,Curvature_Geometry__x__Temporal_Sequential_Context=Normal,290,708,59,0.10788690476190477,0.26339285714285715,0.02194940476190476,0.20344827586206896,0.08333333333333333,0.7724137931034482,0.06283280085197018
Acceleration_Dynamics__x__Turning_Dynamics=Uncommon Acceleration_Dynamics,Curvature_Geometry__x__Temporal_Sequential_Context=Uncommon Curvature_Geometry,290,314,28,0.10788690476190477,0.11681547619047619,0.010416666666666666,0.09655172413793103,0.08917197452229299,0.8265319569514605,0.04861111111111111
Acceleration_Dynamics__x__Turning_Dynamics=Uncommon Acceleration_Dynamics,Curvature_Geometry__x__Temporal_Sequential_Context=Uncommon Temporal_Sequential_Context,290,319,44,0.10788690476190477,0.11867559523809523,0.01636904761904762,0.15172413793103448,0.13793103448275862,1.2784780023781215,0.07787610619469026
Acceleration_Dynamics__x__Turning_Dynamics=Uncommon Acceleration_Dynamics,Curvature_Geometry__x__Turning_Dynamics=Hybrid,290,1356,55,0.10788690476190477,0.5044642857142857,0.020461309523809524,0.1896551724137931,0.04056047197640118,0.37595361611229783,0.034569453174104335
Acceleration_Dynamics__x__Turning_Dynamics=Uncommon Acceleration_Dynamics,Curvature_Geometry__x__Turning_Dynamics=Normal,290,699,145,0.10788690476190477,0.26004464285714285,0.053943452380952384,0.5,0.20743919885550788,1.9227467811158798,0.17180094786729858
Acceleration_Dynamics__x__Turning_Dynamics=Uncommon Acceleration_Dynamics,Curvature_Geometry__x__Turning_Dynamics=Uncommon Curvature_Geometry,290,310,90,0.10788690476190477,0.11532738095238096,0.033482142857142856,0.3103448275862069,0.2903225806451613,2.690989988876529,0.17647058823529413
Acceleration_Dynamics__x__Turning_Dynamics=Uncommon Acceleration_Dynamics,Spatial_Reach_and_Route__x__Speed_Dynamics=Hybrid,290,1383,153,0.10788690476190477,0.5145089285714286,0.056919642857142856,0.5275862068965518,0.11062906724511931,1.0254170094995885,0.1006578947368421
Acceleration_Dynamics__x__Turning_Dynamics=Uncommon Acceleration_Dynamics,Spatial_Reach_and_Route__x__Speed_Dynamics=Normal,290,749,71,0.10788690476190477,0.2786458333333333,0.026413690476190476,0.24482758620689654,0.09479305740987984,0.8786335804060587,0.07334710743801653
Acceleration_Dynamics__x__Turning_Dynamics=Uncommon Acceleration_Dynamics,Spatial_Reach_and_Route__x__Speed_Dynamics=Uncommon Spatial_Reach_and_Route,290,261,33,0.10788690476190477,0.09709821428571429,0.012276785714285714,0.11379310344827587,0.12643678160919541,1.171938168846611,0.0637065637065637
Acceleration_Dynamics__x__Turning_Dynamics=Uncommon Acceleration_Dynamics,Spatial_Reach_and_Route__x__Speed_Dynamics=Uncommon Speed_Dynamics,290,295,33,0.10788690476190477,0.10974702380952381,0.012276785714285714,0.11379310344827587,0.11186440677966102,1.0368673290473407,0.059782608695652176
Acceleration_Dynamics__x__Turning_Dynamics=Uncommon Acceleration_Dynamics,Spatial_Reach_and_Route__x__Temporal_Sequential_Context=Hybrid,290,1448,170,0.10788690476190477,0.5386904761904762,0.06324404761904762,0.5862068965517241,0.11740331491712708,1.0882072775766813,0.10841836734693877
Acceleration_Dynamics__x__Turning_Dynamics=Uncommon Acceleration_Dynamics,Spatial_Reach_and_Route__x__Temporal_Sequential_Context=Normal,290,811,73,0.10788690476190477,0.30171130952380953,0.027157738095238096,0.2517241379310345,0.09001233045622688,0.8343211871253029,0.07101167315175097
Acceleration_Dynamics__x__Turning_Dynamics=Uncommon Acceleration_Dynamics,Spatial_Reach_and_Route__x__Temporal_Sequential_Context=Uncommon Spatial_Reach_and_Route,290,191,18,0.10788690476190477,0.07105654761904762,0.006696428571428571,0.06206896551724138,0.09424083769633508,0.8735150749232713,0.038876889848812095
Acceleration_Dynamics__x__Turning_Dynamics=Uncommon Acceleration_Dynamics,Spatial_Reach_and_Route__x__Temporal_Sequential_Context=Uncommon Temporal_Sequential_Context,290,238,29,0.10788690476190477,0.08854166666666667,0.010788690476190476,0.1,0.12184873949579832,1.1294117647058821,0.05811623246492986
Acceleration_Dynamics__x__Turning_Dynamics=Uncommon Acceleration_Dynamics,Spatial_Reach_and_Route__x__Turning_Dynamics=Hybrid,290,1348,49,0.10788690476190477,0.5014880952380952,0.018229166666666668,0.16896551724137931,0.03635014836795252,0.33692827176915996,0.030837004405286344
Acceleration_Dynamics__x__Turning_Dynamics=Uncommon Acceleration_Dynamics,Spatial_Reach_and_Route__x__Turning_Dynamics=Normal,290,697,137,0.10788690476190477,0.25930059523809523,0.050967261904761904,0.4724137931034483,0.19655667144906744,1.8218770098451489,0.16117647058823528
Acceleration_Dynamics__x__Turning_Dynamics=Uncommon Acceleration_Dynamics,Spatial_Reach_and_Route__x__Turning_Dynamics=Uncommon Spatial_Reach_and_Route,290,311,104,0.10788690476190477,0.11569940476190477,0.03869047619047619,0.3586206896551724,0.33440514469453375,3.0995897549617473,0.20925553319919518
Acceleration_Dynamics__x__Turning_Dynamics=Uncommon Acceleration_Dynamics,Speed_Dynamics__x__Temporal_Sequential_Context=Hybrid,290,1412,162,0.10788690476190477,0.5252976190476191,0.060267857142857144,0.5586206896551724,0.11473087818696884,1.0634365536778352,0.10519480519480519
Acceleration_Dynamics__x__Turning_Dynamics=Uncommon Acceleration_Dynamics,Speed_Dynamics__x__Temporal_Sequential_Context=Normal,290,735,62,0.10788690476190477,0.2734375,0.023065476190476192,0.21379310344827587,0.08435374149659863,0.781871921182266,0.06438213914849429
Acceleration_Dynamics__x__Turning_Dynamics=Uncommon Acceleration_Dynamics,Speed_Dynamics__x__Temporal_Sequential_Context=Uncommon Speed_Dynamics,290,272,29,0.10788690476190477,0.10119047619047619,0.010788690476190476,0.1,0.10661764705882353,0.988235294117647,0.054409005628517824
Acceleration_Dynamics__x__Turning_Dynamics=Uncommon Acceleration_Dynamics,Speed_Dynamics__x__Temporal_Sequential_Context=Uncommon Temporal_Sequential_Context,290,269,37,0.10788690476190477,0.10007440476190477,0.013764880952380952,0.12758620689655173,0.137546468401487,1.2749134726317137,0.07088122605363985
Acceleration_Dynamics__x__Turning_Dynamics=Uncommon Acceleration_Dynamics,Speed_Dynamics__x__Turning_Dynamics=Hybrid,290,1377,50,0.10788690476190477,0.5122767857142857,0.018601190476190476,0.1724137931034483,0.03631082062454612,0.33656374427165503,0.030921459492888066
Acceleration_Dynamics__x__Turning_Dynamics=Uncommon Acceleration_Dynamics,Speed_Dynamics__x__Turning_Dynamics=Normal,290,709,142,0.10788690476190477,0.26376488095238093,0.05282738095238095,0.4896551724137931,0.2002820874471086,1.8564077622683721,0.16569428238039674
Acceleration_Dynamics__x__Turning_Dynamics=Uncommon Acceleration_Dynamics,Speed_Dynamics__x__Turning_Dynamics=Uncommon Speed_Dynamics,290,301,98,0.10788690476190477,0.11197916666666667,0.036458333333333336,0.33793103448275863,0.32558139534883723,3.017802726543705,0.19878296146044624
Acceleration_Dynamics__x__Turning_Dynamics=Uncommon Acceleration_Dynamics,Temporal_Sequential_Context__x__Turning_Dynamics=Hybrid,290,1386,58,0.10788690476190477,0.515625,0.021577380952380952,0.2,0.04184704184704185,0.3878787878787879,0.03584672435105068
Acceleration_Dynamics__x__Turning_Dynamics=Uncommon Acceleration_Dynamics,Temporal_Sequential_Context__x__Turning_Dynamics=Normal,290,714,124,0.10788690476190477,0.265625,0.046130952380952384,0.42758620689655175,0.17366946778711484,1.6097363083164302,0.1409090909090909
Acceleration_Dynamics__x__Turning_Dynamics=Uncommon Acceleration_Dynamics,Temporal_Sequential_Context__x__Turning_Dynamics=Uncommon Temporal_Sequential_Context,290,284,108,0.10788690476190477,0.1056547619047619,0.04017857142857143,0.3724137931034483,0.38028169014084506,3.5248178727537645,0.2317596566523605
Acceleration_Dynamics__x__Turning_Dynamics=Uncommon Turning_Dynamics,Curvature_Geometry__x__Spatial_Reach_and_Route=Hybrid,298,1349,150,0.11086309523809523,0.5018601190476191,0.05580357142857143,0.5033557046979866,0.1111934766493699,1.0029800846761958,0.10020040080160321
Acceleration_Dynamics__x__Turning_Dynamics=Uncommon Turning_Dynamics,Curvature_Geometry__x__Spatial_Reach_and_Route=Normal,298,693,75,0.11086309523809523,0.2578125,0.027901785714285716,0.2516778523489933,0.10822510822510822,0.9762050030506407,0.08187772925764192
Acceleration_Dynamics__x__Turning_Dynamics=Uncommon Turning_Dynamics,Curvature_Geometry__x__Spatial_Reach_and_Route=Uncommon Curvature_Geometry,298,321,43,0.11086309523809523,0.11941964285714286,0.015997023809523808,0.14429530201342283,0.13395638629283488,1.208304585084363,0.07465277777777778
Acceleration_Dynamics__x__Turning_Dynamics=Uncommon Turning_Dynamics,Curvature_Geometry__x__Spatial_Reach_and_Route=Uncommon Spatial_Reach_and_Route,298,325,30,0.11086309523809523,0.1209077380952381,0.011160714285714286,0.10067114093959731,0.09230769230769231,0.8326277749096541,0.050590219224283306
Acceleration_Dynamics__x__Turning_Dynamics=Uncommon Turning_Dynamics,Curvature_Geometry__x__Speed_Dynamics=Hybrid,298,1357,144,0.11086309523809523,0.5048363095238095,0.05357142857142857,0.48322147651006714,0.10611643330876934,0.9571844722616509,0.09530112508272667
Acceleration_Dynamics__x__Turning_Dynamics=Uncommon Turning_Dynamics,Curvature_Geometry__x__Speed_Dynamics=Normal,298,663,64,0.11086309523809523,0.24665178571428573,0.023809523809523808,0.21476510067114093,0.09653092006033183,0.8707218561146709,0.0713489409141583
Acceleration_Dynamics__x__Turning_Dynamics=Uncommon Turning_Dynamics,Curvature_Geometry__x__Speed_Dynamics=Uncommon Curvature_Geometry,298,329,48,0.11086309523809523,0.12239583333333333,0.017857142857142856,0.1610738255033557,0.1458966565349544,1.316007425389119,0.08290155440414508
Acceleration_Dynamics__x__Turning_Dynamics=Uncommon Turning_Dynamics,Curvature_Geometry__x__Speed_Dynamics=Uncommon Speed_Dynamics,298,339,42,0.11086309523809523,0.12611607142857142,0.015625,0.14093959731543623,0.12389380530973451,1.1175387539347865,0.07058823529411765
Acceleration_Dynamics__x__Turning_Dynamics=Uncommon Turning_Dynamics,Curvature_Geometry__x__Temporal_Sequential_Context=Hybrid,298,1347,154,0.11086309523809523,0.5011160714285714,0.057291666666666664,0.5167785234899329,0.11432813659985153,1.0312551381892647,0.10328638497652583
Acceleration_Dynamics__x__Turning_Dynamics=Uncommon Turning_Dynamics,Curvature_Geometry__x__Temporal_Sequential_Context=Normal,298,708,87,0.11086309523809523,0.26339285714285715,0.03236607142857143,0.29194630872483224,0.1228813559322034,1.1084063246502105,0.09466811751904244
Acceleration_Dynamics__x__Turning_Dynamics=Uncommon Turning_Dynamics,Curvature_Geometry__x__Temporal_Sequential_Context=Uncommon Curvature_Geometry,298,314,35,0.11086309523809523,0.11681547619047619,0.013020833333333334,0.1174496644295302,0.11146496815286625,1.0054289744795453,0.060658578856152515
Acceleration_Dynamics__x__Turning_Dynamics=Uncommon Turning_Dynamics,Curvature_Geometry__x__Temporal_Sequential_Context=Uncommon Temporal_Sequential_Context,298,319,22,0.11086309523809523,0.11867559523809523,0.00818452380952381,0.0738255033557047,0.06896551724137931,0.6220782226336496,0.03697478991596639
Acceleration_Dynamics__x__Turning_Dynamics=Uncommon Turning_Dynamics,Curvature_Geometry__x__Turning_Dynamics=Hybrid,298,1356,204,0.11086309523809523,0.5044642857142857,0.07589285714285714,0.6845637583892618,0.1504424778761062,1.3570113440636693,0.1406896551724138
Acceleration_Dynamics__x__Turning_Dynamics=Uncommon Turning_Dynamics,Curvature_Geometry__x__Turning_Dynamics=Uncommon Turning_Dynamics,298,323,94,0.11086309523809523,0.12016369047619048,0.034970238095238096,0.31543624161073824,0.29102167182662536,2.6250545431878156,0.17836812144212524
Acceleration_Dynamics__x__Turning_Dynamics=Uncommon Turning_Dynamics,Spatial_Reach_and_Route__x__Speed_Dynamics=Hybrid,298,1383,143,0.11086309523809523,0.5145089285714286,0.05319940476190476,0.4798657718120805,0.10339840925524223,0.9326675304633929,0.0929778933680104
Acceleration_Dynamics__x__Turning_Dynamics=Uncommon Turning_Dynamics,Spatial_Reach_and_Route__x__Speed_Dynamics=Normal,298,749,88,0.11086309523809523,0.2786458333333333,0.03273809523809524,0.2953020134228188,0.11748998664886515,1.0597754500407706,0.09176225234619395
Acceleration_Dynamics__x__Turning_Dynamics=Uncommon Turning_Dynamics,Spatial_Reach_and_Route__x__Speed_Dynamics=Uncommon Spatial_Reach_and_Route,298,261,32,0.11086309523809523,0.09709821428571429,0.011904761904761904,0.10738255033557047,0.12260536398467432,1.1059168402375992,0.06072106261859583
Acceleration_Dynamics__x__Turning_Dynamics=Uncommon Turning_Dynamics,Spatial_Reach_and_Route__x__Speed_Dynamics=Uncommon Speed_Dynamics,298,295,35,0.11086309523809523,0.10974702380952381,0.013020833333333334,0.1174496644295302,0.11864406779661017,1.0701854169036515,0.06272401433691756
Acceleration_Dynamics__x__Turning_Dynamics=Uncommon Turning_Dynamics,Spatial_Reach_and_Route__x__Temporal_Sequential_Context=Hybrid,298,1448,150,0.11086309523809523,0.5386904761904762,0.05580357142857143,0.5033557046979866,0.10359116022099447,0.9344061700470913,0.09398496240601503
Acceleration_Dynamics__x__Turning_Dynamics=Uncommon Turning_Dynamics,Spatial_Reach_and_Route__x__Temporal_Sequential_Context=Normal,298,811,96,0.11086309523809523,0.30171130952380953,0.03571428571428571,0.3221476510067114,0.11837237977805179,1.0677347545080644,0.0947680157946693
Acceleration_Dynamics__x__Turning_Dynamics=Uncommon Turning_Dynamics,Spatial_Reach_and_Route__x__Temporal_Sequential_Context=Uncommon Spatial_Reach_and_Route,298,191,24,0.11086309523809523,0.07105654761904762,0.008928571428571428,0.08053691275167785,0.1256544502617801,1.1334200077304193,0.05161290322580645
Acceleration_Dynamics__x__Turning_Dynamics=Uncommon Turning_Dynamics,Spatial_Reach_and_Route__x__Temporal_Sequential_Context=Uncommon Temporal_Sequential_Context,298,238,28,0.11086309523809523,0.08854166666666667,0.010416666666666666,0.09395973154362416,0.11764705882352941,1.0611922621397551,0.05511811023622047
Acceleration_Dynamics__x__Turning_Dynamics=Uncommon Turning_Dynamics,Spatial_Reach_and_Route__x__Turning_Dynamics=Hybrid,298,1348,187,0.11086309523809523,0.5014880952380952,0.06956845238095238,0.62751677852349,0.1387240356083086,1.2513094218628644,0.1281699794379712
Acceleration_Dynamics__x__Turning_Dynamics=Uncommon Turning_Dynamics,Spatial_Reach_and_Route__x__Turning_Dynamics=Uncommon Turning_Dynamics,298,332,111,0.11086309523809523,0.12351190476190477,0.041294642857142856,0.3724832214765101,0.33433734939759036,3.0157677690628284,0.2138728323699422
Acceleration_Dynamics__x__Turning_Dynamics=Uncommon Turning_Dynamics,Speed_Dynamics__x__Temporal_Sequential_Context=Hybrid,298,1412,151,0.11086309523809523,0.5252976190476191,0.05617559523809524,0.5067114093959731,0.10694050991501416,0.9646177538642889,0.09685695958948044
Acceleration_Dynamics__x__Turning_Dynamics=Uncommon Turning_Dynamics,Speed_Dynamics__x__Temporal_Sequential_Context=Normal,298,735,96,0.11086309523809523,0.2734375,0.03571428571428571,0.3221476510067114,0.1306122448979592,1.1781399808245445,0.10245464247598719
Acceleration_Dynamics__x__Turning_Dynamics=Uncommon Turning_Dynamics,Speed_Dynamics__x__Temporal_Sequential_Context=Uncommon Speed_Dynamics,298,272,28,0.11086309523809523,0.10119047619047619,0.010416666666666666,0.09395973154362416,0.10294117647058823,0.9285432293722858,0.05166051660516605
Acceleration_Dynamics__x__Turning_Dynamics=Uncommon Turning_Dynamics,Speed_Dynamics__x__Temporal_Sequential_Context=Uncommon Temporal_Sequential_Context,298,269,23,0.11086309523809523,0.10007440476190477,0.00855654761904762,0.07718120805369127,0.08550185873605948,0.7712382425588185,0.042279411764705885
Acceleration_Dynamics__x__Turning_Dynamics=Uncommon Turning_Dynamics,Speed_Dynamics__x__Turning_Dynamics=Hybrid,298,1377,195,0.11086309523809523,0.5122767857142857,0.07254464285714286,0.6543624161073825,0.14161220043572983,1.2773610562793352,0.13175675675675674
Acceleration_Dynamics__x__Turning_Dynamics=Uncommon Turning_Dynamics,Speed_Dynamics__x__Turning_Dynamics=Uncommon Turning_Dynamics,298,301,103,0.11086309523809523,0.11197916666666667,0.038318452380952384,0.34563758389261745,0.34219269102990035,3.0866240049945377,0.20766129032258066
Acceleration_Dynamics__x__Turning_Dynamics=Uncommon Turning_Dynamics,Temporal_Sequential_Context__x__Turning_Dynamics=Hybrid,298,1386,190,0.11086309523809523,0.515625,0.07068452380952381,0.6375838926174496,0.1370851370851371,1.2365263371974782,0.12717536813922356
Acceleration_Dynamics__x__Turning_Dynamics=Uncommon Turning_Dynamics,Temporal_Sequential_Context__x__Turning_Dynamics=Uncommon Turning_Dynamics,298,304,108,0.11086309523809523,0.1130952380952381,0.04017857142857143,0.3624161073825503,0.35526315789473684,3.2045213705404456,0.21862348178137653
Curvature_Geometry__x__Spatial_Reach_and_Route=Hybrid,Curvature_Geometry__x__Speed_Dynamics=Hybrid,1349,1357,926,0.5018601190476191,0.5048363095238095,0.3444940476190476,0.6864343958487769,0.6823876197494473,1.3597167693747325,0.5202247191011236
Curvature_Geometry__x__Spatial_Reach_and_Route=Hybrid,Curvature_Geometry__x__Speed_Dynamics=Normal,1349,663,148,0.5018601190476191,0.24665178571428573,0.05505952380952381,0.10971089696071164,0.22322775263951736,0.4448007406189937,0.07939914163090128
Curvature_Geometry__x__Spatial_Reach_and_Route=Hybrid,Curvature_Geometry__x__Speed_Dynamics=Uncommon Curvature_Geometry,1349,329,209,0.5018601190476191,0.12239583333333333,0.07775297619047619,0.15492957746478872,0.6352583586626139,1.2658076116272101,0.14227365554799182
Curvature_Geometry__x__Spatial_Reach_and_Route=Hybrid,Curvature_Geometry__x__Speed_Dynamics=Uncommon Speed_Dynamics,1349,339,66,0.5018601190476191,0.12611607142857142,0.024553571428571428,0.04892512972572276,0.19469026548672566,0.3879373118075008,0.040690505548705305
Curvature_Geometry__x__Spatial_Reach_and_Route=Hybrid,Curvature_Geometry__x__Temporal_Sequential_Context=Hybrid,1349,1347,970,0.5018601190476191,0.5011160714285714,0.36086309523809523,0.7190511489992587,0.7201187824795843,1.4348993975575408,0.5619930475086906
Curvature_Geometry__x__Spatial_Reach_and_Route=Hybrid,Curvature_Geometry__x__Temporal_Sequential_Context=Normal,1349,708,150,0.5018601190476191,0.26339285714285715,0.05580357142857143,0.1111934766493699,0.211864406779661,0.42215828422811624,0.07865757734661773
Curvature_Geometry__x__Spatial_Reach_and_Route=Hybrid,Curvature_Geometry__x__Temporal_Sequential_Context=Uncommon Curvature_Geometry,1349,314,176,0.5018601190476191,0.11681547619047619,0.06547619047619048,0.13046701260192736,0.5605095541401274,1.1168641078789197,0.1183591123066577
Curvature_Geometry__x__Spatial_Reach_and_Route=Hybrid,Curvature_Geometry__x__Temporal_Sequential_Context=Uncommon Temporal_Sequential_Context,1349,319,53,0.5018601190476191,0.11867559523809523,0.019717261904761904,0.039288361749444035,0.16614420062695925,0.331056791167729,0.03281733746130031
Curvature_Geometry__x__Spatial_Reach_and_Route=Hybrid,Curvature_Geometry__x__Turning_Dynamics=Hybrid,1349,1356,916,0.5018601190476191,0.5044642857142857,0.34077380952380953,0.6790214974054856,0.6755162241887905,1.346024915210874,0.5120178870877585
Curvature_Geometry__x__Spatial_Reach_and_Route=Hybrid,Curvature_Geometry__x__Turning_Dynamics=Normal,1349,699,163,0.5018601190476191,0.26004464285714285,0.06063988095238095,0.12083024462564863,0.23319027181688126,0.46465192783082043,0.08647214854111406
Curvature_Geometry__x__Spatial_Reach_and_Route=Hybrid,Curvature_Geometry__x__Turning_Dynamics=Uncommon Curvature_Geometry,1349,310,214,0.5018601190476191,0.11532738095238096,0.07961309523809523,0.1586360266864344,0.6903225806451613,1.3755278701068892,0.14809688581314878
Curvature_Geometry__x__Spatial_Reach_and_Route=Hybrid,Curvature_Geometry__x__Turning_Dynamics=Uncommon Turning_Dynamics,1349,323,56,0.5018601190476191,0.12016369047619048,0.020833333333333332,0.04151223128243143,0.17337461300309598,0.345464017607355,0.034653465346534656
Curvature_Geometry__x__Spatial_Reach_and_Route=Hybrid,Spatial_Reach_and_Route__x__Speed_Dynamics=Hybrid,1349,1383,927,0.5018601190476191,0.5145089285714286,0.34486607142857145,0.687175685693106,0.6702819956616052,1.3355952589610043,0.5135734072022161
Curvature_Geometry__x__Spatial_Reach_and_Route=Hybrid,Spatial_Reach_and_Route__x__Speed_Dynamics=Normal,1349,749,193,0.5018601190476191,0.2786458333333333,0.07180059523809523,0.1430689399555226,0.2576769025367156,0.5134436723637447,0.10131233595800525
Curvature_Geometry__x__Spatial_Reach_and_Route=Hybrid,Spatial_Reach_and_Route__x__Speed_Dynamics=Uncommon Spatial_Reach_and_Route,1349,261,178,0.5018601190476191,0.09709821428571429,0.0662202380952381,0.13194959229058562,0.6819923371647509,1.3589291343949967,0.12430167597765363
Curvature_Geometry__x__Spatial_Reach_and_Route=Hybrid,Spatial_Reach_and_Route__x__Speed_Dynamics=Uncommon Speed_Dynamics,1349,295,51,0.5018601190476191,0.10974702380952381,0.018973214285714284,0.03780578206078577,0.17288135593220338,0.34448115993014283,0.032015065913371
Curvature_Geometry__x__Spatial_Reach_and_Route=Hybrid,Spatial_Reach_and_Route__x__Temporal_Sequential_Context=Hybrid,1349,1448,998,0.5018601190476191,0.5386904761904762,0.3712797619047619,0.7398072646404744,0.6892265193370166,1.3733438724817648,0.5547526403557532
Curvature_Geometry__x__Spatial_Reach_and_Route=Hybrid,Spatial_Reach_and_Route__x__Temporal_Sequential_Context=Normal,1349,811,182,0.5018601190476191,0.30171130952380953,0.06770833333333333,0.13491475166790215,0.22441430332922319,0.44716504621864483,0.09201213346814964
Curvature_Geometry__x__Spatial_Reach_and_Route=Hybrid,Spatial_Reach_and_Route__x__Temporal_Sequential_Context=Uncommon Spatial_Reach_and_Route,1349,191,133,0.5018601190476191,0.07105654761904762,0.049479166666666664,0.09859154929577464,0.6963350785340314,1.3875082958483886,0.0945273631840796
Curvature_Geometry__x__Spatial_Reach_and_Route=Hybrid,Spatial_Reach_and_Route__x__Temporal_Sequential_Context=Uncommon Temporal_Sequential_Context,1349,238,36,0.5018601190476191,0.08854166666666667,0.013392857142857142,0.026686434395848776,0.15126050420168066,0.30139972964723316,0.02321083172147002
Curvature_Geometry__x__Spatial_Reach_and_Route=Hybrid,Spatial_Reach_and_Route__x__Turning_Dynamics=Hybrid,1349,1348,903,0.5018601190476191,0.5014880952380952,0.3359375,0.6693847294292068,0.6698813056379822,1.3347968491882105,0.5033444816053512
Curvature_Geometry__x__Spatial_Reach_and_Route=Hybrid,Spatial_Reach_and_Route__x__Turning_Dynamics=Normal,1349,697,163,0.5018601190476191,0.25930059523809523,0.06063988095238095,0.12083024462564863,0.23385939741750358,0.4659852188719419,0.08656399362719065
Curvature_Geometry__x__Spatial_Reach_and_Route=Hybrid,Spatial_Reach_and_Route__x__Turning_Dynamics=Uncommon Spatial_Reach_and_Route,1349,311,222,0.5018601190476191,0.11569940476190477,0.08258928571428571,0.16456634544106746,0.7138263665594855,1.4223612107575219,0.15438108484005564
Curvature_Geometry__x__Spatial_Reach_and_Route=Hybrid,Spatial_Reach_and_Route__x__Turning_Dynamics=Uncommon Turning_Dynamics,1349,332,61,0.5018601190476191,0.12351190476190477,0.02269345238095238,0.0452186805040771,0.18373493975903615,0.36610787106915427,0.037654320987654324
Curvature_Geometry__x__Spatial_Reach_and_Route=Hybrid,Speed_Dynamics__x__Temporal_Sequential_Context=Hybrid,1349,1412,795,0.5018601190476191,0.5252976190476191,0.29575892857142855,0.5893254262416605,0.5630311614730878,1.1218886301257671,0.4043743641912513
Curvature_Geometry__x__Spatial_Reach_and_Route=Hybrid,Speed_Dynamics__x__Temporal_Sequential_Context=Normal,1349,735,302,0.5018601190476191,0.2734375,0.11235119047619048,0.22386953298739806,0.4108843537414966,0.81872286349677,0.16947250280583614
Curvature_Geometry__x__Spatial_Reach_and_Route=Hybrid,Speed_Dynamics__x__Temporal_Sequential_Context=Uncommon Speed_Dynamics,1349,272,110,0.5018601190476191,0.10119047619047619,0.04092261904761905,0.08154188287620459,0.40441176470588236,0.8058256660707278,0.07279947054930509
Curvature_Geometry__x__Spatial_Reach_and_Route=Hybrid,Speed_Dynamics__x__Temporal_Sequential_Context=Uncommon Temporal_Sequential_Context,1349,269,142,0.5018601190476191,0.10007440476190477,0.05282738095238095,0.10526315789473684,0.5278810408921933,1.051848953238114,0.09620596205962059
Curvature_Geometry__x__Spatial_Reach_and_Route=Hybrid,Speed_Dynamics__x__Turning_Dynamics=Hybrid,1349,1377,722,0.5018601190476191,0.5122767857142857,0.26860119047619047,0.5352112676056338,0.524328249818446,1.0447697075700388,0.3602794411177645
Curvature_Geometry__x__Spatial_Reach_and_Route=Hybrid,Speed_Dynamics__x__Turning_Dynamics=Normal,1349,709,342,0.5018601190476191,0.26376488095238093,0.12723214285714285,0.2535211267605634,0.4823695345557123,0.9611633127396253,0.1993006993006993
Curvature_Geometry__x__Spatial_Reach_and_Route=Hybrid,Speed_Dynamics__x__Turning_Dynamics=Uncommon Speed_Dynamics,1349,301,148,0.5018601190476191,0.11197916666666667,0.05505952380952381,0.10971089696071164,0.49169435215946844,0.9797438240212387,0.0985352862849534
Curvature_Geometry__x__Spatial_Reach_and_Route=Hybrid,Speed_Dynamics__x__Turning_Dynamics=Uncommon Turning_Dynamics,1349,301,137,0.5018601190476191,0.11197916666666667,0.050967261904761904,0.10155670867309118,0.45514950166112955,0.9069250262899304,0.09054857898215465
Curvature_Geometry__x__Spatial_Reach_and_Route=Hybrid,Temporal_Sequential_Context__x__Turning_Dynamics=Hybrid,1349,1386,771,0.5018601190476191,0.515625,0.28683035714285715,0.5715344699777613,0.5562770562770563,1.1084304872295976,0.3925661914460285
Curvature_Geometry__x__Spatial_Reach_and_Route=Hybrid,Temporal_Sequential_Context__x__Turning_Dynamics=Normal,1349,714,306,0.5018601190476191,0.265625,0.11383928571428571,0.2268346923647146,0.42857142857142855,0.8539659006671608,0.17416050085372795
Curvature_Geometry__x__Spatial_Reach_and_Route=Hybrid,Temporal_Sequential_Context__x__Turning_Dynamics=Uncommon Temporal_Sequential_Context,1349,284,149,0.5018601190476191,0.1056547619047619,0.055431547619047616,0.11045218680504076,0.5246478873239436,1.0454066131406674,0.10040431266846361
Curvature_Geometry__x__Spatial_Reach_and_Route=Hybrid,Temporal_Sequential_Context__x__Turning_Dynamics=Uncommon Turning_Dynamics,1349,304,123,0.5018601190476191,0.1130952380952381,0.04575892857142857,0.09117865085248332,0.40460526315789475,0.8062112285903787,0.0803921568627451
Curvature_Geometry__x__Spatial_Reach_and_Route=Normal,Curvature_Geometry__x__Speed_Dynamics=Hybrid,693,1357,169,0.2578125,0.5048363095238095,0.06287202380952381,0.24386724386724387,0.12453942520265292,0.48306201290725975,0.08984582668793195
Curvature_Geometry__x__Spatial_Reach_and_Route=Normal,Curvature_Geometry__x__Speed_Dynamics=Normal,693,663,369,0.2578125,0.24665178571428573,0.13727678571428573,0.5324675324675324,0.5565610859728507,2.158782394076512,0.3738601823708207
Curvature_Geometry__x__Spatial_Reach_and_Route=Normal,Curvature_Geometry__x__Speed_Dynamics=Uncommon Speed_Dynamics,693,339,155,0.2578125,0.12611607142857142,0.05766369047619048,0.22366522366522368,0.45722713864306785,1.7734870832215968,0.17673888255416192
Curvature_Geometry__x__Spatial_Reach_and_Route=Normal,Curvature_Geometry__x__Temporal_Sequential_Context=Hybrid,693,1347,138,0.2578125,0.5011160714285714,0.05133928571428571,0.19913419913419914,0.10244988864142539,0.39738138624552877,0.07255520504731862
Curvature_Geometry__x__Spatial_Reach_and_Route=Normal,Curvature_Geometry__x__Temporal_Sequential_Context=Normal,693,708,425,0.2578125,0.26339285714285715,0.15811011904761904,0.6132756132756133,0.6002824858757062,2.328368430063345,0.4354508196721312
Curvature_Geometry__x__Spatial_Reach_and_Route=Normal,Curvature_Geometry__x__Temporal_Sequential_Context=Uncommon Temporal_Sequential_Context,693,319,130,0.2578125,0.11867559523809523,0.04836309523809524,0.18759018759018758,0.40752351097178685,1.580697254678446,0.1473922902494331
Curvature_Geometry__x__Spatial_Reach_and_Route=Normal,Curvature_Geometry__x__Turning_Dynamics=Hybrid,693,1356,156,0.2578125,0.5044642857142857,0.05803571428571429,0.22510822510822512,0.11504424778761062,0.4462322338428534,0.08240887480190175
Curvature_Geometry__x__Spatial_Reach_and_Route=Normal,Curvature_Geometry__x__Turning_Dynamics=Normal,693,699,389,0.2578125,0.26004464285714285,0.14471726190476192,0.5613275613275613,0.5565092989985694,2.1585815233883907,0.38783649052841473
Curvature_Geometry__x__Spatial_Reach_and_Route=Normal,Curvature_Geometry__x__Turning_Dynamics=Uncommon Turning_Dynamics,693,323,148,0.2578125,0.12016369047619048,0.05505952380952381,0.21356421356421357,0.4582043343653251,1.777277418144291,0.17050691244239632
Curvature_Geometry__x__Spatial_Reach_and_Route=Normal,Spatial_Reach_and_Route__x__Speed_Dynamics=Hybrid,693,1383,166,0.2578125,0.5145089285714286,0.061755952380952384,0.23953823953823955,0.12002892263195951,0.4655667302088127,0.08691099476439791
Curvature_Geometry__x__Spatial_Reach_and_Route=Normal,Spatial_Reach_and_Route__x__Speed_Dynamics=Normal,693,749,369,0.2578125,0.2786458333333333,0.13727678571428573,0.5324675324675324,0.49265687583444595,1.910911518388154,0.34389561975768873
Curvature_Geometry__x__Spatial_Reach_and_Route=Normal,Spatial_Reach_and_Route__x__Speed_Dynamics=Uncommon Speed_Dynamics,693,295,158,0.2578125,0.10974702380952381,0.058779761904761904,0.227994227994228,0.535593220338983,2.077452491011813,0.19036144578313252
Curvature_Geometry__x__Spatial_Reach_and_Route=Normal,Spatial_Reach_and_Route__x__Temporal_Sequential_Context=Hybrid,693,1448,141,0.2578125,0.5386904761904762,0.052455357142857144,0.20346320346320346,0.09737569060773481,0.3776996484178805,0.0705
Curvature_Geometry__x__Spatial_Reach_and_Route=Normal,Spatial_Reach_and_Route__x__Temporal_Sequential_Context=Normal,693,811,425,0.2578125,0.30171130952380953,0.15811011904761904,0.6132756132756133,0.5240443896424167,2.032657026491798,0.3938832252085264
Curvature_Geometry__x__Spatial_Reach_and_Route=Normal,Spatial_Reach_and_Route__x__Temporal_Sequential_Context=Uncommon Temporal_Sequential_Context,693,238,127,0.2578125,0.08854166666666667,0.04724702380952381,0.18326118326118326,0.5336134453781513,2.0697733638910107,0.15796019900497513
Curvature_Geometry__x__Spatial_Reach_and_Route=Normal,Spatial_Reach_and_Route__x__Turning_Dynamics=Hybrid,693,1348,153,0.2578125,0.5014880952380952,0.056919642857142856,0.22077922077922077,0.11350148367952523,0.44024817912058267,0.08103813559322035
Curvature_Geometry__x__Spatial_Reach_and_Route=Normal,Spatial_Reach_and_Route__x__Turning_Dynamics=Normal,693,697,389,0.2578125,0.25930059523809523,0.14471726190476192,0.5613275613275613,0.5581061692969871,2.1647754445458895,0.3886113886113886
Curvature_Geometry__x__Spatial_Reach_and_Route=Normal,Spatial_Reach_and_Route__x__Turning_Dynamics=Uncommon Turning_Dynamics,693,332,151,0.2578125,0.12351190476190477,0.05617559523809524,0.2178932178932179,0.45481927710843373,1.7641474990872579,0.17276887871853547
Curvature_Geometry__x__Spatial_Reach_and_Route=Normal,Speed_Dynamics__x__Temporal_Sequential_Context=Hybrid,693,1412,302,0.2578125,0.5252976190476191,0.11235119047619048,0.4357864357864358,0.21388101983002833,0.8295991072195037,0.1674986134220743
Curvature_Geometry__x__Spatial_Reach_and_Route=Normal,Speed_Dynamics__x__Temporal_Sequential_Context=Normal,693,735,240,0.2578125,0.2734375,0.08928571428571429,0.3463203463203463,0.32653061224489793,1.2665429808286952,0.20202020202020202
Curvature_Geometry__x__Spatial_Reach_and_Route=Normal,Speed_Dynamics__x__Temporal_Sequential_Context=Uncommon Speed_Dynamics,693,272,96,0.2578125,0.10119047619047619,0.03571428571428571,0.13852813852813853,0.35294117647058826,1.3689839572192513,0.11047180667433831
Curvature_Geometry__x__Spatial_Reach_and_Route=Normal,Speed_Dynamics__x__Temporal_Sequential_Context=Uncommon Temporal_Sequential_Context,693,269,55,0.2578125,0.10007440476190477,0.020461309523809524,0.07936507936507936,0.20446096654275092,0.7930607187112764,0.06063947078280044
Curvature_Geometry__x__Spatial_Reach_and_Route=Normal,Speed_Dynamics__x__Turning_Dynamics=Hybrid,693,1377,324,0.2578125,0.5122767857142857,0.12053571428571429,0.4675324675324675,0.23529411764705882,0.912655971479501,0.18556701030927836
Curvature_Geometry__x__Spatial_Reach_and_Route=Normal,Speed_Dynamics__x__Turning_Dynamics=Normal,693,709,211,0.2578125,0.26376488095238093,0.07849702380952381,0.30447330447330445,0.29760225669957685,1.1543360259862376,0.17716204869857263
Curvature_Geometry__x__Spatial_Reach_and_Route=Normal,Speed_Dynamics__x__Turning_Dynamics=Uncommon Speed_Dynamics,693,301,87,0.2578125,0.11197916666666667,0.03236607142857143,0.12554112554112554,0.28903654485049834,1.1211114466928422,0.09592061742006615
Curvature_Geometry__x__Spatial_Reach_and_Route=Normal,Speed_Dynamics__x__Turning_Dynamics=Uncommon Turning_Dynamics,693,301,71,0.2578125,0.11197916666666667,0.026413690476190476,0.10245310245310245,0.23588039867109634,0.914930031209101,0.07692307692307693
Curvature_Geometry__x__Spatial_Reach_and_Route=Normal,Temporal_Sequential_Context__x__Turning_Dynamics=Hybrid,693,1386,285,0.2578125,0.515625,0.10602678571428571,0.41125541125541126,0.20562770562770563,0.7975862521317066,0.1588628762541806
Curvature_Geometry__x__Spatial_Reach_and_Route=Normal,Temporal_Sequential_Context__x__Turning_Dynamics=Normal,693,714,245,0.2578125,0.265625,0.09114583333333333,0.35353535353535354,0.3431372549019608,1.3309566250742721,0.21084337349397592
Curvature_Geometry__x__Spatial_Reach_and_Route=Normal,Temporal_Sequential_Context__x__Turning_Dynamics=Uncommon Temporal_Sequential_Context,693,284,68,0.2578125,0.1056547619047619,0.025297619047619048,0.09812409812409813,0.23943661971830985,0.9287238583013231,0.0748074807480748
Curvature_Geometry__x__Spatial_Reach_and_Route=Normal,Temporal_Sequential_Context__x__Turning_Dynamics=Uncommon Turning_Dynamics,693,304,95,0.2578125,0.1130952380952381,0.035342261904761904,0.1370851370851371,0.3125,1.2121212121212122,0.10532150776053215
Curvature_Geometry__x__Spatial_Reach_and_Route=Uncommon Curvature_Geometry,Curvature_Geometry__x__Speed_Dynamics=Hybrid,321,1357,201,0.11941964285714286,0.5048363095238095,0.07477678571428571,0.6261682242990654,0.14812085482682388,1.240339120792843,0.13608666215301288
Curvature_Geometry__x__Spatial_Reach_and_Route=Uncommon Curvature_Geometry,Curvature_Geometry__x__Speed_Dynamics=Uncommon Curvature_Geometry,321,329,120,0.11941964285714286,0.12239583333333333,0.044642857142857144,0.37383177570093457,0.364741641337386,3.0542851461523166,0.22641509433962265
Curvature_Geometry__x__Spatial_Reach_and_Route=Uncommon Curvature_Geometry,Curvature_Geometry__x__Temporal_Sequential_Context=Hybrid,321,1347,183,0.11941964285714286,0.5011160714285714,0.06808035714285714,0.5700934579439252,0.1358574610244989,1.137647524093,0.12323232323232323
Curvature_Geometry__x__Spatial_Reach_and_Route=Uncommon Curvature_Geometry,Curvature_Geometry__x__Temporal_Sequential_Context=Uncommon Curvature_Geometry,321,314,138,0.11941964285714286,0.11681547619047619,0.05133928571428571,0.42990654205607476,0.4394904458598726,3.6802190606583722,0.2776659959758551
Curvature_Geometry__x__Spatial_Reach_and_Route=Uncommon Curvature_Geometry,Curvature_Geometry__x__Turning_Dynamics=Hybrid,321,1356,225,0.11941964285714286,0.5044642857142857,0.08370535714285714,0.7009345794392523,0.16592920353982302,1.3894632371185178,0.15495867768595042
Curvature_Geometry__x__Spatial_Reach_and_Route=Uncommon Curvature_Geometry,Curvature_Geometry__x__Turning_Dynamics=Uncommon Curvature_Geometry,321,310,96,0.11941964285714286,0.11532738095238096,0.03571428571428571,0.29906542056074764,0.3096774193548387,2.5931866144106115,0.17943925233644858
Curvature_Geometry__x__Spatial_Reach_and_Route=Uncommon Curvature_Geometry,Spatial_Reach_and_Route__x__Speed_Dynamics=Hybrid,321,1383,48,0.11941964285714286,0.5145089285714286,0.017857142857142856,0.14953271028037382,0.03470715835140998,0.2906319054473209,0.028985507246376812
Curvature_Geometry__x__Spatial_Reach_and_Route=Uncommon Curvature_Geometry,Spatial_Reach_and_Route__x__Speed_Dynamics=Normal,321,749,187,0.11941964285714286,0.2786458333333333,0.06956845238095238,0.5825545171339563,0.24966622162883845,2.09066293999476,0.21177802944507362
Curvature_Geometry__x__Spatial_Reach_and_Route=Uncommon Curvature_Geometry,Spatial_Reach_and_Route__x__Speed_Dynamics=Uncommon Speed_Dynamics,321,295,86,0.11941964285714286,0.10974702380952381,0.031994047619047616,0.26791277258566976,0.29152542372881357,2.441184856645018,0.16226415094339622
Curvature_Geometry__x__Spatial_Reach_and_Route=Uncommon Curvature_Geometry,Spatial_Reach_and_Route__x__Temporal_Sequential_Context=Hybrid,321,1448,42,0.11941964285714286,0.5386904761904762,0.015625,0.1308411214953271,0.029005524861878452,0.24288738575928126,0.024319629415170817
Curvature_Geometry__x__Spatial_Reach_and_Route=Uncommon Curvature_Geometry,Spatial_Reach_and_Route__x__Temporal_Sequential_Context=Normal,321,811,204,0.11941964285714286,0.30171130952380953,0.07589285714285714,0.6355140186915887,0.25154130702836003,2.106364589695426,0.21982758620689655
Curvature_Geometry__x__Spatial_Reach_and_Route=Uncommon Curvature_Geometry,Spatial_Reach_and_Route__x__Temporal_Sequential_Context=Uncommon Temporal_Sequential_Context,321,238,75,0.11941964285714286,0.08854166666666667,0.027901785714285716,0.2336448598130841,0.31512605042016806,2.6388125343595377,0.15495867768595042
Curvature_Geometry__x__Spatial_Reach_and_Route=Uncommon Curvature_Geometry,Spatial_Reach_and_Route__x__Turning_Dynamics=Hybrid,321,1348,56,0.11941964285714286,0.5014880952380952,0.020833333333333332,0.17445482866043613,0.04154302670623145,0.34787431709143346,0.0347179169249845
Curvature_Geometry__x__Spatial_Reach_and_Route=Uncommon Curvature_Geometry,Spatial_Reach_and_Route__x__Turning_Dynamics=Normal,321,697,145,0.11941964285714286,0.25930059523809523,0.053943452380952384,0.4517133956386293,0.20803443328550933,1.7420453478861342,0.1660939289805269
Curvature_Geometry__x__Spatial_Reach_and_Route=Uncommon Curvature_Geometry,Spatial_Reach_and_Route__x__Turning_Dynamics=Uncommon Turning_Dynamics,321,332,120,0.11941964285714286,0.12351190476190477,0.044642857142857144,0.37383177570093457,0.3614457831325301,3.0266861839882893,0.225140712945591
Curvature_Geometry__x__Spatial_Reach_and_Route=Uncommon Curvature_Geometry,Speed_Dynamics__x__Temporal_Sequential_Context=Hybrid,321,1412,128,0.11941964285714286,0.5252976190476191,0.047619047619047616,0.3987538940809969,0.0906515580736544,0.7591008975139657,0.07975077881619938
Curvature_Geometry__x__Spatial_Reach_and_Route=Uncommon Curvature_Geometry,Speed_Dynamics__x__Temporal_Sequential_Context=Normal,321,735,124,0.11941964285714286,0.2734375,0.046130952380952384,0.3862928348909657,0.16870748299319727,1.4127280818869605,0.13304721030042918
Curvature_Geometry__x__Spatial_Reach_and_Route=Uncommon Curvature_Geometry,Speed_Dynamics__x__Temporal_Sequential_Context=Uncommon Speed_Dynamics,321,272,37,0.11941964285714286,0.10119047619047619,0.013764880952380952,0.11526479750778816,0.13602941176470587,1.1390874106652007,0.06654676258992806
Curvature_Geometry__x__Spatial_Reach_and_Route=Uncommon Curvature_Geometry,Speed_Dynamics__x__Temporal_Sequential_Context=Uncommon Temporal_Sequential_Context,321,269,32,0.11941964285714286,0.10007440476190477,0.011904761904761904,0.09968847352024922,0.11895910780669144,0.9961435569607058,0.05734767025089606
Curvature_Geometry__x__Spatial_Reach_and_Route=Uncommon Curvature_Geometry,Speed_Dynamics__x__Turning_Dynamics=Hybrid,321,1377,155,0.11941964285714286,0.5122767857142857,0.05766369047619048,0.48286604361370716,0.11256354393609296,0.9425881809975635,0.10045366169799093
Curvature_Geometry__x__Spatial_Reach_and_Route=Uncommon Curvature_Geometry,Speed_Dynamics__x__Turning_Dynamics=Normal,321,709,82,0.11941964285714286,0.26376488095238093,0.03050595238095238,0.2554517133956386,0.1156558533145275,0.9684826595309967,0.08649789029535865
Curvature_Geometry__x__Spatial_Reach_and_Route=Uncommon Curvature_Geometry,Speed_Dynamics__x__Turning_Dynamics=Uncommon Speed_Dynamics,321,301,29,0.11941964285714286,0.11197916666666667,0.010788690476190476,0.09034267912772585,0.09634551495016612,0.8067811345359704,0.048903878583473864
Curvature_Geometry__x__Spatial_Reach_and_Route=Uncommon Curvature_Geometry,Speed_Dynamics__x__Turning_Dynamics=Uncommon Turning_Dynamics,321,301,55,0.11941964285714286,0.11197916666666667,0.020461309523809524,0.17133956386292834,0.18272425249169436,1.5301021517061508,0.09700176366843033
Curvature_Geometry__x__Spatial_Reach_and_Route=Uncommon Curvature_Geometry,Temporal_Sequential_Context__x__Turning_Dynamics=Hybrid,321,1386,144,0.11941964285714286,0.515625,0.05357142857142857,0.4485981308411215,0.1038961038961039,0.8700084961767204,0.09213051823416507
Curvature_Geometry__x__Spatial_Reach_and_Route=Uncommon Curvature_Geometry,Temporal_Sequential_Context__x__Turning_Dynamics=Normal,321,714,104,0.11941964285714286,0.265625,0.03869047619047619,0.32398753894080995,0.14565826330532214,1.2197177936595198,0.11170784103114931
Curvature_Geometry__x__Spatial_Reach_and_Route=Uncommon Curvature_Geometry,Temporal_Sequential_Context__x__Turning_Dynamics=Uncommon Temporal_Sequential_Context,321,284,20,0.11941964285714286,0.1056547619047619,0.00744047619047619,0.06230529595015576,0.07042253521126761,0.5897064630775306,0.03418803418803419
Curvature_Geometry__x__Spatial_Reach_and_Route=Uncommon Curvature_Geometry,Temporal_Sequential_Context__x__Turning_Dynamics=Uncommon Turning_Dynamics,321,304,53,0.11941964285714286,0.1130952380952381,0.019717261904761904,0.16510903426791276,0.17434210526315788,1.4599114608952286,0.09265734265734266
Curvature_Geometry__x__Spatial_Reach_and_Route=Uncommon Spatial_Reach_and_Route,Curvature_Geometry__x__Speed_Dynamics=Hybrid,325,1357,61,0.1209077380952381,0.5048363095238095,0.02269345238095238,0.18769230769230769,0.0449521002210759,0.3717884473669293,0.03763109191856878
Curvature_Geometry__x__Spatial_Reach_and_Route=Uncommon Spatial_Reach_and_Route,Curvature_Geometry__x__Speed_Dynamics=Normal,325,663,146,0.1209077380952381,0.24665178571428573,0.05431547619047619,0.4492307692307692,0.22021116138763197,1.8213156978767837,0.17339667458432304
Curvature_Geometry__x__Spatial_Reach_and_Route=Uncommon Spatial_Reach_and_Route,Curvature_Geometry__x__Speed_Dynamics=Uncommon Speed_Dynamics,325,339,118,0.1209077380952381,0.12611607142857142,0.04389880952380952,0.3630769230769231,0.3480825958702065,2.878910823689585,0.21611721611721613
Curvature_Geometry__x__Spatial_Reach_and_Route=Uncommon Spatial_Reach_and_Route,Curvature_Geometry__x__Temporal_Sequential_Context=Hybrid,325,1347,56,0.1209077380952381,0.5011160714285714,0.020833333333333332,0.1723076923076923,0.041573867854491464,0.343847867054994,0.034653465346534656
Curvature_Geometry__x__Spatial_Reach_and_Route=Uncommon Spatial_Reach_and_Route,Curvature_Geometry__x__Temporal_Sequential_Context=Normal,325,708,133,0.1209077380952381,0.26339285714285715,0.049479166666666664,0.40923076923076923,0.18785310734463276,1.5536897001303778,0.14777777777777779
Curvature_Geometry__x__Spatial_Reach_and_Route=Uncommon Spatial_Reach_and_Route,Curvature_Geometry__x__Temporal_Sequential_Context=Uncommon Temporal_Sequential_Context,325,319,136,0.1209077380952381,0.11867559523809523,0.050595238095238096,0.41846153846153844,0.4263322884012539,3.526095972992525,0.2677165354330709
Curvature_Geometry__x__Spatial_Reach_and_Route=Uncommon Spatial_Reach_and_Route,Curvature_Geometry__x__Turning_Dynamics=Hybrid,325,1356,59,0.1209077380952381,0.5044642857142857,0.02194940476190476,0.18153846153846154,0.043510324483775814,0.3598638529611981,0.036374845869297165
Curvature_Geometry__x__Spatial_Reach_and_Route=Uncommon Spatial_Reach_and_Route,Curvature_Geometry__x__Turning_Dynamics=Normal,325,699,147,0.1209077380952381,0.26004464285714285,0.0546875,0.4523076923076923,0.21030042918454936,1.7393463189171345,0.1676168757126568
Curvature_Geometry__x__Spatial_Reach_and_Route=Uncommon Spatial_Reach_and_Route,Curvature_Geometry__x__Turning_Dynamics=Uncommon Turning_Dynamics,325,323,119,0.1209077380952381,0.12016369047619048,0.044270833333333336,0.36615384615384616,0.3684210526315789,3.0471255060728746,0.22495274102079396
Curvature_Geometry__x__Spatial_Reach_and_Route=Uncommon Spatial_Reach_and_Route,Spatial_Reach_and_Route__x__Speed_Dynamics=Hybrid,325,1383,242,0.1209077380952381,0.5145089285714286,0.0900297619047619,0.7446153846153846,0.1749819233550253,1.447235107625563,0.165075034106412
Curvature_Geometry__x__Spatial_Reach_and_Route=Uncommon Spatial_Reach_and_Route,Spatial_Reach_and_Route__x__Speed_Dynamics=Uncommon Spatial_Reach_and_Route,325,261,83,0.1209077380952381,0.09709821428571429,0.030877976190476192,0.2553846153846154,0.31800766283524906,2.6301679929266135,0.16500994035785288
Curvature_Geometry__x__Spatial_Reach_and_Route=Uncommon Spatial_Reach_and_Route,Spatial_Reach_and_Route__x__Temporal_Sequential_Context=Hybrid,325,1448,267,0.1209077380952381,0.5386904761904762,0.09933035714285714,0.8215384615384616,0.18439226519337015,1.5250658733531661,0.17729083665338646
Curvature_Geometry__x__Spatial_Reach_and_Route=Uncommon Spatial_Reach_and_Route,Spatial_Reach_and_Route__x__Temporal_Sequential_Context=Uncommon Spatial_Reach_and_Route,325,191,58,0.1209077380952381,0.07105654761904762,0.021577380952380952,0.17846153846153845,0.3036649214659686,2.511542488924688,0.12663755458515283
Curvature_Geometry__x__Spatial_Reach_and_Route=Uncommon Spatial_Reach_and_Route,Spatial_Reach_and_Route__x__Turning_Dynamics=Hybrid,325,1348,236,0.1209077380952381,0.5014880952380952,0.08779761904761904,0.7261538461538461,0.17507418397626112,1.447998173932892,0.16423103688239388
Curvature_Geometry__x__Spatial_Reach_and_Route=Uncommon Spatial_Reach_and_Route,Spatial_Reach_and_Route__x__Turning_Dynamics=Uncommon Spatial_Reach_and_Route,325,311,89,0.1209077380952381,0.11569940476190477,0.03311011904761905,0.27384615384615385,0.2861736334405145,2.3668760821172397,0.16270566727605118
Curvature_Geometry__x__Spatial_Reach_and_Route=Uncommon Spatial_Reach_and_Route,Speed_Dynamics__x__Temporal_Sequential_Context=Hybrid,325,1412,187,0.1209077380952381,0.5252976190476191,0.06956845238095238,0.5753846153846154,0.13243626062322947,1.095349749400741,0.12064516129032259
Curvature_Geometry__x__Spatial_Reach_and_Route=Uncommon Spatial_Reach_and_Route,Speed_Dynamics__x__Temporal_Sequential_Context=Normal,325,735,69,0.1209077380952381,0.2734375,0.025669642857142856,0.2123076923076923,0.09387755102040816,0.7764395604395604,0.06962663975782038
Curvature_Geometry__x__Spatial_Reach_and_Route=Uncommon Spatial_Reach_and_Route,Speed_Dynamics__x__Temporal_Sequential_Context=Uncommon Speed_Dynamics,325,272,29,0.1209077380952381,0.10119047619047619,0.010788690476190476,0.08923076923076922,0.10661764705882353,0.8818099547511311,0.051056338028169015
Curvature_Geometry__x__Spatial_Reach_and_Route=Uncommon Spatial_Reach_and_Route,Speed_Dynamics__x__Temporal_Sequential_Context=Uncommon Temporal_Sequential_Context,325,269,40,0.1209077380952381,0.10007440476190477,0.01488095238095238,0.12307692307692308,0.14869888475836432,1.2298541607091793,0.07220216606498195
Curvature_Geometry__x__Spatial_Reach_and_Route=Uncommon Spatial_Reach_and_Route,Speed_Dynamics__x__Turning_Dynamics=Hybrid,325,1377,176,0.1209077380952381,0.5122767857142857,0.06547619047619048,0.5415384615384615,0.12781408859840232,1.0571208312384783,0.11533420707732635
Curvature_Geometry__x__Spatial_Reach_and_Route=Uncommon Spatial_Reach_and_Route,Speed_Dynamics__x__Turning_Dynamics=Normal,325,709,74,0.1209077380952381,0.26376488095238093,0.027529761904761904,0.2276923076923077,0.10437235543018336,0.8632396658348703,0.07708333333333334
Curvature_Geometry__x__Spatial_Reach_and_Route=Uncommon Spatial_Reach_and_Route,Speed_Dynamics__x__Turning_Dynamics=Uncommon Speed_Dynamics,325,301,37,0.1209077380952381,0.11197916666666667,0.013764880952380952,0.11384615384615385,0.12292358803986711,1.0166726296958855,0.06281833616298811
Curvature_Geometry__x__Spatial_Reach_and_Route=Uncommon Spatial_Reach_and_Route,Speed_Dynamics__x__Turning_Dynamics=Uncommon Turning_Dynamics,325,301,38,0.1209077380952381,0.11197916666666667,0.014136904761904762,0.11692307692307692,0.12624584717607973,1.0441502683363149,0.06462585034013606
Curvature_Geometry__x__Spatial_Reach_and_Route=Uncommon Spatial_Reach_and_Route,Temporal_Sequential_Context__x__Turning_Dynamics=Hybrid,325,1386,186,0.1209077380952381,0.515625,0.06919642857142858,0.5723076923076923,0.1341991341991342,1.10993006993007,0.1219672131147541
Curvature_Geometry__x__Spatial_Reach_and_Route=Uncommon Spatial_Reach_and_Route,Temporal_Sequential_Context__x__Turning_Dynamics=Normal,325,714,59,0.1209077380952381,0.265625,0.02194940476190476,0.18153846153846154,0.08263305322128851,0.6834389140271493,0.06020408163265306
Curvature_Geometry__x__Spatial_Reach_and_Route=Uncommon Spatial_Reach_and_Route,Temporal_Sequential_Context__x__Turning_Dynamics=Uncommon Temporal_Sequential_Context,325,284,47,0.1209077380952381,0.1056547619047619,0.017485119047619048,0.14461538461538462,0.16549295774647887,1.36875406283857,0.08362989323843416
Curvature_Geometry__x__Spatial_Reach_and_Route=Uncommon Spatial_Reach_and_Route,Temporal_Sequential_Context__x__Turning_Dynamics=Uncommon Turning_Dynamics,325,304,33,0.1209077380952381,0.1130952380952381,0.012276785714285714,0.10153846153846154,0.10855263157894737,0.8978137651821863,0.05536912751677853
Curvature_Geometry__x__Speed_Dynamics=Hybrid,Curvature_Geometry__x__Temporal_Sequential_Context=Hybrid,1357,1347,935,0.5048363095238095,0.5011160714285714,0.3478422619047619,0.6890198968312454,0.694135115070527,1.374970662718922,0.5285472018089316
Curvature_Geometry__x__Speed_Dynamics=Hybrid,Curvature_Geometry__x__Temporal_Sequential_Context=Normal,1357,708,163,0.5048363095238095,0.26339285714285715,0.06063988095238095,0.12011790714812086,0.23022598870056496,0.45604086781659436,0.08569926393270241
Curvature_Geometry__x__Speed_Dynamics=Hybrid,Curvature_Geometry__x__Temporal_Sequential_Context=Uncommon Curvature_Geometry,1357,314,198,0.5048363095238095,0.11681547619047619,0.07366071428571429,0.14591009579955785,0.6305732484076433,1.2490647691376162,0.13441955193482688
Curvature_Geometry__x__Speed_Dynamics=Hybrid,Curvature_Geometry__x__Temporal_Sequential_Context=Uncommon Temporal_Sequential_Context,1357,319,61,0.5048363095238095,0.11867559523809523,0.02269345238095238,0.0449521002210759,0.19122257053291536,0.37878133352430104,0.03777089783281734
Curvature_Geometry__x__Speed_Dynamics=Hybrid,Curvature_Geometry__x__Turning_Dynamics=Hybrid,1357,1356,901,0.5048363095238095,0.5044642857142857,0.3351934523809524,0.6639646278555638,0.6644542772861357,1.3161776693774008,0.49724061810154524
Curvature_Geometry__x__Speed_Dynamics=Hybrid,Curvature_Geometry__x__Turning_Dynamics=Normal,1357,699,179,0.5048363095238095,0.26004464285714285,0.0665922619047619,0.13190862196020633,0.25608011444921314,0.5072537565508364,0.09536494405966968
Curvature_Geometry__x__Speed_Dynamics=Hybrid,Curvature_Geometry__x__Turning_Dynamics=Uncommon Curvature_Geometry,1357,310,216,0.5048363095238095,0.11532738095238096,0.08035714285714286,0.159174649963154,0.6967741935483871,1.3801982551643808,0.14886285320468642
Curvature_Geometry__x__Speed_Dynamics=Hybrid,Curvature_Geometry__x__Turning_Dynamics=Uncommon Turning_Dynamics,1357,323,61,0.5048363095238095,0.12016369047619048,0.02269345238095238,0.0449521002210759,0.18885448916408668,0.3740905430162601,0.03767757875231625
Curvature_Geometry__x__Speed_Dynamics=Hybrid,Spatial_Reach_and_Route__x__Speed_Dynamics=Hybrid,1357,1383,925,0.5048363095238095,0.5145089285714286,0.34412202380952384,0.681650700073692,0.6688358640636298,1.3248568921171973,0.509641873278237
Curvature_Geometry__x__Speed_Dynamics=Hybrid,Spatial_Reach_and_Route__x__Speed_Dynamics=Normal,1357,749,194,0.5048363095238095,0.2786458333333333,0.07217261904761904,0.14296241709653648,0.2590120160213618,0.5130613847202804,0.10146443514644352
Curvature_Geometry__x__Speed_Dynamics=Hybrid,Spatial_Reach_and_Route__x__Speed_Dynamics=Uncommon Spatial_Reach_and_Route,1357,261,47,0.5048363095238095,0.09709821428571429,0.017485119047619048,0.034635224760501106,0.18007662835249041,0.35670300442998837,0.02991725015913431
Curvature_Geometry__x__Speed_Dynamics=Hybrid,Spatial_Reach_and_Route__x__Speed_Dynamics=Uncommon Speed_Dynamics,1357,295,191,0.5048363095238095,0.10974702380952381,0.07105654761904762,0.14075165806927045,0.6474576271186441,1.2825100233566065,0.13073237508555785
Curvature_Geometry__x__Speed_Dynamics=Hybrid,Spatial_Reach_and_Route__x__Temporal_Sequential_Context=Hybrid,1357,1448,782,0.5048363095238095,0.5386904761904762,0.29092261904761907,0.576271186440678,0.5400552486187845,1.069763086431314,0.3865546218487395
Curvature_Geometry__x__Speed_Dynamics=Hybrid,Spatial_Reach_and_Route__x__Temporal_Sequential_Context=Normal,1357,811,357,0.5048363095238095,0.30171130952380953,0.1328125,0.2630803242446573,0.4401972872996301,0.8719604335014042,0.19712865819988956
Curvature_Geometry__x__Speed_Dynamics=Hybrid,Spatial_Reach_and_Route__x__Temporal_Sequential_Context=Uncommon Spatial_Reach_and_Route,1357,191,97,0.5048363095238095,0.07105654761904762,0.03608630952380952,0.07148120854826824,0.5078534031413613,1.0059763799881938,0.06685044796691937
Curvature_Geometry__x__Speed_Dynamics=Hybrid,Spatial_Reach_and_Route__x__Temporal_Sequential_Context=Uncommon Temporal_Sequential_Context,1357,238,121,0.5048363095238095,0.08854166666666667,0.04501488095238095,0.08916728076639646,0.5084033613445378,1.007065759244007,0.08208955223880597
Curvature_Geometry__x__Speed_Dynamics=Hybrid,Spatial_Reach_and_Route__x__Turning_Dynamics=Hybrid,1357,1348,698,0.5048363095238095,0.5014880952380952,0.25967261904761907,0.5143699336772292,0.5178041543026706,1.0256872267985104,0.34778276033881417
Curvature_Geometry__x__Speed_Dynamics=Hybrid,Spatial_Reach_and_Route__x__Turning_Dynamics=Normal,1357,697,318,0.5048363095238095,0.25930059523809523,0.11830357142857142,0.23434045689019897,0.4562410329985653,0.9037405281504373,0.18317972350230416
Curvature_Geometry__x__Speed_Dynamics=Hybrid,Spatial_Reach_and_Route__x__Turning_Dynamics=Uncommon Spatial_Reach_and_Route,1357,311,172,0.5048363095238095,0.11569940476190477,0.06398809523809523,0.12675018422991893,0.5530546623794212,1.095512846334476,0.11497326203208556
Curvature_Geometry__x__Speed_Dynamics=Hybrid,Spatial_Reach_and_Route__x__Turning_Dynamics=Uncommon Turning_Dynamics,1357,332,169,0.5048363095238095,0.12351190476190477,0.06287202380952381,0.12453942520265292,0.5090361445783133,1.008319201640756,0.11118421052631579
Curvature_Geometry__x__Speed_Dynamics=Hybrid,Speed_Dynamics__x__Temporal_Sequential_Context=Hybrid,1357,1412,956,0.5048363095238095,0.5252976190476191,0.3556547619047619,0.7044952100221076,0.6770538243626062,1.3411353573225389,0.5273028130170987
Curvature_Geometry__x__Speed_Dynamics=Hybrid,Speed_Dynamics__x__Temporal_Sequential_Context=Normal,1357,735,183,0.5048363095238095,0.2734375,0.06808035714285714,0.1348563006632277,0.24897959183673468,0.49318875671123275,0.09586170770036669
Curvature_Geometry__x__Speed_Dynamics=Hybrid,Speed_Dynamics__x__Temporal_Sequential_Context=Uncommon Speed_Dynamics,1357,272,165,0.5048363095238095,0.10119047619047619,0.06138392857142857,0.12159174649963155,0.6066176470588235,1.2016125536434175,0.11270491803278689
Curvature_Geometry__x__Speed_Dynamics=Hybrid,Speed_Dynamics__x__Temporal_Sequential_Context=Uncommon Temporal_Sequential_Context,1357,269,53,0.5048363095238095,0.10007440476190477,0.019717261904761904,0.039056742815033164,0.1970260223048327,0.3902770434453871,0.033693579148124604
Curvature_Geometry__x__Speed_Dynamics=Hybrid,Speed_Dynamics__x__Turning_Dynamics=Hybrid,1357,1377,924,0.5048363095238095,0.5122767857142857,0.34375,0.6809137803979366,0.6710239651416122,1.3291911704500026,0.5104972375690607
Curvature_Geometry__x__Speed_Dynamics=Hybrid,Speed_Dynamics__x__Turning_Dynamics=Normal,1357,709,183,0.5048363095238095,0.26376488095238093,0.06808035714285714,0.1348563006632277,0.25811001410437234,0.5112746631632666,0.09718534253850239
Curvature_Geometry__x__Speed_Dynamics=Hybrid,Speed_Dynamics__x__Turning_Dynamics=Uncommon Speed_Dynamics,1357,301,201,0.5048363095238095,0.11197916666666667,0.07477678571428571,0.14812085482682388,0.6677740863787376,1.322753680313962,0.13795470144131777
Curvature_Geometry__x__Speed_Dynamics=Hybrid,Speed_Dynamics__x__Turning_Dynamics=Uncommon Turning_Dynamics,1357,301,49,0.5048363095238095,0.11197916666666667,0.018229166666666668,0.03610906411201179,0.16279069767441862,0.32246233997703555,0.030453697949036667
Curvature_Geometry__x__Speed_Dynamics=Hybrid,Temporal_Sequential_Context__x__Turning_Dynamics=Hybrid,1357,1386,718,0.5048363095238095,0.515625,0.26711309523809523,0.529108327192336,0.5180375180375181,1.026149483039682,0.3545679012345679
Curvature_Geometry__x__Speed_Dynamics=Hybrid,Temporal_Sequential_Context__x__Turning_Dynamics=Normal,1357,714,342,0.5048363095238095,0.265625,0.12723214285714285,0.2520265291083272,0.4789915966386555,0.948805756643114,0.1978021978021978
Curvature_Geometry__x__Speed_Dynamics=Hybrid,Temporal_Sequential_Context__x__Turning_Dynamics=Uncommon Temporal_Sequential_Context,1357,284,157,0.5048363095238095,0.1056547619047619,0.058407738095238096,0.1156963890935888,0.5528169014084507,1.0950418798717136,0.10579514824797843
Curvature_Geometry__x__Speed_Dynamics=Hybrid,Temporal_Sequential_Context__x__Turning_Dynamics=Uncommon Turning_Dynamics,1357,304,140,0.5048363095238095,0.1130952380952381,0.052083333333333336,0.10316875460574797,0.4605263157894737,0.9122289880929295,0.09204470742932282
Curvature_Geometry__x__Speed_Dynamics=Normal,Curvature_Geometry__x__Temporal_Sequential_Context=Hybrid,663,1347,149,0.24665178571428573,0.5011160714285714,0.055431547619047616,0.22473604826546004,0.11061618411284335,0.4484710450909848,0.0800644814615798
Curvature_Geometry__x__Speed_Dynamics=Normal,Curvature_Geometry__x__Temporal_Sequential_Context=Normal,663,708,384,0.24665178571428573,0.26339285714285715,0.14285714285714285,0.579185520361991,0.5423728813559322,2.1989416366285752,0.3890577507598784
Curvature_Geometry__x__Speed_Dynamics=Normal,Curvature_Geometry__x__Temporal_Sequential_Context=Uncommon Temporal_Sequential_Context,663,319,130,0.24665178571428573,0.11867559523809523,0.04836309523809524,0.19607843137254902,0.40752351097178685,1.6522220173335793,0.15258215962441316
Curvature_Geometry__x__Speed_Dynamics=Normal,Curvature_Geometry__x__Turning_Dynamics=Hybrid,663,1356,160,0.24665178571428573,0.5044642857142857,0.05952380952380952,0.24132730015082957,0.11799410029498525,0.47838332065297184,0.08606777837547068
Curvature_Geometry__x__Speed_Dynamics=Normal,Curvature_Geometry__x__Turning_Dynamics=Normal,663,699,372,0.24665178571428573,0.26004464285714285,0.13839285714285715,0.5610859728506787,0.5321888412017167,2.157652496455829,0.37575757575757573
Curvature_Geometry__x__Speed_Dynamics=Normal,Curvature_Geometry__x__Turning_Dynamics=Uncommon Turning_Dynamics,663,323,131,0.24665178571428573,0.12016369047619048,0.04873511904761905,0.1975867269984917,0.4055727554179567,1.6443130717397698,0.15321637426900586
Curvature_Geometry__x__Speed_Dynamics=Normal,Spatial_Reach_and_Route__x__Speed_Dynamics=Hybrid,663,1383,169,0.24665178571428573,0.5145089285714286,0.06287202380952381,0.2549019607843137,0.12219812002892264,0.49542767215345995,0.09003729355354288
Curvature_Geometry__x__Speed_Dynamics=Normal,Spatial_Reach_and_Route__x__Speed_Dynamics=Normal,663,749,369,0.24665178571428573,0.2786458333333333,0.13727678571428573,0.5565610859728507,0.49265687583444595,1.9973781029306046,0.3537871524448706
Curvature_Geometry__x__Speed_Dynamics=Normal,Spatial_Reach_and_Route__x__Speed_Dynamics=Uncommon Spatial_Reach_and_Route,663,261,125,0.24665178571428573,0.09709821428571429,0.04650297619047619,0.1885369532428356,0.4789272030651341,1.9417139092595481,0.15644555694618273
Curvature_Geometry__x__Speed_Dynamics=Normal,Spatial_Reach_and_Route__x__Temporal_Sequential_Context=Hybrid,663,1448,310,0.24665178571428573,0.5386904761904762,0.11532738095238096,0.4675716440422323,0.21408839779005526,0.8679783005424866,0.17212659633536925
Curvature_Geometry__x__Speed_Dynamics=Normal,Spatial_Reach_and_Route__x__Temporal_Sequential_Context=Normal,663,811,240,0.24665178571428573,0.30171130952380953,0.08928571428571429,0.36199095022624433,0.2959309494451295,1.1997924466191674,0.19448946515397084
Curvature_Geometry__x__Speed_Dynamics=Normal,Spatial_Reach_and_Route__x__Temporal_Sequential_Context=Uncommon Spatial_Reach_and_Route,663,191,55,0.24665178571428573,0.07105654761904762,0.020461309523809524,0.08295625942684766,0.2879581151832461,1.1674681954940656,0.0688360450563204
Curvature_Geometry__x__Speed_Dynamics=Normal,Spatial_Reach_and_Route__x__Temporal_Sequential_Context=Uncommon Temporal_Sequential_Context,663,238,58,0.24665178571428573,0.08854166666666667,0.021577380952380952,0.08748114630467571,0.24369747899159663,0.9880223582645726,0.06880189798339265
Curvature_Geometry__x__Speed_Dynamics=Normal,Spatial_Reach_and_Route__x__Turning_Dynamics=Hybrid,663,1348,309,0.24665178571428573,0.5014880952380952,0.11495535714285714,0.4660633484162896,0.22922848664688428,0.9293607422425715,0.18155111633372503
Curvature_Geometry__x__Speed_Dynamics=Normal,Spatial_Reach_and_Route__x__Turning_Dynamics=Normal,663,697,211,0.24665178571428573,0.25930059523809523,0.07849702380952381,0.31825037707390647,0.30272596843615496,1.2273414828904743,0.1836379460400348
Curvature_Geometry__x__Speed_Dynamics=Normal,Spatial_Reach_and_Route__x__Turning_Dynamics=Uncommon Spatial_Reach_and_Route,663,311,72,0.24665178571428573,0.11569940476190477,0.026785714285714284,0.1085972850678733,0.2315112540192926,0.9386157629017472,0.07982261640798226
Curvature_Geometry__x__Speed_Dynamics=Normal,Spatial_Reach_and_Route__x__Turning_Dynamics=Uncommon Turning_Dynamics,663,332,71,0.24665178571428573,0.12351190476190477,0.026413690476190476,0.10708898944193061,0.21385542168674698,0.8670337458431009,0.07683982683982683
Curvature_Geometry__x__Speed_Dynamics=Normal,Speed_Dynamics__x__Temporal_Sequential_Context=Hybrid,663,1412,158,0.24665178571428573,0.5252976190476191,0.058779761904761904,0.2383107088989442,0.11189801699716714,0.45366797841385403,0.08242044861763172
Curvature_Geometry__x__Speed_Dynamics=Normal,Speed_Dynamics__x__Temporal_Sequential_Context=Normal,663,735,384,0.24665178571428573,0.2734375,0.14285714285714285,0.579185520361991,0.5224489795918368,2.118164188752424,0.378698224852071
Curvature_Geometry__x__Speed_Dynamics=Normal,Speed_Dynamics__x__Temporal_Sequential_Context=Uncommon Temporal_Sequential_Context,663,269,121,0.24665178571428573,0.10007440476190477,0.04501488095238095,0.18250377073906485,0.44981412639405205,1.8236808020319937,0.14919852034525277
Curvature_Geometry__x__Speed_Dynamics=Normal,Speed_Dynamics__x__Turning_Dynamics=Hybrid,663,1377,156,0.24665178571428573,0.5122767857142857,0.05803571428571429,0.23529411764705882,0.11328976034858387,0.4593105215942586,0.08280254777070063
Curvature_Geometry__x__Speed_Dynamics=Normal,Speed_Dynamics__x__Turning_Dynamics=Normal,663,709,372,0.24665178571428573,0.26376488095238093,0.13839285714285715,0.5610859728506787,0.5246826516220028,2.1272201622321925,0.372
Curvature_Geometry__x__Speed_Dynamics=Normal,Speed_Dynamics__x__Turning_Dynamics=Uncommon Turning_Dynamics,663,301,135,0.24665178571428573,0.11197916666666667,0.05022321428571429,0.20361990950226244,0.4485049833887043,1.8183731453225296,0.16284680337756333
Curvature_Geometry__x__Speed_Dynamics=Normal,Temporal_Sequential_Context__x__Turning_Dynamics=Hybrid,663,1386,298,0.24665178571428573,0.515625,0.11086309523809523,0.4494720965309201,0.215007215007215,0.871703459938754,0.17018846373500857
Curvature_Geometry__x__Speed_Dynamics=Normal,Temporal_Sequential_Context__x__Turning_Dynamics=Normal,663,714,208,0.24665178571428573,0.265625,0.07738095238095238,0.3137254901960784,0.2913165266106443,1.1810841983852363,0.17792985457656116
Curvature_Geometry__x__Speed_Dynamics=Normal,Temporal_Sequential_Context__x__Turning_Dynamics=Uncommon Temporal_Sequential_Context,663,284,73,0.24665178571428573,0.1056547619047619,0.027157738095238096,0.11010558069381599,0.25704225352112675,1.0421260595245683,0.08352402745995423
Curvature_Geometry__x__Speed_Dynamics=Normal,Temporal_Sequential_Context__x__Turning_Dynamics=Uncommon Turning_Dynamics,663,304,84,0.24665178571428573,0.1130952380952381,0.03125,0.12669683257918551,0.27631578947368424,1.1202667301738507,0.09513023782559456
Curvature_Geometry__x__Speed_Dynamics=Uncommon Curvature_Geometry,Curvature_Geometry__x__Temporal_Sequential_Context=Hybrid,329,1347,213,0.12239583333333333,0.5011160714285714,0.07924107142857142,0.6474164133738601,0.15812917594654788,1.2919490119888168,0.14559125085440874
Curvature_Geometry__x__Speed_Dynamics=Uncommon Curvature_Geometry,Curvature_Geometry__x__Temporal_Sequential_Context=Uncommon Curvature_Geometry,329,314,116,0.12239583333333333,0.11681547619047619,0.043154761904761904,0.3525835866261398,0.36942675159235666,3.018295161946063,0.22011385199240988
Curvature_Geometry__x__Speed_Dynamics=Uncommon Curvature_Geometry,Curvature_Geometry__x__Turning_Dynamics=Hybrid,329,1356,235,0.12239583333333333,0.5044642857142857,0.08742559523809523,0.7142857142857143,0.1733038348082596,1.415929203539823,0.16206896551724137
Curvature_Geometry__x__Speed_Dynamics=Uncommon Curvature_Geometry,Curvature_Geometry__x__Turning_Dynamics=Uncommon Curvature_Geometry,329,310,94,0.12239583333333333,0.11532738095238096,0.034970238095238096,0.2857142857142857,0.3032258064516129,2.47741935483871,0.1724770642201835
Curvature_Geometry__x__Speed_Dynamics=Uncommon Curvature_Geometry,Spatial_Reach_and_Route__x__Speed_Dynamics=Hybrid,329,1383,54,0.12239583333333333,0.5145089285714286,0.020089285714285716,0.1641337386018237,0.039045553145336226,0.319010476761896,0.032569360675512665
Curvature_Geometry__x__Speed_Dynamics=Uncommon Curvature_Geometry,Spatial_Reach_and_Route__x__Speed_Dynamics=Normal,329,749,186,0.12239583333333333,0.2786458333333333,0.06919642857142858,0.5653495440729484,0.24833110814419226,2.028917989944039,0.2085201793721973
Curvature_Geometry__x__Speed_Dynamics=Uncommon Curvature_Geometry,Spatial_Reach_and_Route__x__Speed_Dynamics=Uncommon Spatial_Reach_and_Route,329,261,89,0.12239583333333333,0.09709821428571429,0.03311011904761905,0.270516717325228,0.34099616858237547,2.786011249694302,0.17764471057884232
Curvature_Geometry__x__Speed_Dynamics=Uncommon Curvature_Geometry,Spatial_Reach_and_Route__x__Temporal_Sequential_Context=Hybrid,329,1448,161,0.12239583333333333,0.5386904761904762,0.059895833333333336,0.48936170212765956,0.1111878453038674,0.9084283531209593,0.09962871287128713
Curvature_Geometry__x__Speed_Dynamics=Uncommon Curvature_Geometry,Spatial_Reach_and_Route__x__Temporal_Sequential_Context=Normal,329,811,121,0.12239583333333333,0.30171130952380953,0.04501488095238095,0.3677811550151976,0.14919852034525277,1.2189836555867462,0.11874386653581943
Curvature_Geometry__x__Speed_Dynamics=Uncommon Curvature_Geometry,Spatial_Reach_and_Route__x__Temporal_Sequential_Context=Uncommon Spatial_Reach_and_Route,329,191,17,0.12239583333333333,0.07105654761904762,0.006324404761904762,0.05167173252279635,0.08900523560209424,0.7271917121532806,0.033797216699801194
Curvature_Geometry__x__Speed_Dynamics=Uncommon Curvature_Geometry,Spatial_Reach_and_Route__x__Temporal_Sequential_Context=Uncommon Temporal_Sequential_Context,329,238,30,0.12239583333333333,0.08854166666666667,0.011160714285714286,0.0911854103343465,0.12605042016806722,1.0298587520114428,0.055865921787709494
Curvature_Geometry__x__Speed_Dynamics=Uncommon Curvature_Geometry,Spatial_Reach_and_Route__x__Turning_Dynamics=Hybrid,329,1348,150,0.12239583333333333,0.5014880952380952,0.05580357142857143,0.45592705167173253,0.11127596439169139,0.9091483048172234,0.09823182711198428
Curvature_Geometry__x__Speed_Dynamics=Uncommon Curvature_Geometry,Spatial_Reach_and_Route__x__Turning_Dynamics=Normal,329,697,88,0.12239583333333333,0.25930059523809523,0.03273809523809524,0.2674772036474164,0.12625538020086083,1.0315333190878844,0.09381663113006397
Curvature_Geometry__x__Speed_Dynamics=Uncommon Curvature_Geometry,Spatial_Reach_and_Route__x__Turning_Dynamics=Uncommon Spatial_Reach_and_Route,329,311,36,0.12239583333333333,0.11569940476190477,0.013392857142857142,0.1094224924012158,0.1157556270096463,0.9457481015256208,0.059602649006622516
Curvature_Geometry__x__Speed_Dynamics=Uncommon Curvature_Geometry,Spatial_Reach_and_Route__x__Turning_Dynamics=Uncommon Turning_Dynamics,329,332,55,0.12239583333333333,0.12351190476190477,0.020461309523809524,0.16717325227963525,0.16566265060240964,1.3534991027941552,0.09075907590759076
Curvature_Geometry__x__Speed_Dynamics=Uncommon Curvature_Geometry,Speed_Dynamics__x__Temporal_Sequential_Context=Hybrid,329,1412,66,0.12239583333333333,0.5252976190476191,0.024553571428571428,0.2006079027355623,0.046742209631728045,0.3818937978422036,0.03940298507462687
Curvature_Geometry__x__Speed_Dynamics=Uncommon Curvature_Geometry,Speed_Dynamics__x__Temporal_Sequential_Context=Normal,329,735,168,0.12239583333333333,0.2734375,0.0625,0.5106382978723404,0.22857142857142856,1.8674772036474168,0.1875
Curvature_Geometry__x__Speed_Dynamics=Uncommon Curvature_Geometry,Speed_Dynamics__x__Temporal_Sequential_Context=Uncommon Temporal_Sequential_Context,329,269,95,0.12239583333333333,0.10007440476190477,0.035342261904761904,0.2887537993920973,0.35315985130111527,2.8853911255240052,0.18886679920477137
Curvature_Geometry__x__Speed_Dynamics=Uncommon Curvature_Geometry,Speed_Dynamics__x__Turning_Dynamics=Hybrid,329,1377,58,0.12239583333333333,0.5122767857142857,0.021577380952380952,0.1762917933130699,0.04212055192447349,0.34413387104250687,0.03519417475728155
Curvature_Geometry__x__Speed_Dynamics=Uncommon Curvature_Geometry,Speed_Dynamics__x__Turning_Dynamics=Normal,329,709,154,0.12239583333333333,0.26376488095238093,0.057291666666666664,0.46808510638297873,0.21720733427362482,1.7746301353419562,0.17420814479638008
Curvature_Geometry__x__Speed_Dynamics=Uncommon Curvature_Geometry,Speed_Dynamics__x__Turning_Dynamics=Uncommon Turning_Dynamics,329,301,117,0.12239583333333333,0.11197916666666667,0.04352678571428571,0.3556231003039514,0.38870431893687707,3.175796988760868,0.22807017543859648
Curvature_Geometry__x__Speed_Dynamics=Uncommon Curvature_Geometry,Temporal_Sequential_Context__x__Turning_Dynamics=Hybrid,329,1386,179,0.12239583333333333,0.515625,0.0665922619047619,0.5440729483282675,0.12914862914862915,1.055171778576034,0.11653645833333333
Curvature_Geometry__x__Speed_Dynamics=Uncommon Curvature_Geometry,Temporal_Sequential_Context__x__Turning_Dynamics=Normal,329,714,78,0.12239583333333333,0.265625,0.029017857142857144,0.23708206686930092,0.1092436974789916,0.8925442517432506,0.08082901554404145
Curvature_Geometry__x__Speed_Dynamics=Uncommon Curvature_Geometry,Temporal_Sequential_Context__x__Turning_Dynamics=Uncommon Temporal_Sequential_Context,329,284,25,0.12239583333333333,0.1056547619047619,0.009300595238095238,0.07598784194528875,0.0880281690140845,0.719208870242733,0.04251700680272109
Curvature_Geometry__x__Speed_Dynamics=Uncommon Curvature_Geometry,Temporal_Sequential_Context__x__Turning_Dynamics=Uncommon Turning_Dynamics,329,304,47,0.12239583333333333,0.1130952380952381,0.017485119047619048,0.14285714285714285,0.15460526315789475,1.2631578947368423,0.08020477815699659
Curvature_Geometry__x__Speed_Dynamics=Uncommon Speed_Dynamics,Curvature_Geometry__x__Temporal_Sequential_Context=Hybrid,339,1347,50,0.12611607142857142,0.5011160714285714,0.018601190476190476,0.14749262536873156,0.03711952487008166,0.2943282679963998,0.030562347188264057
Curvature_Geometry__x__Speed_Dynamics=Uncommon Speed_Dynamics,Curvature_Geometry__x__Temporal_Sequential_Context=Normal,339,708,161,0.12611607142857142,0.26339285714285715,0.059895833333333336,0.4749262536873156,0.2274011299435028,1.803109844507775,0.18171557562076748
Curvature_Geometry__x__Speed_Dynamics=Uncommon Speed_Dynamics,Curvature_Geometry__x__Temporal_Sequential_Context=Uncommon Temporal_Sequential_Context,339,319,128,0.12611607142857142,0.11867559523809523,0.047619047619047616,0.3775811209439528,0.4012539184952978,3.1816239909007686,0.24150943396226415
Curvature_Geometry__x__Speed_Dynamics=Uncommon Speed_Dynamics,Curvature_Geometry__x__Turning_Dynamics=Hybrid,339,1356,60,0.12611607142857142,0.5044642857142857,0.022321428571428572,0.17699115044247787,0.04424778761061947,0.3508497141514606,0.03669724770642202
Curvature_Geometry__x__Speed_Dynamics=Uncommon Speed_Dynamics,Curvature_Geometry__x__Turning_Dynamics=Normal,339,699,148,0.12611607142857142,0.26004464285714285,0.05505952380952381,0.4365781710914454,0.2117310443490701,1.6788585463430694,0.1662921348314607
Curvature_Geometry__x__Speed_Dynamics=Uncommon Speed_Dynamics,Curvature_Geometry__x__Turning_Dynamics=Uncommon Turning_Dynamics,339,323,131,0.12611607142857142,0.12016369047619048,0.04873511904761905,0.3864306784660767,0.4055727554179567,3.2158689279158335,0.24670433145009416
Curvature_Geometry__x__Speed_Dynamics=Uncommon Speed_Dynamics,Spatial_Reach_and_Route__x__Speed_Dynamics=Hybrid,339,1383,235,0.12611607142857142,0.5145089285714286,0.08742559523809523,0.6932153392330384,0.16992046276211134,1.347333934821697,0.15803631472763954
Curvature_Geometry__x__Speed_Dynamics=Uncommon Speed_Dynamics,Spatial_Reach_and_Route__x__Speed_Dynamics=Uncommon Speed_Dynamics,339,295,104,0.12611607142857142,0.10974702380952381,0.03869047619047619,0.30678466076696165,0.3525423728813559,2.795380230988451,0.19622641509433963
Curvature_Geometry__x__Speed_Dynamics=Uncommon Speed_Dynamics,Spatial_Reach_and_Route__x__Temporal_Sequential_Context=Hybrid,339,1448,195,0.12611607142857142,0.5386904761904762,0.07254464285714286,0.5752212389380531,0.13466850828729282,1.0678140126142865,0.12248743718592965
Curvature_Geometry__x__Speed_Dynamics=Uncommon Speed_Dynamics,Spatial_Reach_and_Route__x__Temporal_Sequential_Context=Normal,339,811,93,0.12611607142857142,0.30171130952380953,0.03459821428571429,0.2743362831858407,0.11467324290998766,0.909267483604858,0.0879848628192999
Curvature_Geometry__x__Speed_Dynamics=Uncommon Speed_Dynamics,Spatial_Reach_and_Route__x__Temporal_Sequential_Context=Uncommon Spatial_Reach_and_Route,339,191,22,0.12611607142857142,0.07105654761904762,0.00818452380952381,0.06489675516224189,0.11518324607329843,0.9133114024927027,0.04330708661417323
Curvature_Geometry__x__Speed_Dynamics=Uncommon Speed_Dynamics,Spatial_Reach_and_Route__x__Temporal_Sequential_Context=Uncommon Temporal_Sequential_Context,339,238,29,0.12611607142857142,0.08854166666666667,0.010788690476190476,0.0855457227138643,0.12184873949579832,0.9661634565330556,0.05291970802919708
Curvature_Geometry__x__Speed_Dynamics=Uncommon Speed_Dynamics,Spatial_Reach_and_Route__x__Turning_Dynamics=Hybrid,339,1348,191,0.12611607142857142,0.5014880952380952,0.07105654761904762,0.5634218289085545,0.14169139465875372,1.123499908090649,0.12767379679144386
Curvature_Geometry__x__Speed_Dynamics=Uncommon Speed_Dynamics,Spatial_Reach_and_Route__x__Turning_Dynamics=Normal,339,697,80,0.12611607142857142,0.25930059523809523,0.02976190476190476,0.2359882005899705,0.11477761836441894,0.9100950978276051,0.08368200836820083
Curvature_Geometry__x__Speed_Dynamics=Uncommon Speed_Dynamics,Spatial_Reach_and_Route__x__Turning_Dynamics=Uncommon Spatial_Reach_and_Route,339,311,31,0.12611607142857142,0.11569940476190477,0.011532738095238096,0.09144542772861357,0.09967845659163987,0.790370770850525,0.050080775444264945
Curvature_Geometry__x__Speed_Dynamics=Uncommon Speed_Dynamics,Spatial_Reach_and_Route__x__Turning_Dynamics=Uncommon Turning_Dynamics,339,332,37,0.12611607142857142,0.12351190476190477,0.013764880952380952,0.10914454277286136,0.11144578313253012,0.8836762981128051,0.0583596214511041
Curvature_Geometry__x__Speed_Dynamics=Uncommon Speed_Dynamics,Speed_Dynamics__x__Temporal_Sequential_Context=Hybrid,339,1412,232,0.12611607142857142,0.5252976190476191,0.08630952380952381,0.6843657817109144,0.1643059490084986,1.3028153124921658,0.15273206056616195
Curvature_Geometry__x__Speed_Dynamics=Uncommon Speed_Dynamics,Speed_Dynamics__x__Temporal_Sequential_Context=Uncommon Speed_Dynamics,339,272,107,0.12611607142857142,0.10119047619047619,0.039806547619047616,0.31563421828908556,0.39338235294117646,3.1192087454450803,0.2123015873015873
Curvature_Geometry__x__Speed_Dynamics=Uncommon Speed_Dynamics,Speed_Dynamics__x__Turning_Dynamics=Hybrid,339,1377,239,0.12611607142857142,0.5122767857142857,0.08891369047619048,0.7050147492625368,0.17356572258533043,1.3762379419155406,0.16181448882870683
Curvature_Geometry__x__Speed_Dynamics=Uncommon Speed_Dynamics,Speed_Dynamics__x__Turning_Dynamics=Uncommon Speed_Dynamics,339,301,100,0.12611607142857142,0.11197916666666667,0.03720238095238095,0.2949852507374631,0.33222591362126247,2.6342868903066474,0.18518518518518517
Curvature_Geometry__x__Speed_Dynamics=Uncommon Speed_Dynamics,Temporal_Sequential_Context__x__Turning_Dynamics=Hybrid,339,1386,191,0.12611607142857142,0.515625,0.07105654761904762,0.5634218289085545,0.1378066378066378,1.0926968803075,0.12451108213820078
Curvature_Geometry__x__Speed_Dynamics=Uncommon Speed_Dynamics,Temporal_Sequential_Context__x__Turning_Dynamics=Normal,339,714,86,0.12611607142857142,0.265625,0.031994047619047616,0.2536873156342183,0.12044817927170869,0.9550581294464687,0.0889348500517063
Curvature_Geometry__x__Speed_Dynamics=Uncommon Speed_Dynamics,Temporal_Sequential_Context__x__Turning_Dynamics=Uncommon Temporal_Sequential_Context,339,284,29,0.12611607142857142,0.1056547619047619,0.010788690476190476,0.0855457227138643,0.10211267605633803,0.8096721924467157,0.04882154882154882
Curvature_Geometry__x__Speed_Dynamics=Uncommon Speed_Dynamics,Temporal_Sequential_Context__x__Turning_Dynamics=Uncommon Turning_Dynamics,339,304,33,0.12611607142857142,0.1130952380952381,0.012276785714285714,0.09734513274336283,0.10855263157894737,0.8607359105728924,0.054098360655737705
Curvature_Geometry__x__Temporal_Sequential_Context=Hybrid,Curvature_Geometry__x__Turning_Dynamics=Hybrid,1347,1356,935,0.5011160714285714,0.5044642857142857,0.3478422619047619,0.694135115070527,0.68952802359882,1.375984652883169,0.5288461538461539
Curvature_Geometry__x__Temporal_Sequential_Context=Hybrid,Curvature_Geometry__x__Turning_Dynamics=Normal,1347,699,165,0.5011160714285714,0.26004464285714285,0.06138392857142857,0.12249443207126949,0.23605150214592274,0.47105154993930237,0.08771929824561403
Curvature_Geometry__x__Temporal_Sequential_Context=Hybrid,Curvature_Geometry__x__Turning_Dynamics=Uncommon Curvature_Geometry,1347,310,206,0.5011160714285714,0.11532738095238096,0.07663690476190477,0.15293244246473645,0.6645161290322581,1.3260722753071341,0.1419710544452102
Curvature_Geometry__x__Temporal_Sequential_Context=Hybrid,Curvature_Geometry__x__Turning_Dynamics=Uncommon Turning_Dynamics,1347,323,41,0.5011160714285714,0.12016369047619048,0.01525297619047619,0.030438010393466965,0.12693498452012383,0.2533045570824743,0.025168815224063844
Curvature_Geometry__x__Temporal_Sequential_Context=Hybrid,Spatial_Reach_and_Route__x__Speed_Dynamics=Hybrid,1347,1383,745,0.5011160714285714,0.5145089285714286,0.2771577380952381,0.5530809205642168,0.5386840202458424,1.074968557105289,0.37531486146095716
Curvature_Geometry__x__Temporal_Sequential_Context=Hybrid,Spatial_Reach_and_Route__x__Speed_Dynamics=Normal,1347,749,317,0.5011160714285714,0.2786458333333333,0.11793154761904762,0.23533778767631774,0.4232309746328438,0.844576733343047,0.17818999437886454
Curvature_Geometry__x__Temporal_Sequential_Context=Hybrid,Spatial_Reach_and_Route__x__Speed_Dynamics=Uncommon Spatial_Reach_and_Route,1347,261,157,0.5011160714285714,0.09709821428571429,0.058407738095238096,0.11655530809205643,0.6015325670498084,1.2003857017296846,0.1082012405237767
Curvature_Geometry__x__Temporal_Sequential_Context=Hybrid,Spatial_Reach_and_Route__x__Speed_Dynamics=Uncommon Speed_Dynamics,1347,295,128,0.5011160714285714,0.10974702380952381,0.047619047619047616,0.09502598366740905,0.43389830508474575,0.8658638782982899,0.0845442536327609
Curvature_Geometry__x__Temporal_Sequential_Context=Hybrid,Spatial_Reach_and_Route__x__Temporal_Sequential_Context=Hybrid,1347,1448,977,0.5011160714285714,0.5386904761904762,0.3634672619047619,0.7253155159613957,0.6747237569060773,1.3464420627791658,0.5374037403740374
Curvature_Geometry__x__Temporal_Sequential_Context=Hybrid,Spatial_Reach_and_Route__x__Temporal_Sequential_Context=Normal,1347,811,183,0.5011160714285714,0.30171130952380953,0.06808035714285714,0.1358574610244989,0.22564734895191121,0.4502895872180678,0.09265822784810127
Curvature_Geometry__x__Temporal_Sequential_Context=Hybrid,Spatial_Reach_and_Route__x__Temporal_Sequential_Context=Uncommon Spatial_Reach_and_Route,1347,191,32,0.5011160714285714,0.07105654761904762,0.011904761904761904,0.023756495916852263,0.16753926701570682,0.33433225667276906,0.021248339973439574
Curvature_Geometry__x__Temporal_Sequential_Context=Hybrid,Spatial_Reach_and_Route__x__Temporal_Sequential_Context=Uncommon Temporal_Sequential_Context,1347,238,155,0.5011160714285714,0.08854166666666667,0.05766369047619048,0.11507052709725316,0.6512605042016807,1.2996200707454475,0.10839160839160839
Curvature_Geometry__x__Temporal_Sequential_Context=Hybrid,Spatial_Reach_and_Route__x__Turning_Dynamics=Hybrid,1347,1348,718,0.5011160714285714,0.5014880952380952,0.26711309523809523,0.5330363771343727,0.5326409495548962,1.0629093336329332,0.36317653009610523
Curvature_Geometry__x__Temporal_Sequential_Context=Hybrid,Spatial_Reach_and_Route__x__Turning_Dynamics=Normal,1347,697,291,0.5011160714285714,0.25930059523809523,0.10825892857142858,0.21603563474387527,0.41750358680057387,0.8331474694283167,0.16600114090131204
Curvature_Geometry__x__Temporal_Sequential_Context=Hybrid,Spatial_Reach_and_Route__x__Turning_Dynamics=Uncommon Spatial_Reach_and_Route,1347,311,183,0.5011160714285714,0.11569940476190477,0.06808035714285714,0.1358574610244989,0.5884244372990354,1.1742278303339324,0.12406779661016949
Curvature_Geometry__x__Temporal_Sequential_Context=Hybrid,Spatial_Reach_and_Route__x__Turning_Dynamics=Uncommon Turning_Dynamics,1347,332,155,0.5011160714285714,0.12351190476190477,0.05766369047619048,0.11507052709725316,0.46686746987951805,0.9316553519199292,0.10170603674540682
Curvature_Geometry__x__Temporal_Sequential_Context=Hybrid,Speed_Dynamics__x__Temporal_Sequential_Context=Hybrid,1347,1412,952,0.5011160714285714,0.5252976190476191,0.3541666666666667,0.7067557535263549,0.6742209631728046,1.3454387149283584,0.5268400664084117
Curvature_Geometry__x__Temporal_Sequential_Context=Hybrid,Speed_Dynamics__x__Temporal_Sequential_Context=Normal,1347,735,172,0.5011160714285714,0.2734375,0.06398809523809523,0.1276911655530809,0.23401360544217686,0.4669848340226959,0.09005235602094241
Curvature_Geometry__x__Temporal_Sequential_Context=Hybrid,Speed_Dynamics__x__Temporal_Sequential_Context=Uncommon Speed_Dynamics,1347,272,39,0.5011160714285714,0.10119047619047619,0.014508928571428572,0.028953229398663696,0.14338235294117646,0.2861260317044413,0.024683544303797468
Curvature_Geometry__x__Temporal_Sequential_Context=Hybrid,Speed_Dynamics__x__Temporal_Sequential_Context=Uncommon Temporal_Sequential_Context,1347,269,184,0.5011160714285714,0.10007440476190477,0.06845238095238096,0.13659985152190052,0.6840148698884758,1.3649829029400322,0.12849162011173185
Curvature_Geometry__x__Temporal_Sequential_Context=Hybrid,Speed_Dynamics__x__Turning_Dynamics=Hybrid,1347,1377,715,0.5011160714285714,0.5122767857142857,0.26599702380952384,0.5308092056421678,0.5192447349310094,1.0361765757197874,0.3558984569437531
Curvature_Geometry__x__Temporal_Sequential_Context=Hybrid,Speed_Dynamics__x__Turning_Dynamics=Normal,1347,709,340,0.5011160714285714,0.26376488095238093,0.12648809523809523,0.2524127691165553,0.4795486600846262,0.9569612459595214,0.19813519813519814
Curvature_Geometry__x__Temporal_Sequential_Context=Hybrid,Speed_Dynamics__x__Turning_Dynamics=Uncommon Speed_Dynamics,1347,301,148,0.5011160714285714,0.11197916666666667,0.05505952380952381,0.10987379361544172,0.49169435215946844,0.9811985290309214,0.09866666666666667
Curvature_Geometry__x__Temporal_Sequential_Context=Hybrid,Speed_Dynamics__x__Turning_Dynamics=Uncommon Turning_Dynamics,1347,301,144,0.5011160714285714,0.11197916666666667,0.05357142857142857,0.10690423162583519,0.47840531561461797,0.9546796498679234,0.09574468085106383
Curvature_Geometry__x__Temporal_Sequential_Context=Hybrid,Temporal_Sequential_Context__x__Turning_Dynamics=Hybrid,1347,1386,940,0.5011160714285714,0.515625,0.34970238095238093,0.6978470675575352,0.6782106782106783,1.3534003734449167,0.524261015058561
Curvature_Geometry__x__Temporal_Sequential_Context=Hybrid,Temporal_Sequential_Context__x__Turning_Dynamics=Normal,1347,714,173,0.5011160714285714,0.265625,0.06436011904761904,0.12843355605048257,0.242296918767507,0.48351456395475784,0.0916313559322034
Curvature_Geometry__x__Temporal_Sequential_Context=Hybrid,Temporal_Sequential_Context__x__Turning_Dynamics=Uncommon Temporal_Sequential_Context,1347,284,191,0.5011160714285714,0.1056547619047619,0.07105654761904762,0.14179658500371195,0.6725352112676056,1.342074720035133,0.1326388888888889
Curvature_Geometry__x__Temporal_Sequential_Context=Hybrid,Temporal_Sequential_Context__x__Turning_Dynamics=Uncommon Turning_Dynamics,1347,304,43,0.5011160714285714,0.1130952380952381,0.015997023809523808,0.03192279138827023,0.14144736842105263,0.2822646817489157,0.026741293532338308
Curvature_Geometry__x__Temporal_Sequential_Context=Normal,Curvature_Geometry__x__Turning_Dynamics=Hybrid,708,1356,153,0.26339285714285715,0.5044642857142857,0.056919642857142856,0.21610169491525424,0.11283185840707964,0.4283785810709465,0.08006279434850863
Curvature_Geometry__x__Temporal_Sequential_Context=Normal,Curvature_Geometry__x__Turning_Dynamics=Normal,708,699,388,0.26339285714285715,0.26004464285714285,0.14434523809523808,0.5480225988700564,0.5550786838340487,2.1074173759123203,0.380765456329735
Curvature_Geometry__x__Temporal_Sequential_Context=Normal,Curvature_Geometry__x__Turning_Dynamics=Uncommon Turning_Dynamics,708,323,167,0.26339285714285715,0.12016369047619048,0.06212797619047619,0.23587570621468926,0.5170278637770898,1.9629532455265783,0.19328703703703703
Curvature_Geometry__x__Temporal_Sequential_Context=Normal,Spatial_Reach_and_Route__x__Speed_Dynamics=Hybrid,708,1383,323,0.26339285714285715,0.5145089285714286,0.12016369047619048,0.4562146892655367,0.23355025307302965,0.8866992659043836,0.18269230769230768
Curvature_Geometry__x__Temporal_Sequential_Context=Normal,Spatial_Reach_and_Route__x__Speed_Dynamics=Normal,708,749,240,0.26339285714285715,0.2786458333333333,0.08928571428571429,0.3389830508474576,0.3204272363150868,1.2165373039759229,0.1972062448644207
Curvature_Geometry__x__Temporal_Sequential_Context=Normal,Spatial_Reach_and_Route__x__Speed_Dynamics=Uncommon Spatial_Reach_and_Route,708,261,50,0.26339285714285715,0.09709821428571429,0.018601190476190476,0.07062146892655367,0.19157088122605365,0.7273199558412884,0.0544069640914037
Curvature_Geometry__x__Temporal_Sequential_Context=Normal,Spatial_Reach_and_Route__x__Speed_Dynamics=Uncommon Speed_Dynamics,708,295,95,0.26339285714285715,0.10974702380952381,0.035342261904761904,0.134180790960452,0.3220338983050847,1.2226371732260843,0.10462555066079295
Curvature_Geometry__x__Temporal_Sequential_Context=Normal,Spatial_Reach_and_Route__x__Temporal_Sequential_Context=Hybrid,708,1448,186,0.26339285714285715,0.5386904761904762,0.06919642857142858,0.2627118644067797,0.12845303867403315,0.48768611293192254,0.09441624365482233
Curvature_Geometry__x__Temporal_Sequential_Context=Normal,Spatial_Reach_and_Route__x__Temporal_Sequential_Context=Normal,708,811,425,0.26339285714285715,0.30171130952380953,0.15811011904761904,0.6002824858757062,0.5240443896424167,1.9895922589813788,0.38848263254113347
Curvature_Geometry__x__Temporal_Sequential_Context=Normal,Spatial_Reach_and_Route__x__Temporal_Sequential_Context=Uncommon Spatial_Reach_and_Route,708,191,97,0.26339285714285715,0.07105654761904762,0.03608630952380952,0.1370056497175141,0.5078534031413613,1.9281213949773712,0.12094763092269327
Curvature_Geometry__x__Temporal_Sequential_Context=Normal,Spatial_Reach_and_Route__x__Turning_Dynamics=Hybrid,708,1348,311,0.26339285714285715,0.5014880952380952,0.11569940476190477,0.4392655367231638,0.23071216617210683,0.8759241563144395,0.17822349570200574
Curvature_Geometry__x__Temporal_Sequential_Context=Normal,Spatial_Reach_and_Route__x__Turning_Dynamics=Normal,708,697,245,0.26339285714285715,0.25930059523809523,0.09114583333333333,0.346045197740113,0.351506456241033,1.3345329864066338,0.21120689655172414
Curvature_Geometry__x__Temporal_Sequential_Context=Normal,Spatial_Reach_and_Route__x__Turning_Dynamics=Uncommon Spatial_Reach_and_Route,708,311,61,0.26339285714285715,0.11569940476190477,0.02269345238095238,0.08615819209039548,0.19614147909967847,0.7446727342089486,0.06367432150313153
Curvature_Geometry__x__Temporal_Sequential_Context=Normal,Spatial_Reach_and_Route__x__Turning_Dynamics=Uncommon Turning_Dynamics,708,332,91,0.26339285714285715,0.12351190476190477,0.033854166666666664,0.1285310734463277,0.2740963855421687,1.0406371247702675,0.0958904109589041
Curvature_Geometry__x__Temporal_Sequential_Context=Normal,Speed_Dynamics__x__Temporal_Sequential_Context=Hybrid,708,1412,172,0.26339285714285715,0.5252976190476191,0.06398809523809523,0.24293785310734464,0.12181303116147309,0.4624765928842367,0.08829568788501027
Curvature_Geometry__x__Temporal_Sequential_Context=Normal,Speed_Dynamics__x__Temporal_Sequential_Context=Normal,708,735,384,0.26339285714285715,0.2734375,0.14285714285714285,0.5423728813559322,0.5224489795918368,1.9835351089588376,0.3626062322946176
Curvature_Geometry__x__Temporal_Sequential_Context=Normal,Speed_Dynamics__x__Temporal_Sequential_Context=Uncommon Speed_Dynamics,708,272,152,0.26339285714285715,0.10119047619047619,0.05654761904761905,0.21468926553672316,0.5588235294117647,2.1216350947158524,0.18357487922705315
Curvature_Geometry__x__Temporal_Sequential_Context=Normal,Speed_Dynamics__x__Turning_Dynamics=Hybrid,708,1377,324,0.26339285714285715,0.5122767857142857,0.12053571428571429,0.4576271186440678,0.23529411764705882,0.893320039880359,0.1839863713798978
Curvature_Geometry__x__Temporal_Sequential_Context=Normal,Speed_Dynamics__x__Turning_Dynamics=Normal,708,709,208,0.26339285714285715,0.26376488095238093,0.07738095238095238,0.2937853107344633,0.2933709449929478,1.1138151131935647,0.17204301075268819
Curvature_Geometry__x__Temporal_Sequential_Context=Normal,Speed_Dynamics__x__Turning_Dynamics=Uncommon Speed_Dynamics,708,301,87,0.26339285714285715,0.11197916666666667,0.03236607142857143,0.1228813559322034,0.28903654485049834,1.0973590855340953,0.09436008676789588
Curvature_Geometry__x__Temporal_Sequential_Context=Normal,Speed_Dynamics__x__Turning_Dynamics=Uncommon Turning_Dynamics,708,301,89,0.26339285714285715,0.11197916666666667,0.03311011904761905,0.12570621468926554,0.2956810631229236,1.1225857311785572,0.0967391304347826
Curvature_Geometry__x__Temporal_Sequential_Context=Normal,Temporal_Sequential_Context__x__Turning_Dynamics=Hybrid,708,1386,166,0.26339285714285715,0.515625,0.061755952380952384,0.2344632768361582,0.11976911976911978,0.4547166581064886,0.08609958506224066
Curvature_Geometry__x__Temporal_Sequential_Context=Normal,Temporal_Sequential_Context__x__Turning_Dynamics=Normal,708,714,388,0.26339285714285715,0.265625,0.14434523809523808,0.5480225988700564,0.5434173669467787,2.063143901628448,0.37524177949709864
Curvature_Geometry__x__Temporal_Sequential_Context=Normal,Temporal_Sequential_Context__x__Turning_Dynamics=Uncommon Turning_Dynamics,708,304,154,0.26339285714285715,0.1130952380952381,0.057291666666666664,0.2175141242937853,0.506578947368421,1.9232827832292594,0.1794871794871795
Curvature_Geometry__x__Temporal_Sequential_Context=Uncommon Curvature_Geometry,Curvature_Geometry__x__Turning_Dynamics=Hybrid,314,1356,210,0.11681547619047619,0.5044642857142857,0.078125,0.6687898089171974,0.15486725663716813,1.325742630065949,0.14383561643835616
Curvature_Geometry__x__Temporal_Sequential_Context=Uncommon Curvature_Geometry,Curvature_Geometry__x__Turning_Dynamics=Uncommon Curvature_Geometry,314,310,104,0.11681547619047619,0.11532738095238096,0.03869047619047619,0.33121019108280253,0.33548387096774196,2.8719128826792684,0.2
Curvature_Geometry__x__Temporal_Sequential_Context=Uncommon Curvature_Geometry,Spatial_Reach_and_Route__x__Speed_Dynamics=Hybrid,314,1383,124,0.11681547619047619,0.5145089285714286,0.046130952380952384,0.39490445859872614,0.08966015907447578,0.7675366483827736,0.07883026064844247
Curvature_Geometry__x__Temporal_Sequential_Context=Uncommon Curvature_Geometry,Spatial_Reach_and_Route__x__Speed_Dynamics=Normal,314,749,133,0.11681547619047619,0.2786458333333333,0.049479166666666664,0.42356687898089174,0.17757009345794392,1.5200904815762843,0.14301075268817204
Curvature_Geometry__x__Temporal_Sequential_Context=Uncommon Curvature_Geometry,Spatial_Reach_and_Route__x__Speed_Dynamics=Uncommon Spatial_Reach_and_Route,314,261,18,0.11681547619047619,0.09709821428571429,0.006696428571428571,0.05732484076433121,0.06896551724137931,0.5903799692510432,0.03231597845601436
Curvature_Geometry__x__Temporal_Sequential_Context=Uncommon Curvature_Geometry,Spatial_Reach_and_Route__x__Speed_Dynamics=Uncommon Speed_Dynamics,314,295,39,0.11681547619047619,0.10974702380952381,0.014508928571428572,0.12420382165605096,0.13220338983050847,1.1317283817337795,0.06842105263157895
Curvature_Geometry__x__Temporal_Sequential_Context=Uncommon Curvature_Geometry,Spatial_Reach_and_Route__x__Temporal_Sequential_Context=Hybrid,314,1448,49,0.11681547619047619,0.5386904761904762,0.018229166666666668,0.15605095541401273,0.03383977900552486,0.2896857514867861,0.028604786923525978
Curvature_Geometry__x__Temporal_Sequential_Context=Uncommon Curvature_Geometry,Spatial_Reach_and_Route__x__Temporal_Sequential_Context=Normal,314,811,203,0.11681547619047619,0.30171130952380953,0.07552083333333333,0.6464968152866242,0.25030826140567203,2.1427662632434594,0.22017353579175705
Curvature_Geometry__x__Temporal_Sequential_Context=Uncommon Curvature_Geometry,Spatial_Reach_and_Route__x__Temporal_Sequential_Context=Uncommon Spatial_Reach_and_Route,314,191,62,0.11681547619047619,0.07105654761904762,0.023065476190476192,0.19745222929936307,0.32460732984293195,2.7788041484643347,0.1399548532731377
Curvature_Geometry__x__Temporal_Sequential_Context=Uncommon Curvature_Geometry,Spatial_Reach_and_Route__x__Turning_Dynamics=Hybrid,314,1348,135,0.11681547619047619,0.5014880952380952,0.05022321428571429,0.4299363057324841,0.10014836795252226,0.8573210606891077,0.08840864440078586
Curvature_Geometry__x__Temporal_Sequential_Context=Uncommon Curvature_Geometry,Spatial_Reach_and_Route__x__Turning_Dynamics=Normal,314,697,96,0.11681547619047619,0.25930059523809523,0.03571428571428571,0.3057324840764331,0.13773314203730272,1.179065878332069,0.10491803278688525
Curvature_Geometry__x__Temporal_Sequential_Context=Uncommon Curvature_Geometry,Spatial_Reach_and_Route__x__Turning_Dynamics=Uncommon Spatial_Reach_and_Route,314,311,30,0.11681547619047619,0.11569940476190477,0.011160714285714286,0.09554140127388536,0.09646302250803858,0.8257726258012984,0.05042016806722689
Curvature_Geometry__x__Temporal_Sequential_Context=Uncommon Curvature_Geometry,Spatial_Reach_and_Route__x__Turning_Dynamics=Uncommon Turning_Dynamics,314,332,53,0.11681547619047619,0.12351190476190477,0.019717261904761904,0.16878980891719744,0.15963855421686746,1.3665873685826104,0.0893760539629005
Curvature_Geometry__x__Temporal_Sequential_Context=Uncommon Curvature_Geometry,Speed_Dynamics__x__Temporal_Sequential_Context=Hybrid,314,1412,54,0.11681547619047619,0.5252976190476191,0.020089285714285716,0.17197452229299362,0.03824362606232295,0.327384926291478,0.03229665071770335
Curvature_Geometry__x__Temporal_Sequential_Context=Uncommon Curvature_Geometry,Speed_Dynamics__x__Temporal_Sequential_Context=Normal,314,735,179,0.11681547619047619,0.2734375,0.0665922619047619,0.5700636942675159,0.24353741496598638,2.0848043676069152,0.2057471264367816
Curvature_Geometry__x__Temporal_Sequential_Context=Uncommon Curvature_Geometry,Speed_Dynamics__x__Temporal_Sequential_Context=Uncommon Speed_Dynamics,314,272,81,0.11681547619047619,0.10119047619047619,0.030133928571428572,0.25796178343949044,0.2977941176470588,2.549269389284376,0.1603960396039604
Curvature_Geometry__x__Temporal_Sequential_Context=Uncommon Curvature_Geometry,Speed_Dynamics__x__Turning_Dynamics=Hybrid,314,1377,146,0.11681547619047619,0.5122767857142857,0.05431547619047619,0.46496815286624205,0.10602759622367465,0.9076502504752786,0.09449838187702266
Curvature_Geometry__x__Temporal_Sequential_Context=Uncommon Curvature_Geometry,Speed_Dynamics__x__Turning_Dynamics=Normal,314,709,90,0.11681547619047619,0.26376488095238093,0.033482142857142856,0.28662420382165604,0.12693935119887165,1.08666552873429,0.09646302250803858
Curvature_Geometry__x__Temporal_Sequential_Context=Uncommon Curvature_Geometry,Speed_Dynamics__x__Turning_Dynamics=Uncommon Speed_Dynamics,314,301,29,0.11681547619047619,0.11197916666666667,0.010788690476190476,0.09235668789808917,0.09634551495016612,0.8247667012294474,0.04948805460750853
Curvature_Geometry__x__Temporal_Sequential_Context=Uncommon Curvature_Geometry,Speed_Dynamics__x__Turning_Dynamics=Uncommon Turning_Dynamics,314,301,49,0.11681547619047619,0.11197916666666667,0.018229166666666668,0.15605095541401273,0.16279069767441862,1.3935713227669975,0.08657243816254417
Curvature_Geometry__x__Temporal_Sequential_Context=Uncommon Curvature_Geometry,Temporal_Sequential_Context__x__Turning_Dynamics=Hybrid,314,1386,54,0.11681547619047619,0.515625,0.020089285714285716,0.17197452229299362,0.03896103896103896,0.3335263462651998,0.032806804374240585
Curvature_Geometry__x__Temporal_Sequential_Context=Uncommon Curvature_Geometry,Temporal_Sequential_Context__x__Turning_Dynamics=Normal,314,714,153,0.11681547619047619,0.265625,0.056919642857142856,0.4872611464968153,0.21428571428571427,1.8343949044585985,0.17485714285714285
Curvature_Geometry__x__Temporal_Sequential_Context=Uncommon Curvature_Geometry,Temporal_Sequential_Context__x__Turning_Dynamics=Uncommon Turning_Dynamics,314,304,107,0.11681547619047619,0.1130952380952381,0.039806547619047616,0.34076433121019106,0.3519736842105263,3.01307408649011,0.20939334637964774
Curvature_Geometry__x__Temporal_Sequential_Context=Uncommon Temporal_Sequential_Context,Curvature_Geometry__x__Turning_Dynamics=Hybrid,319,1356,58,0.11867559523809523,0.5044642857142857,0.021577380952380952,0.18181818181818182,0.04277286135693215,0.3604183427192277,0.035868893011750155
Curvature_Geometry__x__Temporal_Sequential_Context=Uncommon Temporal_Sequential_Context,Curvature_Geometry__x__Turning_Dynamics=Normal,319,699,146,0.11867559523809523,0.26004464285714285,0.05431547619047619,0.45768025078369906,0.2088698140200286,1.7600064579493322,0.16743119266055045
Curvature_Geometry__x__Temporal_Sequential_Context=Uncommon Temporal_Sequential_Context,Curvature_Geometry__x__Turning_Dynamics=Uncommon Turning_Dynamics,319,323,115,0.11867559523809523,0.12016369047619048,0.042782738095238096,0.3605015673981191,0.3560371517027864,3.0000873472636043,0.21821631878557876
Curvature_Geometry__x__Temporal_Sequential_Context=Uncommon Temporal_Sequential_Context,Spatial_Reach_and_Route__x__Speed_Dynamics=Hybrid,319,1383,191,0.11867559523809523,0.5145089285714286,0.07105654761904762,0.5987460815047022,0.1381055676066522,1.1637234035319157,0.12640635340833886
Curvature_Geometry__x__Temporal_Sequential_Context=Uncommon Temporal_Sequential_Context,Spatial_Reach_and_Route__x__Speed_Dynamics=Normal,319,749,59,0.11867559523809523,0.2786458333333333,0.02194940476190476,0.18495297805642633,0.0787716955941255,0.6637564819968945,0.05847373637264618
Curvature_Geometry__x__Temporal_Sequential_Context=Uncommon Temporal_Sequential_Context,Spatial_Reach_and_Route__x__Speed_Dynamics=Uncommon Spatial_Reach_and_Route,319,261,36,0.11867559523809523,0.09709821428571429,0.013392857142857142,0.11285266457680251,0.13793103448275862,1.1622527294346556,0.0661764705882353
Curvature_Geometry__x__Temporal_Sequential_Context=Uncommon Temporal_Sequential_Context,Spatial_Reach_and_Route__x__Speed_Dynamics=Uncommon Speed_Dynamics,319,295,33,0.11867559523809523,0.10974702380952381,0.012276785714285714,0.10344827586206896,0.11186440677966102,0.9426066627703098,0.05679862306368331
Curvature_Geometry__x__Temporal_Sequential_Context=Uncommon Temporal_Sequential_Context,Spatial_Reach_and_Route__x__Temporal_Sequential_Context=Hybrid,319,1448,236,0.11867559523809523,0.5386904761904762,0.08779761904761904,0.7398119122257053,0.16298342541436464,1.3733525000432982,0.1541476159372959
Curvature_Geometry__x__Temporal_Sequential_Context=Uncommon Temporal_Sequential_Context,Spatial_Reach_and_Route__x__Temporal_Sequential_Context=Uncommon Temporal_Sequential_Context,319,238,83,0.11867559523809523,0.08854166666666667,0.030877976190476192,0.2601880877742947,0.3487394957983193,2.938594873686152,0.1751054852320675
Curvature_Geometry__x__Temporal_Sequential_Context=Uncommon Temporal_Sequential_Context,Spatial_Reach_and_Route__x__Turning_Dynamics=Hybrid,319,1348,184,0.11867559523809523,0.5014880952380952,0.06845238095238096,0.5768025078369906,0.13649851632047477,1.1501818553900822,0.12407282535401214
Curvature_Geometry__x__Temporal_Sequential_Context=Uncommon Temporal_Sequential_Context,Spatial_Reach_and_Route__x__Turning_Dynamics=Normal,319,697,65,0.11867559523809523,0.25930059523809523,0.02418154761904762,0.20376175548589343,0.09325681492109039,0.7858129106830438,0.0683491062039958
Curvature_Geometry__x__Temporal_Sequential_Context=Uncommon Temporal_Sequential_Context,Spatial_Reach_and_Route__x__Turning_Dynamics=Uncommon Spatial_Reach_and_Route,319,311,37,0.11867559523809523,0.11569940476190477,0.013764880952380952,0.11598746081504702,0.1189710610932476,1.0024896934753902,0.06239460370994941
Curvature_Geometry__x__Temporal_Sequential_Context=Uncommon Temporal_Sequential_Context,Spatial_Reach_and_Route__x__Turning_Dynamics=Uncommon Turning_Dynamics,319,332,33,0.11867559523809523,0.12351190476190477,0.012276785714285714,0.10344827586206896,0.09939759036144578,0.8375571250519319,0.05339805825242718
Curvature_Geometry__x__Temporal_Sequential_Context=Uncommon Temporal_Sequential_Context,Speed_Dynamics__x__Temporal_Sequential_Context=Hybrid,319,1412,234,0.11867559523809523,0.5252976190476191,0.08705357142857142,0.7335423197492164,0.16572237960339944,1.396431838162814,0.156312625250501
Curvature_Geometry__x__Temporal_Sequential_Context=Uncommon Temporal_Sequential_Context,Speed_Dynamics__x__Temporal_Sequential_Context=Uncommon Temporal_Sequential_Context,319,269,85,0.11867559523809523,0.10007440476190477,0.03162202380952381,0.2664576802507837,0.3159851301115242,2.662595704513407,0.16898608349900596
Curvature_Geometry__x__Temporal_Sequential_Context=Uncommon Temporal_Sequential_Context,Speed_Dynamics__x__Turning_Dynamics=Hybrid,319,1377,192,0.11867559523809523,0.5122767857142857,0.07142857142857142,0.6018808777429467,0.1394335511982571,1.174913434548323,0.1276595744680851
Curvature_Geometry__x__Temporal_Sequential_Context=Uncommon Temporal_Sequential_Context,Speed_Dynamics__x__Turning_Dynamics=Normal,319,709,71,0.11867559523809523,0.26376488095238093,0.026413690476190476,0.2225705329153605,0.1001410437235543,0.8438217101219875,0.0741901776384535
Curvature_Geometry__x__Temporal_Sequential_Context=Uncommon Temporal_Sequential_Context,Speed_Dynamics__x__Turning_Dynamics=Uncommon Speed_Dynamics,319,301,37,0.11867559523809523,0.11197916666666667,0.013764880952380952,0.11598746081504702,0.12292358803986711,1.0357949989064663,0.0634648370497427
Curvature_Geometry__x__Temporal_Sequential_Context=Uncommon Temporal_Sequential_Context,Speed_Dynamics__x__Turning_Dynamics=Uncommon Turning_Dynamics,319,301,19,0.11867559523809523,0.11197916666666667,0.007068452380952381,0.05956112852664577,0.06312292358803986,0.5318947291681855,0.03161397670549085
Curvature_Geometry__x__Temporal_Sequential_Context=Uncommon Temporal_Sequential_Context,Temporal_Sequential_Context__x__Turning_Dynamics=Hybrid,319,1386,226,0.11867559523809523,0.515625,0.08407738095238096,0.7084639498432602,0.16305916305916307,1.3739906906051107,0.15280594996619337
Curvature_Geometry__x__Temporal_Sequential_Context=Uncommon Temporal_Sequential_Context,Temporal_Sequential_Context__x__Turning_Dynamics=Uncommon Temporal_Sequential_Context,319,284,93,0.11867559523809523,0.1056547619047619,0.03459821428571429,0.29153605015673983,0.3274647887323944,2.7593271226102702,0.18235294117647058
Curvature_Geometry__x__Turning_Dynamics=Hybrid,Spatial_Reach_and_Route__x__Speed_Dynamics=Hybrid,1356,1383,707,0.5044642857142857,0.5145089285714286,0.2630208333333333,0.5213864306784661,0.5112075198843095,1.0133671190627018,0.3479330708661417
Curvature_Geometry__x__Turning_Dynamics=Hybrid,Spatial_Reach_and_Route__x__Speed_Dynamics=Normal,1356,749,381,0.5044642857142857,0.2786458333333333,0.14174107142857142,0.2809734513274336,0.5086782376502003,1.0083533206517246,0.22099767981438515
Curvature_Geometry__x__Turning_Dynamics=Hybrid,Spatial_Reach_and_Route__x__Speed_Dynamics=Uncommon Spatial_Reach_and_Route,1356,261,130,0.5044642857142857,0.09709821428571429,0.04836309523809524,0.09587020648967552,0.49808429118773945,0.9873529312040146,0.08742434431741762
Curvature_Geometry__x__Turning_Dynamics=Hybrid,Spatial_Reach_and_Route__x__Speed_Dynamics=Uncommon Speed_Dynamics,1356,295,138,0.5044642857142857,0.10974702380952381,0.05133928571428571,0.10176991150442478,0.46779661016949153,0.9273136343182841,0.09120951751487112
Curvature_Geometry__x__Turning_Dynamics=Hybrid,Spatial_Reach_and_Route__x__Temporal_Sequential_Context=Hybrid,1356,1448,759,0.5044642857142857,0.5386904761904762,0.28236607142857145,0.5597345132743363,0.524171270718232,1.0390651738131327,0.37114914425427875
Curvature_Geometry__x__Turning_Dynamics=Hybrid,Spatial_Reach_and_Route__x__Temporal_Sequential_Context=Normal,1356,811,377,0.5044642857142857,0.30171130952380953,0.1402529761904762,0.278023598820059,0.4648581997533909,0.9214888207500845,0.2106145251396648
Curvature_Geometry__x__Turning_Dynamics=Hybrid,Spatial_Reach_and_Route__x__Temporal_Sequential_Context=Uncommon Spatial_Reach_and_Route,1356,191,98,0.5044642857142857,0.07105654761904762,0.036458333333333336,0.07227138643067847,0.5130890052356021,1.0170967891396008,0.06763285024154589
Curvature_Geometry__x__Turning_Dynamics=Hybrid,Spatial_Reach_and_Route__x__Temporal_Sequential_Context=Uncommon Temporal_Sequential_Context,1356,238,122,0.5044642857142857,0.08854166666666667,0.04538690476190476,0.08997050147492626,0.5126050420168067,1.0161374284226965,0.08288043478260869
Curvature_Geometry__x__Turning_Dynamics=Hybrid,Spatial_Reach_and_Route__x__Turning_Dynamics=Hybrid,1356,1348,919,0.5044642857142857,0.5014880952380952,0.34188988095238093,0.6777286135693216,0.6817507418397626,1.351435098868202,0.5148459383753501
Curvature_Geometry__x__Turning_Dynamics=Hybrid,Spatial_Reach_and_Route__x__Turning_Dynamics=Normal,1356,697,153,0.5044642857142857,0.25930059523809523,0.056919642857142856,0.11283185840707964,0.21951219512195122,0.4351392186488237,0.08052631578947368
Curvature_Geometry__x__Turning_Dynamics=Hybrid,Spatial_Reach_and_Route__x__Turning_Dynamics=Uncommon Spatial_Reach_and_Route,1356,311,53,0.5044642857142857,0.11569940476190477,0.019717261904761904,0.03908554572271387,0.17041800643086816,0.337819764960305,0.03283767038413878
Curvature_Geometry__x__Turning_Dynamics=Hybrid,Spatial_Reach_and_Route__x__Turning_Dynamics=Uncommon Turning_Dynamics,1356,332,231,0.5044642857142857,0.12351190476190477,0.0859375,0.17035398230088494,0.6957831325301205,1.3792515193517432,0.15854495538778313
Curvature_Geometry__x__Turning_Dynamics=Hybrid,Speed_Dynamics__x__Temporal_Sequential_Context=Hybrid,1356,1412,736,0.5044642857142857,0.5252976190476191,0.27380952380952384,0.5427728613569321,0.5212464589235127,1.0332673168041318,0.36220472440944884
Curvature_Geometry__x__Turning_Dynamics=Hybrid,Speed_Dynamics__x__Temporal_Sequential_Context=Normal,1356,735,360,0.5044642857142857,0.2734375,0.13392857142857142,0.26548672566371684,0.4897959183673469,0.9709228824273072,0.20797227036395147
Curvature_Geometry__x__Turning_Dynamics=Hybrid,Speed_Dynamics__x__Temporal_Sequential_Context=Uncommon Speed_Dynamics,1356,272,116,0.5044642857142857,0.10119047619047619,0.043154761904761904,0.0855457227138643,0.4264705882352941,0.8453930244664237,0.07671957671957672
Curvature_Geometry__x__Turning_Dynamics=Hybrid,Speed_Dynamics__x__Temporal_Sequential_Context=Uncommon Temporal_Sequential_Context,1356,269,144,0.5044642857142857,0.10007440476190477,0.05357142857142857,0.10619469026548672,0.5353159851301115,1.0611573510543804,0.09723160027008777
Curvature_Geometry__x__Turning_Dynamics=Hybrid,Speed_Dynamics__x__Turning_Dynamics=Hybrid,1356,1377,910,0.5044642857142857,0.5122767857142857,0.3385416666666667,0.6710914454277286,0.6608569353667393,1.3100172878066338,0.49917718047174986
Curvature_Geometry__x__Turning_Dynamics=Hybrid,Speed_Dynamics__x__Turning_Dynamics=Normal,1356,709,178,0.5044642857142857,0.26376488095238093,0.0662202380952381,0.13126843657817108,0.25105782792665726,0.49767215447408175,0.09432962374138845
Curvature_Geometry__x__Turning_Dynamics=Hybrid,Speed_Dynamics__x__Turning_Dynamics=Uncommon Speed_Dynamics,1356,301,50,0.5044642857142857,0.11197916666666667,0.018601190476190476,0.03687315634218289,0.16611295681063123,0.3292858612883309,0.031113876789047916
Curvature_Geometry__x__Turning_Dynamics=Hybrid,Speed_Dynamics__x__Turning_Dynamics=Uncommon Turning_Dynamics,1356,301,218,0.5044642857142857,0.11197916666666667,0.08110119047619048,0.1607669616519174,0.7242524916943521,1.4356863552171228,0.15149409312022238
Curvature_Geometry__x__Turning_Dynamics=Hybrid,Temporal_Sequential_Context__x__Turning_Dynamics=Hybrid,1356,1386,943,0.5044642857142857,0.515625,0.3508184523809524,0.6954277286135693,0.6803751803751804,1.3487083221596496,0.5241801000555865
Curvature_Geometry__x__Turning_Dynamics=Hybrid,Temporal_Sequential_Context__x__Turning_Dynamics=Normal,1356,714,167,0.5044642857142857,0.265625,0.06212797619047619,0.12315634218289086,0.2338935574229692,0.46364740586500086,0.08775617446137678
Curvature_Geometry__x__Turning_Dynamics=Hybrid,Temporal_Sequential_Context__x__Turning_Dynamics=Uncommon Temporal_Sequential_Context,1356,284,48,0.5044642857142857,0.1056547619047619,0.017857142857142856,0.035398230088495575,0.16901408450704225,0.3350367692882962,0.03015075376884422
Curvature_Geometry__x__Turning_Dynamics=Hybrid,Temporal_Sequential_Context__x__Turning_Dynamics=Uncommon Turning_Dynamics,1356,304,198,0.5044642857142857,0.1130952380952381,0.07366071428571429,0.14601769911504425,0.6513157894736842,1.2911038658593388,0.1354309165526676
Curvature_Geometry__x__Turning_Dynamics=Normal,Spatial_Reach_and_Route__x__Speed_Dynamics=Hybrid,699,1383,325,0.26004464285714285,0.5145089285714286,0.1209077380952381,0.46494992846924177,0.23499638467100506,0.9036770844000881,0.18497438816163916
Curvature_Geometry__x__Turning_Dynamics=Normal,Spatial_Reach_and_Route__x__Speed_Dynamics=Normal,699,749,211,0.26004464285714285,0.2786458333333333,0.07849702380952381,0.30185979971387694,0.2817089452603471,1.0833099354217641,0.17057396928051738
Curvature_Geometry__x__Turning_Dynamics=Normal,Spatial_Reach_and_Route__x__Speed_Dynamics=Uncommon Spatial_Reach_and_Route,699,261,73,0.26004464285714285,0.09709821428571429,0.027157738095238096,0.1044349070100143,0.2796934865900383,1.0755595020801474,0.08229988726042842
Curvature_Geometry__x__Turning_Dynamics=Normal,Spatial_Reach_and_Route__x__Speed_Dynamics=Uncommon Speed_Dynamics,699,295,90,0.26004464285714285,0.10974702380952381,0.033482142857142856,0.12875536480686695,0.3050847457627119,1.1732014257656216,0.09955752212389381
Curvature_Geometry__x__Turning_Dynamics=Normal,Spatial_Reach_and_Route__x__Temporal_Sequential_Context=Hybrid,699,1448,342,0.26004464285714285,0.5386904761904762,0.12723214285714285,0.4892703862660944,0.2361878453038674,0.9082588385934129,0.18947368421052632
Curvature_Geometry__x__Turning_Dynamics=Normal,Spatial_Reach_and_Route__x__Temporal_Sequential_Context=Normal,699,811,245,0.26004464285714285,0.30171130952380953,0.09114583333333333,0.35050071530758226,0.30209617755856966,1.1617089059763024,0.19367588932806323
Curvature_Geometry__x__Turning_Dynamics=Normal,Spatial_Reach_and_Route__x__Temporal_Sequential_Context=Uncommon Spatial_Reach_and_Route,699,191,49,0.26004464285714285,0.07105654761904762,0.018229166666666668,0.07010014306151645,0.25654450261780104,0.9865402332427028,0.05826397146254459
Curvature_Geometry__x__Turning_Dynamics=Normal,Spatial_Reach_and_Route__x__Temporal_Sequential_Context=Uncommon Temporal_Sequential_Context,699,238,63,0.26004464285714285,0.08854166666666667,0.0234375,0.09012875536480687,0.2647058823529412,1.0179247664731128,0.07208237986270023
Curvature_Geometry__x__Turning_Dynamics=Normal,Spatial_Reach_and_Route__x__Turning_Dynamics=Hybrid,699,1348,172,0.26004464285714285,0.5014880952380952,0.06398809523809523,0.24606580829756797,0.12759643916913946,0.49067128538862215,0.09173333333333333
Curvature_Geometry__x__Turning_Dynamics=Normal,Spatial_Reach_and_Route__x__Turning_Dynamics=Normal,699,697,389,0.26004464285714285,0.25930059523809523,0.14471726190476192,0.5565092989985694,0.5581061692969871,2.1461936810733926,0.38629592850049654
Curvature_Geometry__x__Turning_Dynamics=Normal,Spatial_Reach_and_Route__x__Turning_Dynamics=Uncommon Spatial_Reach_and_Route,699,311,138,0.26004464285714285,0.11569940476190477,0.05133928571428571,0.19742489270386265,0.4437299035369775,1.7063604874211666,0.15825688073394495
Curvature_Geometry__x__Turning_Dynamics=Normal,Speed_Dynamics__x__Temporal_Sequential_Context=Hybrid,699,1412,326,0.26004464285714285,0.5252976190476191,0.1212797619047619,0.4663805436337625,0.23087818696883852,0.8878405816484091,0.1826330532212885
Curvature_Geometry__x__Turning_Dynamics=Normal,Speed_Dynamics__x__Temporal_Sequential_Context=Normal,699,735,208,0.26004464285714285,0.2734375,0.07738095238095238,0.29756795422031473,0.2829931972789116,1.0882485182914368,0.16965742251223492
Curvature_Geometry__x__Turning_Dynamics=Normal,Speed_Dynamics__x__Temporal_Sequential_Context=Uncommon Speed_Dynamics,699,272,88,0.26004464285714285,0.10119047619047619,0.03273809523809524,0.12589413447782546,0.3235294117647059,1.2441302701338048,0.09966024915062288
Curvature_Geometry__x__Turning_Dynamics=Normal,Speed_Dynamics__x__Temporal_Sequential_Context=Uncommon Temporal_Sequential_Context,699,269,77,0.26004464285714285,0.10007440476190477,0.028645833333333332,0.11015736766809728,0.2862453531598513,1.1007546627949645,0.08641975308641975
Curvature_Geometry__x__Turning_Dynamics=Normal,Speed_Dynamics__x__Turning_Dynamics=Hybrid,699,1377,168,0.26004464285714285,0.5122767857142857,0.0625,0.24034334763948498,0.12200435729847495,0.46916697055550877,0.0880503144654088
Curvature_Geometry__x__Turning_Dynamics=Normal,Speed_Dynamics__x__Turning_Dynamics=Normal,699,709,372,0.26004464285714285,0.26376488095238093,0.13839285714285715,0.5321888412017167,0.5246826516220028,2.0176637590271014,0.3590733590733591
Curvature_Geometry__x__Turning_Dynamics=Normal,Speed_Dynamics__x__Turning_Dynamics=Uncommon Speed_Dynamics,699,301,159,0.26004464285714285,0.11197916666666667,0.05915178571428571,0.22746781115879827,0.5282392026578073,2.0313404531390358,0.18906064209274673
Curvature_Geometry__x__Turning_Dynamics=Normal,Temporal_Sequential_Context__x__Turning_Dynamics=Hybrid,699,1386,167,0.26004464285714285,0.515625,0.06212797619047619,0.23891273247496422,0.1204906204906205,0.4633459054059913,0.08706986444212722
Curvature_Geometry__x__Turning_Dynamics=Normal,Temporal_Sequential_Context__x__Turning_Dynamics=Normal,699,714,388,0.26004464285714285,0.265625,0.14434523809523808,0.5550786838340487,0.5434173669467787,2.089707986198771,0.37853658536585366
Curvature_Geometry__x__Turning_Dynamics=Normal,Temporal_Sequential_Context__x__Turning_Dynamics=Uncommon Temporal_Sequential_Context,699,284,144,0.26004464285714285,0.1056547619047619,0.05357142857142857,0.20600858369098712,0.5070422535211268,1.9498277216949769,0.17163289630512515
Curvature_Geometry__x__Turning_Dynamics=Uncommon Curvature_Geometry,Spatial_Reach_and_Route__x__Speed_Dynamics=Hybrid,310,1383,152,0.11532738095238096,0.5145089285714286,0.05654761904761905,0.49032258064516127,0.1099060014461316,0.9529913931845216,0.09863724853990916
Curvature_Geometry__x__Turning_Dynamics=Uncommon Curvature_Geometry,Spatial_Reach_and_Route__x__Speed_Dynamics=Normal,310,749,93,0.11532738095238096,0.2786458333333333,0.03459821428571429,0.3,0.12416555407209613,1.0766355140186916,0.09627329192546584
Curvature_Geometry__x__Turning_Dynamics=Uncommon Curvature_Geometry,Spatial_Reach_and_Route__x__Speed_Dynamics=Uncommon Spatial_Reach_and_Route,310,261,35,0.11532738095238096,0.09709821428571429,0.013020833333333334,0.11290322580645161,0.13409961685823754,1.1627734519836856,0.06529850746268656
Curvature_Geometry__x__Turning_Dynamics=Uncommon Curvature_Geometry,Spatial_Reach_and_Route__x__Speed_Dynamics=Uncommon Speed_Dynamics,310,295,30,0.11532738095238096,0.10974702380952381,0.011160714285714286,0.0967741935483871,0.1016949152542373,0.8817933296883543,0.05217391304347826
Curvature_Geometry__x__Turning_Dynamics=Uncommon Curvature_Geometry,Spatial_Reach_and_Route__x__Temporal_Sequential_Context=Hybrid,310,1448,166,0.11532738095238096,0.5386904761904762,0.061755952380952384,0.535483870967742,0.11464088397790055,0.9940474068793441,0.10427135678391959
Curvature_Geometry__x__Turning_Dynamics=Uncommon Curvature_Geometry,Spatial_Reach_and_Route__x__Temporal_Sequential_Context=Normal,310,811,99,0.11532738095238096,0.30171130952380953,0.036830357142857144,0.3193548387096774,0.1220715166461159,1.0584781830476113,0.09686888454011741
Curvature_Geometry__x__Turning_Dynamics=Uncommon Curvature_Geometry,Spatial_Reach_and_Route__x__Temporal_Sequential_Context=Uncommon Spatial_Reach_and_Route,310,191,24,0.11532738095238096,0.07105654761904762,0.008928571428571428,0.07741935483870968,0.1256544502617801,1.089545684850532,0.050314465408805034
Curvature_Geometry__x__Turning_Dynamics=Uncommon Curvature_Geometry,Spatial_Reach_and_Route__x__Temporal_Sequential_Context=Uncommon Temporal_Sequential_Context,310,238,21,0.11532738095238096,0.08854166666666667,0.0078125,0.06774193548387097,0.08823529411764706,0.7650853889943073,0.03984819734345351
Curvature_Geometry__x__Turning_Dynamics=Uncommon Curvature_Geometry,Spatial_Reach_and_Route__x__Turning_Dynamics=Hybrid,310,1348,35,0.11532738095238096,0.5014880952380952,0.013020833333333334,0.11290322580645161,0.02596439169139466,0.22513640279506078,0.021565003080714726
Curvature_Geometry__x__Turning_Dynamics=Uncommon Curvature_Geometry,Spatial_Reach_and_Route__x__Turning_Dynamics=Normal,310,697,155,0.11532738095238096,0.25930059523809523,0.05766369047619048,0.5,0.2223816355810617,1.9282639885222381,0.18192488262910797
Curvature_Geometry__x__Turning_Dynamics=Uncommon Curvature_Geometry,Spatial_Reach_and_Route__x__Turning_Dynamics=Uncommon Spatial_Reach_and_Route,310,311,120,0.11532738095238096,0.11569940476190477,0.044642857142857144,0.3870967741935484,0.3858520900321543,3.345711025827196,0.23952095808383234
Curvature_Geometry__x__Turning_Dynamics=Uncommon Curvature_Geometry,Speed_Dynamics__x__Temporal_Sequential_Context=Hybrid,310,1412,166,0.11532738095238096,0.5252976190476191,0.061755952380952384,0.535483870967742,0.11756373937677053,1.0193913917572877,0.10668380462724936
Curvature_Geometry__x__Turning_Dynamics=Uncommon Curvature_Geometry,Speed_Dynamics__x__Temporal_Sequential_Context=Normal,310,735,85,0.11532738095238096,0.2734375,0.03162202380952381,0.27419354838709675,0.11564625850340136,1.0027649769585252,0.08854166666666667
Curvature_Geometry__x__Turning_Dynamics=Uncommon Curvature_Geometry,Speed_Dynamics__x__Temporal_Sequential_Context=Uncommon Speed_Dynamics,310,272,28,0.11532738095238096,0.10119047619047619,0.010416666666666666,0.09032258064516129,0.10294117647058823,0.8925996204933585,0.05054151624548736
Curvature_Geometry__x__Turning_Dynamics=Uncommon Curvature_Geometry,Speed_Dynamics__x__Temporal_Sequential_Context=Uncommon Temporal_Sequential_Context,310,269,31,0.11532738095238096,0.10007440476190477,0.011532738095238096,0.1,0.11524163568773234,0.9992565055762082,0.05656934306569343
Curvature_Geometry__x__Turning_Dynamics=Uncommon Curvature_Geometry,Speed_Dynamics__x__Turning_Dynamics=Hybrid,310,1377,59,0.11532738095238096,0.5122767857142857,0.02194940476190476,0.19032258064516128,0.042846768336964415,0.3715229460960011,0.03624078624078624
Curvature_Geometry__x__Turning_Dynamics=Uncommon Curvature_Geometry,Speed_Dynamics__x__Turning_Dynamics=Normal,310,709,159,0.11532738095238096,0.26376488095238093,0.05915178571428571,0.5129032258064516,0.22425952045133993,1.9445470676554895,0.18488372093023256
Curvature_Geometry__x__Turning_Dynamics=Uncommon Curvature_Geometry,Speed_Dynamics__x__Turning_Dynamics=Uncommon Speed_Dynamics,310,301,92,0.11532738095238096,0.11197916666666667,0.03422619047619048,0.2967741935483871,0.30564784053156147,2.6502625656414107,0.17726396917148363
Curvature_Geometry__x__Turning_Dynamics=Uncommon Curvature_Geometry,Temporal_Sequential_Context__x__Turning_Dynamics=Hybrid,310,1386,59,0.11532738095238096,0.515625,0.02194940476190476,0.19032258064516128,0.04256854256854257,0.36911045943304005,0.03604153940134392
Curvature_Geometry__x__Turning_Dynamics=Uncommon Curvature_Geometry,Temporal_Sequential_Context__x__Turning_Dynamics=Normal,310,714,159,0.11532738095238096,0.265625,0.05915178571428571,0.5129032258064516,0.22268907563025211,1.930929791271347,0.1838150289017341
Curvature_Geometry__x__Turning_Dynamics=Uncommon Curvature_Geometry,Temporal_Sequential_Context__x__Turning_Dynamics=Uncommon Temporal_Sequential_Context,310,284,92,0.11532738095238096,0.1056547619047619,0.03422619047619048,0.2967741935483871,0.323943661971831,2.8089050431621994,0.18326693227091634
Curvature_Geometry__x__Turning_Dynamics=Uncommon Turning_Dynamics,Spatial_Reach_and_Route__x__Speed_Dynamics=Hybrid,323,1383,199,0.12016369047619048,0.5145089285714286,0.0740327380952381,0.6160990712074303,0.14389009399855388,1.1974506893749621,0.1320504313205043
Curvature_Geometry__x__Turning_Dynamics=Uncommon Turning_Dynamics,Spatial_Reach_and_Route__x__Speed_Dynamics=Normal,323,749,64,0.12016369047619048,0.2786458333333333,0.023809523809523808,0.19814241486068113,0.08544726301735647,0.7110905355747809,0.06349206349206349
Curvature_Geometry__x__Turning_Dynamics=Uncommon Turning_Dynamics,Spatial_Reach_and_Route__x__Speed_Dynamics=Uncommon Spatial_Reach_and_Route,323,261,23,0.12016369047619048,0.09709821428571429,0.00855654761904762,0.07120743034055728,0.08812260536398467,0.7333546848866588,0.040998217468805706
Curvature_Geometry__x__Turning_Dynamics=Uncommon Turning_Dynamics,Spatial_Reach_and_Route__x__Speed_Dynamics=Uncommon Speed_Dynamics,323,295,37,0.12016369047619048,0.10974702380952381,0.013764880952380952,0.11455108359133127,0.12542372881355932,1.043773941333893,0.06368330464716007
Curvature_Geometry__x__Turning_Dynamics=Uncommon Turning_Dynamics,Spatial_Reach_and_Route__x__Temporal_Sequential_Context=Hybrid,323,1448,181,0.12016369047619048,0.5386904761904762,0.06733630952380952,0.5603715170278638,0.125,1.0402476780185759,0.11383647798742139
Curvature_Geometry__x__Turning_Dynamics=Uncommon Turning_Dynamics,Spatial_Reach_and_Route__x__Temporal_Sequential_Context=Normal,323,811,90,0.12016369047619048,0.30171130952380953,0.033482142857142856,0.2786377708978328,0.11097410604192355,0.9235244490423854,0.08620689655172414
Curvature_Geometry__x__Turning_Dynamics=Uncommon Turning_Dynamics,Spatial_Reach_and_Route__x__Temporal_Sequential_Context=Uncommon Spatial_Reach_and_Route,323,191,20,0.12016369047619048,0.07105654761904762,0.00744047619047619,0.06191950464396285,0.10471204188481675,0.8714116674501159,0.04048582995951417
Curvature_Geometry__x__Turning_Dynamics=Uncommon Turning_Dynamics,Spatial_Reach_and_Route__x__Temporal_Sequential_Context=Uncommon Temporal_Sequential_Context,323,238,32,0.12016369047619048,0.08854166666666667,0.011904761904761904,0.09907120743034056,0.13445378151260504,1.1189218721544343,0.06049149338374291
Curvature_Geometry__x__Turning_Dynamics=Uncommon Turning_Dynamics,Spatial_Reach_and_Route__x__Turning_Dynamics=Hybrid,323,1348,222,0.12016369047619048,0.5014880952380952,0.08258928571428571,0.6873065015479877,0.16468842729970326,1.3705340327603788,0.15320910973084886
Curvature_Geometry__x__Turning_Dynamics=Uncommon Turning_Dynamics,Spatial_Reach_and_Route__x__Turning_Dynamics=Uncommon Turning_Dynamics,323,332,101,0.12016369047619048,0.12351190476190477,0.03757440476190476,0.3126934984520124,0.3042168674698795,2.5316871199970157,0.18231046931407943
Curvature_Geometry__x__Turning_Dynamics=Uncommon Turning_Dynamics,Speed_Dynamics__x__Temporal_Sequential_Context=Hybrid,323,1412,184,0.12016369047619048,0.5252976190476191,0.06845238095238096,0.5696594427244582,0.13031161473087818,1.0844508371411783,0.11863313990973566
Curvature_Geometry__x__Turning_Dynamics=Uncommon Turning_Dynamics,Speed_Dynamics__x__Temporal_Sequential_Context=Normal,323,735,82,0.12016369047619048,0.2734375,0.03050595238095238,0.25386996904024767,0.11156462585034013,0.92843874391862,0.08401639344262295
Curvature_Geometry__x__Turning_Dynamics=Uncommon Turning_Dynamics,Speed_Dynamics__x__Temporal_Sequential_Context=Uncommon Speed_Dynamics,323,272,40,0.12016369047619048,0.10119047619047619,0.01488095238095238,0.1238390092879257,0.14705882352941177,1.2238207976689126,0.07207207207207207
Curvature_Geometry__x__Turning_Dynamics=Uncommon Turning_Dynamics,Speed_Dynamics__x__Temporal_Sequential_Context=Uncommon Temporal_Sequential_Context,323,269,17,0.12016369047619048,0.10007440476190477,0.006324404761904762,0.05263157894736842,0.06319702602230483,0.5259244766190568,0.029565217391304348
Curvature_Geometry__x__Turning_Dynamics=Uncommon Turning_Dynamics,Speed_Dynamics__x__Turning_Dynamics=Hybrid,323,1377,240,0.12016369047619048,0.5122767857142857,0.08928571428571429,0.7430340557275542,0.17429193899782136,1.4504542787187116,0.1643835616438356
Curvature_Geometry__x__Turning_Dynamics=Uncommon Turning_Dynamics,Speed_Dynamics__x__Turning_Dynamics=Uncommon Turning_Dynamics,323,301,83,0.12016369047619048,0.11197916666666667,0.030877976190476192,0.25696594427244585,0.2757475083056478,2.294765641874865,0.1534195933456562
Curvature_Geometry__x__Turning_Dynamics=Uncommon Turning_Dynamics,Temporal_Sequential_Context__x__Turning_Dynamics=Hybrid,323,1386,217,0.12016369047619048,0.515625,0.08072916666666667,0.6718266253869969,0.15656565656565657,1.3029364855990242,0.14544235924932977
Curvature_Geometry__x__Turning_Dynamics=Uncommon Turning_Dynamics,Temporal_Sequential_Context__x__Turning_Dynamics=Uncommon Turning_Dynamics,323,304,106,0.12016369047619048,0.1130952380952381,0.03943452380952381,0.3281733746130031,0.34868421052631576,2.9017435228939217,0.2034548944337812
Spatial_Reach_and_Route__x__Speed_Dynamics=Hybrid,Spatial_Reach_and_Route__x__Temporal_Sequential_Context=Hybrid,1383,1448,1041,0.5145089285714286,0.5386904761904762,0.3872767857142857,0.7527114967462039,0.7189226519337016,1.3972986900924007,0.5815642458100558
Spatial_Reach_and_Route__x__Speed_Dynamics=Hybrid,Spatial_Reach_and_Route__x__Temporal_Sequential_Context=Normal,1383,811,155,0.5145089285714286,0.30171130952380953,0.05766369047619048,0.11207519884309472,0.19112207151664612,0.3714650240323534,0.0760176557135851
Spatial_Reach_and_Route__x__Speed_Dynamics=Hybrid,Spatial_Reach_and_Route__x__Temporal_Sequential_Context=Uncommon Spatial_Reach_and_Route,1383,191,140,0.5145089285714286,0.07105654761904762,0.052083333333333336,0.1012292118582791,0.7329842931937173,1.4246289082463572,0.09762900976290098
Spatial_Reach_and_Route__x__Speed_Dynamics=Hybrid,Spatial_Reach_and_Route__x__Temporal_Sequential_Context=Uncommon Temporal_Sequential_Context,1383,238,47,0.5145089285714286,0.08854166666666667,0.017485119047619048,0.03398409255242227,0.19747899159663865,0.3838203394155926,0.02986022871664549
Spatial_Reach_and_Route__x__Speed_Dynamics=Hybrid,Spatial_Reach_and_Route__x__Turning_Dynamics=Hybrid,1383,1348,950,0.5145089285714286,0.5014880952380952,0.35342261904761907,0.6869125090383225,0.7047477744807121,1.3697483859755273,0.5334081976417743
Spatial_Reach_and_Route__x__Speed_Dynamics=Hybrid,Spatial_Reach_and_Route__x__Turning_Dynamics=Normal,1383,697,154,0.5145089285714286,0.25930059523809523,0.057291666666666664,0.11135213304410702,0.22094691535150646,0.4294326163881773,0.07995846313603323
Spatial_Reach_and_Route__x__Speed_Dynamics=Hybrid,Spatial_Reach_and_Route__x__Turning_Dynamics=Uncommon Spatial_Reach_and_Route,1383,311,218,0.5145089285714286,0.11569940476190477,0.08110119047619048,0.1576283441793203,0.7009646302250804,1.3623954635177267,0.14769647696476965
Spatial_Reach_and_Route__x__Speed_Dynamics=Hybrid,Spatial_Reach_and_Route__x__Turning_Dynamics=Uncommon Turning_Dynamics,1383,332,61,0.5145089285714286,0.12351190476190477,0.02269345238095238,0.044107013738250184,0.18373493975903615,0.3571073883386038,0.03688029020556227
Spatial_Reach_and_Route__x__Speed_Dynamics=Hybrid,Speed_Dynamics__x__Temporal_Sequential_Context=Hybrid,1383,1412,1024,0.5145089285714286,0.5252976190476191,0.38095238095238093,0.7404193781634129,0.7252124645892352,1.4095235754272333,0.5782044042913608
Spatial_Reach_and_Route__x__Speed_Dynamics=Hybrid,Speed_Dynamics__x__Temporal_Sequential_Context=Normal,1383,735,162,0.5145089285714286,0.2734375,0.060267857142857144,0.11713665943600868,0.22040816326530613,0.4283854973659746,0.08282208588957055
Spatial_Reach_and_Route__x__Speed_Dynamics=Hybrid,Speed_Dynamics__x__Temporal_Sequential_Context=Uncommon Speed_Dynamics,1383,272,152,0.5145089285714286,0.10119047619047619,0.05654761904761905,0.1099060014461316,0.5588235294117647,1.086129896644124,0.10113107119095142
Spatial_Reach_and_Route__x__Speed_Dynamics=Hybrid,Speed_Dynamics__x__Temporal_Sequential_Context=Uncommon Temporal_Sequential_Context,1383,269,45,0.5145089285714286,0.10007440476190477,0.016741071428571428,0.03253796095444685,0.16728624535315986,0.3251376916191566,0.028002489110143122
Spatial_Reach_and_Route__x__Speed_Dynamics=Hybrid,Speed_Dynamics__x__Turning_Dynamics=Hybrid,1383,1377,955,0.5145089285714286,0.5122767857142857,0.3552827380952381,0.690527838033261,0.6935366739288308,1.3479584812152545,0.5290858725761773
Spatial_Reach_and_Route__x__Speed_Dynamics=Hybrid,Speed_Dynamics__x__Turning_Dynamics=Normal,1383,709,174,0.5145089285714286,0.26376488095238093,0.06473214285714286,0.12581344902386118,0.2454160789844852,0.4769909040566134,0.09071949947862357
Spatial_Reach_and_Route__x__Speed_Dynamics=Hybrid,Speed_Dynamics__x__Turning_Dynamics=Uncommon Speed_Dynamics,1383,301,208,0.5145089285714286,0.11197916666666667,0.07738095238095238,0.15039768618944324,0.6910299003322259,1.3430863138778186,0.14092140921409213
Spatial_Reach_and_Route__x__Speed_Dynamics=Hybrid,Speed_Dynamics__x__Turning_Dynamics=Uncommon Turning_Dynamics,1383,301,46,0.5145089285714286,0.11197916666666667,0.01711309523809524,0.033261026753434564,0.15282392026578073,0.29702870403067144,0.028083028083028084
Spatial_Reach_and_Route__x__Speed_Dynamics=Hybrid,Temporal_Sequential_Context__x__Turning_Dynamics=Hybrid,1383,1386,779,0.5145089285714286,0.515625,0.2898065476190476,0.5632682574114244,0.562049062049062,1.092399044676702,0.3914572864321608
Spatial_Reach_and_Route__x__Speed_Dynamics=Hybrid,Temporal_Sequential_Context__x__Turning_Dynamics=Normal,1383,714,309,0.5145089285714286,0.265625,0.11495535714285714,0.22342733188720174,0.4327731092436975,0.8411381906341712,0.17281879194630873
Spatial_Reach_and_Route__x__Speed_Dynamics=Hybrid,Temporal_Sequential_Context__x__Turning_Dynamics=Uncommon Temporal_Sequential_Context,1383,284,163,0.5145089285714286,0.1056547619047619,0.06063988095238095,0.11785972523499638,0.573943661971831,1.1155173994072896,0.10837765957446809
Spatial_Reach_and_Route__x__Speed_Dynamics=Hybrid,Temporal_Sequential_Context__x__Turning_Dynamics=Uncommon Turning_Dynamics,1383,304,132,0.5145089285714286,0.1130952380952381,0.049107142857142856,0.09544468546637744,0.4342105263157895,0.8439319557027057,0.08488745980707396
Spatial_Reach_and_Route__x__Speed_Dynamics=Normal,Spatial_Reach_and_Route__x__Temporal_Sequential_Context=Hybrid,749,1448,151,0.2786458333333333,0.5386904761904762,0.05617559523809524,0.20160213618157544,0.1042817679558011,0.37424484948623954,0.07380254154447703
Spatial_Reach_and_Route__x__Speed_Dynamics=Normal,Spatial_Reach_and_Route__x__Temporal_Sequential_Context=Normal,749,811,481,0.2786458333333333,0.30171130952380953,0.17894345238095238,0.6421895861148198,0.593094944512947,2.1284902681586138,0.4457831325301205
Spatial_Reach_and_Route__x__Speed_Dynamics=Normal,Spatial_Reach_and_Route__x__Temporal_Sequential_Context=Uncommon Temporal_Sequential_Context,749,238,117,0.2786458333333333,0.08854166666666667,0.04352678571428571,0.15620827770360482,0.49159663865546216,1.7642346658289483,0.13448275862068965
Spatial_Reach_and_Route__x__Speed_Dynamics=Normal,Spatial_Reach_and_Route__x__Turning_Dynamics=Hybrid,749,1348,178,0.2786458333333333,0.5014880952380952,0.0662202380952381,0.2376502002670227,0.13204747774480713,0.4738900135888406,0.09275664408546118
Spatial_Reach_and_Route__x__Speed_Dynamics=Normal,Spatial_Reach_and_Route__x__Turning_Dynamics=Normal,749,697,396,0.2786458333333333,0.25930059523809523,0.14732142857142858,0.5287049399198932,0.5681492109038737,2.0389653924026874,0.37714285714285717
Spatial_Reach_and_Route__x__Speed_Dynamics=Normal,Spatial_Reach_and_Route__x__Turning_Dynamics=Uncommon Turning_Dynamics,749,332,175,0.2786458333333333,0.12351190476190477,0.06510416666666667,0.2336448598130841,0.5271084337349398,1.891678864992681,0.19315673289183222
Spatial_Reach_and_Route__x__Speed_Dynamics=Normal,Speed_Dynamics__x__Temporal_Sequential_Context=Hybrid,749,1412,150,0.2786458333333333,0.5252976190476191,0.05580357142857143,0.20026702269692923,0.10623229461756374,0.3812448704032194,0.07458975634012929
Spatial_Reach_and_Route__x__Speed_Dynamics=Normal,Speed_Dynamics__x__Temporal_Sequential_Context=Normal,749,735,481,0.2786458333333333,0.2734375,0.17894345238095238,0.6421895861148198,0.654421768707483,2.348579057791341,0.4795613160518445
Spatial_Reach_and_Route__x__Speed_Dynamics=Normal,Speed_Dynamics__x__Temporal_Sequential_Context=Uncommon Temporal_Sequential_Context,749,269,118,0.2786458333333333,0.10007440476190477,0.04389880952380952,0.157543391188251,0.43866171003717475,1.574262585553973,0.13111111111111112
Spatial_Reach_and_Route__x__Speed_Dynamics=Normal,Speed_Dynamics__x__Turning_Dynamics=Hybrid,749,1377,182,0.2786458333333333,0.5122767857142857,0.06770833333333333,0.24299065420560748,0.13217138707334786,0.4743346975342578,0.09362139917695474
Spatial_Reach_and_Route__x__Speed_Dynamics=Normal,Speed_Dynamics__x__Turning_Dynamics=Normal,749,709,396,0.2786458333333333,0.26376488095238093,0.14732142857142858,0.5287049399198932,0.5585331452750353,2.0044553998655474,0.3728813559322034
Spatial_Reach_and_Route__x__Speed_Dynamics=Normal,Speed_Dynamics__x__Turning_Dynamics=Uncommon Turning_Dynamics,749,301,171,0.2786458333333333,0.11197916666666667,0.06361607142857142,0.22830440587449932,0.5681063122923588,2.0388114385071567,0.1945392491467577
Spatial_Reach_and_Route__x__Speed_Dynamics=Normal,Temporal_Sequential_Context__x__Turning_Dynamics=Hybrid,749,1386,312,0.2786458333333333,0.515625,0.11607142857142858,0.4165554072096128,0.22510822510822512,0.8078650321640977,0.17114646187602853
Spatial_Reach_and_Route__x__Speed_Dynamics=Normal,Temporal_Sequential_Context__x__Turning_Dynamics=Normal,749,714,257,0.2786458333333333,0.265625,0.09561011904761904,0.3431241655540721,0.3599439775910364,1.2917615644388598,0.2131011608623549
Spatial_Reach_and_Route__x__Speed_Dynamics=Normal,Temporal_Sequential_Context__x__Turning_Dynamics=Uncommon Temporal_Sequential_Context,749,284,62,0.2786458333333333,0.1056547619047619,0.023065476190476192,0.08277703604806408,0.21830985915492956,0.7834671580887194,0.06385169927909372
Spatial_Reach_and_Route__x__Speed_Dynamics=Normal,Temporal_Sequential_Context__x__Turning_Dynamics=Uncommon Turning_Dynamics,749,304,118,0.2786458333333333,0.1130952380952381,0.04389880952380952,0.157543391188251,0.3881578947368421,1.3930152484013774,0.12620320855614972
Spatial_Reach_and_Route__x__Speed_Dynamics=Uncommon Spatial_Reach_and_Route,Spatial_Reach_and_Route__x__Temporal_Sequential_Context=Hybrid,261,1448,210,0.09709821428571429,0.5386904761904762,0.078125,0.8045977011494253,0.14502762430939226,1.4936178319679938,0.1400933955970647
Spatial_Reach_and_Route__x__Speed_Dynamics=Uncommon Spatial_Reach_and_Route,Spatial_Reach_and_Route__x__Temporal_Sequential_Context=Uncommon Spatial_Reach_and_Route,261,191,51,0.09709821428571429,0.07105654761904762,0.018973214285714284,0.19540229885057472,0.2670157068062827,2.749954865499187,0.12718204488778054
Spatial_Reach_and_Route__x__Speed_Dynamics=Uncommon Spatial_Reach_and_Route,Spatial_Reach_and_Route__x__Turning_Dynamics=Hybrid,261,1348,168,0.09709821428571429,0.5014880952380952,0.0625,0.6436781609195402,0.12462908011869436,1.2835362734063234,0.11658570437196392
Spatial_Reach_and_Route__x__Speed_Dynamics=Uncommon Spatial_Reach_and_Route,Spatial_Reach_and_Route__x__Turning_Dynamics=Uncommon Spatial_Reach_and_Route,261,311,93,0.09709821428571429,0.11569940476190477,0.03459821428571429,0.3563218390804598,0.2990353697749196,3.079720589865839,0.1941544885177453
Spatial_Reach_and_Route__x__Speed_Dynamics=Uncommon Spatial_Reach_and_Route,Speed_Dynamics__x__Temporal_Sequential_Context=Hybrid,261,1412,63,0.09709821428571429,0.5252976190476191,0.0234375,0.2413793103448276,0.04461756373937677,0.4595096219595584,0.0391304347826087
Spatial_Reach_and_Route__x__Speed_Dynamics=Uncommon Spatial_Reach_and_Route,Speed_Dynamics__x__Temporal_Sequential_Context=Normal,261,735,92,0.09709821428571429,0.2734375,0.03422619047619048,0.3524904214559387,0.1251700680272109,1.2891078270388616,0.10176991150442478
Spatial_Reach_and_Route__x__Speed_Dynamics=Uncommon Spatial_Reach_and_Route,Speed_Dynamics__x__Temporal_Sequential_Context=Uncommon Temporal_Sequential_Context,261,269,106,0.09709821428571429,0.10007440476190477,0.03943452380952381,0.4061302681992337,0.3940520446096654,4.058283126094945,0.25
Spatial_Reach_and_Route__x__Speed_Dynamics=Uncommon Spatial_Reach_and_Route,Speed_Dynamics__x__Turning_Dynamics=Hybrid,261,1377,38,0.09709821428571429,0.5122767857142857,0.014136904761904762,0.14559386973180077,0.027596223674655047,0.2842093840516198,0.02375
Spatial_Reach_and_Route__x__Speed_Dynamics=Uncommon Spatial_Reach_and_Route,Speed_Dynamics__x__Turning_Dynamics=Normal,261,709,139,0.09709821428571429,0.26376488095238093,0.05171130952380952,0.5325670498084292,0.19605077574047955,2.0190976444076973,0.16726835138387486
Spatial_Reach_and_Route__x__Speed_Dynamics=Uncommon Spatial_Reach_and_Route,Speed_Dynamics__x__Turning_Dynamics=Uncommon Turning_Dynamics,261,301,84,0.09709821428571429,0.11197916666666667,0.03125,0.3218390804597701,0.27906976744186046,2.874097834803528,0.17573221757322174
Spatial_Reach_and_Route__x__Speed_Dynamics=Uncommon Spatial_Reach_and_Route,Temporal_Sequential_Context__x__Turning_Dynamics=Hybrid,261,1386,159,0.09709821428571429,0.515625,0.05915178571428571,0.6091954022988506,0.11471861471861472,1.1814698711250435,0.10685483870967742
Spatial_Reach_and_Route__x__Speed_Dynamics=Uncommon Spatial_Reach_and_Route,Temporal_Sequential_Context__x__Turning_Dynamics=Normal,261,714,47,0.09709821428571429,0.265625,0.017485119047619048,0.18007662835249041,0.06582633053221289,0.6779355420329052,0.05064655172413793
Spatial_Reach_and_Route__x__Speed_Dynamics=Uncommon Spatial_Reach_and_Route,Temporal_Sequential_Context__x__Turning_Dynamics=Uncommon Temporal_Sequential_Context,261,284,36,0.09709821428571429,0.1056547619047619,0.013392857142857142,0.13793103448275862,0.1267605633802817,1.3054881010199124,0.07072691552062868
Spatial_Reach_and_Route__x__Speed_Dynamics=Uncommon Spatial_Reach_and_Route,Temporal_Sequential_Context__x__Turning_Dynamics=Uncommon Turning_Dynamics,261,304,19,0.09709821428571429,0.1130952380952381,0.007068452380952381,0.07279693486590039,0.0625,0.6436781609195402,0.0347985347985348
Spatial_Reach_and_Route__x__Speed_Dynamics=Uncommon Speed_Dynamics,Spatial_Reach_and_Route__x__Temporal_Sequential_Context=Hybrid,295,1448,46,0.10974702380952381,0.5386904761904762,0.01711309523809524,0.15593220338983052,0.031767955801104975,0.2894653057402379,0.027106658809664112
Spatial_Reach_and_Route__x__Speed_Dynamics=Uncommon Speed_Dynamics,Spatial_Reach_and_Route__x__Temporal_Sequential_Context=Normal,295,811,175,0.10974702380952381,0.30171130952380953,0.06510416666666667,0.5932203389830508,0.2157829839704069,1.966185291228657,0.18796992481203006
Spatial_Reach_and_Route__x__Speed_Dynamics=Uncommon Speed_Dynamics,Spatial_Reach_and_Route__x__Temporal_Sequential_Context=Uncommon Temporal_Sequential_Context,295,238,74,0.10974702380952381,0.08854166666666667,0.027529761904761904,0.25084745762711863,0.31092436974789917,2.8331006979062807,0.16122004357298475
Spatial_Reach_and_Route__x__Speed_Dynamics=Uncommon Speed_Dynamics,Spatial_Reach_and_Route__x__Turning_Dynamics=Hybrid,295,1348,52,0.10974702380952381,0.5014880952380952,0.019345238095238096,0.17627118644067796,0.03857566765578635,0.35149625308052107,0.03268384663733501
Spatial_Reach_and_Route__x__Speed_Dynamics=Uncommon Speed_Dynamics,Spatial_Reach_and_Route__x__Turning_Dynamics=Normal,295,697,147,0.10974702380952381,0.25930059523809523,0.0546875,0.49830508474576274,0.2109038737446198,1.9217275004255525,0.1739644970414201
Spatial_Reach_and_Route__x__Speed_Dynamics=Uncommon Speed_Dynamics,Spatial_Reach_and_Route__x__Turning_Dynamics=Uncommon Turning_Dynamics,295,332,96,0.10974702380952381,0.12351190476190477,0.03571428571428571,0.3254237288135593,0.2891566265060241,2.634755973044721,0.1807909604519774
Spatial_Reach_and_Route__x__Speed_Dynamics=Uncommon Speed_Dynamics,Speed_Dynamics__x__Temporal_Sequential_Context=Hybrid,295,1412,175,0.10974702380952381,0.5252976190476191,0.06510416666666667,0.5932203389830508,0.12393767705382436,1.1293033082056947,0.11422976501305483
Spatial_Reach_and_Route__x__Speed_Dynamics=Uncommon Speed_Dynamics,Speed_Dynamics__x__Temporal_Sequential_Context=Uncommon Speed_Dynamics,295,272,120,0.10974702380952381,0.10119047619047619,0.044642857142857144,0.4067796610169492,0.4411764705882353,4.019940179461615,0.2684563758389262
Spatial_Reach_and_Route__x__Speed_Dynamics=Uncommon Speed_Dynamics,Speed_Dynamics__x__Turning_Dynamics=Hybrid,295,1377,202,0.10974702380952381,0.5122767857142857,0.07514880952380952,0.6847457627118644,0.1466957153231663,1.3366714670802406,0.13741496598639455
Spatial_Reach_and_Route__x__Speed_Dynamics=Uncommon Speed_Dynamics,Speed_Dynamics__x__Turning_Dynamics=Uncommon Speed_Dynamics,295,301,93,0.10974702380952381,0.11197916666666667,0.03459821428571429,0.3152542372881356,0.3089700996677741,2.8152936539219553,0.1848906560636183
Spatial_Reach_and_Route__x__Speed_Dynamics=Uncommon Speed_Dynamics,Temporal_Sequential_Context__x__Turning_Dynamics=Hybrid,295,1386,136,0.10974702380952381,0.515625,0.050595238095238096,0.4610169491525424,0.09812409812409813,0.8940934771443246,0.08802588996763754
Spatial_Reach_and_Route__x__Speed_Dynamics=Uncommon Speed_Dynamics,Temporal_Sequential_Context__x__Turning_Dynamics=Normal,295,714,101,0.10974702380952381,0.265625,0.03757440476190476,0.3423728813559322,0.14145658263305322,1.2889332003988037,0.11123348017621146
Spatial_Reach_and_Route__x__Speed_Dynamics=Uncommon Speed_Dynamics,Temporal_Sequential_Context__x__Turning_Dynamics=Uncommon Temporal_Sequential_Context,295,284,23,0.10974702380952381,0.1056547619047619,0.00855654761904762,0.07796610169491526,0.08098591549295775,0.7379326808307473,0.04136690647482014
Spatial_Reach_and_Route__x__Speed_Dynamics=Uncommon Speed_Dynamics,Temporal_Sequential_Context__x__Turning_Dynamics=Uncommon Turning_Dynamics,295,304,35,0.10974702380952381,0.1130952380952381,0.013020833333333334,0.11864406779661017,0.11513157894736842,1.0490633363068689,0.06205673758865248
Spatial_Reach_and_Route__x__Temporal_Sequential_Context=Hybrid,Spatial_Reach_and_Route__x__Turning_Dynamics=Hybrid,1448,1348,1003,0.5386904761904762,0.5014880952380952,0.37313988095238093,0.6926795580110497,0.7440652818991098,1.3812482581110548,0.5593976575571667
Spatial_Reach_and_Route__x__Temporal_Sequential_Context=Hybrid,Spatial_Reach_and_Route__x__Turning_Dynamics=Normal,1448,697,148,0.5386904761904762,0.25930059523809523,0.05505952380952381,0.10220994475138122,0.21233859397417504,0.3941755114658719,0.07411116675012519
Spatial_Reach_and_Route__x__Temporal_Sequential_Context=Hybrid,Spatial_Reach_and_Route__x__Turning_Dynamics=Uncommon Spatial_Reach_and_Route,1448,311,246,0.5386904761904762,0.11569940476190477,0.09151785714285714,0.16988950276243095,0.7909967845659164,1.4683697216251266,0.1625908790482485
Spatial_Reach_and_Route__x__Temporal_Sequential_Context=Hybrid,Spatial_Reach_and_Route__x__Turning_Dynamics=Uncommon Turning_Dynamics,1448,332,51,0.5386904761904762,0.12351190476190477,0.018973214285714284,0.03522099447513812,0.1536144578313253,0.28516275044931105,0.029496818970503182
Spatial_Reach_and_Route__x__Temporal_Sequential_Context=Hybrid,Speed_Dynamics__x__Temporal_Sequential_Context=Hybrid,1448,1412,1038,0.5386904761904762,0.5252976190476191,0.3861607142857143,0.7168508287292817,0.7351274787535411,1.364656535144695,0.5697036223929748
Spatial_Reach_and_Route__x__Temporal_Sequential_Context=Hybrid,Speed_Dynamics__x__Temporal_Sequential_Context=Normal,1448,735,161,0.5386904761904762,0.2734375,0.059895833333333336,0.1111878453038674,0.21904761904761905,0.40662983425414373,0.07962413452027696
Spatial_Reach_and_Route__x__Temporal_Sequential_Context=Hybrid,Speed_Dynamics__x__Temporal_Sequential_Context=Uncommon Speed_Dynamics,1448,272,50,0.5386904761904762,0.10119047619047619,0.018601190476190476,0.034530386740331494,0.18382352941176472,0.34124146896327595,0.029940119760479042
Spatial_Reach_and_Route__x__Temporal_Sequential_Context=Hybrid,Speed_Dynamics__x__Temporal_Sequential_Context=Uncommon Temporal_Sequential_Context,1448,269,199,0.5386904761904762,0.10007440476190477,0.0740327380952381,0.13743093922651933,0.7397769516728625,1.3732876008954793,0.1310935441370224
Spatial_Reach_and_Route__x__Temporal_Sequential_Context=Hybrid,Speed_Dynamics__x__Turning_Dynamics=Hybrid,1448,1377,806,0.5386904761904762,0.5122767857142857,0.29985119047619047,0.5566298342541437,0.5853304284676834,1.086580242901335,0.3992075284794453
Spatial_Reach_and_Route__x__Temporal_Sequential_Context=Hybrid,Speed_Dynamics__x__Turning_Dynamics=Normal,1448,709,347,0.5386904761904762,0.26376488095238093,0.12909226190476192,0.23964088397790057,0.4894217207334274,0.908539768875313,0.19171270718232045
Spatial_Reach_and_Route__x__Temporal_Sequential_Context=Hybrid,Speed_Dynamics__x__Turning_Dynamics=Uncommon Speed_Dynamics,1448,301,163,0.5386904761904762,0.11197916666666667,0.06063988095238095,0.11256906077348067,0.5415282392026578,1.005267891558525,0.10277427490542244
Spatial_Reach_and_Route__x__Temporal_Sequential_Context=Hybrid,Speed_Dynamics__x__Turning_Dynamics=Uncommon Turning_Dynamics,1448,301,132,0.5386904761904762,0.11197916666666667,0.049107142857142856,0.09116022099447514,0.43853820598006643,0.814081973532057,0.08163265306122448
Spatial_Reach_and_Route__x__Temporal_Sequential_Context=Hybrid,Temporal_Sequential_Context__x__Turning_Dynamics=Hybrid,1448,1386,1008,0.5386904761904762,0.515625,0.375,0.6961325966850829,0.7272727272727273,1.3500753390256155,0.552026286966046
Spatial_Reach_and_Route__x__Temporal_Sequential_Context=Hybrid,Temporal_Sequential_Context__x__Turning_Dynamics=Normal,1448,714,174,0.5386904761904762,0.265625,0.06473214285714286,0.12016574585635359,0.24369747899159663,0.452388690282743,0.0875251509054326
Spatial_Reach_and_Route__x__Temporal_Sequential_Context=Hybrid,Temporal_Sequential_Context__x__Turning_Dynamics=Uncommon Temporal_Sequential_Context,1448,284,218,0.5386904761904762,0.1056547619047619,0.08110119047619048,0.1505524861878453,0.7676056338028169,1.4249474749046767,0.14398943196829592
Spatial_Reach_and_Route__x__Temporal_Sequential_Context=Hybrid,Temporal_Sequential_Context__x__Turning_Dynamics=Uncommon Turning_Dynamics,1448,304,48,0.5386904761904762,0.1130952380952381,0.017857142857142856,0.03314917127071823,0.15789473684210525,0.29310846176214017,0.028169014084507043
Spatial_Reach_and_Route__x__Temporal_Sequential_Context=Normal,Spatial_Reach_and_Route__x__Turning_Dynamics=Hybrid,811,1348,177,0.30171130952380953,0.5014880952380952,0.06584821428571429,0.218249075215783,0.13130563798219586,0.4352029036943803,0.08930373360242179
Spatial_Reach_and_Route__x__Temporal_Sequential_Context=Normal,Spatial_Reach_and_Route__x__Turning_Dynamics=Normal,811,697,444,0.30171130952380953,0.25930059523809523,0.16517857142857142,0.5474722564734895,0.6370157819225251,2.111342073745681,0.41729323308270677
Spatial_Reach_and_Route__x__Temporal_Sequential_Context=Normal,Spatial_Reach_and_Route__x__Turning_Dynamics=Uncommon Turning_Dynamics,811,332,190,0.30171130952380953,0.12351190476190477,0.07068452380952381,0.2342786683107275,0.572289156626506,1.8968104229495042,0.1993704092339979
Spatial_Reach_and_Route__x__Temporal_Sequential_Context=Normal,Speed_Dynamics__x__Temporal_Sequential_Context=Hybrid,811,1412,166,0.30171130952380953,0.5252976190476191,0.061755952380952384,0.20468557336621454,0.11756373937677053,0.3896563889577795,0.08070004861448711
Spatial_Reach_and_Route__x__Temporal_Sequential_Context=Normal,Speed_Dynamics__x__Temporal_Sequential_Context=Normal,811,735,481,0.30171130952380953,0.2734375,0.17894345238095238,0.593094944512947,0.654421768707483,2.169032939933063,0.4516431924882629
Spatial_Reach_and_Route__x__Temporal_Sequential_Context=Normal,Speed_Dynamics__x__Temporal_Sequential_Context=Uncommon Speed_Dynamics,811,272,164,0.30171130952380953,0.10119047619047619,0.06101190476190476,0.20221948212083848,0.6029411764705882,1.9984042939000506,0.17845484221980412
Spatial_Reach_and_Route__x__Temporal_Sequential_Context=Normal,Speed_Dynamics__x__Turning_Dynamics=Hybrid,811,1377,345,0.30171130952380953,0.5122767857142857,0.12834821428571427,0.4254007398273736,0.25054466230936817,0.8304119017109514,0.187194791101465
Spatial_Reach_and_Route__x__Temporal_Sequential_Context=Normal,Speed_Dynamics__x__Turning_Dynamics=Normal,811,709,257,0.30171130952380953,0.26376488095238093,0.09561011904761904,0.31689272503082616,0.3624823695345557,1.201421219862991,0.2034837688044339
Spatial_Reach_and_Route__x__Temporal_Sequential_Context=Normal,Speed_Dynamics__x__Turning_Dynamics=Uncommon Speed_Dynamics,811,301,97,0.30171130952380953,0.11197916666666667,0.03608630952380952,0.11960542540073983,0.3222591362126246,1.068104264043816,0.09556650246305419
Spatial_Reach_and_Route__x__Temporal_Sequential_Context=Normal,Speed_Dynamics__x__Turning_Dynamics=Uncommon Turning_Dynamics,811,301,112,0.30171130952380953,0.11197916666666667,0.041666666666666664,0.1381011097410604,0.37209302325581395,1.2332750265248187,0.112
Spatial_Reach_and_Route__x__Temporal_Sequential_Context=Normal,Temporal_Sequential_Context__x__Turning_Dynamics=Hybrid,811,1386,173,0.30171130952380953,0.515625,0.06436011904761904,0.21331689272503082,0.12481962481962482,0.41370548892127185,0.08547430830039526
Spatial_Reach_and_Route__x__Temporal_Sequential_Context=Normal,Temporal_Sequential_Context__x__Turning_Dynamics=Normal,811,714,444,0.30171130952380953,0.265625,0.16517857142857142,0.5474722564734895,0.6218487394957983,2.061072024370784,0.4107308048103608
Spatial_Reach_and_Route__x__Temporal_Sequential_Context=Normal,Temporal_Sequential_Context__x__Turning_Dynamics=Uncommon Turning_Dynamics,811,304,194,0.30171130952380953,0.1130952380952381,0.07217261904761904,0.23921085080147966,0.6381578947368421,2.115127522876241,0.21064060803474485
Spatial_Reach_and_Route__x__Temporal_Sequential_Context=Uncommon Spatial_Reach_and_Route,Spatial_Reach_and_Route__x__Turning_Dynamics=Hybrid,191,1348,126,0.07105654761904762,0.5014880952380952,0.046875,0.6596858638743456,0.09347181008902077,1.3154566781114547,0.08917197452229299
Spatial_Reach_and_Route__x__Temporal_Sequential_Context=Uncommon Spatial_Reach_and_Route,Spatial_Reach_and_Route__x__Turning_Dynamics=Uncommon Spatial_Reach_and_Route,191,311,65,0.07105654761904762,0.11569940476190477,0.02418154761904762,0.3403141361256545,0.2090032154340836,2.9413646234911868,0.14874141876430205
Spatial_Reach_and_Route__x__Temporal_Sequential_Context=Uncommon Spatial_Reach_and_Route,Speed_Dynamics__x__Temporal_Sequential_Context=Hybrid,191,1412,40,0.07105654761904762,0.5252976190476191,0.01488095238095238,0.2094240837696335,0.028328611898016998,0.39867700932916067,0.025591810620601407
Spatial_Reach_and_Route__x__Temporal_Sequential_Context=Uncommon Spatial_Reach_and_Route,Speed_Dynamics__x__Temporal_Sequential_Context=Normal,191,735,93,0.07105654761904762,0.2734375,0.03459821428571429,0.4869109947643979,0.12653061224489795,1.7807030665669412,0.11164465786314526
Spatial_Reach_and_Route__x__Temporal_Sequential_Context=Uncommon Spatial_Reach_and_Route,Speed_Dynamics__x__Temporal_Sequential_Context=Uncommon Speed_Dynamics,191,272,58,0.07105654761904762,0.10119047619047619,0.021577380952380952,0.3036649214659686,0.21323529411764705,3.0009239297813366,0.14320987654320988
Spatial_Reach_and_Route__x__Temporal_Sequential_Context=Uncommon Spatial_Reach_and_Route,Speed_Dynamics__x__Turning_Dynamics=Hybrid,191,1377,97,0.07105654761904762,0.5122767857142857,0.03608630952380952,0.5078534031413613,0.07044299201161947,0.9913652488336813,0.06594153636981645
Spatial_Reach_and_Route__x__Temporal_Sequential_Context=Uncommon Spatial_Reach_and_Route,Speed_Dynamics__x__Turning_Dynamics=Normal,191,709,48,0.07105654761904762,0.26376488095238093,0.017857142857142856,0.2513089005235602,0.06770098730606489,0.9527761983178136,0.056338028169014086
Spatial_Reach_and_Route__x__Temporal_Sequential_Context=Uncommon Spatial_Reach_and_Route,Speed_Dynamics__x__Turning_Dynamics=Uncommon Speed_Dynamics,191,301,22,0.07105654761904762,0.11197916666666667,0.00818452380952381,0.11518324607329843,0.07308970099667775,1.0286131742359674,0.04680851063829787
Spatial_Reach_and_Route__x__Temporal_Sequential_Context=Uncommon Spatial_Reach_and_Route,Speed_Dynamics__x__Turning_Dynamics=Uncommon Turning_Dynamics,191,301,24,0.07105654761904762,0.11197916666666667,0.008928571428571428,0.1256544502617801,0.07973421926910298,1.1221234628028733,0.05128205128205128
Spatial_Reach_and_Route__x__Temporal_Sequential_Context=Uncommon Spatial_Reach_and_Route,Temporal_Sequential_Context__x__Turning_Dynamics=Hybrid,191,1386,33,0.07105654761904762,0.515625,0.012276785714285714,0.17277486910994763,0.023809523809523808,0.33507853403141363,0.021373056994818652
Spatial_Reach_and_Route__x__Temporal_Sequential_Context=Uncommon Spatial_Reach_and_Route,Temporal_Sequential_Context__x__Turning_Dynamics=Normal,191,714,96,0.07105654761904762,0.265625,0.03571428571428571,0.5026178010471204,0.13445378151260504,1.8922081921773943,0.11866501854140915
Spatial_Reach_and_Route__x__Temporal_Sequential_Context=Uncommon Spatial_Reach_and_Route,Temporal_Sequential_Context__x__Turning_Dynamics=Uncommon Turning_Dynamics,191,304,62,0.07105654761904762,0.1130952380952381,0.023065476190476192,0.32460732984293195,0.20394736842105263,2.87021217966382,0.14318706697459585
Spatial_Reach_and_Route__x__Temporal_Sequential_Context=Uncommon Temporal_Sequential_Context,Spatial_Reach_and_Route__x__Turning_Dynamics=Hybrid,238,1348,42,0.08854166666666667,0.5014880952380952,0.015625,0.17647058823529413,0.03115727002967359,0.3518938732763135,0.027202072538860103
Spatial_Reach_and_Route__x__Temporal_Sequential_Context=Uncommon Temporal_Sequential_Context,Spatial_Reach_and_Route__x__Turning_Dynamics=Normal,238,697,105,0.08854166666666667,0.25930059523809523,0.0390625,0.4411764705882353,0.15064562410329985,1.701409401637269,0.12650602409638553
Spatial_Reach_and_Route__x__Temporal_Sequential_Context=Uncommon Temporal_Sequential_Context,Spatial_Reach_and_Route__x__Turning_Dynamics=Uncommon Turning_Dynamics,238,332,91,0.08854166666666667,0.12351190476190477,0.033854166666666664,0.38235294117647056,0.2740963855421687,3.0956768249468456,0.18997912317327767
Spatial_Reach_and_Route__x__Temporal_Sequential_Context=Uncommon Temporal_Sequential_Context,Speed_Dynamics__x__Temporal_Sequential_Context=Hybrid,238,1412,168,0.08854166666666667,0.5252976190476191,0.0625,0.7058823529411765,0.11898016997167139,1.343776037327112,0.11336032388663968
Spatial_Reach_and_Route__x__Temporal_Sequential_Context=Uncommon Temporal_Sequential_Context,Speed_Dynamics__x__Temporal_Sequential_Context=Uncommon Temporal_Sequential_Context,238,269,70,0.08854166666666667,0.10007440476190477,0.026041666666666668,0.29411764705882354,0.26022304832713755,2.938989722282965,0.16018306636155608
Spatial_Reach_and_Route__x__Temporal_Sequential_Context=Uncommon Temporal_Sequential_Context,Speed_Dynamics__x__Turning_Dynamics=Hybrid,238,1377,129,0.08854166666666667,0.5122767857142857,0.04799107142857143,0.542016806722689,0.09368191721132897,1.0580545943867745,0.08681022880215343
Spatial_Reach_and_Route__x__Temporal_Sequential_Context=Uncommon Temporal_Sequential_Context,Speed_Dynamics__x__Turning_Dynamics=Normal,238,709,57,0.08854166666666667,0.26376488095238093,0.021205357142857144,0.23949579831932774,0.08039492242595205,0.9079897121048702,0.06404494382022471
Spatial_Reach_and_Route__x__Temporal_Sequential_Context=Uncommon Temporal_Sequential_Context,Speed_Dynamics__x__Turning_Dynamics=Uncommon Speed_Dynamics,238,301,19,0.08854166666666667,0.11197916666666667,0.007068452380952381,0.07983193277310924,0.06312292358803986,0.7129177252296267,0.03653846153846154
Spatial_Reach_and_Route__x__Temporal_Sequential_Context=Uncommon Temporal_Sequential_Context,Speed_Dynamics__x__Turning_Dynamics=Uncommon Turning_Dynamics,238,301,33,0.08854166666666667,0.11197916666666667,0.012276785714285714,0.13865546218487396,0.10963455149501661,1.2382255227672463,0.06521739130434782
Spatial_Reach_and_Route__x__Temporal_Sequential_Context=Uncommon Temporal_Sequential_Context,Temporal_Sequential_Context__x__Turning_Dynamics=Hybrid,238,1386,172,0.08854166666666667,0.515625,0.06398809523809523,0.7226890756302521,0.1240981240981241,1.4015788133435192,0.1184573002754821
Spatial_Reach_and_Route__x__Temporal_Sequential_Context=Uncommon Temporal_Sequential_Context,Temporal_Sequential_Context__x__Turning_Dynamics=Uncommon Temporal_Sequential_Context,238,284,66,0.08854166666666667,0.1056547619047619,0.024553571428571428,0.2773109243697479,0.2323943661971831,2.6246893123446564,0.14473684210526316
Spatial_Reach_and_Route__x__Turning_Dynamics=Hybrid,Speed_Dynamics__x__Temporal_Sequential_Context=Hybrid,1348,1412,778,0.5014880952380952,0.5252976190476191,0.28943452380952384,0.5771513353115727,0.5509915014164306,1.0987130235959686,0.39253279515640765
Spatial_Reach_and_Route__x__Turning_Dynamics=Hybrid,Speed_Dynamics__x__Temporal_Sequential_Context=Normal,1348,735,309,0.5014880952380952,0.2734375,0.11495535714285714,0.22922848664688428,0.4204081632653061,0.8383213225943197,0.1741826381059752
Spatial_Reach_and_Route__x__Turning_Dynamics=Hybrid,Speed_Dynamics__x__Temporal_Sequential_Context=Uncommon Speed_Dynamics,1348,272,120,0.5014880952380952,0.10119047619047619,0.044642857142857144,0.08902077151335312,0.4411764705882353,0.8797346831907837,0.08
Spatial_Reach_and_Route__x__Turning_Dynamics=Hybrid,Speed_Dynamics__x__Temporal_Sequential_Context=Uncommon Temporal_Sequential_Context,1348,269,141,0.5014880952380952,0.10007440476190477,0.052455357142857144,0.10459940652818991,0.5241635687732342,1.0452163745270426,0.09552845528455285
Spatial_Reach_and_Route__x__Turning_Dynamics=Hybrid,Speed_Dynamics__x__Turning_Dynamics=Hybrid,1348,1377,949,0.5014880952380952,0.5122767857142857,0.35305059523809523,0.7040059347181009,0.6891793754538853,1.3742686655935041,0.5343468468468469
Spatial_Reach_and_Route__x__Turning_Dynamics=Hybrid,Speed_Dynamics__x__Turning_Dynamics=Normal,1348,709,171,0.5014880952380952,0.26376488095238093,0.06361607142857142,0.12685459940652818,0.24118476727785615,0.4809381709516894,0.09066808059384941
Spatial_Reach_and_Route__x__Turning_Dynamics=Hybrid,Speed_Dynamics__x__Turning_Dynamics=Uncommon Speed_Dynamics,1348,301,42,0.5014880952380952,0.11197916666666667,0.015625,0.03115727002967359,0.13953488372093023,0.27824166724173627,0.02613565650280025
Spatial_Reach_and_Route__x__Turning_Dynamics=Hybrid,Speed_Dynamics__x__Turning_Dynamics=Uncommon Turning_Dynamics,1348,301,186,0.5014880952380952,0.11197916666666667,0.06919642857142858,0.13798219584569732,0.6179401993355482,1.232213097784832,0.127136021872864
Spatial_Reach_and_Route__x__Turning_Dynamics=Hybrid,Temporal_Sequential_Context__x__Turning_Dynamics=Hybrid,1348,1386,965,0.5014880952380952,0.515625,0.35900297619047616,0.7158753709198813,0.6962481962481962,1.3883643557234062,0.5455059355568117
Spatial_Reach_and_Route__x__Turning_Dynamics=Hybrid,Temporal_Sequential_Context__x__Turning_Dynamics=Normal,1348,714,150,0.5014880952380952,0.265625,0.05580357142857143,0.11127596439169139,0.21008403361344538,0.41892127770989707,0.07845188284518828
Spatial_Reach_and_Route__x__Turning_Dynamics=Hybrid,Temporal_Sequential_Context__x__Turning_Dynamics=Uncommon Temporal_Sequential_Context,1348,284,58,0.5014880952380952,0.1056547619047619,0.021577380952380952,0.04302670623145401,0.20422535211267606,0.40723868433150834,0.036848792884371026
Spatial_Reach_and_Route__x__Turning_Dynamics=Hybrid,Temporal_Sequential_Context__x__Turning_Dynamics=Uncommon Turning_Dynamics,1348,304,175,0.5014880952380952,0.1130952380952381,0.06510416666666667,0.1298219584569733,0.5756578947368421,1.1478994221458694,0.11848341232227488
Spatial_Reach_and_Route__x__Turning_Dynamics=Normal,Speed_Dynamics__x__Temporal_Sequential_Context=Hybrid,697,1412,283,0.25930059523809523,0.5252976190476191,0.1052827380952381,0.406025824964132,0.20042492917847027,0.7729443466739283,0.15498357064622126
Spatial_Reach_and_Route__x__Turning_Dynamics=Normal,Speed_Dynamics__x__Temporal_Sequential_Context=Normal,697,735,257,0.25930059523809523,0.2734375,0.09561011904761904,0.36872309899569583,0.34965986394557824,1.3484730477556874,0.21872340425531914
Spatial_Reach_and_Route__x__Turning_Dynamics=Normal,Speed_Dynamics__x__Temporal_Sequential_Context=Uncommon Speed_Dynamics,697,272,90,0.25930059523809523,0.10119047619047619,0.033482142857142856,0.1291248206599713,0.33088235294117646,1.2760570512279517,0.10238907849829351
Spatial_Reach_and_Route__x__Turning_Dynamics=Normal,Speed_Dynamics__x__Temporal_Sequential_Context=Uncommon Temporal_Sequential_Context,697,269,67,0.25930059523809523,0.10007440476190477,0.02492559523809524,0.09612625538020086,0.24907063197026022,0.960547860453457,0.07452725250278086
Spatial_Reach_and_Route__x__Turning_Dynamics=Normal,Speed_Dynamics__x__Turning_Dynamics=Hybrid,697,1377,156,0.25930059523809523,0.5122767857142857,0.05803571428571429,0.22381635581061693,0.11328976034858387,0.4369051302969778,0.08133472367049009
Spatial_Reach_and_Route__x__Turning_Dynamics=Normal,Speed_Dynamics__x__Turning_Dynamics=Normal,697,709,396,0.25930059523809523,0.26376488095238093,0.14732142857142858,0.5681492109038737,0.5585331452750353,2.1539987008598205,0.3920792079207921
Spatial_Reach_and_Route__x__Turning_Dynamics=Normal,Speed_Dynamics__x__Turning_Dynamics=Uncommon Speed_Dynamics,697,301,145,0.25930059523809523,0.11197916666666667,0.053943452380952384,0.20803443328550933,0.48172757475083056,1.8577958693403624,0.16998827667057445
Spatial_Reach_and_Route__x__Turning_Dynamics=Normal,Temporal_Sequential_Context__x__Turning_Dynamics=Hybrid,697,1386,137,0.25930059523809523,0.515625,0.050967261904761904,0.19655667144906744,0.09884559884559885,0.38120081735576716,0.07040082219938334
Spatial_Reach_and_Route__x__Turning_Dynamics=Normal,Temporal_Sequential_Context__x__Turning_Dynamics=Normal,697,714,444,0.25930059523809523,0.265625,0.16517857142857142,0.6370157819225251,0.6218487394957983,2.3981770613553888,0.4591520165460186
Spatial_Reach_and_Route__x__Turning_Dynamics=Normal,Temporal_Sequential_Context__x__Turning_Dynamics=Uncommon Temporal_Sequential_Context,697,284,116,0.25930059523809523,0.1056547619047619,0.043154761904761904,0.16642754662840745,0.4084507042253521,1.575201568088589,0.13410404624277455
Spatial_Reach_and_Route__x__Turning_Dynamics=Uncommon Spatial_Reach_and_Route,Speed_Dynamics__x__Temporal_Sequential_Context=Hybrid,311,1412,193,0.11569940476190477,0.5252976190476191,0.07180059523809523,0.6205787781350482,0.136685552407932,1.181385096053123,0.1261437908496732
Spatial_Reach_and_Route__x__Turning_Dynamics=Uncommon Spatial_Reach_and_Route,Speed_Dynamics__x__Temporal_Sequential_Context=Normal,311,735,55,0.11569940476190477,0.2734375,0.020461309523809524,0.17684887459807075,0.07482993197278912,0.6467615985300872,0.055499495459132187
Spatial_Reach_and_Route__x__Turning_Dynamics=Uncommon Spatial_Reach_and_Route,Speed_Dynamics__x__Temporal_Sequential_Context=Uncommon Speed_Dynamics,311,272,27,0.11569940476190477,0.10119047619047619,0.010044642857142858,0.08681672025723473,0.09926470588235294,0.8579534707773785,0.048561151079136694
Spatial_Reach_and_Route__x__Turning_Dynamics=Uncommon Spatial_Reach_and_Route,Speed_Dynamics__x__Temporal_Sequential_Context=Uncommon Temporal_Sequential_Context,311,269,36,0.11569940476190477,0.10007440476190477,0.013392857142857142,0.1157556270096463,0.13382899628252787,1.156695633464421,0.0661764705882353
Spatial_Reach_and_Route__x__Turning_Dynamics=Uncommon Spatial_Reach_and_Route,Speed_Dynamics__x__Turning_Dynamics=Hybrid,311,1377,55,0.11569940476190477,0.5122767857142857,0.020461309523809524,0.17684887459807075,0.03994190268700073,0.3452213325487394,0.03368034292712799
Spatial_Reach_and_Route__x__Turning_Dynamics=Uncommon Spatial_Reach_and_Route,Speed_Dynamics__x__Turning_Dynamics=Normal,311,709,142,0.11569940476190477,0.26376488095238093,0.05282738095238095,0.4565916398713826,0.2002820874471086,1.7310554696393181,0.16173120728929385
Spatial_Reach_and_Route__x__Turning_Dynamics=Uncommon Spatial_Reach_and_Route,Speed_Dynamics__x__Turning_Dynamics=Uncommon Speed_Dynamics,311,301,114,0.11569940476190477,0.11197916666666667,0.04241071428571429,0.3665594855305466,0.3787375415282392,3.273461452179765,0.2289156626506024
Spatial_Reach_and_Route__x__Turning_Dynamics=Uncommon Spatial_Reach_and_Route,Temporal_Sequential_Context__x__Turning_Dynamics=Hybrid,311,1386,81,0.11569940476190477,0.515625,0.030133928571428572,0.2604501607717042,0.05844155844155844,0.5051154633148203,0.05012376237623763
Spatial_Reach_and_Route__x__Turning_Dynamics=Uncommon Spatial_Reach_and_Route,Temporal_Sequential_Context__x__Turning_Dynamics=Normal,311,714,120,0.11569940476190477,0.265625,0.044642857142857144,0.3858520900321543,0.16806722689075632,1.452619633062228,0.13259668508287292
Spatial_Reach_and_Route__x__Turning_Dynamics=Uncommon Spatial_Reach_and_Route,Temporal_Sequential_Context__x__Turning_Dynamics=Uncommon Temporal_Sequential_Context,311,284,110,0.11569940476190477,0.1056547619047619,0.04092261904761905,0.3536977491961415,0.3873239436619718,3.347674471264888,0.2268041237113402
Spatial_Reach_and_Route__x__Turning_Dynamics=Uncommon Turning_Dynamics,Speed_Dynamics__x__Temporal_Sequential_Context=Hybrid,332,1412,158,0.12351190476190477,0.5252976190476191,0.058779761904761904,0.4759036144578313,0.11189801699716714,0.9059694870132087,0.09962168978562422
Spatial_Reach_and_Route__x__Turning_Dynamics=Uncommon Turning_Dynamics,Speed_Dynamics__x__Temporal_Sequential_Context=Normal,332,735,114,0.12351190476190477,0.2734375,0.04241071428571429,0.3433734939759036,0.15510204081632653,1.2557659208261618,0.11962224554039874
Spatial_Reach_and_Route__x__Turning_Dynamics=Uncommon Turning_Dynamics,Speed_Dynamics__x__Temporal_Sequential_Context=Uncommon Speed_Dynamics,332,272,35,0.12351190476190477,0.10119047619047619,0.013020833333333334,0.10542168674698796,0.12867647058823528,1.0418143160878808,0.061511423550087874
Spatial_Reach_and_Route__x__Turning_Dynamics=Uncommon Turning_Dynamics,Speed_Dynamics__x__Temporal_Sequential_Context=Uncommon Temporal_Sequential_Context,332,269,25,0.12351190476190477,0.10007440476190477,0.009300595238095238,0.07530120481927711,0.09293680297397769,0.7524521879338916,0.043402777777777776
Spatial_Reach_and_Route__x__Turning_Dynamics=Uncommon Turning_Dynamics,Speed_Dynamics__x__Turning_Dynamics=Hybrid,332,1377,217,0.12351190476190477,0.5122767857142857,0.08072916666666667,0.6536144578313253,0.15758896151053015,1.275900989579232,0.14544235924932977
Spatial_Reach_and_Route__x__Turning_Dynamics=Uncommon Turning_Dynamics,Speed_Dynamics__x__Turning_Dynamics=Uncommon Turning_Dynamics,332,301,115,0.12351190476190477,0.11197916666666667,0.042782738095238096,0.3463855421686747,0.38205980066445183,3.0933034463435134,0.222007722007722
Spatial_Reach_and_Route__x__Turning_Dynamics=Uncommon Turning_Dynamics,Temporal_Sequential_Context__x__Turning_Dynamics=Hybrid,332,1386,203,0.12351190476190477,0.515625,0.07552083333333333,0.6114457831325302,0.14646464646464646,1.1858342460752098,0.13399339933993398
Spatial_Reach_and_Route__x__Turning_Dynamics=Uncommon Turning_Dynamics,Temporal_Sequential_Context__x__Turning_Dynamics=Uncommon Turning_Dynamics,332,304,129,0.12351190476190477,0.1130952380952381,0.04799107142857143,0.3885542168674699,0.4243421052631579,3.43563728598605,0.25443786982248523
Speed_Dynamics__x__Temporal_Sequential_Context=Hybrid,Speed_Dynamics__x__Turning_Dynamics=Hybrid,1412,1377,987,0.5252976190476191,0.5122767857142857,0.3671875,0.6990084985835694,0.7167755991285403,1.3645133218537653,0.5477247502774695
Speed_Dynamics__x__Temporal_Sequential_Context=Hybrid,Speed_Dynamics__x__Turning_Dynamics=Normal,1412,709,175,0.5252976190476191,0.26376488095238093,0.06510416666666667,0.12393767705382436,0.2468265162200282,0.4698793736539914,0.08992805755395683
Speed_Dynamics__x__Temporal_Sequential_Context=Hybrid,Speed_Dynamics__x__Turning_Dynamics=Uncommon Speed_Dynamics,1412,301,204,0.5252976190476191,0.11197916666666667,0.07589285714285714,0.14447592067988668,0.6777408637873754,1.2902035707227089,0.13518886679920478
Speed_Dynamics__x__Temporal_Sequential_Context=Hybrid,Speed_Dynamics__x__Turning_Dynamics=Uncommon Turning_Dynamics,1412,301,46,0.5252976190476191,0.11197916666666667,0.01711309523809524,0.032577903682719546,0.15282392026578073,0.290928256143356,0.027594481103779243
Speed_Dynamics__x__Temporal_Sequential_Context=Hybrid,Temporal_Sequential_Context__x__Turning_Dynamics=Hybrid,1412,1386,982,0.5252976190476191,0.515625,0.36532738095238093,0.6954674220963173,0.7085137085137085,1.348785303459524,0.5407488986784141
Speed_Dynamics__x__Temporal_Sequential_Context=Hybrid,Temporal_Sequential_Context__x__Turning_Dynamics=Normal,1412,714,185,0.5252976190476191,0.265625,0.06882440476190477,0.13101983002832862,0.25910364145658266,0.4932511248125313,0.095311695002576
Speed_Dynamics__x__Temporal_Sequential_Context=Hybrid,Temporal_Sequential_Context__x__Turning_Dynamics=Uncommon Temporal_Sequential_Context,1412,284,193,0.5252976190476191,0.1056547619047619,0.07180059523809523,0.136685552407932,0.6795774647887324,1.2936998763116945,0.12840984697272123
Speed_Dynamics__x__Temporal_Sequential_Context=Hybrid,Temporal_Sequential_Context__x__Turning_Dynamics=Uncommon Turning_Dynamics,1412,304,52,0.5252976190476191,0.1130952380952381,0.019345238095238096,0.036827195467422094,0.17105263157894737,0.3256299388698375,0.03125
Speed_Dynamics__x__Temporal_Sequential_Context=Normal,Speed_Dynamics__x__Turning_Dynamics=Hybrid,735,1377,173,0.2734375,0.5122767857142857,0.06436011904761904,0.23537414965986395,0.12563543936092955,0.459466749662828,0.0892212480660134
Speed_Dynamics__x__Temporal_Sequential_Context=Normal,Speed_Dynamics__x__Turning_Dynamics=Normal,735,709,387,0.2734375,0.26376488095238093,0.14397321428571427,0.5265306122448979,0.5458392101551481,1.996211968567399,0.3661305581835383
Speed_Dynamics__x__Temporal_Sequential_Context=Normal,Speed_Dynamics__x__Turning_Dynamics=Uncommon Turning_Dynamics,735,301,175,0.2734375,0.11197916666666667,0.06510416666666667,0.23809523809523808,0.5813953488372093,2.12624584717608,0.2032520325203252
Speed_Dynamics__x__Temporal_Sequential_Context=Normal,Temporal_Sequential_Context__x__Turning_Dynamics=Hybrid,735,1386,177,0.2734375,0.515625,0.06584821428571429,0.24081632653061225,0.1277056277056277,0.4670377241805813,0.09104938271604938
Speed_Dynamics__x__Temporal_Sequential_Context=Normal,Temporal_Sequential_Context__x__Turning_Dynamics=Normal,735,714,387,0.2734375,0.265625,0.14397321428571427,0.5265306122448979,0.542016806722689,1.9822328931572628,0.3644067796610169
Speed_Dynamics__x__Temporal_Sequential_Context=Normal,Temporal_Sequential_Context__x__Turning_Dynamics=Uncommon Turning_Dynamics,735,304,171,0.2734375,0.1130952380952381,0.06361607142857142,0.23265306122448978,0.5625,2.057142857142857,0.19700460829493088
Speed_Dynamics__x__Temporal_Sequential_Context=Uncommon Speed_Dynamics,Speed_Dynamics__x__Turning_Dynamics=Hybrid,272,1377,175,0.10119047619047619,0.5122767857142857,0.06510416666666667,0.6433823529411765,0.1270878721859114,1.255927207484301,0.11872455902306649
Speed_Dynamics__x__Temporal_Sequential_Context=Uncommon Speed_Dynamics,Speed_Dynamics__x__Turning_Dynamics=Uncommon Speed_Dynamics,272,301,97,0.10119047619047619,0.11197916666666667,0.03608630952380952,0.35661764705882354,0.3222591362126246,3.1846785225718186,0.20378151260504201
Speed_Dynamics__x__Temporal_Sequential_Context=Uncommon Speed_Dynamics,Temporal_Sequential_Context__x__Turning_Dynamics=Hybrid,272,1386,49,0.10119047619047619,0.515625,0.018229166666666668,0.1801470588235294,0.03535353535353535,0.3493761140819964,0.030453697949036667
Speed_Dynamics__x__Temporal_Sequential_Context=Uncommon Speed_Dynamics,Temporal_Sequential_Context__x__Turning_Dynamics=Normal,272,714,142,0.10119047619047619,0.265625,0.05282738095238095,0.5220588235294118,0.19887955182072828,1.9653979238754324,0.16824644549763032
Speed_Dynamics__x__Temporal_Sequential_Context=Uncommon Speed_Dynamics,Temporal_Sequential_Context__x__Turning_Dynamics=Uncommon Turning_Dynamics,272,304,81,0.10119047619047619,0.1130952380952381,0.030133928571428572,0.2977941176470588,0.26644736842105265,2.6331269349845203,0.16363636363636364
Speed_Dynamics__x__Temporal_Sequential_Context=Uncommon Temporal_Sequential_Context,Speed_Dynamics__x__Turning_Dynamics=Hybrid,269,1377,42,0.10007440476190477,0.5122767857142857,0.015625,0.15613382899628253,0.030501089324618737,0.30478411934786304,0.026184538653366583
Speed_Dynamics__x__Temporal_Sequential_Context=Uncommon Temporal_Sequential_Context,Speed_Dynamics__x__Turning_Dynamics=Normal,269,709,147,0.10007440476190477,0.26376488095238093,0.0546875,0.5464684014869888,0.2073342736248237,2.071801217485227,0.17689530685920576
Speed_Dynamics__x__Temporal_Sequential_Context=Uncommon Temporal_Sequential_Context,Speed_Dynamics__x__Turning_Dynamics=Uncommon Turning_Dynamics,269,301,80,0.10007440476190477,0.11197916666666667,0.02976190476190476,0.29739776951672864,0.26578073089701,2.655831244056367,0.16326530612244897
Speed_Dynamics__x__Temporal_Sequential_Context=Uncommon Temporal_Sequential_Context,Temporal_Sequential_Context__x__Turning_Dynamics=Hybrid,269,1386,178,0.10007440476190477,0.515625,0.0662202380952381,0.6617100371747212,0.12842712842712842,1.2833164357327926,0.12051455653351388
Speed_Dynamics__x__Temporal_Sequential_Context=Uncommon Temporal_Sequential_Context,Temporal_Sequential_Context__x__Turning_Dynamics=Uncommon Temporal_Sequential_Context,269,284,91,0.10007440476190477,0.1056547619047619,0.033854166666666664,0.3382899628252788,0.3204225352112676,3.2018430284308077,0.19696969696969696
Speed_Dynamics__x__Turning_Dynamics=Hybrid,Temporal_Sequential_Context__x__Turning_Dynamics=Hybrid,1377,1386,965,0.5122767857142857,0.515625,0.35900297619047616,0.70079883805374,0.6962481962481962,1.3591250192557383,0.5367074527252503
Speed_Dynamics__x__Turning_Dynamics=Hybrid,Temporal_Sequential_Context__x__Turning_Dynamics=Normal,1377,714,176,0.5122767857142857,0.265625,0.06547619047619048,0.12781408859840232,0.24649859943977592,0.48118245119398523,0.09190600522193211
Speed_Dynamics__x__Turning_Dynamics=Hybrid,Temporal_Sequential_Context__x__Turning_Dynamics=Uncommon Temporal_Sequential_Context,1377,284,52,0.5122767857142857,0.1056547619047619,0.019345238095238096,0.03776325344952796,0.18309859154929578,0.35742121574764496,0.032318210068365445
Speed_Dynamics__x__Turning_Dynamics=Hybrid,Temporal_Sequential_Context__x__Turning_Dynamics=Uncommon Turning_Dynamics,1377,304,184,0.5122767857142857,0.1130952380952381,0.06845238095238096,0.1336238198983297,0.6052631578947368,1.1815158812062838,0.1229124916499666
Speed_Dynamics__x__Turning_Dynamics=Normal,Temporal_Sequential_Context__x__Turning_Dynamics=Hybrid,709,1386,186,0.26376488095238093,0.515625,0.06919642857142858,0.2623413258110014,0.1341991341991342,0.508783177330427,0.09743321110529073
Speed_Dynamics__x__Turning_Dynamics=Normal,Temporal_Sequential_Context__x__Turning_Dynamics=Normal,709,714,387,0.26376488095238093,0.265625,0.14397321428571427,0.5458392101551481,0.542016806722689,2.054924085289969,0.3735521235521235
Speed_Dynamics__x__Turning_Dynamics=Normal,Temporal_Sequential_Context__x__Turning_Dynamics=Uncommon Temporal_Sequential_Context,709,284,136,0.26376488095238093,0.1056547619047619,0.050595238095238096,0.1918194640338505,0.4788732394366197,1.8155307018415145,0.15869311551925322
Speed_Dynamics__x__Turning_Dynamics=Uncommon Speed_Dynamics,Temporal_Sequential_Context__x__Turning_Dynamics=Hybrid,301,1386,54,0.11197916666666667,0.515625,0.020089285714285716,0.17940199335548174,0.03896103896103896,0.3479311386288131,0.03306797305572566
Speed_Dynamics__x__Turning_Dynamics=Uncommon Speed_Dynamics,Temporal_Sequential_Context__x__Turning_Dynamics=Normal,301,714,151,0.11197916666666667,0.265625,0.05617559523809524,0.5016611295681063,0.211484593837535,1.8886066054328707,0.17476851851851852
Speed_Dynamics__x__Turning_Dynamics=Uncommon Speed_Dynamics,Temporal_Sequential_Context__x__Turning_Dynamics=Uncommon Temporal_Sequential_Context,301,284,96,0.11197916666666667,0.1056547619047619,0.03571428571428571,0.31893687707641194,0.3380281690140845,3.0186701604978707,0.19631901840490798
Speed_Dynamics__x__Turning_Dynamics=Uncommon Turning_Dynamics,Temporal_Sequential_Context__x__Turning_Dynamics=Hybrid,301,1386,181,0.11197916666666667,0.515625,0.06733630952380952,0.6013289036544851,0.1305916305916306,1.1662136313299103,0.1201859229747676
Speed_Dynamics__x__Turning_Dynamics=Uncommon Turning_Dynamics,Temporal_Sequential_Context__x__Turning_Dynamics=Uncommon Turning_Dynamics,301,304,120,0.11197916666666667,0.1130952380952381,0.044642857142857144,0.39867109634551495,0.39473684210526316,3.525091799265606,0.24742268041237114
