rule_id,target_item,positive_trajectory_id,counterexample_trajectory_id,counterexample_rank,fingerprint_matching_pair_count,fingerprint_comparison_pair_count,fingerprint_similarity,fingerprint_label_mismatch_count,antecedent_feature_distance,antecedent_nodes,target_nodes,antecedent_feature_count,comparison_feature_count
R00001,Acceleration__x__Indentation=Uncommon Acceleration,78,406,1,32,73,0.4383561643835616,41,5.852340813140861,Geometric;Kinematic;Indentation;Sampling_Gaps,Acceleration;Indentation,76,76
R00001,Acceleration__x__Indentation=Uncommon Acceleration,132,406,1,44,73,0.6027397260273972,29,5.235861107421925,Geometric;Kinematic;Indentation;Sampling_Gaps,Acceleration;Indentation,76,76
R00001,Acceleration__x__Indentation=Uncommon Acceleration,179,406,1,47,73,0.6438356164383562,26,5.177693160226753,Geometric;Kinematic;Indentation;Sampling_Gaps,Acceleration;Indentation,76,76
R00001,Acceleration__x__Indentation=Uncommon Acceleration,232,406,1,57,73,0.7808219178082192,16,9.329639474362471,Geometric;Kinematic;Indentation;Sampling_Gaps,Acceleration;Indentation,76,76
R00001,Acceleration__x__Indentation=Uncommon Acceleration,384,406,1,42,73,0.5753424657534246,31,73.50614091558855,Geometric;Kinematic;Indentation;Sampling_Gaps,Acceleration;Indentation,76,76
R00001,Acceleration__x__Indentation=Uncommon Acceleration,454,406,1,47,73,0.6438356164383562,26,18.227910788005335,Geometric;Kinematic;Indentation;Sampling_Gaps,Acceleration;Indentation,76,76
R00001,Acceleration__x__Indentation=Uncommon Acceleration,461,406,1,33,73,0.4520547945205479,40,5.357998271883203,Geometric;Kinematic;Indentation;Sampling_Gaps,Acceleration;Indentation,76,76
R00001,Acceleration__x__Indentation=Uncommon Acceleration,549,406,1,54,73,0.7397260273972602,19,111.74436712320826,Geometric;Kinematic;Indentation;Sampling_Gaps,Acceleration;Indentation,76,76
R00001,Acceleration__x__Indentation=Uncommon Acceleration,552,406,1,46,73,0.6301369863013698,27,10.312968834548217,Geometric;Kinematic;Indentation;Sampling_Gaps,Acceleration;Indentation,76,76
R00001,Acceleration__x__Indentation=Uncommon Acceleration,554,406,1,27,73,0.3698630136986301,46,22.306305461967014,Geometric;Kinematic;Indentation;Sampling_Gaps,Acceleration;Indentation,76,76
R00001,Acceleration__x__Indentation=Uncommon Acceleration,575,406,1,16,73,0.2191780821917808,57,4.844942222478623,Geometric;Kinematic;Indentation;Sampling_Gaps,Acceleration;Indentation,76,76
R00001,Acceleration__x__Indentation=Uncommon Acceleration,737,406,1,36,73,0.4931506849315068,37,37.445881132151705,Geometric;Kinematic;Indentation;Sampling_Gaps,Acceleration;Indentation,76,76
R00001,Acceleration__x__Indentation=Uncommon Acceleration,824,406,1,21,73,0.2876712328767123,52,21.2500284540771,Geometric;Kinematic;Indentation;Sampling_Gaps,Acceleration;Indentation,76,76
R00001,Acceleration__x__Indentation=Uncommon Acceleration,846,406,1,26,73,0.3561643835616438,47,5.600293032313378,Geometric;Kinematic;Indentation;Sampling_Gaps,Acceleration;Indentation,76,76
R00001,Acceleration__x__Indentation=Uncommon Acceleration,876,406,1,26,73,0.3561643835616438,47,7.459839366853144,Geometric;Kinematic;Indentation;Sampling_Gaps,Acceleration;Indentation,76,76
R00001,Acceleration__x__Indentation=Uncommon Acceleration,934,406,1,37,73,0.5068493150684932,36,138.21473069457778,Geometric;Kinematic;Indentation;Sampling_Gaps,Acceleration;Indentation,76,76
R00001,Acceleration__x__Indentation=Uncommon Acceleration,992,406,1,52,73,0.7123287671232876,21,6.729952808018778,Geometric;Kinematic;Indentation;Sampling_Gaps,Acceleration;Indentation,76,76
R00001,Acceleration__x__Indentation=Uncommon Acceleration,1014,406,1,39,73,0.5342465753424658,34,148.08430169126345,Geometric;Kinematic;Indentation;Sampling_Gaps,Acceleration;Indentation,76,76
R00001,Acceleration__x__Indentation=Uncommon Acceleration,1015,406,1,51,73,0.6986301369863014,22,4.026680542201384,Geometric;Kinematic;Indentation;Sampling_Gaps,Acceleration;Indentation,76,76
R00001,Acceleration__x__Indentation=Uncommon Acceleration,1020,406,1,21,73,0.2876712328767123,52,5.671759901641812,Geometric;Kinematic;Indentation;Sampling_Gaps,Acceleration;Indentation,76,76
R00001,Acceleration__x__Indentation=Uncommon Acceleration,1042,406,1,16,73,0.2191780821917808,57,40.4110863512166,Geometric;Kinematic;Indentation;Sampling_Gaps,Acceleration;Indentation,76,76
R00001,Acceleration__x__Indentation=Uncommon Acceleration,1158,406,1,56,73,0.7671232876712328,17,55.851650111543414,Geometric;Kinematic;Indentation;Sampling_Gaps,Acceleration;Indentation,76,76
R00001,Acceleration__x__Indentation=Uncommon Acceleration,1182,406,1,49,73,0.6712328767123288,24,46.087067757426844,Geometric;Kinematic;Indentation;Sampling_Gaps,Acceleration;Indentation,76,76
R00001,Acceleration__x__Indentation=Uncommon Acceleration,1195,406,1,28,73,0.3835616438356164,45,9.921806437956072,Geometric;Kinematic;Indentation;Sampling_Gaps,Acceleration;Indentation,76,76
R00001,Acceleration__x__Indentation=Uncommon Acceleration,1236,406,1,38,73,0.5205479452054794,35,5.1764219009115795,Geometric;Kinematic;Indentation;Sampling_Gaps,Acceleration;Indentation,76,76
R00001,Acceleration__x__Indentation=Uncommon Acceleration,1284,406,1,56,73,0.7671232876712328,17,5.975327141233476,Geometric;Kinematic;Indentation;Sampling_Gaps,Acceleration;Indentation,76,76
R00001,Acceleration__x__Indentation=Uncommon Acceleration,1306,406,1,49,73,0.6712328767123288,24,268.5245226434667,Geometric;Kinematic;Indentation;Sampling_Gaps,Acceleration;Indentation,76,76
R00001,Acceleration__x__Indentation=Uncommon Acceleration,1415,406,1,28,73,0.3835616438356164,45,7.958848927644138,Geometric;Kinematic;Indentation;Sampling_Gaps,Acceleration;Indentation,76,76
R00001,Acceleration__x__Indentation=Uncommon Acceleration,1424,406,1,40,73,0.547945205479452,33,142.48731232926517,Geometric;Kinematic;Indentation;Sampling_Gaps,Acceleration;Indentation,76,76
R00001,Acceleration__x__Indentation=Uncommon Acceleration,1432,406,1,49,73,0.6712328767123288,24,120.90182020114426,Geometric;Kinematic;Indentation;Sampling_Gaps,Acceleration;Indentation,76,76
R00002,Localization__x__Path_Evolution=Uncommon Path_Evolution,125,95,1,38,73,0.5205479452054794,35,4.683233509414713,Localization;Phase_Change;Spatial_Context;SpatioTemporal_Dynamics,Localization;Path_Evolution,26,26
R00002,Localization__x__Path_Evolution=Uncommon Path_Evolution,125,195,2,26,73,0.3561643835616438,47,32.18477784671107,Localization;Phase_Change;Spatial_Context;SpatioTemporal_Dynamics,Localization;Path_Evolution,26,26
R00002,Localization__x__Path_Evolution=Uncommon Path_Evolution,177,195,1,45,73,0.6164383561643836,28,33.426280266655596,Localization;Phase_Change;Spatial_Context;SpatioTemporal_Dynamics,Localization;Path_Evolution,26,26
R00002,Localization__x__Path_Evolution=Uncommon Path_Evolution,177,95,2,33,73,0.4520547945205479,40,5.01904893224519,Localization;Phase_Change;Spatial_Context;SpatioTemporal_Dynamics,Localization;Path_Evolution,26,26
R00002,Localization__x__Path_Evolution=Uncommon Path_Evolution,386,195,1,39,73,0.5342465753424658,34,24.803502041202076,Localization;Phase_Change;Spatial_Context;SpatioTemporal_Dynamics,Localization;Path_Evolution,26,26
R00002,Localization__x__Path_Evolution=Uncommon Path_Evolution,386,95,2,38,73,0.5205479452054794,35,13.502196759569799,Localization;Phase_Change;Spatial_Context;SpatioTemporal_Dynamics,Localization;Path_Evolution,26,26
R00002,Localization__x__Path_Evolution=Uncommon Path_Evolution,539,195,1,39,73,0.5342465753424658,34,451.01385716518325,Localization;Phase_Change;Spatial_Context;SpatioTemporal_Dynamics,Localization;Path_Evolution,26,26
R00002,Localization__x__Path_Evolution=Uncommon Path_Evolution,539,95,2,23,73,0.3150684931506849,50,483.0122479274123,Localization;Phase_Change;Spatial_Context;SpatioTemporal_Dynamics,Localization;Path_Evolution,26,26
R00002,Localization__x__Path_Evolution=Uncommon Path_Evolution,541,95,1,35,73,0.4794520547945205,38,1194.1703754719813,Localization;Phase_Change;Spatial_Context;SpatioTemporal_Dynamics,Localization;Path_Evolution,26,26
R00002,Localization__x__Path_Evolution=Uncommon Path_Evolution,541,195,2,25,73,0.3424657534246575,48,1162.1986548643986,Localization;Phase_Change;Spatial_Context;SpatioTemporal_Dynamics,Localization;Path_Evolution,26,26
R00002,Localization__x__Path_Evolution=Uncommon Path_Evolution,579,195,1,44,73,0.6027397260273972,29,32.342001850794695,Localization;Phase_Change;Spatial_Context;SpatioTemporal_Dynamics,Localization;Path_Evolution,26,26
R00002,Localization__x__Path_Evolution=Uncommon Path_Evolution,579,95,2,34,73,0.4657534246575342,39,6.461898604745411,Localization;Phase_Change;Spatial_Context;SpatioTemporal_Dynamics,Localization;Path_Evolution,26,26
R00002,Localization__x__Path_Evolution=Uncommon Path_Evolution,611,95,1,35,73,0.4794520547945205,38,24.133350924721523,Localization;Phase_Change;Spatial_Context;SpatioTemporal_Dynamics,Localization;Path_Evolution,26,26
R00002,Localization__x__Path_Evolution=Uncommon Path_Evolution,611,195,2,30,73,0.410958904109589,43,12.065697949559627,Localization;Phase_Change;Spatial_Context;SpatioTemporal_Dynamics,Localization;Path_Evolution,26,26
R00002,Localization__x__Path_Evolution=Uncommon Path_Evolution,617,195,1,42,73,0.5753424657534246,31,42.96715368871821,Localization;Phase_Change;Spatial_Context;SpatioTemporal_Dynamics,Localization;Path_Evolution,26,26
R00002,Localization__x__Path_Evolution=Uncommon Path_Evolution,617,95,2,36,73,0.4931506849315068,37,11.819477394192559,Localization;Phase_Change;Spatial_Context;SpatioTemporal_Dynamics,Localization;Path_Evolution,26,26
R00002,Localization__x__Path_Evolution=Uncommon Path_Evolution,725,95,1,32,73,0.4383561643835616,41,6.584832469208948,Localization;Phase_Change;Spatial_Context;SpatioTemporal_Dynamics,Localization;Path_Evolution,26,26
R00002,Localization__x__Path_Evolution=Uncommon Path_Evolution,725,195,2,19,73,0.2602739726027397,54,37.87714363657445,Localization;Phase_Change;Spatial_Context;SpatioTemporal_Dynamics,Localization;Path_Evolution,26,26
R00002,Localization__x__Path_Evolution=Uncommon Path_Evolution,737,95,1,37,73,0.5068493150684932,36,8.764506633280996,Localization;Phase_Change;Spatial_Context;SpatioTemporal_Dynamics,Localization;Path_Evolution,26,26
R00002,Localization__x__Path_Evolution=Uncommon Path_Evolution,737,195,2,33,73,0.4520547945205479,40,39.224758050378,Localization;Phase_Change;Spatial_Context;SpatioTemporal_Dynamics,Localization;Path_Evolution,26,26
R00002,Localization__x__Path_Evolution=Uncommon Path_Evolution,740,95,1,33,73,0.4520547945205479,40,18.070324130602582,Localization;Phase_Change;Spatial_Context;SpatioTemporal_Dynamics,Localization;Path_Evolution,26,26
R00002,Localization__x__Path_Evolution=Uncommon Path_Evolution,740,195,2,33,73,0.4520547945205479,40,48.95512409441294,Localization;Phase_Change;Spatial_Context;SpatioTemporal_Dynamics,Localization;Path_Evolution,26,26
R00002,Localization__x__Path_Evolution=Uncommon Path_Evolution,800,95,1,46,73,0.6301369863013698,27,4.37510207682564,Localization;Phase_Change;Spatial_Context;SpatioTemporal_Dynamics,Localization;Path_Evolution,26,26
R00002,Localization__x__Path_Evolution=Uncommon Path_Evolution,800,195,2,23,73,0.3150684931506849,50,33.37018413323185,Localization;Phase_Change;Spatial_Context;SpatioTemporal_Dynamics,Localization;Path_Evolution,26,26
R00002,Localization__x__Path_Evolution=Uncommon Path_Evolution,910,95,1,29,73,0.3972602739726027,44,7.036440037512586,Localization;Phase_Change;Spatial_Context;SpatioTemporal_Dynamics,Localization;Path_Evolution,26,26
R00002,Localization__x__Path_Evolution=Uncommon Path_Evolution,910,195,2,23,73,0.3150684931506849,50,35.86391686265383,Localization;Phase_Change;Spatial_Context;SpatioTemporal_Dynamics,Localization;Path_Evolution,26,26
R00002,Localization__x__Path_Evolution=Uncommon Path_Evolution,921,95,1,34,73,0.4657534246575342,39,1305.6542914131835,Localization;Phase_Change;Spatial_Context;SpatioTemporal_Dynamics,Localization;Path_Evolution,26,26
R00002,Localization__x__Path_Evolution=Uncommon Path_Evolution,921,195,2,27,73,0.3698630136986301,46,1273.661297043176,Localization;Phase_Change;Spatial_Context;SpatioTemporal_Dynamics,Localization;Path_Evolution,26,26
R00002,Localization__x__Path_Evolution=Uncommon Path_Evolution,936,195,1,42,73,0.5753424657534246,31,1985.9290516733827,Localization;Phase_Change;Spatial_Context;SpatioTemporal_Dynamics,Localization;Path_Evolution,26,26
R00002,Localization__x__Path_Evolution=Uncommon Path_Evolution,936,95,2,38,73,0.5205479452054794,35,2017.9136610062233,Localization;Phase_Change;Spatial_Context;SpatioTemporal_Dynamics,Localization;Path_Evolution,26,26
R00002,Localization__x__Path_Evolution=Uncommon Path_Evolution,938,95,1,40,73,0.547945205479452,33,183.15562399449885,Localization;Phase_Change;Spatial_Context;SpatioTemporal_Dynamics,Localization;Path_Evolution,26,26
R00002,Localization__x__Path_Evolution=Uncommon Path_Evolution,938,195,2,14,73,0.1917808219178082,59,215.0199794060283,Localization;Phase_Change;Spatial_Context;SpatioTemporal_Dynamics,Localization;Path_Evolution,26,26
R00002,Localization__x__Path_Evolution=Uncommon Path_Evolution,949,95,1,34,73,0.4657534246575342,39,7.445294604039144,Localization;Phase_Change;Spatial_Context;SpatioTemporal_Dynamics,Localization;Path_Evolution,26,26
R00002,Localization__x__Path_Evolution=Uncommon Path_Evolution,949,195,2,28,73,0.3835616438356164,45,34.89069396652107,Localization;Phase_Change;Spatial_Context;SpatioTemporal_Dynamics,Localization;Path_Evolution,26,26
R00002,Localization__x__Path_Evolution=Uncommon Path_Evolution,962,195,1,43,73,0.589041095890411,30,42.23949940172277,Localization;Phase_Change;Spatial_Context;SpatioTemporal_Dynamics,Localization;Path_Evolution,26,26
R00002,Localization__x__Path_Evolution=Uncommon Path_Evolution,962,95,2,36,73,0.4931506849315068,37,15.253742184146985,Localization;Phase_Change;Spatial_Context;SpatioTemporal_Dynamics,Localization;Path_Evolution,26,26
R00002,Localization__x__Path_Evolution=Uncommon Path_Evolution,1042,95,1,44,73,0.6027397260273972,29,2699.888285425734,Localization;Phase_Change;Spatial_Context;SpatioTemporal_Dynamics,Localization;Path_Evolution,26,26
R00002,Localization__x__Path_Evolution=Uncommon Path_Evolution,1042,195,2,24,73,0.3287671232876712,49,2667.9224272183906,Localization;Phase_Change;Spatial_Context;SpatioTemporal_Dynamics,Localization;Path_Evolution,26,26
R00002,Localization__x__Path_Evolution=Uncommon Path_Evolution,1045,95,1,41,73,0.5616438356164384,32,2587.8708465363125,Localization;Phase_Change;Spatial_Context;SpatioTemporal_Dynamics,Localization;Path_Evolution,26,26
R00002,Localization__x__Path_Evolution=Uncommon Path_Evolution,1045,195,2,37,73,0.5068493150684932,36,2555.8848445844937,Localization;Phase_Change;Spatial_Context;SpatioTemporal_Dynamics,Localization;Path_Evolution,26,26
R00002,Localization__x__Path_Evolution=Uncommon Path_Evolution,1049,95,1,34,73,0.4657534246575342,39,5.575526959407054,Localization;Phase_Change;Spatial_Context;SpatioTemporal_Dynamics,Localization;Path_Evolution,26,26
R00002,Localization__x__Path_Evolution=Uncommon Path_Evolution,1049,195,2,16,73,0.2191780821917808,57,32.94361183845515,Localization;Phase_Change;Spatial_Context;SpatioTemporal_Dynamics,Localization;Path_Evolution,26,26
R00002,Localization__x__Path_Evolution=Uncommon Path_Evolution,1075,95,1,41,73,0.5616438356164384,32,125.99072272271785,Localization;Phase_Change;Spatial_Context;SpatioTemporal_Dynamics,Localization;Path_Evolution,26,26
R00002,Localization__x__Path_Evolution=Uncommon Path_Evolution,1075,195,2,40,73,0.547945205479452,33,94.16520685664278,Localization;Phase_Change;Spatial_Context;SpatioTemporal_Dynamics,Localization;Path_Evolution,26,26
R00002,Localization__x__Path_Evolution=Uncommon Path_Evolution,1143,195,1,46,73,0.6301369863013698,27,81.87074045416915,Localization;Phase_Change;Spatial_Context;SpatioTemporal_Dynamics,Localization;Path_Evolution,26,26
R00002,Localization__x__Path_Evolution=Uncommon Path_Evolution,1143,95,2,38,73,0.5205479452054794,35,49.99256504896744,Localization;Phase_Change;Spatial_Context;SpatioTemporal_Dynamics,Localization;Path_Evolution,26,26
R00002,Localization__x__Path_Evolution=Uncommon Path_Evolution,1165,95,1,42,73,0.5753424657534246,31,29.543002210561102,Localization;Phase_Change;Spatial_Context;SpatioTemporal_Dynamics,Localization;Path_Evolution,26,26
R00002,Localization__x__Path_Evolution=Uncommon Path_Evolution,1165,195,2,40,73,0.547945205479452,33,3.4659817743909858,Localization;Phase_Change;Spatial_Context;SpatioTemporal_Dynamics,Localization;Path_Evolution,26,26
R00002,Localization__x__Path_Evolution=Uncommon Path_Evolution,1176,95,1,34,73,0.4657534246575342,39,56.61238515998198,Localization;Phase_Change;Spatial_Context;SpatioTemporal_Dynamics,Localization;Path_Evolution,26,26
R00002,Localization__x__Path_Evolution=Uncommon Path_Evolution,1176,195,2,34,73,0.4657534246575342,39,88.3377470364159,Localization;Phase_Change;Spatial_Context;SpatioTemporal_Dynamics,Localization;Path_Evolution,26,26
R00002,Localization__x__Path_Evolution=Uncommon Path_Evolution,1179,95,1,31,73,0.4246575342465753,42,7.0951533751755305,Localization;Phase_Change;Spatial_Context;SpatioTemporal_Dynamics,Localization;Path_Evolution,26,26
R00002,Localization__x__Path_Evolution=Uncommon Path_Evolution,1179,195,2,18,73,0.2465753424657534,55,30.926333079119047,Localization;Phase_Change;Spatial_Context;SpatioTemporal_Dynamics,Localization;Path_Evolution,26,26
R00002,Localization__x__Path_Evolution=Uncommon Path_Evolution,1360,95,1,39,73,0.5342465753424658,34,5.753637061230521,Localization;Phase_Change;Spatial_Context;SpatioTemporal_Dynamics,Localization;Path_Evolution,26,26
R00002,Localization__x__Path_Evolution=Uncommon Path_Evolution,1360,195,2,32,73,0.4383561643835616,41,34.89284935013614,Localization;Phase_Change;Spatial_Context;SpatioTemporal_Dynamics,Localization;Path_Evolution,26,26
R00002,Localization__x__Path_Evolution=Uncommon Path_Evolution,1448,95,1,39,73,0.5342465753424658,34,504.2114117526674,Localization;Phase_Change;Spatial_Context;SpatioTemporal_Dynamics,Localization;Path_Evolution,26,26
R00002,Localization__x__Path_Evolution=Uncommon Path_Evolution,1448,195,2,29,73,0.3972602739726027,44,472.203806596114,Localization;Phase_Change;Spatial_Context;SpatioTemporal_Dynamics,Localization;Path_Evolution,26,26
R00002,Localization__x__Path_Evolution=Uncommon Path_Evolution,1531,95,1,35,73,0.4794520547945205,38,7.441506340938475,Localization;Phase_Change;Spatial_Context;SpatioTemporal_Dynamics,Localization;Path_Evolution,26,26
R00002,Localization__x__Path_Evolution=Uncommon Path_Evolution,1531,195,2,35,73,0.4794520547945205,38,35.39020280288774,Localization;Phase_Change;Spatial_Context;SpatioTemporal_Dynamics,Localization;Path_Evolution,26,26
R00003,Localization__x__Path_Evolution=Uncommon Path_Evolution,132,360,1,44,73,0.6027397260273972,29,5.928215030221743,Geometric;SpatioTemporal_Dynamics;Localization;Phase_Change,Localization;Path_Evolution,51,51
R00003,Localization__x__Path_Evolution=Uncommon Path_Evolution,132,95,2,33,73,0.4520547945205479,40,3.9187110528944205,Geometric;SpatioTemporal_Dynamics;Localization;Phase_Change,Localization;Path_Evolution,51,51
R00003,Localization__x__Path_Evolution=Uncommon Path_Evolution,236,360,1,39,73,0.5342465753424658,34,7.21836843016619,Geometric;SpatioTemporal_Dynamics;Localization;Phase_Change,Localization;Path_Evolution,51,51
R00003,Localization__x__Path_Evolution=Uncommon Path_Evolution,236,95,2,38,73,0.5205479452054794,35,5.068067727370524,Geometric;SpatioTemporal_Dynamics;Localization;Phase_Change,Localization;Path_Evolution,51,51
R00003,Localization__x__Path_Evolution=Uncommon Path_Evolution,362,360,1,35,73,0.4794520547945205,38,14.950140004771805,Geometric;SpatioTemporal_Dynamics;Localization;Phase_Change,Localization;Path_Evolution,51,51
R00003,Localization__x__Path_Evolution=Uncommon Path_Evolution,362,95,2,35,73,0.4794520547945205,38,16.608435677236756,Geometric;SpatioTemporal_Dynamics;Localization;Phase_Change,Localization;Path_Evolution,51,51
R00003,Localization__x__Path_Evolution=Uncommon Path_Evolution,386,95,1,38,73,0.5205479452054794,35,14.162615640611621,Geometric;SpatioTemporal_Dynamics;Localization;Phase_Change,Localization;Path_Evolution,51,51
R00003,Localization__x__Path_Evolution=Uncommon Path_Evolution,386,360,2,33,73,0.4520547945205479,40,10.356592835960242,Geometric;SpatioTemporal_Dynamics;Localization;Phase_Change,Localization;Path_Evolution,51,51
R00003,Localization__x__Path_Evolution=Uncommon Path_Evolution,454,95,1,39,73,0.5342465753424658,34,12.205275677314429,Geometric;SpatioTemporal_Dynamics;Localization;Phase_Change,Localization;Path_Evolution,51,51
R00003,Localization__x__Path_Evolution=Uncommon Path_Evolution,454,360,2,37,73,0.5068493150684932,36,11.453259748171474,Geometric;SpatioTemporal_Dynamics;Localization;Phase_Change,Localization;Path_Evolution,51,51
R00003,Localization__x__Path_Evolution=Uncommon Path_Evolution,542,360,1,43,73,0.589041095890411,30,8.081816381159538,Geometric;SpatioTemporal_Dynamics;Localization;Phase_Change,Localization;Path_Evolution,51,51
R00003,Localization__x__Path_Evolution=Uncommon Path_Evolution,542,95,2,34,73,0.4657534246575342,39,7.904090536714215,Geometric;SpatioTemporal_Dynamics;Localization;Phase_Change,Localization;Path_Evolution,51,51
R00003,Localization__x__Path_Evolution=Uncommon Path_Evolution,559,360,1,29,73,0.3972602739726027,44,1321.5206372142627,Geometric;SpatioTemporal_Dynamics;Localization;Phase_Change,Localization;Path_Evolution,51,51
R00003,Localization__x__Path_Evolution=Uncommon Path_Evolution,559,95,2,26,73,0.3561643835616438,47,1323.1076910391166,Geometric;SpatioTemporal_Dynamics;Localization;Phase_Change,Localization;Path_Evolution,51,51
R00003,Localization__x__Path_Evolution=Uncommon Path_Evolution,560,95,1,38,73,0.5205479452054794,35,144.06576658419377,Geometric;SpatioTemporal_Dynamics;Localization;Phase_Change,Localization;Path_Evolution,51,51
R00003,Localization__x__Path_Evolution=Uncommon Path_Evolution,560,360,2,35,73,0.4794520547945205,38,142.38668729433712,Geometric;SpatioTemporal_Dynamics;Localization;Phase_Change,Localization;Path_Evolution,51,51
R00003,Localization__x__Path_Evolution=Uncommon Path_Evolution,723,360,1,35,73,0.4794520547945205,38,16.817750979982296,Geometric;SpatioTemporal_Dynamics;Localization;Phase_Change,Localization;Path_Evolution,51,51
R00003,Localization__x__Path_Evolution=Uncommon Path_Evolution,723,95,2,30,73,0.410958904109589,43,16.09751280023581,Geometric;SpatioTemporal_Dynamics;Localization;Phase_Change,Localization;Path_Evolution,51,51
R00003,Localization__x__Path_Evolution=Uncommon Path_Evolution,737,360,1,42,73,0.5753424657534246,31,11.583366477394929,Geometric;SpatioTemporal_Dynamics;Localization;Phase_Change,Localization;Path_Evolution,51,51
R00003,Localization__x__Path_Evolution=Uncommon Path_Evolution,737,95,2,37,73,0.5068493150684932,36,12.266104952126572,Geometric;SpatioTemporal_Dynamics;Localization;Phase_Change,Localization;Path_Evolution,51,51
R00003,Localization__x__Path_Evolution=Uncommon Path_Evolution,762,95,1,39,73,0.5342465753424658,34,12.606047719801179,Geometric;SpatioTemporal_Dynamics;Localization;Phase_Change,Localization;Path_Evolution,51,51
R00003,Localization__x__Path_Evolution=Uncommon Path_Evolution,762,360,2,34,73,0.4657534246575342,39,12.177284862645369,Geometric;SpatioTemporal_Dynamics;Localization;Phase_Change,Localization;Path_Evolution,51,51
R00003,Localization__x__Path_Evolution=Uncommon Path_Evolution,770,360,1,28,73,0.3835616438356164,45,6.281867649505109,Geometric;SpatioTemporal_Dynamics;Localization;Phase_Change,Localization;Path_Evolution,51,51
R00003,Localization__x__Path_Evolution=Uncommon Path_Evolution,770,95,2,27,73,0.3698630136986301,46,7.248285774455802,Geometric;SpatioTemporal_Dynamics;Localization;Phase_Change,Localization;Path_Evolution,51,51
R00003,Localization__x__Path_Evolution=Uncommon Path_Evolution,810,95,1,45,73,0.6164383561643836,28,4.821998657930357,Geometric;SpatioTemporal_Dynamics;Localization;Phase_Change,Localization;Path_Evolution,51,51
R00003,Localization__x__Path_Evolution=Uncommon Path_Evolution,810,360,2,37,73,0.5068493150684932,36,6.618060188375157,Geometric;SpatioTemporal_Dynamics;Localization;Phase_Change,Localization;Path_Evolution,51,51
R00003,Localization__x__Path_Evolution=Uncommon Path_Evolution,868,360,1,33,73,0.4520547945205479,40,7.203755416072212,Geometric;SpatioTemporal_Dynamics;Localization;Phase_Change,Localization;Path_Evolution,51,51
R00003,Localization__x__Path_Evolution=Uncommon Path_Evolution,868,95,2,28,73,0.3835616438356164,45,6.751210912788057,Geometric;SpatioTemporal_Dynamics;Localization;Phase_Change,Localization;Path_Evolution,51,51
R00003,Localization__x__Path_Evolution=Uncommon Path_Evolution,901,360,1,43,73,0.589041095890411,30,8.560387602058118,Geometric;SpatioTemporal_Dynamics;Localization;Phase_Change,Localization;Path_Evolution,51,51
R00003,Localization__x__Path_Evolution=Uncommon Path_Evolution,901,95,2,39,73,0.5342465753424658,34,6.9926564561406686,Geometric;SpatioTemporal_Dynamics;Localization;Phase_Change,Localization;Path_Evolution,51,51
R00003,Localization__x__Path_Evolution=Uncommon Path_Evolution,921,95,1,34,73,0.4657534246575342,39,1305.6633297666915,Geometric;SpatioTemporal_Dynamics;Localization;Phase_Change,Localization;Path_Evolution,51,51
R00003,Localization__x__Path_Evolution=Uncommon Path_Evolution,921,360,2,13,73,0.1780821917808219,60,1304.045661400488,Geometric;SpatioTemporal_Dynamics;Localization;Phase_Change,Localization;Path_Evolution,51,51
R00003,Localization__x__Path_Evolution=Uncommon Path_Evolution,938,95,1,40,73,0.547945205479452,33,183.33544019258423,Geometric;SpatioTemporal_Dynamics;Localization;Phase_Change,Localization;Path_Evolution,51,51
R00003,Localization__x__Path_Evolution=Uncommon Path_Evolution,938,360,2,27,73,0.3698630136986301,46,184.89325136076414,Geometric;SpatioTemporal_Dynamics;Localization;Phase_Change,Localization;Path_Evolution,51,51
R00003,Localization__x__Path_Evolution=Uncommon Path_Evolution,949,95,1,34,73,0.4657534246575342,39,7.963974729562392,Geometric;SpatioTemporal_Dynamics;Localization;Phase_Change,Localization;Path_Evolution,51,51
R00003,Localization__x__Path_Evolution=Uncommon Path_Evolution,949,360,2,24,73,0.3287671232876712,49,6.744755130962862,Geometric;SpatioTemporal_Dynamics;Localization;Phase_Change,Localization;Path_Evolution,51,51
R00003,Localization__x__Path_Evolution=Uncommon Path_Evolution,1032,95,1,34,73,0.4657534246575342,39,7.668259096971562,Geometric;SpatioTemporal_Dynamics;Localization;Phase_Change,Localization;Path_Evolution,51,51
R00003,Localization__x__Path_Evolution=Uncommon Path_Evolution,1032,360,2,30,73,0.410958904109589,43,7.996525510148413,Geometric;SpatioTemporal_Dynamics;Localization;Phase_Change,Localization;Path_Evolution,51,51
R00003,Localization__x__Path_Evolution=Uncommon Path_Evolution,1042,95,1,44,73,0.6027397260273972,29,2699.8671157186673,Geometric;SpatioTemporal_Dynamics;Localization;Phase_Change,Localization;Path_Evolution,51,51
R00003,Localization__x__Path_Evolution=Uncommon Path_Evolution,1042,360,2,32,73,0.4383561643835616,41,2698.2504385347,Geometric;SpatioTemporal_Dynamics;Localization;Phase_Change,Localization;Path_Evolution,51,51
R00003,Localization__x__Path_Evolution=Uncommon Path_Evolution,1045,95,1,41,73,0.5616438356164384,32,2587.8799772197963,Geometric;SpatioTemporal_Dynamics;Localization;Phase_Change,Localization;Path_Evolution,51,51
R00003,Localization__x__Path_Evolution=Uncommon Path_Evolution,1045,360,2,30,73,0.410958904109589,43,2586.26018266905,Geometric;SpatioTemporal_Dynamics;Localization;Phase_Change,Localization;Path_Evolution,51,51
R00003,Localization__x__Path_Evolution=Uncommon Path_Evolution,1165,95,1,42,73,0.5753424657534246,31,29.664700762444976,Geometric;SpatioTemporal_Dynamics;Localization;Phase_Change,Localization;Path_Evolution,51,51
R00003,Localization__x__Path_Evolution=Uncommon Path_Evolution,1165,360,2,24,73,0.3287671232876712,49,28.01510484628377,Geometric;SpatioTemporal_Dynamics;Localization;Phase_Change,Localization;Path_Evolution,51,51
R00003,Localization__x__Path_Evolution=Uncommon Path_Evolution,1176,95,1,34,73,0.4657534246575342,39,56.71730984174778,Geometric;SpatioTemporal_Dynamics;Localization;Phase_Change,Localization;Path_Evolution,51,51
R00003,Localization__x__Path_Evolution=Uncommon Path_Evolution,1176,360,2,28,73,0.3835616438356164,45,58.15447014498553,Geometric;SpatioTemporal_Dynamics;Localization;Phase_Change,Localization;Path_Evolution,51,51
R00003,Localization__x__Path_Evolution=Uncommon Path_Evolution,1360,95,1,39,73,0.5342465753424658,34,7.12883720287548,Geometric;SpatioTemporal_Dynamics;Localization;Phase_Change,Localization;Path_Evolution,51,51
R00003,Localization__x__Path_Evolution=Uncommon Path_Evolution,1360,360,2,25,73,0.3424657534246575,48,6.630902535817062,Geometric;SpatioTemporal_Dynamics;Localization;Phase_Change,Localization;Path_Evolution,51,51
R00003,Localization__x__Path_Evolution=Uncommon Path_Evolution,1415,360,1,44,73,0.6027397260273972,29,19.749186388661577,Geometric;SpatioTemporal_Dynamics;Localization;Phase_Change,Localization;Path_Evolution,51,51
R00003,Localization__x__Path_Evolution=Uncommon Path_Evolution,1415,95,2,40,73,0.547945205479452,33,18.521090163518497,Geometric;SpatioTemporal_Dynamics;Localization;Phase_Change,Localization;Path_Evolution,51,51
R00003,Localization__x__Path_Evolution=Uncommon Path_Evolution,1425,95,1,29,73,0.3972602739726027,44,3764.654461250474,Geometric;SpatioTemporal_Dynamics;Localization;Phase_Change,Localization;Path_Evolution,51,51
R00003,Localization__x__Path_Evolution=Uncommon Path_Evolution,1425,360,2,28,73,0.3835616438356164,45,3763.0486269208072,Geometric;SpatioTemporal_Dynamics;Localization;Phase_Change,Localization;Path_Evolution,51,51
R00003,Localization__x__Path_Evolution=Uncommon Path_Evolution,1431,95,1,38,73,0.5205479452054794,35,19.24353462182613,Geometric;SpatioTemporal_Dynamics;Localization;Phase_Change,Localization;Path_Evolution,51,51
R00003,Localization__x__Path_Evolution=Uncommon Path_Evolution,1431,360,2,34,73,0.4657534246575342,39,22.654356671980167,Geometric;SpatioTemporal_Dynamics;Localization;Phase_Change,Localization;Path_Evolution,51,51
R00003,Localization__x__Path_Evolution=Uncommon Path_Evolution,1446,360,1,31,73,0.4246575342465753,42,981.3206816228018,Geometric;SpatioTemporal_Dynamics;Localization;Phase_Change,Localization;Path_Evolution,51,51
R00003,Localization__x__Path_Evolution=Uncommon Path_Evolution,1446,95,2,28,73,0.3835616438356164,45,982.961664876573,Geometric;SpatioTemporal_Dynamics;Localization;Phase_Change,Localization;Path_Evolution,51,51
R00004,Localization__x__Sampling_Gaps=Uncommon Localization,138,306,1,35,73,0.4794520547945205,38,5.81397567642732,Extent;Sampling_Gaps;Sequence_Complexity;Speed,Localization;Sampling_Gaps,33,37
R00004,Localization__x__Sampling_Gaps=Uncommon Localization,138,666,2,23,73,0.3150684931506849,50,3.817210621955008,Extent;Sampling_Gaps;Sequence_Complexity;Speed,Localization;Sampling_Gaps,33,37
R00004,Localization__x__Sampling_Gaps=Uncommon Localization,174,666,1,36,73,0.4931506849315068,37,43.264376980033404,Extent;Sampling_Gaps;Sequence_Complexity;Speed,Localization;Sampling_Gaps,33,37
R00004,Localization__x__Sampling_Gaps=Uncommon Localization,174,306,2,32,73,0.4383561643835616,41,42.983054835630426,Extent;Sampling_Gaps;Sequence_Complexity;Speed,Localization;Sampling_Gaps,33,37
R00004,Localization__x__Sampling_Gaps=Uncommon Localization,213,666,1,36,73,0.4931506849315068,37,527.0916408932713,Extent;Sampling_Gaps;Sequence_Complexity;Speed,Localization;Sampling_Gaps,33,37
R00004,Localization__x__Sampling_Gaps=Uncommon Localization,213,306,2,31,73,0.4246575342465753,42,525.9095829692398,Extent;Sampling_Gaps;Sequence_Complexity;Speed,Localization;Sampling_Gaps,33,37
R00004,Localization__x__Sampling_Gaps=Uncommon Localization,249,306,1,38,73,0.5205479452054794,35,7.155290714921577,Extent;Sampling_Gaps;Sequence_Complexity;Speed,Localization;Sampling_Gaps,33,37
R00004,Localization__x__Sampling_Gaps=Uncommon Localization,249,666,2,31,73,0.4246575342465753,42,5.120826679723298,Extent;Sampling_Gaps;Sequence_Complexity;Speed,Localization;Sampling_Gaps,33,37
R00004,Localization__x__Sampling_Gaps=Uncommon Localization,304,306,1,44,73,0.6027397260273972,29,78.84063158229296,Extent;Sampling_Gaps;Sequence_Complexity;Speed,Localization;Sampling_Gaps,33,37
R00004,Localization__x__Sampling_Gaps=Uncommon Localization,304,666,2,27,73,0.3698630136986301,46,80.08583399968512,Extent;Sampling_Gaps;Sequence_Complexity;Speed,Localization;Sampling_Gaps,33,37
R00004,Localization__x__Sampling_Gaps=Uncommon Localization,407,666,1,37,73,0.5068493150684932,36,79.2230213159967,Extent;Sampling_Gaps;Sequence_Complexity;Speed,Localization;Sampling_Gaps,33,37
R00004,Localization__x__Sampling_Gaps=Uncommon Localization,407,306,2,30,73,0.410958904109589,43,77.45261803980858,Extent;Sampling_Gaps;Sequence_Complexity;Speed,Localization;Sampling_Gaps,33,37
R00004,Localization__x__Sampling_Gaps=Uncommon Localization,459,306,1,51,73,0.6986301369863014,22,7.489665036729375,Extent;Sampling_Gaps;Sequence_Complexity;Speed,Localization;Sampling_Gaps,33,37
R00004,Localization__x__Sampling_Gaps=Uncommon Localization,459,666,2,22,73,0.3013698630136986,51,7.233908937731787,Extent;Sampling_Gaps;Sequence_Complexity;Speed,Localization;Sampling_Gaps,33,37
R00004,Localization__x__Sampling_Gaps=Uncommon Localization,557,306,1,50,73,0.684931506849315,23,104.77904873666539,Extent;Sampling_Gaps;Sequence_Complexity;Speed,Localization;Sampling_Gaps,33,37
R00004,Localization__x__Sampling_Gaps=Uncommon Localization,557,666,2,22,73,0.3013698630136986,51,106.83712827065762,Extent;Sampling_Gaps;Sequence_Complexity;Speed,Localization;Sampling_Gaps,33,37
R00004,Localization__x__Sampling_Gaps=Uncommon Localization,593,306,1,51,73,0.6986301369863014,22,8.049545359947954,Extent;Sampling_Gaps;Sequence_Complexity;Speed,Localization;Sampling_Gaps,33,37
R00004,Localization__x__Sampling_Gaps=Uncommon Localization,593,666,2,23,73,0.3150684931506849,50,8.116137794482903,Extent;Sampling_Gaps;Sequence_Complexity;Speed,Localization;Sampling_Gaps,33,37
R00004,Localization__x__Sampling_Gaps=Uncommon Localization,720,306,1,40,73,0.547945205479452,33,240.52700510939542,Extent;Sampling_Gaps;Sequence_Complexity;Speed,Localization;Sampling_Gaps,33,37
R00004,Localization__x__Sampling_Gaps=Uncommon Localization,720,666,2,29,73,0.3972602739726027,44,241.86065102497355,Extent;Sampling_Gaps;Sequence_Complexity;Speed,Localization;Sampling_Gaps,33,37
R00004,Localization__x__Sampling_Gaps=Uncommon Localization,736,666,1,35,73,0.4794520547945205,38,74.64590369737128,Extent;Sampling_Gaps;Sequence_Complexity;Speed,Localization;Sampling_Gaps,33,37
R00004,Localization__x__Sampling_Gaps=Uncommon Localization,736,306,2,30,73,0.410958904109589,43,72.9637541832193,Extent;Sampling_Gaps;Sequence_Complexity;Speed,Localization;Sampling_Gaps,33,37
R00004,Localization__x__Sampling_Gaps=Uncommon Localization,752,306,1,39,73,0.5342465753424658,34,102.1416373342409,Extent;Sampling_Gaps;Sequence_Complexity;Speed,Localization;Sampling_Gaps,33,37
R00004,Localization__x__Sampling_Gaps=Uncommon Localization,752,666,2,29,73,0.3972602739726027,44,103.63786626694863,Extent;Sampling_Gaps;Sequence_Complexity;Speed,Localization;Sampling_Gaps,33,37
R00004,Localization__x__Sampling_Gaps=Uncommon Localization,773,306,1,40,73,0.547945205479452,33,33.5420678659693,Extent;Sampling_Gaps;Sequence_Complexity;Speed,Localization;Sampling_Gaps,33,37
R00004,Localization__x__Sampling_Gaps=Uncommon Localization,773,666,2,26,73,0.3561643835616438,47,35.780571248089515,Extent;Sampling_Gaps;Sequence_Complexity;Speed,Localization;Sampling_Gaps,33,37
R00004,Localization__x__Sampling_Gaps=Uncommon Localization,776,306,1,45,73,0.6164383561643836,28,8.365403236139107,Extent;Sampling_Gaps;Sequence_Complexity;Speed,Localization;Sampling_Gaps,33,37
R00004,Localization__x__Sampling_Gaps=Uncommon Localization,776,666,2,19,73,0.2602739726027397,54,10.504318608822263,Extent;Sampling_Gaps;Sequence_Complexity;Speed,Localization;Sampling_Gaps,33,37
R00004,Localization__x__Sampling_Gaps=Uncommon Localization,816,666,1,36,73,0.4931506849315068,37,510.9425012191754,Extent;Sampling_Gaps;Sequence_Complexity;Speed,Localization;Sampling_Gaps,33,37
R00004,Localization__x__Sampling_Gaps=Uncommon Localization,816,306,2,31,73,0.4246575342465753,42,509.792652411255,Extent;Sampling_Gaps;Sequence_Complexity;Speed,Localization;Sampling_Gaps,33,37
R00004,Localization__x__Sampling_Gaps=Uncommon Localization,837,666,1,30,73,0.410958904109589,43,6.99293914381055,Extent;Sampling_Gaps;Sequence_Complexity;Speed,Localization;Sampling_Gaps,33,37
R00004,Localization__x__Sampling_Gaps=Uncommon Localization,837,306,2,21,73,0.2876712328767123,52,7.123943039195109,Extent;Sampling_Gaps;Sequence_Complexity;Speed,Localization;Sampling_Gaps,33,37
R00004,Localization__x__Sampling_Gaps=Uncommon Localization,853,306,1,37,73,0.5068493150684932,36,4.5463890729922545,Extent;Sampling_Gaps;Sequence_Complexity;Speed,Localization;Sampling_Gaps,33,37
R00004,Localization__x__Sampling_Gaps=Uncommon Localization,853,666,2,19,73,0.2602739726027397,54,5.7005706233890185,Extent;Sampling_Gaps;Sequence_Complexity;Speed,Localization;Sampling_Gaps,33,37
R00004,Localization__x__Sampling_Gaps=Uncommon Localization,898,306,1,35,73,0.4794520547945205,38,42.92465427439197,Extent;Sampling_Gaps;Sequence_Complexity;Speed,Localization;Sampling_Gaps,33,37
R00004,Localization__x__Sampling_Gaps=Uncommon Localization,898,666,2,29,73,0.3972602739726027,44,44.31940264784688,Extent;Sampling_Gaps;Sequence_Complexity;Speed,Localization;Sampling_Gaps,33,37
R00004,Localization__x__Sampling_Gaps=Uncommon Localization,932,666,1,37,73,0.5068493150684932,36,53.516119104404524,Extent;Sampling_Gaps;Sequence_Complexity;Speed,Localization;Sampling_Gaps,33,37
R00004,Localization__x__Sampling_Gaps=Uncommon Localization,932,306,2,27,73,0.3698630136986301,46,52.333894397560975,Extent;Sampling_Gaps;Sequence_Complexity;Speed,Localization;Sampling_Gaps,33,37
R00004,Localization__x__Sampling_Gaps=Uncommon Localization,1024,666,1,36,73,0.4931506849315068,37,539.7103255145141,Extent;Sampling_Gaps;Sequence_Complexity;Speed,Localization;Sampling_Gaps,33,37
R00004,Localization__x__Sampling_Gaps=Uncommon Localization,1024,306,2,34,73,0.4657534246575342,39,538.4798923787425,Extent;Sampling_Gaps;Sequence_Complexity;Speed,Localization;Sampling_Gaps,33,37
R00004,Localization__x__Sampling_Gaps=Uncommon Localization,1028,306,1,39,73,0.5342465753424658,34,35.49475165142674,Extent;Sampling_Gaps;Sequence_Complexity;Speed,Localization;Sampling_Gaps,33,37
R00004,Localization__x__Sampling_Gaps=Uncommon Localization,1028,666,2,24,73,0.3287671232876712,49,37.07206940454543,Extent;Sampling_Gaps;Sequence_Complexity;Speed,Localization;Sampling_Gaps,33,37
R00004,Localization__x__Sampling_Gaps=Uncommon Localization,1285,306,1,46,73,0.6301369863013698,27,5.979771545746544,Extent;Sampling_Gaps;Sequence_Complexity;Speed,Localization;Sampling_Gaps,33,37
R00004,Localization__x__Sampling_Gaps=Uncommon Localization,1285,666,2,18,73,0.2465753424657534,55,6.621432515385004,Extent;Sampling_Gaps;Sequence_Complexity;Speed,Localization;Sampling_Gaps,33,37
R00004,Localization__x__Sampling_Gaps=Uncommon Localization,1319,306,1,47,73,0.6438356164383562,26,5.492877970804376,Extent;Sampling_Gaps;Sequence_Complexity;Speed,Localization;Sampling_Gaps,33,37
R00004,Localization__x__Sampling_Gaps=Uncommon Localization,1319,666,2,22,73,0.3013698630136986,51,7.046482165710215,Extent;Sampling_Gaps;Sequence_Complexity;Speed,Localization;Sampling_Gaps,33,37
R00004,Localization__x__Sampling_Gaps=Uncommon Localization,1411,306,1,40,73,0.547945205479452,33,36.957471933130336,Extent;Sampling_Gaps;Sequence_Complexity;Speed,Localization;Sampling_Gaps,33,37
R00004,Localization__x__Sampling_Gaps=Uncommon Localization,1411,666,2,23,73,0.3150684931506849,50,37.119436001689294,Extent;Sampling_Gaps;Sequence_Complexity;Speed,Localization;Sampling_Gaps,33,37
R00004,Localization__x__Sampling_Gaps=Uncommon Localization,1422,306,1,43,73,0.589041095890411,30,36.52712898554147,Extent;Sampling_Gaps;Sequence_Complexity;Speed,Localization;Sampling_Gaps,33,37
R00004,Localization__x__Sampling_Gaps=Uncommon Localization,1422,666,2,23,73,0.3150684931506849,50,36.251990973446844,Extent;Sampling_Gaps;Sequence_Complexity;Speed,Localization;Sampling_Gaps,33,37
R00004,Localization__x__Sampling_Gaps=Uncommon Localization,1434,306,1,35,73,0.4794520547945205,38,43.626696072231375,Extent;Sampling_Gaps;Sequence_Complexity;Speed,Localization;Sampling_Gaps,33,37
R00004,Localization__x__Sampling_Gaps=Uncommon Localization,1434,666,2,28,73,0.3835616438356164,45,44.90977980902122,Extent;Sampling_Gaps;Sequence_Complexity;Speed,Localization;Sampling_Gaps,33,37
R00004,Localization__x__Sampling_Gaps=Uncommon Localization,1436,306,1,31,73,0.4246575342465753,42,36.109609780136765,Extent;Sampling_Gaps;Sequence_Complexity;Speed,Localization;Sampling_Gaps,33,37
R00004,Localization__x__Sampling_Gaps=Uncommon Localization,1436,666,2,16,73,0.2191780821917808,57,36.005853843220216,Extent;Sampling_Gaps;Sequence_Complexity;Speed,Localization;Sampling_Gaps,33,37
R00004,Localization__x__Sampling_Gaps=Uncommon Localization,1537,306,1,43,73,0.589041095890411,30,8.052322939432921,Extent;Sampling_Gaps;Sequence_Complexity;Speed,Localization;Sampling_Gaps,33,37
R00004,Localization__x__Sampling_Gaps=Uncommon Localization,1537,666,2,33,73,0.4520547945205479,40,8.08509914367045,Extent;Sampling_Gaps;Sequence_Complexity;Speed,Localization;Sampling_Gaps,33,37
R00005,Displacement__x__Path_Evolution=Uncommon Path_Evolution,95,564,1,25,73,0.3424657534246575,48,7.440220957825448,Displacement;Phase_Change;Geometric;SpatioTemporal_Dynamics,Displacement;Path_Evolution,50,50
R00005,Displacement__x__Path_Evolution=Uncommon Path_Evolution,95,1026,2,19,73,0.2602739726027397,54,6.284727726624022,Displacement;Phase_Change;Geometric;SpatioTemporal_Dynamics,Displacement;Path_Evolution,50,50
R00005,Displacement__x__Path_Evolution=Uncommon Path_Evolution,371,1026,1,31,73,0.4246575342465753,42,9.205008753955735,Displacement;Phase_Change;Geometric;SpatioTemporal_Dynamics,Displacement;Path_Evolution,50,50
R00005,Displacement__x__Path_Evolution=Uncommon Path_Evolution,371,564,2,23,73,0.3150684931506849,50,8.631203033834689,Displacement;Phase_Change;Geometric;SpatioTemporal_Dynamics,Displacement;Path_Evolution,50,50
R00005,Displacement__x__Path_Evolution=Uncommon Path_Evolution,374,564,1,31,73,0.4246575342465753,42,10.578750331986447,Displacement;Phase_Change;Geometric;SpatioTemporal_Dynamics,Displacement;Path_Evolution,50,50
R00005,Displacement__x__Path_Evolution=Uncommon Path_Evolution,374,1026,2,26,73,0.3561643835616438,47,11.40382224958498,Displacement;Phase_Change;Geometric;SpatioTemporal_Dynamics,Displacement;Path_Evolution,50,50
R00005,Displacement__x__Path_Evolution=Uncommon Path_Evolution,377,564,1,33,73,0.4520547945205479,40,18.191678413181325,Displacement;Phase_Change;Geometric;SpatioTemporal_Dynamics,Displacement;Path_Evolution,50,50
R00005,Displacement__x__Path_Evolution=Uncommon Path_Evolution,377,1026,2,32,73,0.4383561643835616,41,19.049588224104696,Displacement;Phase_Change;Geometric;SpatioTemporal_Dynamics,Displacement;Path_Evolution,50,50
R00005,Displacement__x__Path_Evolution=Uncommon Path_Evolution,560,1026,1,21,73,0.2876712328767123,52,145.53366205692907,Displacement;Phase_Change;Geometric;SpatioTemporal_Dynamics,Displacement;Path_Evolution,50,50
R00005,Displacement__x__Path_Evolution=Uncommon Path_Evolution,560,564,2,19,73,0.2602739726027397,54,146.09849164126615,Displacement;Phase_Change;Geometric;SpatioTemporal_Dynamics,Displacement;Path_Evolution,50,50
R00005,Displacement__x__Path_Evolution=Uncommon Path_Evolution,656,1026,1,46,73,0.6301369863013698,27,6.313176812306554,Displacement;Phase_Change;Geometric;SpatioTemporal_Dynamics,Displacement;Path_Evolution,50,50
R00005,Displacement__x__Path_Evolution=Uncommon Path_Evolution,656,564,2,35,73,0.4794520547945205,38,6.920939191375488,Displacement;Phase_Change;Geometric;SpatioTemporal_Dynamics,Displacement;Path_Evolution,50,50
R00005,Displacement__x__Path_Evolution=Uncommon Path_Evolution,721,564,1,32,73,0.4383561643835616,41,1600.1150248247818,Displacement;Phase_Change;Geometric;SpatioTemporal_Dynamics,Displacement;Path_Evolution,50,50
R00005,Displacement__x__Path_Evolution=Uncommon Path_Evolution,721,1026,2,26,73,0.3561643835616438,47,1599.6184959722227,Displacement;Phase_Change;Geometric;SpatioTemporal_Dynamics,Displacement;Path_Evolution,50,50
R00005,Displacement__x__Path_Evolution=Uncommon Path_Evolution,723,564,1,24,73,0.3287671232876712,49,14.078374751061636,Displacement;Phase_Change;Geometric;SpatioTemporal_Dynamics,Displacement;Path_Evolution,50,50
R00005,Displacement__x__Path_Evolution=Uncommon Path_Evolution,723,1026,2,18,73,0.2465753424657534,55,14.55847508554128,Displacement;Phase_Change;Geometric;SpatioTemporal_Dynamics,Displacement;Path_Evolution,50,50
R00005,Displacement__x__Path_Evolution=Uncommon Path_Evolution,733,1026,1,32,73,0.4383561643835616,41,248.74441699031485,Displacement;Phase_Change;Geometric;SpatioTemporal_Dynamics,Displacement;Path_Evolution,50,50
R00005,Displacement__x__Path_Evolution=Uncommon Path_Evolution,733,564,2,26,73,0.3561643835616438,47,249.2359020243958,Displacement;Phase_Change;Geometric;SpatioTemporal_Dynamics,Displacement;Path_Evolution,50,50
R00005,Displacement__x__Path_Evolution=Uncommon Path_Evolution,810,1026,1,30,73,0.410958904109589,43,6.160958502358032,Displacement;Phase_Change;Geometric;SpatioTemporal_Dynamics,Displacement;Path_Evolution,50,50
R00005,Displacement__x__Path_Evolution=Uncommon Path_Evolution,810,564,2,30,73,0.410958904109589,43,7.843927977559071,Displacement;Phase_Change;Geometric;SpatioTemporal_Dynamics,Displacement;Path_Evolution,50,50
R00005,Displacement__x__Path_Evolution=Uncommon Path_Evolution,868,1026,1,43,73,0.589041095890411,30,7.564200021325443,Displacement;Phase_Change;Geometric;SpatioTemporal_Dynamics,Displacement;Path_Evolution,50,50
R00005,Displacement__x__Path_Evolution=Uncommon Path_Evolution,868,564,2,25,73,0.3424657534246575,48,6.518144575265767,Displacement;Phase_Change;Geometric;SpatioTemporal_Dynamics,Displacement;Path_Evolution,50,50
R00005,Displacement__x__Path_Evolution=Uncommon Path_Evolution,918,564,1,25,73,0.3424657534246575,48,1210.6918178133117,Displacement;Phase_Change;Geometric;SpatioTemporal_Dynamics,Displacement;Path_Evolution,50,50
R00005,Displacement__x__Path_Evolution=Uncommon Path_Evolution,918,1026,2,22,73,0.3013698630136986,51,1210.1976707893643,Displacement;Phase_Change;Geometric;SpatioTemporal_Dynamics,Displacement;Path_Evolution,50,50
R00005,Displacement__x__Path_Evolution=Uncommon Path_Evolution,921,564,1,25,73,0.3424657534246575,48,1307.7163502844483,Displacement;Phase_Change;Geometric;SpatioTemporal_Dynamics,Displacement;Path_Evolution,50,50
R00005,Displacement__x__Path_Evolution=Uncommon Path_Evolution,921,1026,2,22,73,0.3013698630136986,51,1307.2242049965873,Displacement;Phase_Change;Geometric;SpatioTemporal_Dynamics,Displacement;Path_Evolution,50,50
R00005,Displacement__x__Path_Evolution=Uncommon Path_Evolution,1015,564,1,36,73,0.4931506849315068,37,9900.29208217134,Displacement;Phase_Change;Geometric;SpatioTemporal_Dynamics,Displacement;Path_Evolution,50,50
R00005,Displacement__x__Path_Evolution=Uncommon Path_Evolution,1015,1026,2,33,73,0.4520547945205479,40,9899.796006552473,Displacement;Phase_Change;Geometric;SpatioTemporal_Dynamics,Displacement;Path_Evolution,50,50
R00005,Displacement__x__Path_Evolution=Uncommon Path_Evolution,1042,564,1,17,73,0.2328767123287671,56,2701.9257228207957,Displacement;Phase_Change;Geometric;SpatioTemporal_Dynamics,Displacement;Path_Evolution,50,50
R00005,Displacement__x__Path_Evolution=Uncommon Path_Evolution,1042,1026,2,8,73,0.1095890410958904,65,2701.420387757211,Displacement;Phase_Change;Geometric;SpatioTemporal_Dynamics,Displacement;Path_Evolution,50,50
R00005,Displacement__x__Path_Evolution=Uncommon Path_Evolution,1045,564,1,24,73,0.3287671232876712,49,2589.9337308875547,Displacement;Phase_Change;Geometric;SpatioTemporal_Dynamics,Displacement;Path_Evolution,50,50
R00005,Displacement__x__Path_Evolution=Uncommon Path_Evolution,1045,1026,2,21,73,0.2876712328767123,52,2589.4353867400105,Displacement;Phase_Change;Geometric;SpatioTemporal_Dynamics,Displacement;Path_Evolution,50,50
R00005,Displacement__x__Path_Evolution=Uncommon Path_Evolution,1165,564,1,26,73,0.3561643835616438,47,31.53020034247815,Displacement;Phase_Change;Geometric;SpatioTemporal_Dynamics,Displacement;Path_Evolution,50,50
R00005,Displacement__x__Path_Evolution=Uncommon Path_Evolution,1165,1026,2,14,73,0.1917808219178082,59,31.15935765804812,Displacement;Phase_Change;Geometric;SpatioTemporal_Dynamics,Displacement;Path_Evolution,50,50
R00005,Displacement__x__Path_Evolution=Uncommon Path_Evolution,1175,1026,1,40,73,0.547945205479452,33,11.467588736635332,Displacement;Phase_Change;Geometric;SpatioTemporal_Dynamics,Displacement;Path_Evolution,50,50
R00005,Displacement__x__Path_Evolution=Uncommon Path_Evolution,1175,564,2,26,73,0.3561643835616438,47,10.418420633375597,Displacement;Phase_Change;Geometric;SpatioTemporal_Dynamics,Displacement;Path_Evolution,50,50
R00005,Displacement__x__Path_Evolution=Uncommon Path_Evolution,1176,1026,1,30,73,0.410958904109589,43,55.1686117875825,Displacement;Phase_Change;Geometric;SpatioTemporal_Dynamics,Displacement;Path_Evolution,50,50
R00005,Displacement__x__Path_Evolution=Uncommon Path_Evolution,1176,564,2,28,73,0.3835616438356164,45,54.549337938614144,Displacement;Phase_Change;Geometric;SpatioTemporal_Dynamics,Displacement;Path_Evolution,50,50
R00005,Displacement__x__Path_Evolution=Uncommon Path_Evolution,1360,1026,1,22,73,0.3013698630136986,51,4.755099918707692,Displacement;Phase_Change;Geometric;SpatioTemporal_Dynamics,Displacement;Path_Evolution,50,50
R00005,Displacement__x__Path_Evolution=Uncommon Path_Evolution,1360,564,2,19,73,0.2602739726027397,54,6.258743699902402,Displacement;Phase_Change;Geometric;SpatioTemporal_Dynamics,Displacement;Path_Evolution,50,50
R00005,Displacement__x__Path_Evolution=Uncommon Path_Evolution,1371,564,1,22,73,0.3013698630136986,51,5.43319831046596,Displacement;Phase_Change;Geometric;SpatioTemporal_Dynamics,Displacement;Path_Evolution,50,50
R00005,Displacement__x__Path_Evolution=Uncommon Path_Evolution,1371,1026,2,20,73,0.273972602739726,53,6.689250078718134,Displacement;Phase_Change;Geometric;SpatioTemporal_Dynamics,Displacement;Path_Evolution,50,50
R00005,Displacement__x__Path_Evolution=Uncommon Path_Evolution,1398,1026,1,41,73,0.5616438356164384,32,2793.7159396298766,Displacement;Phase_Change;Geometric;SpatioTemporal_Dynamics,Displacement;Path_Evolution,50,50
R00005,Displacement__x__Path_Evolution=Uncommon Path_Evolution,1398,564,2,38,73,0.5205479452054794,35,2794.212013825565,Displacement;Phase_Change;Geometric;SpatioTemporal_Dynamics,Displacement;Path_Evolution,50,50
R00005,Displacement__x__Path_Evolution=Uncommon Path_Evolution,1415,564,1,23,73,0.3150684931506849,50,16.555517912397818,Displacement;Phase_Change;Geometric;SpatioTemporal_Dynamics,Displacement;Path_Evolution,50,50
R00005,Displacement__x__Path_Evolution=Uncommon Path_Evolution,1415,1026,2,19,73,0.2602739726027397,54,17.10918355431586,Displacement;Phase_Change;Geometric;SpatioTemporal_Dynamics,Displacement;Path_Evolution,50,50
R00005,Displacement__x__Path_Evolution=Uncommon Path_Evolution,1451,564,1,24,73,0.3287671232876712,49,7.290680424883479,Displacement;Phase_Change;Geometric;SpatioTemporal_Dynamics,Displacement;Path_Evolution,50,50
R00005,Displacement__x__Path_Evolution=Uncommon Path_Evolution,1451,1026,2,18,73,0.2465753424657534,55,6.5993682824114,Displacement;Phase_Change;Geometric;SpatioTemporal_Dynamics,Displacement;Path_Evolution,50,50
R00005,Displacement__x__Path_Evolution=Uncommon Path_Evolution,1476,1026,1,13,73,0.1780821917808219,60,34.2254154125943,Displacement;Phase_Change;Geometric;SpatioTemporal_Dynamics,Displacement;Path_Evolution,50,50
R00005,Displacement__x__Path_Evolution=Uncommon Path_Evolution,1476,564,2,12,73,0.1643835616438356,61,33.81586467654486,Displacement;Phase_Change;Geometric;SpatioTemporal_Dynamics,Displacement;Path_Evolution,50,50
R00006,Duration__x__Path_Evolution=Uncommon Path_Evolution,72,714,1,52,73,0.7123287671232876,21,629.3680917605774,Acceleration;Duration;Phase_Change;Sequence_Complexity,Duration;Path_Evolution,31,34
R00006,Duration__x__Path_Evolution=Uncommon Path_Evolution,72,1144,2,38,73,0.5205479452054794,35,647.7697591915327,Acceleration;Duration;Phase_Change;Sequence_Complexity,Duration;Path_Evolution,31,34
R00006,Duration__x__Path_Evolution=Uncommon Path_Evolution,72,1375,3,35,73,0.4794520547945205,38,631.0912151164451,Acceleration;Duration;Phase_Change;Sequence_Complexity,Duration;Path_Evolution,31,34
R00006,Duration__x__Path_Evolution=Uncommon Path_Evolution,73,1144,1,47,73,0.6438356164383562,26,50.53478828226038,Acceleration;Duration;Phase_Change;Sequence_Complexity,Duration;Path_Evolution,31,34
R00006,Duration__x__Path_Evolution=Uncommon Path_Evolution,73,714,2,45,73,0.6164383561643836,28,19.36478353457604,Acceleration;Duration;Phase_Change;Sequence_Complexity,Duration;Path_Evolution,31,34
R00006,Duration__x__Path_Evolution=Uncommon Path_Evolution,73,1375,3,35,73,0.4794520547945205,38,15.194723128754873,Acceleration;Duration;Phase_Change;Sequence_Complexity,Duration;Path_Evolution,31,34
R00006,Duration__x__Path_Evolution=Uncommon Path_Evolution,174,714,1,43,73,0.589041095890411,30,46.599478561481185,Acceleration;Duration;Phase_Change;Sequence_Complexity,Duration;Path_Evolution,31,34
R00006,Duration__x__Path_Evolution=Uncommon Path_Evolution,174,1375,2,36,73,0.4931506849315068,37,45.88182636711488,Acceleration;Duration;Phase_Change;Sequence_Complexity,Duration;Path_Evolution,31,34
R00006,Duration__x__Path_Evolution=Uncommon Path_Evolution,174,1144,3,29,73,0.3972602739726027,44,85.68488470720509,Acceleration;Duration;Phase_Change;Sequence_Complexity,Duration;Path_Evolution,31,34
R00006,Duration__x__Path_Evolution=Uncommon Path_Evolution,213,714,1,56,73,0.7671232876712328,17,814.1131888874366,Acceleration;Duration;Phase_Change;Sequence_Complexity,Duration;Path_Evolution,31,34
R00006,Duration__x__Path_Evolution=Uncommon Path_Evolution,213,1375,2,44,73,0.6027397260273972,29,815.7204283823997,Acceleration;Duration;Phase_Change;Sequence_Complexity,Duration;Path_Evolution,31,34
R00006,Duration__x__Path_Evolution=Uncommon Path_Evolution,213,1144,3,29,73,0.3972602739726027,44,848.773289804304,Acceleration;Duration;Phase_Change;Sequence_Complexity,Duration;Path_Evolution,31,34
R00006,Duration__x__Path_Evolution=Uncommon Path_Evolution,304,714,1,49,73,0.6712328767123288,24,34.539028791807,Acceleration;Duration;Phase_Change;Sequence_Complexity,Duration;Path_Evolution,31,34
R00006,Duration__x__Path_Evolution=Uncommon Path_Evolution,304,1375,2,45,73,0.6164383561643836,28,30.1028248510247,Acceleration;Duration;Phase_Change;Sequence_Complexity,Duration;Path_Evolution,31,34
R00006,Duration__x__Path_Evolution=Uncommon Path_Evolution,304,1144,3,38,73,0.5205479452054794,35,63.31631209682633,Acceleration;Duration;Phase_Change;Sequence_Complexity,Duration;Path_Evolution,31,34
R00006,Duration__x__Path_Evolution=Uncommon Path_Evolution,321,714,1,52,73,0.7123287671232876,21,214.82360025059603,Acceleration;Duration;Phase_Change;Sequence_Complexity,Duration;Path_Evolution,31,34
R00006,Duration__x__Path_Evolution=Uncommon Path_Evolution,321,1144,2,37,73,0.5068493150684932,36,224.53393468401862,Acceleration;Duration;Phase_Change;Sequence_Complexity,Duration;Path_Evolution,31,34
R00006,Duration__x__Path_Evolution=Uncommon Path_Evolution,321,1375,3,35,73,0.4794520547945205,38,210.98676394270905,Acceleration;Duration;Phase_Change;Sequence_Complexity,Duration;Path_Evolution,31,34
R00006,Duration__x__Path_Evolution=Uncommon Path_Evolution,361,714,1,50,73,0.684931506849315,23,200.32143189542663,Acceleration;Duration;Phase_Change;Sequence_Complexity,Duration;Path_Evolution,31,34
R00006,Duration__x__Path_Evolution=Uncommon Path_Evolution,361,1144,2,36,73,0.4931506849315068,37,198.50712180647866,Acceleration;Duration;Phase_Change;Sequence_Complexity,Duration;Path_Evolution,31,34
R00006,Duration__x__Path_Evolution=Uncommon Path_Evolution,361,1375,3,33,73,0.4520547945205479,40,194.55841976186215,Acceleration;Duration;Phase_Change;Sequence_Complexity,Duration;Path_Evolution,31,34
R00006,Duration__x__Path_Evolution=Uncommon Path_Evolution,364,1144,1,48,73,0.6575342465753424,25,53.94040671887368,Acceleration;Duration;Phase_Change;Sequence_Complexity,Duration;Path_Evolution,31,34
R00006,Duration__x__Path_Evolution=Uncommon Path_Evolution,364,714,2,42,73,0.5753424657534246,31,18.16535427828848,Acceleration;Duration;Phase_Change;Sequence_Complexity,Duration;Path_Evolution,31,34
R00006,Duration__x__Path_Evolution=Uncommon Path_Evolution,364,1375,3,34,73,0.4657534246575342,39,16.155095595782043,Acceleration;Duration;Phase_Change;Sequence_Complexity,Duration;Path_Evolution,31,34
R00006,Duration__x__Path_Evolution=Uncommon Path_Evolution,366,714,1,47,73,0.6438356164383562,26,46.312701105040354,Acceleration;Duration;Phase_Change;Sequence_Complexity,Duration;Path_Evolution,31,34
R00006,Duration__x__Path_Evolution=Uncommon Path_Evolution,366,1375,2,40,73,0.547945205479452,33,42.84843059178474,Acceleration;Duration;Phase_Change;Sequence_Complexity,Duration;Path_Evolution,31,34
R00006,Duration__x__Path_Evolution=Uncommon Path_Evolution,366,1144,3,35,73,0.4794520547945205,38,32.936768298863946,Acceleration;Duration;Phase_Change;Sequence_Complexity,Duration;Path_Evolution,31,34
R00006,Duration__x__Path_Evolution=Uncommon Path_Evolution,407,714,1,51,73,0.6986301369863014,22,38.51142853409731,Acceleration;Duration;Phase_Change;Sequence_Complexity,Duration;Path_Evolution,31,34
R00006,Duration__x__Path_Evolution=Uncommon Path_Evolution,407,1375,2,41,73,0.5616438356164384,32,33.32528056541249,Acceleration;Duration;Phase_Change;Sequence_Complexity,Duration;Path_Evolution,31,34
R00006,Duration__x__Path_Evolution=Uncommon Path_Evolution,407,1144,3,28,73,0.3835616438356164,45,63.68310765381825,Acceleration;Duration;Phase_Change;Sequence_Complexity,Duration;Path_Evolution,31,34
R00006,Duration__x__Path_Evolution=Uncommon Path_Evolution,444,714,1,47,73,0.6438356164383562,26,41.50444876427731,Acceleration;Duration;Phase_Change;Sequence_Complexity,Duration;Path_Evolution,31,34
R00006,Duration__x__Path_Evolution=Uncommon Path_Evolution,444,1375,2,43,73,0.589041095890411,30,34.343475456323254,Acceleration;Duration;Phase_Change;Sequence_Complexity,Duration;Path_Evolution,31,34
R00006,Duration__x__Path_Evolution=Uncommon Path_Evolution,444,1144,3,32,73,0.4383561643835616,41,64.17317043522495,Acceleration;Duration;Phase_Change;Sequence_Complexity,Duration;Path_Evolution,31,34
R00006,Duration__x__Path_Evolution=Uncommon Path_Evolution,451,1144,1,38,73,0.5205479452054794,35,50.378223765049576,Acceleration;Duration;Phase_Change;Sequence_Complexity,Duration;Path_Evolution,31,34
R00006,Duration__x__Path_Evolution=Uncommon Path_Evolution,451,714,2,37,73,0.5068493150684932,36,21.023333437470676,Acceleration;Duration;Phase_Change;Sequence_Complexity,Duration;Path_Evolution,31,34
R00006,Duration__x__Path_Evolution=Uncommon Path_Evolution,451,1375,3,36,73,0.4931506849315068,37,19.32207206328405,Acceleration;Duration;Phase_Change;Sequence_Complexity,Duration;Path_Evolution,31,34
R00006,Duration__x__Path_Evolution=Uncommon Path_Evolution,554,1144,1,41,73,0.5616438356164384,32,63.72589674801127,Acceleration;Duration;Phase_Change;Sequence_Complexity,Duration;Path_Evolution,31,34
R00006,Duration__x__Path_Evolution=Uncommon Path_Evolution,554,714,2,38,73,0.5205479452054794,35,30.038579659283837,Acceleration;Duration;Phase_Change;Sequence_Complexity,Duration;Path_Evolution,31,34
R00006,Duration__x__Path_Evolution=Uncommon Path_Evolution,554,1375,3,29,73,0.3972602739726027,44,26.997574828225837,Acceleration;Duration;Phase_Change;Sequence_Complexity,Duration;Path_Evolution,31,34
R00006,Duration__x__Path_Evolution=Uncommon Path_Evolution,609,714,1,39,73,0.5342465753424658,34,42.22261894389672,Acceleration;Duration;Phase_Change;Sequence_Complexity,Duration;Path_Evolution,31,34
R00006,Duration__x__Path_Evolution=Uncommon Path_Evolution,609,1375,2,38,73,0.5205479452054794,35,40.950505546943816,Acceleration;Duration;Phase_Change;Sequence_Complexity,Duration;Path_Evolution,31,34
R00006,Duration__x__Path_Evolution=Uncommon Path_Evolution,609,1144,3,33,73,0.4520547945205479,40,23.742032282665487,Acceleration;Duration;Phase_Change;Sequence_Complexity,Duration;Path_Evolution,31,34
R00006,Duration__x__Path_Evolution=Uncommon Path_Evolution,661,1144,1,47,73,0.6438356164383562,26,58.81748723733134,Acceleration;Duration;Phase_Change;Sequence_Complexity,Duration;Path_Evolution,31,34
R00006,Duration__x__Path_Evolution=Uncommon Path_Evolution,661,714,2,46,73,0.6301369863013698,27,36.664575828024375,Acceleration;Duration;Phase_Change;Sequence_Complexity,Duration;Path_Evolution,31,34
R00006,Duration__x__Path_Evolution=Uncommon Path_Evolution,661,1375,3,35,73,0.4794520547945205,38,31.07244975700975,Acceleration;Duration;Phase_Change;Sequence_Complexity,Duration;Path_Evolution,31,34
R00006,Duration__x__Path_Evolution=Uncommon Path_Evolution,720,714,1,51,73,0.6986301369863014,22,249.67414055238143,Acceleration;Duration;Phase_Change;Sequence_Complexity,Duration;Path_Evolution,31,34
R00006,Duration__x__Path_Evolution=Uncommon Path_Evolution,720,1375,2,44,73,0.6027397260273972,29,246.77180996243482,Acceleration;Duration;Phase_Change;Sequence_Complexity,Duration;Path_Evolution,31,34
R00006,Duration__x__Path_Evolution=Uncommon Path_Evolution,720,1144,3,38,73,0.5205479452054794,35,238.650369000719,Acceleration;Duration;Phase_Change;Sequence_Complexity,Duration;Path_Evolution,31,34
R00006,Duration__x__Path_Evolution=Uncommon Path_Evolution,730,1375,1,36,73,0.4931506849315068,37,47.85092051231334,Acceleration;Duration;Phase_Change;Sequence_Complexity,Duration;Path_Evolution,31,34
R00006,Duration__x__Path_Evolution=Uncommon Path_Evolution,730,714,2,36,73,0.4931506849315068,37,47.93258306150858,Acceleration;Duration;Phase_Change;Sequence_Complexity,Duration;Path_Evolution,31,34
R00006,Duration__x__Path_Evolution=Uncommon Path_Evolution,730,1144,3,35,73,0.4794520547945205,38,60.02967119110445,Acceleration;Duration;Phase_Change;Sequence_Complexity,Duration;Path_Evolution,31,34
R00006,Duration__x__Path_Evolution=Uncommon Path_Evolution,736,714,1,38,73,0.5205479452054794,35,63.518212482369194,Acceleration;Duration;Phase_Change;Sequence_Complexity,Duration;Path_Evolution,31,34
R00006,Duration__x__Path_Evolution=Uncommon Path_Evolution,736,1375,2,34,73,0.4657534246575342,39,57.89110198522524,Acceleration;Duration;Phase_Change;Sequence_Complexity,Duration;Path_Evolution,31,34
R00006,Duration__x__Path_Evolution=Uncommon Path_Evolution,736,1144,3,28,73,0.3835616438356164,45,59.07694605204327,Acceleration;Duration;Phase_Change;Sequence_Complexity,Duration;Path_Evolution,31,34
R00006,Duration__x__Path_Evolution=Uncommon Path_Evolution,773,714,1,48,73,0.6575342465753424,25,24.967482247333493,Acceleration;Duration;Phase_Change;Sequence_Complexity,Duration;Path_Evolution,31,34
R00006,Duration__x__Path_Evolution=Uncommon Path_Evolution,773,1375,2,43,73,0.589041095890411,30,18.17268864655289,Acceleration;Duration;Phase_Change;Sequence_Complexity,Duration;Path_Evolution,31,34
R00006,Duration__x__Path_Evolution=Uncommon Path_Evolution,773,1144,3,40,73,0.547945205479452,33,56.94945266620434,Acceleration;Duration;Phase_Change;Sequence_Complexity,Duration;Path_Evolution,31,34
R00006,Duration__x__Path_Evolution=Uncommon Path_Evolution,816,714,1,56,73,0.7671232876712328,17,196.93161895138783,Acceleration;Duration;Phase_Change;Sequence_Complexity,Duration;Path_Evolution,31,34
R00006,Duration__x__Path_Evolution=Uncommon Path_Evolution,816,1375,2,44,73,0.6027397260273972,29,192.06359944183845,Acceleration;Duration;Phase_Change;Sequence_Complexity,Duration;Path_Evolution,31,34
R00006,Duration__x__Path_Evolution=Uncommon Path_Evolution,816,1144,3,29,73,0.3972602739726027,44,205.38392838488872,Acceleration;Duration;Phase_Change;Sequence_Complexity,Duration;Path_Evolution,31,34
R00006,Duration__x__Path_Evolution=Uncommon Path_Evolution,917,714,1,38,73,0.5205479452054794,35,211.5929702588512,Acceleration;Duration;Phase_Change;Sequence_Complexity,Duration;Path_Evolution,31,34
R00006,Duration__x__Path_Evolution=Uncommon Path_Evolution,917,1144,2,37,73,0.5068493150684932,36,176.44954247828065,Acceleration;Duration;Phase_Change;Sequence_Complexity,Duration;Path_Evolution,31,34
R00006,Duration__x__Path_Evolution=Uncommon Path_Evolution,917,1375,3,28,73,0.3835616438356164,45,208.68173068049876,Acceleration;Duration;Phase_Change;Sequence_Complexity,Duration;Path_Evolution,31,34
R00006,Duration__x__Path_Evolution=Uncommon Path_Evolution,918,1144,1,33,73,0.4520547945205479,40,1035.2598222784225,Acceleration;Duration;Phase_Change;Sequence_Complexity,Duration;Path_Evolution,31,34
R00006,Duration__x__Path_Evolution=Uncommon Path_Evolution,918,1375,2,24,73,0.3287671232876712,49,1067.9165913143036,Acceleration;Duration;Phase_Change;Sequence_Complexity,Duration;Path_Evolution,31,34
R00006,Duration__x__Path_Evolution=Uncommon Path_Evolution,918,714,3,24,73,0.3287671232876712,49,1069.5346794628588,Acceleration;Duration;Phase_Change;Sequence_Complexity,Duration;Path_Evolution,31,34
R00006,Duration__x__Path_Evolution=Uncommon Path_Evolution,934,714,1,46,73,0.6301369863013698,27,176.83387040393836,Acceleration;Duration;Phase_Change;Sequence_Complexity,Duration;Path_Evolution,31,34
R00006,Duration__x__Path_Evolution=Uncommon Path_Evolution,934,1144,2,33,73,0.4520547945205479,40,165.5867627802233,Acceleration;Duration;Phase_Change;Sequence_Complexity,Duration;Path_Evolution,31,34
R00006,Duration__x__Path_Evolution=Uncommon Path_Evolution,934,1375,3,32,73,0.4383561643835616,41,173.88208726145166,Acceleration;Duration;Phase_Change;Sequence_Complexity,Duration;Path_Evolution,31,34
R00006,Duration__x__Path_Evolution=Uncommon Path_Evolution,938,1375,1,39,73,0.5342465753424658,34,163.73728808629107,Acceleration;Duration;Phase_Change;Sequence_Complexity,Duration;Path_Evolution,31,34
R00006,Duration__x__Path_Evolution=Uncommon Path_Evolution,938,714,2,34,73,0.4657534246575342,39,162.55779635886148,Acceleration;Duration;Phase_Change;Sequence_Complexity,Duration;Path_Evolution,31,34
R00006,Duration__x__Path_Evolution=Uncommon Path_Evolution,938,1144,3,33,73,0.4520547945205479,40,199.73130181129721,Acceleration;Duration;Phase_Change;Sequence_Complexity,Duration;Path_Evolution,31,34
R00006,Duration__x__Path_Evolution=Uncommon Path_Evolution,1014,714,1,46,73,0.6301369863013698,27,186.23579723839526,Acceleration;Duration;Phase_Change;Sequence_Complexity,Duration;Path_Evolution,31,34
R00006,Duration__x__Path_Evolution=Uncommon Path_Evolution,1014,1375,2,33,73,0.4520547945205479,40,183.3550878121782,Acceleration;Duration;Phase_Change;Sequence_Complexity,Duration;Path_Evolution,31,34
R00006,Duration__x__Path_Evolution=Uncommon Path_Evolution,1014,1144,3,32,73,0.4383561643835616,41,174.91049376920256,Acceleration;Duration;Phase_Change;Sequence_Complexity,Duration;Path_Evolution,31,34
R00006,Duration__x__Path_Evolution=Uncommon Path_Evolution,1024,714,1,53,73,0.726027397260274,20,276.31620546981753,Acceleration;Duration;Phase_Change;Sequence_Complexity,Duration;Path_Evolution,31,34
R00006,Duration__x__Path_Evolution=Uncommon Path_Evolution,1024,1375,2,45,73,0.6164383561643836,28,269.3864003335951,Acceleration;Duration;Phase_Change;Sequence_Complexity,Duration;Path_Evolution,31,34
R00006,Duration__x__Path_Evolution=Uncommon Path_Evolution,1024,1144,3,30,73,0.410958904109589,43,273.8301316024837,Acceleration;Duration;Phase_Change;Sequence_Complexity,Duration;Path_Evolution,31,34
R00006,Duration__x__Path_Evolution=Uncommon Path_Evolution,1041,714,1,45,73,0.6164383561643836,28,164.95398189439243,Acceleration;Duration;Phase_Change;Sequence_Complexity,Duration;Path_Evolution,31,34
R00006,Duration__x__Path_Evolution=Uncommon Path_Evolution,1041,1144,2,34,73,0.4657534246575342,39,145.1374301000043,Acceleration;Duration;Phase_Change;Sequence_Complexity,Duration;Path_Evolution,31,34
R00006,Duration__x__Path_Evolution=Uncommon Path_Evolution,1041,1375,3,34,73,0.4657534246575342,39,158.32908835785076,Acceleration;Duration;Phase_Change;Sequence_Complexity,Duration;Path_Evolution,31,34
R00006,Duration__x__Path_Evolution=Uncommon Path_Evolution,1042,1144,1,27,73,0.3698630136986301,46,2354.0133734723618,Acceleration;Duration;Phase_Change;Sequence_Complexity,Duration;Path_Evolution,31,34
R00006,Duration__x__Path_Evolution=Uncommon Path_Evolution,1042,1375,2,26,73,0.3561643835616438,47,2387.527017360573,Acceleration;Duration;Phase_Change;Sequence_Complexity,Duration;Path_Evolution,31,34
R00006,Duration__x__Path_Evolution=Uncommon Path_Evolution,1042,714,3,20,73,0.273972602739726,53,2389.19357963732,Acceleration;Duration;Phase_Change;Sequence_Complexity,Duration;Path_Evolution,31,34
R00006,Duration__x__Path_Evolution=Uncommon Path_Evolution,1049,1375,1,44,73,0.6027397260273972,29,39.86386380707953,Acceleration;Duration;Phase_Change;Sequence_Complexity,Duration;Path_Evolution,31,34
R00006,Duration__x__Path_Evolution=Uncommon Path_Evolution,1049,714,2,36,73,0.4931506849315068,37,42.218246870040176,Acceleration;Duration;Phase_Change;Sequence_Complexity,Duration;Path_Evolution,31,34
R00006,Duration__x__Path_Evolution=Uncommon Path_Evolution,1049,1144,3,30,73,0.410958904109589,43,35.18232848911632,Acceleration;Duration;Phase_Change;Sequence_Complexity,Duration;Path_Evolution,31,34
R00006,Duration__x__Path_Evolution=Uncommon Path_Evolution,1120,714,1,52,73,0.7123287671232876,21,329.78055033793026,Acceleration;Duration;Phase_Change;Sequence_Complexity,Duration;Path_Evolution,31,34
R00006,Duration__x__Path_Evolution=Uncommon Path_Evolution,1120,1144,2,37,73,0.5068493150684932,36,324.1246412488759,Acceleration;Duration;Phase_Change;Sequence_Complexity,Duration;Path_Evolution,31,34
R00006,Duration__x__Path_Evolution=Uncommon Path_Evolution,1120,1375,3,35,73,0.4794520547945205,38,324.9782568940201,Acceleration;Duration;Phase_Change;Sequence_Complexity,Duration;Path_Evolution,31,34
R00006,Duration__x__Path_Evolution=Uncommon Path_Evolution,1404,1375,1,37,73,0.5068493150684932,36,1049.9926461214766,Acceleration;Duration;Phase_Change;Sequence_Complexity,Duration;Path_Evolution,31,34
R00006,Duration__x__Path_Evolution=Uncommon Path_Evolution,1404,1144,2,32,73,0.4383561643835616,41,1017.3118673977986,Acceleration;Duration;Phase_Change;Sequence_Complexity,Duration;Path_Evolution,31,34
R00006,Duration__x__Path_Evolution=Uncommon Path_Evolution,1404,714,3,30,73,0.410958904109589,43,1051.6126039962166,Acceleration;Duration;Phase_Change;Sequence_Complexity,Duration;Path_Evolution,31,34
R00006,Duration__x__Path_Evolution=Uncommon Path_Evolution,1425,1375,1,49,73,0.6712328767123288,24,3325.7290647260506,Acceleration;Duration;Phase_Change;Sequence_Complexity,Duration;Path_Evolution,31,34
R00006,Duration__x__Path_Evolution=Uncommon Path_Evolution,1425,714,2,44,73,0.6027397260273972,29,3327.354306395441,Acceleration;Duration;Phase_Change;Sequence_Complexity,Duration;Path_Evolution,31,34
R00006,Duration__x__Path_Evolution=Uncommon Path_Evolution,1425,1144,3,27,73,0.3698630136986301,46,3292.2845782967283,Acceleration;Duration;Phase_Change;Sequence_Complexity,Duration;Path_Evolution,31,34
R00006,Duration__x__Path_Evolution=Uncommon Path_Evolution,1431,1375,1,46,73,0.6301369863013698,27,46.83960584165251,Acceleration;Duration;Phase_Change;Sequence_Complexity,Duration;Path_Evolution,31,34
R00006,Duration__x__Path_Evolution=Uncommon Path_Evolution,1431,714,2,35,73,0.4794520547945205,38,49.32885483489598,Acceleration;Duration;Phase_Change;Sequence_Complexity,Duration;Path_Evolution,31,34
R00006,Duration__x__Path_Evolution=Uncommon Path_Evolution,1431,1144,3,29,73,0.3972602739726027,44,38.485649612181035,Acceleration;Duration;Phase_Change;Sequence_Complexity,Duration;Path_Evolution,31,34
R00006,Duration__x__Path_Evolution=Uncommon Path_Evolution,1444,714,1,48,73,0.6575342465753424,25,61.937172639959094,Acceleration;Duration;Phase_Change;Sequence_Complexity,Duration;Path_Evolution,31,34
R00006,Duration__x__Path_Evolution=Uncommon Path_Evolution,1444,1144,2,47,73,0.6438356164383562,26,41.21896983626935,Acceleration;Duration;Phase_Change;Sequence_Complexity,Duration;Path_Evolution,31,34
R00006,Duration__x__Path_Evolution=Uncommon Path_Evolution,1444,1375,3,37,73,0.5068493150684932,36,58.39125806753683,Acceleration;Duration;Phase_Change;Sequence_Complexity,Duration;Path_Evolution,31,34
R00006,Duration__x__Path_Evolution=Uncommon Path_Evolution,1476,714,1,40,73,0.547945205479452,33,50.231302587624725,Acceleration;Duration;Phase_Change;Sequence_Complexity,Duration;Path_Evolution,31,34
R00006,Duration__x__Path_Evolution=Uncommon Path_Evolution,1476,1144,2,37,73,0.5068493150684932,36,65.27163140828624,Acceleration;Duration;Phase_Change;Sequence_Complexity,Duration;Path_Evolution,31,34
R00006,Duration__x__Path_Evolution=Uncommon Path_Evolution,1476,1375,3,34,73,0.4657534246575342,39,50.62120673139473,Acceleration;Duration;Phase_Change;Sequence_Complexity,Duration;Path_Evolution,31,34
R00006,Duration__x__Path_Evolution=Uncommon Path_Evolution,1544,1144,1,46,73,0.6301369863013698,27,51.469572585058145,Acceleration;Duration;Phase_Change;Sequence_Complexity,Duration;Path_Evolution,31,34
R00006,Duration__x__Path_Evolution=Uncommon Path_Evolution,1544,1375,2,39,73,0.5342465753424658,34,14.525244275995824,Acceleration;Duration;Phase_Change;Sequence_Complexity,Duration;Path_Evolution,31,34
R00006,Duration__x__Path_Evolution=Uncommon Path_Evolution,1544,714,3,34,73,0.4657534246575342,39,16.033339269864154,Acceleration;Duration;Phase_Change;Sequence_Complexity,Duration;Path_Evolution,31,34
R00007,Geometric__x__Kinematic=Uncommon Kinematic,132,686,1,43,73,0.589041095890411,30,5.399057630608504,Acceleration;Indentation;Geometric;Temporal,Geometric;Kinematic,65,84
R00007,Geometric__x__Kinematic=Uncommon Kinematic,132,1116,2,37,73,0.5068493150684932,36,83.8107720098222,Acceleration;Indentation;Geometric;Temporal,Geometric;Kinematic,65,84
R00007,Geometric__x__Kinematic=Uncommon Kinematic,132,1476,3,10,73,0.136986301369863,63,59.14564105829575,Acceleration;Indentation;Geometric;Temporal,Geometric;Kinematic,65,84
R00007,Geometric__x__Kinematic=Uncommon Kinematic,179,686,1,50,73,0.684931506849315,23,4.686551454895729,Acceleration;Indentation;Geometric;Temporal,Geometric;Kinematic,65,84
R00007,Geometric__x__Kinematic=Uncommon Kinematic,179,1116,2,48,73,0.6575342465753424,25,86.42212548453749,Acceleration;Indentation;Geometric;Temporal,Geometric;Kinematic,65,84
R00007,Geometric__x__Kinematic=Uncommon Kinematic,179,1476,3,22,73,0.3013698630136986,51,58.58275926389069,Acceleration;Indentation;Geometric;Temporal,Geometric;Kinematic,65,84
R00007,Geometric__x__Kinematic=Uncommon Kinematic,232,686,1,52,73,0.7123287671232876,21,8.230856947284568,Acceleration;Indentation;Geometric;Temporal,Geometric;Kinematic,65,84
R00007,Geometric__x__Kinematic=Uncommon Kinematic,232,1116,2,44,73,0.6027397260273972,29,84.85455621068954,Acceleration;Indentation;Geometric;Temporal,Geometric;Kinematic,65,84
R00007,Geometric__x__Kinematic=Uncommon Kinematic,232,1476,3,22,73,0.3013698630136986,51,62.5174289373862,Acceleration;Indentation;Geometric;Temporal,Geometric;Kinematic,65,84
R00007,Geometric__x__Kinematic=Uncommon Kinematic,377,686,1,42,73,0.5753424657534246,31,52.888725028030514,Acceleration;Indentation;Geometric;Temporal,Geometric;Kinematic,65,84
R00007,Geometric__x__Kinematic=Uncommon Kinematic,377,1116,2,36,73,0.4931506849315068,37,107.35861744187213,Acceleration;Indentation;Geometric;Temporal,Geometric;Kinematic,65,84
R00007,Geometric__x__Kinematic=Uncommon Kinematic,377,1476,3,25,73,0.3424657534246575,48,15.429771143184276,Acceleration;Indentation;Geometric;Temporal,Geometric;Kinematic,65,84
R00007,Geometric__x__Kinematic=Uncommon Kinematic,384,1116,1,62,73,0.8493150684931506,11,104.72544914586999,Acceleration;Indentation;Geometric;Temporal,Geometric;Kinematic,65,84
R00007,Geometric__x__Kinematic=Uncommon Kinematic,384,686,2,47,73,0.6438356164383562,26,69.36035719813266,Acceleration;Indentation;Geometric;Temporal,Geometric;Kinematic,65,84
R00007,Geometric__x__Kinematic=Uncommon Kinematic,384,1476,3,29,73,0.3972602739726027,44,57.55117048946711,Acceleration;Indentation;Geometric;Temporal,Geometric;Kinematic,65,84
R00007,Geometric__x__Kinematic=Uncommon Kinematic,407,1116,1,45,73,0.6164383561643836,28,89.32472815283008,Acceleration;Indentation;Geometric;Temporal,Geometric;Kinematic,65,84
R00007,Geometric__x__Kinematic=Uncommon Kinematic,407,686,2,42,73,0.5753424657534246,31,36.24268527742034,Acceleration;Indentation;Geometric;Temporal,Geometric;Kinematic,65,84
R00007,Geometric__x__Kinematic=Uncommon Kinematic,407,1476,3,38,73,0.5205479452054794,35,70.51840294012935,Acceleration;Indentation;Geometric;Temporal,Geometric;Kinematic,65,84
R00007,Geometric__x__Kinematic=Uncommon Kinematic,454,686,1,50,73,0.684931506849315,23,15.218798510971594,Acceleration;Indentation;Geometric;Temporal,Geometric;Kinematic,65,84
R00007,Geometric__x__Kinematic=Uncommon Kinematic,454,1116,2,38,73,0.5205479452054794,35,88.44757457355546,Acceleration;Indentation;Geometric;Temporal,Geometric;Kinematic,65,84
R00007,Geometric__x__Kinematic=Uncommon Kinematic,454,1476,3,18,73,0.2465753424657534,55,60.16429285419875,Acceleration;Indentation;Geometric;Temporal,Geometric;Kinematic,65,84
R00007,Geometric__x__Kinematic=Uncommon Kinematic,461,1116,1,38,73,0.5205479452054794,35,88.12713692610605,Acceleration;Indentation;Geometric;Temporal,Geometric;Kinematic,65,84
R00007,Geometric__x__Kinematic=Uncommon Kinematic,461,686,2,33,73,0.4520547945205479,40,6.580165574324064,Acceleration;Indentation;Geometric;Temporal,Geometric;Kinematic,65,84
R00007,Geometric__x__Kinematic=Uncommon Kinematic,461,1476,3,24,73,0.3287671232876712,49,60.863544518787336,Acceleration;Indentation;Geometric;Temporal,Geometric;Kinematic,65,84
R00007,Geometric__x__Kinematic=Uncommon Kinematic,552,686,1,49,73,0.6712328767123288,24,10.054777188677932,Acceleration;Indentation;Geometric;Temporal,Geometric;Kinematic,65,84
R00007,Geometric__x__Kinematic=Uncommon Kinematic,552,1116,2,49,73,0.6712328767123288,24,88.79881116999063,Acceleration;Indentation;Geometric;Temporal,Geometric;Kinematic,65,84
R00007,Geometric__x__Kinematic=Uncommon Kinematic,552,1476,3,33,73,0.4520547945205479,40,60.759472489365386,Acceleration;Indentation;Geometric;Temporal,Geometric;Kinematic,65,84
R00007,Geometric__x__Kinematic=Uncommon Kinematic,554,1476,1,57,73,0.7808219178082192,16,61.92468403183386,Acceleration;Indentation;Geometric;Temporal,Geometric;Kinematic,65,84
R00007,Geometric__x__Kinematic=Uncommon Kinematic,554,686,2,39,73,0.5342465753424658,34,25.3011956252503,Acceleration;Indentation;Geometric;Temporal,Geometric;Kinematic,65,84
R00007,Geometric__x__Kinematic=Uncommon Kinematic,554,1116,3,38,73,0.5205479452054794,35,101.43878868739,Acceleration;Indentation;Geometric;Temporal,Geometric;Kinematic,65,84
R00007,Geometric__x__Kinematic=Uncommon Kinematic,559,686,1,41,73,0.5616438356164384,32,1169.0713831942553,Acceleration;Indentation;Geometric;Temporal,Geometric;Kinematic,65,84
R00007,Geometric__x__Kinematic=Uncommon Kinematic,559,1116,2,30,73,0.410958904109589,43,1161.291966743629,Acceleration;Indentation;Geometric;Temporal,Geometric;Kinematic,65,84
R00007,Geometric__x__Kinematic=Uncommon Kinematic,559,1476,3,24,73,0.3287671232876712,49,1199.1344614281925,Acceleration;Indentation;Geometric;Temporal,Geometric;Kinematic,65,84
R00007,Geometric__x__Kinematic=Uncommon Kinematic,595,686,1,51,73,0.6986301369863014,22,9.794989392158683,Acceleration;Indentation;Geometric;Temporal,Geometric;Kinematic,65,84
R00007,Geometric__x__Kinematic=Uncommon Kinematic,595,1116,2,38,73,0.5205479452054794,35,86.45028583932191,Acceleration;Indentation;Geometric;Temporal,Geometric;Kinematic,65,84
R00007,Geometric__x__Kinematic=Uncommon Kinematic,595,1476,3,21,73,0.2876712328767123,52,60.88414562402916,Acceleration;Indentation;Geometric;Temporal,Geometric;Kinematic,65,84
R00007,Geometric__x__Kinematic=Uncommon Kinematic,694,686,1,54,73,0.7397260273972602,19,9.219931754510625,Acceleration;Indentation;Geometric;Temporal,Geometric;Kinematic,65,84
R00007,Geometric__x__Kinematic=Uncommon Kinematic,694,1116,2,39,73,0.5342465753424658,34,87.98328177871679,Acceleration;Indentation;Geometric;Temporal,Geometric;Kinematic,65,84
R00007,Geometric__x__Kinematic=Uncommon Kinematic,694,1476,3,31,73,0.4246575342465753,42,59.401283111900135,Acceleration;Indentation;Geometric;Temporal,Geometric;Kinematic,65,84
R00007,Geometric__x__Kinematic=Uncommon Kinematic,733,1476,1,46,73,0.6301369863013698,27,250.06021732590938,Acceleration;Indentation;Geometric;Temporal,Geometric;Kinematic,65,84
R00007,Geometric__x__Kinematic=Uncommon Kinematic,733,686,2,43,73,0.589041095890411,30,224.67992816272275,Acceleration;Indentation;Geometric;Temporal,Geometric;Kinematic,65,84
R00007,Geometric__x__Kinematic=Uncommon Kinematic,733,1116,3,28,73,0.3835616438356164,45,232.49245982829729,Acceleration;Indentation;Geometric;Temporal,Geometric;Kinematic,65,84
R00007,Geometric__x__Kinematic=Uncommon Kinematic,792,686,1,52,73,0.7123287671232876,21,5.545828581414816,Acceleration;Indentation;Geometric;Temporal,Geometric;Kinematic,65,84
R00007,Geometric__x__Kinematic=Uncommon Kinematic,792,1116,2,44,73,0.6027397260273972,29,85.84610170250903,Acceleration;Indentation;Geometric;Temporal,Geometric;Kinematic,65,84
R00007,Geometric__x__Kinematic=Uncommon Kinematic,792,1476,3,20,73,0.273972602739726,53,60.86370156792497,Acceleration;Indentation;Geometric;Temporal,Geometric;Kinematic,65,84
R00007,Geometric__x__Kinematic=Uncommon Kinematic,810,686,1,41,73,0.5616438356164384,32,5.677207973914344,Acceleration;Indentation;Geometric;Temporal,Geometric;Kinematic,65,84
R00007,Geometric__x__Kinematic=Uncommon Kinematic,810,1116,2,34,73,0.4657534246575342,39,83.69728407996382,Acceleration;Indentation;Geometric;Temporal,Geometric;Kinematic,65,84
R00007,Geometric__x__Kinematic=Uncommon Kinematic,810,1476,3,30,73,0.410958904109589,43,59.83241008272141,Acceleration;Indentation;Geometric;Temporal,Geometric;Kinematic,65,84
R00007,Geometric__x__Kinematic=Uncommon Kinematic,824,1116,1,34,73,0.4657534246575342,39,92.5067126933458,Acceleration;Indentation;Geometric;Temporal,Geometric;Kinematic,65,84
R00007,Geometric__x__Kinematic=Uncommon Kinematic,824,686,2,23,73,0.3150684931506849,50,28.79160017200731,Acceleration;Indentation;Geometric;Temporal,Geometric;Kinematic,65,84
R00007,Geometric__x__Kinematic=Uncommon Kinematic,824,1476,3,17,73,0.2328767123287671,56,36.26005093257865,Acceleration;Indentation;Geometric;Temporal,Geometric;Kinematic,65,84
R00007,Geometric__x__Kinematic=Uncommon Kinematic,868,686,1,29,73,0.3972602739726027,44,6.120127263505947,Acceleration;Indentation;Geometric;Temporal,Geometric;Kinematic,65,84
R00007,Geometric__x__Kinematic=Uncommon Kinematic,868,1116,2,23,73,0.3150684931506849,50,85.60768503938439,Acceleration;Indentation;Geometric;Temporal,Geometric;Kinematic,65,84
R00007,Geometric__x__Kinematic=Uncommon Kinematic,868,1476,3,17,73,0.2328767123287671,56,59.226983058055325,Acceleration;Indentation;Geometric;Temporal,Geometric;Kinematic,65,84
R00007,Geometric__x__Kinematic=Uncommon Kinematic,898,1116,1,55,73,0.7534246575342466,18,87.64844002620632,Acceleration;Indentation;Geometric;Temporal,Geometric;Kinematic,65,84
R00007,Geometric__x__Kinematic=Uncommon Kinematic,898,686,2,38,73,0.5205479452054794,35,24.312231756673693,Acceleration;Indentation;Geometric;Temporal,Geometric;Kinematic,65,84
R00007,Geometric__x__Kinematic=Uncommon Kinematic,898,1476,3,35,73,0.4794520547945205,38,64.08826357674718,Acceleration;Indentation;Geometric;Temporal,Geometric;Kinematic,65,84
R00007,Geometric__x__Kinematic=Uncommon Kinematic,932,1116,1,44,73,0.6027397260273972,29,55.0483000366956,Acceleration;Indentation;Geometric;Temporal,Geometric;Kinematic,65,84
R00007,Geometric__x__Kinematic=Uncommon Kinematic,932,686,2,35,73,0.4794520547945205,38,90.54384950038623,Acceleration;Indentation;Geometric;Temporal,Geometric;Kinematic,65,84
R00007,Geometric__x__Kinematic=Uncommon Kinematic,932,1476,3,25,73,0.3424657534246575,48,87.57068381628129,Acceleration;Indentation;Geometric;Temporal,Geometric;Kinematic,65,84
R00007,Geometric__x__Kinematic=Uncommon Kinematic,934,1116,1,53,73,0.726027397260274,20,99.35520447801031,Acceleration;Indentation;Geometric;Temporal,Geometric;Kinematic,65,84
R00007,Geometric__x__Kinematic=Uncommon Kinematic,934,686,2,52,73,0.7123287671232876,21,175.79743694382097,Acceleration;Indentation;Geometric;Temporal,Geometric;Kinematic,65,84
R00007,Geometric__x__Kinematic=Uncommon Kinematic,934,1476,3,31,73,0.4246575342465753,42,178.48953396999485,Acceleration;Indentation;Geometric;Temporal,Geometric;Kinematic,65,84
R00007,Geometric__x__Kinematic=Uncommon Kinematic,938,1476,1,45,73,0.6164383561643836,28,141.26076871539263,Acceleration;Indentation;Geometric;Temporal,Geometric;Kinematic,65,84
R00007,Geometric__x__Kinematic=Uncommon Kinematic,938,1116,2,38,73,0.5205479452054794,35,196.93345670391315,Acceleration;Indentation;Geometric;Temporal,Geometric;Kinematic,65,84
R00007,Geometric__x__Kinematic=Uncommon Kinematic,938,686,3,30,73,0.410958904109589,43,162.74180548199698,Acceleration;Indentation;Geometric;Temporal,Geometric;Kinematic,65,84
R00007,Geometric__x__Kinematic=Uncommon Kinematic,1014,1116,1,56,73,0.7671232876712328,17,108.34014787627092,Acceleration;Indentation;Geometric;Temporal,Geometric;Kinematic,65,84
R00007,Geometric__x__Kinematic=Uncommon Kinematic,1014,686,2,51,73,0.6986301369863014,22,185.2381601143244,Acceleration;Indentation;Geometric;Temporal,Geometric;Kinematic,65,84
R00007,Geometric__x__Kinematic=Uncommon Kinematic,1014,1476,3,35,73,0.4794520547945205,38,187.79907488455578,Acceleration;Indentation;Geometric;Temporal,Geometric;Kinematic,65,84
R00007,Geometric__x__Kinematic=Uncommon Kinematic,1015,686,1,44,73,0.6027397260273972,29,8751.360199551096,Acceleration;Indentation;Geometric;Temporal,Geometric;Kinematic,65,84
R00007,Geometric__x__Kinematic=Uncommon Kinematic,1015,1116,2,42,73,0.5753424657534246,31,8741.438249047913,Acceleration;Indentation;Geometric;Temporal,Geometric;Kinematic,65,84
R00007,Geometric__x__Kinematic=Uncommon Kinematic,1015,1476,3,29,73,0.3972602739726027,44,8782.641839546446,Acceleration;Indentation;Geometric;Temporal,Geometric;Kinematic,65,84
R00007,Geometric__x__Kinematic=Uncommon Kinematic,1041,1116,1,54,73,0.7397260273972602,19,123.63351177526799,Acceleration;Indentation;Geometric;Temporal,Geometric;Kinematic,65,84
R00007,Geometric__x__Kinematic=Uncommon Kinematic,1041,686,2,50,73,0.684931506849315,23,164.3177651523563,Acceleration;Indentation;Geometric;Temporal,Geometric;Kinematic,65,84
R00007,Geometric__x__Kinematic=Uncommon Kinematic,1041,1476,3,34,73,0.4657534246575342,39,174.29103602647945,Acceleration;Indentation;Geometric;Temporal,Geometric;Kinematic,65,84
R00007,Geometric__x__Kinematic=Uncommon Kinematic,1042,1476,1,42,73,0.5753424657534246,31,2418.9943205240033,Acceleration;Indentation;Geometric;Temporal,Geometric;Kinematic,65,84
R00007,Geometric__x__Kinematic=Uncommon Kinematic,1042,686,2,27,73,0.3698630136986301,46,2388.3938020618184,Acceleration;Indentation;Geometric;Temporal,Geometric;Kinematic,65,84
R00007,Geometric__x__Kinematic=Uncommon Kinematic,1042,1116,3,20,73,0.273972602739726,53,2379.5770998147614,Acceleration;Indentation;Geometric;Temporal,Geometric;Kinematic,65,84
R00007,Geometric__x__Kinematic=Uncommon Kinematic,1158,686,1,54,73,0.7397260273972602,19,60.0857786629527,Acceleration;Indentation;Geometric;Temporal,Geometric;Kinematic,65,84
R00007,Geometric__x__Kinematic=Uncommon Kinematic,1158,1116,2,51,73,0.6986301369863014,22,90.4826431077228,Acceleration;Indentation;Geometric;Temporal,Geometric;Kinematic,65,84
R00007,Geometric__x__Kinematic=Uncommon Kinematic,1158,1476,3,21,73,0.2876712328767123,52,55.05785957958673,Acceleration;Indentation;Geometric;Temporal,Geometric;Kinematic,65,84
R00007,Geometric__x__Kinematic=Uncommon Kinematic,1175,1116,1,39,73,0.5342465753424658,34,105.87946871763289,Acceleration;Indentation;Geometric;Temporal,Geometric;Kinematic,65,84
R00007,Geometric__x__Kinematic=Uncommon Kinematic,1175,686,2,35,73,0.4794520547945205,38,51.318927451480924,Acceleration;Indentation;Geometric;Temporal,Geometric;Kinematic,65,84
R00007,Geometric__x__Kinematic=Uncommon Kinematic,1175,1476,3,27,73,0.3698630136986301,46,33.39303912640617,Acceleration;Indentation;Geometric;Temporal,Geometric;Kinematic,65,84
R00007,Geometric__x__Kinematic=Uncommon Kinematic,1182,1116,1,59,73,0.8082191780821918,14,103.8697532655217,Acceleration;Indentation;Geometric;Temporal,Geometric;Kinematic,65,84
R00007,Geometric__x__Kinematic=Uncommon Kinematic,1182,686,2,49,73,0.6712328767123288,24,56.33072655920653,Acceleration;Indentation;Geometric;Temporal,Geometric;Kinematic,65,84
R00007,Geometric__x__Kinematic=Uncommon Kinematic,1182,1476,3,29,73,0.3972602739726027,44,27.718892038338044,Acceleration;Indentation;Geometric;Temporal,Geometric;Kinematic,65,84
R00007,Geometric__x__Kinematic=Uncommon Kinematic,1195,1476,1,37,73,0.5068493150684932,36,59.083467973079344,Acceleration;Indentation;Geometric;Temporal,Geometric;Kinematic,65,84
R00007,Geometric__x__Kinematic=Uncommon Kinematic,1195,1116,2,36,73,0.4931506849315068,37,85.66703365322545,Acceleration;Indentation;Geometric;Temporal,Geometric;Kinematic,65,84
R00007,Geometric__x__Kinematic=Uncommon Kinematic,1195,686,3,27,73,0.3698630136986301,46,9.637511781972822,Acceleration;Indentation;Geometric;Temporal,Geometric;Kinematic,65,84
R00007,Geometric__x__Kinematic=Uncommon Kinematic,1284,686,1,56,73,0.7671232876712328,17,5.6890223504558275,Acceleration;Indentation;Geometric;Temporal,Geometric;Kinematic,65,84
R00007,Geometric__x__Kinematic=Uncommon Kinematic,1284,1116,2,52,73,0.7123287671232876,21,88.87286659770444,Acceleration;Indentation;Geometric;Temporal,Geometric;Kinematic,65,84
R00007,Geometric__x__Kinematic=Uncommon Kinematic,1284,1476,3,21,73,0.2876712328767123,52,57.89078976891351,Acceleration;Indentation;Geometric;Temporal,Geometric;Kinematic,65,84
R00007,Geometric__x__Kinematic=Uncommon Kinematic,1306,1116,1,53,73,0.726027397260274,20,257.3646909847806,Acceleration;Indentation;Geometric;Temporal,Geometric;Kinematic,65,84
R00007,Geometric__x__Kinematic=Uncommon Kinematic,1306,686,2,45,73,0.6164383561643836,28,340.8273769833231,Acceleration;Indentation;Geometric;Temporal,Geometric;Kinematic,65,84
R00007,Geometric__x__Kinematic=Uncommon Kinematic,1306,1476,3,21,73,0.2876712328767123,52,362.0238177028899,Acceleration;Indentation;Geometric;Temporal,Geometric;Kinematic,65,84
R00007,Geometric__x__Kinematic=Uncommon Kinematic,1361,686,1,48,73,0.6575342465753424,25,9.436483526084665,Acceleration;Indentation;Geometric;Temporal,Geometric;Kinematic,65,84
R00007,Geometric__x__Kinematic=Uncommon Kinematic,1361,1116,2,44,73,0.6027397260273972,29,88.7702581670638,Acceleration;Indentation;Geometric;Temporal,Geometric;Kinematic,65,84
R00007,Geometric__x__Kinematic=Uncommon Kinematic,1361,1476,3,19,73,0.2602739726027397,54,58.811773888242364,Acceleration;Indentation;Geometric;Temporal,Geometric;Kinematic,65,84
R00007,Geometric__x__Kinematic=Uncommon Kinematic,1415,686,1,29,73,0.3972602739726027,44,17.925086394839216,Acceleration;Indentation;Geometric;Temporal,Geometric;Kinematic,65,84
R00007,Geometric__x__Kinematic=Uncommon Kinematic,1415,1476,2,28,73,0.3835616438356164,45,55.18667939900548,Acceleration;Indentation;Geometric;Temporal,Geometric;Kinematic,65,84
R00007,Geometric__x__Kinematic=Uncommon Kinematic,1415,1116,3,25,73,0.3424657534246575,48,93.17635858287663,Acceleration;Indentation;Geometric;Temporal,Geometric;Kinematic,65,84
R00007,Geometric__x__Kinematic=Uncommon Kinematic,1432,1116,1,55,73,0.7534246575342466,18,195.92411385748488,Acceleration;Indentation;Geometric;Temporal,Geometric;Kinematic,65,84
R00007,Geometric__x__Kinematic=Uncommon Kinematic,1432,686,2,44,73,0.6027397260273972,29,242.79298689965532,Acceleration;Indentation;Geometric;Temporal,Geometric;Kinematic,65,84
R00007,Geometric__x__Kinematic=Uncommon Kinematic,1432,1476,3,21,73,0.2876712328767123,52,265.09601603622,Acceleration;Indentation;Geometric;Temporal,Geometric;Kinematic,65,84
R00008,Extent__x__Path_Evolution=Uncommon Path_Evolution,76,1237,1,40,73,0.547945205479452,33,7.274057548675665,Extent;Phase_Change;Spatial_Context;SpatioTemporal_Dynamics,Extent;Path_Evolution,26,26
R00008,Extent__x__Path_Evolution=Uncommon Path_Evolution,76,579,2,33,73,0.4520547945205479,40,7.87251989849074,Extent;Phase_Change;Spatial_Context;SpatioTemporal_Dynamics,Extent;Path_Evolution,26,26
R00008,Extent__x__Path_Evolution=Uncommon Path_Evolution,76,164,3,26,73,0.3561643835616438,47,36.945149008786636,Extent;Phase_Change;Spatial_Context;SpatioTemporal_Dynamics,Extent;Path_Evolution,26,26
R00008,Extent__x__Path_Evolution=Uncommon Path_Evolution,277,164,1,23,73,0.3150684931506849,50,32.29010409321439,Extent;Phase_Change;Spatial_Context;SpatioTemporal_Dynamics,Extent;Path_Evolution,26,26
R00008,Extent__x__Path_Evolution=Uncommon Path_Evolution,277,1237,2,19,73,0.2602739726027397,54,6.454330821743132,Extent;Phase_Change;Spatial_Context;SpatioTemporal_Dynamics,Extent;Path_Evolution,26,26
R00008,Extent__x__Path_Evolution=Uncommon Path_Evolution,277,579,3,17,73,0.2328767123287671,56,6.2463735503959885,Extent;Phase_Change;Spatial_Context;SpatioTemporal_Dynamics,Extent;Path_Evolution,26,26
R00008,Extent__x__Path_Evolution=Uncommon Path_Evolution,329,579,1,38,73,0.5205479452054794,35,2.5886037945895475,Extent;Phase_Change;Spatial_Context;SpatioTemporal_Dynamics,Extent;Path_Evolution,26,26
R00008,Extent__x__Path_Evolution=Uncommon Path_Evolution,329,1237,2,31,73,0.4246575342465753,42,2.760368817733105,Extent;Phase_Change;Spatial_Context;SpatioTemporal_Dynamics,Extent;Path_Evolution,26,26
R00008,Extent__x__Path_Evolution=Uncommon Path_Evolution,329,164,3,11,73,0.1506849315068493,62,36.86933518567502,Extent;Phase_Change;Spatial_Context;SpatioTemporal_Dynamics,Extent;Path_Evolution,26,26
R00008,Extent__x__Path_Evolution=Uncommon Path_Evolution,368,164,1,55,73,0.7534246575342466,18,36.489574093517355,Extent;Phase_Change;Spatial_Context;SpatioTemporal_Dynamics,Extent;Path_Evolution,26,26
R00008,Extent__x__Path_Evolution=Uncommon Path_Evolution,368,579,2,38,73,0.5205479452054794,35,6.239918241840272,Extent;Phase_Change;Spatial_Context;SpatioTemporal_Dynamics,Extent;Path_Evolution,26,26
R00008,Extent__x__Path_Evolution=Uncommon Path_Evolution,368,1237,3,18,73,0.2465753424657534,55,4.036960028942354,Extent;Phase_Change;Spatial_Context;SpatioTemporal_Dynamics,Extent;Path_Evolution,26,26
R00008,Extent__x__Path_Evolution=Uncommon Path_Evolution,371,164,1,35,73,0.4794520547945205,38,36.958064020202904,Extent;Phase_Change;Spatial_Context;SpatioTemporal_Dynamics,Extent;Path_Evolution,26,26
R00008,Extent__x__Path_Evolution=Uncommon Path_Evolution,371,579,2,34,73,0.4657534246575342,39,8.629563456383485,Extent;Phase_Change;Spatial_Context;SpatioTemporal_Dynamics,Extent;Path_Evolution,26,26
R00008,Extent__x__Path_Evolution=Uncommon Path_Evolution,371,1237,3,19,73,0.2602739726027397,54,6.44775680240415,Extent;Phase_Change;Spatial_Context;SpatioTemporal_Dynamics,Extent;Path_Evolution,26,26
R00008,Extent__x__Path_Evolution=Uncommon Path_Evolution,373,579,1,37,73,0.5068493150684932,36,4.927911016552431,Extent;Phase_Change;Spatial_Context;SpatioTemporal_Dynamics,Extent;Path_Evolution,26,26
R00008,Extent__x__Path_Evolution=Uncommon Path_Evolution,373,164,2,37,73,0.5068493150684932,36,36.76562578023093,Extent;Phase_Change;Spatial_Context;SpatioTemporal_Dynamics,Extent;Path_Evolution,26,26
R00008,Extent__x__Path_Evolution=Uncommon Path_Evolution,373,1237,3,30,73,0.410958904109589,43,2.697221578894307,Extent;Phase_Change;Spatial_Context;SpatioTemporal_Dynamics,Extent;Path_Evolution,26,26
R00008,Extent__x__Path_Evolution=Uncommon Path_Evolution,449,164,1,46,73,0.6301369863013698,27,33.52676428437996,Extent;Phase_Change;Spatial_Context;SpatioTemporal_Dynamics,Extent;Path_Evolution,26,26
R00008,Extent__x__Path_Evolution=Uncommon Path_Evolution,449,579,2,23,73,0.3150684931506849,50,19.28132680765693,Extent;Phase_Change;Spatial_Context;SpatioTemporal_Dynamics,Extent;Path_Evolution,26,26
R00008,Extent__x__Path_Evolution=Uncommon Path_Evolution,449,1237,3,20,73,0.273972602739726,53,19.663220144799705,Extent;Phase_Change;Spatial_Context;SpatioTemporal_Dynamics,Extent;Path_Evolution,26,26
R00008,Extent__x__Path_Evolution=Uncommon Path_Evolution,458,164,1,44,73,0.6027397260273972,29,32.3310956701167,Extent;Phase_Change;Spatial_Context;SpatioTemporal_Dynamics,Extent;Path_Evolution,26,26
R00008,Extent__x__Path_Evolution=Uncommon Path_Evolution,458,579,2,27,73,0.3698630136986301,46,7.527619850869456,Extent;Phase_Change;Spatial_Context;SpatioTemporal_Dynamics,Extent;Path_Evolution,26,26
R00008,Extent__x__Path_Evolution=Uncommon Path_Evolution,458,1237,3,22,73,0.3013698630136986,51,7.5992842035070405,Extent;Phase_Change;Spatial_Context;SpatioTemporal_Dynamics,Extent;Path_Evolution,26,26
R00008,Extent__x__Path_Evolution=Uncommon Path_Evolution,539,579,1,38,73,0.5205479452054794,35,483.2910472835168,Extent;Phase_Change;Spatial_Context;SpatioTemporal_Dynamics,Extent;Path_Evolution,26,26
R00008,Extent__x__Path_Evolution=Uncommon Path_Evolution,539,1237,2,36,73,0.4931506849315068,37,485.83245280927247,Extent;Phase_Change;Spatial_Context;SpatioTemporal_Dynamics,Extent;Path_Evolution,26,26
R00008,Extent__x__Path_Evolution=Uncommon Path_Evolution,539,164,3,18,73,0.2465753424657534,55,486.350566005784,Extent;Phase_Change;Spatial_Context;SpatioTemporal_Dynamics,Extent;Path_Evolution,26,26
R00008,Extent__x__Path_Evolution=Uncommon Path_Evolution,541,164,1,40,73,0.547945205479452,33,1196.5362736535665,Extent;Phase_Change;Spatial_Context;SpatioTemporal_Dynamics,Extent;Path_Evolution,26,26
R00008,Extent__x__Path_Evolution=Uncommon Path_Evolution,541,579,2,34,73,0.4657534246575342,39,1194.4771799237737,Extent;Phase_Change;Spatial_Context;SpatioTemporal_Dynamics,Extent;Path_Evolution,26,26
R00008,Extent__x__Path_Evolution=Uncommon Path_Evolution,541,1237,3,11,73,0.1506849315068493,62,1197.0180802148054,Extent;Phase_Change;Spatial_Context;SpatioTemporal_Dynamics,Extent;Path_Evolution,26,26
R00008,Extent__x__Path_Evolution=Uncommon Path_Evolution,617,164,1,46,73,0.6301369863013698,27,35.19536247173091,Extent;Phase_Change;Spatial_Context;SpatioTemporal_Dynamics,Extent;Path_Evolution,26,26
R00008,Extent__x__Path_Evolution=Uncommon Path_Evolution,617,579,2,42,73,0.5753424657534246,31,11.508524119484077,Extent;Phase_Change;Spatial_Context;SpatioTemporal_Dynamics,Extent;Path_Evolution,26,26
R00008,Extent__x__Path_Evolution=Uncommon Path_Evolution,617,1237,3,15,73,0.2054794520547945,58,9.408941430763258,Extent;Phase_Change;Spatial_Context;SpatioTemporal_Dynamics,Extent;Path_Evolution,26,26
R00008,Extent__x__Path_Evolution=Uncommon Path_Evolution,618,579,1,39,73,0.5342465753424658,34,11.788578646765217,Extent;Phase_Change;Spatial_Context;SpatioTemporal_Dynamics,Extent;Path_Evolution,26,26
R00008,Extent__x__Path_Evolution=Uncommon Path_Evolution,618,164,2,39,73,0.5342465753424658,34,35.04802866247803,Extent;Phase_Change;Spatial_Context;SpatioTemporal_Dynamics,Extent;Path_Evolution,26,26
R00008,Extent__x__Path_Evolution=Uncommon Path_Evolution,618,1237,3,16,73,0.2191780821917808,57,9.800382551699137,Extent;Phase_Change;Spatial_Context;SpatioTemporal_Dynamics,Extent;Path_Evolution,26,26
R00008,Extent__x__Path_Evolution=Uncommon Path_Evolution,627,164,1,36,73,0.4931506849315068,37,34.35104834725134,Extent;Phase_Change;Spatial_Context;SpatioTemporal_Dynamics,Extent;Path_Evolution,26,26
R00008,Extent__x__Path_Evolution=Uncommon Path_Evolution,627,579,2,34,73,0.4657534246575342,39,4.242952301989439,Extent;Phase_Change;Spatial_Context;SpatioTemporal_Dynamics,Extent;Path_Evolution,26,26
R00008,Extent__x__Path_Evolution=Uncommon Path_Evolution,627,1237,3,26,73,0.3561643835616438,47,4.49971575801469,Extent;Phase_Change;Spatial_Context;SpatioTemporal_Dynamics,Extent;Path_Evolution,26,26
R00008,Extent__x__Path_Evolution=Uncommon Path_Evolution,707,164,1,35,73,0.4794520547945205,38,31.99073379155847,Extent;Phase_Change;Spatial_Context;SpatioTemporal_Dynamics,Extent;Path_Evolution,26,26
R00008,Extent__x__Path_Evolution=Uncommon Path_Evolution,707,1237,2,34,73,0.4657534246575342,39,7.557016916456291,Extent;Phase_Change;Spatial_Context;SpatioTemporal_Dynamics,Extent;Path_Evolution,26,26
R00008,Extent__x__Path_Evolution=Uncommon Path_Evolution,707,579,3,18,73,0.2465753424657534,55,7.882883134191538,Extent;Phase_Change;Spatial_Context;SpatioTemporal_Dynamics,Extent;Path_Evolution,26,26
R00008,Extent__x__Path_Evolution=Uncommon Path_Evolution,740,579,1,34,73,0.4657534246575342,39,16.807917460001054,Extent;Phase_Change;Spatial_Context;SpatioTemporal_Dynamics,Extent;Path_Evolution,26,26
R00008,Extent__x__Path_Evolution=Uncommon Path_Evolution,740,164,2,26,73,0.3561643835616438,47,39.71406711072131,Extent;Phase_Change;Spatial_Context;SpatioTemporal_Dynamics,Extent;Path_Evolution,26,26
R00008,Extent__x__Path_Evolution=Uncommon Path_Evolution,740,1237,3,24,73,0.3287671232876712,49,14.423417485338122,Extent;Phase_Change;Spatial_Context;SpatioTemporal_Dynamics,Extent;Path_Evolution,26,26
R00008,Extent__x__Path_Evolution=Uncommon Path_Evolution,921,1237,1,27,73,0.3698630136986301,46,1308.479132044882,Extent;Phase_Change;Spatial_Context;SpatioTemporal_Dynamics,Extent;Path_Evolution,26,26
R00008,Extent__x__Path_Evolution=Uncommon Path_Evolution,921,579,2,24,73,0.3287671232876712,49,1305.9362217002272,Extent;Phase_Change;Spatial_Context;SpatioTemporal_Dynamics,Extent;Path_Evolution,26,26
R00008,Extent__x__Path_Evolution=Uncommon Path_Evolution,921,164,3,19,73,0.2602739726027397,54,1308.1845813912978,Extent;Phase_Change;Spatial_Context;SpatioTemporal_Dynamics,Extent;Path_Evolution,26,26
R00008,Extent__x__Path_Evolution=Uncommon Path_Evolution,931,164,1,44,73,0.6027397260273972,29,38.506527521744665,Extent;Phase_Change;Spatial_Context;SpatioTemporal_Dynamics,Extent;Path_Evolution,26,26
R00008,Extent__x__Path_Evolution=Uncommon Path_Evolution,931,579,2,31,73,0.4246575342465753,42,10.290273622482077,Extent;Phase_Change;Spatial_Context;SpatioTemporal_Dynamics,Extent;Path_Evolution,26,26
R00008,Extent__x__Path_Evolution=Uncommon Path_Evolution,931,1237,3,23,73,0.3150684931506849,50,12.876975347522626,Extent;Phase_Change;Spatial_Context;SpatioTemporal_Dynamics,Extent;Path_Evolution,26,26
R00008,Extent__x__Path_Evolution=Uncommon Path_Evolution,938,164,1,33,73,0.4520547945205479,40,184.82112514090267,Extent;Phase_Change;Spatial_Context;SpatioTemporal_Dynamics,Extent;Path_Evolution,26,26
R00008,Extent__x__Path_Evolution=Uncommon Path_Evolution,938,579,2,31,73,0.4246575342465753,42,182.73691729251902,Extent;Phase_Change;Spatial_Context;SpatioTemporal_Dynamics,Extent;Path_Evolution,26,26
R00008,Extent__x__Path_Evolution=Uncommon Path_Evolution,938,1237,3,11,73,0.1506849315068493,62,180.2062198238879,Extent;Phase_Change;Spatial_Context;SpatioTemporal_Dynamics,Extent;Path_Evolution,26,26
R00008,Extent__x__Path_Evolution=Uncommon Path_Evolution,999,164,1,44,73,0.6027397260273972,29,34.15733536428503,Extent;Phase_Change;Spatial_Context;SpatioTemporal_Dynamics,Extent;Path_Evolution,26,26
R00008,Extent__x__Path_Evolution=Uncommon Path_Evolution,999,579,2,34,73,0.4657534246575342,39,6.479847335681948,Extent;Phase_Change;Spatial_Context;SpatioTemporal_Dynamics,Extent;Path_Evolution,26,26
R00008,Extent__x__Path_Evolution=Uncommon Path_Evolution,999,1237,3,26,73,0.3561643835616438,47,6.869280554779376,Extent;Phase_Change;Spatial_Context;SpatioTemporal_Dynamics,Extent;Path_Evolution,26,26
R00008,Extent__x__Path_Evolution=Uncommon Path_Evolution,1042,579,1,29,73,0.3972602739726027,44,2700.199784199203,Extent;Phase_Change;Spatial_Context;SpatioTemporal_Dynamics,Extent;Path_Evolution,26,26
R00008,Extent__x__Path_Evolution=Uncommon Path_Evolution,1042,164,2,16,73,0.2191780821917808,57,2701.9801299204364,Extent;Phase_Change;Spatial_Context;SpatioTemporal_Dynamics,Extent;Path_Evolution,26,26
R00008,Extent__x__Path_Evolution=Uncommon Path_Evolution,1042,1237,3,12,73,0.1643835616438356,61,2702.7404431208815,Extent;Phase_Change;Spatial_Context;SpatioTemporal_Dynamics,Extent;Path_Evolution,26,26
R00008,Extent__x__Path_Evolution=Uncommon Path_Evolution,1044,164,1,37,73,0.5068493150684932,36,804.6676257970247,Extent;Phase_Change;Spatial_Context;SpatioTemporal_Dynamics,Extent;Path_Evolution,26,26
R00008,Extent__x__Path_Evolution=Uncommon Path_Evolution,1044,579,2,25,73,0.3424657534246575,48,803.6644483157679,Extent;Phase_Change;Spatial_Context;SpatioTemporal_Dynamics,Extent;Path_Evolution,26,26
R00008,Extent__x__Path_Evolution=Uncommon Path_Evolution,1044,1237,3,23,73,0.3150684931506849,50,806.1720535870351,Extent;Phase_Change;Spatial_Context;SpatioTemporal_Dynamics,Extent;Path_Evolution,26,26
R00008,Extent__x__Path_Evolution=Uncommon Path_Evolution,1045,579,1,38,73,0.5205479452054794,35,2588.1601160448663,Extent;Phase_Change;Spatial_Context;SpatioTemporal_Dynamics,Extent;Path_Evolution,26,26
R00008,Extent__x__Path_Evolution=Uncommon Path_Evolution,1045,164,2,29,73,0.3972602739726027,44,2590.1445422452152,Extent;Phase_Change;Spatial_Context;SpatioTemporal_Dynamics,Extent;Path_Evolution,26,26
R00008,Extent__x__Path_Evolution=Uncommon Path_Evolution,1045,1237,3,17,73,0.2328767123287671,56,2590.701286960793,Extent;Phase_Change;Spatial_Context;SpatioTemporal_Dynamics,Extent;Path_Evolution,26,26
R00008,Extent__x__Path_Evolution=Uncommon Path_Evolution,1049,579,1,30,73,0.410958904109589,43,10.173742578462655,Extent;Phase_Change;Spatial_Context;SpatioTemporal_Dynamics,Extent;Path_Evolution,26,26
R00008,Extent__x__Path_Evolution=Uncommon Path_Evolution,1049,164,2,23,73,0.3150684931506849,50,29.835570030239445,Extent;Phase_Change;Spatial_Context;SpatioTemporal_Dynamics,Extent;Path_Evolution,26,26
R00008,Extent__x__Path_Evolution=Uncommon Path_Evolution,1049,1237,3,15,73,0.2054794520547945,58,10.626477290237787,Extent;Phase_Change;Spatial_Context;SpatioTemporal_Dynamics,Extent;Path_Evolution,26,26
R00008,Extent__x__Path_Evolution=Uncommon Path_Evolution,1071,164,1,39,73,0.5342465753424658,34,39.56003044274175,Extent;Phase_Change;Spatial_Context;SpatioTemporal_Dynamics,Extent;Path_Evolution,26,26
R00008,Extent__x__Path_Evolution=Uncommon Path_Evolution,1071,1237,2,28,73,0.3835616438356164,45,13.633610409520493,Extent;Phase_Change;Spatial_Context;SpatioTemporal_Dynamics,Extent;Path_Evolution,26,26
R00008,Extent__x__Path_Evolution=Uncommon Path_Evolution,1071,579,3,15,73,0.2054794520547945,58,16.056252550420627,Extent;Phase_Change;Spatial_Context;SpatioTemporal_Dynamics,Extent;Path_Evolution,26,26
R00008,Extent__x__Path_Evolution=Uncommon Path_Evolution,1143,579,1,45,73,0.6164383561643836,28,49.727303941041605,Extent;Phase_Change;Spatial_Context;SpatioTemporal_Dynamics,Extent;Path_Evolution,26,26
R00008,Extent__x__Path_Evolution=Uncommon Path_Evolution,1143,164,2,29,73,0.3972602739726027,44,59.92197242297397,Extent;Phase_Change;Spatial_Context;SpatioTemporal_Dynamics,Extent;Path_Evolution,26,26
R00008,Extent__x__Path_Evolution=Uncommon Path_Evolution,1143,1237,3,15,73,0.2054794520547945,58,47.19163808413744,Extent;Phase_Change;Spatial_Context;SpatioTemporal_Dynamics,Extent;Path_Evolution,26,26
R00008,Extent__x__Path_Evolution=Uncommon Path_Evolution,1165,579,1,36,73,0.4931506849315068,37,29.529517961011162,Extent;Phase_Change;Spatial_Context;SpatioTemporal_Dynamics,Extent;Path_Evolution,26,26
R00008,Extent__x__Path_Evolution=Uncommon Path_Evolution,1165,1237,2,27,73,0.3698630136986301,46,32.04938767783522,Extent;Phase_Change;Spatial_Context;SpatioTemporal_Dynamics,Extent;Path_Evolution,26,26
R00008,Extent__x__Path_Evolution=Uncommon Path_Evolution,1165,164,3,11,73,0.1506849315068493,62,48.13787383855804,Extent;Phase_Change;Spatial_Context;SpatioTemporal_Dynamics,Extent;Path_Evolution,26,26
R00008,Extent__x__Path_Evolution=Uncommon Path_Evolution,1174,164,1,47,73,0.6438356164383562,26,34.39071208494848,Extent;Phase_Change;Spatial_Context;SpatioTemporal_Dynamics,Extent;Path_Evolution,26,26
R00008,Extent__x__Path_Evolution=Uncommon Path_Evolution,1174,579,2,25,73,0.3424657534246575,48,4.8676791032596665,Extent;Phase_Change;Spatial_Context;SpatioTemporal_Dynamics,Extent;Path_Evolution,26,26
R00008,Extent__x__Path_Evolution=Uncommon Path_Evolution,1174,1237,3,14,73,0.1917808219178082,59,6.947171577038321,Extent;Phase_Change;Spatial_Context;SpatioTemporal_Dynamics,Extent;Path_Evolution,26,26
R00008,Extent__x__Path_Evolution=Uncommon Path_Evolution,1176,579,1,30,73,0.410958904109589,43,56.07615501933536,Extent;Phase_Change;Spatial_Context;SpatioTemporal_Dynamics,Extent;Path_Evolution,26,26
R00008,Extent__x__Path_Evolution=Uncommon Path_Evolution,1176,164,2,23,73,0.3150684931506849,50,65.50492635006606,Extent;Phase_Change;Spatial_Context;SpatioTemporal_Dynamics,Extent;Path_Evolution,26,26
R00008,Extent__x__Path_Evolution=Uncommon Path_Evolution,1176,1237,3,22,73,0.3013698630136986,51,53.5650776366796,Extent;Phase_Change;Spatial_Context;SpatioTemporal_Dynamics,Extent;Path_Evolution,26,26
R00008,Extent__x__Path_Evolution=Uncommon Path_Evolution,1262,579,1,40,73,0.547945205479452,33,3.4795430990399714,Extent;Phase_Change;Spatial_Context;SpatioTemporal_Dynamics,Extent;Path_Evolution,26,26
R00008,Extent__x__Path_Evolution=Uncommon Path_Evolution,1262,164,2,33,73,0.4520547945205479,40,36.97616892004214,Extent;Phase_Change;Spatial_Context;SpatioTemporal_Dynamics,Extent;Path_Evolution,26,26
R00008,Extent__x__Path_Evolution=Uncommon Path_Evolution,1262,1237,3,26,73,0.3561643835616438,47,2.2369119021319883,Extent;Phase_Change;Spatial_Context;SpatioTemporal_Dynamics,Extent;Path_Evolution,26,26
R00008,Extent__x__Path_Evolution=Uncommon Path_Evolution,1362,579,1,46,73,0.6301369863013698,27,6.557432759327264,Extent;Phase_Change;Spatial_Context;SpatioTemporal_Dynamics,Extent;Path_Evolution,26,26
R00008,Extent__x__Path_Evolution=Uncommon Path_Evolution,1362,164,2,41,73,0.5616438356164384,32,34.92797231268662,Extent;Phase_Change;Spatial_Context;SpatioTemporal_Dynamics,Extent;Path_Evolution,26,26
R00008,Extent__x__Path_Evolution=Uncommon Path_Evolution,1362,1237,3,21,73,0.2876712328767123,52,5.505648875084027,Extent;Phase_Change;Spatial_Context;SpatioTemporal_Dynamics,Extent;Path_Evolution,26,26
R00008,Extent__x__Path_Evolution=Uncommon Path_Evolution,1448,164,1,37,73,0.5068493150684932,36,507.48551672078247,Extent;Phase_Change;Spatial_Context;SpatioTemporal_Dynamics,Extent;Path_Evolution,26,26
R00008,Extent__x__Path_Evolution=Uncommon Path_Evolution,1448,579,2,35,73,0.4794520547945205,38,504.4742683963785,Extent;Phase_Change;Spatial_Context;SpatioTemporal_Dynamics,Extent;Path_Evolution,26,26
R00008,Extent__x__Path_Evolution=Uncommon Path_Evolution,1448,1237,3,22,73,0.3013698630136986,51,507.01548855829077,Extent;Phase_Change;Spatial_Context;SpatioTemporal_Dynamics,Extent;Path_Evolution,26,26
R00008,Extent__x__Path_Evolution=Uncommon Path_Evolution,1451,1237,1,35,73,0.4794520547945205,38,3.188378635042257,Extent;Phase_Change;Spatial_Context;SpatioTemporal_Dynamics,Extent;Path_Evolution,26,26
R00008,Extent__x__Path_Evolution=Uncommon Path_Evolution,1451,579,2,21,73,0.2876712328767123,52,3.5732666474199384,Extent;Phase_Change;Spatial_Context;SpatioTemporal_Dynamics,Extent;Path_Evolution,26,26
R00008,Extent__x__Path_Evolution=Uncommon Path_Evolution,1451,164,3,16,73,0.2191780821917808,57,36.887036293824515,Extent;Phase_Change;Spatial_Context;SpatioTemporal_Dynamics,Extent;Path_Evolution,26,26
R00008,Extent__x__Path_Evolution=Uncommon Path_Evolution,1476,164,1,34,73,0.4657534246575342,39,49.553136763704124,Extent;Phase_Change;Spatial_Context;SpatioTemporal_Dynamics,Extent;Path_Evolution,26,26
R00008,Extent__x__Path_Evolution=Uncommon Path_Evolution,1476,579,2,25,73,0.3424657534246575,48,35.08910462271092,Extent;Phase_Change;Spatial_Context;SpatioTemporal_Dynamics,Extent;Path_Evolution,26,26
R00008,Extent__x__Path_Evolution=Uncommon Path_Evolution,1476,1237,3,18,73,0.2465753424657534,55,32.57451319242251,Extent;Phase_Change;Spatial_Context;SpatioTemporal_Dynamics,Extent;Path_Evolution,26,26
R00008,Extent__x__Path_Evolution=Uncommon Path_Evolution,1531,164,1,50,73,0.684931506849315,23,32.546119300936056,Extent;Phase_Change;Spatial_Context;SpatioTemporal_Dynamics,Extent;Path_Evolution,26,26
R00008,Extent__x__Path_Evolution=Uncommon Path_Evolution,1531,579,2,38,73,0.5205479452054794,35,7.179693734277624,Extent;Phase_Change;Spatial_Context;SpatioTemporal_Dynamics,Extent;Path_Evolution,26,26
R00008,Extent__x__Path_Evolution=Uncommon Path_Evolution,1531,1237,3,16,73,0.2191780821917808,57,7.012442010708358,Extent;Phase_Change;Spatial_Context;SpatioTemporal_Dynamics,Extent;Path_Evolution,26,26
R00009,Displacement__x__Path_Evolution=Uncommon Path_Evolution,62,725,1,30,73,0.410958904109589,43,5.273239053499398,Displacement;Phase_Change;Spatial_Context;SpatioTemporal_Dynamics,Displacement;Path_Evolution,26,26
R00009,Displacement__x__Path_Evolution=Uncommon Path_Evolution,62,1049,2,26,73,0.3561643835616438,47,5.933000863422483,Displacement;Phase_Change;Spatial_Context;SpatioTemporal_Dynamics,Displacement;Path_Evolution,26,26
R00009,Displacement__x__Path_Evolution=Uncommon Path_Evolution,62,815,3,24,73,0.3287671232876712,49,4.056089490473005,Displacement;Phase_Change;Spatial_Context;SpatioTemporal_Dynamics,Displacement;Path_Evolution,26,26
R00009,Displacement__x__Path_Evolution=Uncommon Path_Evolution,95,815,1,36,73,0.4931506849315068,37,5.584246742497053,Displacement;Phase_Change;Spatial_Context;SpatioTemporal_Dynamics,Displacement;Path_Evolution,26,26
R00009,Displacement__x__Path_Evolution=Uncommon Path_Evolution,95,1049,2,34,73,0.4657534246575342,39,5.575526959407054,Displacement;Phase_Change;Spatial_Context;SpatioTemporal_Dynamics,Displacement;Path_Evolution,26,26
R00009,Displacement__x__Path_Evolution=Uncommon Path_Evolution,95,725,3,32,73,0.4383561643835616,41,6.584832469208948,Displacement;Phase_Change;Spatial_Context;SpatioTemporal_Dynamics,Displacement;Path_Evolution,26,26
R00009,Displacement__x__Path_Evolution=Uncommon Path_Evolution,195,815,1,39,73,0.5342465753424658,34,33.13651480754584,Displacement;Phase_Change;Spatial_Context;SpatioTemporal_Dynamics,Displacement;Path_Evolution,26,26
R00009,Displacement__x__Path_Evolution=Uncommon Path_Evolution,195,725,2,19,73,0.2602739726027397,54,37.87714363657445,Displacement;Phase_Change;Spatial_Context;SpatioTemporal_Dynamics,Displacement;Path_Evolution,26,26
R00009,Displacement__x__Path_Evolution=Uncommon Path_Evolution,195,1049,3,16,73,0.2191780821917808,57,32.943611838455155,Displacement;Phase_Change;Spatial_Context;SpatioTemporal_Dynamics,Displacement;Path_Evolution,26,26
R00009,Displacement__x__Path_Evolution=Uncommon Path_Evolution,329,815,1,45,73,0.6164383561643836,28,3.3790860730434518,Displacement;Phase_Change;Spatial_Context;SpatioTemporal_Dynamics,Displacement;Path_Evolution,26,26
R00009,Displacement__x__Path_Evolution=Uncommon Path_Evolution,329,1049,2,27,73,0.3698630136986301,46,10.419586345442166,Displacement;Phase_Change;Spatial_Context;SpatioTemporal_Dynamics,Displacement;Path_Evolution,26,26
R00009,Displacement__x__Path_Evolution=Uncommon Path_Evolution,329,725,3,15,73,0.2054794520547945,58,6.591639442114308,Displacement;Phase_Change;Spatial_Context;SpatioTemporal_Dynamics,Displacement;Path_Evolution,26,26
R00009,Displacement__x__Path_Evolution=Uncommon Path_Evolution,368,815,1,28,73,0.3835616438356164,45,6.017796485638542,Displacement;Phase_Change;Spatial_Context;SpatioTemporal_Dynamics,Displacement;Path_Evolution,26,26
R00009,Displacement__x__Path_Evolution=Uncommon Path_Evolution,368,725,2,25,73,0.3424657534246575,48,4.453519762095372,Displacement;Phase_Change;Spatial_Context;SpatioTemporal_Dynamics,Displacement;Path_Evolution,26,26
R00009,Displacement__x__Path_Evolution=Uncommon Path_Evolution,368,1049,3,23,73,0.3150684931506849,50,11.771386069293513,Displacement;Phase_Change;Spatial_Context;SpatioTemporal_Dynamics,Displacement;Path_Evolution,26,26
R00009,Displacement__x__Path_Evolution=Uncommon Path_Evolution,371,725,1,38,73,0.5205479452054794,35,5.208087453995974,Displacement;Phase_Change;Spatial_Context;SpatioTemporal_Dynamics,Displacement;Path_Evolution,26,26
R00009,Displacement__x__Path_Evolution=Uncommon Path_Evolution,371,1049,2,36,73,0.4931506849315068,37,13.155076161732246,Displacement;Phase_Change;Spatial_Context;SpatioTemporal_Dynamics,Displacement;Path_Evolution,26,26
R00009,Displacement__x__Path_Evolution=Uncommon Path_Evolution,371,815,3,21,73,0.2876712328767123,52,7.8051009414658,Displacement;Phase_Change;Spatial_Context;SpatioTemporal_Dynamics,Displacement;Path_Evolution,26,26
R00009,Displacement__x__Path_Evolution=Uncommon Path_Evolution,373,815,1,33,73,0.4520547945205479,40,4.495273100541709,Displacement;Phase_Change;Spatial_Context;SpatioTemporal_Dynamics,Displacement;Path_Evolution,26,26
R00009,Displacement__x__Path_Evolution=Uncommon Path_Evolution,373,725,2,28,73,0.3835616438356164,45,4.2215287965954,Displacement;Phase_Change;Spatial_Context;SpatioTemporal_Dynamics,Displacement;Path_Evolution,26,26
R00009,Displacement__x__Path_Evolution=Uncommon Path_Evolution,373,1049,3,21,73,0.2876712328767123,52,10.73556142224907,Displacement;Phase_Change;Spatial_Context;SpatioTemporal_Dynamics,Displacement;Path_Evolution,26,26
R00009,Displacement__x__Path_Evolution=Uncommon Path_Evolution,499,725,1,38,73,0.5205479452054794,35,7.608307214051146,Displacement;Phase_Change;Spatial_Context;SpatioTemporal_Dynamics,Displacement;Path_Evolution,26,26
R00009,Displacement__x__Path_Evolution=Uncommon Path_Evolution,499,815,2,29,73,0.3972602739726027,44,1.952388856706968,Displacement;Phase_Change;Spatial_Context;SpatioTemporal_Dynamics,Displacement;Path_Evolution,26,26
R00009,Displacement__x__Path_Evolution=Uncommon Path_Evolution,499,1049,3,27,73,0.3698630136986301,46,9.743731254351578,Displacement;Phase_Change;Spatial_Context;SpatioTemporal_Dynamics,Displacement;Path_Evolution,26,26
R00009,Displacement__x__Path_Evolution=Uncommon Path_Evolution,539,815,1,32,73,0.4383561643835616,41,484.1145475204288,Displacement;Phase_Change;Spatial_Context;SpatioTemporal_Dynamics,Displacement;Path_Evolution,26,26
R00009,Displacement__x__Path_Evolution=Uncommon Path_Evolution,539,725,2,27,73,0.3698630136986301,46,488.68152847399045,Displacement;Phase_Change;Spatial_Context;SpatioTemporal_Dynamics,Displacement;Path_Evolution,26,26
R00009,Displacement__x__Path_Evolution=Uncommon Path_Evolution,539,1049,3,24,73,0.3287671232876712,49,482.78414101620405,Displacement;Phase_Change;Spatial_Context;SpatioTemporal_Dynamics,Displacement;Path_Evolution,26,26
R00009,Displacement__x__Path_Evolution=Uncommon Path_Evolution,579,815,1,43,73,0.589041095890411,30,2.2863017224684685,Displacement;Phase_Change;Spatial_Context;SpatioTemporal_Dynamics,Displacement;Path_Evolution,26,26
R00009,Displacement__x__Path_Evolution=Uncommon Path_Evolution,579,1049,2,30,73,0.410958904109589,43,10.173742578462653,Displacement;Phase_Change;Spatial_Context;SpatioTemporal_Dynamics,Displacement;Path_Evolution,26,26
R00009,Displacement__x__Path_Evolution=Uncommon Path_Evolution,579,725,3,24,73,0.3287671232876712,49,7.3458693970293085,Displacement;Phase_Change;Spatial_Context;SpatioTemporal_Dynamics,Displacement;Path_Evolution,26,26
R00009,Displacement__x__Path_Evolution=Uncommon Path_Evolution,617,725,1,28,73,0.3835616438356164,45,5.707507638164197,Displacement;Phase_Change;Spatial_Context;SpatioTemporal_Dynamics,Displacement;Path_Evolution,26,26
R00009,Displacement__x__Path_Evolution=Uncommon Path_Evolution,617,815,2,28,73,0.3835616438356164,45,10.629738521199046,Displacement;Phase_Change;Spatial_Context;SpatioTemporal_Dynamics,Displacement;Path_Evolution,26,26
R00009,Displacement__x__Path_Evolution=Uncommon Path_Evolution,617,1049,3,26,73,0.3561643835616438,47,13.516015577912192,Displacement;Phase_Change;Spatial_Context;SpatioTemporal_Dynamics,Displacement;Path_Evolution,26,26
R00009,Displacement__x__Path_Evolution=Uncommon Path_Evolution,627,1049,1,46,73,0.6301369863013698,27,7.094279707148409,Displacement;Phase_Change;Spatial_Context;SpatioTemporal_Dynamics,Displacement;Path_Evolution,26,26
R00009,Displacement__x__Path_Evolution=Uncommon Path_Evolution,627,725,2,38,73,0.5205479452054794,35,4.617974520409132,Displacement;Phase_Change;Spatial_Context;SpatioTemporal_Dynamics,Displacement;Path_Evolution,26,26
R00009,Displacement__x__Path_Evolution=Uncommon Path_Evolution,627,815,3,20,73,0.273972602739726,53,3.2364946341657457,Displacement;Phase_Change;Spatial_Context;SpatioTemporal_Dynamics,Displacement;Path_Evolution,26,26
R00009,Displacement__x__Path_Evolution=Uncommon Path_Evolution,656,725,1,35,73,0.4794520547945205,38,5.101798644387601,Displacement;Phase_Change;Spatial_Context;SpatioTemporal_Dynamics,Displacement;Path_Evolution,26,26
R00009,Displacement__x__Path_Evolution=Uncommon Path_Evolution,656,815,2,24,73,0.3287671232876712,49,5.469689629708608,Displacement;Phase_Change;Spatial_Context;SpatioTemporal_Dynamics,Displacement;Path_Evolution,26,26
R00009,Displacement__x__Path_Evolution=Uncommon Path_Evolution,656,1049,3,18,73,0.2465753424657534,55,6.643168412147841,Displacement;Phase_Change;Spatial_Context;SpatioTemporal_Dynamics,Displacement;Path_Evolution,26,26
R00009,Displacement__x__Path_Evolution=Uncommon Path_Evolution,721,815,1,35,73,0.4794520547945205,38,1599.1677164937255,Displacement;Phase_Change;Spatial_Context;SpatioTemporal_Dynamics,Displacement;Path_Evolution,26,26
R00009,Displacement__x__Path_Evolution=Uncommon Path_Evolution,721,1049,2,13,73,0.1780821917808219,60,1597.7914766122292,Displacement;Phase_Change;Spatial_Context;SpatioTemporal_Dynamics,Displacement;Path_Evolution,26,26
R00009,Displacement__x__Path_Evolution=Uncommon Path_Evolution,721,725,3,13,73,0.1780821917808219,60,1603.7383432474185,Displacement;Phase_Change;Spatial_Context;SpatioTemporal_Dynamics,Displacement;Path_Evolution,26,26
R00009,Displacement__x__Path_Evolution=Uncommon Path_Evolution,739,815,1,39,73,0.5342465753424658,34,66.95830134272741,Displacement;Phase_Change;Spatial_Context;SpatioTemporal_Dynamics,Displacement;Path_Evolution,26,26
R00009,Displacement__x__Path_Evolution=Uncommon Path_Evolution,739,1049,2,24,73,0.3287671232876712,49,65.74318844417652,Displacement;Phase_Change;Spatial_Context;SpatioTemporal_Dynamics,Displacement;Path_Evolution,26,26
R00009,Displacement__x__Path_Evolution=Uncommon Path_Evolution,739,725,3,24,73,0.3287671232876712,49,71.38598648678501,Displacement;Phase_Change;Spatial_Context;SpatioTemporal_Dynamics,Displacement;Path_Evolution,26,26
R00009,Displacement__x__Path_Evolution=Uncommon Path_Evolution,740,1049,1,32,73,0.4383561643835616,41,19.998296543858466,Displacement;Phase_Change;Spatial_Context;SpatioTemporal_Dynamics,Displacement;Path_Evolution,26,26
R00009,Displacement__x__Path_Evolution=Uncommon Path_Evolution,740,725,2,31,73,0.4246575342465753,42,12.474705565465815,Displacement;Phase_Change;Spatial_Context;SpatioTemporal_Dynamics,Displacement;Path_Evolution,26,26
R00009,Displacement__x__Path_Evolution=Uncommon Path_Evolution,740,815,3,26,73,0.3561643835616438,47,15.934763307262294,Displacement;Phase_Change;Spatial_Context;SpatioTemporal_Dynamics,Displacement;Path_Evolution,26,26
R00009,Displacement__x__Path_Evolution=Uncommon Path_Evolution,921,1049,1,40,73,0.547945205479452,33,1305.3913656116245,Displacement;Phase_Change;Spatial_Context;SpatioTemporal_Dynamics,Displacement;Path_Evolution,26,26
R00009,Displacement__x__Path_Evolution=Uncommon Path_Evolution,921,725,2,29,73,0.3972602739726027,44,1311.3307964390012,Displacement;Phase_Change;Spatial_Context;SpatioTemporal_Dynamics,Displacement;Path_Evolution,26,26
R00009,Displacement__x__Path_Evolution=Uncommon Path_Evolution,921,815,3,18,73,0.2465753424657534,55,1306.7588645298713,Displacement;Phase_Change;Spatial_Context;SpatioTemporal_Dynamics,Displacement;Path_Evolution,26,26
R00009,Displacement__x__Path_Evolution=Uncommon Path_Evolution,962,815,1,38,73,0.5205479452054794,35,13.105331694966594,Displacement;Phase_Change;Spatial_Context;SpatioTemporal_Dynamics,Displacement;Path_Evolution,26,26
R00009,Displacement__x__Path_Evolution=Uncommon Path_Evolution,962,1049,2,28,73,0.3835616438356164,45,17.22395717722504,Displacement;Phase_Change;Spatial_Context;SpatioTemporal_Dynamics,Displacement;Path_Evolution,26,26
R00009,Displacement__x__Path_Evolution=Uncommon Path_Evolution,962,725,3,25,73,0.3424657534246575,48,11.47858197226339,Displacement;Phase_Change;Spatial_Context;SpatioTemporal_Dynamics,Displacement;Path_Evolution,26,26
R00009,Displacement__x__Path_Evolution=Uncommon Path_Evolution,999,815,1,30,73,0.410958904109589,43,5.573378043887935,Displacement;Phase_Change;Spatial_Context;SpatioTemporal_Dynamics,Displacement;Path_Evolution,26,26
R00009,Displacement__x__Path_Evolution=Uncommon Path_Evolution,999,725,2,20,73,0.273972602739726,53,5.850332149215832,Displacement;Phase_Change;Spatial_Context;SpatioTemporal_Dynamics,Displacement;Path_Evolution,26,26
R00009,Displacement__x__Path_Evolution=Uncommon Path_Evolution,999,1049,3,14,73,0.1917808219178082,59,6.347642468962401,Displacement;Phase_Change;Spatial_Context;SpatioTemporal_Dynamics,Displacement;Path_Evolution,26,26
R00009,Displacement__x__Path_Evolution=Uncommon Path_Evolution,1015,725,1,27,73,0.3698630136986301,46,9903.914987933604,Displacement;Phase_Change;Spatial_Context;SpatioTemporal_Dynamics,Displacement;Path_Evolution,26,26
R00009,Displacement__x__Path_Evolution=Uncommon Path_Evolution,1015,815,2,20,73,0.273972602739726,53,9899.350300568498,Displacement;Phase_Change;Spatial_Context;SpatioTemporal_Dynamics,Displacement;Path_Evolution,26,26
R00009,Displacement__x__Path_Evolution=Uncommon Path_Evolution,1015,1049,3,15,73,0.2054794520547945,58,9897.950444675973,Displacement;Phase_Change;Spatial_Context;SpatioTemporal_Dynamics,Displacement;Path_Evolution,26,26
R00009,Displacement__x__Path_Evolution=Uncommon Path_Evolution,1042,1049,1,46,73,0.6301369863013698,27,2699.5856907365037,Displacement;Phase_Change;Spatial_Context;SpatioTemporal_Dynamics,Displacement;Path_Evolution,26,26
R00009,Displacement__x__Path_Evolution=Uncommon Path_Evolution,1042,815,2,25,73,0.3424657534246575,48,2701.0219098056687,Displacement;Phase_Change;Spatial_Context;SpatioTemporal_Dynamics,Displacement;Path_Evolution,26,26
R00009,Displacement__x__Path_Evolution=Uncommon Path_Evolution,1042,725,3,21,73,0.2876712328767123,52,2705.5617564953814,Displacement;Phase_Change;Spatial_Context;SpatioTemporal_Dynamics,Displacement;Path_Evolution,26,26
R00009,Displacement__x__Path_Evolution=Uncommon Path_Evolution,1045,815,1,33,73,0.4520547945205479,40,2588.982706471184,Displacement;Phase_Change;Spatial_Context;SpatioTemporal_Dynamics,Displacement;Path_Evolution,26,26
R00009,Displacement__x__Path_Evolution=Uncommon Path_Evolution,1045,1049,2,30,73,0.410958904109589,43,2587.5952859051436,Displacement;Phase_Change;Spatial_Context;SpatioTemporal_Dynamics,Displacement;Path_Evolution,26,26
R00009,Displacement__x__Path_Evolution=Uncommon Path_Evolution,1045,725,3,14,73,0.1917808219178082,59,2593.5485874435713,Displacement;Phase_Change;Spatial_Context;SpatioTemporal_Dynamics,Displacement;Path_Evolution,26,26
R00009,Displacement__x__Path_Evolution=Uncommon Path_Evolution,1075,725,1,36,73,0.4931506849315068,37,131.71902946211986,Displacement;Phase_Change;Spatial_Context;SpatioTemporal_Dynamics,Displacement;Path_Evolution,26,26
R00009,Displacement__x__Path_Evolution=Uncommon Path_Evolution,1075,1049,2,31,73,0.4246575342465753,42,125.89835096618614,Displacement;Phase_Change;Spatial_Context;SpatioTemporal_Dynamics,Displacement;Path_Evolution,26,26
R00009,Displacement__x__Path_Evolution=Uncommon Path_Evolution,1075,815,3,27,73,0.3698630136986301,46,127.24201399185682,Displacement;Phase_Change;Spatial_Context;SpatioTemporal_Dynamics,Displacement;Path_Evolution,26,26
R00009,Displacement__x__Path_Evolution=Uncommon Path_Evolution,1143,815,1,39,73,0.5342465753424658,34,48.82747556063859,Displacement;Phase_Change;Spatial_Context;SpatioTemporal_Dynamics,Displacement;Path_Evolution,26,26
R00009,Displacement__x__Path_Evolution=Uncommon Path_Evolution,1143,1049,2,26,73,0.3561643835616438,47,50.79043752093799,Displacement;Phase_Change;Spatial_Context;SpatioTemporal_Dynamics,Displacement;Path_Evolution,26,26
R00009,Displacement__x__Path_Evolution=Uncommon Path_Evolution,1143,725,3,18,73,0.2465753424657534,55,44.38267867433039,Displacement;Phase_Change;Spatial_Context;SpatioTemporal_Dynamics,Displacement;Path_Evolution,26,26
R00009,Displacement__x__Path_Evolution=Uncommon Path_Evolution,1165,815,1,37,73,0.5068493150684932,36,30.31381326904836,Displacement;Phase_Change;Spatial_Context;SpatioTemporal_Dynamics,Displacement;Path_Evolution,26,26
R00009,Displacement__x__Path_Evolution=Uncommon Path_Evolution,1165,1049,2,27,73,0.3698630136986301,46,30.270741950777325,Displacement;Phase_Change;Spatial_Context;SpatioTemporal_Dynamics,Displacement;Path_Evolution,26,26
R00009,Displacement__x__Path_Evolution=Uncommon Path_Evolution,1165,725,3,18,73,0.2465753424657534,55,35.09437231213475,Displacement;Phase_Change;Spatial_Context;SpatioTemporal_Dynamics,Displacement;Path_Evolution,26,26
R00009,Displacement__x__Path_Evolution=Uncommon Path_Evolution,1176,1049,1,32,73,0.4383561643835616,41,57.41685273342782,Displacement;Phase_Change;Spatial_Context;SpatioTemporal_Dynamics,Displacement;Path_Evolution,26,26
R00009,Displacement__x__Path_Evolution=Uncommon Path_Evolution,1176,725,2,30,73,0.410958904109589,43,50.862201747109275,Displacement;Phase_Change;Spatial_Context;SpatioTemporal_Dynamics,Displacement;Path_Evolution,26,26
R00009,Displacement__x__Path_Evolution=Uncommon Path_Evolution,1176,815,3,27,73,0.3698630136986301,46,55.23159777850921,Displacement;Phase_Change;Spatial_Context;SpatioTemporal_Dynamics,Displacement;Path_Evolution,26,26
R00009,Displacement__x__Path_Evolution=Uncommon Path_Evolution,1360,725,1,39,73,0.5342465753424658,34,4.369394243936626,Displacement;Phase_Change;Spatial_Context;SpatioTemporal_Dynamics,Displacement;Path_Evolution,26,26
R00009,Displacement__x__Path_Evolution=Uncommon Path_Evolution,1360,1049,2,30,73,0.410958904109589,43,8.91646621623321,Displacement;Phase_Change;Spatial_Context;SpatioTemporal_Dynamics,Displacement;Path_Evolution,26,26
R00009,Displacement__x__Path_Evolution=Uncommon Path_Evolution,1360,815,3,26,73,0.3561643835616438,47,4.830727999116207,Displacement;Phase_Change;Spatial_Context;SpatioTemporal_Dynamics,Displacement;Path_Evolution,26,26
R00009,Displacement__x__Path_Evolution=Uncommon Path_Evolution,1362,815,1,38,73,0.5205479452054794,35,6.350274398117094,Displacement;Phase_Change;Spatial_Context;SpatioTemporal_Dynamics,Displacement;Path_Evolution,26,26
R00009,Displacement__x__Path_Evolution=Uncommon Path_Evolution,1362,1049,2,26,73,0.3561643835616438,47,8.87879336961095,Displacement;Phase_Change;Spatial_Context;SpatioTemporal_Dynamics,Displacement;Path_Evolution,26,26
R00009,Displacement__x__Path_Evolution=Uncommon Path_Evolution,1362,725,3,18,73,0.2465753424657534,55,4.614381486279277,Displacement;Phase_Change;Spatial_Context;SpatioTemporal_Dynamics,Displacement;Path_Evolution,26,26
R00009,Displacement__x__Path_Evolution=Uncommon Path_Evolution,1448,1049,1,40,73,0.547945205479452,33,503.9839516983167,Displacement;Phase_Change;Spatial_Context;SpatioTemporal_Dynamics,Displacement;Path_Evolution,26,26
R00009,Displacement__x__Path_Evolution=Uncommon Path_Evolution,1448,725,2,32,73,0.4383561643835616,41,509.87647855847297,Displacement;Phase_Change;Spatial_Context;SpatioTemporal_Dynamics,Displacement;Path_Evolution,26,26
R00009,Displacement__x__Path_Evolution=Uncommon Path_Evolution,1448,815,3,23,73,0.3150684931506849,50,505.2977420939096,Displacement;Phase_Change;Spatial_Context;SpatioTemporal_Dynamics,Displacement;Path_Evolution,26,26
R00009,Displacement__x__Path_Evolution=Uncommon Path_Evolution,1451,725,1,31,73,0.4246575342465753,42,6.481400594111697,Displacement;Phase_Change;Spatial_Context;SpatioTemporal_Dynamics,Displacement;Path_Evolution,26,26
R00009,Displacement__x__Path_Evolution=Uncommon Path_Evolution,1451,815,2,29,73,0.3972602739726027,44,4.378231498109696,Displacement;Phase_Change;Spatial_Context;SpatioTemporal_Dynamics,Displacement;Path_Evolution,26,26
R00009,Displacement__x__Path_Evolution=Uncommon Path_Evolution,1451,1049,3,28,73,0.3835616438356164,45,10.397798466763065,Displacement;Phase_Change;Spatial_Context;SpatioTemporal_Dynamics,Displacement;Path_Evolution,26,26
R00009,Displacement__x__Path_Evolution=Uncommon Path_Evolution,1476,1049,1,53,73,0.726027397260274,20,36.95833280009705,Displacement;Phase_Change;Spatial_Context;SpatioTemporal_Dynamics,Displacement;Path_Evolution,26,26
R00009,Displacement__x__Path_Evolution=Uncommon Path_Evolution,1476,725,2,29,73,0.3972602739726027,44,29.979794187566846,Displacement;Phase_Change;Spatial_Context;SpatioTemporal_Dynamics,Displacement;Path_Evolution,26,26
R00009,Displacement__x__Path_Evolution=Uncommon Path_Evolution,1476,815,3,17,73,0.2328767123287671,56,34.28592903254851,Displacement;Phase_Change;Spatial_Context;SpatioTemporal_Dynamics,Displacement;Path_Evolution,26,26
R00010,Duration__x__Path_Evolution=Uncommon Path_Evolution,72,597,1,57,73,0.7808219178082192,16,144.5690157767607,Duration;Phase_Change;Localization;Sequence_Complexity,Duration;Path_Evolution,16,19
R00010,Duration__x__Path_Evolution=Uncommon Path_Evolution,72,1036,2,50,73,0.684931506849315,23,143.9365338119783,Duration;Phase_Change;Localization;Sequence_Complexity,Duration;Path_Evolution,16,19
R00010,Duration__x__Path_Evolution=Uncommon Path_Evolution,72,11,3,35,73,0.4794520547945205,38,146.1820265782899,Duration;Phase_Change;Localization;Sequence_Complexity,Duration;Path_Evolution,16,19
R00010,Duration__x__Path_Evolution=Uncommon Path_Evolution,73,1036,1,60,73,0.821917808219178,13,4.426323999132279,Duration;Phase_Change;Localization;Sequence_Complexity,Duration;Path_Evolution,16,19
R00010,Duration__x__Path_Evolution=Uncommon Path_Evolution,73,597,2,51,73,0.6986301369863014,22,4.403817163734196,Duration;Phase_Change;Localization;Sequence_Complexity,Duration;Path_Evolution,16,19
R00010,Duration__x__Path_Evolution=Uncommon Path_Evolution,73,11,3,42,73,0.5753424657534246,31,3.595819139491465,Duration;Phase_Change;Localization;Sequence_Complexity,Duration;Path_Evolution,16,19
R00010,Duration__x__Path_Evolution=Uncommon Path_Evolution,174,1036,1,44,73,0.6027397260273972,29,42.989223217895265,Duration;Phase_Change;Localization;Sequence_Complexity,Duration;Path_Evolution,16,19
R00010,Duration__x__Path_Evolution=Uncommon Path_Evolution,174,597,2,35,73,0.4794520547945205,38,42.64812751547382,Duration;Phase_Change;Localization;Sequence_Complexity,Duration;Path_Evolution,16,19
R00010,Duration__x__Path_Evolution=Uncommon Path_Evolution,174,11,3,25,73,0.3424657534246575,48,41.48789796234221,Duration;Phase_Change;Localization;Sequence_Complexity,Duration;Path_Evolution,16,19
R00010,Duration__x__Path_Evolution=Uncommon Path_Evolution,213,597,1,49,73,0.6712328767123288,24,635.0171498851703,Duration;Phase_Change;Localization;Sequence_Complexity,Duration;Path_Evolution,16,19
R00010,Duration__x__Path_Evolution=Uncommon Path_Evolution,213,1036,2,45,73,0.6164383561643836,28,635.5825491929139,Duration;Phase_Change;Localization;Sequence_Complexity,Duration;Path_Evolution,16,19
R00010,Duration__x__Path_Evolution=Uncommon Path_Evolution,213,11,3,27,73,0.3698630136986301,46,638.1643605459211,Duration;Phase_Change;Localization;Sequence_Complexity,Duration;Path_Evolution,16,19
R00010,Duration__x__Path_Evolution=Uncommon Path_Evolution,237,1036,1,53,73,0.726027397260274,20,1.9750340590174083,Duration;Phase_Change;Localization;Sequence_Complexity,Duration;Path_Evolution,16,19
R00010,Duration__x__Path_Evolution=Uncommon Path_Evolution,237,11,2,48,73,0.6575342465753424,25,4.325005022519253,Duration;Phase_Change;Localization;Sequence_Complexity,Duration;Path_Evolution,16,19
R00010,Duration__x__Path_Evolution=Uncommon Path_Evolution,237,597,3,42,73,0.5753424657534246,31,3.3476180306121184,Duration;Phase_Change;Localization;Sequence_Complexity,Duration;Path_Evolution,16,19
R00010,Duration__x__Path_Evolution=Uncommon Path_Evolution,304,1036,1,57,73,0.7808219178082192,16,13.395674313679653,Duration;Phase_Change;Localization;Sequence_Complexity,Duration;Path_Evolution,16,19
R00010,Duration__x__Path_Evolution=Uncommon Path_Evolution,304,597,2,38,73,0.5205479452054794,35,13.158760739994777,Duration;Phase_Change;Localization;Sequence_Complexity,Duration;Path_Evolution,16,19
R00010,Duration__x__Path_Evolution=Uncommon Path_Evolution,304,11,3,31,73,0.4246575342465753,42,16.334570513770903,Duration;Phase_Change;Localization;Sequence_Complexity,Duration;Path_Evolution,16,19
R00010,Duration__x__Path_Evolution=Uncommon Path_Evolution,321,597,1,60,73,0.821917808219178,13,135.58124750136705,Duration;Phase_Change;Localization;Sequence_Complexity,Duration;Path_Evolution,16,19
R00010,Duration__x__Path_Evolution=Uncommon Path_Evolution,321,1036,2,51,73,0.6986301369863014,22,136.10149577216615,Duration;Phase_Change;Localization;Sequence_Complexity,Duration;Path_Evolution,16,19
R00010,Duration__x__Path_Evolution=Uncommon Path_Evolution,321,11,3,36,73,0.4931506849315068,37,138.78935017847863,Duration;Phase_Change;Localization;Sequence_Complexity,Duration;Path_Evolution,16,19
R00010,Duration__x__Path_Evolution=Uncommon Path_Evolution,361,597,1,57,73,0.7808219178082192,16,175.75906378453624,Duration;Phase_Change;Localization;Sequence_Complexity,Duration;Path_Evolution,16,19
R00010,Duration__x__Path_Evolution=Uncommon Path_Evolution,361,1036,2,50,73,0.684931506849315,23,175.76305706972255,Duration;Phase_Change;Localization;Sequence_Complexity,Duration;Path_Evolution,16,19
R00010,Duration__x__Path_Evolution=Uncommon Path_Evolution,361,11,3,34,73,0.4657534246575342,39,178.77465162666277,Duration;Phase_Change;Localization;Sequence_Complexity,Duration;Path_Evolution,16,19
R00010,Duration__x__Path_Evolution=Uncommon Path_Evolution,366,597,1,56,73,0.7671232876712328,17,40.19979095953653,Duration;Phase_Change;Localization;Sequence_Complexity,Duration;Path_Evolution,16,19
R00010,Duration__x__Path_Evolution=Uncommon Path_Evolution,366,1036,2,50,73,0.684931506849315,23,39.87222981216785,Duration;Phase_Change;Localization;Sequence_Complexity,Duration;Path_Evolution,16,19
R00010,Duration__x__Path_Evolution=Uncommon Path_Evolution,366,11,3,33,73,0.4520547945205479,40,41.73038342208015,Duration;Phase_Change;Localization;Sequence_Complexity,Duration;Path_Evolution,16,19
R00010,Duration__x__Path_Evolution=Uncommon Path_Evolution,407,597,1,48,73,0.6575342465753424,25,31.143331949229733,Duration;Phase_Change;Localization;Sequence_Complexity,Duration;Path_Evolution,16,19
R00010,Duration__x__Path_Evolution=Uncommon Path_Evolution,407,1036,2,44,73,0.6027397260273972,29,31.660495790542154,Duration;Phase_Change;Localization;Sequence_Complexity,Duration;Path_Evolution,16,19
R00010,Duration__x__Path_Evolution=Uncommon Path_Evolution,407,11,3,28,73,0.3835616438356164,45,34.18638040719754,Duration;Phase_Change;Localization;Sequence_Complexity,Duration;Path_Evolution,16,19
R00010,Duration__x__Path_Evolution=Uncommon Path_Evolution,436,11,1,44,73,0.6027397260273972,29,40.76596291319553,Duration;Phase_Change;Localization;Sequence_Complexity,Duration;Path_Evolution,16,19
R00010,Duration__x__Path_Evolution=Uncommon Path_Evolution,436,1036,2,41,73,0.5616438356164384,32,38.10512955472273,Duration;Phase_Change;Localization;Sequence_Complexity,Duration;Path_Evolution,16,19
R00010,Duration__x__Path_Evolution=Uncommon Path_Evolution,436,597,3,38,73,0.5205479452054794,35,37.581905911393875,Duration;Phase_Change;Localization;Sequence_Complexity,Duration;Path_Evolution,16,19
R00010,Duration__x__Path_Evolution=Uncommon Path_Evolution,554,1036,1,34,73,0.4657534246575342,39,10.014025027114402,Duration;Phase_Change;Localization;Sequence_Complexity,Duration;Path_Evolution,16,19
R00010,Duration__x__Path_Evolution=Uncommon Path_Evolution,554,597,2,33,73,0.4520547945205479,40,9.486014350805586,Duration;Phase_Change;Localization;Sequence_Complexity,Duration;Path_Evolution,16,19
R00010,Duration__x__Path_Evolution=Uncommon Path_Evolution,554,11,3,32,73,0.4383561643835616,41,10.55952328065677,Duration;Phase_Change;Localization;Sequence_Complexity,Duration;Path_Evolution,16,19
R00010,Duration__x__Path_Evolution=Uncommon Path_Evolution,609,1036,1,43,73,0.589041095890411,30,38.431907742559424,Duration;Phase_Change;Localization;Sequence_Complexity,Duration;Path_Evolution,16,19
R00010,Duration__x__Path_Evolution=Uncommon Path_Evolution,609,597,2,36,73,0.4931506849315068,37,39.02715356591754,Duration;Phase_Change;Localization;Sequence_Complexity,Duration;Path_Evolution,16,19
R00010,Duration__x__Path_Evolution=Uncommon Path_Evolution,609,11,3,33,73,0.4520547945205479,40,39.22732186025325,Duration;Phase_Change;Localization;Sequence_Complexity,Duration;Path_Evolution,16,19
R00010,Duration__x__Path_Evolution=Uncommon Path_Evolution,661,1036,1,58,73,0.7945205479452054,15,23.563866055117618,Duration;Phase_Change;Localization;Sequence_Complexity,Duration;Path_Evolution,16,19
R00010,Duration__x__Path_Evolution=Uncommon Path_Evolution,661,597,2,53,73,0.726027397260274,20,23.239381142986932,Duration;Phase_Change;Localization;Sequence_Complexity,Duration;Path_Evolution,16,19
R00010,Duration__x__Path_Evolution=Uncommon Path_Evolution,661,11,3,44,73,0.6027397260273972,29,25.733181658754997,Duration;Phase_Change;Localization;Sequence_Complexity,Duration;Path_Evolution,16,19
R00010,Duration__x__Path_Evolution=Uncommon Path_Evolution,669,597,1,49,73,0.6712328767123288,24,4.97648845907877,Duration;Phase_Change;Localization;Sequence_Complexity,Duration;Path_Evolution,16,19
R00010,Duration__x__Path_Evolution=Uncommon Path_Evolution,669,1036,2,41,73,0.5616438356164384,32,5.421741323278187,Duration;Phase_Change;Localization;Sequence_Complexity,Duration;Path_Evolution,16,19
R00010,Duration__x__Path_Evolution=Uncommon Path_Evolution,669,11,3,40,73,0.547945205479452,33,4.499053522186765,Duration;Phase_Change;Localization;Sequence_Complexity,Duration;Path_Evolution,16,19
R00010,Duration__x__Path_Evolution=Uncommon Path_Evolution,720,1036,1,52,73,0.7123287671232876,21,190.3864697192857,Duration;Phase_Change;Localization;Sequence_Complexity,Duration;Path_Evolution,16,19
R00010,Duration__x__Path_Evolution=Uncommon Path_Evolution,720,597,2,42,73,0.5753424657534246,31,191.34360524666778,Duration;Phase_Change;Localization;Sequence_Complexity,Duration;Path_Evolution,16,19
R00010,Duration__x__Path_Evolution=Uncommon Path_Evolution,720,11,3,34,73,0.4657534246575342,39,189.436154755767,Duration;Phase_Change;Localization;Sequence_Complexity,Duration;Path_Evolution,16,19
R00010,Duration__x__Path_Evolution=Uncommon Path_Evolution,736,1036,1,42,73,0.5753424657534246,31,45.9026677182342,Duration;Phase_Change;Localization;Sequence_Complexity,Duration;Path_Evolution,16,19
R00010,Duration__x__Path_Evolution=Uncommon Path_Evolution,736,597,2,32,73,0.4383561643835616,41,45.99407502894277,Duration;Phase_Change;Localization;Sequence_Complexity,Duration;Path_Evolution,16,19
R00010,Duration__x__Path_Evolution=Uncommon Path_Evolution,736,11,3,26,73,0.3561643835616438,47,48.220301683970284,Duration;Phase_Change;Localization;Sequence_Complexity,Duration;Path_Evolution,16,19
R00010,Duration__x__Path_Evolution=Uncommon Path_Evolution,816,597,1,49,73,0.6712328767123288,24,128.9904809987378,Duration;Phase_Change;Localization;Sequence_Complexity,Duration;Path_Evolution,16,19
R00010,Duration__x__Path_Evolution=Uncommon Path_Evolution,816,1036,2,45,73,0.6164383561643836,28,129.48663247720071,Duration;Phase_Change;Localization;Sequence_Complexity,Duration;Path_Evolution,16,19
R00010,Duration__x__Path_Evolution=Uncommon Path_Evolution,816,11,3,27,73,0.3698630136986301,46,132.15832198853403,Duration;Phase_Change;Localization;Sequence_Complexity,Duration;Path_Evolution,16,19
R00010,Duration__x__Path_Evolution=Uncommon Path_Evolution,905,1036,1,40,73,0.547945205479452,33,4.265154310644683,Duration;Phase_Change;Localization;Sequence_Complexity,Duration;Path_Evolution,16,19
R00010,Duration__x__Path_Evolution=Uncommon Path_Evolution,905,597,2,40,73,0.547945205479452,33,4.5427018526333285,Duration;Phase_Change;Localization;Sequence_Complexity,Duration;Path_Evolution,16,19
R00010,Duration__x__Path_Evolution=Uncommon Path_Evolution,905,11,3,30,73,0.410958904109589,43,2.946637801310727,Duration;Phase_Change;Localization;Sequence_Complexity,Duration;Path_Evolution,16,19
R00010,Duration__x__Path_Evolution=Uncommon Path_Evolution,917,1036,1,48,73,0.6575342465753424,25,196.225098612556,Duration;Phase_Change;Localization;Sequence_Complexity,Duration;Path_Evolution,16,19
R00010,Duration__x__Path_Evolution=Uncommon Path_Evolution,917,597,2,41,73,0.5616438356164384,32,196.88917457090943,Duration;Phase_Change;Localization;Sequence_Complexity,Duration;Path_Evolution,16,19
R00010,Duration__x__Path_Evolution=Uncommon Path_Evolution,917,11,3,35,73,0.4794520547945205,38,194.83528679854808,Duration;Phase_Change;Localization;Sequence_Complexity,Duration;Path_Evolution,16,19
R00010,Duration__x__Path_Evolution=Uncommon Path_Evolution,918,11,1,36,73,0.4931506849315068,37,1068.982462409209,Duration;Phase_Change;Localization;Sequence_Complexity,Duration;Path_Evolution,16,19
R00010,Duration__x__Path_Evolution=Uncommon Path_Evolution,918,1036,2,31,73,0.4246575342465753,42,1070.2071674589429,Duration;Phase_Change;Localization;Sequence_Complexity,Duration;Path_Evolution,16,19
R00010,Duration__x__Path_Evolution=Uncommon Path_Evolution,918,597,3,28,73,0.3835616438356164,45,1070.4436007571069,Duration;Phase_Change;Localization;Sequence_Complexity,Duration;Path_Evolution,16,19
R00010,Duration__x__Path_Evolution=Uncommon Path_Evolution,933,1036,1,41,73,0.5616438356164384,32,2824.215340160674,Duration;Phase_Change;Localization;Sequence_Complexity,Duration;Path_Evolution,16,19
R00010,Duration__x__Path_Evolution=Uncommon Path_Evolution,933,597,2,34,73,0.4657534246575342,39,2824.4500253957744,Duration;Phase_Change;Localization;Sequence_Complexity,Duration;Path_Evolution,16,19
R00010,Duration__x__Path_Evolution=Uncommon Path_Evolution,933,11,3,31,73,0.4246575342465753,42,2822.9897198104904,Duration;Phase_Change;Localization;Sequence_Complexity,Duration;Path_Evolution,16,19
R00010,Duration__x__Path_Evolution=Uncommon Path_Evolution,934,597,1,54,73,0.7397260273972602,19,135.03067649695254,Duration;Phase_Change;Localization;Sequence_Complexity,Duration;Path_Evolution,16,19
R00010,Duration__x__Path_Evolution=Uncommon Path_Evolution,934,1036,2,47,73,0.6438356164383562,26,134.06829811025895,Duration;Phase_Change;Localization;Sequence_Complexity,Duration;Path_Evolution,16,19
R00010,Duration__x__Path_Evolution=Uncommon Path_Evolution,934,11,3,33,73,0.4520547945205479,40,133.1085524856039,Duration;Phase_Change;Localization;Sequence_Complexity,Duration;Path_Evolution,16,19
R00010,Duration__x__Path_Evolution=Uncommon Path_Evolution,935,1036,1,50,73,0.684931506849315,23,4310.356808129434,Duration;Phase_Change;Localization;Sequence_Complexity,Duration;Path_Evolution,16,19
R00010,Duration__x__Path_Evolution=Uncommon Path_Evolution,935,597,2,44,73,0.6027397260273972,29,4310.60177727189,Duration;Phase_Change;Localization;Sequence_Complexity,Duration;Path_Evolution,16,19
R00010,Duration__x__Path_Evolution=Uncommon Path_Evolution,935,11,3,41,73,0.5616438356164384,32,4309.133764105656,Duration;Phase_Change;Localization;Sequence_Complexity,Duration;Path_Evolution,16,19
R00010,Duration__x__Path_Evolution=Uncommon Path_Evolution,1014,597,1,55,73,0.7534246575342466,18,143.77281129559213,Duration;Phase_Change;Localization;Sequence_Complexity,Duration;Path_Evolution,16,19
R00010,Duration__x__Path_Evolution=Uncommon Path_Evolution,1014,1036,2,48,73,0.6575342465753424,25,142.7968553340371,Duration;Phase_Change;Localization;Sequence_Complexity,Duration;Path_Evolution,16,19
R00010,Duration__x__Path_Evolution=Uncommon Path_Evolution,1014,11,3,33,73,0.4520547945205479,40,141.96814883101996,Duration;Phase_Change;Localization;Sequence_Complexity,Duration;Path_Evolution,16,19
R00010,Duration__x__Path_Evolution=Uncommon Path_Evolution,1024,1036,1,48,73,0.6575342465753424,25,176.25654296402584,Duration;Phase_Change;Localization;Sequence_Complexity,Duration;Path_Evolution,16,19
R00010,Duration__x__Path_Evolution=Uncommon Path_Evolution,1024,597,2,48,73,0.6575342465753424,25,177.19797292910147,Duration;Phase_Change;Localization;Sequence_Complexity,Duration;Path_Evolution,16,19
R00010,Duration__x__Path_Evolution=Uncommon Path_Evolution,1024,11,3,28,73,0.3835616438356164,45,176.72048232310706,Duration;Phase_Change;Localization;Sequence_Complexity,Duration;Path_Evolution,16,19
R00010,Duration__x__Path_Evolution=Uncommon Path_Evolution,1041,597,1,57,73,0.7808219178082192,16,172.0205708033404,Duration;Phase_Change;Localization;Sequence_Complexity,Duration;Path_Evolution,16,19
R00010,Duration__x__Path_Evolution=Uncommon Path_Evolution,1041,1036,2,50,73,0.684931506849315,23,170.99236901922106,Duration;Phase_Change;Localization;Sequence_Complexity,Duration;Path_Evolution,16,19
R00010,Duration__x__Path_Evolution=Uncommon Path_Evolution,1041,11,3,35,73,0.4794520547945205,38,172.38549784405313,Duration;Phase_Change;Localization;Sequence_Complexity,Duration;Path_Evolution,16,19
R00010,Duration__x__Path_Evolution=Uncommon Path_Evolution,1120,597,1,58,73,0.7945205479452054,15,227.20335357277543,Duration;Phase_Change;Localization;Sequence_Complexity,Duration;Path_Evolution,16,19
R00010,Duration__x__Path_Evolution=Uncommon Path_Evolution,1120,1036,2,50,73,0.684931506849315,23,226.24540522338307,Duration;Phase_Change;Localization;Sequence_Complexity,Duration;Path_Evolution,16,19
R00010,Duration__x__Path_Evolution=Uncommon Path_Evolution,1120,11,3,36,73,0.4931506849315068,37,225.4061025949864,Duration;Phase_Change;Localization;Sequence_Complexity,Duration;Path_Evolution,16,19
R00010,Duration__x__Path_Evolution=Uncommon Path_Evolution,1404,1036,1,37,73,0.5068493150684932,36,1052.280572151749,Duration;Phase_Change;Localization;Sequence_Complexity,Duration;Path_Evolution,16,19
R00010,Duration__x__Path_Evolution=Uncommon Path_Evolution,1404,11,2,30,73,0.410958904109589,43,1051.0622933152617,Duration;Phase_Change;Localization;Sequence_Complexity,Duration;Path_Evolution,16,19
R00010,Duration__x__Path_Evolution=Uncommon Path_Evolution,1404,597,3,28,73,0.3835616438356164,45,1052.5172485530186,Duration;Phase_Change;Localization;Sequence_Complexity,Duration;Path_Evolution,16,19
R00010,Duration__x__Path_Evolution=Uncommon Path_Evolution,1444,1036,1,60,73,0.821917808219178,13,46.04379828363356,Duration;Phase_Change;Localization;Sequence_Complexity,Duration;Path_Evolution,16,19
R00010,Duration__x__Path_Evolution=Uncommon Path_Evolution,1444,597,2,52,73,0.7123287671232876,21,46.4086545433254,Duration;Phase_Change;Localization;Sequence_Complexity,Duration;Path_Evolution,16,19
R00010,Duration__x__Path_Evolution=Uncommon Path_Evolution,1444,11,3,42,73,0.5753424657534246,31,47.10248664456669,Duration;Phase_Change;Localization;Sequence_Complexity,Duration;Path_Evolution,16,19
R00011,Duration__x__Path_Evolution=Uncommon Path_Evolution,72,1036,1,50,73,0.684931506849315,23,251.70172302573295,Duration;Phase_Change;Sequence_Complexity;Speed,Duration;Path_Evolution,31,34
R00011,Duration__x__Path_Evolution=Uncommon Path_Evolution,72,96,2,32,73,0.4383561643835616,41,252.87409124461556,Duration;Phase_Change;Sequence_Complexity;Speed,Duration;Path_Evolution,31,34
R00011,Duration__x__Path_Evolution=Uncommon Path_Evolution,72,666,3,31,73,0.4246575342465753,42,252.8026556182201,Duration;Phase_Change;Sequence_Complexity;Speed,Duration;Path_Evolution,31,34
R00011,Duration__x__Path_Evolution=Uncommon Path_Evolution,73,1036,1,60,73,0.821917808219178,13,8.244354328652129,Duration;Phase_Change;Sequence_Complexity;Speed,Duration;Path_Evolution,31,34
R00011,Duration__x__Path_Evolution=Uncommon Path_Evolution,73,96,2,42,73,0.5753424657534246,31,6.454791780194819,Duration;Phase_Change;Sequence_Complexity;Speed,Duration;Path_Evolution,31,34
R00011,Duration__x__Path_Evolution=Uncommon Path_Evolution,73,666,3,23,73,0.3150684931506849,50,8.163810496423178,Duration;Phase_Change;Sequence_Complexity;Speed,Duration;Path_Evolution,31,34
R00011,Duration__x__Path_Evolution=Uncommon Path_Evolution,174,1036,1,44,73,0.6027397260273972,29,43.47337407351242,Duration;Phase_Change;Sequence_Complexity;Speed,Duration;Path_Evolution,31,34
R00011,Duration__x__Path_Evolution=Uncommon Path_Evolution,174,666,2,36,73,0.4931506849315068,37,43.503307696251,Duration;Phase_Change;Sequence_Complexity;Speed,Duration;Path_Evolution,31,34
R00011,Duration__x__Path_Evolution=Uncommon Path_Evolution,174,96,3,26,73,0.3561643835616438,47,42.791859267216424,Duration;Phase_Change;Sequence_Complexity;Speed,Duration;Path_Evolution,31,34
R00011,Duration__x__Path_Evolution=Uncommon Path_Evolution,213,1036,1,45,73,0.6164383561643836,28,654.9150628847516,Duration;Phase_Change;Sequence_Complexity;Speed,Duration;Path_Evolution,31,34
R00011,Duration__x__Path_Evolution=Uncommon Path_Evolution,213,666,2,36,73,0.4931506849315068,37,655.2192269777194,Duration;Phase_Change;Sequence_Complexity;Speed,Duration;Path_Evolution,31,34
R00011,Duration__x__Path_Evolution=Uncommon Path_Evolution,213,96,3,24,73,0.3287671232876712,49,657.7823065464347,Duration;Phase_Change;Sequence_Complexity;Speed,Duration;Path_Evolution,31,34
R00011,Duration__x__Path_Evolution=Uncommon Path_Evolution,237,1036,1,53,73,0.726027397260274,20,2.7711466567795164,Duration;Phase_Change;Sequence_Complexity;Speed,Duration;Path_Evolution,31,34
R00011,Duration__x__Path_Evolution=Uncommon Path_Evolution,237,96,2,38,73,0.5205479452054794,35,6.769000005576346,Duration;Phase_Change;Sequence_Complexity;Speed,Duration;Path_Evolution,31,34
R00011,Duration__x__Path_Evolution=Uncommon Path_Evolution,237,666,3,21,73,0.2876712328767123,52,4.1344272146053225,Duration;Phase_Change;Sequence_Complexity;Speed,Duration;Path_Evolution,31,34
R00011,Duration__x__Path_Evolution=Uncommon Path_Evolution,304,1036,1,57,73,0.7808219178082192,16,23.71620298979753,Duration;Phase_Change;Sequence_Complexity;Speed,Duration;Path_Evolution,31,34
R00011,Duration__x__Path_Evolution=Uncommon Path_Evolution,304,96,2,35,73,0.4794520547945205,38,25.396432614297666,Duration;Phase_Change;Sequence_Complexity;Speed,Duration;Path_Evolution,31,34
R00011,Duration__x__Path_Evolution=Uncommon Path_Evolution,304,666,3,27,73,0.3698630136986301,46,25.07717688358895,Duration;Phase_Change;Sequence_Complexity;Speed,Duration;Path_Evolution,31,34
R00011,Duration__x__Path_Evolution=Uncommon Path_Evolution,321,1036,1,51,73,0.6986301369863014,22,208.99425847672177,Duration;Phase_Change;Sequence_Complexity;Speed,Duration;Path_Evolution,31,34
R00011,Duration__x__Path_Evolution=Uncommon Path_Evolution,321,96,2,35,73,0.4794520547945205,38,210.36287151012712,Duration;Phase_Change;Sequence_Complexity;Speed,Duration;Path_Evolution,31,34
R00011,Duration__x__Path_Evolution=Uncommon Path_Evolution,321,666,3,31,73,0.4246575342465753,42,209.9810577204662,Duration;Phase_Change;Sequence_Complexity;Speed,Duration;Path_Evolution,31,34
R00011,Duration__x__Path_Evolution=Uncommon Path_Evolution,361,1036,1,50,73,0.684931506849315,23,213.82135751663702,Duration;Phase_Change;Sequence_Complexity;Speed,Duration;Path_Evolution,31,34
R00011,Duration__x__Path_Evolution=Uncommon Path_Evolution,361,666,2,32,73,0.4383561643835616,41,214.60002443520554,Duration;Phase_Change;Sequence_Complexity;Speed,Duration;Path_Evolution,31,34
R00011,Duration__x__Path_Evolution=Uncommon Path_Evolution,361,96,3,32,73,0.4383561643835616,41,214.66208155407537,Duration;Phase_Change;Sequence_Complexity;Speed,Duration;Path_Evolution,31,34
R00011,Duration__x__Path_Evolution=Uncommon Path_Evolution,366,1036,1,50,73,0.684931506849315,23,41.119505213826514,Duration;Phase_Change;Sequence_Complexity;Speed,Duration;Path_Evolution,31,34
R00011,Duration__x__Path_Evolution=Uncommon Path_Evolution,366,96,2,34,73,0.4657534246575342,39,41.28043249354004,Duration;Phase_Change;Sequence_Complexity;Speed,Duration;Path_Evolution,31,34
R00011,Duration__x__Path_Evolution=Uncommon Path_Evolution,366,666,3,27,73,0.3698630136986301,46,41.45492361115655,Duration;Phase_Change;Sequence_Complexity;Speed,Duration;Path_Evolution,31,34
R00011,Duration__x__Path_Evolution=Uncommon Path_Evolution,407,1036,1,44,73,0.6027397260273972,29,46.060749189301596,Duration;Phase_Change;Sequence_Complexity;Speed,Duration;Path_Evolution,31,34
R00011,Duration__x__Path_Evolution=Uncommon Path_Evolution,407,666,2,37,73,0.5068493150684932,36,46.94691919829533,Duration;Phase_Change;Sequence_Complexity;Speed,Duration;Path_Evolution,31,34
R00011,Duration__x__Path_Evolution=Uncommon Path_Evolution,407,96,3,22,73,0.3013698630136986,51,47.18102842147251,Duration;Phase_Change;Sequence_Complexity;Speed,Duration;Path_Evolution,31,34
R00011,Duration__x__Path_Evolution=Uncommon Path_Evolution,444,1036,1,46,73,0.6301369863013698,27,28.56983248249052,Duration;Phase_Change;Sequence_Complexity;Speed,Duration;Path_Evolution,31,34
R00011,Duration__x__Path_Evolution=Uncommon Path_Evolution,444,666,2,27,73,0.3698630136986301,46,29.45231684646705,Duration;Phase_Change;Sequence_Complexity;Speed,Duration;Path_Evolution,31,34
R00011,Duration__x__Path_Evolution=Uncommon Path_Evolution,444,96,3,22,73,0.3013698630136986,51,30.025882142479833,Duration;Phase_Change;Sequence_Complexity;Speed,Duration;Path_Evolution,31,34
R00011,Duration__x__Path_Evolution=Uncommon Path_Evolution,560,96,1,42,73,0.5753424657534246,31,133.05214117302287,Duration;Phase_Change;Sequence_Complexity;Speed,Duration;Path_Evolution,31,34
R00011,Duration__x__Path_Evolution=Uncommon Path_Evolution,560,666,2,36,73,0.4931506849315068,37,135.62291435193248,Duration;Phase_Change;Sequence_Complexity;Speed,Duration;Path_Evolution,31,34
R00011,Duration__x__Path_Evolution=Uncommon Path_Evolution,560,1036,3,27,73,0.3698630136986301,46,135.139309342504,Duration;Phase_Change;Sequence_Complexity;Speed,Duration;Path_Evolution,31,34
R00011,Duration__x__Path_Evolution=Uncommon Path_Evolution,661,1036,1,58,73,0.7945205479452054,15,34.048763831911856,Duration;Phase_Change;Sequence_Complexity;Speed,Duration;Path_Evolution,31,34
R00011,Duration__x__Path_Evolution=Uncommon Path_Evolution,661,96,2,42,73,0.5753424657534246,31,35.537055022869744,Duration;Phase_Change;Sequence_Complexity;Speed,Duration;Path_Evolution,31,34
R00011,Duration__x__Path_Evolution=Uncommon Path_Evolution,661,666,3,24,73,0.3287671232876712,49,35.28790423703882,Duration;Phase_Change;Sequence_Complexity;Speed,Duration;Path_Evolution,31,34
R00011,Duration__x__Path_Evolution=Uncommon Path_Evolution,720,1036,1,52,73,0.7123287671232876,21,205.12865878268823,Duration;Phase_Change;Sequence_Complexity;Speed,Duration;Path_Evolution,31,34
R00011,Duration__x__Path_Evolution=Uncommon Path_Evolution,720,96,2,32,73,0.4383561643835616,41,203.8633942293266,Duration;Phase_Change;Sequence_Complexity;Speed,Duration;Path_Evolution,31,34
R00011,Duration__x__Path_Evolution=Uncommon Path_Evolution,720,666,3,29,73,0.3972602739726027,44,204.98871530280786,Duration;Phase_Change;Sequence_Complexity;Speed,Duration;Path_Evolution,31,34
R00011,Duration__x__Path_Evolution=Uncommon Path_Evolution,736,1036,1,42,73,0.5753424657534246,31,54.374422981476705,Duration;Phase_Change;Sequence_Complexity;Speed,Duration;Path_Evolution,31,34
R00011,Duration__x__Path_Evolution=Uncommon Path_Evolution,736,666,2,35,73,0.4794520547945205,38,54.82400844983055,Duration;Phase_Change;Sequence_Complexity;Speed,Duration;Path_Evolution,31,34
R00011,Duration__x__Path_Evolution=Uncommon Path_Evolution,736,96,3,29,73,0.3972602739726027,44,54.937496186490314,Duration;Phase_Change;Sequence_Complexity;Speed,Duration;Path_Evolution,31,34
R00011,Duration__x__Path_Evolution=Uncommon Path_Evolution,762,666,1,43,73,0.589041095890411,30,12.720246512759077,Duration;Phase_Change;Sequence_Complexity;Speed,Duration;Path_Evolution,31,34
R00011,Duration__x__Path_Evolution=Uncommon Path_Evolution,762,1036,2,33,73,0.4520547945205479,40,11.571258855698257,Duration;Phase_Change;Sequence_Complexity;Speed,Duration;Path_Evolution,31,34
R00011,Duration__x__Path_Evolution=Uncommon Path_Evolution,762,96,3,32,73,0.4383561643835616,41,13.889478286620875,Duration;Phase_Change;Sequence_Complexity;Speed,Duration;Path_Evolution,31,34
R00011,Duration__x__Path_Evolution=Uncommon Path_Evolution,773,1036,1,53,73,0.726027397260274,20,23.038834244816858,Duration;Phase_Change;Sequence_Complexity;Speed,Duration;Path_Evolution,31,34
R00011,Duration__x__Path_Evolution=Uncommon Path_Evolution,773,96,2,33,73,0.4520547945205479,40,24.514552119277507,Duration;Phase_Change;Sequence_Complexity;Speed,Duration;Path_Evolution,31,34
R00011,Duration__x__Path_Evolution=Uncommon Path_Evolution,773,666,3,26,73,0.3561643835616438,47,24.210401167178542,Duration;Phase_Change;Sequence_Complexity;Speed,Duration;Path_Evolution,31,34
R00011,Duration__x__Path_Evolution=Uncommon Path_Evolution,816,1036,1,45,73,0.6164383561643836,28,204.59399209263643,Duration;Phase_Change;Sequence_Complexity;Speed,Duration;Path_Evolution,31,34
R00011,Duration__x__Path_Evolution=Uncommon Path_Evolution,816,666,2,36,73,0.4931506849315068,37,205.48740646291927,Duration;Phase_Change;Sequence_Complexity;Speed,Duration;Path_Evolution,31,34
R00011,Duration__x__Path_Evolution=Uncommon Path_Evolution,816,96,3,24,73,0.3287671232876712,49,205.71672753861714,Duration;Phase_Change;Sequence_Complexity;Speed,Duration;Path_Evolution,31,34
R00011,Duration__x__Path_Evolution=Uncommon Path_Evolution,917,1036,1,48,73,0.6575342465753424,25,199.3249073103063,Duration;Phase_Change;Sequence_Complexity;Speed,Duration;Path_Evolution,31,34
R00011,Duration__x__Path_Evolution=Uncommon Path_Evolution,917,96,2,39,73,0.5342465753424658,34,196.84589742140852,Duration;Phase_Change;Sequence_Complexity;Speed,Duration;Path_Evolution,31,34
R00011,Duration__x__Path_Evolution=Uncommon Path_Evolution,917,666,3,32,73,0.4383561643835616,41,199.54127004282884,Duration;Phase_Change;Sequence_Complexity;Speed,Duration;Path_Evolution,31,34
R00011,Duration__x__Path_Evolution=Uncommon Path_Evolution,918,96,1,32,73,0.4383561643835616,41,1068.0153120431276,Duration;Phase_Change;Sequence_Complexity;Speed,Duration;Path_Evolution,31,34
R00011,Duration__x__Path_Evolution=Uncommon Path_Evolution,918,1036,2,31,73,0.4246575342465753,42,1070.2176918834011,Duration;Phase_Change;Sequence_Complexity;Speed,Duration;Path_Evolution,31,34
R00011,Duration__x__Path_Evolution=Uncommon Path_Evolution,918,666,3,21,73,0.2876712328767123,52,1070.6757590148384,Duration;Phase_Change;Sequence_Complexity;Speed,Duration;Path_Evolution,31,34
R00011,Duration__x__Path_Evolution=Uncommon Path_Evolution,934,1036,1,47,73,0.6438356164383562,26,142.9895972540379,Duration;Phase_Change;Sequence_Complexity;Speed,Duration;Path_Evolution,31,34
R00011,Duration__x__Path_Evolution=Uncommon Path_Evolution,934,666,2,35,73,0.4794520547945205,38,142.750859068899,Duration;Phase_Change;Sequence_Complexity;Speed,Duration;Path_Evolution,31,34
R00011,Duration__x__Path_Evolution=Uncommon Path_Evolution,934,96,3,32,73,0.4383561643835616,41,141.5285774985449,Duration;Phase_Change;Sequence_Complexity;Speed,Duration;Path_Evolution,31,34
R00011,Duration__x__Path_Evolution=Uncommon Path_Evolution,1014,1036,1,48,73,0.6575342465753424,25,154.4334860895441,Duration;Phase_Change;Sequence_Complexity;Speed,Duration;Path_Evolution,31,34
R00011,Duration__x__Path_Evolution=Uncommon Path_Evolution,1014,666,2,32,73,0.4383561643835616,41,154.30414104075894,Duration;Phase_Change;Sequence_Complexity;Speed,Duration;Path_Evolution,31,34
R00011,Duration__x__Path_Evolution=Uncommon Path_Evolution,1014,96,3,30,73,0.410958904109589,43,153.18092498545963,Duration;Phase_Change;Sequence_Complexity;Speed,Duration;Path_Evolution,31,34
R00011,Duration__x__Path_Evolution=Uncommon Path_Evolution,1024,1036,1,48,73,0.6575342465753424,25,261.81752396204354,Duration;Phase_Change;Sequence_Complexity;Speed,Duration;Path_Evolution,31,34
R00011,Duration__x__Path_Evolution=Uncommon Path_Evolution,1024,666,2,36,73,0.4931506849315068,37,262.4096190498669,Duration;Phase_Change;Sequence_Complexity;Speed,Duration;Path_Evolution,31,34
R00011,Duration__x__Path_Evolution=Uncommon Path_Evolution,1024,96,3,26,73,0.3561643835616438,47,261.8580217198759,Duration;Phase_Change;Sequence_Complexity;Speed,Duration;Path_Evolution,31,34
R00011,Duration__x__Path_Evolution=Uncommon Path_Evolution,1041,1036,1,50,73,0.684931506849315,23,176.4594263522566,Duration;Phase_Change;Sequence_Complexity;Speed,Duration;Path_Evolution,31,34
R00011,Duration__x__Path_Evolution=Uncommon Path_Evolution,1041,96,2,32,73,0.4383561643835616,41,176.03155073237303,Duration;Phase_Change;Sequence_Complexity;Speed,Duration;Path_Evolution,31,34
R00011,Duration__x__Path_Evolution=Uncommon Path_Evolution,1041,666,3,32,73,0.4383561643835616,41,177.2431448520346,Duration;Phase_Change;Sequence_Complexity;Speed,Duration;Path_Evolution,31,34
R00011,Duration__x__Path_Evolution=Uncommon Path_Evolution,1120,1036,1,50,73,0.684931506849315,23,273.04754016800393,Duration;Phase_Change;Sequence_Complexity;Speed,Duration;Path_Evolution,31,34
R00011,Duration__x__Path_Evolution=Uncommon Path_Evolution,1120,96,2,33,73,0.4520547945205479,40,272.1058285584534,Duration;Phase_Change;Sequence_Complexity;Speed,Duration;Path_Evolution,31,34
R00011,Duration__x__Path_Evolution=Uncommon Path_Evolution,1120,666,3,31,73,0.4246575342465753,42,273.17243965167035,Duration;Phase_Change;Sequence_Complexity;Speed,Duration;Path_Evolution,31,34
R00011,Duration__x__Path_Evolution=Uncommon Path_Evolution,1162,1036,1,52,73,0.7123287671232876,21,36.924108851124245,Duration;Phase_Change;Sequence_Complexity;Speed,Duration;Path_Evolution,31,34
R00011,Duration__x__Path_Evolution=Uncommon Path_Evolution,1162,96,2,34,73,0.4657534246575342,39,37.02765926967635,Duration;Phase_Change;Sequence_Complexity;Speed,Duration;Path_Evolution,31,34
R00011,Duration__x__Path_Evolution=Uncommon Path_Evolution,1162,666,3,20,73,0.273972602739726,53,36.601510424280214,Duration;Phase_Change;Sequence_Complexity;Speed,Duration;Path_Evolution,31,34
R00011,Duration__x__Path_Evolution=Uncommon Path_Evolution,1286,1036,1,48,73,0.6575342465753424,25,3.0884813555248525,Duration;Phase_Change;Sequence_Complexity;Speed,Duration;Path_Evolution,31,34
R00011,Duration__x__Path_Evolution=Uncommon Path_Evolution,1286,96,2,44,73,0.6027397260273972,29,6.212708670822869,Duration;Phase_Change;Sequence_Complexity;Speed,Duration;Path_Evolution,31,34
R00011,Duration__x__Path_Evolution=Uncommon Path_Evolution,1286,666,3,39,73,0.5342465753424658,34,3.9283303633479147,Duration;Phase_Change;Sequence_Complexity;Speed,Duration;Path_Evolution,31,34
R00011,Duration__x__Path_Evolution=Uncommon Path_Evolution,1404,1036,1,37,73,0.5068493150684932,36,1052.2889502714404,Duration;Phase_Change;Sequence_Complexity;Speed,Duration;Path_Evolution,31,34
R00011,Duration__x__Path_Evolution=Uncommon Path_Evolution,1404,96,2,31,73,0.4246575342465753,42,1050.0888288388853,Duration;Phase_Change;Sequence_Complexity;Speed,Duration;Path_Evolution,31,34
R00011,Duration__x__Path_Evolution=Uncommon Path_Evolution,1404,666,3,28,73,0.3835616438356164,45,1052.751873525671,Duration;Phase_Change;Sequence_Complexity;Speed,Duration;Path_Evolution,31,34
R00011,Duration__x__Path_Evolution=Uncommon Path_Evolution,1425,1036,1,43,73,0.589041095890411,30,3328.1055289530464,Duration;Phase_Change;Sequence_Complexity;Speed,Duration;Path_Evolution,31,34
R00011,Duration__x__Path_Evolution=Uncommon Path_Evolution,1425,666,2,42,73,0.5753424657534246,31,3328.5695956402124,Duration;Phase_Change;Sequence_Complexity;Speed,Duration;Path_Evolution,31,34
R00011,Duration__x__Path_Evolution=Uncommon Path_Evolution,1425,96,3,28,73,0.3835616438356164,45,3325.907213727214,Duration;Phase_Change;Sequence_Complexity;Speed,Duration;Path_Evolution,31,34
R00011,Duration__x__Path_Evolution=Uncommon Path_Evolution,1444,1036,1,60,73,0.821917808219178,13,49.56745727093137,Duration;Phase_Change;Sequence_Complexity;Speed,Duration;Path_Evolution,31,34
R00011,Duration__x__Path_Evolution=Uncommon Path_Evolution,1444,96,2,41,73,0.5616438356164384,32,49.63858135330616,Duration;Phase_Change;Sequence_Complexity;Speed,Duration;Path_Evolution,31,34
R00011,Duration__x__Path_Evolution=Uncommon Path_Evolution,1444,666,3,26,73,0.3561643835616438,47,50.19691409622484,Duration;Phase_Change;Sequence_Complexity;Speed,Duration;Path_Evolution,31,34
R00012,Geometric__x__Temporal=Uncommon Temporal,384,712,1,53,73,0.726027397260274,20,68.07434680641832,Geometric;Kinematic;Phase_Change;Sequence_Complexity,Geometric;Temporal,82,88
R00012,Geometric__x__Temporal=Uncommon Temporal,384,917,2,44,73,0.6027397260273972,29,211.49265388567574,Geometric;Kinematic;Phase_Change;Sequence_Complexity,Geometric;Temporal,82,88
R00012,Geometric__x__Temporal=Uncommon Temporal,384,174,3,42,73,0.5753424657534246,31,67.53105000868219,Geometric;Kinematic;Phase_Change;Sequence_Complexity,Geometric;Temporal,82,88
R00012,Geometric__x__Temporal=Uncommon Temporal,398,917,1,59,73,0.8082191780821918,14,306.61796311836594,Geometric;Kinematic;Phase_Change;Sequence_Complexity,Geometric;Temporal,82,88
R00012,Geometric__x__Temporal=Uncommon Temporal,398,712,2,44,73,0.6027397260273972,29,276.2225249197951,Geometric;Kinematic;Phase_Change;Sequence_Complexity,Geometric;Temporal,82,88
R00012,Geometric__x__Temporal=Uncommon Temporal,398,174,3,39,73,0.5342465753424658,34,277.5953243435434,Geometric;Kinematic;Phase_Change;Sequence_Complexity,Geometric;Temporal,82,88
R00012,Geometric__x__Temporal=Uncommon Temporal,407,174,1,58,73,0.7945205479452054,15,57.90276328412047,Geometric;Kinematic;Phase_Change;Sequence_Complexity,Geometric;Temporal,82,88
R00012,Geometric__x__Temporal=Uncommon Temporal,407,712,2,45,73,0.6164383561643836,28,55.969393450392886,Geometric;Kinematic;Phase_Change;Sequence_Complexity,Geometric;Temporal,82,88
R00012,Geometric__x__Temporal=Uncommon Temporal,407,917,3,42,73,0.5753424657534246,31,209.26758630470692,Geometric;Kinematic;Phase_Change;Sequence_Complexity,Geometric;Temporal,82,88
R00012,Geometric__x__Temporal=Uncommon Temporal,461,712,1,36,73,0.4931506849315068,37,10.647347627764287,Geometric;Kinematic;Phase_Change;Sequence_Complexity,Geometric;Temporal,82,88
R00012,Geometric__x__Temporal=Uncommon Temporal,461,917,2,31,73,0.4246575342465753,42,210.04680775548314,Geometric;Kinematic;Phase_Change;Sequence_Complexity,Geometric;Temporal,82,88
R00012,Geometric__x__Temporal=Uncommon Temporal,461,174,3,22,73,0.3013698630136986,51,10.107479067842807,Geometric;Kinematic;Phase_Change;Sequence_Complexity,Geometric;Temporal,82,88
R00012,Geometric__x__Temporal=Uncommon Temporal,463,712,1,46,73,0.6301369863013698,27,13.331832050158294,Geometric;Kinematic;Phase_Change;Sequence_Complexity,Geometric;Temporal,82,88
R00012,Geometric__x__Temporal=Uncommon Temporal,463,917,2,46,73,0.6301369863013698,27,210.9778328430765,Geometric;Kinematic;Phase_Change;Sequence_Complexity,Geometric;Temporal,82,88
R00012,Geometric__x__Temporal=Uncommon Temporal,463,174,3,39,73,0.5342465753424658,34,12.486447072574146,Geometric;Kinematic;Phase_Change;Sequence_Complexity,Geometric;Temporal,82,88
R00012,Geometric__x__Temporal=Uncommon Temporal,522,917,1,57,73,0.7808219178082192,16,211.64400450941335,Geometric;Kinematic;Phase_Change;Sequence_Complexity,Geometric;Temporal,82,88
R00012,Geometric__x__Temporal=Uncommon Temporal,522,712,2,44,73,0.6027397260273972,29,10.278043041180966,Geometric;Kinematic;Phase_Change;Sequence_Complexity,Geometric;Temporal,82,88
R00012,Geometric__x__Temporal=Uncommon Temporal,522,174,3,35,73,0.4794520547945205,38,8.111516739502196,Geometric;Kinematic;Phase_Change;Sequence_Complexity,Geometric;Temporal,82,88
R00012,Geometric__x__Temporal=Uncommon Temporal,554,712,1,31,73,0.4246575342465753,42,25.463208573385987,Geometric;Kinematic;Phase_Change;Sequence_Complexity,Geometric;Temporal,82,88
R00012,Geometric__x__Temporal=Uncommon Temporal,554,174,2,29,73,0.3972602739726027,44,28.022315283728773,Geometric;Kinematic;Phase_Change;Sequence_Complexity,Geometric;Temporal,82,88
R00012,Geometric__x__Temporal=Uncommon Temporal,554,917,3,28,73,0.3835616438356164,45,225.65830362556596,Geometric;Kinematic;Phase_Change;Sequence_Complexity,Geometric;Temporal,82,88
R00012,Geometric__x__Temporal=Uncommon Temporal,736,174,1,58,73,0.7945205479452054,15,63.47595654212384,Geometric;Kinematic;Phase_Change;Sequence_Complexity,Geometric;Temporal,82,88
R00012,Geometric__x__Temporal=Uncommon Temporal,736,917,2,57,73,0.7808219178082192,16,205.34411889503647,Geometric;Kinematic;Phase_Change;Sequence_Complexity,Geometric;Temporal,82,88
R00012,Geometric__x__Temporal=Uncommon Temporal,736,712,3,35,73,0.4794520547945205,38,62.60386319974618,Geometric;Kinematic;Phase_Change;Sequence_Complexity,Geometric;Temporal,82,88
R00012,Geometric__x__Temporal=Uncommon Temporal,824,712,1,30,73,0.410958904109589,43,11.497582118532302,Geometric;Kinematic;Phase_Change;Sequence_Complexity,Geometric;Temporal,82,88
R00012,Geometric__x__Temporal=Uncommon Temporal,824,917,2,23,73,0.3150684931506849,50,212.49384491543248,Geometric;Kinematic;Phase_Change;Sequence_Complexity,Geometric;Temporal,82,88
R00012,Geometric__x__Temporal=Uncommon Temporal,824,174,3,15,73,0.2054794520547945,58,9.023012820242858,Geometric;Kinematic;Phase_Change;Sequence_Complexity,Geometric;Temporal,82,88
R00012,Geometric__x__Temporal=Uncommon Temporal,873,917,1,31,73,0.4246575342465753,42,210.8193052612752,Geometric;Kinematic;Phase_Change;Sequence_Complexity,Geometric;Temporal,82,88
R00012,Geometric__x__Temporal=Uncommon Temporal,873,712,2,30,73,0.410958904109589,43,11.875066761488192,Geometric;Kinematic;Phase_Change;Sequence_Complexity,Geometric;Temporal,82,88
R00012,Geometric__x__Temporal=Uncommon Temporal,873,174,3,21,73,0.2876712328767123,52,10.504790232578706,Geometric;Kinematic;Phase_Change;Sequence_Complexity,Geometric;Temporal,82,88
R00012,Geometric__x__Temporal=Uncommon Temporal,898,712,1,55,73,0.7534246575342466,18,33.265499185583785,Geometric;Kinematic;Phase_Change;Sequence_Complexity,Geometric;Temporal,82,88
R00012,Geometric__x__Temporal=Uncommon Temporal,898,174,2,48,73,0.6575342465753424,25,34.1330226302449,Geometric;Kinematic;Phase_Change;Sequence_Complexity,Geometric;Temporal,82,88
R00012,Geometric__x__Temporal=Uncommon Temporal,898,917,3,33,73,0.4520547945205479,40,210.69747920260704,Geometric;Kinematic;Phase_Change;Sequence_Complexity,Geometric;Temporal,82,88
R00012,Geometric__x__Temporal=Uncommon Temporal,918,917,1,41,73,0.5616438356164384,32,907.6398780506539,Geometric;Kinematic;Phase_Change;Sequence_Complexity,Geometric;Temporal,82,88
R00012,Geometric__x__Temporal=Uncommon Temporal,918,174,2,34,73,0.4657534246575342,39,1068.9066731553012,Geometric;Kinematic;Phase_Change;Sequence_Complexity,Geometric;Temporal,82,88
R00012,Geometric__x__Temporal=Uncommon Temporal,918,712,3,29,73,0.3972602739726027,44,1068.8276826115516,Geometric;Kinematic;Phase_Change;Sequence_Complexity,Geometric;Temporal,82,88
R00012,Geometric__x__Temporal=Uncommon Temporal,932,712,1,54,73,0.7397260273972602,19,82.90508241982243,Geometric;Kinematic;Phase_Change;Sequence_Complexity,Geometric;Temporal,82,88
R00012,Geometric__x__Temporal=Uncommon Temporal,932,174,2,46,73,0.6301369863013698,27,78.1547224004243,Geometric;Kinematic;Phase_Change;Sequence_Complexity,Geometric;Temporal,82,88
R00012,Geometric__x__Temporal=Uncommon Temporal,932,917,3,41,73,0.5616438356164384,32,167.25799746195375,Geometric;Kinematic;Phase_Change;Sequence_Complexity,Geometric;Temporal,82,88
R00012,Geometric__x__Temporal=Uncommon Temporal,934,917,1,54,73,0.7397260273972602,19,158.5446910788006,Geometric;Kinematic;Phase_Change;Sequence_Complexity,Geometric;Temporal,82,88
R00012,Geometric__x__Temporal=Uncommon Temporal,934,174,2,50,73,0.684931506849315,23,177.30066057910602,Geometric;Kinematic;Phase_Change;Sequence_Complexity,Geometric;Temporal,82,88
R00012,Geometric__x__Temporal=Uncommon Temporal,934,712,3,50,73,0.684931506849315,23,181.9838324372445,Geometric;Kinematic;Phase_Change;Sequence_Complexity,Geometric;Temporal,82,88
R00012,Geometric__x__Temporal=Uncommon Temporal,938,712,1,27,73,0.3698630136986301,46,162.60342824338036,Geometric;Kinematic;Phase_Change;Sequence_Complexity,Geometric;Temporal,82,88
R00012,Geometric__x__Temporal=Uncommon Temporal,938,917,2,26,73,0.3561643835616438,47,357.0213928577746,Geometric;Kinematic;Phase_Change;Sequence_Complexity,Geometric;Temporal,82,88
R00012,Geometric__x__Temporal=Uncommon Temporal,938,174,3,25,73,0.3424657534246575,48,162.77282166358358,Geometric;Kinematic;Phase_Change;Sequence_Complexity,Geometric;Temporal,82,88
R00012,Geometric__x__Temporal=Uncommon Temporal,1014,917,1,50,73,0.684931506849315,23,162.92378875830607,Geometric;Kinematic;Phase_Change;Sequence_Complexity,Geometric;Temporal,82,88
R00012,Geometric__x__Temporal=Uncommon Temporal,1014,174,2,48,73,0.6575342465753424,25,190.06775518117428,Geometric;Kinematic;Phase_Change;Sequence_Complexity,Geometric;Temporal,82,88
R00012,Geometric__x__Temporal=Uncommon Temporal,1014,712,3,48,73,0.6575342465753424,25,194.61299830125398,Geometric;Kinematic;Phase_Change;Sequence_Complexity,Geometric;Temporal,82,88
R00012,Geometric__x__Temporal=Uncommon Temporal,1028,174,1,45,73,0.6164383561643836,28,32.82550719844471,Geometric;Kinematic;Phase_Change;Sequence_Complexity,Geometric;Temporal,82,88
R00012,Geometric__x__Temporal=Uncommon Temporal,1028,712,2,40,73,0.547945205479452,33,32.270588512914465,Geometric;Kinematic;Phase_Change;Sequence_Complexity,Geometric;Temporal,82,88
R00012,Geometric__x__Temporal=Uncommon Temporal,1028,917,3,40,73,0.547945205479452,33,208.16522779680236,Geometric;Kinematic;Phase_Change;Sequence_Complexity,Geometric;Temporal,82,88
R00012,Geometric__x__Temporal=Uncommon Temporal,1041,917,1,51,73,0.6986301369863014,22,176.12726510365482,Geometric;Kinematic;Phase_Change;Sequence_Complexity,Geometric;Temporal,82,88
R00012,Geometric__x__Temporal=Uncommon Temporal,1041,174,2,48,73,0.6575342465753424,25,207.7678004518769,Geometric;Kinematic;Phase_Change;Sequence_Complexity,Geometric;Temporal,82,88
R00012,Geometric__x__Temporal=Uncommon Temporal,1041,712,3,48,73,0.6575342465753424,25,209.13191864935288,Geometric;Kinematic;Phase_Change;Sequence_Complexity,Geometric;Temporal,82,88
R00012,Geometric__x__Temporal=Uncommon Temporal,1042,917,1,21,73,0.2876712328767123,52,2221.527586466311,Geometric;Kinematic;Phase_Change;Sequence_Complexity,Geometric;Temporal,82,88
R00012,Geometric__x__Temporal=Uncommon Temporal,1042,174,2,19,73,0.2602739726027397,54,2388.3341381929536,Geometric;Kinematic;Phase_Change;Sequence_Complexity,Geometric;Temporal,82,88
R00012,Geometric__x__Temporal=Uncommon Temporal,1042,712,3,16,73,0.2191780821917808,57,2388.2532485612055,Geometric;Kinematic;Phase_Change;Sequence_Complexity,Geometric;Temporal,82,88
R00012,Geometric__x__Temporal=Uncommon Temporal,1066,917,1,59,73,0.8082191780821918,14,217.10325659034868,Geometric;Kinematic;Phase_Change;Sequence_Complexity,Geometric;Temporal,82,88
R00012,Geometric__x__Temporal=Uncommon Temporal,1066,712,2,45,73,0.6164383561643836,28,120.35570333678695,Geometric;Kinematic;Phase_Change;Sequence_Complexity,Geometric;Temporal,82,88
R00012,Geometric__x__Temporal=Uncommon Temporal,1066,174,3,39,73,0.5342465753424658,34,118.49473264968478,Geometric;Kinematic;Phase_Change;Sequence_Complexity,Geometric;Temporal,82,88
R00012,Geometric__x__Temporal=Uncommon Temporal,1161,917,1,52,73,0.7123287671232876,21,225.94746513359274,Geometric;Kinematic;Phase_Change;Sequence_Complexity,Geometric;Temporal,82,88
R00012,Geometric__x__Temporal=Uncommon Temporal,1161,712,2,49,73,0.6712328767123288,24,82.95280726320438,Geometric;Kinematic;Phase_Change;Sequence_Complexity,Geometric;Temporal,82,88
R00012,Geometric__x__Temporal=Uncommon Temporal,1161,174,3,41,73,0.5616438356164384,32,90.65106638508001,Geometric;Kinematic;Phase_Change;Sequence_Complexity,Geometric;Temporal,82,88
R00012,Geometric__x__Temporal=Uncommon Temporal,1170,917,1,39,73,0.5342465753424658,34,228.696202948956,Geometric;Kinematic;Phase_Change;Sequence_Complexity,Geometric;Temporal,82,88
R00012,Geometric__x__Temporal=Uncommon Temporal,1170,712,2,36,73,0.4931506849315068,37,22.88440983678246,Geometric;Kinematic;Phase_Change;Sequence_Complexity,Geometric;Temporal,82,88
R00012,Geometric__x__Temporal=Uncommon Temporal,1170,174,3,30,73,0.410958904109589,43,23.006490007809813,Geometric;Kinematic;Phase_Change;Sequence_Complexity,Geometric;Temporal,82,88
R00012,Geometric__x__Temporal=Uncommon Temporal,1175,712,1,45,73,0.6164383561643836,28,13.509846710215816,Geometric;Kinematic;Phase_Change;Sequence_Complexity,Geometric;Temporal,82,88
R00012,Geometric__x__Temporal=Uncommon Temporal,1175,917,2,34,73,0.4657534246575342,39,211.7307803817186,Geometric;Kinematic;Phase_Change;Sequence_Complexity,Geometric;Temporal,82,88
R00012,Geometric__x__Temporal=Uncommon Temporal,1175,174,3,32,73,0.4383561643835616,41,13.55662490602316,Geometric;Kinematic;Phase_Change;Sequence_Complexity,Geometric;Temporal,82,88
R00012,Geometric__x__Temporal=Uncommon Temporal,1182,712,1,57,73,0.7808219178082192,16,38.910547411239506,Geometric;Kinematic;Phase_Change;Sequence_Complexity,Geometric;Temporal,82,88
R00012,Geometric__x__Temporal=Uncommon Temporal,1182,917,2,42,73,0.5753424657534246,31,223.42110795057607,Geometric;Kinematic;Phase_Change;Sequence_Complexity,Geometric;Temporal,82,88
R00012,Geometric__x__Temporal=Uncommon Temporal,1182,174,3,39,73,0.5342465753424658,34,38.37548551091495,Geometric;Kinematic;Phase_Change;Sequence_Complexity,Geometric;Temporal,82,88
R00012,Geometric__x__Temporal=Uncommon Temporal,1306,712,1,55,73,0.7534246575342466,18,354.5689916434959,Geometric;Kinematic;Phase_Change;Sequence_Complexity,Geometric;Temporal,82,88
R00012,Geometric__x__Temporal=Uncommon Temporal,1306,917,2,49,73,0.6712328767123288,24,262.92302996481493,Geometric;Kinematic;Phase_Change;Sequence_Complexity,Geometric;Temporal,82,88
R00012,Geometric__x__Temporal=Uncommon Temporal,1306,174,3,36,73,0.4931506849315068,37,350.12981553461844,Geometric;Kinematic;Phase_Change;Sequence_Complexity,Geometric;Temporal,82,88
R00012,Geometric__x__Temporal=Uncommon Temporal,1404,917,1,49,73,0.6712328767123288,24,890.0449888464392,Geometric;Kinematic;Phase_Change;Sequence_Complexity,Geometric;Temporal,82,88
R00012,Geometric__x__Temporal=Uncommon Temporal,1404,174,2,46,73,0.6301369863013698,27,1050.9923561030018,Geometric;Kinematic;Phase_Change;Sequence_Complexity,Geometric;Temporal,82,88
R00012,Geometric__x__Temporal=Uncommon Temporal,1404,712,3,34,73,0.4657534246575342,39,1050.899465905907,Geometric;Kinematic;Phase_Change;Sequence_Complexity,Geometric;Temporal,82,88
R00012,Geometric__x__Temporal=Uncommon Temporal,1415,712,1,27,73,0.3698630136986301,46,18.11123461410827,Geometric;Kinematic;Phase_Change;Sequence_Complexity,Geometric;Temporal,82,88
R00012,Geometric__x__Temporal=Uncommon Temporal,1415,917,2,26,73,0.3561643835616438,47,224.20536128940984,Geometric;Kinematic;Phase_Change;Sequence_Complexity,Geometric;Temporal,82,88
R00012,Geometric__x__Temporal=Uncommon Temporal,1415,174,3,23,73,0.3150684931506849,50,18.225857293477706,Geometric;Kinematic;Phase_Change;Sequence_Complexity,Geometric;Temporal,82,88
R00012,Geometric__x__Temporal=Uncommon Temporal,1431,174,1,48,73,0.6575342465753424,25,24.16146417829123,Geometric;Kinematic;Phase_Change;Sequence_Complexity,Geometric;Temporal,82,88
R00012,Geometric__x__Temporal=Uncommon Temporal,1431,917,2,43,73,0.589041095890411,30,194.04172175707805,Geometric;Kinematic;Phase_Change;Sequence_Complexity,Geometric;Temporal,82,88
R00012,Geometric__x__Temporal=Uncommon Temporal,1431,712,3,41,73,0.5616438356164384,32,29.415186874923254,Geometric;Kinematic;Phase_Change;Sequence_Complexity,Geometric;Temporal,82,88
R00012,Geometric__x__Temporal=Uncommon Temporal,1432,712,1,54,73,0.7397260273972602,19,245.4630953731419,Geometric;Kinematic;Phase_Change;Sequence_Complexity,Geometric;Temporal,82,88
R00012,Geometric__x__Temporal=Uncommon Temporal,1432,917,2,48,73,0.6575342465753424,25,37.67632511337375,Geometric;Kinematic;Phase_Change;Sequence_Complexity,Geometric;Temporal,82,88
R00012,Geometric__x__Temporal=Uncommon Temporal,1432,174,3,36,73,0.4931506849315068,37,242.53893083824855,Geometric;Kinematic;Phase_Change;Sequence_Complexity,Geometric;Temporal,82,88
R00013,Acceleration__x__Indentation=Uncommon Acceleration,132,954,1,50,73,0.684931506849315,23,13.37446292490901,Geometric;Kinematic;Indentation;Phase_Change,Acceleration;Indentation,78,78
R00013,Acceleration__x__Indentation=Uncommon Acceleration,132,920,2,46,73,0.6301369863013698,27,64.52772038863316,Geometric;Kinematic;Indentation;Phase_Change,Acceleration;Indentation,78,78
R00013,Acceleration__x__Indentation=Uncommon Acceleration,132,463,3,39,73,0.5342465753424658,34,6.303032869520406,Geometric;Kinematic;Indentation;Phase_Change,Acceleration;Indentation,78,78
R00013,Acceleration__x__Indentation=Uncommon Acceleration,132,918,4,24,73,0.3287671232876712,49,1069.4303672170768,Geometric;Kinematic;Indentation;Phase_Change,Acceleration;Indentation,78,78
R00013,Acceleration__x__Indentation=Uncommon Acceleration,179,954,1,57,73,0.7808219178082192,16,12.777769782727663,Geometric;Kinematic;Indentation;Phase_Change,Acceleration;Indentation,78,78
R00013,Acceleration__x__Indentation=Uncommon Acceleration,179,463,2,51,73,0.6986301369863014,22,7.353103085552549,Geometric;Kinematic;Indentation;Phase_Change,Acceleration;Indentation,78,78
R00013,Acceleration__x__Indentation=Uncommon Acceleration,179,920,3,46,73,0.6301369863013698,27,66.57713268419292,Geometric;Kinematic;Indentation;Phase_Change,Acceleration;Indentation,78,78
R00013,Acceleration__x__Indentation=Uncommon Acceleration,179,918,4,38,73,0.5205479452054794,35,1069.4395918140403,Geometric;Kinematic;Indentation;Phase_Change,Acceleration;Indentation,78,78
R00013,Acceleration__x__Indentation=Uncommon Acceleration,377,954,1,44,73,0.6027397260273972,29,20.703324023060073,Geometric;Kinematic;Indentation;Phase_Change,Acceleration;Indentation,78,78
R00013,Acceleration__x__Indentation=Uncommon Acceleration,377,920,2,37,73,0.5068493150684932,36,74.510596697322,Geometric;Kinematic;Indentation;Phase_Change,Acceleration;Indentation,78,78
R00013,Acceleration__x__Indentation=Uncommon Acceleration,377,463,3,31,73,0.4246575342465753,42,18.108097092080243,Geometric;Kinematic;Indentation;Phase_Change,Acceleration;Indentation,78,78
R00013,Acceleration__x__Indentation=Uncommon Acceleration,377,918,4,30,73,0.410958904109589,43,1085.9035375889193,Geometric;Kinematic;Indentation;Phase_Change,Acceleration;Indentation,78,78
R00013,Acceleration__x__Indentation=Uncommon Acceleration,384,954,1,50,73,0.684931506849315,23,60.477882962811385,Geometric;Kinematic;Indentation;Phase_Change,Acceleration;Indentation,78,78
R00013,Acceleration__x__Indentation=Uncommon Acceleration,384,463,2,44,73,0.6027397260273972,29,66.55204562642794,Geometric;Kinematic;Indentation;Phase_Change,Acceleration;Indentation,78,78
R00013,Acceleration__x__Indentation=Uncommon Acceleration,384,920,3,41,73,0.5616438356164384,32,78.71896864248285,Geometric;Kinematic;Indentation;Phase_Change,Acceleration;Indentation,78,78
R00013,Acceleration__x__Indentation=Uncommon Acceleration,384,918,4,33,73,0.4520547945205479,40,1074.987383913717,Geometric;Kinematic;Indentation;Phase_Change,Acceleration;Indentation,78,78
R00013,Acceleration__x__Indentation=Uncommon Acceleration,407,920,1,43,73,0.589041095890411,30,74.8277680206917,Geometric;Kinematic;Indentation;Phase_Change,Acceleration;Indentation,78,78
R00013,Acceleration__x__Indentation=Uncommon Acceleration,407,954,2,39,73,0.5342465753424658,34,50.744141500569256,Geometric;Kinematic;Indentation;Phase_Change,Acceleration;Indentation,78,78
R00013,Acceleration__x__Indentation=Uncommon Acceleration,407,463,3,39,73,0.5342465753424658,34,56.52045826391135,Geometric;Kinematic;Indentation;Phase_Change,Acceleration;Indentation,78,78
R00013,Acceleration__x__Indentation=Uncommon Acceleration,407,918,4,33,73,0.4520547945205479,40,1071.9997245787922,Geometric;Kinematic;Indentation;Phase_Change,Acceleration;Indentation,78,78
R00013,Acceleration__x__Indentation=Uncommon Acceleration,454,954,1,47,73,0.6438356164383562,26,16.42608107282947,Geometric;Kinematic;Indentation;Phase_Change,Acceleration;Indentation,78,78
R00013,Acceleration__x__Indentation=Uncommon Acceleration,454,463,2,37,73,0.5068493150684932,36,20.011286818429237,Geometric;Kinematic;Indentation;Phase_Change,Acceleration;Indentation,78,78
R00013,Acceleration__x__Indentation=Uncommon Acceleration,454,920,3,37,73,0.5068493150684932,36,67.78889390020166,Geometric;Kinematic;Indentation;Phase_Change,Acceleration;Indentation,78,78
R00013,Acceleration__x__Indentation=Uncommon Acceleration,454,918,4,28,73,0.3835616438356164,45,1071.248427998981,Geometric;Kinematic;Indentation;Phase_Change,Acceleration;Indentation,78,78
R00013,Acceleration__x__Indentation=Uncommon Acceleration,461,918,1,40,73,0.547945205479452,33,1067.435203613413,Geometric;Kinematic;Indentation;Phase_Change,Acceleration;Indentation,78,78
R00013,Acceleration__x__Indentation=Uncommon Acceleration,461,954,2,38,73,0.5205479452054794,35,15.501016625557648,Geometric;Kinematic;Indentation;Phase_Change,Acceleration;Indentation,78,78
R00013,Acceleration__x__Indentation=Uncommon Acceleration,461,920,3,34,73,0.4657534246575342,39,68.87322783999431,Geometric;Kinematic;Indentation;Phase_Change,Acceleration;Indentation,78,78
R00013,Acceleration__x__Indentation=Uncommon Acceleration,461,463,4,33,73,0.4520547945205479,40,9.52450412582237,Geometric;Kinematic;Indentation;Phase_Change,Acceleration;Indentation,78,78
R00013,Acceleration__x__Indentation=Uncommon Acceleration,540,920,1,50,73,0.684931506849315,23,40.60896982672211,Geometric;Kinematic;Indentation;Phase_Change,Acceleration;Indentation,78,78
R00013,Acceleration__x__Indentation=Uncommon Acceleration,540,954,2,44,73,0.6027397260273972,29,100.13722315134946,Geometric;Kinematic;Indentation;Phase_Change,Acceleration;Indentation,78,78
R00013,Acceleration__x__Indentation=Uncommon Acceleration,540,463,3,33,73,0.4520547945205479,40,101.6734310013117,Geometric;Kinematic;Indentation;Phase_Change,Acceleration;Indentation,78,78
R00013,Acceleration__x__Indentation=Uncommon Acceleration,540,918,4,24,73,0.3287671232876712,49,1053.021297280803,Geometric;Kinematic;Indentation;Phase_Change,Acceleration;Indentation,78,78
R00013,Acceleration__x__Indentation=Uncommon Acceleration,549,954,1,59,73,0.8082191780821918,14,109.345691080171,Geometric;Kinematic;Indentation;Phase_Change,Acceleration;Indentation,78,78
R00013,Acceleration__x__Indentation=Uncommon Acceleration,549,920,2,50,73,0.684931506849315,23,80.11065158286644,Geometric;Kinematic;Indentation;Phase_Change,Acceleration;Indentation,78,78
R00013,Acceleration__x__Indentation=Uncommon Acceleration,549,463,3,38,73,0.5205479452054794,35,115.08275547550032,Geometric;Kinematic;Indentation;Phase_Change,Acceleration;Indentation,78,78
R00013,Acceleration__x__Indentation=Uncommon Acceleration,549,918,4,25,73,0.3424657534246575,48,1072.5344040625862,Geometric;Kinematic;Indentation;Phase_Change,Acceleration;Indentation,78,78
R00013,Acceleration__x__Indentation=Uncommon Acceleration,554,918,1,47,73,0.6438356164383562,26,1079.2953484018383,Geometric;Kinematic;Indentation;Phase_Change,Acceleration;Indentation,78,78
R00013,Acceleration__x__Indentation=Uncommon Acceleration,554,954,2,28,73,0.3835616438356164,45,26.57766684803917,Geometric;Kinematic;Indentation;Phase_Change,Acceleration;Indentation,78,78
R00013,Acceleration__x__Indentation=Uncommon Acceleration,554,463,3,22,73,0.3013698630136986,51,26.491570888887924,Geometric;Kinematic;Indentation;Phase_Change,Acceleration;Indentation,78,78
R00013,Acceleration__x__Indentation=Uncommon Acceleration,554,920,4,22,73,0.3013698630136986,51,82.28094820712712,Geometric;Kinematic;Indentation;Phase_Change,Acceleration;Indentation,78,78
R00013,Acceleration__x__Indentation=Uncommon Acceleration,559,920,1,48,73,0.6575342465753424,25,1161.8816686629036,Geometric;Kinematic;Indentation;Phase_Change,Acceleration;Indentation,78,78
R00013,Acceleration__x__Indentation=Uncommon Acceleration,559,954,2,42,73,0.5753424657534246,31,1171.836260599886,Geometric;Kinematic;Indentation;Phase_Change,Acceleration;Indentation,78,78
R00013,Acceleration__x__Indentation=Uncommon Acceleration,559,463,3,38,73,0.5205479452054794,35,1170.234791855842,Geometric;Kinematic;Indentation;Phase_Change,Acceleration;Indentation,78,78
R00013,Acceleration__x__Indentation=Uncommon Acceleration,559,918,4,26,73,0.3561643835616438,47,100.72447083502085,Geometric;Kinematic;Indentation;Phase_Change,Acceleration;Indentation,78,78
R00013,Acceleration__x__Indentation=Uncommon Acceleration,595,954,1,54,73,0.7397260273972602,19,9.962134948311295,Geometric;Kinematic;Indentation;Phase_Change,Acceleration;Indentation,78,78
R00013,Acceleration__x__Indentation=Uncommon Acceleration,595,920,2,47,73,0.6438356164383562,26,67.52539899901602,Geometric;Kinematic;Indentation;Phase_Change,Acceleration;Indentation,78,78
R00013,Acceleration__x__Indentation=Uncommon Acceleration,595,463,3,46,73,0.6301369863013698,27,9.44230876785016,Geometric;Kinematic;Indentation;Phase_Change,Acceleration;Indentation,78,78
R00013,Acceleration__x__Indentation=Uncommon Acceleration,595,918,4,33,73,0.4520547945205479,40,1067.2034615825273,Geometric;Kinematic;Indentation;Phase_Change,Acceleration;Indentation,78,78
R00013,Acceleration__x__Indentation=Uncommon Acceleration,694,920,1,50,73,0.684931506849315,23,67.89544994754543,Geometric;Kinematic;Indentation;Phase_Change,Acceleration;Indentation,78,78
R00013,Acceleration__x__Indentation=Uncommon Acceleration,694,954,2,48,73,0.6575342465753424,25,8.144247730116783,Geometric;Kinematic;Indentation;Phase_Change,Acceleration;Indentation,78,78
R00013,Acceleration__x__Indentation=Uncommon Acceleration,694,463,3,41,73,0.5616438356164384,32,12.492127316145456,Geometric;Kinematic;Indentation;Phase_Change,Acceleration;Indentation,78,78
R00013,Acceleration__x__Indentation=Uncommon Acceleration,694,918,4,27,73,0.3698630136986301,46,1071.4257128698093,Geometric;Kinematic;Indentation;Phase_Change,Acceleration;Indentation,78,78
R00013,Acceleration__x__Indentation=Uncommon Acceleration,712,954,1,48,73,0.6575342465753424,25,18.54939493235956,Geometric;Kinematic;Indentation;Phase_Change,Acceleration;Indentation,78,78
R00013,Acceleration__x__Indentation=Uncommon Acceleration,712,920,2,48,73,0.6575342465753424,25,69.1144592300576,Geometric;Kinematic;Indentation;Phase_Change,Acceleration;Indentation,78,78
R00013,Acceleration__x__Indentation=Uncommon Acceleration,712,463,3,46,73,0.6301369863013698,27,13.265604755798647,Geometric;Kinematic;Indentation;Phase_Change,Acceleration;Indentation,78,78
R00013,Acceleration__x__Indentation=Uncommon Acceleration,712,918,4,29,73,0.3972602739726027,44,1068.8248064429645,Geometric;Kinematic;Indentation;Phase_Change,Acceleration;Indentation,78,78
R00013,Acceleration__x__Indentation=Uncommon Acceleration,733,920,1,42,73,0.5753424657534246,31,222.2135929621552,Geometric;Kinematic;Indentation;Phase_Change,Acceleration;Indentation,78,78
R00013,Acceleration__x__Indentation=Uncommon Acceleration,733,954,2,34,73,0.4657534246575342,39,223.07465292294472,Geometric;Kinematic;Indentation;Phase_Change,Acceleration;Indentation,78,78
R00013,Acceleration__x__Indentation=Uncommon Acceleration,733,918,3,32,73,0.4383561643835616,41,849.6964614430661,Geometric;Kinematic;Indentation;Phase_Change,Acceleration;Indentation,78,78
R00013,Acceleration__x__Indentation=Uncommon Acceleration,733,463,4,28,73,0.3835616438356164,45,221.3041712300085,Geometric;Kinematic;Indentation;Phase_Change,Acceleration;Indentation,78,78
R00013,Acceleration__x__Indentation=Uncommon Acceleration,737,954,1,43,73,0.589041095890411,30,18.290134415398658,Geometric;Kinematic;Indentation;Phase_Change,Acceleration;Indentation,78,78
R00013,Acceleration__x__Indentation=Uncommon Acceleration,737,463,2,39,73,0.5342465753424658,34,13.229113739727701,Geometric;Kinematic;Indentation;Phase_Change,Acceleration;Indentation,78,78
R00013,Acceleration__x__Indentation=Uncommon Acceleration,737,920,3,35,73,0.4794520547945205,38,70.20580658967148,Geometric;Kinematic;Indentation;Phase_Change,Acceleration;Indentation,78,78
R00013,Acceleration__x__Indentation=Uncommon Acceleration,737,918,4,18,73,0.2465753424657534,55,1074.8034712774245,Geometric;Kinematic;Indentation;Phase_Change,Acceleration;Indentation,78,78
R00013,Acceleration__x__Indentation=Uncommon Acceleration,792,954,1,63,73,0.863013698630137,10,12.50214059326507,Geometric;Kinematic;Indentation;Phase_Change,Acceleration;Indentation,78,78
R00013,Acceleration__x__Indentation=Uncommon Acceleration,792,920,2,46,73,0.6301369863013698,27,66.82887750869004,Geometric;Kinematic;Indentation;Phase_Change,Acceleration;Indentation,78,78
R00013,Acceleration__x__Indentation=Uncommon Acceleration,792,463,3,43,73,0.589041095890411,30,6.536780292392002,Geometric;Kinematic;Indentation;Phase_Change,Acceleration;Indentation,78,78
R00013,Acceleration__x__Indentation=Uncommon Acceleration,792,918,4,34,73,0.4657534246575342,39,1068.9664107642875,Geometric;Kinematic;Indentation;Phase_Change,Acceleration;Indentation,78,78
R00013,Acceleration__x__Indentation=Uncommon Acceleration,810,954,1,39,73,0.5342465753424658,34,14.987293309406025,Geometric;Kinematic;Indentation;Phase_Change,Acceleration;Indentation,78,78
R00013,Acceleration__x__Indentation=Uncommon Acceleration,810,920,2,37,73,0.5068493150684932,36,64.21619253561468,Geometric;Kinematic;Indentation;Phase_Change,Acceleration;Indentation,78,78
R00013,Acceleration__x__Indentation=Uncommon Acceleration,810,463,3,33,73,0.4520547945205479,40,8.412849779676737,Geometric;Kinematic;Indentation;Phase_Change,Acceleration;Indentation,78,78
R00013,Acceleration__x__Indentation=Uncommon Acceleration,810,918,4,28,73,0.3835616438356164,45,1068.3343227642276,Geometric;Kinematic;Indentation;Phase_Change,Acceleration;Indentation,78,78
R00013,Acceleration__x__Indentation=Uncommon Acceleration,824,463,1,38,73,0.5205479452054794,35,9.370734443002833,Geometric;Kinematic;Indentation;Phase_Change,Acceleration;Indentation,78,78
R00013,Acceleration__x__Indentation=Uncommon Acceleration,824,918,2,30,73,0.410958904109589,43,1071.652530598739,Geometric;Kinematic;Indentation;Phase_Change,Acceleration;Indentation,78,78
R00013,Acceleration__x__Indentation=Uncommon Acceleration,824,954,3,27,73,0.3698630136986301,46,15.05913919948378,Geometric;Kinematic;Indentation;Phase_Change,Acceleration;Indentation,78,78
R00013,Acceleration__x__Indentation=Uncommon Acceleration,824,920,4,23,73,0.3150684931506849,50,67.89636467962006,Geometric;Kinematic;Indentation;Phase_Change,Acceleration;Indentation,78,78
R00013,Acceleration__x__Indentation=Uncommon Acceleration,898,920,1,51,73,0.6986301369863014,22,69.38525382421244,Geometric;Kinematic;Indentation;Phase_Change,Acceleration;Indentation,78,78
R00013,Acceleration__x__Indentation=Uncommon Acceleration,898,954,2,42,73,0.5753424657534246,31,22.285343969648004,Geometric;Kinematic;Indentation;Phase_Change,Acceleration;Indentation,78,78
R00013,Acceleration__x__Indentation=Uncommon Acceleration,898,463,3,41,73,0.5616438356164384,32,29.566218077075792,Geometric;Kinematic;Indentation;Phase_Change,Acceleration;Indentation,78,78
R00013,Acceleration__x__Indentation=Uncommon Acceleration,898,918,4,26,73,0.3561643835616438,47,1071.3677450216962,Geometric;Kinematic;Indentation;Phase_Change,Acceleration;Indentation,78,78
R00013,Acceleration__x__Indentation=Uncommon Acceleration,932,920,1,56,73,0.7671232876712328,17,16.652004834101238,Geometric;Kinematic;Indentation;Phase_Change,Acceleration;Indentation,78,78
R00013,Acceleration__x__Indentation=Uncommon Acceleration,932,463,2,47,73,0.6438356164383562,26,79.80452813279574,Geometric;Kinematic;Indentation;Phase_Change,Acceleration;Indentation,78,78
R00013,Acceleration__x__Indentation=Uncommon Acceleration,932,954,3,44,73,0.6027397260273972,29,79.07325515240123,Geometric;Kinematic;Indentation;Phase_Change,Acceleration;Indentation,78,78
R00013,Acceleration__x__Indentation=Uncommon Acceleration,932,918,4,33,73,0.4520547945205479,40,1063.348746317563,Geometric;Kinematic;Indentation;Phase_Change,Acceleration;Indentation,78,78
R00013,Acceleration__x__Indentation=Uncommon Acceleration,934,954,1,48,73,0.6575342465753424,25,178.61716646684218,Geometric;Kinematic;Indentation;Phase_Change,Acceleration;Indentation,78,78
R00013,Acceleration__x__Indentation=Uncommon Acceleration,934,463,2,43,73,0.589041095890411,30,179.3748119203145,Geometric;Kinematic;Indentation;Phase_Change,Acceleration;Indentation,78,78
R00013,Acceleration__x__Indentation=Uncommon Acceleration,934,918,3,41,73,0.5616438356164384,32,1062.797353796419,Geometric;Kinematic;Indentation;Phase_Change,Acceleration;Indentation,78,78
R00013,Acceleration__x__Indentation=Uncommon Acceleration,934,920,4,35,73,0.4794520547945205,38,113.5751064383768,Geometric;Kinematic;Indentation;Phase_Change,Acceleration;Indentation,78,78
R00013,Acceleration__x__Indentation=Uncommon Acceleration,938,463,1,30,73,0.410958904109589,43,160.8800770599796,Geometric;Kinematic;Indentation;Phase_Change,Acceleration;Indentation,78,78
R00013,Acceleration__x__Indentation=Uncommon Acceleration,938,954,2,29,73,0.3972602739726027,44,159.7398564054137,Geometric;Kinematic;Indentation;Phase_Change,Acceleration;Indentation,78,78
R00013,Acceleration__x__Indentation=Uncommon Acceleration,938,918,3,29,73,0.3972602739726027,44,1230.2381095420708,Geometric;Kinematic;Indentation;Phase_Change,Acceleration;Indentation,78,78
R00013,Acceleration__x__Indentation=Uncommon Acceleration,938,920,4,18,73,0.2465753424657534,55,186.0065291403961,Geometric;Kinematic;Indentation;Phase_Change,Acceleration;Indentation,78,78
R00013,Acceleration__x__Indentation=Uncommon Acceleration,1014,954,1,48,73,0.6575342465753424,25,190.86516241128047,Geometric;Kinematic;Indentation;Phase_Change,Acceleration;Indentation,78,78
R00013,Acceleration__x__Indentation=Uncommon Acceleration,1014,463,2,40,73,0.547945205479452,33,191.8484942334463,Geometric;Kinematic;Indentation;Phase_Change,Acceleration;Indentation,78,78
R00013,Acceleration__x__Indentation=Uncommon Acceleration,1014,918,3,38,73,0.5205479452054794,35,1064.1192066942335,Geometric;Kinematic;Indentation;Phase_Change,Acceleration;Indentation,78,78
R00013,Acceleration__x__Indentation=Uncommon Acceleration,1014,920,4,35,73,0.4794520547945205,38,126.60591583712835,Geometric;Kinematic;Indentation;Phase_Change,Acceleration;Indentation,78,78
R00013,Acceleration__x__Indentation=Uncommon Acceleration,1015,954,1,50,73,0.684931506849315,23,8755.201257809735,Geometric;Kinematic;Indentation;Phase_Change,Acceleration;Indentation,78,78
R00013,Acceleration__x__Indentation=Uncommon Acceleration,1015,920,2,42,73,0.5753424657534246,31,8744.218210551408,Geometric;Kinematic;Indentation;Phase_Change,Acceleration;Indentation,78,78
R00013,Acceleration__x__Indentation=Uncommon Acceleration,1015,463,3,36,73,0.4931506849315068,37,8753.614714019888,Geometric;Kinematic;Indentation;Phase_Change,Acceleration;Indentation,78,78
R00013,Acceleration__x__Indentation=Uncommon Acceleration,1015,918,4,31,73,0.4246575342465753,42,7682.932457816497,Geometric;Kinematic;Indentation;Phase_Change,Acceleration;Indentation,78,78
R00013,Acceleration__x__Indentation=Uncommon Acceleration,1041,954,1,49,73,0.6712328767123288,24,203.1093976374384,Geometric;Kinematic;Indentation;Phase_Change,Acceleration;Indentation,78,78
R00013,Acceleration__x__Indentation=Uncommon Acceleration,1041,463,2,40,73,0.547945205479452,33,207.60050483062705,Geometric;Kinematic;Indentation;Phase_Change,Acceleration;Indentation,78,78
R00013,Acceleration__x__Indentation=Uncommon Acceleration,1041,918,3,39,73,0.5342465753424658,34,1023.3827418220325,Geometric;Kinematic;Indentation;Phase_Change,Acceleration;Indentation,78,78
R00013,Acceleration__x__Indentation=Uncommon Acceleration,1041,920,4,35,73,0.4794520547945205,38,169.0772382722309,Geometric;Kinematic;Indentation;Phase_Change,Acceleration;Indentation,78,78
R00013,Acceleration__x__Indentation=Uncommon Acceleration,1042,918,1,48,73,0.6575342465753424,25,1319.5510911373299,Geometric;Kinematic;Indentation;Phase_Change,Acceleration;Indentation,78,78
R00013,Acceleration__x__Indentation=Uncommon Acceleration,1042,463,2,25,73,0.3424657534246575,48,2390.138298801214,Geometric;Kinematic;Indentation;Phase_Change,Acceleration;Indentation,78,78
R00013,Acceleration__x__Indentation=Uncommon Acceleration,1042,954,3,16,73,0.2191780821917808,57,2391.69266481341,Geometric;Kinematic;Indentation;Phase_Change,Acceleration;Indentation,78,78
R00013,Acceleration__x__Indentation=Uncommon Acceleration,1042,920,4,11,73,0.1506849315068493,62,2381.2627347428474,Geometric;Kinematic;Indentation;Phase_Change,Acceleration;Indentation,78,78
R00013,Acceleration__x__Indentation=Uncommon Acceleration,1071,954,1,30,73,0.410958904109589,43,20.381171737036773,Geometric;Kinematic;Indentation;Phase_Change,Acceleration;Indentation,78,78
R00013,Acceleration__x__Indentation=Uncommon Acceleration,1071,918,2,30,73,0.410958904109589,43,1082.566672512898,Geometric;Kinematic;Indentation;Phase_Change,Acceleration;Indentation,78,78
R00013,Acceleration__x__Indentation=Uncommon Acceleration,1071,920,3,29,73,0.3972602739726027,44,73.72013479761074,Geometric;Kinematic;Indentation;Phase_Change,Acceleration;Indentation,78,78
R00013,Acceleration__x__Indentation=Uncommon Acceleration,1071,463,4,22,73,0.3013698630136986,51,17.187326272162267,Geometric;Kinematic;Indentation;Phase_Change,Acceleration;Indentation,78,78
R00013,Acceleration__x__Indentation=Uncommon Acceleration,1158,954,1,61,73,0.8356164383561644,12,40.83419089401855,Geometric;Kinematic;Indentation;Phase_Change,Acceleration;Indentation,78,78
R00013,Acceleration__x__Indentation=Uncommon Acceleration,1158,920,2,55,73,0.7534246575342466,18,57.039305423702935,Geometric;Kinematic;Indentation;Phase_Change,Acceleration;Indentation,78,78
R00013,Acceleration__x__Indentation=Uncommon Acceleration,1158,463,3,43,73,0.589041095890411,30,45.69028951159817,Geometric;Kinematic;Indentation;Phase_Change,Acceleration;Indentation,78,78
R00013,Acceleration__x__Indentation=Uncommon Acceleration,1158,918,4,31,73,0.4246575342465753,42,1059.4765862900451,Geometric;Kinematic;Indentation;Phase_Change,Acceleration;Indentation,78,78
R00013,Acceleration__x__Indentation=Uncommon Acceleration,1175,463,1,46,73,0.6301369863013698,27,14.270462446793848,Geometric;Kinematic;Indentation;Phase_Change,Acceleration;Indentation,78,78
R00013,Acceleration__x__Indentation=Uncommon Acceleration,1175,954,2,45,73,0.6164383561643836,28,19.01359334964304,Geometric;Kinematic;Indentation;Phase_Change,Acceleration;Indentation,78,78
R00013,Acceleration__x__Indentation=Uncommon Acceleration,1175,920,3,45,73,0.6164383561643836,28,71.80641680166757,Geometric;Kinematic;Indentation;Phase_Change,Acceleration;Indentation,78,78
R00013,Acceleration__x__Indentation=Uncommon Acceleration,1175,918,4,35,73,0.4794520547945205,38,1067.5731481050775,Geometric;Kinematic;Indentation;Phase_Change,Acceleration;Indentation,78,78
R00013,Acceleration__x__Indentation=Uncommon Acceleration,1182,954,1,52,73,0.7123287671232876,21,32.41358167000419,Geometric;Kinematic;Indentation;Phase_Change,Acceleration;Indentation,78,78
R00013,Acceleration__x__Indentation=Uncommon Acceleration,1182,920,2,46,73,0.6301369863013698,27,70.9216112635996,Geometric;Kinematic;Indentation;Phase_Change,Acceleration;Indentation,78,78
R00013,Acceleration__x__Indentation=Uncommon Acceleration,1182,463,3,43,73,0.589041095890411,30,36.83923756620022,Geometric;Kinematic;Indentation;Phase_Change,Acceleration;Indentation,78,78
R00013,Acceleration__x__Indentation=Uncommon Acceleration,1182,918,4,33,73,0.4520547945205479,40,1088.5515748754024,Geometric;Kinematic;Indentation;Phase_Change,Acceleration;Indentation,78,78
R00013,Acceleration__x__Indentation=Uncommon Acceleration,1195,954,1,27,73,0.3698630136986301,46,17.904851090512263,Geometric;Kinematic;Indentation;Phase_Change,Acceleration;Indentation,78,78
R00013,Acceleration__x__Indentation=Uncommon Acceleration,1195,463,2,26,73,0.3561643835616438,47,10.820868876998594,Geometric;Kinematic;Indentation;Phase_Change,Acceleration;Indentation,78,78
R00013,Acceleration__x__Indentation=Uncommon Acceleration,1195,918,3,23,73,0.3150684931506849,50,1068.9941462240017,Geometric;Kinematic;Indentation;Phase_Change,Acceleration;Indentation,78,78
R00013,Acceleration__x__Indentation=Uncommon Acceleration,1195,920,4,22,73,0.3013698630136986,51,66.17661208367248,Geometric;Kinematic;Indentation;Phase_Change,Acceleration;Indentation,78,78
R00013,Acceleration__x__Indentation=Uncommon Acceleration,1284,954,1,60,73,0.821917808219178,13,10.717839601649969,Geometric;Kinematic;Indentation;Phase_Change,Acceleration;Indentation,78,78
R00013,Acceleration__x__Indentation=Uncommon Acceleration,1284,920,2,53,73,0.726027397260274,20,69.22949682261019,Geometric;Kinematic;Indentation;Phase_Change,Acceleration;Indentation,78,78
R00013,Acceleration__x__Indentation=Uncommon Acceleration,1284,463,3,42,73,0.5753424657534246,31,7.0265757323237645,Geometric;Kinematic;Indentation;Phase_Change,Acceleration;Indentation,78,78
R00013,Acceleration__x__Indentation=Uncommon Acceleration,1284,918,4,28,73,0.3835616438356164,45,1070.950177773472,Geometric;Kinematic;Indentation;Phase_Change,Acceleration;Indentation,78,78
R00013,Acceleration__x__Indentation=Uncommon Acceleration,1306,954,1,53,73,0.726027397260274,20,350.39173333027674,Geometric;Kinematic;Indentation;Phase_Change,Acceleration;Indentation,78,78
R00013,Acceleration__x__Indentation=Uncommon Acceleration,1306,463,2,48,73,0.6575342465753424,25,351.90435296978535,Geometric;Kinematic;Indentation;Phase_Change,Acceleration;Indentation,78,78
R00013,Acceleration__x__Indentation=Uncommon Acceleration,1306,920,3,46,73,0.6301369863013698,27,287.1754847002706,Geometric;Kinematic;Indentation;Phase_Change,Acceleration;Indentation,78,78
R00013,Acceleration__x__Indentation=Uncommon Acceleration,1306,918,4,39,73,0.5342465753424658,34,1086.1805377360406,Geometric;Kinematic;Indentation;Phase_Change,Acceleration;Indentation,78,78
R00013,Acceleration__x__Indentation=Uncommon Acceleration,1313,920,1,52,73,0.7123287671232876,21,69.4109528879937,Geometric;Kinematic;Indentation;Phase_Change,Acceleration;Indentation,78,78
R00013,Acceleration__x__Indentation=Uncommon Acceleration,1313,954,2,43,73,0.589041095890411,30,18.733433843870337,Geometric;Kinematic;Indentation;Phase_Change,Acceleration;Indentation,78,78
R00013,Acceleration__x__Indentation=Uncommon Acceleration,1313,463,3,35,73,0.4794520547945205,38,24.561946494292368,Geometric;Kinematic;Indentation;Phase_Change,Acceleration;Indentation,78,78
R00013,Acceleration__x__Indentation=Uncommon Acceleration,1313,918,4,17,73,0.2328767123287671,56,1070.2635007463973,Geometric;Kinematic;Indentation;Phase_Change,Acceleration;Indentation,78,78
R00013,Acceleration__x__Indentation=Uncommon Acceleration,1353,954,1,47,73,0.6438356164383562,26,28.664675742182162,Geometric;Kinematic;Indentation;Phase_Change,Acceleration;Indentation,78,78
R00013,Acceleration__x__Indentation=Uncommon Acceleration,1353,920,2,39,73,0.5342465753424658,34,63.73112793830894,Geometric;Kinematic;Indentation;Phase_Change,Acceleration;Indentation,78,78
R00013,Acceleration__x__Indentation=Uncommon Acceleration,1353,463,3,32,73,0.4383561643835616,41,32.76352767798884,Geometric;Kinematic;Indentation;Phase_Change,Acceleration;Indentation,78,78
R00013,Acceleration__x__Indentation=Uncommon Acceleration,1353,918,4,32,73,0.4383561643835616,41,1069.8050745881865,Geometric;Kinematic;Indentation;Phase_Change,Acceleration;Indentation,78,78
R00013,Acceleration__x__Indentation=Uncommon Acceleration,1415,918,1,38,73,0.5205479452054794,35,1083.7003537121907,Geometric;Kinematic;Indentation;Phase_Change,Acceleration;Indentation,78,78
R00013,Acceleration__x__Indentation=Uncommon Acceleration,1415,463,2,33,73,0.4520547945205479,40,17.82998864545264,Geometric;Kinematic;Indentation;Phase_Change,Acceleration;Indentation,78,78
R00013,Acceleration__x__Indentation=Uncommon Acceleration,1415,954,3,26,73,0.3561643835616438,47,20.59319994807007,Geometric;Kinematic;Indentation;Phase_Change,Acceleration;Indentation,78,78
R00013,Acceleration__x__Indentation=Uncommon Acceleration,1415,920,4,21,73,0.2876712328767123,52,73.80771719054741,Geometric;Kinematic;Indentation;Phase_Change,Acceleration;Indentation,78,78
R00013,Acceleration__x__Indentation=Uncommon Acceleration,1432,954,1,53,73,0.726027397260274,20,245.4571714950395,Geometric;Kinematic;Indentation;Phase_Change,Acceleration;Indentation,78,78
R00013,Acceleration__x__Indentation=Uncommon Acceleration,1432,463,2,48,73,0.6575342465753424,25,244.98325610032313,Geometric;Kinematic;Indentation;Phase_Change,Acceleration;Indentation,78,78
R00013,Acceleration__x__Indentation=Uncommon Acceleration,1432,920,3,47,73,0.6438356164383562,26,202.10763003853145,Geometric;Kinematic;Indentation;Phase_Change,Acceleration;Indentation,78,78
R00013,Acceleration__x__Indentation=Uncommon Acceleration,1432,918,4,40,73,0.547945205479452,33,892.6419474767183,Geometric;Kinematic;Indentation;Phase_Change,Acceleration;Indentation,78,78
R00014,Acceleration__x__Duration=Uncommon Acceleration,47,454,1,45,73,0.6164383561643836,28,59.82343326230513,Duration;Path_Evolution;Geometric;Kinematic,Acceleration;Duration,77,77
R00014,Acceleration__x__Duration=Uncommon Acceleration,47,241,2,32,73,0.4383561643835616,41,74.32476583661985,Duration;Path_Evolution;Geometric;Kinematic,Acceleration;Duration,77,77
R00014,Acceleration__x__Duration=Uncommon Acceleration,47,1328,3,32,73,0.4383561643835616,41,74.4390456955004,Duration;Path_Evolution;Geometric;Kinematic,Acceleration;Duration,77,77
R00014,Acceleration__x__Duration=Uncommon Acceleration,117,454,1,39,73,0.5342465753424658,34,13.10109196617139,Duration;Path_Evolution;Geometric;Kinematic,Acceleration;Duration,77,77
R00014,Acceleration__x__Duration=Uncommon Acceleration,117,1328,2,35,73,0.4794520547945205,38,10.301180105083763,Duration;Path_Evolution;Geometric;Kinematic,Acceleration;Duration,77,77
R00014,Acceleration__x__Duration=Uncommon Acceleration,117,241,3,34,73,0.4657534246575342,39,11.08677374947718,Duration;Path_Evolution;Geometric;Kinematic,Acceleration;Duration,77,77
R00014,Acceleration__x__Duration=Uncommon Acceleration,174,1328,1,27,73,0.3698630136986301,46,44.30321547700564,Duration;Path_Evolution;Geometric;Kinematic,Acceleration;Duration,77,77
R00014,Acceleration__x__Duration=Uncommon Acceleration,174,454,2,27,73,0.3698630136986301,46,47.95626209814822,Duration;Path_Evolution;Geometric;Kinematic,Acceleration;Duration,77,77
R00014,Acceleration__x__Duration=Uncommon Acceleration,174,241,3,20,73,0.273972602739726,53,44.24959390937413,Duration;Path_Evolution;Geometric;Kinematic,Acceleration;Duration,77,77
R00014,Acceleration__x__Duration=Uncommon Acceleration,237,454,1,33,73,0.4520547945205479,40,17.987567012724927,Duration;Path_Evolution;Geometric;Kinematic,Acceleration;Duration,77,77
R00014,Acceleration__x__Duration=Uncommon Acceleration,237,241,2,27,73,0.3698630136986301,46,7.972933150688357,Duration;Path_Evolution;Geometric;Kinematic,Acceleration;Duration,77,77
R00014,Acceleration__x__Duration=Uncommon Acceleration,237,1328,3,26,73,0.3561643835616438,47,6.841104895088403,Duration;Path_Evolution;Geometric;Kinematic,Acceleration;Duration,77,77
R00014,Acceleration__x__Duration=Uncommon Acceleration,347,1328,1,49,73,0.6712328767123288,24,8.651018509034985,Duration;Path_Evolution;Geometric;Kinematic,Acceleration;Duration,77,77
R00014,Acceleration__x__Duration=Uncommon Acceleration,347,454,2,43,73,0.589041095890411,30,15.529374711598104,Duration;Path_Evolution;Geometric;Kinematic,Acceleration;Duration,77,77
R00014,Acceleration__x__Duration=Uncommon Acceleration,347,241,3,37,73,0.5068493150684932,36,8.977731636601945,Duration;Path_Evolution;Geometric;Kinematic,Acceleration;Duration,77,77
R00014,Acceleration__x__Duration=Uncommon Acceleration,407,454,1,35,73,0.4794520547945205,38,42.75853223933664,Duration;Path_Evolution;Geometric;Kinematic,Acceleration;Duration,77,77
R00014,Acceleration__x__Duration=Uncommon Acceleration,407,1328,2,26,73,0.3561643835616438,47,55.572337469515915,Duration;Path_Evolution;Geometric;Kinematic,Acceleration;Duration,77,77
R00014,Acceleration__x__Duration=Uncommon Acceleration,407,241,3,16,73,0.2191780821917808,57,55.573052571952616,Duration;Path_Evolution;Geometric;Kinematic,Acceleration;Duration,77,77
R00014,Acceleration__x__Duration=Uncommon Acceleration,540,454,1,38,73,0.5205479452054794,35,94.15607435672284,Duration;Path_Evolution;Geometric;Kinematic,Acceleration;Duration,77,77
R00014,Acceleration__x__Duration=Uncommon Acceleration,540,1328,2,33,73,0.4520547945205479,40,96.935259725991,Duration;Path_Evolution;Geometric;Kinematic,Acceleration;Duration,77,77
R00014,Acceleration__x__Duration=Uncommon Acceleration,540,241,3,23,73,0.3150684931506849,50,97.73178496193644,Duration;Path_Evolution;Geometric;Kinematic,Acceleration;Duration,77,77
R00014,Acceleration__x__Duration=Uncommon Acceleration,547,454,1,42,73,0.5753424657534246,31,20.523792771460002,Duration;Path_Evolution;Geometric;Kinematic,Acceleration;Duration,77,77
R00014,Acceleration__x__Duration=Uncommon Acceleration,547,241,2,32,73,0.4383561643835616,41,11.22753880902502,Duration;Path_Evolution;Geometric;Kinematic,Acceleration;Duration,77,77
R00014,Acceleration__x__Duration=Uncommon Acceleration,547,1328,3,24,73,0.3287671232876712,49,9.49153679554675,Duration;Path_Evolution;Geometric;Kinematic,Acceleration;Duration,77,77
R00014,Acceleration__x__Duration=Uncommon Acceleration,554,454,1,28,73,0.3835616438356164,45,26.808642828709058,Duration;Path_Evolution;Geometric;Kinematic,Acceleration;Duration,77,77
R00014,Acceleration__x__Duration=Uncommon Acceleration,554,1328,2,20,73,0.273972602739726,53,24.47711767835914,Duration;Path_Evolution;Geometric;Kinematic,Acceleration;Duration,77,77
R00014,Acceleration__x__Duration=Uncommon Acceleration,554,241,3,15,73,0.2054794520547945,58,23.921536600430187,Duration;Path_Evolution;Geometric;Kinematic,Acceleration;Duration,77,77
R00014,Acceleration__x__Duration=Uncommon Acceleration,559,454,1,53,73,0.726027397260274,20,626.0323170720484,Duration;Path_Evolution;Geometric;Kinematic,Acceleration;Duration,77,77
R00014,Acceleration__x__Duration=Uncommon Acceleration,559,1328,2,39,73,0.5342465753424658,34,623.8234288706719,Duration;Path_Evolution;Geometric;Kinematic,Acceleration;Duration,77,77
R00014,Acceleration__x__Duration=Uncommon Acceleration,559,241,3,31,73,0.4246575342465753,42,624.4692852405116,Duration;Path_Evolution;Geometric;Kinematic,Acceleration;Duration,77,77
R00014,Acceleration__x__Duration=Uncommon Acceleration,646,454,1,33,73,0.4520547945205479,40,20.694061333501693,Duration;Path_Evolution;Geometric;Kinematic,Acceleration;Duration,77,77
R00014,Acceleration__x__Duration=Uncommon Acceleration,646,241,2,28,73,0.3835616438356164,45,28.83513240509926,Duration;Path_Evolution;Geometric;Kinematic,Acceleration;Duration,77,77
R00014,Acceleration__x__Duration=Uncommon Acceleration,646,1328,3,28,73,0.3835616438356164,45,29.029923009392405,Duration;Path_Evolution;Geometric;Kinematic,Acceleration;Duration,77,77
R00014,Acceleration__x__Duration=Uncommon Acceleration,694,454,1,43,73,0.589041095890411,30,12.203431215677556,Duration;Path_Evolution;Geometric;Kinematic,Acceleration;Duration,77,77
R00014,Acceleration__x__Duration=Uncommon Acceleration,694,1328,2,38,73,0.5205479452054794,35,10.122114012451489,Duration;Path_Evolution;Geometric;Kinematic,Acceleration;Duration,77,77
R00014,Acceleration__x__Duration=Uncommon Acceleration,694,241,3,26,73,0.3561643835616438,47,11.3329089387034,Duration;Path_Evolution;Geometric;Kinematic,Acceleration;Duration,77,77
R00014,Acceleration__x__Duration=Uncommon Acceleration,736,454,1,28,73,0.3835616438356164,45,60.597148917111085,Duration;Path_Evolution;Geometric;Kinematic,Acceleration;Duration,77,77
R00014,Acceleration__x__Duration=Uncommon Acceleration,736,1328,2,27,73,0.3698630136986301,46,70.00287161358152,Duration;Path_Evolution;Geometric;Kinematic,Acceleration;Duration,77,77
R00014,Acceleration__x__Duration=Uncommon Acceleration,736,241,3,23,73,0.3150684931506849,50,70.12930334279325,Duration;Path_Evolution;Geometric;Kinematic,Acceleration;Duration,77,77
R00014,Acceleration__x__Duration=Uncommon Acceleration,762,454,1,51,73,0.6986301369863014,22,12.071142821894478,Duration;Path_Evolution;Geometric;Kinematic,Acceleration;Duration,77,77
R00014,Acceleration__x__Duration=Uncommon Acceleration,762,241,2,43,73,0.589041095890411,30,13.556309252761539,Duration;Path_Evolution;Geometric;Kinematic,Acceleration;Duration,77,77
R00014,Acceleration__x__Duration=Uncommon Acceleration,762,1328,3,35,73,0.4794520547945205,38,12.519646638341117,Duration;Path_Evolution;Geometric;Kinematic,Acceleration;Duration,77,77
R00014,Acceleration__x__Duration=Uncommon Acceleration,916,454,1,40,73,0.547945205479452,33,81.70190341813881,Duration;Path_Evolution;Geometric;Kinematic,Acceleration;Duration,77,77
R00014,Acceleration__x__Duration=Uncommon Acceleration,916,241,2,37,73,0.5068493150684932,36,78.9747645226872,Duration;Path_Evolution;Geometric;Kinematic,Acceleration;Duration,77,77
R00014,Acceleration__x__Duration=Uncommon Acceleration,916,1328,3,34,73,0.4657534246575342,39,78.44266062212607,Duration;Path_Evolution;Geometric;Kinematic,Acceleration;Duration,77,77
R00014,Acceleration__x__Duration=Uncommon Acceleration,917,454,1,35,73,0.4794520547945205,38,167.48184358885618,Duration;Path_Evolution;Geometric;Kinematic,Acceleration;Duration,77,77
R00014,Acceleration__x__Duration=Uncommon Acceleration,917,241,2,33,73,0.4520547945205479,40,169.0480923971846,Duration;Path_Evolution;Geometric;Kinematic,Acceleration;Duration,77,77
R00014,Acceleration__x__Duration=Uncommon Acceleration,917,1328,3,28,73,0.3835616438356164,45,168.25452436792924,Duration;Path_Evolution;Geometric;Kinematic,Acceleration;Duration,77,77
R00014,Acceleration__x__Duration=Uncommon Acceleration,918,454,1,28,73,0.3835616438356164,45,568.3811739323764,Duration;Path_Evolution;Geometric;Kinematic,Acceleration;Duration,77,77
R00014,Acceleration__x__Duration=Uncommon Acceleration,918,1328,2,27,73,0.3698630136986301,46,566.0200611192313,Duration;Path_Evolution;Geometric;Kinematic,Acceleration;Duration,77,77
R00014,Acceleration__x__Duration=Uncommon Acceleration,918,241,3,27,73,0.3698630136986301,46,566.6945480155676,Duration;Path_Evolution;Geometric;Kinematic,Acceleration;Duration,77,77
R00014,Acceleration__x__Duration=Uncommon Acceleration,934,454,1,43,73,0.589041095890411,30,156.61779721891216,Duration;Path_Evolution;Geometric;Kinematic,Acceleration;Duration,77,77
R00014,Acceleration__x__Duration=Uncommon Acceleration,934,1328,2,27,73,0.3698630136986301,46,159.70699974085622,Duration;Path_Evolution;Geometric;Kinematic,Acceleration;Duration,77,77
R00014,Acceleration__x__Duration=Uncommon Acceleration,934,241,3,26,73,0.3561643835616438,47,160.47895066166714,Duration;Path_Evolution;Geometric;Kinematic,Acceleration;Duration,77,77
R00014,Acceleration__x__Duration=Uncommon Acceleration,938,454,1,32,73,0.4383561643835616,41,86.86792957469092,Duration;Path_Evolution;Geometric;Kinematic,Acceleration;Duration,77,77
R00014,Acceleration__x__Duration=Uncommon Acceleration,938,1328,2,24,73,0.3287671232876712,49,87.27963011220886,Duration;Path_Evolution;Geometric;Kinematic,Acceleration;Duration,77,77
R00014,Acceleration__x__Duration=Uncommon Acceleration,938,241,3,23,73,0.3150684931506849,50,86.8039414725298,Duration;Path_Evolution;Geometric;Kinematic,Acceleration;Duration,77,77
R00014,Acceleration__x__Duration=Uncommon Acceleration,1014,454,1,44,73,0.6027397260273972,29,167.56258413409495,Duration;Path_Evolution;Geometric;Kinematic,Acceleration;Duration,77,77
R00014,Acceleration__x__Duration=Uncommon Acceleration,1014,1328,2,26,73,0.3561643835616438,47,170.97971994341168,Duration;Path_Evolution;Geometric;Kinematic,Acceleration;Duration,77,77
R00014,Acceleration__x__Duration=Uncommon Acceleration,1014,241,3,22,73,0.3013698630136986,51,171.7787292514165,Duration;Path_Evolution;Geometric;Kinematic,Acceleration;Duration,77,77
R00014,Acceleration__x__Duration=Uncommon Acceleration,1030,454,1,49,73,0.6712328767123288,24,52.21261503848518,Duration;Path_Evolution;Geometric;Kinematic,Acceleration;Duration,77,77
R00014,Acceleration__x__Duration=Uncommon Acceleration,1030,241,2,34,73,0.4657534246575342,39,42.091982624634696,Duration;Path_Evolution;Geometric;Kinematic,Acceleration;Duration,77,77
R00014,Acceleration__x__Duration=Uncommon Acceleration,1030,1328,3,25,73,0.3424657534246575,48,41.60830088166658,Duration;Path_Evolution;Geometric;Kinematic,Acceleration;Duration,77,77
R00014,Acceleration__x__Duration=Uncommon Acceleration,1041,454,1,43,73,0.589041095890411,30,191.39738211092953,Duration;Path_Evolution;Geometric;Kinematic,Acceleration;Duration,77,77
R00014,Acceleration__x__Duration=Uncommon Acceleration,1041,1328,2,26,73,0.3561643835616438,47,200.47846313645718,Duration;Path_Evolution;Geometric;Kinematic,Acceleration;Duration,77,77
R00014,Acceleration__x__Duration=Uncommon Acceleration,1041,241,3,23,73,0.3150684931506849,50,201.0869103544406,Duration;Path_Evolution;Geometric;Kinematic,Acceleration;Duration,77,77
R00014,Acceleration__x__Duration=Uncommon Acceleration,1042,454,1,31,73,0.4246575342465753,42,1263.582417055875,Duration;Path_Evolution;Geometric;Kinematic,Acceleration;Duration,77,77
R00014,Acceleration__x__Duration=Uncommon Acceleration,1042,241,2,26,73,0.3561643835616438,47,1262.1803557386802,Duration;Path_Evolution;Geometric;Kinematic,Acceleration;Duration,77,77
R00014,Acceleration__x__Duration=Uncommon Acceleration,1042,1328,3,21,73,0.2876712328767123,52,1261.5370121618694,Duration;Path_Evolution;Geometric;Kinematic,Acceleration;Duration,77,77
R00014,Acceleration__x__Duration=Uncommon Acceleration,1071,1328,1,29,73,0.3972602739726027,44,44.546777472523225,Duration;Path_Evolution;Geometric;Kinematic,Acceleration;Duration,77,77
R00014,Acceleration__x__Duration=Uncommon Acceleration,1071,454,2,28,73,0.3835616438356164,45,47.7031249780194,Duration;Path_Evolution;Geometric;Kinematic,Acceleration;Duration,77,77
R00014,Acceleration__x__Duration=Uncommon Acceleration,1071,241,3,21,73,0.2876712328767123,52,44.449057100854915,Duration;Path_Evolution;Geometric;Kinematic,Acceleration;Duration,77,77
R00014,Acceleration__x__Duration=Uncommon Acceleration,1369,241,1,39,73,0.5342465753424658,34,8.3772619668824,Duration;Path_Evolution;Geometric;Kinematic,Acceleration;Duration,77,77
R00014,Acceleration__x__Duration=Uncommon Acceleration,1369,1328,2,29,73,0.3972602739726027,44,8.052133481808111,Duration;Path_Evolution;Geometric;Kinematic,Acceleration;Duration,77,77
R00014,Acceleration__x__Duration=Uncommon Acceleration,1369,454,3,27,73,0.3698630136986301,46,17.843761179989748,Duration;Path_Evolution;Geometric;Kinematic,Acceleration;Duration,77,77
R00014,Acceleration__x__Duration=Uncommon Acceleration,1398,454,1,34,73,0.4657534246575342,39,1307.3638283237708,Duration;Path_Evolution;Geometric;Kinematic,Acceleration;Duration,77,77
R00014,Acceleration__x__Duration=Uncommon Acceleration,1398,241,2,33,73,0.4520547945205479,40,1305.837713982908,Duration;Path_Evolution;Geometric;Kinematic,Acceleration;Duration,77,77
R00014,Acceleration__x__Duration=Uncommon Acceleration,1398,1328,3,28,73,0.3835616438356164,45,1305.2027972774813,Duration;Path_Evolution;Geometric;Kinematic,Acceleration;Duration,77,77
R00014,Acceleration__x__Duration=Uncommon Acceleration,1404,1328,1,40,73,0.547945205479452,33,556.1502732085968,Duration;Path_Evolution;Geometric;Kinematic,Acceleration;Duration,77,77
R00014,Acceleration__x__Duration=Uncommon Acceleration,1404,241,2,31,73,0.4246575342465753,42,556.802580229009,Duration;Path_Evolution;Geometric;Kinematic,Acceleration;Duration,77,77
R00014,Acceleration__x__Duration=Uncommon Acceleration,1404,454,3,27,73,0.3698630136986301,46,558.5019053730796,Duration;Path_Evolution;Geometric;Kinematic,Acceleration;Duration,77,77
R00014,Acceleration__x__Duration=Uncommon Acceleration,1431,454,1,46,73,0.6301369863013698,27,45.20017523438401,Duration;Path_Evolution;Geometric;Kinematic,Acceleration;Duration,77,77
R00014,Acceleration__x__Duration=Uncommon Acceleration,1431,1328,2,34,73,0.4657534246575342,39,43.881909065561665,Duration;Path_Evolution;Geometric;Kinematic,Acceleration;Duration,77,77
R00014,Acceleration__x__Duration=Uncommon Acceleration,1431,241,3,33,73,0.4520547945205479,40,44.56567317893473,Duration;Path_Evolution;Geometric;Kinematic,Acceleration;Duration,77,77
R00015,Path_Evolution__x__Sampling_Gaps=Uncommon Path_Evolution,136,1175,1,38,73,0.5205479452054794,35,38.126117372116234,Geometric;SpatioTemporal_Dynamics;Phase_Change;Sampling_Gaps,Path_Evolution;Sampling_Gaps,51,51
R00015,Path_Evolution__x__Sampling_Gaps=Uncommon Path_Evolution,136,1026,2,37,73,0.5068493150684932,36,5.512788634422065,Geometric;SpatioTemporal_Dynamics;Phase_Change;Sampling_Gaps,Path_Evolution;Sampling_Gaps,51,51
R00015,Path_Evolution__x__Sampling_Gaps=Uncommon Path_Evolution,136,275,3,37,73,0.5068493150684932,36,11.661315719833077,Geometric;SpatioTemporal_Dynamics;Phase_Change;Sampling_Gaps,Path_Evolution;Sampling_Gaps,51,51
R00015,Path_Evolution__x__Sampling_Gaps=Uncommon Path_Evolution,174,1175,1,32,73,0.4383561643835616,41,79.79198353395182,Geometric;SpatioTemporal_Dynamics;Phase_Change;Sampling_Gaps,Path_Evolution;Sampling_Gaps,51,51
R00015,Path_Evolution__x__Sampling_Gaps=Uncommon Path_Evolution,174,1026,2,27,73,0.3698630136986301,46,43.65523854544078,Geometric;SpatioTemporal_Dynamics;Phase_Change;Sampling_Gaps,Path_Evolution;Sampling_Gaps,51,51
R00015,Path_Evolution__x__Sampling_Gaps=Uncommon Path_Evolution,174,275,3,15,73,0.2054794520547945,58,44.426388693519215,Geometric;SpatioTemporal_Dynamics;Phase_Change;Sampling_Gaps,Path_Evolution;Sampling_Gaps,51,51
R00015,Path_Evolution__x__Sampling_Gaps=Uncommon Path_Evolution,277,275,1,36,73,0.4931506849315068,37,11.679662190738886,Geometric;SpatioTemporal_Dynamics;Phase_Change;Sampling_Gaps,Path_Evolution;Sampling_Gaps,51,51
R00015,Path_Evolution__x__Sampling_Gaps=Uncommon Path_Evolution,277,1175,2,28,73,0.3835616438356164,45,38.397504376278995,Geometric;SpatioTemporal_Dynamics;Phase_Change;Sampling_Gaps,Path_Evolution;Sampling_Gaps,51,51
R00015,Path_Evolution__x__Sampling_Gaps=Uncommon Path_Evolution,277,1026,3,15,73,0.2054794520547945,58,6.029803591812038,Geometric;SpatioTemporal_Dynamics;Phase_Change;Sampling_Gaps,Path_Evolution;Sampling_Gaps,51,51
R00015,Path_Evolution__x__Sampling_Gaps=Uncommon Path_Evolution,371,1175,1,37,73,0.5068493150684932,36,14.140894910100208,Geometric;SpatioTemporal_Dynamics;Phase_Change;Sampling_Gaps,Path_Evolution;Sampling_Gaps,51,51
R00015,Path_Evolution__x__Sampling_Gaps=Uncommon Path_Evolution,371,1026,2,31,73,0.4246575342465753,42,37.16196626537986,Geometric;SpatioTemporal_Dynamics;Phase_Change;Sampling_Gaps,Path_Evolution;Sampling_Gaps,51,51
R00015,Path_Evolution__x__Sampling_Gaps=Uncommon Path_Evolution,371,275,3,31,73,0.4246575342465753,42,40.05787869593621,Geometric;SpatioTemporal_Dynamics;Phase_Change;Sampling_Gaps,Path_Evolution;Sampling_Gaps,51,51
R00015,Path_Evolution__x__Sampling_Gaps=Uncommon Path_Evolution,407,1175,1,32,73,0.4383561643835616,41,48.275775216148965,Geometric;SpatioTemporal_Dynamics;Phase_Change;Sampling_Gaps,Path_Evolution;Sampling_Gaps,51,51
R00015,Path_Evolution__x__Sampling_Gaps=Uncommon Path_Evolution,407,1026,2,23,73,0.3150684931506849,50,31.734163779744723,Geometric;SpatioTemporal_Dynamics;Phase_Change;Sampling_Gaps,Path_Evolution;Sampling_Gaps,51,51
R00015,Path_Evolution__x__Sampling_Gaps=Uncommon Path_Evolution,407,275,3,13,73,0.1780821917808219,60,34.098750768100984,Geometric;SpatioTemporal_Dynamics;Phase_Change;Sampling_Gaps,Path_Evolution;Sampling_Gaps,51,51
R00015,Path_Evolution__x__Sampling_Gaps=Uncommon Path_Evolution,559,1175,1,41,73,0.5616438356164384,32,1321.0156824017827,Geometric;SpatioTemporal_Dynamics;Phase_Change;Sampling_Gaps,Path_Evolution;Sampling_Gaps,51,51
R00015,Path_Evolution__x__Sampling_Gaps=Uncommon Path_Evolution,559,275,2,29,73,0.3972602739726027,44,1314.8989256868465,Geometric;SpatioTemporal_Dynamics;Phase_Change;Sampling_Gaps,Path_Evolution;Sampling_Gaps,51,51
R00015,Path_Evolution__x__Sampling_Gaps=Uncommon Path_Evolution,559,1026,3,28,73,0.3835616438356164,45,1325.1884939026636,Geometric;SpatioTemporal_Dynamics;Phase_Change;Sampling_Gaps,Path_Evolution;Sampling_Gaps,51,51
R00015,Path_Evolution__x__Sampling_Gaps=Uncommon Path_Evolution,676,1026,1,35,73,0.4794520547945205,38,5.861993389874624,Geometric;SpatioTemporal_Dynamics;Phase_Change;Sampling_Gaps,Path_Evolution;Sampling_Gaps,51,51
R00015,Path_Evolution__x__Sampling_Gaps=Uncommon Path_Evolution,676,1175,2,32,73,0.4383561643835616,41,38.13444976421916,Geometric;SpatioTemporal_Dynamics;Phase_Change;Sampling_Gaps,Path_Evolution;Sampling_Gaps,51,51
R00015,Path_Evolution__x__Sampling_Gaps=Uncommon Path_Evolution,676,275,3,30,73,0.410958904109589,43,10.577598871899868,Geometric;SpatioTemporal_Dynamics;Phase_Change;Sampling_Gaps,Path_Evolution;Sampling_Gaps,51,51
R00015,Path_Evolution__x__Sampling_Gaps=Uncommon Path_Evolution,733,1175,1,39,73,0.5342465753424658,34,245.0060498485469,Geometric;SpatioTemporal_Dynamics;Phase_Change;Sampling_Gaps,Path_Evolution;Sampling_Gaps,51,51
R00015,Path_Evolution__x__Sampling_Gaps=Uncommon Path_Evolution,733,1026,2,32,73,0.4383561643835616,41,251.35270179393427,Geometric;SpatioTemporal_Dynamics;Phase_Change;Sampling_Gaps,Path_Evolution;Sampling_Gaps,51,51
R00015,Path_Evolution__x__Sampling_Gaps=Uncommon Path_Evolution,733,275,3,29,73,0.3972602739726027,44,241.13155980403926,Geometric;SpatioTemporal_Dynamics;Phase_Change;Sampling_Gaps,Path_Evolution;Sampling_Gaps,51,51
R00015,Path_Evolution__x__Sampling_Gaps=Uncommon Path_Evolution,736,1175,1,37,73,0.5068493150684932,36,23.779277989380383,Geometric;SpatioTemporal_Dynamics;Phase_Change;Sampling_Gaps,Path_Evolution;Sampling_Gaps,51,51
R00015,Path_Evolution__x__Sampling_Gaps=Uncommon Path_Evolution,736,1026,2,36,73,0.4931506849315068,37,43.923800512308034,Geometric;SpatioTemporal_Dynamics;Phase_Change;Sampling_Gaps,Path_Evolution;Sampling_Gaps,51,51
R00015,Path_Evolution__x__Sampling_Gaps=Uncommon Path_Evolution,736,275,3,18,73,0.2465753424657534,55,44.1295978274123,Geometric;SpatioTemporal_Dynamics;Phase_Change;Sampling_Gaps,Path_Evolution;Sampling_Gaps,51,51
R00015,Path_Evolution__x__Sampling_Gaps=Uncommon Path_Evolution,868,1175,1,52,73,0.7123287671232876,21,37.57446346658631,Geometric;SpatioTemporal_Dynamics;Phase_Change;Sampling_Gaps,Path_Evolution;Sampling_Gaps,51,51
R00015,Path_Evolution__x__Sampling_Gaps=Uncommon Path_Evolution,868,1026,2,43,73,0.589041095890411,30,7.9642420422811036,Geometric;SpatioTemporal_Dynamics;Phase_Change;Sampling_Gaps,Path_Evolution;Sampling_Gaps,51,51
R00015,Path_Evolution__x__Sampling_Gaps=Uncommon Path_Evolution,868,275,3,35,73,0.4794520547945205,38,11.570942346738319,Geometric;SpatioTemporal_Dynamics;Phase_Change;Sampling_Gaps,Path_Evolution;Sampling_Gaps,51,51
R00015,Path_Evolution__x__Sampling_Gaps=Uncommon Path_Evolution,898,1175,1,41,73,0.5616438356164384,32,39.66948318291699,Geometric;SpatioTemporal_Dynamics;Phase_Change;Sampling_Gaps,Path_Evolution;Sampling_Gaps,51,51
R00015,Path_Evolution__x__Sampling_Gaps=Uncommon Path_Evolution,898,1026,2,30,73,0.410958904109589,43,14.100850946513697,Geometric;SpatioTemporal_Dynamics;Phase_Change;Sampling_Gaps,Path_Evolution;Sampling_Gaps,51,51
R00015,Path_Evolution__x__Sampling_Gaps=Uncommon Path_Evolution,898,275,3,20,73,0.273972602739726,53,18.438094451842233,Geometric;SpatioTemporal_Dynamics;Phase_Change;Sampling_Gaps,Path_Evolution;Sampling_Gaps,51,51
R00015,Path_Evolution__x__Sampling_Gaps=Uncommon Path_Evolution,920,1026,1,47,73,0.6438356164383562,26,65.98729949393567,Geometric;SpatioTemporal_Dynamics;Phase_Change;Sampling_Gaps,Path_Evolution;Sampling_Gaps,51,51
R00015,Path_Evolution__x__Sampling_Gaps=Uncommon Path_Evolution,920,1175,2,45,73,0.6164383561643836,28,58.47691713113967,Geometric;SpatioTemporal_Dynamics;Phase_Change;Sampling_Gaps,Path_Evolution;Sampling_Gaps,51,51
R00015,Path_Evolution__x__Sampling_Gaps=Uncommon Path_Evolution,920,275,3,33,73,0.4520547945205479,40,64.3521000691481,Geometric;SpatioTemporal_Dynamics;Phase_Change;Sampling_Gaps,Path_Evolution;Sampling_Gaps,51,51
R00015,Path_Evolution__x__Sampling_Gaps=Uncommon Path_Evolution,921,275,1,24,73,0.3287671232876712,49,1296.927464007111,Geometric;SpatioTemporal_Dynamics;Phase_Change;Sampling_Gaps,Path_Evolution;Sampling_Gaps,51,51
R00015,Path_Evolution__x__Sampling_Gaps=Uncommon Path_Evolution,921,1175,2,24,73,0.3287671232876712,49,1304.0125871238668,Geometric;SpatioTemporal_Dynamics;Phase_Change;Sampling_Gaps,Path_Evolution;Sampling_Gaps,51,51
R00015,Path_Evolution__x__Sampling_Gaps=Uncommon Path_Evolution,921,1026,3,22,73,0.3013698630136986,51,1307.2240492060773,Geometric;SpatioTemporal_Dynamics;Phase_Change;Sampling_Gaps,Path_Evolution;Sampling_Gaps,51,51
R00015,Path_Evolution__x__Sampling_Gaps=Uncommon Path_Evolution,932,1175,1,45,73,0.6164383561643836,28,68.97122289608375,Geometric;SpatioTemporal_Dynamics;Phase_Change;Sampling_Gaps,Path_Evolution;Sampling_Gaps,51,51
R00015,Path_Evolution__x__Sampling_Gaps=Uncommon Path_Evolution,932,1026,2,34,73,0.4657534246575342,39,75.03583558287079,Geometric;SpatioTemporal_Dynamics;Phase_Change;Sampling_Gaps,Path_Evolution;Sampling_Gaps,51,51
R00015,Path_Evolution__x__Sampling_Gaps=Uncommon Path_Evolution,932,275,3,24,73,0.3287671232876712,49,73.42208756194186,Geometric;SpatioTemporal_Dynamics;Phase_Change;Sampling_Gaps,Path_Evolution;Sampling_Gaps,51,51
R00015,Path_Evolution__x__Sampling_Gaps=Uncommon Path_Evolution,949,1175,1,38,73,0.5205479452054794,35,38.185073340419294,Geometric;SpatioTemporal_Dynamics;Phase_Change;Sampling_Gaps,Path_Evolution;Sampling_Gaps,51,51
R00015,Path_Evolution__x__Sampling_Gaps=Uncommon Path_Evolution,949,275,2,36,73,0.4931506849315068,37,11.813503717980414,Geometric;SpatioTemporal_Dynamics;Phase_Change;Sampling_Gaps,Path_Evolution;Sampling_Gaps,51,51
R00015,Path_Evolution__x__Sampling_Gaps=Uncommon Path_Evolution,949,1026,3,29,73,0.3972602739726027,44,6.430491365191578,Geometric;SpatioTemporal_Dynamics;Phase_Change;Sampling_Gaps,Path_Evolution;Sampling_Gaps,51,51
R00015,Path_Evolution__x__Sampling_Gaps=Uncommon Path_Evolution,1028,1175,1,47,73,0.6438356164383562,26,40.24727282182213,Geometric;SpatioTemporal_Dynamics;Phase_Change;Sampling_Gaps,Path_Evolution;Sampling_Gaps,51,51
R00015,Path_Evolution__x__Sampling_Gaps=Uncommon Path_Evolution,1028,1026,2,45,73,0.6164383561643836,28,16.038168313052726,Geometric;SpatioTemporal_Dynamics;Phase_Change;Sampling_Gaps,Path_Evolution;Sampling_Gaps,51,51
R00015,Path_Evolution__x__Sampling_Gaps=Uncommon Path_Evolution,1028,275,3,28,73,0.3835616438356164,45,19.20179837225851,Geometric;SpatioTemporal_Dynamics;Phase_Change;Sampling_Gaps,Path_Evolution;Sampling_Gaps,51,51
R00015,Path_Evolution__x__Sampling_Gaps=Uncommon Path_Evolution,1140,1175,1,30,73,0.410958904109589,43,12.437697812977436,Geometric;SpatioTemporal_Dynamics;Phase_Change;Sampling_Gaps,Path_Evolution;Sampling_Gaps,51,51
R00015,Path_Evolution__x__Sampling_Gaps=Uncommon Path_Evolution,1140,1026,2,28,73,0.3835616438356164,45,37.37213152916567,Geometric;SpatioTemporal_Dynamics;Phase_Change;Sampling_Gaps,Path_Evolution;Sampling_Gaps,51,51
R00015,Path_Evolution__x__Sampling_Gaps=Uncommon Path_Evolution,1140,275,3,27,73,0.3698630136986301,46,40.11039328198119,Geometric;SpatioTemporal_Dynamics;Phase_Change;Sampling_Gaps,Path_Evolution;Sampling_Gaps,51,51
R00015,Path_Evolution__x__Sampling_Gaps=Uncommon Path_Evolution,1174,275,1,28,73,0.3835616438356164,45,37.701216683707095,Geometric;SpatioTemporal_Dynamics;Phase_Change;Sampling_Gaps,Path_Evolution;Sampling_Gaps,51,51
R00015,Path_Evolution__x__Sampling_Gaps=Uncommon Path_Evolution,1174,1175,2,27,73,0.3698630136986301,46,7.65366329974888,Geometric;SpatioTemporal_Dynamics;Phase_Change;Sampling_Gaps,Path_Evolution;Sampling_Gaps,51,51
R00015,Path_Evolution__x__Sampling_Gaps=Uncommon Path_Evolution,1174,1026,3,17,73,0.2328767123287671,56,37.40393539395181,Geometric;SpatioTemporal_Dynamics;Phase_Change;Sampling_Gaps,Path_Evolution;Sampling_Gaps,51,51
R00015,Path_Evolution__x__Sampling_Gaps=Uncommon Path_Evolution,1176,275,1,45,73,0.6164383561643836,28,74.42291894171152,Geometric;SpatioTemporal_Dynamics;Phase_Change;Sampling_Gaps,Path_Evolution;Sampling_Gaps,51,51
R00015,Path_Evolution__x__Sampling_Gaps=Uncommon Path_Evolution,1176,1175,2,33,73,0.4520547945205479,40,59.0501664039284,Geometric;SpatioTemporal_Dynamics;Phase_Change;Sampling_Gaps,Path_Evolution;Sampling_Gaps,51,51
R00015,Path_Evolution__x__Sampling_Gaps=Uncommon Path_Evolution,1176,1026,3,30,73,0.410958904109589,43,65.7921999060469,Geometric;SpatioTemporal_Dynamics;Phase_Change;Sampling_Gaps,Path_Evolution;Sampling_Gaps,51,51
R00015,Path_Evolution__x__Sampling_Gaps=Uncommon Path_Evolution,1180,1175,1,42,73,0.5753424657534246,31,13.222392189426195,Geometric;SpatioTemporal_Dynamics;Phase_Change;Sampling_Gaps,Path_Evolution;Sampling_Gaps,51,51
R00015,Path_Evolution__x__Sampling_Gaps=Uncommon Path_Evolution,1180,275,2,32,73,0.4383561643835616,41,40.27832290664796,Geometric;SpatioTemporal_Dynamics;Phase_Change;Sampling_Gaps,Path_Evolution;Sampling_Gaps,51,51
R00015,Path_Evolution__x__Sampling_Gaps=Uncommon Path_Evolution,1180,1026,3,29,73,0.3972602739726027,44,37.21171453138265,Geometric;SpatioTemporal_Dynamics;Phase_Change;Sampling_Gaps,Path_Evolution;Sampling_Gaps,51,51
R00015,Path_Evolution__x__Sampling_Gaps=Uncommon Path_Evolution,1213,1026,1,53,73,0.726027397260274,20,7.671749065301001,Geometric;SpatioTemporal_Dynamics;Phase_Change;Sampling_Gaps,Path_Evolution;Sampling_Gaps,51,51
R00015,Path_Evolution__x__Sampling_Gaps=Uncommon Path_Evolution,1213,1175,2,42,73,0.5753424657534246,31,37.921375024078415,Geometric;SpatioTemporal_Dynamics;Phase_Change;Sampling_Gaps,Path_Evolution;Sampling_Gaps,51,51
R00015,Path_Evolution__x__Sampling_Gaps=Uncommon Path_Evolution,1213,275,3,33,73,0.4520547945205479,40,12.760075823989814,Geometric;SpatioTemporal_Dynamics;Phase_Change;Sampling_Gaps,Path_Evolution;Sampling_Gaps,51,51
R00015,Path_Evolution__x__Sampling_Gaps=Uncommon Path_Evolution,1371,1175,1,36,73,0.4931506849315068,37,37.442372394186485,Geometric;SpatioTemporal_Dynamics;Phase_Change;Sampling_Gaps,Path_Evolution;Sampling_Gaps,51,51
R00015,Path_Evolution__x__Sampling_Gaps=Uncommon Path_Evolution,1371,275,2,35,73,0.4794520547945205,38,10.123265770197357,Geometric;SpatioTemporal_Dynamics;Phase_Change;Sampling_Gaps,Path_Evolution;Sampling_Gaps,51,51
R00015,Path_Evolution__x__Sampling_Gaps=Uncommon Path_Evolution,1371,1026,3,20,73,0.273972602739726,53,7.113935838996115,Geometric;SpatioTemporal_Dynamics;Phase_Change;Sampling_Gaps,Path_Evolution;Sampling_Gaps,51,51
R00015,Path_Evolution__x__Sampling_Gaps=Uncommon Path_Evolution,1404,1175,1,33,73,0.4520547945205479,40,1186.5883255540687,Geometric;SpatioTemporal_Dynamics;Phase_Change;Sampling_Gaps,Path_Evolution;Sampling_Gaps,51,51
R00015,Path_Evolution__x__Sampling_Gaps=Uncommon Path_Evolution,1404,275,2,27,73,0.3698630136986301,46,1179.4365489092584,Geometric;SpatioTemporal_Dynamics;Phase_Change;Sampling_Gaps,Path_Evolution;Sampling_Gaps,51,51
R00015,Path_Evolution__x__Sampling_Gaps=Uncommon Path_Evolution,1404,1026,3,22,73,0.3013698630136986,51,1189.7325988519356,Geometric;SpatioTemporal_Dynamics;Phase_Change;Sampling_Gaps,Path_Evolution;Sampling_Gaps,51,51
R00015,Path_Evolution__x__Sampling_Gaps=Uncommon Path_Evolution,1425,1175,1,30,73,0.410958904109589,43,3762.511777809231,Geometric;SpatioTemporal_Dynamics;Phase_Change;Sampling_Gaps,Path_Evolution;Sampling_Gaps,51,51
R00015,Path_Evolution__x__Sampling_Gaps=Uncommon Path_Evolution,1425,1026,2,19,73,0.2602739726027397,54,3766.3997158320053,Geometric;SpatioTemporal_Dynamics;Phase_Change;Sampling_Gaps,Path_Evolution;Sampling_Gaps,51,51
R00015,Path_Evolution__x__Sampling_Gaps=Uncommon Path_Evolution,1425,275,3,13,73,0.1780821917808219,60,3756.1062288823514,Geometric;SpatioTemporal_Dynamics;Phase_Change;Sampling_Gaps,Path_Evolution;Sampling_Gaps,51,51
R00015,Path_Evolution__x__Sampling_Gaps=Uncommon Path_Evolution,1439,1175,1,38,73,0.5205479452054794,35,63.65633216181422,Geometric;SpatioTemporal_Dynamics;Phase_Change;Sampling_Gaps,Path_Evolution;Sampling_Gaps,51,51
R00015,Path_Evolution__x__Sampling_Gaps=Uncommon Path_Evolution,1439,275,2,29,73,0.3972602739726027,44,66.7118051143565,Geometric;SpatioTemporal_Dynamics;Phase_Change;Sampling_Gaps,Path_Evolution;Sampling_Gaps,51,51
R00015,Path_Evolution__x__Sampling_Gaps=Uncommon Path_Evolution,1439,1026,3,28,73,0.3835616438356164,45,72.96012388807006,Geometric;SpatioTemporal_Dynamics;Phase_Change;Sampling_Gaps,Path_Evolution;Sampling_Gaps,51,51
R00015,Path_Evolution__x__Sampling_Gaps=Uncommon Path_Evolution,1446,1175,1,38,73,0.5205479452054794,35,980.7703578394963,Geometric;SpatioTemporal_Dynamics;Phase_Change;Sampling_Gaps,Path_Evolution;Sampling_Gaps,51,51
R00015,Path_Evolution__x__Sampling_Gaps=Uncommon Path_Evolution,1446,1026,2,30,73,0.410958904109589,43,985.1794307632138,Geometric;SpatioTemporal_Dynamics;Phase_Change;Sampling_Gaps,Path_Evolution;Sampling_Gaps,51,51
R00015,Path_Evolution__x__Sampling_Gaps=Uncommon Path_Evolution,1446,275,3,25,73,0.3424657534246575,48,974.8843337605047,Geometric;SpatioTemporal_Dynamics;Phase_Change;Sampling_Gaps,Path_Evolution;Sampling_Gaps,51,51
R00015,Path_Evolution__x__Sampling_Gaps=Uncommon Path_Evolution,1476,1175,1,27,73,0.3698630136986301,46,38.740932546850416,Geometric;SpatioTemporal_Dynamics;Phase_Change;Sampling_Gaps,Path_Evolution;Sampling_Gaps,51,51
R00015,Path_Evolution__x__Sampling_Gaps=Uncommon Path_Evolution,1476,275,2,17,73,0.2328767123287671,56,56.812492622464625,Geometric;SpatioTemporal_Dynamics;Phase_Change;Sampling_Gaps,Path_Evolution;Sampling_Gaps,51,51
R00015,Path_Evolution__x__Sampling_Gaps=Uncommon Path_Evolution,1476,1026,3,13,73,0.1780821917808219,60,49.50520839516604,Geometric;SpatioTemporal_Dynamics;Phase_Change;Sampling_Gaps,Path_Evolution;Sampling_Gaps,51,51
