trajectory_id,raw_lof,lof_percentile_score,n_features_used,n_neighbors
1,1.0004492861694592,0.030145143282471157,103,20
2,1.0229174622877053,0.07666542612579084,103,20
3,1.2439006603376195,0.7446966877558615,103,20
4,1.0700792806128763,0.22106438407145515,103,20
5,1.1728835498185755,0.563453665798288,103,20
6,1.240934918053741,0.7383699292891701,103,20
7,1.0600307697255509,0.18533680684778564,103,20
8,1.0380912961683908,0.11871976181615185,103,20
9,1.4596301789499841,0.9449199851135095,103,20
10,1.3283338203597865,0.8619278005210271,103,20
11,1.0719333639747675,0.22627465574990696,103,20
12,1.2675030775861345,0.7852623743952363,103,20
13,0.9857340525793757,0.011164867882396725,103,20
14,1.310215307762278,0.838481577967994,103,20
15,1.2797847682562706,0.8031261630070711,103,20
16,1.2253960701247149,0.7108299218459249,103,20
17,1.5423964185500512,0.9698548567175288,103,20
18,1.046806325003081,0.1462597692593971,103,20
19,0.9941550387230229,0.021213248976553776,103,20
20,1.0795236084587494,0.2515816896166729,103,20
21,1.0834969474735492,0.2679568291775214,103,20
22,1.039141616812272,0.12132489765537774,103,20
23,1.1529285302676615,0.5053963528098251,103,20
24,1.2077916278686485,0.6650539635280982,103,20
25,1.2573485983165447,0.767026423520655,103,20
26,1.324823547406926,0.8567175288425753,103,20
27,1.392352456494909,0.9106810569408262,103,20
28,1.0426750186392382,0.13286192780052103,103,20
29,1.080393265790643,0.2564197990323781,103,20
30,1.0896803517784703,0.2917752139933011,103,20
31,1.2141412985516333,0.6832899144026796,103,20
32,1.1519392186915192,0.502046892445106,103,20
33,1.0467202489923744,0.145515444733904,103,20
34,1.234219459592427,0.7264607368812802,103,20
35,1.071904988639607,0.2259024934871604,103,20
36,1.2193531103847766,0.6951991068105694,103,20
37,1.374829826747766,0.8983997022701898,103,20
38,1.2501072091487357,0.7506512839598065,103,20
39,1.0703200734642002,0.22329735764793449,103,20
40,1.1445810257226356,0.472646073688128,103,20
41,1.3755553143661614,0.8987718645329363,103,20
42,1.154337612582281,0.5117231112765166,103,20
43,1.2642629567352341,0.7781912914030518,103,20
44,1.1019232642470318,0.3319687383699293,103,20
45,1.2246220188858268,0.7093412727949386,103,20
46,1.2220729882622625,0.7033866765909936,103,20
47,1.077187056574693,0.24413844436174173,103,20
48,0.987692084052209,0.014142165984369185,103,20
49,1.0724638091315897,0.22739114253814663,103,20
50,1.0642200849061276,0.2013397841458876,103,20
51,1.3459173669345215,0.8775586155563826,103,20
52,1.048722671131359,0.15109787867510235,103,20
53,1.212904557974541,0.6791961295124674,103,20
54,1.1218108319858158,0.3967249720878303,103,20
55,1.1009294811762524,0.3275027912169706,103,20
56,1.0476503246777358,0.14998139188686266,103,20
57,1.2436870048010915,0.7439523632303684,103,20
58,1.1695594445334625,0.5563825828061034,103,20
59,1.1695892634690321,0.55675474506885,103,20
60,1.204223272738635,0.6505396352809825,103,20
61,4.351285086918038,0.9929289170078154,103,20
62,1.0377916877674962,0.11834759955340529,103,20
63,1.1070937554091014,0.35206550055824337,103,20
64,1.3607504008175995,0.8876069966505397,103,20
65,1.034803820930672,0.10904354298474135,103,20
66,1.0721169483711235,0.22664681801265352,103,20
67,1.1085668026358233,0.355787123185709,103,20
68,1.2183007647130446,0.6911053219203572,103,20
69,1.303346630018843,0.8295496836620767,103,20
70,1.0816061166401263,0.26088574618533683,103,20
71,1.0051918492281993,0.03982136211388165,103,20
72,1.092330231861073,0.3021957573502047,103,20
73,1.0631676755772634,0.19650167473018235,103,20
74,1.2213430553245896,0.702270189802754,103,20
75,1.157573892430522,0.5191663565314477,103,20
76,1.2630104296511473,0.7767026423520655,103,20
77,1.1853004067947595,0.5999255675474506,103,20
78,1.510471228837801,0.9635280982508374,103,20
79,1.2131578303148285,0.6810569408262003,103,20
80,1.3668624993932925,0.8928172683289914,103,20
81,1.7268953782784862,0.9847413472273912,103,20
82,1.2935929998669473,0.821734276144399,103,20
83,1.3905224155888736,0.90919240788984,103,20
84,1.1070491653389276,0.35132117603275026,103,20
85,1.2833641521967838,0.8075921101600297,103,20
86,1.0799840219317751,0.2545589877186453,103,20
87,1.182141950277774,0.5906215109787868,103,20
88,1.066864124242328,0.20952735392631186,103,20
89,1.0403774620583055,0.12541868254558988,103,20
90,0.9866018918950722,0.012653516933382954,103,20
91,1.133625043031304,0.4343133606252326,103,20
92,1.1772782248986153,0.5749906959434313,103,20
93,1.163164168938764,0.5388909564570152,103,20
94,1.1315366928723183,0.427242277633048,103,20
95,1.1453859924791687,0.4748790472646074,103,20
96,1.2170905767610112,0.6885001860811314,103,20
97,1.5887366557089266,0.9765537774469669,103,20
98,1.2148534338716144,0.685522887979159,103,20
99,1.2311892939905436,0.7197618161518422,103,20
100,1.0215333303629226,0.07071082992184592,103,20
101,1.3884558854615476,0.9088202456270934,103,20
102,1.0763138086021748,0.2407889839970227,103,20
103,1.0963051736337601,0.313732787495348,103,20
104,1.120515599716462,0.39151470040937847,103,20
105,1.1437080989520614,0.469296613323409,103,20
106,1.411382515392754,0.9199851135094901,103,20
107,1.1582615854589318,0.5217714923706737,103,20
108,1.149418110345788,0.4905098622999628,103,20
109,1.1811749843834,0.5872720506140677,103,20
110,1.5585902095943645,0.9732043170822479,103,20
111,1.1457340598579844,0.4763676963155936,103,20
112,1.141885432703813,0.462597692593971,103,20
113,0.9891289790968024,0.015630815035355416,103,20
114,1.2648647145842773,0.779679940454038,103,20
115,1.3015047541907627,0.8280610346110905,103,20
116,1.1911313494167555,0.6140677335318199,103,20
117,1.2530391066786701,0.7595831782657239,103,20
118,1.3175724279595822,0.8470413100111649,103,20
119,1.0373752897976156,0.11611462597692594,103,20
120,1.1984974039891483,0.6311871976181616,103,20
121,1.4180871019910604,0.9255675474506885,103,20
122,1.2227987106486524,0.7052474879047265,103,20
123,1.166886456092326,0.5481950130256792,103,20
124,1.1065486525782848,0.34983252698176404,103,20
125,1.051618050411806,0.1577967994045404,103,20
126,1.0284023129068436,0.09266840342389282,103,20
127,1.2528535487558252,0.7584666914774841,103,20
128,1.81640199881882,0.9877186453293636,103,20
129,1.2210269154038769,0.7007815407517678,103,20
130,1.1785383643300065,0.5798288053591366,103,20
131,1.0937746698998763,0.3062895422404168,103,20
132,1.138384566188869,0.4510606624488277,103,20
133,1.0997994666536965,0.3245254931149981,103,20
134,1.2253965915756238,0.7112020841086714,103,20
135,1.3191076188954622,0.8492742835876442,103,20
136,1.1948761084263395,0.6237439523632303,103,20
137,1.043660052654896,0.13546706363974692,103,20
138,1.2449120702661438,0.7458131745441012,103,20
139,1.1572642184085018,0.518049869743208,103,20
140,1.0920857378692856,0.3014514328247116,103,20
141,1.2561192726131558,0.7640491254186825,103,20
142,1.1338176956745987,0.4354298474134723,103,20
143,1.1591482209961557,0.5266096017863788,103,20
144,1.22544541023395,0.711574246371418,103,20
145,1.3656475012910418,0.8917007815407517,103,20
146,1.171560716349796,0.5612206922218087,103,20
147,1.0845240891916421,0.2713062895422404,103,20
148,1.1406840859798264,0.4570152586527726,103,20
149,1.3228518481224156,0.8533680684778564,103,20
150,1.1609883623852422,0.5325641979903237,103,20
151,1.024270728081008,0.08001488649050986,103,20
152,1.0793588720914309,0.2504652028284332,103,20
153,1.473743287588126,0.9531075548939337,103,20
154,0.9890210791532613,0.0148864905098623,103,20
155,1.1622316055273036,0.5362858206177894,103,20
156,1.0581593460424634,0.1786378861183476,103,20
157,1.1182774115274565,0.38481577967994046,103,20
158,1.2306519754842176,0.7186453293636025,103,20
159,1.078259280170547,0.2486043915147004,103,20
160,1.0611609809891485,0.18868626721250464,103,20
161,1.4446689295807604,0.9389653889095646,103,20
162,1.3393032665996882,0.8708596948269446,103,20
163,1.5203585842549183,0.9661332340900632,103,20
164,1.1609723613175449,0.5321920357275772,103,20
165,1.1466463125675594,0.4797171566803126,103,20
166,1.2451472501365406,0.7461853368068477,103,20
167,1.1200412492550922,0.3889095645701526,103,20
168,1.1310572805259191,0.423892817268329,103,20
169,1.1346681797058107,0.43766282098995163,103,20
170,1.088605624909648,0.28656494231484925,103,20
171,1.0169202125117716,0.061778935615928544,103,20
172,1.3258322688568571,0.8574618533680685,103,20
173,1.1107201219151215,0.36211388165240044,103,20
174,78049682597179.94,1.0,103,20
175,1.1255744003367556,0.4082620022329736,103,20
176,1.1210345946575477,0.3930033494603647,103,20
177,1.2527082844795125,0.7580945292147376,103,20
178,1.0472681452660555,0.14812058057312988,103,20
179,1.0986528425632587,0.31931522143654634,103,20
180,1.0308242516991437,0.09825083736509117,103,20
181,1.2327985105775143,0.7219947897283215,103,20
182,1.1044684863825833,0.3401563081503536,103,20
183,1.1628975576066696,0.5385187941942687,103,20
184,1.070186915342442,0.22255303312244137,103,20
185,1.02332687512701,0.07740975065128396,103,20
186,1.0588231302149498,0.18161518422032005,103,20
187,1.1478084034500564,0.48455526609601784,103,20
188,1.0627446608011002,0.19464086341644957,103,20
189,1.198596193437578,0.6323036844064012,103,20
190,1.167789051168693,0.5522887979158914,103,20
191,1.0845704722443517,0.27167845180498695,103,20
192,1.0898907496332588,0.29363602530703387,103,20
193,1.1848101698749554,0.5984369184964644,103,20
194,1.4830144383553245,0.9572013397841459,103,20
195,1.1327096625776698,0.43096390026051357,103,20
196,1.009164496297497,0.048381094157052475,103,20
197,0.995742868788511,0.023446222553033122,103,20
198,1.281422190843342,0.8053591365835504,103,20
199,1.2906647270594958,0.8187569780424265,103,20
200,1.1115476974926042,0.3632303684406401,103,20
201,1.1179618491890289,0.38332713062895424,103,20
202,1.0002646659333847,0.0297729810197246,103,20
203,1.0766234282313358,0.2415333085225158,103,20
204,1.210072347000007,0.6732415333085225,103,20
205,1.026066996069514,0.08522515816896167,103,20
206,1.2146454405536748,0.6844064011909192,103,20
207,1.1270362943643657,0.41123930033494605,103,20
208,1.343273432641628,0.8745813174544101,103,20
209,1.3273518753045122,0.8608113137327875,103,20
210,1.073570345097718,0.23222925195385188,103,20
211,1.2473998806485642,0.7480461481205806,103,20
212,1.4902305260415194,0.9601786378861183,103,20
213,1.1856601945797975,0.6006698920729439,103,20
214,1.3260425290507145,0.8582061778935616,103,20
215,1.0728342403401894,0.22887979158913285,103,20
216,1.2178964846914302,0.6907331596576107,103,20
217,1.0639010745789494,0.19985113509490138,103,20
218,1.2191745269793681,0.6940826200223298,103,20
219,1.2858948589638657,0.8128023818384815,103,20
220,1.164563285147305,0.5422404168217343,103,20
221,1.6224063539820395,0.980647562337179,103,20
222,1.0569841812204108,0.17379977670264235,103,20
223,0.9980448121428859,0.025679196129512468,103,20
224,1.0732411651728955,0.2303684406401191,103,20
225,1.1315200798396978,0.4264979531075549,103,20
226,1.2204526425269047,0.698920729438035,103,20
227,1.0700384213237333,0.22032005954596204,103,20
228,1.2756685614081513,0.7953107554893933,103,20
229,1.2681746759490102,0.7867510234462226,103,20
230,1.219490664603205,0.6966877558615556,103,20
231,1.139831442760507,0.45478228507629326,103,20
232,1.0766608900026695,0.24190547078526237,103,20
233,1.0474446518212983,0.14849274283587643,103,20
234,1.200516311270511,0.640863416449572,103,20
235,1.071652394674887,0.2251581689616673,103,20
236,1.2621022472678856,0.7748418310383327,103,20
237,1.1410052897966172,0.4588760699665054,103,20
238,1.1315217066765524,0.42687011537030145,103,20
239,1.1347737028809135,0.4380349832526982,103,20
240,1.297442069926982,0.8247115742463714,103,20
241,1.0735523562296014,0.23148492742835877,103,20
242,1.3149769271400686,0.844436174171939,103,20
243,1.1089008615513574,0.3565314477112021,103,20
244,1.1584483922208464,0.5228879791589133,103,20
245,1.2529203717625523,0.7592110160029772,103,20
246,1.0888662645563862,0.2884257536285821,103,20
247,1.2063965238654253,0.6594715295868999,103,20
248,1.207307157997329,0.6624488276888724,103,20
249,1.0319201016233654,0.10197245999255676,103,20
250,1.0697751682995391,0.2180870859694827,103,20
251,1.2412573438212626,0.7391142538146632,103,20
252,1.1301244253797484,0.4212876814291031,103,20
253,1.1588618648687148,0.5254931149981392,103,20
254,1.1447627803279556,0.47301823595087455,103,20
255,1.1514121850216237,0.4990695943431336,103,20
256,1.0590122340578012,0.18235950874581316,103,20
257,1.1478046150559174,0.4841831038332713,103,20
258,1.0889291387223534,0.2891700781540752,103,20
259,1.0952425622532065,0.3114998139188686,103,20
260,1.2018040185608696,0.6449572013397842,103,20
261,1.3701645397898745,0.8961667286937105,103,20
262,1.5875356739795512,0.9761816151842203,103,20
263,1.0433029557474687,0.1339784145887607,103,20
264,1.044651290671994,0.13732787495347973,103,20
265,1.2658096288984606,0.7811685895050242,103,20
266,1.1744381963164683,0.5671752884257536,103,20
267,1.0017478262989623,0.033494603647190174,103,20
268,1.1935851305007346,0.6207666542612579,103,20
269,0.9980627799389821,0.026051358392259024,103,20
270,1.0966656068728597,0.31484927428358767,103,20
271,1.0940103499300204,0.30703386676590994,103,20
272,1.398377815231156,0.9132861927800521,103,20
273,1.082319808705238,0.26423520655005583,103,20
274,1.1771790934506228,0.5746185336806848,103,20
275,1.1650574073884825,0.5437290658727205,103,20
276,1.1148760945749223,0.37327874953479717,103,20
277,1.150705343700733,0.49609229624116113,103,20
278,0.9971763273249155,0.024934871604019353,103,20
279,1.0449477783373022,0.13956084852995906,103,20
280,1.0259126560606913,0.08373650911797544,103,20
281,1.1660752650759036,0.5463342017119464,103,20
282,1.024758106726328,0.08150353554149609,103,20
283,1.0336371969063156,0.10569408262002233,103,20
284,1.091388007916473,0.29959062151097876,103,20
285,1.6060657390322794,0.9784145887606996,103,20
286,1.275979716695261,0.7964272422776331,103,20
287,1.0140080558616604,0.05508001488649051,103,20
288,1.1587812662038046,0.5251209527353926,103,20
289,1.1318395761968154,0.42873092668403423,103,20
290,1.4123596060738433,0.9214737625604764,103,20
291,1.279399617922707,0.802381838481578,103,20
292,1.1132633886833065,0.3706736136955713,103,20
293,1.18672828362994,0.6032750279121697,103,20
294,1.1846789313808703,0.5980647562337179,103,20
295,1.1603698562510996,0.530703386676591,103,20
296,1.2933402560610046,0.8209899516189059,103,20
297,1.3479008392026288,0.8783029400818757,103,20
298,1.1052650678407336,0.3427614439895795,103,20
299,1.063777632215594,0.1979903237811686,103,20
300,1.148588264747159,0.4871604019352438,103,20
301,1.258814273055247,0.7700037216226274,103,20
302,1.1972536181624545,0.6282098995161891,103,20
303,1.2282878492868767,0.7164123557871231,103,20
304,1.1008707324333287,0.32713062895422407,103,20
305,1.2406289296321513,0.7368812802381839,103,20
306,1.1005629720876906,0.3267584666914775,103,20
307,1.1555683182425962,0.514700409378489,103,20
308,1.1248547853229205,0.40565686639374765,103,20
309,1.4329572926075929,0.9315221436546334,103,20
310,1.1024377410299684,0.33308522515816896,103,20
311,1.1659129516172377,0.5452177149237067,103,20
312,0.9714000019699643,0.0018608113137327876,103,20
313,1.1425546038831071,0.46557499069594344,103,20
314,1.0570112023753977,0.1741719389653889,103,20
315,1.5179490667892286,0.9650167473018236,103,20
316,0.9904279243617715,0.018235950874581318,103,20
317,1.1528510105265974,0.504652028284332,103,20
318,1.1053230724757448,0.3435057685150726,103,20
319,2.1419136642643615,0.9903237811685895,103,20
320,0.9769152207461153,0.003721622627465575,103,20
321,1.1755421406550042,0.5694082620022329,103,20
322,1.120394100281262,0.39077037588388536,103,20
323,1.227182377059151,0.7149237067361369,103,20
324,1.1330922811330872,0.4324525493114998,103,20
325,1.2728897739846334,0.7923334573874209,103,20
326,1.321258206765239,0.8522515816896167,103,20
327,1.2099290059678975,0.6721250465202828,103,20
328,1.3488696308084667,0.8794194268701153,103,20
329,1.1986173175521195,0.6326758466691478,103,20
330,1.141340487332332,0.4607368812802382,103,20
331,1.1464173762513812,0.47860066989207295,103,20
332,1.205354690560743,0.6553777446966877,103,20
333,1.4364441573936593,0.9337551172311128,103,20
334,1.2055259267399177,0.6561220692221809,103,20
335,1.0792799239661808,0.25009304056568665,103,20
336,1.082808642899259,0.26646818012653517,103,20
337,1.325632139300628,0.857089691105322,103,20
338,1.076019669987167,0.23967249720878303,103,20
339,1.4624812798897955,0.9460364719017491,103,20
340,1.1952649862020053,0.6244882768887234,103,20
341,1.1882717236920812,0.6058801637513956,103,20
342,1.2592056857568297,0.7711202084108671,103,20
343,1.3066000714166262,0.8328991440267957,103,20
344,1.2373058680478097,0.7305545217714924,103,20
345,1.135382411208194,0.43915147004093785,103,20
346,1.122413452270043,0.3993301079270562,103,20
347,1.3430163172430707,0.8734648306661704,103,20
348,1.1242483282629132,0.4041682173427614,103,20
349,1.0698416826414157,0.21883141049497581,103,20
350,1.0935244757673508,0.30517305545217716,103,20
351,1.2509023873624434,0.7532564197990324,103,20
352,1.0049971304246437,0.0394491998511351,103,20
353,1.0871531973091164,0.2820989951618906,103,20
354,1.0851457409724108,0.2735392631187198,103,20
355,1.1662174804626602,0.5470785262374396,103,20
356,1.5798372653973254,0.9746929661332341,103,20
357,1.130980981930267,0.42352065500558245,103,20
358,1.1503238193192389,0.49348716040193524,103,20
359,1.1890448889326737,0.608113137327875,103,20
360,1.3618069717173797,0.8883513211760328,103,20
361,1.1730671358476934,0.5641979903237812,103,20
362,1.3769930368766017,0.9010048381094157,103,20
363,1.20727379840149,0.6620766654261258,103,20
364,1.0628483671960072,0.19575735020468923,103,20
365,1.064888922431308,0.20357275772236696,103,20
366,1.3677949109671534,0.8935615928544846,103,20
367,1.2229097073539554,0.7059918124302196,103,20
368,1.3267339187805205,0.8604391514700409,103,20
369,1.1688725588552737,0.5548939337551172,103,20
370,1.1728847343979063,0.5638258280610347,103,20
371,1.1900527472582474,0.6110904354298474,103,20
372,1.034978553895331,0.11053219203572758,103,20
373,1.3836055402132217,0.9028656494231485,103,20
374,1.0424471168324512,0.13211760327502792,103,20
375,1.0566043984959432,0.1708224786006699,103,20
376,1.064399075932888,0.20171194640863416,103,20
377,1.0965883106029695,0.3144771120208411,103,20
378,0.9794326148408373,0.005210271678451805,103,20
379,1.2948226011920707,0.8224786006698921,103,20
380,1.2613992608217868,0.7740975065128396,103,20
381,1.1471750168258477,0.48269445478228507,103,20
382,1.021109461355729,0.0692221808708597,103,20
383,1.643435589849507,0.9817640491254187,103,20
384,1.0869221513810803,0.2809825083736509,103,20
385,1.1618034558747583,0.5351693338295497,103,20
386,1.0107223826272655,0.05061406773353182,103,20
387,1.2507539336679863,0.7525120952735392,103,20
388,0.9834153022427634,0.008187569780424266,103,20
389,1.3500617718037096,0.8801637513956085,103,20
390,1.1205039414867228,0.3911425381466319,103,20
391,1.10393265763942,0.3368068477856345,103,20
392,1.0081157652757233,0.04577595831782657,103,20
393,0.9993198314478651,0.027540007443245255,103,20
394,1.1801406028706376,0.5842947525120953,103,20
395,1.0450460901729834,0.14030517305545218,103,20
396,1.7849425829700896,0.9869743208038705,103,20
397,1.1609233220195416,0.5318198734648306,103,20
398,1.2839323532790496,0.8087085969482695,103,20
399,1.0263439631331197,0.08708596948269445,103,20
400,1.0738645056202938,0.23446222553033122,103,20
401,1.132462665772295,0.42947525120952734,103,20
402,1.2116299175104754,0.6773353181987346,103,20
403,1.0221341664782568,0.07368812802381838,103,20
404,1.0508046961781896,0.15668031261630072,103,20
405,1.2901827484906148,0.8176404912541868,103,20
406,1.0650669123982768,0.20431708224786008,103,20
407,1.2253193861367062,0.7104577595831782,103,20
408,1.3131801094499793,0.8425753628582062,103,20
409,1.1515839017186793,0.5001860811313733,103,20
410,1.1900151695971348,0.6107182731671008,103,20
411,1.2580157446150044,0.7677707480461481,103,20
412,1.1097211059401526,0.3583922590249349,103,20
413,1.1826265931774809,0.592110160029773,103,20
414,1.6125173005610747,0.9795310755489394,103,20
415,1.1611850480311847,0.5340528470413101,103,20
416,1.181211684341096,0.5876442128768143,103,20
417,1.5296427408454902,0.9676218831410495,103,20
418,1.069082253615653,0.21399330107927056,103,20
419,1.1644271235281831,0.5418682545589877,103,20
420,1.0966998277457902,0.3152214365463342,103,20
421,35603396367794.21,0.9988835132117603,103,20
422,1.1559165931858089,0.5154447339039822,103,20
423,1.1121377414199867,0.3643468552288798,103,20
424,1.0646471867975018,0.20320059545962038,103,20
425,1.3711260519990764,0.8969110532192036,103,20
426,1.1684136424578768,0.553405284704131,103,20
427,0.9989130682122619,0.0271678451804987,103,20
428,1.0909836606842047,0.29698548567175287,103,20
429,1.1027983563622148,0.3334573874209155,103,20
430,1.1887658990262175,0.6073688128023819,103,20
431,1.0106697286473225,0.05024190547078526,103,20
432,1.1334648087082217,0.4335690360997395,103,20
433,1.1894336681159448,0.6092296241161146,103,20
434,1.6071723205803772,0.9787867510234463,103,20
435,1.2008897297984078,0.6423520655005582,103,20
436,1.085268231071176,0.2742835876442129,103,20
437,1.0158529614472813,0.0595459620394492,103,20
438,1.21045676095344,0.6751023446222553,103,20
439,1.141575388441248,0.4618533680684779,103,20
440,1.210548227169786,0.6754745068850019,103,20
441,1.1064836686146442,0.3494603647190175,103,20
442,1.66712509382644,0.9825083736509118,103,20
443,1.0925187996819135,0.3029400818756978,103,20
444,1.2226680453953376,0.7048753256419799,103,20
445,1.179805700436136,0.5828061034611091,103,20
446,1.3194397609248476,0.8496464458503907,103,20
447,1.07499315182805,0.236323036844064,103,20
448,1.4724102458745478,0.951246743580201,103,20
449,1.0283555165910911,0.09229624116114626,103,20
450,1.0202203022073335,0.0673613695571269,103,20
451,1.108099234515771,0.3546706363974693,103,20
452,1.0997710929910762,0.323781168589505,103,20
453,1.2236342737055574,0.7078526237439524,103,20
454,1.2310401814218142,0.7193896538890956,103,20
455,1.0697447120817627,0.21771492370673615,103,20
456,1.2218755824312217,0.7030145143282471,103,20
457,1.0901915739941248,0.2951246743580201,103,20
458,1.3111132544165442,0.8399702270189803,103,20
459,1.1572193103392414,0.5176777074804615,103,20
460,1.091663474323664,0.30033494603647193,103,20
461,1.1889926794265413,0.6077409750651284,103,20
462,1.3086433618904803,0.8358764421287681,103,20
463,1.1537020789195311,0.5102344622255304,103,20
464,1.093464541449839,0.30442873092668404,103,20
465,1.080428406017949,0.25679196129512466,103,20
466,1.1720216521982285,0.5623371790100484,103,20
467,1.2611029578664166,0.7729810197245999,103,20
468,1.2407049278724382,0.7379977670264235,103,20
469,1.095900085445583,0.3126163007071083,103,20
470,1.1996187029078855,0.6378861183475996,103,20
471,1.131063853157558,0.42426497953107556,103,20
472,1.3541768569877282,0.8835132117603275,103,20
473,1.5265141633326236,0.967249720878303,103,20
474,1.1080943560628715,0.35429847413472276,103,20
475,1.8573829427765702,0.9880908075921102,103,20
476,1.0776358862935234,0.2459992556754745,103,20
477,1.133205215272239,0.43282471157424635,103,20
478,1.5855508628042254,0.9754372906587272,103,20
479,1.0905580139176876,0.2958689988835132,103,20
480,1.0954030454336516,0.31187197618161516,103,20
481,1.044896713111959,0.13881652400446595,103,20
482,1.4555643509810454,0.9434313360625233,103,20
483,1.2118338503868,0.6777074804614812,103,20
484,1.0417998727727507,0.13025679196129514,103,20
485,1.2916297746502337,0.8195013025679196,103,20
486,1.0639677466616828,0.20022329735764793,103,20
487,1.1917303590896786,0.6163007071082992,103,20
488,1.369600436513866,0.8954224041682174,103,20
489,1.0566215832039103,0.17119464086341646,103,20
490,1.2224778317912812,0.7041310011164867,103,20
491,1.2153132455441138,0.6862672125046521,103,20
492,1.3047190244360383,0.8310383327130629,103,20
493,1.0897438393718832,0.29214737625604764,103,20
494,1.2040001896400994,0.6497953107554894,103,20
495,1.2265439727766396,0.7141793822106438,103,20
496,1.0991585927306244,0.3211760327502791,103,20
497,1.3813047986930087,0.9024934871604019,103,20
498,1.1160831567335345,0.3755117231112765,103,20
499,1.177816303970435,0.5768515072571642,103,20
500,1.1627765380517485,0.5377744696687756,103,20
501,1.0146927008672242,0.05731298846296985,103,20
502,1.113140525335664,0.3703014514328247,103,20
503,1.523003336592025,0.9665053963528099,103,20
504,1.4428117094772417,0.9374767398585784,103,20
505,1.200632102267988,0.6412355787123186,103,20
506,1.0375600811095822,0.11723111276516561,103,20
507,1.0005298757197671,0.030517305545217716,103,20
508,1.0207698099759548,0.06810569408262002,103,20
509,1.0037235406382434,0.03572757722366952,103,20
510,1.1571713532876318,0.5173055452177149,103,20
511,0.9958983717436762,0.024190547078526237,103,20
512,1.0495305236511707,0.15258652772608858,103,20
513,1.0429273517809872,0.13323409006326759,103,20
514,1.0345903189830372,0.10829921845924823,103,20
515,1.1431266046352668,0.46780796427242277,103,20
516,1.3345150381416375,0.867138072199479,103,20
517,0.9851836981688578,0.01042054335690361,103,20
518,1.0263916187303423,0.08745813174544101,103,20
519,1.0421969127988002,0.1313732787495348,103,20
520,1.226131069049952,0.7130628954224042,103,20
521,1.3708512689595354,0.896538890956457,103,20
522,1.176213402540319,0.5705247487904727,103,20
523,1.0613566459474189,0.18943059173799776,103,20
524,1.4734290353874842,0.9527353926311872,103,20
525,1.060357174833068,0.18608113137327875,103,20
526,1.324195619180136,0.8556010420543357,103,20
527,41888.69565097937,0.9944175660588016,103,20
528,1.1045239355942997,0.3409006326758467,103,20
529,1.0888036794930065,0.2880535913658355,103,20
530,1.104392668121002,0.33978414588760697,103,20
531,1.0518920381032772,0.1585411239300335,103,20
532,1.3873017229946298,0.9069594343133607,103,20
533,1.204367946225661,0.6520282843319687,103,20
534,1.0878965307944934,0.28470413100111647,103,20
535,1.3579152746840097,0.8861183475995534,103,20
536,1.1349291278802656,0.43840714551544474,103,20
537,1.047619550992519,0.1496092296241161,103,20
538,1.2245549242294682,0.708969110532192,103,20
539,1.2068173115267455,0.6609601786378861,103,20
540,1.0656338207534017,0.2058057312988463,103,20
541,1.2385036724173515,0.7327874953479717,103,20
542,1.180510133467879,0.5854112393003349,103,20
543,1.056131380925485,0.16933382954968365,103,20
544,1.0749968210156997,0.23669519910681058,103,20
545,1.074956954307026,0.23595087458131744,103,20
546,1.1749568602912341,0.5690360997394864,103,20
547,1.0847036166968624,0.27242277633048007,103,20
548,1.2042671287557,0.6516561220692222,103,20
549,1.0677595464320757,0.21138816524004467,103,20
550,1.1220285596076647,0.39784145887607,103,20
551,1.4793816270676237,0.9553405284704131,103,20
552,1.1098350361459033,0.35876442128768143,103,20
553,1.3148855812443565,0.8440640119091924,103,20
554,1.0509199522313257,0.15705247487904728,103,20
555,0.9833578733320218,0.007815407517677708,103,20
556,1.0866381452642808,0.27912169705991813,103,20
557,1.1963271395632247,0.6259769259397097,103,20
558,1.3997299217857297,0.9140305173055452,103,20
559,1.3074868518297185,0.8347599553405285,103,20
560,2187526282941.1575,0.997394864160774,103,20
561,1.2766226193010088,0.7971715668031262,103,20
562,1.182120799740509,0.5902493487160402,103,20
563,1.188402477692544,0.6066244882768888,103,20
564,1.4117562219663615,0.9207294380349833,103,20
565,1.0855974260546737,0.2757722366951991,103,20
566,1.139318453817895,0.4529214737625605,103,20
567,1.0855894811656481,0.27540007443245257,103,20
568,1.0225327254816907,0.07517677707480462,103,20
569,1.167693303123846,0.5511723111276516,103,20
570,1.1591866789454277,0.5269817640491254,103,20
571,1.220544595099802,0.6992928917007816,103,20
572,1.1960831135456647,0.6252326014142165,103,20
573,1.0993887567720095,0.32192035727577223,103,20
574,1.4216795402107343,0.9263118719761816,103,20
575,1.1989977229895836,0.6356531447711202,103,20
576,1.1981783915211948,0.6300707108299218,103,20
577,1.1856916685931818,0.6010420543356904,103,20
578,1.1503751715370603,0.4938593226646818,103,20
579,1.1279417381525296,0.4142165984369185,103,20
580,1.0958440516124903,0.3122441384443617,103,20
581,1.0552470209240654,0.16710085597320432,103,20
582,1.2955842380482383,0.8228507629326386,103,20
583,1.3124876723450947,0.8418310383327131,103,20
584,1.1507527870169942,0.4964644585039077,103,20
585,1.073834464536465,0.23334573874209155,103,20
586,1.0552903163328469,0.16747301823595087,103,20
587,1.028305902194616,0.09192407889839971,103,20
588,1.252859876938239,0.7588388537402307,103,20
589,1.0842143515873268,0.27018980275400073,103,20
590,1.2344453075133714,0.7268328991440268,103,20
591,1.3104256485579602,0.8388537402307406,103,20
592,1.1783720125547672,0.5783401563081504,103,20
593,1.0396797978794496,0.12281354670636398,103,20
594,1.2102102820860228,0.673613695571269,103,20
595,0.9839854148476231,0.008559732043170823,103,20
596,1.2328450400046225,0.7227391142538147,103,20
597,1.1253737063332516,0.40714551544473393,103,20
598,1.2625045992287967,0.7755861555638258,103,20
599,1.0614039792519834,0.1898027540007443,103,20
600,2039335803273.1016,0.9970227018980276,103,20
601,1.2995213593560309,0.8265723855601042,103,20
602,1.0797758089597245,0.2538146631931522,103,20
603,1.3676856965009678,0.8931894305917379,103,20
604,1.0458279817173401,0.14328247115742462,103,20
605,1.217039710578081,0.6881280238183848,103,20
606,1.1010439206557296,0.3278749534797172,103,20
607,1.2111786635118265,0.6769631559359881,103,20
608,1.0163380421136623,0.06066244882768887,103,20
609,1.091017039761093,0.2973576479344994,103,20
610,1.104253587053123,0.3386676590993673,103,20
611,1.310963514878426,0.8392259024934872,103,20
612,1.1829353785698724,0.5924823222925195,103,20
613,1.0023045762850242,0.03461109043542985,103,20
614,1.1770926120977099,0.5742463714179382,103,20
615,1.2664352963764973,0.7830294008187569,103,20
616,1.324050520212685,0.854484555266096,103,20
617,0.9924574802473576,0.020096762188314105,103,20
618,1.0880474722737192,0.285076293263863,103,20
619,1.0876340278328946,0.2835876442128768,103,20
620,0.9947793867130399,0.02232973576479345,103,20
621,1.2582009132939298,0.7685150725716412,103,20
622,1.0873922683654946,0.28247115742463713,103,20
623,1.0800797686574453,0.25530331224413844,103,20
624,1.1203176513272384,0.3903982136211388,103,20
625,1.4727088870177933,0.9519910681056941,103,20
626,0.985868042693377,0.011537030145143283,103,20
627,1.0703748484133766,0.22404168217342763,103,20
628,1.0190663006811993,0.06550055824339412,103,20
629,1.1697934005674968,0.5571269073315965,103,20
630,1.2920639557152946,0.8198734648306661,103,20
631,1.1022940886551864,0.3327130628954224,103,20
632,1.0091321027618316,0.04800893189430592,103,20
633,1.1291100439472759,0.41719389653889094,103,20
634,1.0513638289777192,0.15742463714179383,103,20
635,1.167495663553909,0.5496836620766654,103,20
636,1.1886690976062955,0.6069966505396353,103,20
637,1.1192160168864151,0.38593226646818013,103,20
638,1.3447806432444842,0.8760699665053964,103,20
639,1.1500341749090393,0.4923706736136956,103,20
640,1.0935590566257483,0.3055452177149237,103,20
641,1.288743557754796,0.8157796799404541,103,20
642,1.434574534506925,0.9326386304428731,103,20
643,1.1051352352591501,0.3423892817268329,103,20
644,1.193444122624302,0.6200223297357648,103,20
645,1.4852464934988028,0.9575735020468924,103,20
646,1.053141908638572,0.16151842203200595,103,20
647,1.377125192100172,0.9013770003721623,103,20
648,0.9690253753165022,0.0011164867882396724,103,20
649,1.0018325682778715,0.03386676590993673,103,20
650,1.1213787487184144,0.39486416077409753,103,20
651,1.1175136832975983,0.38146631931522146,103,20
652,1.0194478002688303,0.06624488276888724,103,20
653,1.0426241265079548,0.13248976553777447,103,20
654,1.0636575962604007,0.19687383699292893,103,20
655,1.17056927063295,0.5589877186453294,103,20
656,1.2044853540375795,0.6524004465947153,103,20
657,1.192257045727235,0.6174171938965389,103,20
658,1.129030382560688,0.4168217342761444,103,20
659,1.0616354060671414,0.190919240788984,103,20
660,1.1103577620879694,0.36099739486416077,103,20
661,1.4418000382934764,0.9363602530703387,103,20
662,1.065210691121364,0.20468924451060663,103,20
663,1.1928291781376177,0.6185336806847785,103,20
664,1.0586059604123423,0.1812430219575735,103,20
665,1.369292102779884,0.8950502419054708,103,20
666,1.176729031657555,0.572757722366952,103,20
667,1.3002133401328027,0.8273167100855974,103,20
668,1.1059253172239203,0.34648306661704503,103,20
669,1.1464210112722408,0.4789728321548195,103,20
670,1.1202773284859746,0.39002605135839225,103,20
671,1.2042293868790184,0.6512839598064756,103,20
672,1.2841053049498965,0.8098250837365091,103,20
673,1.1860737808209618,0.6021585411239301,103,20
674,1.1763582414140972,0.5712690733159658,103,20
675,1.44571832868785,0.9397097134350577,103,20
676,1.1908275296296025,0.6133234090063268,103,20
677,1.2348400907099704,0.7275772236695199,103,20
678,1.3454245932800055,0.877186453293636,103,20
679,1.2194748782678881,0.6963155935988091,103,20
680,1.4313226528591125,0.9304056568663938,103,20
681,1.3648137168309977,0.8902121324897655,103,20
682,1.3645721275236684,0.8894678079642724,103,20
683,1.1215322721062768,0.39560848529959064,103,20
684,1.012443739919149,0.052474879047264604,103,20
685,1.040325107393945,0.12504652028284333,103,20
686,1.2621592062186906,0.7752139933010793,103,20
687,1.1159351282950911,0.37513956084852995,103,20
688,1.2132577517690049,0.6814291030889468,103,20
689,1.3329171031830065,0.8652772608857462,103,20
690,1.1851345890064775,0.5995534052847041,103,20
691,6.48410338278965,0.993301079270562,103,20
692,1.1716602324957595,0.5615928544845553,103,20
693,1.2663689231807695,0.7826572385560104,103,20
694,1.1800779477246677,0.5839225902493487,103,20
695,1.1326275455981434,0.430591737997767,103,20
696,1.2342155121899607,0.7260885746185337,103,20
697,1.12757020541806,0.4123557871231857,103,20
698,1.2494885929380364,0.7491626349088203,103,20
699,1.153660130289804,0.5098622999627838,103,20
700,1.1784177455011882,0.5790844808336435,103,20
701,1.1042253853192217,0.33829549683662075,103,20
702,1.4119769556513277,0.9211016002977298,103,20
703,1.0733311756140627,0.23074060290286566,103,20
704,1.3261934507368724,0.8589505024190547,103,20
705,1.1720517317746006,0.5627093412727949,103,20
706,1.145972937672958,0.4774841831038333,103,20
707,1.0000334525272976,0.028656494231484926,103,20
708,1.1620459013825815,0.5355414960922963,103,20
709,1.2939981490809382,0.8221064384071455,103,20
710,1.067152497787689,0.20989951618905842,103,20
711,0.9957748766407354,0.02381838481577968,103,20
712,1.198705813404534,0.634164495720134,103,20
713,1.3325006405901496,0.8645329363602531,103,20
714,1.3731162451091472,0.8976553777446967,103,20
715,0.9815279270567917,0.006698920729438035,103,20
716,1.4612400647579569,0.945292147376256,103,20
717,1.1775176681839679,0.5764793449944176,103,20
718,0.9902849255878878,0.01786378861183476,103,20
719,1.2568854779244607,0.7659099367324154,103,20
720,1.1714161061694088,0.5604763676963156,103,20
721,0.9913767019983263,0.01935243766282099,103,20
722,1.5160600044334038,0.964644585039077,103,20
723,1.1735882784487015,0.566058801637514,103,20
724,1.0187595105877814,0.064756233717901,103,20
725,1.056737666392368,0.17231112765165613,103,20
726,1.0291759602855854,0.09415705247487904,103,20
727,1.073681507694846,0.23260141421659844,103,20
728,1.089777658636795,0.29289170078154075,103,20
729,1.0864166815546397,0.2776330480089319,103,20
730,1.158587828990083,0.5243766282098995,103,20
731,1.153947961134633,0.5109787867510235,103,20
732,1.073562646627463,0.23185708969110533,103,20
733,1.193878376888267,0.621510978786751,103,20
734,1.1803192223289667,0.5846669147748418,103,20
735,1.1942606458272516,0.6222553033122441,103,20
736,1.3500222011566003,0.8797915891328619,103,20
737,1.044240108946074,0.1365835504279866,103,20
738,1.0596219697832692,0.18422032005954597,103,20
739,1.0318341834654643,0.10160029772981019,103,20
740,1.1691997020283855,0.5552660960178638,103,20
741,1.0103993722147249,0.049869743208038705,103,20
742,1.1683964452104896,0.5530331224413845,103,20
743,0.9852362593840258,0.010792705619650168,103,20
744,1.1279255873510614,0.41384443617417194,103,20
745,0.9849458282045902,0.010048381094157052,103,20
746,1.5051603973078913,0.9627837737253443,103,20
747,1.0691857491857646,0.21510978786751023,103,20
748,1.0862094324062777,0.2768887234834388,103,20
749,1.3864323510000982,0.9062151097878675,103,20
750,1.2036486805065854,0.6486788239672497,103,20
751,1.5296912251434274,0.9679940454037961,103,20
752,1.0487461771026338,0.1514700409378489,103,20
753,1.2610682127230246,0.7726088574618534,103,20
754,1.0538969036929888,0.1637513956084853,103,20
755,1.27791939541329,0.8005210271678452,103,20
756,1.241894147194458,0.7413472273911426,103,20
757,1.1383719332954658,0.4503163379233346,103,20
758,1.0797368810043373,0.2530703386676591,103,20
759,1.1698522657900012,0.5578712318570896,103,20
760,1.1378981270270772,0.44882768887234836,103,20
761,1.001338978245954,0.0323781168589505,103,20
762,1.0418022614821094,0.1306289542240417,103,20
763,1.0506904483980977,0.15630815035355414,103,20
764,1.253121858717994,0.760327502791217,103,20
765,1.026320895599747,0.0867138072199479,103,20
766,1.2261782530931327,0.7134350576851507,103,20
767,1.1584800176604975,0.5232601414216599,103,20
768,1.0013338054244847,0.032005954596203944,103,20
769,1.440329271966176,0.935243766282099,103,20
770,1.0673791180457455,0.21064384071455156,103,20
771,1.0525988377516735,0.16002977298101972,103,20
772,1.2146349931833127,0.6840342389281727,103,20
773,1.153174290010988,0.5072571641235579,103,20
774,1.1549685924818585,0.5132117603275028,103,20
775,1.6352816959980871,0.9810197245999256,103,20
776,1.0436516497249366,0.13509490137700036,103,20
777,1.0347113070423908,0.1086713807219948,103,20
778,1.069354458790462,0.21585411239300334,103,20
779,1.0043083278993092,0.037960550800148866,103,20
780,1.4575874916054719,0.9441756605880164,103,20
781,1.2825318091444118,0.8072199478972832,103,20
782,1.1130597187894369,0.36992928917007817,103,20
783,1.5322169422510146,0.9687383699292892,103,20
784,1.2014725781162485,0.6438407145515445,103,20
785,1.1161393842468865,0.37588388537402306,103,20
786,1.1232997094387427,0.4019352437662821,103,20
787,1.0897510241121775,0.2925195385187942,103,20
788,1.0970777587605673,0.31671008559732045,103,20
789,1.117759728147875,0.38221064384071457,103,20
790,1.117466937703897,0.3810941570524749,103,20
791,1.1579649120200872,0.5202828433196874,103,20
792,1.1166116935033614,0.37774469668775584,103,20
793,1.5905300921008663,0.97729810197246,103,20
794,1.3030814759142204,0.8291775213993301,103,20
795,1.3905856105837209,0.9095645701525865,103,20
796,1.1195951451162258,0.38816524004465947,103,20
797,1.4617949212843846,0.9456643096390026,103,20
798,1.1921286235694146,0.6170450316337923,103,20
799,1.1675189914225912,0.5504279866021585,103,20
800,1.191230907012288,0.6144398957945665,103,20
801,1.1361722148504583,0.4421287681429103,103,20
802,1.376709888539951,0.9002605135839226,103,20
803,1.1584968688916666,0.5236323036844064,103,20
804,1.0531729039488023,0.1618905842947525,103,20
805,1.448152373084497,0.9404540379605508,103,20
806,1.152728450754881,0.5039077037588389,103,20
807,1.1264408518370064,0.40937848902121327,103,20
808,1.3361269667826048,0.8678823967249721,103,20
809,1.078513428609839,0.24897655377744696,103,20
810,1.3243859882483604,0.8563453665798288,103,20
811,1.0363862515403046,0.11499813918868626,103,20
812,1.1019119757544475,0.3312244138444362,103,20
813,1.2022453794924632,0.6468180126535169,103,20
814,2.2010774287845734,0.9910681056940827,103,20
815,1.251528089038986,0.7558615556382583,103,20
816,1.4015881462423039,0.9147748418310383,103,20
817,1.0566984280995366,0.17193896538890957,103,20
818,1.4420453741482515,0.9367324153330853,103,20
819,1.2390752428417942,0.7342761443989579,103,20
820,1.1270331130003668,0.4108671380721995,103,20
821,1.3395898999294094,0.8716040193524377,103,20
822,1.1637013522020996,0.540007443245255,103,20
823,0.9993912881873893,0.02791216970599181,103,20
824,1.1836629189235512,0.5947152958689989,103,20
825,1.14298560495492,0.4674358020096762,103,20
826,1.07160461236168,0.22478600669892074,103,20
827,1.0807133171289303,0.25790844808336433,103,20
828,1.121069731308263,0.3933755117231113,103,20
829,1.007251264602872,0.044287309266840345,103,20
830,1.0576893160789367,0.17752139933010794,103,20
831,1.159464673331439,0.5277260885746186,103,20
832,1.1502872222428242,0.4931149981391887,103,20
833,1.0561550990351236,0.1697059918124302,103,20
834,1.0892501833118462,0.2906587272050614,103,20
835,1.3382042759250428,0.8697432080387049,103,20
836,1.0288923342520184,0.09378489021213249,103,20
837,1.069339885139283,0.21548195013025678,103,20
838,1.0341828925035994,0.10755489393375511,103,20
839,1.1041548374140908,0.33755117231112763,103,20
840,1.177933103373012,0.5772236695199107,103,20
841,1.2697672214925464,0.7882396724972088,103,20
842,1.0677851007223635,0.21176032750279122,103,20
843,1.0816665297875356,0.26163007071082994,103,20
844,1.0792112232151627,0.24972087830294007,103,20
845,1.1792091052560687,0.5813174544101228,103,20
846,1.2902977022635098,0.8180126535169334,103,20
847,1.2177603406410664,0.6903609973948641,103,20
848,1.0822045638273003,0.2638630442873093,103,20
849,1.2074370611679761,0.6631931522143655,103,20
850,1.453960068556079,0.9426870115370302,103,20
851,1.0723465038874669,0.22701898027540007,103,20
852,1.447337727590255,0.9400818756978042,103,20
853,1.2838303610283226,0.8083364346855229,103,20
854,1.068891936211071,0.21324897655377745,103,20
855,1.11762976270388,0.381838481577968,103,20
856,1.261254050904074,0.7737253442500931,103,20
857,1.181002263064768,0.586155563825828,103,20
858,1.0826148330265304,0.26497953107554895,103,20
859,1.0864311316149695,0.27800521027167846,103,20
860,1.1369107031931354,0.44585039077037586,103,20
861,1.0667235201307836,0.2091551916635653,103,20
862,1.4872439963180177,0.9583178265723855,103,20
863,1.2422279388751545,0.7420915519166357,103,20
864,1.201293208955458,0.643468552288798,103,20
865,3.0904163774192077,0.9921845924823223,103,20
866,1.315146040012014,0.8451804986974321,103,20
867,1.1908086903506225,0.6129512467435801,103,20
868,1.1641444036778745,0.5403796055080015,103,20
869,1.1315566411553561,0.42761443989579456,103,20
870,1.326279298425161,0.8593226646818013,103,20
871,1.1568080070936342,0.5165612206922218,103,20
872,1.1821915174697153,0.5909936732415333,103,20
873,1.3745089584503187,0.8980275400074432,103,20
874,1.201905809603144,0.6453293636025307,103,20
875,1.167265150123963,0.5489393375511723,103,20
876,1.2439233895120108,0.7450688500186081,103,20
877,1.0259412000356236,0.08410867138072199,103,20
878,1.1051050134227542,0.34201711946408636,103,20
879,1.2776938148748376,0.7990323781168589,103,20
880,1.0877212079864302,0.28395980647562336,103,20
881,1.1081091419356839,0.3550427986602159,103,20
882,1.1254742947382854,0.40788983997022704,103,20
883,1.1239437812706048,0.4026795682917752,103,20
884,1.1841336168992507,0.595459620394492,103,20
885,1.1172638509895045,0.3803498325269818,103,20
886,1.2100711131991342,0.6728693710457759,103,20
887,1.0937238963160385,0.30591737997767027,103,20
888,1.3697054179792676,0.8957945664309639,103,20
889,1.2397495674294992,0.7357647934499442,103,20
890,1.8880324405078255,0.9884629698548567,103,20
891,1.07582219575874,0.23892817268328992,103,20
892,1.3316068644435064,0.8634164495720134,103,20
893,1.0321106532305262,0.10346110904354298,103,20
894,1.7589225726684616,0.9858578340156308,103,20
895,1.1986602109253937,0.6334201711946409,103,20
896,1.0435431489146307,0.1347227391142538,103,20
897,1.1765323456097503,0.5720133978414589,103,20
898,1.1842119875664943,0.5958317826572386,103,20
899,1.251041562788818,0.7540007443245255,103,20
900,1.074620618777408,0.23520655005582433,103,20
901,2.18264181838442,0.990695943431336,103,20
902,1.1052822952649528,0.34313360625232603,103,20
903,1.127601639878367,0.4131001116486788,103,20
904,1.1391409444802438,0.4525493114998139,103,20
905,1.1971525121958178,0.6278377372534425,103,20
906,1.112985253961189,0.3688128023818385,103,20
907,1.0968203281890139,0.31596576107182733,103,20
908,1.0886667014221287,0.2873092668403424,103,20
909,1.0463596112534677,0.14514328247115743,103,20
910,1.118587478690107,0.3855601042054336,103,20
911,1.4644328016774768,0.947897283215482,103,20
912,0.978465439694601,0.00446594715295869,103,20
913,1.0179428339378989,0.06363974692966133,103,20
914,1.0302404839038846,0.0963900260513584,103,20
915,1.056686639479771,0.17156680312616301,103,20
916,1.0502131198499947,0.15444733903982136,103,20
917,1.0820755648732212,0.26311871976181617,103,20
918,1.0288462820524846,0.09341272794938593,103,20
919,1.1494861609137845,0.4912541868254559,103,20
920,1.196776407320485,0.6270934127279494,103,20
921,1.0142090561076655,0.055452177149237065,103,20
922,1.1452814672692646,0.4741347227391143,103,20
923,1.0487693619444562,0.15184220320059547,103,20
924,1.1354460124865902,0.4395236323036844,103,20
925,1.1377796664746178,0.4484555266096018,103,20
926,1.0337558568853393,0.10643840714551545,103,20
927,1.0268313589247318,0.08783029400818756,103,20
928,1.338959133010286,0.870487532564198,103,20
929,1.1355421973001425,0.43989579456643096,103,20
930,0.9908026087442993,0.018608113137327874,103,20
931,1.1415277563754527,0.4614812058057313,103,20
932,1.063794025265476,0.1987346483066617,103,20
933,1.2081227048841112,0.6657982880535913,103,20
934,1.0458985451872767,0.14402679568291776,103,20
935,1.2797683108633275,0.8027540007443246,103,20
936,1.3430364907135204,0.873836992928917,103,20
937,1.3094411855711647,0.8373650911797543,103,20
938,1.1605429635997924,0.5310755489393375,103,20
939,1.1609984834706595,0.5333085225158168,103,20
940,1.2416935859344744,0.7402307406029028,103,20
941,1.0377273175868438,0.11797543729065872,103,20
942,1.0232012553730336,0.0770375883885374,103,20
943,1.4073025260174585,0.9173799776702642,103,20
944,1.1030947239349302,0.3345738742091552,103,20
945,1.0474784219733668,0.148864905098623,103,20
946,1.0502667669561236,0.1548195013025679,103,20
947,1.0850275577540642,0.2731671008559732,103,20
948,1.1534145333785,0.5087458131745441,103,20
949,1.193857582303928,0.6211388165240045,103,20
950,1.0532441879181897,0.16226274655749906,103,20
951,1.2201523043338294,0.6978042426497953,103,20
952,1.263998561855781,0.7778191291403052,103,20
953,1.459334896775714,0.9445478228507629,103,20
954,1.209158555895869,0.6687755861555639,103,20
955,1.018894346633178,0.06512839598064757,103,20
956,1.3648392922209658,0.8905842947525121,103,20
957,1.1524842553465433,0.5031633792333458,103,20
958,1.0476810430615973,0.15035355414960924,103,20
959,1.0826859168248004,0.26572385560104206,103,20
960,1.0813183203862164,0.25939709713435055,103,20
961,1.0946665595416065,0.3096390026051358,103,20
962,1.1967647956291365,0.6267212504652029,103,20
963,1.0866961978656933,0.2802381838481578,103,20
964,1.0220004341684084,0.07219947897283216,103,20
965,1.030052466402136,0.09601786378861184,103,20
966,1.0045691713023803,0.03833271306289542,103,20
967,1.2350889757811743,0.7279493859322664,103,20
968,1.0423443870668574,0.13174544101228136,103,20
969,1.162793420784047,0.5381466319315221,103,20
970,1.130392392755914,0.42165984369184967,103,20
971,1.0173719504548135,0.06289542240416822,103,20
972,1.405406877612117,0.9162634908820245,103,20
973,1.1383543321396243,0.44994417566058803,103,20
974,1.0503394428618715,0.15556382582806103,103,20
975,1.4688481902984465,0.9497580945292148,103,20
976,1.0253377439796905,0.08224786006698921,103,20
977,1.0893916272455515,0.29140305173055453,103,20
978,1.2680513051756641,0.7860066989207294,103,20
979,1.1528729664493231,0.5050241905470785,103,20
980,1.6552724714679254,0.9821362113881652,103,20
981,1.0574834320666746,0.17640491254186824,103,20
982,1.038281498687016,0.11983624860439152,103,20
983,1.0785657409274063,0.2493487160401935,103,20
984,1.0372828760701878,0.11574246371417939,103,20
985,1.1438577738450288,0.4700409378489021,103,20
986,1.0738467137730825,0.23409006326758466,103,20
987,1.3652804974111474,0.8913286192780052,103,20
988,1.2322272176290947,0.7208783029400819,103,20
989,1.063835488210923,0.19947897283215482,103,20
990,1.337310623126635,0.8689988835132118,103,20
991,1.0961635738868527,0.31336062523260144,103,20
992,1.0156663165521693,0.05880163751395608,103,20
993,1.1383752809470713,0.45068850018608114,103,20
994,1.1064455453684623,0.34871604019352437,103,20
995,1.1357153910132447,0.4402679568291775,103,20
996,1.2976543619659187,0.8254558987718645,103,20
997,1.0644214454991134,0.20245627093412727,103,20
998,1.0284658508700903,0.09304056568663938,103,20
999,1.1434409528944023,0.46892445106066244,103,20
1000,1.033405848212233,0.10532192035727578,103,20
1001,1.0691426614866277,0.21436546334201712,103,20
1002,1.0977304140514867,0.31745441012281356,103,20
1003,1.2183793524955366,0.6914774841831038,103,20
1004,1.3879725318891352,0.9084480833643469,103,20
1005,1.1792770117325015,0.5816896166728693,103,20
1006,1.1914148042164343,0.6155563825828061,103,20
1007,1.343810822956454,0.8749534797171566,103,20
1008,1.398032353331418,0.9129140305173056,103,20
1009,1.2077263490091965,0.6639374767398586,103,20
1010,1.5580188023778692,0.9724599925567547,103,20
1011,1.0542617156133107,0.16524004465947154,103,20
1012,1.0565546956501386,0.17045031633792335,103,20
1013,1.0935092544840748,0.3048008931894306,103,20
1014,1.1379482844727173,0.4491998511350949,103,20
1015,1.0291884215418596,0.0945292147376256,103,20
1016,1.2150546294891866,0.6858950502419054,103,20
1017,0.9764845413533273,0.0033494603647190174,103,20
1018,1.0549421849297886,0.16598436918496465,103,20
1019,1.122255912152522,0.3985857834015631,103,20
1020,1.0128468623235787,0.05284704131001117,103,20
1021,1.0396280496949575,0.12206922218087086,103,20
1022,1.0645214416654225,0.20282843319687383,103,20
1023,1.1360406620470562,0.4413844436174172,103,20
1024,0.9797144140849129,0.005582433941198363,103,20
1025,1.1601775623334822,0.5299590621510979,103,20
1026,1.13751739305643,0.44808336434685525,103,20
1027,1.0725070946661004,0.22813546706363974,103,20
1028,1.2193769910678518,0.695571269073316,103,20
1029,1.1370028985561542,0.44659471529586897,103,20
1030,1.0866945694409262,0.27986602158541124,103,20
1031,1.759255513018907,0.9862299962783774,103,20
1032,1.4268743544488554,0.9281726832899144,103,20
1033,1.2380135467092026,0.731671008559732,103,20
1034,1.0569756793715916,0.1734276144398958,103,20
1035,1.4769472157597197,0.95459620394492,103,20
1036,1.0582391459107934,0.17938221064384072,103,20
1037,1.096806850417352,0.3155935988090808,103,20
1038,1.1466656868482628,0.48046148120580573,103,20
1039,1.3487025314501164,0.8790472646073688,103,20
1040,1.0773118416855973,0.24488276888723484,103,20
1041,1.1019171157639387,0.33159657610718274,103,20
1042,1.1441453512145086,0.47152958689988833,103,20
1043,1.2374371085708096,0.7312988462969855,103,20
1044,1.244619935525175,0.7454410122813546,103,20
1045,0.9839944148537239,0.00893189430591738,103,20
1046,1.3524901883984983,0.8816524004465948,103,20
1047,1.2704471973599987,0.7893561592854484,103,20
1048,1.323683689823478,0.8541123930033495,103,20
1049,1.499352627755587,0.9612951246743581,103,20
1050,1.149400267800131,0.49013770003721624,103,20
1051,1.4634019135722025,0.9467807964272423,103,20
1052,1.2277597954081083,0.71566803126163,103,20
1053,1.069040843684254,0.213621138816524,103,20
1054,1.0047564584600455,0.03870487532564198,103,20
1055,1.0989901355323117,0.32080387048753256,103,20
1056,1.0907543843981429,0.29624116114625976,103,20
1057,1.2062520906425236,0.6587272050614068,103,20
1058,1.0666994377049144,0.20878302940081875,103,20
1059,1.0132921495280176,0.05321920357275772,103,20
1060,1.2009026839082408,0.6427242277633048,103,20
1061,1.1963105255281308,0.6256047636769632,103,20
1062,1.2497525822227202,0.7495347971715668,103,20
1063,1.2809206307933467,0.8049869743208039,103,20
1064,1.070127639894216,0.2214365463342017,103,20
1065,1.0355611929825463,0.11239300334946037,103,20
1066,1.0778820257498372,0.24674358020096762,103,20
1067,1.0713351176082104,0.22441384443617418,103,20
1068,1.1820492786367973,0.5898771864532937,103,20
1069,1.4097128519097093,0.9184964644585039,103,20
1070,1.1394058097165574,0.45329363602530703,103,20
1071,1.1930707010292982,0.6189058429475252,103,20
1072,1.0429468130061887,0.13360625232601414,103,20
1073,1.2104026001563497,0.6743580200967622,103,20
1074,1.2802547722654247,0.8034983252698177,103,20
1075,1.1280505754875958,0.41458876069966505,103,20
1076,1.3870423800215614,0.9065872720506141,103,20
1077,37286473807518.984,0.9992556754745069,103,20
1078,1.668470861745999,0.9828805359136583,103,20
1079,1.2063645147902764,0.6590993673241533,103,20
1080,1.0173582854302183,0.06252326014142166,103,20
1081,1.9493790717224164,0.9892072943803498,103,20
1082,1.0463256060024344,0.14477112020841088,103,20
1083,1.4096964108550205,0.9181243021957574,103,20
1084,1.3036101638170383,0.8302940081875698,103,20
1085,1.00485639875147,0.039077037588388534,103,20
1086,1.2840736742607537,0.8094529214737626,103,20
1087,3.500875483046156,0.9925567547450689,103,20
1088,1.0555106013730087,0.16784518049869743,103,20
1089,1.0206998953807322,0.06773353181987346,103,20
1090,1.376945477283565,0.9006326758466692,103,20
1091,1.1136842434141017,0.37104577595831784,103,20
1092,1.3600684159188714,0.8864905098622999,103,20
1093,1.55210775858786,0.971343505768515,103,20
1094,1.1935344805558208,0.6203944919985114,103,20
1095,1.1453672266799366,0.47450688500186083,103,20
1096,1.0147011012882399,0.057685150725716415,103,20
1097,1.0796385435381488,0.252326014142166,103,20
1098,1.0190667735786973,0.06587272050614068,103,20
1099,1.1483573613505569,0.48604391514700407,103,20
1100,1.024459853996338,0.08075921101600297,103,20
1101,1.218661531039388,0.6933382954968367,103,20
1102,1.2625889874057412,0.7759583178265724,103,20
1103,1.144083932972324,0.4711574246371418,103,20
1104,1.318847441543482,0.8485299590621511,103,20
1105,1.3076958516450106,0.8355042798660216,103,20
1106,1.1799444547025923,0.5831782657238556,103,20
1107,1.2816040611886712,0.8061034611090435,103,20
1108,1.0182598992078638,0.06401190919240789,103,20
1109,1.0354490315954321,0.11202084108671381,103,20
1110,1.1580985267657444,0.5206550055824339,103,20
1111,1.079889432599937,0.25418682545589877,103,20
1112,1.2020313705360737,0.6460736881280238,103,20
1113,1.436651070643853,0.9341272794938593,103,20
1114,1.30706518574922,0.8336434685522888,103,20
1115,1.0381717053332078,0.11946408634164496,103,20
1116,1.3051189291675396,0.831782657238556,103,20
1117,1.1194619459067847,0.38742091551916635,103,20
1118,1.159106519662705,0.5262374395236323,103,20
1119,1.2526526843809134,0.757722366951991,103,20
1120,1.136874912420068,0.4454782285076293,103,20
1121,1.1294352174869156,0.4175660588016375,103,20
1122,1.0013669748203884,0.03275027912169706,103,20
1123,1.0628445990573785,0.19538518794194268,103,20
1124,1.3222324342489884,0.8526237439523632,103,20
1125,1.2547687315998426,0.7621883141049498,103,20
1126,1.412915817341112,0.9218459248232229,103,20
1127,1.2120516044486753,0.6780796427242277,103,20
1128,1.0605326191973947,0.18682545589877186,103,20
1129,1.1228714550940886,0.4008187569780424,103,20
1130,1.0540531947541105,0.16486788239672498,103,20
1131,1.0882684314765565,0.2861927800521027,103,20
1132,1.0223643279828645,0.07406029028656494,103,20
1133,1.1800201078284491,0.5835504279866022,103,20
1134,1.0638132078690024,0.19910681056940827,103,20
1135,1.176624667128298,0.5723855601042054,103,20
1136,1.1000434626320832,0.3256419799032378,103,20
1137,1.0875586677624307,0.28321548195013024,103,20
1138,1.2358791327255336,0.7290658727205062,103,20
1139,1.14391448434569,0.47041310011164866,103,20
1140,1.0281205475138837,0.09155191663565314,103,20
1141,1.190182267827327,0.6118347599553405,103,20
1142,1.2076813148487395,0.663565314477112,103,20
1143,1.2734840764758857,0.7927056196501675,103,20
1144,1.047233350404827,0.14774841831038332,103,20
1145,1.1505146704311624,0.49497580945292147,103,20
1146,1.219195535584349,0.6944547822850763,103,20
1147,1.1585080624279136,0.524004465947153,103,20
1148,1.1181512158229032,0.3836992928917008,103,20
1149,1.036369884289709,0.1146259769259397,103,20
1150,1.1493283552825013,0.4893933755117231,103,20
1151,1.2059259925988723,0.6572385560104206,103,20
1152,1.1910354470111546,0.6136955712690734,103,20
1153,1.1464001484590565,0.4782285076293264,103,20
1154,1.1924514923288587,0.618161518422032,103,20
1155,1.0173229980656706,0.0621510978786751,103,20
1156,1.07723414755862,0.24451060662448829,103,20
1157,1.3473369747829091,0.8779307778191291,103,20
1158,1.2059037080853368,0.656866393747674,103,20
1159,1.1299305704985336,0.41979903237811683,103,20
1160,1.2273734009392727,0.7152958689988835,103,20
1161,1.214413941352644,0.6836620766654261,103,20
1162,1.0994564883405429,0.32266468180126534,103,20
1163,1.1296363949236026,0.4190547078526237,103,20
1164,1.2049229229785543,0.6538890956457015,103,20
1165,1.3242052704323055,0.8559732043170822,103,20
1166,1.0357486972151777,0.11313732787495348,103,20
1167,1.1882857087914473,0.6062523260141421,103,20
1168,1.2365464712707672,0.7298101972459993,103,20
1169,1.0960748269514649,0.31298846296985483,103,20
1170,1.2556413529258132,0.763676963155936,103,20
1171,1.4090185418848635,0.9177521399330107,103,20
1172,1.3606124194821398,0.887234834387793,103,20
1173,1.2674096443232874,0.7848902121324898,103,20
1174,1.1647719915163484,0.5429847413472274,103,20
1175,1.1733592182212076,0.5645701525865278,103,20
1176,1.2078912980099457,0.6654261257908448,103,20
1177,1.2234013708414102,0.7063639746929661,103,20
1178,1.0877305306836706,0.2843319687383699,103,20
1179,1.3532413371922292,0.8827688872348344,103,20
1180,1.4008554539666829,0.9144026795682918,103,20
1181,1.0795944561576034,0.25195385187941943,103,20
1182,1.1231061965214044,0.401190919240789,103,20
1183,1.2860165256394478,0.8131745441012281,103,20
1184,1.0259506744772575,0.08448083364346855,103,20
1185,1.2688976039480195,0.7874953479717157,103,20
1186,1.3873024718631028,0.9073315965761072,103,20
1187,1.2129992269002938,0.6799404540379606,103,20
1188,1.1235689544206617,0.40230740602902865,103,20
1189,1.5047342418131873,0.9624116114625977,103,20
1190,1.1494312608199164,0.49088202456270935,103,20
1191,1.2336588645480748,0.7238556010420544,103,20
1192,1.1423694852382331,0.4648306661704503,103,20
1193,1.1325863216422691,0.43021957573502045,103,20
1194,1.3863645714752801,0.905842947525121,103,20
1195,1.3062833673306655,0.8325269817640492,103,20
1196,1.112878164213868,0.36844064011909194,103,20
1197,1.1747630675587089,0.5686639374767398,103,20
1198,1.2656808328382783,0.7807964272422776,103,20
1199,1.0338477325452324,0.106810569408262,103,20
1200,1.0066251261403638,0.04317082247860067,103,20
1201,1.2123956543716137,0.6784518049869743,103,20
1202,1.1497821489137483,0.49162634908820246,103,20
1203,1.0312233791497794,0.0989951618905843,103,20
1204,1.6104356396780275,0.9791589132861928,103,20
1205,1.1985091215529071,0.6315593598809081,103,20
1206,1.1220018431346033,0.3974692966133234,103,20
1207,1.093847370750334,0.3066617045031634,103,20
1208,1.3296663870272016,0.8622999627837737,103,20
1209,1.4405153595476885,0.9356159285448455,103,20
1210,1.156849964440983,0.5169333829549684,103,20
1211,0.9944300575268101,0.021585411239300335,103,20
1212,1.0500193021533313,0.1533308522515817,103,20
1213,1.2211211064146161,0.7015258652772609,103,20
1214,1.0831331885674065,0.2672125046520283,103,20
1215,1.2710964123404849,0.7904726460736882,103,20
1216,1.035002514723502,0.11090435429847413,103,20
1217,1.1228709492659923,0.40044659471529587,103,20
1218,1.147456475749055,0.4830666170450316,103,20
1219,1.0316232996134225,0.10048381094157052,103,20
1220,1.1719804057375902,0.5619650167473018,103,20
1221,1.1457526186184093,0.47673985857834017,103,20
1222,1.4968808387904207,0.9609229624116115,103,20
1223,1.0912301337272083,0.29884629698548565,103,20
1224,1.073718583753159,0.232973576479345,103,20
1225,1.2762299487072641,0.7967994045403796,103,20
1226,1.0898521173464806,0.2932638630442873,103,20
1227,1.1043362052023047,0.3394119836248604,103,20
1228,1.1577014309465932,0.5195385187941942,103,20
1229,1.4659140538045858,0.9486416077409751,103,20
1230,1.008412127413283,0.04614812058057313,103,20
1231,1.0806077059443027,0.25753628582061777,103,20
1232,1.5673008981150673,0.973948641607741,103,20
1233,1.2004431545186134,0.6401190919240789,103,20
1234,1.061423883465946,0.1901749162634909,103,20
1235,1.1897225821706763,0.6099739486416077,103,20
1236,1.166179721167119,0.546706363974693,103,20
1237,1.1044771066765213,0.34052847041310014,103,20
1238,1.2353873743335404,0.728321548195013,103,20
1239,1.0800409821007826,0.2549311499813919,103,20
1240,1.0453135661903334,0.1417938221064384,103,20
1241,1.1812500417917755,0.5880163751395608,103,20
1242,1.0539429661227748,0.16412355787123187,103,20
1243,1.5904209623382197,0.9769259397097134,103,20
1244,1.0238158149400611,0.0788983997022702,103,20
1245,1.2543854921974018,0.7614439895794567,103,20
1246,0.9950391311558467,0.022701898027540007,103,20
1247,1.2281504778423444,0.7160401935243766,103,20
1248,1.1409062709703925,0.45813174544101226,103,20
1249,1.289093193453723,0.8165240044659472,103,20
1250,1.1104235611540718,0.3617417193896539,103,20
1251,1.0980904824986926,0.31819873464830667,103,20
1252,1.1082845237646948,0.35541496092296243,103,20
1253,1.1405689732803717,0.45664309639002604,103,20
1254,1.1675367134894388,0.5508001488649051,103,20
1255,1.7855601692036518,0.9873464830666171,103,20
1256,1.713205743143175,0.983997022701898,103,20
1257,1.2235245947263378,0.7074804614812058,103,20
1258,1.0910374022999363,0.297729810197246,103,20
1259,1.3161390762141294,0.8459248232229252,103,20
1260,1.1214952885338683,0.3952363230368441,103,20
1261,1.1536440377145838,0.5094901377000373,103,20
1262,1.2209473986543427,0.7004093784890212,103,20
1263,1.0468338812177471,0.14663193152214365,103,20
1264,1.4874103440312134,0.9586899888351321,103,20
1265,1.1122000287206624,0.36546334201711944,103,20
1266,1.2635219323910332,0.777074804614812,103,20
1267,1.0901414825493978,0.29475251209527353,103,20
1268,1.3263409284545742,0.8596948269445478,103,20
1269,1.066225436237924,0.20803870487532564,103,20
1270,1.613189502560434,0.9799032378116859,103,20
1271,1.1521987749120552,0.5027912169705991,103,20
1272,1.0861562269528098,0.27651656122069224,103,20
1273,1.1166631301066432,0.3781168589505024,103,20
1274,1.4436237973425927,0.9382210643840715,103,20
1275,1.284930699150666,0.8109415705247488,103,20
1276,1.3785250145743349,0.9021213248976554,103,20
1277,1.128427881956143,0.41533308522515816,103,20
1278,1.2544494338131096,0.7618161518422032,103,20
1279,1.2840518195976254,0.809080759211016,103,20
1280,1.0075148724245229,0.0446594715295869,103,20
1281,1.2091108428238226,0.6684034238928173,103,20
1282,1.107999128817266,0.35355414960922965,103,20
1283,1.1276336994440863,0.4134722739114254,103,20
1284,1.2337815908259568,0.7245999255675475,103,20
1285,1.1960107961010915,0.62486043915147,103,20
1286,1.2069669998445862,0.6617045031633793,103,20
1287,1.0780388241386027,0.24711574246371418,103,20
1288,1.2436572291337034,0.7432080387048753,103,20
1289,1.0449679838182826,0.13993301079270562,103,20
1290,1.3110686558672842,0.8395980647562337,103,20
1291,1.4488834293085746,0.9408262002232973,103,20
1292,1.4739415586705993,0.9534797171566803,103,20
1293,1.1798052938600876,0.5824339411983624,103,20
1294,1.288090477656442,0.815035355414961,103,20
1295,1.1746621826783332,0.5679196129512467,103,20
1296,1.035979722759638,0.11425381466319315,103,20
1297,1.2210559013451174,0.7011537030145143,103,20
1298,1.0338573648793918,0.10718273167100856,103,20
1299,1.4686021578491477,0.9490137700037217,103,20
1300,1.1547232676387442,0.5124674358020097,103,20
1301,1.0919067765168584,0.30107927056196504,103,20
1302,1.4498189809017994,0.9415705247487904,103,20
1303,1.1144278838522408,0.37253442500930406,103,20
1304,1.410968247742884,0.9188686267212505,103,20
1305,1.2162877267341297,0.6873836992928917,103,20
1306,1.0911188959762914,0.2984741347227391,103,20
1307,1.1324851222348375,0.4298474134722739,103,20
1308,1.014791680174276,0.05805731298846297,103,20
1309,0.9821789148372932,0.00744324525493115,103,20
1310,1.5754526091967325,0.9743208038704876,103,20
1311,0.989080270452537,0.015258652772608858,103,20
1312,1.210710096091834,0.676218831410495,103,20
1313,1.2212180167620998,0.7018980275400074,103,20
1314,1.1564392134434698,0.5161890584294753,103,20
1315,1.2806645560642456,0.8038704875325642,103,20
1316,1.0213228124426412,0.07033866765909937,103,20
1317,1.0556450655496608,0.16821734276144398,103,20
1318,1.0673094144233493,0.210271678451805,103,20
1319,1.1501976637210918,0.49274283587644213,103,20
1320,1.093181281263637,0.3033122441384444,103,20
1321,1.3204053044727133,0.851135094901377,103,20
1322,1.045891624352477,0.1436546334201712,103,20
1323,1.243672677815084,0.7435802009676219,103,20
1324,1.2728103790987075,0.7919612951246744,103,20
1325,1.1094497593857362,0.3580200967621883,103,20
1326,1.4524050269024924,0.941942687011537,103,20
1327,1.0770070645771999,0.24376628209899517,103,20
1328,1.0418412322288204,0.13100111648678825,103,20
1329,1.1059680230234006,0.34722739114253814,103,20
1330,1.0071427934464947,0.04391514700409378,103,20
1331,1.3957148310426721,0.9121697059918125,103,20
1332,1.3323761670891,0.8641607740975065,103,20
1333,1.3665472392095723,0.8920729438034983,103,20
1334,1.025740598280546,0.08336434685522888,103,20
1335,1.309324712024797,0.8369929289170078,103,20
1336,1.2645455783254473,0.7785634536657983,103,20
1337,1.210016703982165,0.6724972087830294,103,20
1338,1.4492718376554141,0.9411983624860439,103,20
1339,1.1121521233891345,0.36471901749162633,103,20
1340,1.2066907349465559,0.660215854112393,103,20
1341,1.0118638694275792,0.05173055452177149,103,20
1342,1.0950623909643993,0.3107554893933755,103,20
1343,1.1505509404663425,0.495347971715668,103,20
1344,1.0618184780719682,0.19166356531447712,103,20
1345,1.0220890697247573,0.07331596576107183,103,20
1346,1.286961522913271,0.8139188686267212,103,20
1347,1.2055235792439623,0.6557499069594344,103,20
1348,1.1832203109106945,0.5935988090807592,103,20
1349,1.0280372214168794,0.09080759211016003,103,20
1350,29908948880620.633,0.9985113509490138,103,20
1351,1.2520487425729638,0.7569780424264979,103,20
1352,1.3725503317558376,0.8972832154819501,103,20
1353,1.3087430081624567,0.8362486043915147,103,20
1354,1.215940610471388,0.6870115370301452,103,20
1355,1.0251549385549619,0.08187569780424266,103,20
1356,1.4053237069851174,0.915891328619278,103,20
1357,1.1220498318340517,0.39821362113881653,103,20
1358,1.140780510935856,0.4577595831782657,103,20
1359,1.0870543311748007,0.281726832899144,103,20
1360,1.0932364681950737,0.30368440640119093,103,20
1361,1.1811533160530703,0.5868998883513212,103,20
1362,1.2336672302567375,0.7242277633048009,103,20
1363,1.167722564613411,0.5519166356531447,103,20
1364,1.0816026864592418,0.2605135839225903,103,20
1365,1.0628256403735272,0.19501302567919612,103,20
1366,1.0699235523204558,0.21957573502046893,103,20
1367,1.1333092561241789,0.4331968738369929,103,20
1368,1.099790746978112,0.32415333085225156,103,20
1369,1.2140410050454462,0.682917752139933,103,20
1370,1.2023800797674071,0.6471901749162635,103,20
1371,1.069776329864307,0.21845924823222926,103,20
1372,1.081041727677769,0.25865277260885744,103,20
1373,1.3423045955517943,0.8730926684034239,103,20
1374,1.171448536877372,0.5608485299590622,103,20
1375,1.0944744829326636,0.3088946780796427,103,20
1376,1.2514385422934722,0.7547450688500186,103,20
1377,1.1985637766428656,0.6319315221436547,103,20
1378,1.504620710312084,0.9620394491998512,103,20
1379,1.2198402906731018,0.6974320803870487,103,20
1380,1.0137324466560176,0.0543356903609974,103,20
1381,1.1399555920402162,0.45552660960178637,103,20
1382,1.0583627632592658,0.18012653516933383,103,20
1383,1.2381044999304165,0.7324153330852251,103,20
1384,1.2405583947839989,0.7365091179754373,103,20
1385,1.2708002539998493,0.7897283215481951,103,20
1386,1.464348773837344,0.9475251209527354,103,20
1387,1.2771468835431923,0.7986602158541124,103,20
1388,1.0304034162823414,0.09676218831410495,103,20
1389,1.1050907996301722,0.3416449572013398,103,20
1390,1.3505927956791302,0.880535913658355,103,20
1391,1.1000604819264148,0.32601414216598434,103,20
1392,1.184811216405153,0.598809080759211,103,20
1393,1.1207476777764942,0.391886862672125,103,20
1394,1.226314497197726,0.7138072199478973,103,20
1395,1.3332008137749836,0.8656494231484927,103,20
1396,1.2356315544170076,0.7286937104577595,103,20
1397,1.134968568341867,0.4387793077781913,103,20
1398,1.142015637953937,0.46371417938221066,103,20
1399,1.2571482914110728,0.7662820989951619,103,20
1400,1.170098834387038,0.5582433941198363,103,20
1401,1.1368346571886332,0.4447339039821362,103,20
1402,1.4178795126804362,0.925195385187942,103,20
1403,1.1979034381050317,0.6296985485671753,103,20
1404,1.1381395271642283,0.4495720133978415,103,20
1405,1.481346632534504,0.9564570152586528,103,20
1406,1.0321584611707175,0.10383327130628954,103,20
1407,1.006355506421672,0.04242649795310755,103,20
1408,1.025974357154466,0.0848529959062151,103,20
1409,1.170337108889623,0.5586155563825828,103,20
1410,1.3546822038862678,0.8846296985485672,103,20
1411,1.0982283821115595,0.3189430591737998,103,20
1412,1.126952923198312,0.41049497580945293,103,20
1413,1.0775153625462148,0.2452549311499814,103,20
1414,1.1064726463968504,0.3490882024562709,103,20
1415,1.0840488883286845,0.2694454782285076,103,20
1416,1.0304438749850402,0.0971343505768515,103,20
1417,1.239008827734525,0.7339039821362114,103,20
1418,1.2415494831268654,0.7398585783401563,103,20
1419,1.0315813144470258,0.09973948641607741,103,20
1420,1.0391349743849343,0.12095273539263118,103,20
1421,1.0522659261958192,0.1592854484555266,103,20
1422,0.9988147081450526,0.02679568291775214,103,20
1423,1.250767977716038,0.7528842575362859,103,20
1424,1.1880515053242107,0.605508001488649,103,20
1425,1.057958274515226,0.1778935615928545,103,20
1426,0.9748450244374576,0.0026051358392259025,103,20
1427,1.1058284977327637,0.34536657982880536,103,20
1428,1.1194911365956002,0.3877930777819129,103,20
1429,1.1407228626014945,0.45738742091551915,103,20
1430,1.0833092938121316,0.26758466691477484,103,20
1431,1.050327412974902,0.15519166356531447,103,20
1432,1.157748794181311,0.5199106810569408,103,20
1433,1.147625908732545,0.48381094157052473,103,20
1434,1.2660127318658485,0.7815407517677707,103,20
1435,1.114481062988462,0.3729065872720506,103,20
1436,1.0765641764073728,0.24116114625976925,103,20
1437,1.0914266337073533,0.2999627837737253,103,20
1438,1.3546833005306043,0.8850018608113137,103,20
1439,1.1231646794457073,0.40156308150353553,103,20
1440,1.2330382140435663,0.7231112765165613,103,20
1441,1.0853469907279334,0.27465574990695946,103,20
1442,1.1988293453538588,0.6349088202456271,103,20
1443,1.1790237894084366,0.5805731298846297,103,20
1444,1.1239780355057518,0.40379605508001487,103,20
1445,1.0092816359795695,0.04875325641979903,103,20
1446,1.1212351580281756,0.3941198362486044,103,20
1447,1.3416221460531783,0.8727205061406773,103,20
1448,1.0943867150039237,0.3081503535541496,103,20
1449,1.278496056336134,0.8012653516933383,103,20
1450,1.0781795985019849,0.24823222925195385,103,20
1451,1.141176175341338,0.46036471901749165,103,20
1452,1.1858082190903232,0.6017863788611835,103,20
1453,1.3348299065161573,0.8675102344622255,103,20
1454,1.178084454399361,0.5775958317826573,103,20
1455,1.2206047913344993,0.6996650539635281,103,20
1456,1.0556869775246673,0.16858950502419054,103,20
1457,1.268124936257429,0.786378861183476,103,20
1458,1.1515207874148896,0.4998139188686267,103,20
1459,1.1197649374513463,0.388537402307406,103,20
1460,1.0999264584981667,0.32526981764049123,103,20
1461,1.1692905320905604,0.5556382582806103,103,20
1462,1.075747674843081,0.2381838481577968,103,20
1463,1.2131299508037126,0.6803126163007072,103,20
1464,1.1345572769785468,0.4369184964644585,103,20
1465,1.2815892318184918,0.805731298846297,103,20
1466,1.259041734428865,0.7707480461481205,103,20
1467,1.2515231140403626,0.7554893933755117,103,20
1468,1.1311256192341592,0.42500930405656867,103,20
1469,1.1631660118419251,0.5392631187197618,103,20
1470,1.1791495848552032,0.5809452921473762,103,20
1471,1.1208389130590526,0.3922590249348716,103,20
1472,1.344180591507542,0.8753256419799033,103,20
1473,1.3189114502331838,0.8489021213248976,103,20
1474,1.274627276486993,0.7941942687011537,103,20
1475,1.1466492039071203,0.4800893189430592,103,20
1476,1.1363293164863355,0.4428730926684034,103,20
1477,1.0693732717524003,0.2162262746557499,103,20
1478,1.2586754515570309,0.7696315593598809,103,20
1479,1.123963911443449,0.4034238928172683,103,20
1480,1.1309253952498524,0.4231484927428359,103,20
1481,1.2756090155661686,0.7949385932266468,103,20
1482,1.118203844572991,0.38407145515444735,103,20
1483,1.0406740717231364,0.12727949385932266,103,20
1484,1.0224649421964713,0.07480461481205805,103,20
1485,1.362735235954646,0.8887234834387793,103,20
1486,1.1530451748089028,0.5057685150725716,103,20
1487,1.0745394326850821,0.23483438779307778,103,20
1488,1.4210527560409771,0.9259397097134351,103,20
1489,1.2486202019782158,0.7484183103833272,103,20
1490,1.3188344093337805,0.8481577967994045,103,20
1491,1.0843988767019712,0.27093412727949384,103,20
1492,1.2004507622631118,0.6404912541868255,103,20
1493,1.1684242089159846,0.5537774469668776,103,20
1494,1.045442179288976,0.1425381466319315,103,20
1495,1.0889997153448325,0.28954224041682175,103,20
1496,1.3133054023355182,0.8429475251209527,103,20
1497,1.2193463852402466,0.6948269445478229,103,20
1498,1.0389433907145458,0.12058057312988463,103,20
1499,1.1513746711195387,0.498697432080387,103,20
1500,1.2042242443608253,0.6509117975437291,103,20
1501,1.4994455897745804,0.9616672869371046,103,20
1502,1.3232512402624161,0.8537402307406029,103,20
1503,1.2660445908218574,0.7819129140305173,103,20
1504,1.0400106915677514,0.12355787123185709,103,20
1505,1.1499587119932657,0.491998511350949,103,20
1506,1.2779457085763177,0.8008931894305917,103,20
1507,1.146830221589917,0.48120580573129884,103,20
1508,1.2194596373876203,0.6959434313360625,103,20
1509,1.057364540480197,0.17528842575362857,103,20
1510,1.1856516547490565,0.6002977298101972,103,20
1511,1.2824176648235412,0.8064756233717901,103,20
1512,45319621503612.56,0.9996278377372534,103,20
1513,1.3838895799050335,0.9036099739486416,103,20
1514,1.117030173055886,0.37923334573874207,103,20
1515,1.158391958236892,0.5221436546334202,103,20
1516,1.1306391639023885,0.42277633048008934,103,20
1517,1.2008830276376083,0.6419799032378117,103,20
1518,1.1534364346744248,0.5091179754372906,103,20
1519,1.0776401934721913,0.24637141793822107,103,20
1520,1.3413075984800293,0.8723483438779308,103,20
1521,1.1273761739499624,0.4116114625976926,103,20
1522,1.4223649810783108,0.9266840342389282,103,20
1523,1.040231051930337,0.1243021957573502,103,20
1524,1.2789332037238195,0.8016375139560848,103,20
1525,1.030550015596516,0.09750651283959806,103,20
1526,1.1411306094373947,0.45924823222925193,103,20
1527,1.0217666710692968,0.0718273167100856,103,20
1528,1.0575613930053813,0.17714923706736138,103,20
1529,1.2863904207846515,0.8135467063639747,103,20
1530,1.1178558971582342,0.3825828061034611,103,20
1531,1.1125787859077811,0.3665798288053591,103,20
1532,1.2835135053224795,0.8079642724227764,103,20
1533,1.0910408255049497,0.29810197245999254,103,20
1534,1.0088984399106782,0.046892445106066244,103,20
1535,1.1363388094384081,0.44324525493114997,103,20
1536,1.2019942725467208,0.6457015258652773,103,20
1537,1.184098261881797,0.5950874581317455,103,20
1538,1.1365172779275243,0.4436174171938965,103,20
1539,1.3206547321908393,0.8515072571641236,103,20
1540,1.0063763633948835,0.042798660215854115,103,20
1541,1.140992615864124,0.4585039077037588,103,20
1542,1.5252943988488892,0.9668775586155564,103,20
1543,1.352808448687982,0.8820245627093413,103,20
1544,1.3168700366445882,0.8462969854856718,103,20
1545,1.2432345889477872,0.7428358764421288,103,20
1546,1.301286753942994,0.8276888723483439,103,20
1547,1.1422717295833285,0.4640863416449572,103,20
1548,1.044080158331028,0.13621138816524003,103,20
1549,1.0137931475634,0.054707852623743954,103,20
1550,1.1760769180306636,0.570152586527726,103,20
1551,1.0210408673853348,0.06885001860811314,103,20
1552,1.2678407764435824,0.7856345366579829,103,20
1553,1.022649935312318,0.07629326386304429,103,20
1554,1.1318108543723264,0.4283587644212877,103,20
1555,1.1657045093062124,0.5448455526609601,103,20
1556,1.097114510918249,0.317082247860067,103,20
1557,1.2646692136810391,0.7793077781912914,103,20
1558,1.2051795328875956,0.6542612579084481,103,20
1559,0.994478733297629,0.02195757350204689,103,20
1560,1.01456563565041,0.05656866393747674,103,20
1561,1.2653198798302892,0.7804242649795311,103,20
1562,1.1627134342800822,0.537402307406029,103,20
1563,1.0702531206894448,0.22292519538518793,103,20
1564,1.1301080316576133,0.42091551916635656,103,20
1565,1.005592816074891,0.040565686639374765,103,20
1566,1.0417481424496584,0.12988462969854855,103,20
1567,1.0316731986188339,0.10085597320431708,103,20
1568,1.1781115405843816,0.5779679940454038,103,20
1569,1.0558529440318858,0.1689616672869371,103,20
1570,1.1659552095012464,0.5455898771864532,103,20
1571,1.146982872501853,0.48195013025679195,103,20
1572,1.1917091109290756,0.6159285448455527,103,20
1573,1.1101367861220783,0.35950874581317455,103,20
1574,1.1228064437929914,0.4000744324525493,103,20
1575,1.187720911208899,0.6051358392259025,103,20
1576,1.1589050780543981,0.5258652772608857,103,20
1577,1.0659533136769974,0.20692221808708597,103,20
1578,1.2046520265549128,0.6531447711202084,103,20
1579,1.045089990467649,0.14067733531819873,103,20
1580,1.1243384193453287,0.404540379605508,103,20
1581,1.1986354468564677,0.6330480089318943,103,20
1582,1.0582152542754923,0.17901004838109416,103,20
1583,1.2554653265481668,0.7629326386304429,103,20
1584,1.1810122044965283,0.5865277260885746,103,20
1585,1.0688582350686362,0.2128768142910309,103,20
1586,1.1709877240014104,0.5597320431708225,103,20
1587,1.0224521470199504,0.0744324525493115,103,20
1588,1.1182651431209156,0.3844436174171939,103,20
1589,1.132740380558665,0.4313360625232601,103,20
1590,1.0349641367417914,0.11016002977298102,103,20
1591,1.1790130038399549,0.5802009676218831,103,20
1592,1.212970961130414,0.6795682917752139,103,20
1593,1.101511169438347,0.32973576479344996,103,20
1594,1.2406400976393603,0.7372534425009304,103,20
1595,1.2228620533508168,0.705619650167473,103,20
1596,1.1931981492769628,0.6196501674730183,103,20
1597,1.2612350497255354,0.7733531819873465,103,20
1598,1.1164680311630728,0.37700037216226273,103,20
1599,1.0323481525219849,0.1042054335690361,103,20
1600,1.1994217617922778,0.637513956084853,103,20
1601,1.1613395861311777,0.5344250093040566,103,20
1602,1.4725334767747105,0.9516189058429475,103,20
1603,1.3022375519877851,0.828433196873837,103,20
1604,486183611792.21875,0.9947897283215482,103,20
1605,1.0624348448867824,0.19389653889095645,103,20
1606,1.315677286916632,0.8455526609601787,103,20
1607,1.0606599768392837,0.18756978042426498,103,20
1608,1.0348842202912487,0.10978786751023446,103,20
1609,1.271033596557142,0.7901004838109416,103,20
1610,1.2701498329463066,0.7886118347599553,103,20
1611,0.9719199530727162,0.002232973576479345,103,20
1612,1.1397440106339127,0.45403796055080015,103,20
1613,1.416550006510943,0.9244510606624489,103,20
1614,1.0595126919109268,0.18384815779679942,103,20
1615,1.0804581464410798,0.2571641235578712,103,20
1616,1.0776032840234284,0.24562709341272795,103,20
1617,1.1059629720124353,0.3468552288797916,103,20
1618,1.2406439947623922,0.737625604763677,103,20
1619,1.0649687289874452,0.20394491998511352,103,20
1620,1.1982917247864042,0.6308150353554149,103,20
1621,1.1599965751373915,0.5295868998883513,103,20
1622,1.0568943236760078,0.17268328991440268,103,20
1623,1.0530424780885657,0.16077409750651284,103,20
1624,1.18455426028296,0.5973204317082248,103,20
1625,1.7775176539181499,0.9866021585411239,103,20
1626,1.1831416056158983,0.5932266468180126,103,20
1627,1.2218094552245444,0.7026423520655005,103,20
1628,1.2236589984422204,0.7082247860066989,103,20
1629,1.1857210638577416,0.601414216598437,103,20
1630,1.1486971766778926,0.4879047264607369,103,20
1631,1.1365527824075232,0.4439895794566431,103,20
1632,1.1491036735559228,0.48864905098623,103,20
1633,1.2136834845250526,0.6818012653516934,103,20
1634,1.1991695526274933,0.6367696315593598,103,20
1635,1.0658848719009082,0.2065500558243394,103,20
1636,1.2022346080339688,0.6464458503907704,103,20
1637,1.0849529934799638,0.2727949385932266,103,20
1638,0.998480874853084,0.026423520655005583,103,20
1639,1.079485617687285,0.25083736509117976,103,20
1640,0.984442910990263,0.009304056568663937,103,20
1641,1.2373900081903797,0.7309266840342389,103,20
1642,1.2225220365591407,0.7045031633792334,103,20
1643,1.1155790915250086,0.37439523632303684,103,20
1644,1.3143683836828965,0.8433196873836993,103,20
1645,1.0913470354709986,0.2992184592482322,103,20
1646,1.4529177072516912,0.9423148492742836,103,20
1647,1.124453796335557,0.4052847041310011,103,20
1648,1.0225841332713688,0.07554893933755118,103,20
1649,1.0107644611678064,0.05098622999627838,103,20
1650,1.0186467709123332,0.06438407145515444,103,20
1651,1.1371999894846792,0.4469668775586156,103,20
1652,1.3546322615825594,0.8842575362858206,103,20
1653,1.0002018175148906,0.02940081875697804,103,20
1654,1.2270522057253814,0.7145515444733904,103,20
1655,1.0589967806046205,0.1819873464830666,103,20
1656,1.3033891596096623,0.8299218459248232,103,20
1657,1.0089364417132451,0.0472646073688128,103,20
1658,1.5484462496980103,0.9709713435057685,103,20
1659,1.0770002308712932,0.24339411983624862,103,20
1660,1.4031800085768598,0.9151470040937849,103,20
1661,1.0604438745195606,0.1864532936360253,103,20
1662,1.5106827830408351,0.9639002605135839,103,20
1663,7.739791785541132,0.9936732415333085,103,20
1664,1.0950346089003262,0.31038332713062894,103,20
1665,1.0780943660795406,0.2478600669892073,103,20
1666,0.9657879573687375,0.0,103,20
1667,1.075760624857552,0.23855601042054336,103,20
1668,0.9970346445596052,0.024562709341272793,103,20
1669,1.235993391363418,0.7294380349832527,103,20
1670,1.112659097172719,0.3673241533308523,103,20
1671,1.0246631551765681,0.08113137327874953,103,20
1672,1.3523998602026612,0.8812802381838482,103,20
1673,0.9683414715355528,0.000744324525493115,103,20
1674,1.613936863366251,0.9802754000744325,103,20
1675,1.062317031609,0.19315221436546334,103,20
1676,1.0469252184080462,0.14737625604763677,103,20
1677,1.1901108138995642,0.6114625976925939,103,20
1678,1.141967542567251,0.4633420171194641,103,20
1679,1.3168891089798083,0.8466691477484183,103,20
1680,1.0197594859636205,0.06661704503163379,103,20
1681,1.2669423824724513,0.7841458876069967,103,20
1682,1.2103321222032009,0.6739858578340157,103,20
1683,1.0746449572586931,0.2355787123185709,103,20
1684,1.033024223726179,0.10457759583178265,103,20
1685,1.1581739601581709,0.5210271678451805,103,20
1686,1.1168088927978532,0.3788611834759955,103,20
1687,1.3092755136178635,0.8366207666542612,103,20
1688,1.3934889319185264,0.9110532192035727,103,20
1689,1.5551269469021296,0.9717156680312616,103,20
1690,1.2561933387716036,0.7647934499441756,103,20
1691,1.1515144647585258,0.49944175660588014,103,20
1692,1.2185420612437399,0.6925939709713435,103,20
1693,1.0569632170785934,0.17305545217714924,103,20
1694,1.1423089148024324,0.46445850390770377,103,20
1695,1.1745595265761968,0.5675474506885002,103,20
1696,1.2081720426730693,0.6665426125790844,103,20
1697,1.02692321314537,0.08820245627093412,103,20
1698,1.1642291083214504,0.5407517677707481,103,20
1699,1.1975913383821424,0.6289542240416822,103,20
1700,1.144300498302945,0.4719017491626349,103,20
1701,1.044818715874243,0.13770003721622628,103,20
1702,1.0220661423990378,0.07294380349832527,103,20
1703,1.7125272737489439,0.9836248604391514,103,20
1704,1.0829596428319965,0.2668403423892817,103,20
1705,1.020107243243199,0.06698920729438035,103,20
1706,1.1042087082865129,0.3379233345738742,103,20
1707,1.1091497700955701,0.35690360997394865,103,20
1708,1.029991433439431,0.09564570152586528,103,20
1709,1.0242594981066362,0.0796427242277633,103,20
1710,1.1918960581818794,0.6166728693710458,103,20
1711,2641341371218.1553,0.9977670264235207,103,20
1712,1.121161201194973,0.39374767398585786,103,20
1713,1.2097797315642809,0.6710085597320432,103,20
1714,1.1126233445159734,0.3669519910681057,103,20
1715,1.0217605005524115,0.07145515444733903,103,20
1716,1.0825996219945448,0.2646073688128024,103,20
1717,1.685229220257072,0.9832526981764049,103,20
1718,1.1947079015630329,0.6233717901004838,103,20
1719,1.219787516203266,0.6970599181243022,103,20
1720,1.2982195059191244,0.825828061034611,103,20
1721,1.1016405031544199,0.3301079270561965,103,20
1722,1.2858802772552227,0.812430219575735,103,20
1723,1.1551160637707438,0.5135839225902493,103,20
1724,1.2768804823104898,0.7975437290658727,103,20
1725,1.0563942450230335,0.1700781540751768,103,20
1726,1.060824591556239,0.18794194268701153,103,20
1727,1.3914901808456734,0.9103088946780796,103,20
1728,1.148649432911807,0.48753256419799035,103,20
1729,1.0887170147038203,0.28768142910308897,103,20
1730,1.214846202310579,0.6851507257164123,103,20
1731,1.1119098138953878,0.36360253070338666,103,20
1732,1.5355570610135136,0.9694826944547823,103,20
1733,1.2672002482216516,0.7845180498697432,103,20
1734,1.103625350856575,0.3360625232601414,103,20
1735,1.187674486269395,0.6047636769631559,103,20
1736,1.1862214246226939,0.6025307033866766,103,20
1737,1.434531085680177,0.9322664681801265,103,20
1738,1.0255673706020023,0.08262002232973577,103,20
1739,1.3447585710129615,0.8756978042426498,103,20
1740,1.1735120749675116,0.5653144771120209,103,20
1741,1.1890607496113286,0.6084852995906215,103,20
1742,1.0881551895005022,0.28582061778935614,103,20
1743,1.4407133315800096,0.9359880908075922,103,20
1744,1.1587434025297454,0.5247487904726461,103,20
1745,0.9876924915026363,0.014514328247115743,103,20
1746,1.1372245620537096,0.44733903982136214,103,20
1747,0.9667331771005042,0.0003721622627465575,103,20
1748,1.0405686081524874,0.126163007071083,103,20
1749,2.073437666255452,0.9899516189058429,103,20
1750,1.064212453333546,0.20096762188314105,103,20
1751,1.264606610973438,0.7789356159285449,103,20
1752,1.1275673875544858,0.41198362486043916,103,20
1753,0.9954347990756457,0.023074060290286566,103,20
1754,1.3482411428707108,0.8786751023446222,103,20
1755,1.0243054745926168,0.08038704875325642,103,20
1756,1.2077728426755976,0.6646818012653517,103,20
1757,1.044368599291916,0.13695571269073317,103,20
1758,1.0414695790639514,0.12876814291030889,103,20
1759,1.256185178068669,0.7644212876814291,103,20
1760,1.0087967401862012,0.04652028284331969,103,20
1761,1.0142152657187156,0.05582433941198362,103,20
1762,1.157331214566272,0.5184220320059546,103,20
1763,1.0235068462908061,0.07778191291403051,103,20
1764,1.0899131891563152,0.2940081875697804,103,20
1765,1.3572561681448136,0.8857461853368068,103,20
1766,1.086517058856306,0.278377372534425,103,20
1767,1.2045518945245481,0.6527726088574618,103,20
1768,1.00115081756439,0.03163379233345739,103,20
1769,0.9899725734628542,0.01637513956084853,103,20
1770,1.2467073957356163,0.746929661332341,103,20
1771,1.3365164616748433,0.8686267212504653,103,20
1772,1.3667017427917447,0.8924451060662448,103,20
1773,1.2467706497842763,0.7473018235950875,103,20
1774,1.5868537843979458,0.9758094529214738,103,20
1775,1.4115952569085162,0.9203572757722367,103,20
1776,1.2960786148922283,0.8232229251953852,103,20
1777,1.0280625014968823,0.09117975437290658,103,20
1778,1.3541904835945402,0.8838853740230741,103,20
1779,1.0802592895960528,0.255675474506885,103,20
1780,1.208157102377887,0.6661704503163379,103,20
1781,1.2855267520568332,0.8113137327874953,103,20
1782,1.233373933439926,0.7234834387793078,103,20
1783,1.0448389040613293,0.13807219947897284,103,20
1784,1.1111348059546682,0.362486043915147,103,20
1785,0.9819041462663058,0.0070710829921845925,103,20
1786,1.200939663260532,0.6430963900260513,103,20
1787,1.124442604749974,0.40491254186825454,103,20
1788,1.035209468171852,0.11127651656122069,103,20
1789,1.0909102647412756,0.2966133234090063,103,20
1790,1.083864624714916,0.2687011537030145,103,20
1791,1.0987421105118893,0.3196873836992929,103,20
1792,1.0407959224598806,0.12765165612206922,103,20
1793,1.2293309323818185,0.7171566803126163,103,20
1794,1.4254742380099528,0.9274283587644213,103,20
1795,1.0542941976406044,0.1656122069222181,103,20
1796,1.243727467369549,0.744324525493115,103,20
1797,1.1077151414026054,0.3528098250837365,103,20
1798,1.4135085103597023,0.9222180870859695,103,20
1799,1.1833822542723786,0.5939709713435057,103,20
1800,1.340918614640763,0.8719761816151842,103,20
1801,1.0306699659877339,0.09787867510234462,103,20
1802,1.2260399302762006,0.7126907331596576,103,20
1803,1.1213326561468473,0.39449199851135097,103,20
1804,1.4156820627848032,0.9233345738742091,103,20
1805,1.1532500940107022,0.5076293263863044,103,20
1806,1.0481548145806967,0.1507257164123558,103,20
1807,1.435279479277208,0.9330107927056196,103,20
1808,1.223403039662448,0.7067361369557127,103,20
1809,1.1030248273159984,0.33420171194640863,103,20
1810,1.1289137052415126,0.41644957201339783,103,20
1811,1.5473435601683163,0.9705991812430219,103,20
1812,1.0374691434466765,0.1164867882396725,103,20
1813,1.1581823406032279,0.521399330107927,103,20
1814,1.2908591834549008,0.819129140305173,103,20
1815,1.2077420045273572,0.6643096390026051,103,20
1816,1.2921633196896296,0.8202456270934128,103,20
1817,1.131423274614683,0.42612579084480834,103,20
1818,1.162171940862844,0.5359136583550428,103,20
1819,1.1389441878319695,0.45217714923706737,103,20
1820,1.428157336493072,0.9289170078154075,103,20
1821,1.0040364432855178,0.03684406401190919,103,20
1822,1.1127645335499452,0.3680684778563454,103,20
1823,1.1201223863749639,0.38928172683289913,103,20
1824,1.1998250368916554,0.6390026051358392,103,20
1825,1.4306718179576108,0.9300334946036471,103,20
1826,1.1323560337313867,0.4291030889467808,103,20
1827,1.3649223588302908,0.8909564570152586,103,20
1828,1.2093856812414105,0.669519910681057,103,20
1829,1.1818789262283316,0.5891328619278006,103,20
1830,1.1316104773909925,0.4279866021585411,103,20
1831,1.0526969790805882,0.16040193524376628,103,20
1832,1.1249621518831205,0.4060290286564942,103,20
1833,1.0886235080581907,0.28693710457759586,103,20
1834,1.4896460977139452,0.9598064756233717,103,20
1835,1.0700716173263818,0.2206922218087086,103,20
1836,1.1192243615107311,0.38667659099367324,103,20
1837,1.1746975478080368,0.5682917752139933,103,20
1838,1.0475151480074643,0.14923706736136955,103,20
1839,1.4566048882613019,0.9438034983252698,103,20
1840,1.0461368200253254,0.14439895794566432,103,20
1841,1.3646533376100005,0.889839970227019,103,20
1842,1.148163851671439,0.48529959062151096,103,20
1843,1.3609913568010343,0.8879791589132862,103,20
1844,1.0738440405178342,0.2337179010048381,103,20
1845,1.251935452090688,0.7566058801637514,103,20
1846,1.2147308620285782,0.6847785634536658,103,20
1847,1.2520947151570667,0.7573502046892445,103,20
1848,1.2463459022783419,0.7465574990695943,103,20
1849,1.057428006859697,0.17566058801637513,103,20
1850,1.1869117347722262,0.6036471901749163,103,20
1851,1.0701533378290384,0.22180870859694826,103,20
1852,1.1990095598147277,0.6360253070338667,103,20
1853,1.0533434023603836,0.16263490882024562,103,20
1854,1.033713247170194,0.10606624488276889,103,20
1855,1.0014424258569545,0.03312244138444362,103,20
1856,1.1129990915071601,0.36918496464458506,103,20
1857,1.0156517259911326,0.05842947525120953,103,20
1858,1.168629896065335,0.5545217714923707,103,20
1859,1.1707029172272667,0.5593598809080759,103,20
1860,1.1784061015841298,0.5787123185708969,103,20
1861,1.1988423347058128,0.6352809825083736,103,20
1862,1.2048513318819265,0.653516933382955,103,20
1863,1.0159336607113276,0.05991812430219576,103,20
1864,1.1192239992095783,0.3863044287309267,103,20
1865,1.0574621800854387,0.17603275027912169,103,20
1866,717204839785.019,0.9951618905842947,103,20
1867,1.2842954653472936,0.8105694082620022,103,20
1868,1.1401512148615665,0.4558987718645329,103,20
1869,1.1844827061895096,0.5965761071827317,103,20
1870,1.302437480934079,0.8288053591365836,103,20
1871,1.7572880706313103,0.9854856717528843,103,20
1872,1.1493377498894148,0.4897655377744697,103,20
1873,1.099698054907631,0.32340900632675845,103,20
1874,1.1873316555942102,0.6040193524376628,103,20
1875,1.0366479736983585,0.11537030145143283,103,20
1876,1.0500763938957867,0.15370301451432825,103,20
1877,1.3379300229406539,0.8693710457759584,103,20
1878,1.2501210490961223,0.751023446222553,103,20
1879,0.9863619587209342,0.012281354670636397,103,20
1880,1.256758966010785,0.7651656122069223,103,20
1881,1.1018417442946549,0.33048008931894307,103,20
1882,1.1483307743256375,0.4856717528842575,103,20
1883,1.3852234449654268,0.9050986229996278,103,20
1884,1.1014690239059663,0.32899144026795685,103,20
1885,1.309876179961224,0.8381094157052474,103,20
1886,0.9930667000263742,0.02084108671380722,103,20
1887,1.1623354498787604,0.5366579828805359,103,20
1888,1.005498463705747,0.04019352437662821,103,20
1889,1.2339799351396954,0.7253442500930406,103,20
1890,1.4630736733282919,0.9464086341644957,103,20
1891,1.406819108707639,0.9170078154075176,103,20
1892,1.1942707756931903,0.6226274655749907,103,20
1893,1.1014713526925481,0.3293636025307034,103,20
1894,1.47544281460469,0.9538518794194268,103,20
1895,1.0292884172824466,0.09490137700037216,103,20
1896,1.2900538576267235,0.8172683289914403,103,20
1897,1.2735834429710224,0.793077781912914,103,20
1898,1.3279808053846822,0.8615556382582806,103,20
1899,1.3227497170867806,0.8529959062151098,103,20
1900,1.1845910036087155,0.5976925939709713,103,20
1901,1.2857681609145137,0.8120580573129884,103,20
1902,1.0797402590137362,0.25344250093040566,103,20
1903,1.0061683723118684,0.04168217342761444,103,20
1904,1.2056247932212822,0.6564942314849275,103,20
1905,1.0803557536284187,0.25604763676963155,103,20
1906,1.324153924553159,0.8552288797915891,103,20
1907,1.2552776559593979,0.7625604763676963,103,20
1908,1.2499876752801569,0.7502791216970599,103,20
1909,1.0292954039582234,0.09527353926311873,103,20
1910,1.1328253558164374,0.43208038704875323,103,20
1911,1.1740372070231575,0.5664309639002605,103,20
1912,1.1184583856648582,0.385187941942687,103,20
1913,1.2964841682383157,0.8235950874581317,103,20
1914,1.1817920065211238,0.588760699665054,103,20
1915,1.1359926769871156,0.44101228135467063,103,20
1916,1.2899277686381045,0.8168961667286937,103,20
1917,1.0703210302688797,0.22366951991068107,103,20
1918,1.2312728856194375,0.7201339784145888,103,20
1919,1.150663168413207,0.4957201339784146,103,20
1920,1.0356017116715317,0.11276516561220692,103,20
1921,1.1508543697455194,0.49683662076665425,103,20
1922,1.2472052234637043,0.7476739858578341,103,20
1923,1.5906506920259975,0.9776702642352065,103,20
1924,1.1253806927446728,0.4075176777074805,103,20
1925,1.1414000799439794,0.46110904354298476,103,20
1926,1.0467559461610965,0.14588760699665054,103,20
1927,1.2789447413551422,0.8020096762188315,103,20
1928,1.1113674789239465,0.36285820617789355,103,20
1929,1.1643457576672018,0.5411239300334946,103,20
1930,1.4869258125663811,0.957945664309639,103,20
1931,1.3278024750972572,0.861183475995534,103,20
1932,1.42760577614466,0.9285448455526609,103,20
1933,1.5304176910823528,0.9683662076665426,103,20
1934,1.3453971397125288,0.8768142910308895,103,20
1935,1.117131209837782,0.3796055080014886,103,20
1936,1.1428481181875654,0.46631931522143655,103,20
1937,1.0941392570975332,0.30777819129140305,103,20
1938,1.2890843293090124,0.8161518422032006,103,20
1939,1.2015507491430606,0.6442128768142911,103,20
1940,1.1250840756926699,0.40640119091924076,103,20
1941,1.2627922218294958,0.7763304800893189,103,20
1942,1.0797137547581015,0.25269817640491254,103,20
1943,1.239832136092185,0.7361369557126908,103,20
1944,1.2295922285245617,0.7179010048381094,103,20
1945,1.3340479712450595,0.8667659099367324,103,20
1946,1.0573023131048822,0.17491626349088202,103,20
1947,1.0854208284816704,0.275027912169706,103,20
1948,1.0375942080677452,0.11760327502791217,103,20
1949,1.0699217706387105,0.21920357275772237,103,20
1950,1.4700383092204952,0.9508745813174544,103,20
1951,1.1519088616402076,0.5013025679196129,103,20
1952,1.1437216572274047,0.46966877558615555,103,20
1953,1.1898549012297548,0.6103461109043543,103,20
1954,1.0899966628771471,0.294380349832527,103,20
1955,1.0820550413124375,0.2627465574990696,103,20
1956,1.0406366679490153,0.1269073315965761,103,20
1957,1.2582712228546136,0.7688872348343878,103,20
1958,1.1512158597703381,0.4979531075548939,103,20
1959,0.987150032567181,0.01339784145887607,103,20
1960,1.03813237713476,0.1190919240788984,103,20
1961,1.083882183617572,0.26907331596576106,103,20
1962,0.9810245611503795,0.00595459620394492,103,20
1963,1.0584120443576777,0.18049869743208038,103,20
1964,1.0354193787765147,0.11164867882396724,103,20
1965,1.117236493293856,0.3799776702642352,103,20
1966,1.2922407786619714,0.8206177893561593,103,20
1967,1.4255952912441336,0.9278005210271678,103,20
1968,1.2589807280397998,0.770375883885374,103,20
1969,1.0726178438951366,0.2285076293263863,103,20
1970,1.2530634524992903,0.7599553405284704,103,20
1971,1.1793810856463256,0.582061778935616,103,20
1972,1.0580365133222631,0.17826572385560105,103,20
1973,1.2503484138400789,0.7517677707480461,103,20
1974,1.509601035486321,0.9631559359880908,103,20
1975,1.0123572812255934,0.05210271678451805,103,20
1976,1.0061869933131935,0.042054335690360996,103,20
1977,1.4455057794143202,0.9393375511723111,103,20
1978,1.1560440417458853,0.5158168961667287,103,20
1979,1.1174296657213154,0.38072199478972835,103,20
1980,1.1337644253873815,0.4346855228879792,103,20
1981,1.166249253418845,0.5478228507629327,103,20
1982,1.1610962082051794,0.5336806847785635,103,20
1983,1.1537322488499318,0.5106066244882769,103,20
1984,1.1056952159150235,0.34462225530331225,103,20
1985,1.0076335415227327,0.04503163379233346,103,20
1986,1.2492096084719375,0.7487904726460737,103,20
1987,1.31507431429558,0.8448083364346856,103,20
1988,1.2667038467818048,0.78377372534425,103,20
1989,1.0469237797411464,0.1470040937848902,103,20
1990,1.0947429966174502,0.3100111648678824,103,20
1991,1.1028166404730573,0.3338295496836621,103,20
1992,1.176364062527698,0.5716412355787123,103,20
1993,1.202694607088922,0.6479344994417566,103,20
1994,1.2338049158808861,0.724972087830294,103,20
1995,1.239518447644176,0.7353926311871977,103,20
1996,1.1148971001418349,0.3736509117975437,103,20
1997,1.1394229730095984,0.4536657982880536,103,20
1998,0.9793043116217074,0.004838109415705247,103,20
1999,1.3076918779319704,0.835132117603275,103,20
2000,1.1913633228106861,0.6151842203200596,103,20
2001,1.0239739140484743,0.07927056196501675,103,20
2002,1.1819329153022662,0.5895050241905471,103,20
2003,1.1770284528115684,0.5735020468924451,103,20
2004,1.1509859463484626,0.4972087830294008,103,20
2005,1.062347830571185,0.1935243766282099,103,20
2006,1.3260478160205176,0.8585783401563082,103,20
2007,1.2504793435388648,0.7521399330107927,103,20
2008,1.0644192132523682,0.2020841086713807,103,20
2009,1.3114345721379763,0.8407145515444734,103,20
2010,1.1432017379817052,0.4681801265351693,103,20
2011,1.0622719097032958,0.1927800521027168,103,20
2012,1.414327715406113,0.9229624116114626,103,20
2013,1.1119610338741013,0.3639746929661332,103,20
2014,1.2387497816643052,0.7331596576107182,103,20
2015,1.155371061958057,0.5139560848529959,103,20
2016,1.317839389764655,0.8474134722739114,103,20
2017,1.1650685594869243,0.544101228135467,103,20
2018,1.23091930022711,0.7190174916263491,103,20
2019,1.2234258477519293,0.7071082992184593,103,20
2020,1.061708064010729,0.19129140305173056,103,20
2021,1.0408842695595664,0.12802381838481577,103,20
2022,1.2771146516014542,0.7979158913286193,103,20
2023,1.2175193110706752,0.689616672869371,103,20
2024,1.0261774179583774,0.08596948269445479,103,20
2025,1.1286872654983715,0.4160774097506513,103,20
2026,1.2064139409836292,0.6598436918496464,103,20
2027,1.2037127136425858,0.6490509862299962,103,20
2028,1.204112220323678,0.650167473018236,103,20
2029,0.976139060630149,0.00297729810197246,103,20
2030,1.23281190267989,0.7223669519910682,103,20
2031,1.0734339156367934,0.23111276516561222,103,20
2032,1.154088800815184,0.51135094901377,103,20
2033,3613071993264.4814,0.9981391886862672,103,20
2034,1.1972857758374322,0.6285820617789356,103,20
2035,1.1123901310651596,0.365835504279866,103,20
2036,1.1035637558363096,0.33569036099739485,103,20
2037,1.1677066475803903,0.5515444733903982,103,20
2038,1.101907477167001,0.3308522515816896,103,20
2039,1.2722422874852124,0.7912169705991813,103,20
2040,1.103293471054021,0.3353181987346483,103,20
2041,1.069930473043517,0.21994789728321548,103,20
2042,1.1874921395472164,0.6043915147004094,103,20
2043,1.3212380418805778,0.8518794194268701,103,20
2044,1.080782480064094,0.2582806103461109,103,20
2045,1.0261760534395141,0.08559732043170823,103,20
2046,1.0767332294685799,0.24227763304800892,103,20
2047,1.2154373717028906,0.6866393747673986,103,20
2048,1.0940462611566768,0.3074060290286565,103,20
2049,1.1374812982715732,0.4477112020841087,103,20
2050,1.0691461783013054,0.21473762560476367,103,20
2051,1.094463268833025,0.30852251581689616,103,20
2052,1.149101274045534,0.48827688872348346,103,20
2053,1.1418056379755854,0.46222553033122443,103,20
2054,1.7312025897502719,0.9851135094901377,103,20
2055,1.0455079887749084,0.14291030889467807,103,20
2056,1.4390061590316332,0.9348716040193524,103,20
2057,1.199362832221883,0.6371417938221065,103,20
2058,1.2093998743507177,0.6698920729438035,103,20
2059,9.360905418905672,0.9940454037960551,103,20
2060,1.1100779138468635,0.359136583550428,103,20
2061,1.213988824477844,0.6825455898771865,103,20
2062,1.058356128881301,0.17975437290658727,103,20
2063,1.3393210218958567,0.8712318570896911,103,20
2064,1.0729451647769455,0.22962411611462596,103,20
2065,1.2746569612809435,0.7945664309639002,103,20
2066,1.0498948732210533,0.15295868998883513,103,20
2067,1.1346605662763403,0.4372906587272051,103,20
2068,1.4881784329062924,0.9590621510978786,103,20
2069,1.384009511765497,0.9039821362113881,103,20
2070,1.0660570977722057,0.20766654261257908,103,20
2071,1.1295752615227972,0.4183103833271306,103,20
2072,1.0637614997389524,0.19761816151842204,103,20
2073,1.085604616597353,0.2761443989579457,103,20
2074,1143723524718.4233,0.9959062151097878,103,20
2075,1.1997740941718347,0.6386304428730927,103,20
2076,1.1720713907411207,0.5630815035355415,103,20
2077,1.1311931881191721,0.4253814663193152,103,20
2078,1.041715645292518,0.129512467435802,103,20
2079,1.167512004413411,0.550055824339412,103,20
2080,1.2392196257968393,0.7346483066617046,103,20
2081,1.0605631032822052,0.18719761816151842,103,20
2082,1.1977857400269734,0.6293263863044287,103,20
2083,1.139836304574118,0.4551544473390398,103,20
2084,1.0342098445274739,0.10792705619650167,103,20
2085,0.9902757968165228,0.017491626349088202,103,20
2086,1.060920906899272,0.1883141049497581,103,20
2087,1.2184189221821131,0.6918496464458503,103,20
2088,1.0178870369675528,0.06326758466691478,103,20
2089,1.1359601790184102,0.4406401190919241,103,20
2090,1.3859118016263263,0.9054707852623743,103,20
2091,1.2175635792831618,0.6899888351321176,103,20
2092,1.2017733332902374,0.6445850390770376,103,20
2093,1.0211738484458754,0.06959434313360625,103,20
2094,1.0090361633493707,0.04763676963155936,103,20
2095,1.0729740013168634,0.22999627837737252,103,20
2096,0.9925001643598765,0.020468924451060664,103,20
2097,1.0536737910545937,0.16337923334573876,103,20
2098,1.1362295909625675,0.44250093040565686,103,20
2099,1.0042085727438366,0.03721622627465575,103,20
2100,1.368706775943984,0.8946780796427243,103,20
2101,0.9998423057495615,0.02828433196873837,103,20
2102,1.0989579851321882,0.320431708224786,103,20
2103,1.0136166354252374,0.053963528098250835,103,20
2104,1.1060522963994703,0.3483438779307778,103,20
2105,1.0330425957907057,0.10494975809452921,103,20
2106,1.2975787018974254,0.8250837365091179,103,20
2107,1.3182044817447982,0.847785634536658,103,20
2108,1.1306164576634827,0.4224041682173428,103,20
2109,1.3337707380099324,0.8660215854112393,103,20
2110,1.1673724838283028,0.5493114998139189,103,20
2111,1.1458435048722504,0.4771120208410867,103,20
2112,1.0320758993523655,0.10308894678079643,103,20
2113,1.0892981609622185,0.291030889467808,103,20
2114,1.5563015921817063,0.9720878302940081,103,20
2115,1.542548725030139,0.9702270189802754,103,20
2116,1.159796827022244,0.5288425753628582,103,20
2117,1.2028866119793653,0.6483066617045031,103,20
2118,0.990088623972054,0.017119464086341647,103,20
2119,1.114336735457353,0.3721622627465575,103,20
2120,1.1492192238570813,0.48902121324897657,103,20
2121,1.1769490910101075,0.5731298846296985,103,20
2122,1.38762631540528,0.9080759211016003,103,20
2123,0.9863077307996466,0.01190919240788984,103,20
2124,1.039254544282807,0.12169705991812431,103,20
2125,1.1890915094663845,0.6088574618533681,103,20
2126,1.105918665889996,0.3461109043542985,103,20
2127,1.1456399589817656,0.47525120952735395,103,20
2128,1.1999921350643428,0.6393747673985858,103,20
2129,1.2255842688536858,0.7119464086341645,103,20
2130,1.2683508900674212,0.7871231857089691,103,20
2131,1.1833956061279038,0.5943431336062523,103,20
2132,1.0100741741792,0.04949758094529215,103,20
2133,1.0237932055696688,0.07852623743952364,103,20
2134,1.0892250252858355,0.2899144026795683,103,20
2135,1.154398129695695,0.5120952735392631,103,20
2136,1.1327611162107185,0.4317082247860067,103,20
2137,1.1842325952448851,0.5962039449199851,103,20
2138,1.005620261968112,0.04093784890212133,103,20
2139,1.031594143220568,0.10011164867882397,103,20
2140,1.0387565811929065,0.12020841086713807,103,20
2141,1.1253255508307272,0.4067733531819874,103,20
2142,1.0039888216251036,0.036471901749162636,103,20
2143,1.4113590161164855,0.9196129512467436,103,20
2144,1.2096865022003223,0.6706363974692966,103,20
2145,1.1065718342993942,0.3502046892445106,103,20
2146,1.0453594388478917,0.14216598436918496,103,20
2147,1.4138122919097849,0.922590249348716,103,20
2148,1.0594192784637617,0.18347599553405286,103,20
2149,1.1527919575271306,0.5042798660215854,103,20
2150,1.2184775328267068,0.692221808708597,103,20
2151,1.4804857421148976,0.9560848529959062,103,20
2152,1.443874576141397,0.938593226646818,103,20
2153,1.177327496124206,0.576107182731671,103,20
2154,1.2580379014955616,0.7681429103088947,103,20
2155,1.0539620514364323,0.16449572013397842,103,20
2156,1.1597656817327615,0.5284704131001117,103,20
2157,1.1294615378835346,0.41793822106438405,103,20
2158,1.1425682391815415,0.46594715295869,103,20
2159,1.3836058291399513,0.903237811685895,103,20
2160,1.0410417871301259,0.12839598064756233,103,20
2161,1.1503916086874406,0.49423148492742836,103,20
2162,1.2575681343198704,0.7673985857834016,103,20
2163,1.4064342401089478,0.9166356531447711,103,20
2164,1.0501682526561553,0.1540751767770748,103,20
2165,1.0827371480166867,0.2660960178637886,103,20
2166,1.307446978252536,0.8343877930777819,103,20
2167,1.1032443116759345,0.33494603647190174,103,20
2168,1.0654453155126722,0.20543356903609974,103,20
2169,1.129965602708155,0.42017119464086344,103,20
2170,1.1428560863324275,0.4666914774841831,103,20
2171,1.198678145785541,0.6337923334573874,103,20
2172,1.059875030352337,0.18496464458503908,103,20
2173,1.1733869538114936,0.5649423148492743,103,20
2174,1.0396637879834683,0.12244138444361742,103,20
2175,1.0405039554543234,0.12579084480833644,103,20
2176,1.1055167165839623,0.3442500930405657,103,20
2177,1.1694676823997379,0.5560104205433569,103,20
2178,1.1121968099796484,0.3650911797543729,103,20
2179,1.0220099265782336,0.07257164123557872,103,20
2180,1.112721351836433,0.36769631559359883,103,20
2181,1.468837210337059,0.9493859322664682,103,20
2182,1.0622500955082932,0.19203572757722367,103,20
2183,1.2555452754158398,0.7633048008931894,103,20
2184,1.130070759859391,0.42054335690361,103,20
2185,1.1996471684843997,0.6382582806103461,103,20
2186,1.0921197595073338,0.30182359508745815,103,20
2187,1.2414239565638538,0.7394864160774097,103,20
2188,1.1584258532108267,0.5225158168961668,103,20
2189,1.2346758185519424,0.7272050614067733,103,20
2190,1.2106996072757297,0.6758466691477484,103,20
2191,1.218612172506829,0.6929661332340901,103,20
2192,1.269533982617177,0.7878675102344622,103,20
2193,1.1471039452568028,0.4823222925195385,103,20
2194,1.2239623672060969,0.7085969482694455,103,20
2195,1.1157690948501644,0.3747673985857834,103,20
2196,1.1685654759700739,0.5541496092296241,103,20
2197,1.4327093917518683,0.9307778191291403,103,20
2198,1.0980649163528893,0.3178265723855601,103,20
2199,1.1922745254016667,0.6177893561592854,103,20
2200,1.1850896481966582,0.5991812430219575,103,20
2201,1.1829401065142198,0.5928544845552661,103,20
2202,1.0701627823887858,0.22218087085969482,103,20
2203,1.1080595791490786,0.3539263118719762,103,20
2204,1.2297758170620998,0.718273167100856,103,20
2205,1.1660253822535829,0.5459620394491999,103,20
2206,1.4731546619244051,0.9523632303684406,103,20
2207,1.325852432986288,0.8578340156308151,103,20
2208,1.0309010716072056,0.09862299962783774,103,20
2209,1.8997561496684257,0.9888351321176033,103,20
2210,1.331662195712849,0.86378861183476,103,20
2211,0.9811861608150416,0.006326758466691477,103,20
2212,1.1740913132863602,0.5668031261630071,103,20
2213,1.1654863819734946,0.5444733903982136,103,20
2214,1.0037623004180274,0.03609973948641608,103,20
2215,1.3241081210343448,0.8548567175288426,103,20
2216,1.0398926776484785,0.12318570896911053,103,20
2217,1.1086187755976553,0.35615928544845554,103,20
2218,1.305104414039155,0.8314104949758094,103,20
2219,1.049201773978385,0.15221436546334202,103,20
2220,1.043491431217618,0.13435057685150725,103,20
2221,1.1167447449915964,0.37848902121324896,103,20
2222,1.0146509534626156,0.056940826200223296,103,20
2223,1.043865860253279,0.13583922590249348,103,20
2224,1.2282983582607094,0.7167845180498698,103,20
2225,1.1343711060664041,0.43654633420171196,103,20
2226,1.194913735957106,0.6241161146259769,103,20
2227,1.1411449420444195,0.4596203944919985,103,20
2228,1.0585276721687993,0.18087085969482694,103,20
2229,1.1969961255550685,0.627465574990696,103,20
2230,1.1845487435461628,0.5969482694454782,103,20
2231,1.1259619392737197,0.4090063267584667,103,20
2232,1.532731109268279,0.9691105321920357,103,20
2233,1.2258288346152746,0.7123185708969111,103,20
2234,1.210809345467623,0.6765909936732415,103,20
2235,1.3970134627269535,0.912541868254559,103,20
2236,1.1762744030257508,0.5708969110532192,103,20
2237,0.9705366591027624,0.00148864905098623,103,20
2238,1.0600334097515824,0.1857089691105322,103,20
2239,1.5183740890688564,0.9653889095645701,103,20
2240,1.3145369066343497,0.8436918496464458,103,20
2241,1.0256928012684685,0.08299218459248232,103,20
2242,1.1038823080140787,0.33643468552288797,103,20
2243,1.0810860615697055,0.259024934871604,103,20
2244,1.1268105781650661,0.4097506512839598,103,20
2245,1.136857475665893,0.44510606624488275,103,20
2246,1.0159927512275186,0.060290286564942314,103,20
2247,1.225045432375624,0.7100855973204317,103,20
2248,1.0550253199680664,0.1663565314477112,103,20
2249,1.1385191802793422,0.45143282471157425,103,20
2250,1.2777579023138195,0.7994045403796055,103,20
2251,1.5664972778122874,0.9735764793449945,103,20
2252,1.000039381014209,0.029028656494231486,103,20
2253,1.250277565140724,0.7513956084852996,103,20
2254,1.220879769150587,0.7000372162262747,103,20
2255,1.3315892606688997,0.8630442873092669,103,20
2256,1.2428033788302184,0.7424637141793822,103,20
2257,1.0639855694821712,0.2005954596203945,103,20
2258,1.2417673465938608,0.740975065128396,103,20
2259,1.2006551792521198,0.6416077409750651,103,20
2260,2.666172701942835,0.9918124302195758,103,20
2261,1.0981237271267257,0.3185708969110532,103,20
2262,1.1102088335467273,0.36025307033866766,103,20
2263,1.0758893932277103,0.23930033494603647,103,20
2264,1.3551566450786592,0.8853740230740603,103,20
2265,1.145266232042157,0.4737625604763677,103,20
2266,1.2636671103003074,0.7774469668775587,103,20
2267,1.1434161345664455,0.4685522887979159,103,20
2268,1.1124916399702267,0.36620766654261255,103,20
2269,1.144039481925151,0.4707852623743952,103,20
2270,1.1609934352103675,0.5329363602530703,103,20
2271,1.2856863803273515,0.8116858950502419,103,20
2272,1.2510514275700477,0.7543729065872721,103,20
2273,1.277845796981549,0.8001488649050986,103,20
2274,1.0157741018547743,0.059173799776702646,103,20
2275,1.2371319788448176,0.7301823595087458,103,20
2276,1.0066569141908,0.043542984741347227,103,20
2277,1.059285373976381,0.18310383327130628,103,20
2278,1.1864683969206682,0.6029028656494232,103,20
2279,1.0272632752172313,0.0893189430591738,103,20
2280,1.0009836534201932,0.03126163007071083,103,20
2281,1.222155805157119,0.7037588388537402,103,20
2282,1.0863566257109758,0.27726088574618535,103,20
2283,1.2421030608973305,0.7417193896538891,103,20
2284,1.311658536522669,0.8414588760699665,103,20
2285,1.1093663604448873,0.3572757722366952,103,20
2286,1.3775309662711765,0.9017491626349088,103,20
2287,1.1101964757413127,0.3598809080759211,103,20
2288,1.086592755311744,0.27874953479717157,103,20
2289,1.0842086915051523,0.2698176404912542,103,20
2290,1.1598745472758387,0.5292147376256048,103,20
2291,1.2606697828830746,0.7722366951991068,103,20
2292,1.2186824782754666,0.6937104577595832,103,20
2293,1.0846302388076092,0.2720506140677335,103,20
2294,1.2585036354023618,0.7692593970971343,103,20
2295,1.1361627357721935,0.44175660588016374,103,20
2296,1.2702658459985936,0.7889839970227019,103,20
2297,1.0319865278964522,0.10271678451804987,103,20
2298,1.2884976903656757,0.8154075176777075,103,20
2299,1.1217593707317204,0.39635280982508375,103,20
2300,1.3303467541924527,0.8626721250465202,103,20
2301,1.3639651304462252,0.8890956457015259,103,20
2302,1.3041864010440176,0.8306661704503163,103,20
2303,1.464953158531552,0.9482694454782286,103,20
2304,1.1713100304044952,0.5601042054335691,103,20
2305,1.239332910203162,0.735020468924451,103,20
2306,1.0665014155951749,0.2084108671380722,103,20
2307,1.2204192075253597,0.6985485671752885,103,20
2308,1.1269238088259859,0.4101228135467064,103,20
2309,1.259846381018085,0.7714923706736136,103,20
2310,1.2410356128819346,0.7387420915519166,103,20
2311,1.1595733686025935,0.5280982508373651,103,20
2312,1.0521171346498002,0.15891328619278006,103,20
2313,1.3200683305542342,0.8507629326386305,103,20
2314,1.1465022409058214,0.47934499441756606,103,20
2315,1.2097985695380824,0.6713807219947897,103,20
2316,1.411156296930511,0.919240788983997,103,20
2317,1.177314752752864,0.5757350204689244,103,20
2318,1.1803900324795715,0.5850390770375884,103,20
2319,1.3325448747273965,0.8649050986229996,103,20
2320,1.1637000598903615,0.5396352809825083,103,20
2321,1.1574400703912389,0.5187941942687011,103,20
2322,1.076173706812384,0.24041682173427614,103,20
2323,1.4823078318554501,0.9568291775213993,103,20
2324,1.3115709841838414,0.84108671380722,103,20
2325,1.1823520116029882,0.5913658355042799,103,20
2326,1.0867635967718385,0.28061034611090435,103,20
2327,1.027116123845697,0.08857461853368069,103,20
2328,1.3757607228135935,0.8995161890584294,103,20
2329,1.4372225019636997,0.9344994417566059,103,20
2330,1.1757149163576366,0.5697804242649795,103,20
2331,1.0598483833273122,0.18459248232229253,103,20
2332,1.0021116239919259,0.03423892817268329,103,20
2333,1.0209498290400587,0.06847785634536659,103,20
2334,1.284278338749113,0.8101972459992557,103,20
2335,0.9910122934944019,0.018980275400074433,103,20
2336,1.0613458300231735,0.1890584294752512,103,20
2337,1.4763709840140504,0.9542240416821735,103,20
2338,1.1485399447781715,0.48678823967249724,103,20
2339,1.0275184625554907,0.09006326758466691,103,20
2340,1.182607645990606,0.5917379977670264,103,20
2341,1.0717643480443977,0.22553033122441385,103,20
2342,1.0144598803695952,0.056196501674730184,103,20
2343,1.0767336016232036,0.24264979531075548,103,20
2344,1.2880015760879773,0.8146631931522144,103,20
2345,1.0685936753246377,0.21250465202828434,103,20
2346,1.2514879348656684,0.7551172311127652,103,20
2347,0.9869045342577968,0.013025679196129512,103,20
2348,1.3510129873962358,0.8809080759211017,103,20
2349,1.1341423854514845,0.43580200967621885,103,20
2350,1.0724700282653674,0.22776330480089318,103,20
2351,1.3602828895020989,0.8868626721250465,103,20
2352,1.0625358526663526,0.194268701153703,103,20
2353,1.2417004902091417,0.7406029028656494,103,20
2354,1.2721427188427998,0.7908448083364347,103,20
2355,1.714859858724979,0.9843691849646445,103,20
2356,1.4639468057039424,0.9471529586899888,103,20
2357,1.17707251077453,0.5738742091551917,103,20
2358,1.0448746290042723,0.1384443617417194,103,20
2359,1.0008910601044845,0.030889467807964272,103,20
2360,1.5831082726679542,0.9750651283959807,103,20
2361,1.0359690573062388,0.11388165240044659,103,20
2362,1.2509415237379433,0.753628582061779,103,20
2363,1.1059996086343287,0.34797171566803126,103,20
2364,1.3685308282220765,0.8939337551172312,103,20
2365,1.016603619636524,0.06140677335318199,103,20
2366,1.1054799955265688,0.34387793077781914,103,20
2367,1.091887918073083,0.3007071082992185,103,20
2368,1.1193793567626227,0.3870487532564198,103,20
2369,1.023713244654931,0.07815407517677707,103,20
2370,1.0452623367262759,0.1410494975809453,103,20
2371,1102689907219.2544,0.9955340528470413,103,20
2372,1.0401683136782636,0.12393003349460364,103,20
2373,1.1817095267459168,0.5883885374023075,103,20
2374,1.1069823668876198,0.3509490137700037,103,20
2375,1.2878453604984446,0.8142910308894679,103,20
2376,1.3267028501787934,0.8600669892072944,103,20
2377,1.1991105431148816,0.6363974692966133,103,20
2378,1.153371598555848,0.508001488649051,103,20
2379,1.2739964796241494,0.7938221064384071,103,20
2380,1.2295590981836757,0.7175288425753629,103,20
2381,1.1510128070123362,0.49758094529214736,103,20
2382,1.2085085031562073,0.6672869371045776,103,20
2383,1.1042552989786638,0.33903982136211386,103,20
2384,1.3940123828975644,0.9114253814663194,103,20
2385,1.1216598285302752,0.3959806475623372,103,20
2386,1.9869399794280451,0.9895794566430964,103,20
2387,1.0164277352041826,0.06103461109043543,103,20
2388,1.1534144856234678,0.5083736509117975,103,20
2389,1.02780929043298,0.09043542984741347,103,20
2390,1.1525950504588252,0.5035355414960923,103,20
2391,1.0226343816638066,0.07592110160029773,103,20
2392,1.1963418402758292,0.6263490882024563,103,20
2393,1.0449145769611623,0.1391886862672125,103,20
2394,1.4353857340342804,0.9333829549683662,103,20
2395,1.101045548189736,0.32824711574246374,103,20
2396,1.642920794079154,0.9813918868626721,103,20
2397,1.2666428664956324,0.7834015630815035,103,20
2398,1.0970591091667612,0.3163379233345739,103,20
2399,1.1223371319869555,0.39895794566430964,103,20
2400,1.4696689926182986,0.9505024190547079,103,20
2401,1.062850469715373,0.1961295124674358,103,20
2402,1.1512268341300786,0.49832526981764047,103,20
2403,1.253946536480615,0.7610718273167101,103,20
2404,1.131303703917291,0.4257536285820618,103,20
2405,1.3764226742947907,0.8998883513211761,103,20
2406,1.338775285266034,0.8701153703014515,103,20
2407,1.1646049547872863,0.5426125790844808,103,20
2408,1.2615068733616834,0.7744696687755862,103,20
2409,1.2092536857769558,0.6691477484183104,103,20
2410,1.0816766976497056,0.2620022329735765,103,20
2411,1.0622660263353416,0.19240788983997023,103,20
2412,1.2038287183913097,0.6494231484927429,103,20
2413,1.1130385967791079,0.3695571269073316,103,20
2414,1.217122363753535,0.6888723483438779,103,20
2415,1.1138486944646124,0.37179010048381095,103,20
2416,1.2095747879614427,0.6702642352065501,103,20
2417,1.0888782940375372,0.28879791589132864,103,20
2418,1.1987349005433239,0.6345366579828805,103,20
2419,1.0993076042118872,0.3215481950130257,103,20
2420,1.113745767275931,0.3714179382210644,103,20
2421,1.1402209960272813,0.4562709341272795,103,20
2422,1.115434023675716,0.3740230740602903,103,20
2423,1.1903551642326071,0.6125790844808336,103,20
2424,1.1681826363151702,0.5526609601786379,103,20
2425,1.20530881662426,0.6550055824339412,103,20
2426,1.134344329286568,0.4361741719389654,103,20
2427,1.0530550330928734,0.1611462597692594,103,20
2428,1.1094368399427785,0.35764793449944177,103,20
2429,1.069585954394093,0.21697059918124303,103,20
2430,1.1484932000472452,0.4864160774097506,103,20
2431,1.2517601232283084,0.7562337179010048,103,20
2432,1.082083728789688,0.2634908820245627,103,20
2433,1.164399498993895,0.5414960922962412,103,20
2434,1.2139561112507162,0.6821734276144399,103,20
2435,1.1558492894804488,0.5150725716412355,103,20
2436,1.2246555505132684,0.7097134350576851,103,20
2437,1.0892304454300221,0.29028656494231486,103,20
2438,1.2756779728109184,0.79568291775214,103,20
2439,1.4166018502375626,0.9248232229251954,103,20
2440,1.1982899209565072,0.6304428730926684,103,20
2441,1.075316493994706,0.23781168589505025,103,20
2442,1.1931965525886272,0.6192780052102717,103,20
2443,1.1457255581991483,0.47599553405284706,103,20
2444,1.045265145050694,0.14142165984369184,103,20
2445,1.2174712004342418,0.6892445106066245,103,20
2446,1.1165501734914465,0.3773725344250093,103,20
2447,1.1001048354680063,0.3263863044287309,103,20
2448,1.14759282914617,0.4834387793077782,103,20
2449,1.345281023663369,0.8764421287681429,103,20
2450,1.129631338554105,0.41868254558987716,103,20
2451,1.053623780793548,0.16300707108299217,103,20
2452,1.4160720838134213,0.9240788983997023,103,20
2453,1.2341906374495646,0.7257164123557871,103,20
2454,0.9784412125959344,0.004093784890212133,103,20
2455,0.9899987518780842,0.016747301823595087,103,20
2456,1.099519806886149,0.3230368440640119,103,20
2457,1.4887163750927426,0.9594343133606252,103,20
2458,1.2661005519460926,0.7822850762932638,103,20
2459,0.9917468997143637,0.01972459992556755,103,20
2460,1.1059813520170299,0.3475995534052847,103,20
2461,1.1162905652440944,0.3766282098995162,103,20
2462,1.2060357166975082,0.6579828805359137,103,20
2463,1.2323209210266515,0.7212504652028284,103,20
2464,1.005961336112165,0.041310011164867884,103,20
2465,1.394672070519214,0.9117975437290659,103,20
2466,1.0678449048666196,0.21213248976553778,103,20
2467,0.9874278008318275,0.013770003721622627,103,20
2468,1.0875467761841613,0.2828433196873837,103,20
2469,1.4694067222668037,0.9501302567919613,103,20
2470,1.16034882871349,0.5303312244138444,103,20
2471,1.384713635031059,0.9047264607368812,103,20
2472,1.128197583152763,0.4149609229624116,103,20
2473,1.107070296160402,0.3516933382954968,103,20
2474,1.0902302192719118,0.29549683662076665,103,20
2475,1.1516416868435946,0.5005582433941198,103,20
2476,1.2088463338614948,0.6676590993673241,103,20
2477,1.1428660251412337,0.46706363974692966,103,20
2478,1.0826197840124498,0.2653516933382955,103,20
2479,1.1162652536261206,0.3762560476367696,103,20
2480,1.1903498395692347,0.612206922218087,103,20
2481,1.2573211784113014,0.7666542612579085,103,20
2482,1.0615832900521331,0.19054707852623745,103,20
2483,1.1075612364332668,0.3524376628209899,103,20
2484,1.0402758388071671,0.12467435802009676,103,20
2485,1.0591085964535611,0.18273167100855972,103,20
2486,1526003020161.6313,0.9962783773725344,103,20
2487,1.1058621546999468,0.3457387420915519,103,20
2488,1.069590644918431,0.2173427614439896,103,20
2489,1.2073479063295507,0.6628209899516189,103,20
2490,1.0988054475002056,0.32005954596203945,103,20
2491,1.5581446919357647,0.9728321548195012,103,20
2492,1.2648690511168066,0.7800521027167845,103,20
2493,1.206242477571474,0.6583550427986602,103,20
2494,1.0406006138669692,0.12653516933382955,103,20
2495,1.1939845288930315,0.6218831410494976,103,20
2496,1.0999082851829078,0.3248976553777447,103,20
2497,1.2905897503255377,0.8183848157796799,103,20
2498,1.1553798142604192,0.5143282471157424,103,20
2499,1.0675760054552916,0.2110160029772981,103,20
2500,1.141163021815152,0.45999255675474504,103,20
2501,1.1735615083100166,0.5656866393747674,103,20
2502,1.2933629947481404,0.8213621138816524,103,20
2503,1.2001512334173703,0.6397469296613323,103,20
2504,1.0728904736214788,0.2292519538518794,103,20
2505,1.2084475084717223,0.666914774841831,103,20
2506,1.0816135828381916,0.2612579084480834,103,20
2507,1.099413853731066,0.3222925195385188,103,20
2508,1.1530817655384815,0.5065128395980647,103,20
2509,1.1806552452055654,0.5857834015630815,103,20
2510,1.1518411026283926,0.5009304056568664,103,20
2511,1.2964972077693626,0.8239672497208783,103,20
2512,1.27784042257819,0.799776702642352,103,20
2513,1723321965402.4075,0.9966505396352809,103,20
2514,1.1218447055482537,0.39709713435057686,103,20
2515,1.2771462637067887,0.7982880535913658,103,20
2516,1.3874673617154019,0.9077037588388538,103,20
2517,1.1305016879425824,0.4220320059545962,103,20
2518,1.0261980662867851,0.08634164495720134,103,20
2519,1.4227200151111534,0.9270561965016747,103,20
2520,1.3540435868537581,0.883141049497581,103,20
2521,1.107835313656563,0.35318198734648304,103,20
2522,1.095169524163868,0.31112765165612205,103,20
2523,1.2601941344467043,0.7718645329363603,103,20
2524,1.1895067211355022,0.6096017863788612,103,20
2525,1.1425486179287048,0.4652028284331969,103,20
2526,1.4305848024369994,0.9296613323409006,103,20
2527,1.2380196529935072,0.7320431708224786,103,20
2528,1.3686486045781296,0.8943059173799777,103,20
2529,1.1649870054652083,0.5433569036099739,103,20
2530,1.1040307814901142,0.3371790100483811,103,20
2531,1.1615510784142054,0.5347971715668032,103,20
2532,1.25344995141876,0.7606996650539636,103,20
2533,1.0217318515103464,0.07108299218459248,103,20
2534,1.2059680800237593,0.6576107182731671,103,20
2535,1.2824897808758162,0.8068477856345366,103,20
2536,1.2993283633613713,0.8262002232973576,103,20
2537,1.1178789817893346,0.3829549683662077,103,20
2538,1.0818786836874037,0.26237439523632305,103,20
2539,1.0880726795860487,0.2854484555266096,103,20
2540,1.352817345848448,0.8823967249720879,103,20
2541,1.0348077929370234,0.10941570524748791,103,20
2542,1.0312685946539044,0.09936732415333085,103,20
2543,1.0552454717738753,0.16672869371045776,103,20
2544,1.0525297727911194,0.15965761071827317,103,20
2545,1.1460929641201931,0.47785634536657984,103,20
2546,1.2499751925387164,0.7499069594343134,103,20
2547,1.14792160261312,0.4849274283587644,103,20
2548,1.1012556227800907,0.3286192780052103,103,20
2549,1.4424529912725568,0.9371045775958318,103,20
2550,0.9846364097249929,0.009676218831410495,103,20
2551,1.3339371481436477,0.8663937476739858,103,20
2552,1.2202211243482644,0.6981764049125418,103,20
2553,1.0780554543819154,0.24748790472646073,103,20
2554,1.398642504943398,0.9136583550427987,103,20
2555,1.084385485528189,0.2705619650167473,103,20
2556,1.3067226998391834,0.8332713062895423,103,20
2557,1.1275858505715315,0.41272794938593227,103,20
2558,1.050618838063772,0.15593598809080758,103,20
2559,1.0319249918583502,0.10234462225530332,103,20
2560,1.442821520972545,0.9378489021213249,103,20
2561,1.5912821298140265,0.9780424264979531,103,20
2562,1.4949518910772988,0.960550800148865,103,20
2563,1.2068790886122005,0.6613323409006326,103,20
2564,2.3690801023471715,0.9914402679568292,103,20
2565,1.1366512173998324,0.44436174171938964,103,20
2566,1.0751601917064697,0.23706736136955714,103,20
2567,1.0571636059767422,0.17454410122813546,103,20
2568,1.375740786778589,0.899144026795683,103,20
2569,1.121013569736644,0.39263118719761814,103,20
2570,1.139810349697636,0.4544101228135467,103,20
2571,1.3430434683165893,0.8742091551916635,103,20
2572,1.110298053021348,0.3606252326014142,103,20
2573,1.00369784350733,0.03535541496092296,103,20
2574,1.2066920743519534,0.6605880163751395,103,20
2575,1.0769117111398576,0.24302195757350203,103,20
2576,1.1311124447139072,0.4246371417938221,103,20
2577,1.1057759938192573,0.3449944175660588,103,20
2578,1.4775901481906566,0.9549683662076666,103,20
2579,1.0271421213801673,0.08894678079642725,103,20
2580,1.1772801934535728,0.5753628582061779,103,20
2581,1.3126156627285102,0.8422032005954596,103,20
2582,1.0317934756436775,0.10122813546706363,103,20
2583,1.0077462803369446,0.04540379605508001,103,20
2584,1.0093712205708187,0.04912541868254559,103,20
2585,1.0574874823198377,0.17677707480461483,103,20
2586,1.232664851401707,0.721622627465575,103,20
2587,1.0653048939269207,0.2050614067733532,103,20
2588,1.4797195892993251,0.9557126907331597,103,20
2589,1.085194997899992,0.27391142538146634,103,20
2590,1.0357762610516044,0.11350949013770004,103,20
2591,1.1549298137590216,0.5128395980647562,103,20
2592,1.1698119192871308,0.5574990695943431,103,20
2593,1.1019662033429987,0.33234090063267585,103,20
2594,1.0117180847850213,0.051358392259024936,103,20
2595,1.1104034509892664,0.3613695571269073,103,20
2596,1.3361751295510946,0.8682545589877186,103,20
2597,1.2125378498145898,0.6788239672497208,103,20
2598,1.2568768819247345,0.7655377744696688,103,20
2599,1.0660089929599734,0.20729438034983252,103,20
2600,1.3846732780285633,0.9043542984741347,103,20
2601,1.021275577454141,0.06996650539635281,103,20
2602,1.205200960598482,0.6546334201711946,103,20
2603,1.0945559219911627,0.30926684034238927,103,20
2604,1.138902779435887,0.4518049869743208,103,20
2605,1.129857358063088,0.4194268701153703,103,20
2606,1.1444608932877887,0.47227391142538144,103,20
2607,1.2104063680283477,0.6747301823595088,103,20
2608,1.1046257006955353,0.34127279493859325,103,20
2609,1.0694457610980188,0.21659843691849645,103,20
2610,1.3908325759504365,0.9099367324153331,103,20
2611,1.2131310418113246,0.6806847785634537,103,20
2612,1.2315133455032776,0.7205061406773353,103,20
2613,1.0761621087550803,0.2400446594715296,103,20
2614,1.0517059863538647,0.15816896166728694,103,20
2615,1.1945309361654406,0.6229996278377372,103,20
2616,1.202640898843796,0.64756233717901,103,20
2617,1.1286844957145103,0.4157052474879047,103,20
2618,1.1448508877783903,0.47339039821362117,103,20
2619,1.2737269375168343,0.7934499441756606,103,20
2620,1.1607232784532027,0.5314477112020841,103,20
2621,1.1259365309537643,0.40863416449572015,103,20
2622,1.0375147410727876,0.11685895050241905,103,20
2623,1.1592458645739048,0.527353926311872,103,20
2624,1.2389327174658473,0.7335318198734648,103,20
2625,1.2089021243424731,0.6680312616300708,103,20
2626,1.153159372301915,0.5068850018608113,103,20
2627,1.1671006454144046,0.5485671752884258,103,20
2628,1.1419303938832708,0.46296985485671754,103,20
2629,1.3196004902918,0.8500186081131373,103,20
2630,1.096519622892044,0.31410494975809455,103,20
2631,1.3053163008893027,0.8321548195013025,103,20
2632,1.280822262769346,0.8046148120580573,103,20
2633,1.0813590593450724,0.2597692593970971,103,20
2634,1.1369471096328945,0.4462225530331224,103,20
2635,1.1662409136939964,0.5474506885001861,103,20
2636,1.1224584072590313,0.39970227018980276,103,20
2637,1.519959710706942,0.9657610718273167,103,20
2638,1.0866652033894364,0.2794938593226647,103,20
2639,1.0637580755161893,0.19724599925567549,103,20
2640,1.4340385517384386,0.93189430591738,103,20
2641,1.2098641660747418,0.6717528842575363,103,20
2642,1.4544887630306527,0.9430591737997767,103,20
2643,1.0415066778151132,0.12914030517305544,103,20
2644,1.0870092901285997,0.28135467063639746,103,20
2645,1.3196441131632946,0.8503907703758838,103,20
2646,1.0932988617812245,0.3040565686639375,103,20
2647,1.3098744020329192,0.8377372534425009,103,20
2648,1.0042343114901038,0.03758838853740231,103,20
2649,0.9972581303251816,0.02530703386676591,103,20
2650,1.145648774358383,0.4756233717901005,103,20
2651,1.2757529228040498,0.7960550800148865,103,20
2652,1.1519346523853218,0.5016747301823595,103,20
2653,1.307165751540134,0.8340156308150354,103,20
2654,1.123951839385215,0.40305173055452176,103,20
2655,1.1626336693272736,0.5370301451432825,103,20
2656,1.0924809055600726,0.30256791961295126,103,20
2657,1.1466901420088809,0.4808336434685523,103,20
2658,1.0834979139426177,0.26832899144026795,103,20
2659,1.1201721547684955,0.3896538890956457,103,20
2660,1.0035270111162873,0.034983252698176405,103,20
2661,1.4051521265555085,0.9155191663565314,103,20
2662,0.9899536579358872,0.016002977298101972,103,20
2663,1.0794972565386696,0.2512095273539263,103,20
2664,1.2168016615269015,0.6877558615556383,103,20
2665,1.0637870442565107,0.19836248604391515,103,20
2666,1.146848095728001,0.4815779679940454,103,20
2667,1.2998696994439762,0.8269445478228508,103,20
2668,1.0658341295192058,0.20617789356159286,103,20
2669,1.1913486792161962,0.614812058057313,103,20
2670,1.150409203636766,0.4946036471901749,103,20
2671,1.4293527418816128,0.929289170078154,103,20
2672,1.31118727413195,0.8403423892817269,103,20
2673,1.2971285963974337,0.8243394119836248,103,20
2674,1.1065870474159225,0.35057685150725715,103,20
2675,1.1337985008335258,0.43505768515072574,103,20
2676,1.081433554881755,0.2601414216598437,103,20
2677,1.2726174076704153,0.7915891328619278,103,20
2678,1.0134265385288708,0.05359136583550428,103,20
2679,1.027423922779922,0.08969110532192036,103,20
2680,1.075276722628207,0.2374395236323037,103,20
2681,1.515791575294152,0.9642724227763305,103,20
2682,1.178500528161776,0.57945664309639,103,20
2683,1.1530455802653792,0.5061406773353182,103,20
2684,1.415865090392113,0.9237067361369558,103,20
2685,1.1335587277831667,0.43394119836248607,103,20
2686,1.2806833055115565,0.8042426497953108,103,20
2687,1.1520073330066285,0.5024190547078526,103,20
2688,1.432871501388801,0.9311499813918869,103,20
