rule_id,antecedent_items,consequent_items,antecedent_length,consequent_length,itemset_length,support_count,support_ratio,antecedent_support_count,antecedent_support_ratio,consequent_support_count,consequent_support_ratio,confidence,lift,leverage
RAW-FP-R00001,angles_quant_05=medium,angles_quant_10=medium,1,1,2,312,0.11607142857142858,371,0.13802083333333334,526,0.1956845238095238,0.8409703504043127,4.297582322978693,0.08906288752480158
RAW-FP-R00002,bbox_lat_span_deg=high,bbox_height_m=high,1,1,2,892,0.3318452380952381,892,0.3318452380952381,894,0.3325892857142857,1.0,3.0067114093959733,0.22147706738945577
RAW-FP-R00003,bbox_height_m=high,bbox_lat_span_deg=high,1,1,2,892,0.3318452380952381,894,0.3325892857142857,892,0.3318452380952381,0.9977628635346756,3.0067114093959733,0.22147706738945577
RAW-FP-R00004,acceleration_meanse=high,acceleration_sd=high,1,1,2,896,0.3333333333333333,896,0.3333333333333333,896,0.3333333333333333,1.0,3.0,0.2222222222222222
RAW-FP-R00005,acceleration_meanse=low,acceleration_sd=low,1,1,2,896,0.3333333333333333,896,0.3333333333333333,896,0.3333333333333333,1.0,3.0,0.2222222222222222
RAW-FP-R00006,acceleration_meanse=medium,acceleration_sd=medium,1,1,2,896,0.3333333333333333,896,0.3333333333333333,896,0.3333333333333333,1.0,3.0,0.2222222222222222
RAW-FP-R00007,acceleration_sd=high,acceleration_meanse=high,1,1,2,896,0.3333333333333333,896,0.3333333333333333,896,0.3333333333333333,1.0,3.0,0.2222222222222222
RAW-FP-R00008,acceleration_sd=low,acceleration_meanse=low,1,1,2,896,0.3333333333333333,896,0.3333333333333333,896,0.3333333333333333,1.0,3.0,0.2222222222222222
RAW-FP-R00009,acceleration_sd=medium,acceleration_meanse=medium,1,1,2,896,0.3333333333333333,896,0.3333333333333333,896,0.3333333333333333,1.0,3.0,0.2222222222222222
RAW-FP-R00010,angles_meanse=high,angles_sd=high,1,1,2,896,0.3333333333333333,896,0.3333333333333333,896,0.3333333333333333,1.0,3.0,0.2222222222222222
RAW-FP-R00011,angles_meanse=low,angles_sd=low,1,1,2,896,0.3333333333333333,896,0.3333333333333333,896,0.3333333333333333,1.0,3.0,0.2222222222222222
RAW-FP-R00012,angles_meanse=medium,angles_sd=medium,1,1,2,896,0.3333333333333333,896,0.3333333333333333,896,0.3333333333333333,1.0,3.0,0.2222222222222222
RAW-FP-R00013,angles_quant_max=low,angles_range=low,1,1,2,896,0.3333333333333333,896,0.3333333333333333,896,0.3333333333333333,1.0,3.0,0.2222222222222222
RAW-FP-R00014,angles_range=low,angles_quant_max=low,1,1,2,896,0.3333333333333333,896,0.3333333333333333,896,0.3333333333333333,1.0,3.0,0.2222222222222222
RAW-FP-R00015,angles_sd=high,angles_meanse=high,1,1,2,896,0.3333333333333333,896,0.3333333333333333,896,0.3333333333333333,1.0,3.0,0.2222222222222222
RAW-FP-R00016,angles_sd=low,angles_meanse=low,1,1,2,896,0.3333333333333333,896,0.3333333333333333,896,0.3333333333333333,1.0,3.0,0.2222222222222222
RAW-FP-R00017,angles_sd=medium,angles_meanse=medium,1,1,2,896,0.3333333333333333,896,0.3333333333333333,896,0.3333333333333333,1.0,3.0,0.2222222222222222
RAW-FP-R00018,bbox_height_m=low,bbox_lat_span_deg=low,1,1,2,896,0.3333333333333333,896,0.3333333333333333,896,0.3333333333333333,1.0,3.0,0.2222222222222222
RAW-FP-R00019,bbox_lat_span_deg=low,bbox_height_m=low,1,1,2,896,0.3333333333333333,896,0.3333333333333333,896,0.3333333333333333,1.0,3.0,0.2222222222222222
RAW-FP-R00020,speed_meanse=high,speed_sd=high,1,1,2,896,0.3333333333333333,896,0.3333333333333333,896,0.3333333333333333,1.0,3.0,0.2222222222222222
RAW-FP-R00021,speed_meanse=low,speed_sd=low,1,1,2,896,0.3333333333333333,896,0.3333333333333333,896,0.3333333333333333,1.0,3.0,0.2222222222222222
RAW-FP-R00022,speed_meanse=medium,speed_sd=medium,1,1,2,896,0.3333333333333333,896,0.3333333333333333,896,0.3333333333333333,1.0,3.0,0.2222222222222222
RAW-FP-R00023,speed_sd=high,speed_meanse=high,1,1,2,896,0.3333333333333333,896,0.3333333333333333,896,0.3333333333333333,1.0,3.0,0.2222222222222222
RAW-FP-R00024,speed_sd=low,speed_meanse=low,1,1,2,896,0.3333333333333333,896,0.3333333333333333,896,0.3333333333333333,1.0,3.0,0.2222222222222222
RAW-FP-R00025,speed_sd=medium,speed_meanse=medium,1,1,2,896,0.3333333333333333,896,0.3333333333333333,896,0.3333333333333333,1.0,3.0,0.2222222222222222
RAW-FP-R00026,angles_quant_max=high,angles_range=high,1,1,2,895,0.33296130952380953,896,0.3333333333333333,896,0.3333333333333333,0.9988839285714286,2.996651785714286,0.22185019841269843
RAW-FP-R00027,angles_quant_max=medium,angles_range=medium,1,1,2,895,0.33296130952380953,896,0.3333333333333333,896,0.3333333333333333,0.9988839285714286,2.996651785714286,0.22185019841269843
RAW-FP-R00028,angles_range=high,angles_quant_max=high,1,1,2,895,0.33296130952380953,896,0.3333333333333333,896,0.3333333333333333,0.9988839285714286,2.996651785714286,0.22185019841269843
RAW-FP-R00029,angles_range=medium,angles_quant_max=medium,1,1,2,895,0.33296130952380953,896,0.3333333333333333,896,0.3333333333333333,0.9988839285714286,2.996651785714286,0.22185019841269843
RAW-FP-R00030,bbox_height_m=medium,bbox_lat_span_deg=medium,1,1,2,898,0.33407738095238093,898,0.33407738095238093,900,0.33482142857142855,1.0,2.986666666666667,0.2222211150085034
RAW-FP-R00031,bbox_lat_span_deg=medium,bbox_height_m=medium,1,1,2,898,0.33407738095238093,900,0.33482142857142855,898,0.33407738095238093,0.9977777777777778,2.986666666666667,0.2222211150085034
RAW-FP-R00032,duration_total_seconds=low,sampling_gap_mean_seconds=low,1,1,2,910,0.3385416666666667,910,0.3385416666666667,910,0.3385416666666667,1.0,2.9538461538461536,0.2239312065972222
RAW-FP-R00033,sampling_gap_mean_seconds=low,duration_total_seconds=low,1,1,2,910,0.3385416666666667,910,0.3385416666666667,910,0.3385416666666667,1.0,2.9538461538461536,0.2239312065972222
RAW-FP-R00034,directness_ratio=low,distance_geometry_1_1=low,1,1,2,881,0.32775297619047616,896,0.3333333333333333,896,0.3333333333333333,0.9832589285714286,2.949776785714286,0.21664186507936506
RAW-FP-R00035,distance_geometry_1_1=low,directness_ratio=low,1,1,2,881,0.32775297619047616,896,0.3333333333333333,896,0.3333333333333333,0.9832589285714286,2.949776785714286,0.21664186507936506
RAW-FP-R00036,mean_distance_to_centroid_m=high,radius_of_gyration_m=high,1,1,2,874,0.32514880952380953,896,0.3333333333333333,896,0.3333333333333333,0.9754464285714286,2.926339285714286,0.21403769841269843
RAW-FP-R00037,radius_of_gyration_m=high,mean_distance_to_centroid_m=high,1,1,2,874,0.32514880952380953,896,0.3333333333333333,896,0.3333333333333333,0.9754464285714286,2.926339285714286,0.21403769841269843
RAW-FP-R00038,bbox_lon_span_deg=low,bbox_width_m=low,1,1,2,873,0.3247767857142857,896,0.3333333333333333,896,0.3333333333333333,0.9743303571428571,2.9229910714285716,0.2136656746031746
RAW-FP-R00039,bbox_width_m=low,bbox_lon_span_deg=low,1,1,2,873,0.3247767857142857,896,0.3333333333333333,896,0.3333333333333333,0.9743303571428571,2.9229910714285716,0.2136656746031746
RAW-FP-R00040,directness_ratio=high,distance_geometry_1_1=high,1,1,2,870,0.3236607142857143,896,0.3333333333333333,896,0.3333333333333333,0.9709821428571429,2.912946428571429,0.2125496031746032
RAW-FP-R00041,distance_geometry_1_1=high,directness_ratio=high,1,1,2,870,0.3236607142857143,896,0.3333333333333333,896,0.3333333333333333,0.9709821428571429,2.912946428571429,0.2125496031746032
RAW-FP-R00042,mean_distance_to_centroid_m=low,radius_of_gyration_m=low,1,1,2,868,0.3229166666666667,896,0.3333333333333333,896,0.3333333333333333,0.96875,2.90625,0.21180555555555558
RAW-FP-R00043,radius_of_gyration_m=low,mean_distance_to_centroid_m=low,1,1,2,868,0.3229166666666667,896,0.3333333333333333,896,0.3333333333333333,0.96875,2.90625,0.21180555555555558
RAW-FP-R00044,relative_transition_entropy_3x3=low,relative_grid_entropy_3x3=low,1,1,2,865,0.32180059523809523,896,0.3333333333333333,897,0.33370535714285715,0.9654017857142857,2.8929765886287626,0.2105654761904762
RAW-FP-R00045,relative_grid_entropy_3x3=low,relative_transition_entropy_3x3=low,1,1,2,865,0.32180059523809523,897,0.33370535714285715,896,0.3333333333333333,0.9643255295429208,2.8929765886287626,0.2105654761904762
RAW-FP-R00046,relative_grid_unique_cells_3x3=high,relative_transition_entropy_3x3=high,1,1,2,399,0.1484375,418,0.15550595238095238,895,0.33296130952380953,0.9545454545454546,2.8668359573387505,0.09666003445649093
RAW-FP-R00047,bbox_lon_span_deg=high,bbox_width_m=high,1,1,2,855,0.31808035714285715,895,0.33296130952380953,896,0.3333333333333333,0.9553072625698324,2.8659217877094973,0.20709325396825398
RAW-FP-R00048,bbox_width_m=high,bbox_lon_span_deg=high,1,1,2,855,0.31808035714285715,896,0.3333333333333333,895,0.33296130952380953,0.9542410714285714,2.865921787709497,0.20709325396825398
RAW-FP-R00049,relative_grid_unique_cells_3x3=high,relative_grid_entropy_3x3=high,1,1,2,399,0.1484375,418,0.15550595238095238,896,0.3333333333333333,0.9545454545454546,2.8636363636363638,0.09660218253968254
RAW-FP-R00050,directness_ratio=medium,distance_geometry_1_1=medium,1,1,2,855,0.31808035714285715,896,0.3333333333333333,896,0.3333333333333333,0.9542410714285714,2.8627232142857144,0.20696924603174605
RAW-FP-R00051,distance_geometry_1_1=medium,directness_ratio=medium,1,1,2,855,0.31808035714285715,896,0.3333333333333333,896,0.3333333333333333,0.9542410714285714,2.8627232142857144,0.20696924603174605
RAW-FP-R00052,bbox_diagonal_m=high,net_displacement_m=high,1,1,2,847,0.3151041666666667,896,0.3333333333333333,896,0.3333333333333333,0.9453125,2.8359375,0.20399305555555558
RAW-FP-R00053,net_displacement_m=high,bbox_diagonal_m=high,1,1,2,847,0.3151041666666667,896,0.3333333333333333,896,0.3333333333333333,0.9453125,2.8359375,0.20399305555555558
RAW-FP-R00054,mean_distance_to_centroid_m=medium,radius_of_gyration_m=medium,1,1,2,846,0.31473214285714285,896,0.3333333333333333,896,0.3333333333333333,0.9441964285714286,2.832589285714286,0.20362103174603174
RAW-FP-R00055,radius_of_gyration_m=medium,mean_distance_to_centroid_m=medium,1,1,2,846,0.31473214285714285,896,0.3333333333333333,896,0.3333333333333333,0.9441964285714286,2.832589285714286,0.20362103174603174
RAW-FP-R00056,angles_meanse=high,angles_quant_max=high,1,1,2,837,0.31138392857142855,896,0.3333333333333333,896,0.3333333333333333,0.9341517857142857,2.802455357142857,0.20027281746031744
RAW-FP-R00057,angles_quant_max=high,angles_sd=high,1,1,2,837,0.31138392857142855,896,0.3333333333333333,896,0.3333333333333333,0.9341517857142857,2.802455357142857,0.20027281746031744
RAW-FP-R00058,angles_quant_max=high,angles_meanse=high,1,1,2,837,0.31138392857142855,896,0.3333333333333333,896,0.3333333333333333,0.9341517857142857,2.802455357142857,0.20027281746031744
RAW-FP-R00059,angles_sd=high,angles_quant_max=high,1,1,2,837,0.31138392857142855,896,0.3333333333333333,896,0.3333333333333333,0.9341517857142857,2.802455357142857,0.20027281746031744
RAW-FP-R00060,bbox_diagonal_m=high,radius_of_gyration_m=high,1,1,2,837,0.31138392857142855,896,0.3333333333333333,896,0.3333333333333333,0.9341517857142857,2.802455357142857,0.20027281746031744
RAW-FP-R00061,mean_distance_to_centroid_m=high,median_distance_to_centroid_m=high,1,1,2,837,0.31138392857142855,896,0.3333333333333333,896,0.3333333333333333,0.9341517857142857,2.802455357142857,0.20027281746031744
RAW-FP-R00062,median_distance_to_centroid_m=high,mean_distance_to_centroid_m=high,1,1,2,837,0.31138392857142855,896,0.3333333333333333,896,0.3333333333333333,0.9341517857142857,2.802455357142857,0.20027281746031744
RAW-FP-R00063,radius_of_gyration_m=high,bbox_diagonal_m=high,1,1,2,837,0.31138392857142855,896,0.3333333333333333,896,0.3333333333333333,0.9341517857142857,2.802455357142857,0.20027281746031744
RAW-FP-R00064,angles_kurt=high,angles_skew=high,1,1,2,836,0.31101190476190477,896,0.3333333333333333,896,0.3333333333333333,0.9330357142857143,2.7991071428571432,0.19990079365079366
RAW-FP-R00065,angles_meanse=high,angles_range=high,1,1,2,836,0.31101190476190477,896,0.3333333333333333,896,0.3333333333333333,0.9330357142857143,2.7991071428571432,0.19990079365079366
RAW-FP-R00066,angles_range=high,angles_sd=high,1,1,2,836,0.31101190476190477,896,0.3333333333333333,896,0.3333333333333333,0.9330357142857143,2.7991071428571432,0.19990079365079366
RAW-FP-R00067,angles_range=high,angles_meanse=high,1,1,2,836,0.31101190476190477,896,0.3333333333333333,896,0.3333333333333333,0.9330357142857143,2.7991071428571432,0.19990079365079366
RAW-FP-R00068,angles_sd=high,angles_range=high,1,1,2,836,0.31101190476190477,896,0.3333333333333333,896,0.3333333333333333,0.9330357142857143,2.7991071428571432,0.19990079365079366
RAW-FP-R00069,angles_skew=high,angles_kurt=high,1,1,2,836,0.31101190476190477,896,0.3333333333333333,896,0.3333333333333333,0.9330357142857143,2.7991071428571432,0.19990079365079366
RAW-FP-R00070,bbox_diagonal_m=low,radius_of_gyration_m=low,1,1,2,835,0.31063988095238093,896,0.3333333333333333,896,0.3333333333333333,0.9319196428571429,2.795758928571429,0.19952876984126983
RAW-FP-R00071,radius_of_gyration_m=low,bbox_diagonal_m=low,1,1,2,835,0.31063988095238093,896,0.3333333333333333,896,0.3333333333333333,0.9319196428571429,2.795758928571429,0.19952876984126983
RAW-FP-R00072,bbox_diagonal_m=low,net_displacement_m=low,1,1,2,833,0.3098958333333333,896,0.3333333333333333,896,0.3333333333333333,0.9296875,2.7890625,0.1987847222222222
RAW-FP-R00073,net_displacement_m=low,bbox_diagonal_m=low,1,1,2,833,0.3098958333333333,896,0.3333333333333333,896,0.3333333333333333,0.9296875,2.7890625,0.1987847222222222
RAW-FP-R00074,bbox_width_m=medium,bbox_lon_span_deg=medium,1,1,2,833,0.3098958333333333,896,0.3333333333333333,897,0.33370535714285715,0.9296875,2.7859531772575252,0.19866071428571427
RAW-FP-R00075,bbox_lon_span_deg=medium,bbox_width_m=medium,1,1,2,833,0.3098958333333333,897,0.33370535714285715,896,0.3333333333333333,0.9286510590858417,2.7859531772575252,0.19866071428571427
RAW-FP-R00076,median_distance_to_centroid_m=high,radius_of_gyration_m=high,1,1,2,830,0.3087797619047619,896,0.3333333333333333,896,0.3333333333333333,0.9263392857142857,2.779017857142857,0.1976686507936508
RAW-FP-R00077,radius_of_gyration_m=high,median_distance_to_centroid_m=high,1,1,2,830,0.3087797619047619,896,0.3333333333333333,896,0.3333333333333333,0.9263392857142857,2.779017857142857,0.1976686507936508
RAW-FP-R00078,speed_quant_05=high,speed_quant_10=high,1,1,2,830,0.3087797619047619,896,0.3333333333333333,896,0.3333333333333333,0.9263392857142857,2.779017857142857,0.1976686507936508
RAW-FP-R00079,speed_quant_10=high,speed_quant_05=high,1,1,2,830,0.3087797619047619,896,0.3333333333333333,896,0.3333333333333333,0.9263392857142857,2.779017857142857,0.1976686507936508
RAW-FP-R00080,mean_distance_to_centroid_m=low,median_distance_to_centroid_m=low,1,1,2,829,0.3084077380952381,896,0.3333333333333333,896,0.3333333333333333,0.9252232142857143,2.7756696428571432,0.19729662698412698
RAW-FP-R00081,median_distance_to_centroid_m=low,mean_distance_to_centroid_m=low,1,1,2,829,0.3084077380952381,896,0.3333333333333333,896,0.3333333333333333,0.9252232142857143,2.7756696428571432,0.19729662698412698
RAW-FP-R00082,relative_transition_entropy_3x3=high,relative_grid_entropy_3x3=high,1,1,2,828,0.3080357142857143,895,0.33296130952380953,896,0.3333333333333333,0.9251396648044693,2.7754189944134082,0.19704861111111113
RAW-FP-R00083,relative_grid_entropy_3x3=high,relative_transition_entropy_3x3=high,1,1,2,828,0.3080357142857143,896,0.3333333333333333,895,0.33296130952380953,0.9241071428571429,2.775418994413408,0.19704861111111113
RAW-FP-R00084,bbox_diagonal_m=low,max_distance_to_centroid_m=low,1,1,2,828,0.3080357142857143,896,0.3333333333333333,896,0.3333333333333333,0.9241071428571429,2.772321428571429,0.1969246031746032
RAW-FP-R00085,max_distance_to_centroid_m=low,bbox_diagonal_m=low,1,1,2,828,0.3080357142857143,896,0.3333333333333333,896,0.3333333333333333,0.9241071428571429,2.772321428571429,0.1969246031746032
RAW-FP-R00086,speed_quant_90=high,speed_quant_95=high,1,1,2,827,0.30766369047619047,896,0.3333333333333333,896,0.3333333333333333,0.9229910714285714,2.7689732142857144,0.19655257936507936
RAW-FP-R00087,speed_quant_95=high,speed_quant_90=high,1,1,2,827,0.30766369047619047,896,0.3333333333333333,896,0.3333333333333333,0.9229910714285714,2.7689732142857144,0.19655257936507936
RAW-FP-R00088,relative_grid_unique_cells_3x3=medium,relative_grid_revisit_ratio_3x3=low,1,1,2,555,0.20647321428571427,555,0.20647321428571427,973,0.3619791666666667,1.0,2.7625899280575537,0.13173421223958331
RAW-FP-R00089,relative_grid_unique_cells_3x3=high,relative_grid_revisit_ratio_3x3=low,1,1,2,418,0.15550595238095238,418,0.15550595238095238,973,0.3619791666666667,1.0,2.7625899280575537,0.0992160373263889
RAW-FP-R00090,angles_meanse=low,angles_range=low,1,1,2,824,0.30654761904761907,896,0.3333333333333333,896,0.3333333333333333,0.9196428571428571,2.7589285714285716,0.19543650793650796
RAW-FP-R00091,angles_meanse=low,angles_quant_max=low,1,1,2,824,0.30654761904761907,896,0.3333333333333333,896,0.3333333333333333,0.9196428571428571,2.7589285714285716,0.19543650793650796
RAW-FP-R00092,angles_quant_max=low,angles_sd=low,1,1,2,824,0.30654761904761907,896,0.3333333333333333,896,0.3333333333333333,0.9196428571428571,2.7589285714285716,0.19543650793650796
RAW-FP-R00093,angles_quant_max=low,angles_meanse=low,1,1,2,824,0.30654761904761907,896,0.3333333333333333,896,0.3333333333333333,0.9196428571428571,2.7589285714285716,0.19543650793650796
RAW-FP-R00094,angles_range=low,angles_meanse=low,1,1,2,824,0.30654761904761907,896,0.3333333333333333,896,0.3333333333333333,0.9196428571428571,2.7589285714285716,0.19543650793650796
RAW-FP-R00095,angles_range=low,angles_sd=low,1,1,2,824,0.30654761904761907,896,0.3333333333333333,896,0.3333333333333333,0.9196428571428571,2.7589285714285716,0.19543650793650796
RAW-FP-R00096,angles_sd=low,angles_quant_max=low,1,1,2,824,0.30654761904761907,896,0.3333333333333333,896,0.3333333333333333,0.9196428571428571,2.7589285714285716,0.19543650793650796
RAW-FP-R00097,angles_sd=low,angles_range=low,1,1,2,824,0.30654761904761907,896,0.3333333333333333,896,0.3333333333333333,0.9196428571428571,2.7589285714285716,0.19543650793650796
RAW-FP-R00098,speed_quant_90=low,speed_quant_95=low,1,1,2,821,0.3054315476190476,896,0.3333333333333333,896,0.3333333333333333,0.9162946428571429,2.748883928571429,0.1943204365079365
RAW-FP-R00099,speed_quant_95=low,speed_quant_90=low,1,1,2,821,0.3054315476190476,896,0.3333333333333333,896,0.3333333333333333,0.9162946428571429,2.748883928571429,0.1943204365079365
RAW-FP-R00100,bbox_diagonal_m=high,mean_distance_to_centroid_m=high,1,1,2,820,0.30505952380952384,896,0.3333333333333333,896,0.3333333333333333,0.9151785714285714,2.7455357142857144,0.19394841269841273
RAW-FP-R00101,mean_distance_to_centroid_m=high,bbox_diagonal_m=high,1,1,2,820,0.30505952380952384,896,0.3333333333333333,896,0.3333333333333333,0.9151785714285714,2.7455357142857144,0.19394841269841273
RAW-FP-R00102,angles_kurt=low,angles_skew=low,1,1,2,816,0.30357142857142855,896,0.3333333333333333,896,0.3333333333333333,0.9107142857142857,2.732142857142857,0.19246031746031744
RAW-FP-R00103,angles_meanse=low,angles_quant_95=low,1,1,2,816,0.30357142857142855,896,0.3333333333333333,896,0.3333333333333333,0.9107142857142857,2.732142857142857,0.19246031746031744
RAW-FP-R00104,angles_quant_95=low,angles_sd=low,1,1,2,816,0.30357142857142855,896,0.3333333333333333,896,0.3333333333333333,0.9107142857142857,2.732142857142857,0.19246031746031744
RAW-FP-R00105,angles_quant_95=low,angles_meanse=low,1,1,2,816,0.30357142857142855,896,0.3333333333333333,896,0.3333333333333333,0.9107142857142857,2.732142857142857,0.19246031746031744
RAW-FP-R00106,angles_sd=low,angles_quant_95=low,1,1,2,816,0.30357142857142855,896,0.3333333333333333,896,0.3333333333333333,0.9107142857142857,2.732142857142857,0.19246031746031744
RAW-FP-R00107,angles_skew=low,angles_kurt=low,1,1,2,816,0.30357142857142855,896,0.3333333333333333,896,0.3333333333333333,0.9107142857142857,2.732142857142857,0.19246031746031744
RAW-FP-R00108,net_displacement_m=high,radius_of_gyration_m=high,1,1,2,816,0.30357142857142855,896,0.3333333333333333,896,0.3333333333333333,0.9107142857142857,2.732142857142857,0.19246031746031744
RAW-FP-R00109,radius_of_gyration_m=high,net_displacement_m=high,1,1,2,816,0.30357142857142855,896,0.3333333333333333,896,0.3333333333333333,0.9107142857142857,2.732142857142857,0.19246031746031744
RAW-FP-R00110,speed_quant_05=low,speed_quant_10=low,1,1,2,816,0.30357142857142855,896,0.3333333333333333,896,0.3333333333333333,0.9107142857142857,2.732142857142857,0.19246031746031744
RAW-FP-R00111,speed_quant_10=low,speed_quant_05=low,1,1,2,816,0.30357142857142855,896,0.3333333333333333,896,0.3333333333333333,0.9107142857142857,2.732142857142857,0.19246031746031744
RAW-FP-R00112,bbox_diagonal_m=low,mean_distance_to_centroid_m=low,1,1,2,814,0.30282738095238093,896,0.3333333333333333,896,0.3333333333333333,0.9084821428571429,2.725446428571429,0.19171626984126983
RAW-FP-R00113,mean_distance_to_centroid_m=low,bbox_diagonal_m=low,1,1,2,814,0.30282738095238093,896,0.3333333333333333,896,0.3333333333333333,0.9084821428571429,2.725446428571429,0.19171626984126983
RAW-FP-R00114,acceleration_iqr=low,acceleration_mad=low,1,1,2,811,0.30171130952380953,896,0.3333333333333333,896,0.3333333333333333,0.9051339285714286,2.715401785714286,0.19060019841269843
RAW-FP-R00115,acceleration_mad=low,acceleration_iqr=low,1,1,2,811,0.30171130952380953,896,0.3333333333333333,896,0.3333333333333333,0.9051339285714286,2.715401785714286,0.19060019841269843
RAW-FP-R00116,bbox_diagonal_m=high,max_distance_to_centroid_m=high,1,1,2,811,0.30171130952380953,896,0.3333333333333333,896,0.3333333333333333,0.9051339285714286,2.715401785714286,0.19060019841269843
RAW-FP-R00117,max_distance_to_centroid_m=high,bbox_diagonal_m=high,1,1,2,811,0.30171130952380953,896,0.3333333333333333,896,0.3333333333333333,0.9051339285714286,2.715401785714286,0.19060019841269843
RAW-FP-R00118,angles_quant_90=low,angles_quant_95=low,1,1,2,809,0.3009672619047619,896,0.3333333333333333,896,0.3333333333333333,0.9029017857142857,2.708705357142857,0.1898561507936508
RAW-FP-R00119,angles_quant_95=low,angles_quant_90=low,1,1,2,809,0.3009672619047619,896,0.3333333333333333,896,0.3333333333333333,0.9029017857142857,2.708705357142857,0.1898561507936508
RAW-FP-R00120,speed_mean=low,speed_quant_75=low,1,1,2,808,0.3005952380952381,896,0.3333333333333333,896,0.3333333333333333,0.9017857142857143,2.7053571428571432,0.18948412698412698
RAW-FP-R00121,speed_mean_half_diff=high,speed_progress_slope=high,1,1,2,808,0.3005952380952381,896,0.3333333333333333,896,0.3333333333333333,0.9017857142857143,2.7053571428571432,0.18948412698412698
RAW-FP-R00122,speed_mean_half_diff=low,speed_progress_slope=low,1,1,2,808,0.3005952380952381,896,0.3333333333333333,896,0.3333333333333333,0.9017857142857143,2.7053571428571432,0.18948412698412698
RAW-FP-R00123,speed_progress_slope=high,speed_mean_half_diff=high,1,1,2,808,0.3005952380952381,896,0.3333333333333333,896,0.3333333333333333,0.9017857142857143,2.7053571428571432,0.18948412698412698
RAW-FP-R00124,speed_progress_slope=low,speed_mean_half_diff=low,1,1,2,808,0.3005952380952381,896,0.3333333333333333,896,0.3333333333333333,0.9017857142857143,2.7053571428571432,0.18948412698412698
RAW-FP-R00125,speed_quant_75=low,speed_mean=low,1,1,2,808,0.3005952380952381,896,0.3333333333333333,896,0.3333333333333333,0.9017857142857143,2.7053571428571432,0.18948412698412698
RAW-FP-R00126,median_distance_to_centroid_m=low,radius_of_gyration_m=low,1,1,2,807,0.3002232142857143,896,0.3333333333333333,896,0.3333333333333333,0.9006696428571429,2.702008928571429,0.1891121031746032
RAW-FP-R00127,radius_of_gyration_m=low,median_distance_to_centroid_m=low,1,1,2,807,0.3002232142857143,896,0.3333333333333333,896,0.3333333333333333,0.9006696428571429,2.702008928571429,0.1891121031746032
RAW-FP-R00128,angles_quant_05=high,angles_quant_10=high,1,1,2,805,0.2994791666666667,896,0.3333333333333333,896,0.3333333333333333,0.8984375,2.6953125,0.18836805555555558
RAW-FP-R00129,angles_quant_10=high,angles_quant_05=high,1,1,2,805,0.2994791666666667,896,0.3333333333333333,896,0.3333333333333333,0.8984375,2.6953125,0.18836805555555558
RAW-FP-R00130,acceleration_iqr=high,acceleration_mad=high,1,1,2,804,0.29910714285714285,896,0.3333333333333333,896,0.3333333333333333,0.8973214285714286,2.691964285714286,0.18799603174603174
RAW-FP-R00131,acceleration_mad=high,acceleration_iqr=high,1,1,2,804,0.29910714285714285,896,0.3333333333333333,896,0.3333333333333333,0.8973214285714286,2.691964285714286,0.18799603174603174
RAW-FP-R00132,distance_geometry_4_4=low,distance_geometry_5_5=low,1,1,2,804,0.29910714285714285,896,0.3333333333333333,896,0.3333333333333333,0.8973214285714286,2.691964285714286,0.18799603174603174
RAW-FP-R00133,distance_geometry_5_5=low,distance_geometry_4_4=low,1,1,2,804,0.29910714285714285,896,0.3333333333333333,896,0.3333333333333333,0.8973214285714286,2.691964285714286,0.18799603174603174
RAW-FP-R00134,angles_mean=low,angles_quant_90=low,1,1,2,803,0.29873511904761907,896,0.3333333333333333,896,0.3333333333333333,0.8962053571428571,2.6886160714285716,0.18762400793650796
RAW-FP-R00135,angles_quant_90=low,angles_mean=low,1,1,2,803,0.29873511904761907,896,0.3333333333333333,896,0.3333333333333333,0.8962053571428571,2.6886160714285716,0.18762400793650796
RAW-FP-R00136,speed_iqr=high,speed_mad=high,1,1,2,803,0.29873511904761907,896,0.3333333333333333,896,0.3333333333333333,0.8962053571428571,2.6886160714285716,0.18762400793650796
RAW-FP-R00137,speed_mad=high,speed_iqr=high,1,1,2,803,0.29873511904761907,896,0.3333333333333333,896,0.3333333333333333,0.8962053571428571,2.6886160714285716,0.18762400793650796
RAW-FP-R00138,speed_mean=high,speed_quant_median=high,1,1,2,803,0.29873511904761907,896,0.3333333333333333,896,0.3333333333333333,0.8962053571428571,2.6886160714285716,0.18762400793650796
RAW-FP-R00139,speed_quant_median=high,speed_mean=high,1,1,2,803,0.29873511904761907,896,0.3333333333333333,896,0.3333333333333333,0.8962053571428571,2.6886160714285716,0.18762400793650796
RAW-FP-R00140,acceleration_kurt=high,acceleration_skew=high,1,1,2,802,0.29836309523809523,896,0.3333333333333333,896,0.3333333333333333,0.8950892857142857,2.685267857142857,0.18725198412698413
RAW-FP-R00141,acceleration_skew=high,acceleration_kurt=high,1,1,2,802,0.29836309523809523,896,0.3333333333333333,896,0.3333333333333333,0.8950892857142857,2.685267857142857,0.18725198412698413
RAW-FP-R00142,net_displacement_m=low,radius_of_gyration_m=low,1,1,2,802,0.29836309523809523,896,0.3333333333333333,896,0.3333333333333333,0.8950892857142857,2.685267857142857,0.18725198412698413
RAW-FP-R00143,radius_of_gyration_m=low,net_displacement_m=low,1,1,2,802,0.29836309523809523,896,0.3333333333333333,896,0.3333333333333333,0.8950892857142857,2.685267857142857,0.18725198412698413
RAW-FP-R00144,max_distance_to_centroid_m=low,net_displacement_m=low,1,1,2,800,0.2976190476190476,896,0.3333333333333333,896,0.3333333333333333,0.8928571428571429,2.678571428571429,0.1865079365079365
RAW-FP-R00145,net_displacement_m=low,max_distance_to_centroid_m=low,1,1,2,800,0.2976190476190476,896,0.3333333333333333,896,0.3333333333333333,0.8928571428571429,2.678571428571429,0.1865079365079365
RAW-FP-R00146,relative_grid_entropy_3x3=medium,relative_transition_entropy_3x3=medium,1,1,2,798,0.296875,895,0.33296130952380953,897,0.33370535714285715,0.8916201117318435,2.671878328132882,0.18576402729060373
RAW-FP-R00147,relative_transition_entropy_3x3=medium,relative_grid_entropy_3x3=medium,1,1,2,798,0.296875,897,0.33370535714285715,895,0.33296130952380953,0.8896321070234113,2.671878328132882,0.18576402729060373
RAW-FP-R00148,max_distance_to_centroid_m=low,radius_of_gyration_m=low,1,1,2,797,0.29650297619047616,896,0.3333333333333333,896,0.3333333333333333,0.8895089285714286,2.668526785714286,0.18539186507936506
RAW-FP-R00149,mean_distance_to_centroid_m=high,net_displacement_m=high,1,1,2,797,0.29650297619047616,896,0.3333333333333333,896,0.3333333333333333,0.8895089285714286,2.668526785714286,0.18539186507936506
RAW-FP-R00150,net_displacement_m=high,mean_distance_to_centroid_m=high,1,1,2,797,0.29650297619047616,896,0.3333333333333333,896,0.3333333333333333,0.8895089285714286,2.668526785714286,0.18539186507936506
RAW-FP-R00151,radius_of_gyration_m=low,max_distance_to_centroid_m=low,1,1,2,797,0.29650297619047616,896,0.3333333333333333,896,0.3333333333333333,0.8895089285714286,2.668526785714286,0.18539186507936506
RAW-FP-R00152,speed_quant_95=high,speed_quant_max=high,1,1,2,797,0.29650297619047616,896,0.3333333333333333,896,0.3333333333333333,0.8895089285714286,2.668526785714286,0.18539186507936506
RAW-FP-R00153,speed_quant_max=high,speed_quant_95=high,1,1,2,797,0.29650297619047616,896,0.3333333333333333,896,0.3333333333333333,0.8895089285714286,2.668526785714286,0.18539186507936506
RAW-FP-R00154,angles_mean=high,angles_quant_90=high,1,1,2,796,0.2961309523809524,896,0.3333333333333333,896,0.3333333333333333,0.8883928571428571,2.6651785714285716,0.18501984126984128
RAW-FP-R00155,angles_quant_90=high,angles_mean=high,1,1,2,796,0.2961309523809524,896,0.3333333333333333,896,0.3333333333333333,0.8883928571428571,2.6651785714285716,0.18501984126984128
RAW-FP-R00156,angles_iqr=high,angles_quant_75=high,1,1,2,795,0.29575892857142855,896,0.3333333333333333,896,0.3333333333333333,0.8872767857142857,2.661830357142857,0.18464781746031744
RAW-FP-R00157,angles_quant_75=high,angles_iqr=high,1,1,2,795,0.29575892857142855,896,0.3333333333333333,896,0.3333333333333333,0.8872767857142857,2.661830357142857,0.18464781746031744
RAW-FP-R00158,speed_quant_95=low,speed_quant_max=low,1,1,2,795,0.29575892857142855,896,0.3333333333333333,896,0.3333333333333333,0.8872767857142857,2.661830357142857,0.18464781746031744
RAW-FP-R00159,speed_quant_max=low,speed_quant_95=low,1,1,2,795,0.29575892857142855,896,0.3333333333333333,896,0.3333333333333333,0.8872767857142857,2.661830357142857,0.18464781746031744
RAW-FP-R00160,angles_mean=low,angles_quant_95=low,1,1,2,794,0.29538690476190477,896,0.3333333333333333,896,0.3333333333333333,0.8861607142857143,2.6584821428571432,0.18427579365079366
RAW-FP-R00161,angles_quant_95=low,angles_mean=low,1,1,2,794,0.29538690476190477,896,0.3333333333333333,896,0.3333333333333333,0.8861607142857143,2.6584821428571432,0.18427579365079366
RAW-FP-R00162,distance_geometry_4_4=high,distance_geometry_5_5=high,1,1,2,794,0.29538690476190477,896,0.3333333333333333,896,0.3333333333333333,0.8861607142857143,2.6584821428571432,0.18427579365079366
RAW-FP-R00163,distance_geometry_5_5=high,distance_geometry_4_4=high,1,1,2,794,0.29538690476190477,896,0.3333333333333333,896,0.3333333333333333,0.8861607142857143,2.6584821428571432,0.18427579365079366
RAW-FP-R00164,angles_mean=high,angles_quant_95=high,1,1,2,793,0.29501488095238093,896,0.3333333333333333,896,0.3333333333333333,0.8850446428571429,2.655133928571429,0.18390376984126983
RAW-FP-R00165,angles_quant_95=high,angles_mean=high,1,1,2,793,0.29501488095238093,896,0.3333333333333333,896,0.3333333333333333,0.8850446428571429,2.655133928571429,0.18390376984126983
RAW-FP-R00166,max_distance_to_centroid_m=high,radius_of_gyration_m=high,1,1,2,792,0.29464285714285715,896,0.3333333333333333,896,0.3333333333333333,0.8839285714285714,2.6517857142857144,0.18353174603174605
RAW-FP-R00167,radius_of_gyration_m=high,max_distance_to_centroid_m=high,1,1,2,792,0.29464285714285715,896,0.3333333333333333,896,0.3333333333333333,0.8839285714285714,2.6517857142857144,0.18353174603174605
RAW-FP-R00168,angles_quant_90=high,angles_quant_95=high,1,1,2,791,0.2942708333333333,896,0.3333333333333333,896,0.3333333333333333,0.8828125,2.6484375,0.1831597222222222
RAW-FP-R00169,angles_quant_95=high,angles_quant_90=high,1,1,2,791,0.2942708333333333,896,0.3333333333333333,896,0.3333333333333333,0.8828125,2.6484375,0.1831597222222222
RAW-FP-R00170,max_distance_to_centroid_m=high,path_length_m=high,1,1,2,790,0.29389880952380953,896,0.3333333333333333,896,0.3333333333333333,0.8816964285714286,2.645089285714286,0.18278769841269843
RAW-FP-R00171,path_length_m=high,max_distance_to_centroid_m=high,1,1,2,790,0.29389880952380953,896,0.3333333333333333,896,0.3333333333333333,0.8816964285714286,2.645089285714286,0.18278769841269843
RAW-FP-R00172,speed_mean=high,speed_quant_75=high,1,1,2,789,0.2935267857142857,896,0.3333333333333333,896,0.3333333333333333,0.8805803571428571,2.6417410714285716,0.1824156746031746
RAW-FP-R00173,speed_mean=low,speed_quant_median=low,1,1,2,789,0.2935267857142857,896,0.3333333333333333,896,0.3333333333333333,0.8805803571428571,2.6417410714285716,0.1824156746031746
RAW-FP-R00174,speed_quant_75=high,speed_mean=high,1,1,2,789,0.2935267857142857,896,0.3333333333333333,896,0.3333333333333333,0.8805803571428571,2.6417410714285716,0.1824156746031746
RAW-FP-R00175,speed_quant_median=low,speed_mean=low,1,1,2,789,0.2935267857142857,896,0.3333333333333333,896,0.3333333333333333,0.8805803571428571,2.6417410714285716,0.1824156746031746
RAW-FP-R00176,angles_mean=low,angles_sd=low,1,1,2,786,0.2924107142857143,896,0.3333333333333333,896,0.3333333333333333,0.8772321428571429,2.631696428571429,0.1812996031746032
RAW-FP-R00177,angles_mean=low,angles_meanse=low,1,1,2,786,0.2924107142857143,896,0.3333333333333333,896,0.3333333333333333,0.8772321428571429,2.631696428571429,0.1812996031746032
RAW-FP-R00178,angles_meanse=low,angles_mean=low,1,1,2,786,0.2924107142857143,896,0.3333333333333333,896,0.3333333333333333,0.8772321428571429,2.631696428571429,0.1812996031746032
RAW-FP-R00179,angles_sd=low,angles_mean=low,1,1,2,786,0.2924107142857143,896,0.3333333333333333,896,0.3333333333333333,0.8772321428571429,2.631696428571429,0.1812996031746032
RAW-FP-R00180,bbox_diagonal_m=high,path_length_m=high,1,1,2,786,0.2924107142857143,896,0.3333333333333333,896,0.3333333333333333,0.8772321428571429,2.631696428571429,0.1812996031746032
RAW-FP-R00181,path_length_m=high,bbox_diagonal_m=high,1,1,2,786,0.2924107142857143,896,0.3333333333333333,896,0.3333333333333333,0.8772321428571429,2.631696428571429,0.1812996031746032
RAW-FP-R00182,bbox_diagonal_m=medium,net_displacement_m=medium,1,1,2,785,0.29203869047619047,896,0.3333333333333333,896,0.3333333333333333,0.8761160714285714,2.6283482142857144,0.18092757936507936
RAW-FP-R00183,distance_geometry_4_1=high,distance_geometry_5_1=high,1,1,2,785,0.29203869047619047,896,0.3333333333333333,896,0.3333333333333333,0.8761160714285714,2.6283482142857144,0.18092757936507936
RAW-FP-R00184,distance_geometry_5_1=high,distance_geometry_4_1=high,1,1,2,785,0.29203869047619047,896,0.3333333333333333,896,0.3333333333333333,0.8761160714285714,2.6283482142857144,0.18092757936507936
RAW-FP-R00185,max_distance_to_centroid_m=high,net_displacement_m=high,1,1,2,785,0.29203869047619047,896,0.3333333333333333,896,0.3333333333333333,0.8761160714285714,2.6283482142857144,0.18092757936507936
RAW-FP-R00186,net_displacement_m=high,max_distance_to_centroid_m=high,1,1,2,785,0.29203869047619047,896,0.3333333333333333,896,0.3333333333333333,0.8761160714285714,2.6283482142857144,0.18092757936507936
RAW-FP-R00187,net_displacement_m=medium,bbox_diagonal_m=medium,1,1,2,785,0.29203869047619047,896,0.3333333333333333,896,0.3333333333333333,0.8761160714285714,2.6283482142857144,0.18092757936507936
RAW-FP-R00188,angles_mean=high,angles_sd=high,1,1,2,784,0.2916666666666667,896,0.3333333333333333,896,0.3333333333333333,0.875,2.625,0.18055555555555558
RAW-FP-R00189,angles_mean=high,angles_meanse=high,1,1,2,784,0.2916666666666667,896,0.3333333333333333,896,0.3333333333333333,0.875,2.625,0.18055555555555558
RAW-FP-R00190,angles_meanse=high,angles_mean=high,1,1,2,784,0.2916666666666667,896,0.3333333333333333,896,0.3333333333333333,0.875,2.625,0.18055555555555558
RAW-FP-R00191,angles_sd=high,angles_mean=high,1,1,2,784,0.2916666666666667,896,0.3333333333333333,896,0.3333333333333333,0.875,2.625,0.18055555555555558
RAW-FP-R00192,distance_geometry_4_1=low,distance_geometry_5_1=low,1,1,2,784,0.2916666666666667,896,0.3333333333333333,896,0.3333333333333333,0.875,2.625,0.18055555555555558
RAW-FP-R00193,distance_geometry_5_1=low,distance_geometry_4_1=low,1,1,2,784,0.2916666666666667,896,0.3333333333333333,896,0.3333333333333333,0.875,2.625,0.18055555555555558
RAW-FP-R00194,mean_distance_to_centroid_m=low,net_displacement_m=low,1,1,2,784,0.2916666666666667,896,0.3333333333333333,896,0.3333333333333333,0.875,2.625,0.18055555555555558
RAW-FP-R00195,net_displacement_m=low,mean_distance_to_centroid_m=low,1,1,2,784,0.2916666666666667,896,0.3333333333333333,896,0.3333333333333333,0.875,2.625,0.18055555555555558
RAW-FP-R00196,speed_iqr=low,speed_mad=low,1,1,2,784,0.2916666666666667,896,0.3333333333333333,896,0.3333333333333333,0.875,2.625,0.18055555555555558
RAW-FP-R00197,speed_mad=low,speed_iqr=low,1,1,2,784,0.2916666666666667,896,0.3333333333333333,896,0.3333333333333333,0.875,2.625,0.18055555555555558
RAW-FP-R00198,max_distance_to_centroid_m=high,mean_distance_to_centroid_m=high,1,1,2,783,0.29129464285714285,896,0.3333333333333333,896,0.3333333333333333,0.8738839285714286,2.621651785714286,0.18018353174603174
RAW-FP-R00199,mean_distance_to_centroid_m=high,path_length_m=high,1,1,2,783,0.29129464285714285,896,0.3333333333333333,896,0.3333333333333333,0.8738839285714286,2.621651785714286,0.18018353174603174
RAW-FP-R00200,mean_distance_to_centroid_m=high,max_distance_to_centroid_m=high,1,1,2,783,0.29129464285714285,896,0.3333333333333333,896,0.3333333333333333,0.8738839285714286,2.621651785714286,0.18018353174603174
RAW-FP-R00201,path_length_m=high,mean_distance_to_centroid_m=high,1,1,2,783,0.29129464285714285,896,0.3333333333333333,896,0.3333333333333333,0.8738839285714286,2.621651785714286,0.18018353174603174
RAW-FP-R00202,speed_meanse=low,speed_range=low,1,1,2,783,0.29129464285714285,896,0.3333333333333333,896,0.3333333333333333,0.8738839285714286,2.621651785714286,0.18018353174603174
RAW-FP-R00203,speed_quant_10=low,speed_quant_25=low,1,1,2,783,0.29129464285714285,896,0.3333333333333333,896,0.3333333333333333,0.8738839285714286,2.621651785714286,0.18018353174603174
RAW-FP-R00204,speed_quant_25=low,speed_quant_10=low,1,1,2,783,0.29129464285714285,896,0.3333333333333333,896,0.3333333333333333,0.8738839285714286,2.621651785714286,0.18018353174603174
RAW-FP-R00205,speed_range=low,speed_meanse=low,1,1,2,783,0.29129464285714285,896,0.3333333333333333,896,0.3333333333333333,0.8738839285714286,2.621651785714286,0.18018353174603174
RAW-FP-R00206,speed_range=low,speed_sd=low,1,1,2,783,0.29129464285714285,896,0.3333333333333333,896,0.3333333333333333,0.8738839285714286,2.621651785714286,0.18018353174603174
RAW-FP-R00207,speed_sd=low,speed_range=low,1,1,2,783,0.29129464285714285,896,0.3333333333333333,896,0.3333333333333333,0.8738839285714286,2.621651785714286,0.18018353174603174
RAW-FP-R00208,angles_meanse=low,angles_quant_90=low,1,1,2,782,0.29092261904761907,896,0.3333333333333333,896,0.3333333333333333,0.8727678571428571,2.6183035714285716,0.17981150793650796
RAW-FP-R00209,angles_quant_90=low,angles_sd=low,1,1,2,782,0.29092261904761907,896,0.3333333333333333,896,0.3333333333333333,0.8727678571428571,2.6183035714285716,0.17981150793650796
RAW-FP-R00210,angles_quant_90=low,angles_meanse=low,1,1,2,782,0.29092261904761907,896,0.3333333333333333,896,0.3333333333333333,0.8727678571428571,2.6183035714285716,0.17981150793650796
RAW-FP-R00211,angles_sd=low,angles_quant_90=low,1,1,2,782,0.29092261904761907,896,0.3333333333333333,896,0.3333333333333333,0.8727678571428571,2.6183035714285716,0.17981150793650796
RAW-FP-R00212,speed_quant_05=high,speed_quant_min=high,1,1,2,782,0.29092261904761907,896,0.3333333333333333,896,0.3333333333333333,0.8727678571428571,2.6183035714285716,0.17981150793650796
RAW-FP-R00213,speed_quant_min=high,speed_quant_05=high,1,1,2,782,0.29092261904761907,896,0.3333333333333333,896,0.3333333333333333,0.8727678571428571,2.6183035714285716,0.17981150793650796
RAW-FP-R00214,speed_meanse=high,speed_range=high,1,1,2,781,0.29055059523809523,896,0.3333333333333333,896,0.3333333333333333,0.8716517857142857,2.614955357142857,0.17943948412698413
RAW-FP-R00215,speed_range=high,speed_meanse=high,1,1,2,781,0.29055059523809523,896,0.3333333333333333,896,0.3333333333333333,0.8716517857142857,2.614955357142857,0.17943948412698413
RAW-FP-R00216,speed_range=high,speed_sd=high,1,1,2,781,0.29055059523809523,896,0.3333333333333333,896,0.3333333333333333,0.8716517857142857,2.614955357142857,0.17943948412698413
RAW-FP-R00217,speed_sd=high,speed_range=high,1,1,2,781,0.29055059523809523,896,0.3333333333333333,896,0.3333333333333333,0.8716517857142857,2.614955357142857,0.17943948412698413
RAW-FP-R00218,distance_geometry_3_1=high,distance_geometry_4_1=high,1,1,2,780,0.29017857142857145,896,0.3333333333333333,896,0.3333333333333333,0.8705357142857143,2.6116071428571432,0.17906746031746035
RAW-FP-R00219,distance_geometry_4_1=high,distance_geometry_3_1=high,1,1,2,780,0.29017857142857145,896,0.3333333333333333,896,0.3333333333333333,0.8705357142857143,2.6116071428571432,0.17906746031746035
RAW-FP-R00220,path_length_m=high,radius_of_gyration_m=high,1,1,2,779,0.2898065476190476,896,0.3333333333333333,896,0.3333333333333333,0.8694196428571429,2.608258928571429,0.1786954365079365
RAW-FP-R00221,radius_of_gyration_m=high,path_length_m=high,1,1,2,779,0.2898065476190476,896,0.3333333333333333,896,0.3333333333333333,0.8694196428571429,2.608258928571429,0.1786954365079365
RAW-FP-R00222,speed_quant_max=high,speed_range=high,1,1,2,779,0.2898065476190476,896,0.3333333333333333,896,0.3333333333333333,0.8694196428571429,2.608258928571429,0.1786954365079365
RAW-FP-R00223,speed_range=high,speed_quant_max=high,1,1,2,779,0.2898065476190476,896,0.3333333333333333,896,0.3333333333333333,0.8694196428571429,2.608258928571429,0.1786954365079365
RAW-FP-R00224,duration_total_seconds=low,sampling_gap_cv=high,1,1,2,748,0.27827380952380953,910,0.3385416666666667,848,0.31547619047619047,0.8219780219780219,2.6055152394775036,0.17147197420634921
RAW-FP-R00225,sampling_gap_mean_seconds=low,sampling_gap_cv=high,1,1,2,748,0.27827380952380953,910,0.3385416666666667,848,0.31547619047619047,0.8219780219780219,2.6055152394775036,0.17147197420634921
RAW-FP-R00226,sampling_gap_cv=high,duration_total_seconds=low,1,1,2,748,0.27827380952380953,848,0.31547619047619047,910,0.3385416666666667,0.8820754716981132,2.605515239477503,0.17147197420634921
RAW-FP-R00227,sampling_gap_cv=high,sampling_gap_mean_seconds=low,1,1,2,748,0.27827380952380953,848,0.31547619047619047,910,0.3385416666666667,0.8820754716981132,2.605515239477503,0.17147197420634921
RAW-FP-R00228,angles_iqr=low,angles_quant_75=low,1,1,2,777,0.2890625,896,0.3333333333333333,896,0.3333333333333333,0.8671875,2.6015625,0.1779513888888889
RAW-FP-R00229,angles_quant_75=low,angles_iqr=low,1,1,2,777,0.2890625,896,0.3333333333333333,896,0.3333333333333333,0.8671875,2.6015625,0.1779513888888889
RAW-FP-R00230,speed_quant_10=high,speed_quant_25=high,1,1,2,777,0.2890625,896,0.3333333333333333,896,0.3333333333333333,0.8671875,2.6015625,0.1779513888888889
RAW-FP-R00231,speed_quant_25=high,speed_quant_10=high,1,1,2,777,0.2890625,896,0.3333333333333333,896,0.3333333333333333,0.8671875,2.6015625,0.1779513888888889
RAW-FP-R00232,bbox_diagonal_m=high,median_distance_to_centroid_m=high,1,1,2,776,0.28869047619047616,896,0.3333333333333333,896,0.3333333333333333,0.8660714285714286,2.598214285714286,0.17757936507936506
RAW-FP-R00233,bbox_diagonal_m=medium,radius_of_gyration_m=medium,1,1,2,776,0.28869047619047616,896,0.3333333333333333,896,0.3333333333333333,0.8660714285714286,2.598214285714286,0.17757936507936506
RAW-FP-R00234,median_distance_to_centroid_m=high,bbox_diagonal_m=high,1,1,2,776,0.28869047619047616,896,0.3333333333333333,896,0.3333333333333333,0.8660714285714286,2.598214285714286,0.17757936507936506
RAW-FP-R00235,radius_of_gyration_m=medium,bbox_diagonal_m=medium,1,1,2,776,0.28869047619047616,896,0.3333333333333333,896,0.3333333333333333,0.8660714285714286,2.598214285714286,0.17757936507936506
RAW-FP-R00236,speed_quant_75=low,speed_quant_90=low,1,1,2,776,0.28869047619047616,896,0.3333333333333333,896,0.3333333333333333,0.8660714285714286,2.598214285714286,0.17757936507936506
RAW-FP-R00237,speed_quant_90=low,speed_quant_75=low,1,1,2,776,0.28869047619047616,896,0.3333333333333333,896,0.3333333333333333,0.8660714285714286,2.598214285714286,0.17757936507936506
RAW-FP-R00238,max_distance_to_centroid_m=low,mean_distance_to_centroid_m=low,1,1,2,775,0.2883184523809524,896,0.3333333333333333,896,0.3333333333333333,0.8649553571428571,2.5948660714285716,0.17720734126984128
RAW-FP-R00239,mean_distance_to_centroid_m=low,max_distance_to_centroid_m=low,1,1,2,775,0.2883184523809524,896,0.3333333333333333,896,0.3333333333333333,0.8649553571428571,2.5948660714285716,0.17720734126984128
RAW-FP-R00240,bbox_diagonal_m=low,path_length_m=low,1,1,2,774,0.28794642857142855,896,0.3333333333333333,896,0.3333333333333333,0.8638392857142857,2.591517857142857,0.17683531746031744
RAW-FP-R00241,max_distance_to_centroid_m=low,path_length_m=low,1,1,2,774,0.28794642857142855,896,0.3333333333333333,896,0.3333333333333333,0.8638392857142857,2.591517857142857,0.17683531746031744
RAW-FP-R00242,path_length_m=low,bbox_diagonal_m=low,1,1,2,774,0.28794642857142855,896,0.3333333333333333,896,0.3333333333333333,0.8638392857142857,2.591517857142857,0.17683531746031744
RAW-FP-R00243,path_length_m=low,max_distance_to_centroid_m=low,1,1,2,774,0.28794642857142855,896,0.3333333333333333,896,0.3333333333333333,0.8638392857142857,2.591517857142857,0.17683531746031744
RAW-FP-R00244,angles_iqr=high,angles_mad=high,1,1,2,772,0.28720238095238093,896,0.3333333333333333,896,0.3333333333333333,0.8616071428571429,2.584821428571429,0.17609126984126983
RAW-FP-R00245,angles_mad=high,angles_iqr=high,1,1,2,772,0.28720238095238093,896,0.3333333333333333,896,0.3333333333333333,0.8616071428571429,2.584821428571429,0.17609126984126983
RAW-FP-R00246,angles_mean=low,angles_quant_75=low,1,1,2,772,0.28720238095238093,896,0.3333333333333333,896,0.3333333333333333,0.8616071428571429,2.584821428571429,0.17609126984126983
RAW-FP-R00247,angles_meanse=high,angles_quant_95=high,1,1,2,772,0.28720238095238093,896,0.3333333333333333,896,0.3333333333333333,0.8616071428571429,2.584821428571429,0.17609126984126983
RAW-FP-R00248,angles_quant_75=low,angles_mean=low,1,1,2,772,0.28720238095238093,896,0.3333333333333333,896,0.3333333333333333,0.8616071428571429,2.584821428571429,0.17609126984126983
RAW-FP-R00249,angles_quant_95=high,angles_sd=high,1,1,2,772,0.28720238095238093,896,0.3333333333333333,896,0.3333333333333333,0.8616071428571429,2.584821428571429,0.17609126984126983
RAW-FP-R00250,angles_quant_95=high,angles_meanse=high,1,1,2,772,0.28720238095238093,896,0.3333333333333333,896,0.3333333333333333,0.8616071428571429,2.584821428571429,0.17609126984126983
RAW-FP-R00251,angles_sd=high,angles_quant_95=high,1,1,2,772,0.28720238095238093,896,0.3333333333333333,896,0.3333333333333333,0.8616071428571429,2.584821428571429,0.17609126984126983
RAW-FP-R00252,mean_distance_to_centroid_m=medium,median_distance_to_centroid_m=medium,1,1,2,770,0.2864583333333333,896,0.3333333333333333,896,0.3333333333333333,0.859375,2.578125,0.1753472222222222
RAW-FP-R00253,median_distance_to_centroid_m=medium,mean_distance_to_centroid_m=medium,1,1,2,770,0.2864583333333333,896,0.3333333333333333,896,0.3333333333333333,0.859375,2.578125,0.1753472222222222
RAW-FP-R00254,distance_geometry_3_1=low,distance_geometry_4_1=low,1,1,2,767,0.2853422619047619,896,0.3333333333333333,896,0.3333333333333333,0.8560267857142857,2.568080357142857,0.1742311507936508
RAW-FP-R00255,distance_geometry_4_1=low,distance_geometry_3_1=low,1,1,2,767,0.2853422619047619,896,0.3333333333333333,896,0.3333333333333333,0.8560267857142857,2.568080357142857,0.1742311507936508
RAW-FP-R00256,sampling_gap_sd_seconds=high,sampling_gap_cv=high,1,1,2,586,0.21800595238095238,724,0.2693452380952381,848,0.31547619047619047,0.8093922651933702,2.565620765141249,0.13303394274376418
RAW-FP-R00257,sampling_gap_cv=high,sampling_gap_sd_seconds=high,1,1,2,586,0.21800595238095238,848,0.31547619047619047,724,0.2693452380952381,0.6910377358490566,2.565620765141249,0.13303394274376418
RAW-FP-R00258,angles_mad=high,angles_quant_75=high,1,1,2,766,0.2849702380952381,896,0.3333333333333333,896,0.3333333333333333,0.8549107142857143,2.5647321428571432,0.17385912698412698
RAW-FP-R00259,angles_quant_75=high,angles_mad=high,1,1,2,766,0.2849702380952381,896,0.3333333333333333,896,0.3333333333333333,0.8549107142857143,2.5647321428571432,0.17385912698412698
RAW-FP-R00260,angles_meanse=medium,angles_quant_max=medium,1,1,2,765,0.2845982142857143,896,0.3333333333333333,896,0.3333333333333333,0.8537946428571429,2.561383928571429,0.1734871031746032
RAW-FP-R00261,angles_quant_max=medium,angles_sd=medium,1,1,2,765,0.2845982142857143,896,0.3333333333333333,896,0.3333333333333333,0.8537946428571429,2.561383928571429,0.1734871031746032
RAW-FP-R00262,angles_quant_max=medium,angles_meanse=medium,1,1,2,765,0.2845982142857143,896,0.3333333333333333,896,0.3333333333333333,0.8537946428571429,2.561383928571429,0.1734871031746032
RAW-FP-R00263,angles_sd=medium,angles_quant_max=medium,1,1,2,765,0.2845982142857143,896,0.3333333333333333,896,0.3333333333333333,0.8537946428571429,2.561383928571429,0.1734871031746032
RAW-FP-R00264,median_distance_to_centroid_m=high,net_displacement_m=high,1,1,2,765,0.2845982142857143,896,0.3333333333333333,896,0.3333333333333333,0.8537946428571429,2.561383928571429,0.1734871031746032
RAW-FP-R00265,net_displacement_m=high,median_distance_to_centroid_m=high,1,1,2,765,0.2845982142857143,896,0.3333333333333333,896,0.3333333333333333,0.8537946428571429,2.561383928571429,0.1734871031746032
RAW-FP-R00266,angles_meanse=medium,angles_range=medium,1,1,2,764,0.28422619047619047,896,0.3333333333333333,896,0.3333333333333333,0.8526785714285714,2.5580357142857144,0.17311507936507936
RAW-FP-R00267,angles_range=medium,angles_meanse=medium,1,1,2,764,0.28422619047619047,896,0.3333333333333333,896,0.3333333333333333,0.8526785714285714,2.5580357142857144,0.17311507936507936
RAW-FP-R00268,angles_range=medium,angles_sd=medium,1,1,2,764,0.28422619047619047,896,0.3333333333333333,896,0.3333333333333333,0.8526785714285714,2.5580357142857144,0.17311507936507936
RAW-FP-R00269,angles_sd=medium,angles_range=medium,1,1,2,764,0.28422619047619047,896,0.3333333333333333,896,0.3333333333333333,0.8526785714285714,2.5580357142857144,0.17311507936507936
RAW-FP-R00270,path_length_m=low,radius_of_gyration_m=low,1,1,2,763,0.2838541666666667,896,0.3333333333333333,896,0.3333333333333333,0.8515625,2.5546875,0.17274305555555558
RAW-FP-R00271,radius_of_gyration_m=low,path_length_m=low,1,1,2,763,0.2838541666666667,896,0.3333333333333333,896,0.3333333333333333,0.8515625,2.5546875,0.17274305555555558
RAW-FP-R00272,acceleration_quant_max=low,acceleration_range=low,1,1,2,762,0.28348214285714285,896,0.3333333333333333,896,0.3333333333333333,0.8504464285714286,2.551339285714286,0.17237103174603174
RAW-FP-R00273,acceleration_range=low,acceleration_quant_max=low,1,1,2,762,0.28348214285714285,896,0.3333333333333333,896,0.3333333333333333,0.8504464285714286,2.551339285714286,0.17237103174603174
RAW-FP-R00274,angles_mean=high,angles_quant_75=high,1,1,2,762,0.28348214285714285,896,0.3333333333333333,896,0.3333333333333333,0.8504464285714286,2.551339285714286,0.17237103174603174
RAW-FP-R00275,angles_quant_75=high,angles_mean=high,1,1,2,762,0.28348214285714285,896,0.3333333333333333,896,0.3333333333333333,0.8504464285714286,2.551339285714286,0.17237103174603174
RAW-FP-R00276,angles_quant_75=low,angles_quant_90=low,1,1,2,761,0.28311011904761907,896,0.3333333333333333,896,0.3333333333333333,0.8493303571428571,2.5479910714285716,0.17199900793650796
RAW-FP-R00277,angles_quant_90=low,angles_quant_75=low,1,1,2,761,0.28311011904761907,896,0.3333333333333333,896,0.3333333333333333,0.8493303571428571,2.5479910714285716,0.17199900793650796
RAW-FP-R00278,bbox_diagonal_m=low,median_distance_to_centroid_m=low,1,1,2,760,0.28273809523809523,896,0.3333333333333333,896,0.3333333333333333,0.8482142857142857,2.544642857142857,0.17162698412698413
RAW-FP-R00279,median_distance_to_centroid_m=low,bbox_diagonal_m=low,1,1,2,760,0.28273809523809523,896,0.3333333333333333,896,0.3333333333333333,0.8482142857142857,2.544642857142857,0.17162698412698413
RAW-FP-R00280,angles_quant_95=low,angles_range=low,1,1,2,758,0.2819940476190476,896,0.3333333333333333,896,0.3333333333333333,0.8459821428571429,2.537946428571429,0.1708829365079365
RAW-FP-R00281,angles_quant_95=low,angles_quant_max=low,1,1,2,758,0.2819940476190476,896,0.3333333333333333,896,0.3333333333333333,0.8459821428571429,2.537946428571429,0.1708829365079365
RAW-FP-R00282,angles_quant_max=low,angles_quant_95=low,1,1,2,758,0.2819940476190476,896,0.3333333333333333,896,0.3333333333333333,0.8459821428571429,2.537946428571429,0.1708829365079365
RAW-FP-R00283,angles_range=low,angles_quant_95=low,1,1,2,758,0.2819940476190476,896,0.3333333333333333,896,0.3333333333333333,0.8459821428571429,2.537946428571429,0.1708829365079365
RAW-FP-R00284,speed_quant_25=low,speed_quant_median=low,1,1,2,757,0.28162202380952384,896,0.3333333333333333,896,0.3333333333333333,0.8448660714285714,2.5345982142857144,0.17051091269841273
RAW-FP-R00285,speed_quant_median=low,speed_quant_25=low,1,1,2,757,0.28162202380952384,896,0.3333333333333333,896,0.3333333333333333,0.8448660714285714,2.5345982142857144,0.17051091269841273
RAW-FP-R00286,angles_kurt=medium,angles_skew=medium,1,1,2,756,0.28125,896,0.3333333333333333,896,0.3333333333333333,0.84375,2.53125,0.1701388888888889
RAW-FP-R00287,angles_skew=medium,angles_kurt=medium,1,1,2,756,0.28125,896,0.3333333333333333,896,0.3333333333333333,0.84375,2.53125,0.1701388888888889
RAW-FP-R00288,mean_distance_to_centroid_m=low,path_length_m=low,1,1,2,755,0.28087797619047616,896,0.3333333333333333,896,0.3333333333333333,0.8426339285714286,2.527901785714286,0.16976686507936506
RAW-FP-R00289,path_length_m=low,mean_distance_to_centroid_m=low,1,1,2,755,0.28087797619047616,896,0.3333333333333333,896,0.3333333333333333,0.8426339285714286,2.527901785714286,0.16976686507936506
RAW-FP-R00290,speed_quant_75=high,speed_quant_90=high,1,1,2,755,0.28087797619047616,896,0.3333333333333333,896,0.3333333333333333,0.8426339285714286,2.527901785714286,0.16976686507936506
RAW-FP-R00291,speed_quant_90=high,speed_quant_75=high,1,1,2,755,0.28087797619047616,896,0.3333333333333333,896,0.3333333333333333,0.8426339285714286,2.527901785714286,0.16976686507936506
RAW-FP-R00292,distance_geometry_3_2=low,distance_geometry_5_3=low,1,1,2,754,0.2805059523809524,896,0.3333333333333333,896,0.3333333333333333,0.8415178571428571,2.5245535714285716,0.16939484126984128
RAW-FP-R00293,distance_geometry_5_3=low,distance_geometry_3_2=low,1,1,2,754,0.2805059523809524,896,0.3333333333333333,896,0.3333333333333333,0.8415178571428571,2.5245535714285716,0.16939484126984128
RAW-FP-R00294,speed_quant_90=low,speed_quant_max=low,1,1,2,754,0.2805059523809524,896,0.3333333333333333,896,0.3333333333333333,0.8415178571428571,2.5245535714285716,0.16939484126984128
RAW-FP-R00295,speed_quant_max=low,speed_quant_90=low,1,1,2,754,0.2805059523809524,896,0.3333333333333333,896,0.3333333333333333,0.8415178571428571,2.5245535714285716,0.16939484126984128
RAW-FP-R00296,angles_quant_05=high,angles_quant_min=high,1,1,2,753,0.28013392857142855,896,0.3333333333333333,896,0.3333333333333333,0.8404017857142857,2.521205357142857,0.16902281746031744
RAW-FP-R00297,angles_quant_min=high,angles_quant_05=high,1,1,2,753,0.28013392857142855,896,0.3333333333333333,896,0.3333333333333333,0.8404017857142857,2.521205357142857,0.16902281746031744
RAW-FP-R00298,speed_quant_10=high,speed_quant_min=high,1,1,2,753,0.28013392857142855,896,0.3333333333333333,896,0.3333333333333333,0.8404017857142857,2.521205357142857,0.16902281746031744
RAW-FP-R00299,speed_quant_min=high,speed_quant_10=high,1,1,2,753,0.28013392857142855,896,0.3333333333333333,896,0.3333333333333333,0.8404017857142857,2.521205357142857,0.16902281746031744
RAW-FP-R00300,acceleration_meanse=high,acceleration_range=high,1,1,2,752,0.27976190476190477,896,0.3333333333333333,896,0.3333333333333333,0.8392857142857143,2.5178571428571432,0.16865079365079366
RAW-FP-R00301,acceleration_range=high,acceleration_sd=high,1,1,2,752,0.27976190476190477,896,0.3333333333333333,896,0.3333333333333333,0.8392857142857143,2.5178571428571432,0.16865079365079366
RAW-FP-R00302,acceleration_range=high,acceleration_meanse=high,1,1,2,752,0.27976190476190477,896,0.3333333333333333,896,0.3333333333333333,0.8392857142857143,2.5178571428571432,0.16865079365079366
RAW-FP-R00303,acceleration_sd=high,acceleration_range=high,1,1,2,752,0.27976190476190477,896,0.3333333333333333,896,0.3333333333333333,0.8392857142857143,2.5178571428571432,0.16865079365079366
RAW-FP-R00304,angles_mean=low,angles_range=low,1,1,2,752,0.27976190476190477,896,0.3333333333333333,896,0.3333333333333333,0.8392857142857143,2.5178571428571432,0.16865079365079366
RAW-FP-R00305,angles_mean=low,angles_quant_max=low,1,1,2,752,0.27976190476190477,896,0.3333333333333333,896,0.3333333333333333,0.8392857142857143,2.5178571428571432,0.16865079365079366
RAW-FP-R00306,angles_quant_max=low,angles_mean=low,1,1,2,752,0.27976190476190477,896,0.3333333333333333,896,0.3333333333333333,0.8392857142857143,2.5178571428571432,0.16865079365079366
RAW-FP-R00307,angles_range=low,angles_mean=low,1,1,2,752,0.27976190476190477,896,0.3333333333333333,896,0.3333333333333333,0.8392857142857143,2.5178571428571432,0.16865079365079366
RAW-FP-R00308,speed_quant_05=medium,speed_quant_10=medium,1,1,2,752,0.27976190476190477,896,0.3333333333333333,896,0.3333333333333333,0.8392857142857143,2.5178571428571432,0.16865079365079366
RAW-FP-R00309,speed_quant_10=medium,speed_quant_05=medium,1,1,2,752,0.27976190476190477,896,0.3333333333333333,896,0.3333333333333333,0.8392857142857143,2.5178571428571432,0.16865079365079366
RAW-FP-R00310,speed_quant_75=low,speed_quant_median=low,1,1,2,752,0.27976190476190477,896,0.3333333333333333,896,0.3333333333333333,0.8392857142857143,2.5178571428571432,0.16865079365079366
RAW-FP-R00311,speed_quant_90=medium,speed_quant_95=medium,1,1,2,752,0.27976190476190477,896,0.3333333333333333,896,0.3333333333333333,0.8392857142857143,2.5178571428571432,0.16865079365079366
RAW-FP-R00312,speed_quant_95=medium,speed_quant_90=medium,1,1,2,752,0.27976190476190477,896,0.3333333333333333,896,0.3333333333333333,0.8392857142857143,2.5178571428571432,0.16865079365079366
RAW-FP-R00313,speed_quant_median=low,speed_quant_75=low,1,1,2,752,0.27976190476190477,896,0.3333333333333333,896,0.3333333333333333,0.8392857142857143,2.5178571428571432,0.16865079365079366
RAW-FP-R00314,bbox_lon_span_deg=high,net_displacement_m=high,1,1,2,751,0.27938988095238093,895,0.33296130952380953,896,0.3333333333333333,0.8391061452513966,2.51731843575419,0.16840277777777776
RAW-FP-R00315,net_displacement_m=high,bbox_lon_span_deg=high,1,1,2,751,0.27938988095238093,896,0.3333333333333333,895,0.33296130952380953,0.8381696428571429,2.51731843575419,0.16840277777777776
RAW-FP-R00316,speed_mean=low,speed_quant_90=low,1,1,2,751,0.27938988095238093,896,0.3333333333333333,896,0.3333333333333333,0.8381696428571429,2.514508928571429,0.16827876984126983
RAW-FP-R00317,speed_quant_90=low,speed_mean=low,1,1,2,751,0.27938988095238093,896,0.3333333333333333,896,0.3333333333333333,0.8381696428571429,2.514508928571429,0.16827876984126983
RAW-FP-R00318,angles_mad=low,angles_quant_75=low,1,1,2,749,0.2786458333333333,896,0.3333333333333333,896,0.3333333333333333,0.8359375,2.5078125,0.1675347222222222
RAW-FP-R00319,angles_quant_75=low,angles_mad=low,1,1,2,749,0.2786458333333333,896,0.3333333333333333,896,0.3333333333333333,0.8359375,2.5078125,0.1675347222222222
RAW-FP-R00320,angles_iqr=low,angles_mad=low,1,1,2,748,0.27827380952380953,896,0.3333333333333333,896,0.3333333333333333,0.8348214285714286,2.504464285714286,0.16716269841269843
RAW-FP-R00321,angles_mad=low,angles_iqr=low,1,1,2,748,0.27827380952380953,896,0.3333333333333333,896,0.3333333333333333,0.8348214285714286,2.504464285714286,0.16716269841269843
RAW-FP-R00322,speed_quant_05=low,speed_quant_25=low,1,1,2,747,0.2779017857142857,896,0.3333333333333333,896,0.3333333333333333,0.8337053571428571,2.5011160714285716,0.1667906746031746
RAW-FP-R00323,speed_quant_25=low,speed_quant_05=low,1,1,2,747,0.2779017857142857,896,0.3333333333333333,896,0.3333333333333333,0.8337053571428571,2.5011160714285716,0.1667906746031746
RAW-FP-R00324,angles_meanse=high,angles_quant_90=high,1,1,2,744,0.2767857142857143,896,0.3333333333333333,896,0.3333333333333333,0.8303571428571429,2.491071428571429,0.1656746031746032
RAW-FP-R00325,angles_quant_90=high,angles_sd=high,1,1,2,744,0.2767857142857143,896,0.3333333333333333,896,0.3333333333333333,0.8303571428571429,2.491071428571429,0.1656746031746032
RAW-FP-R00326,angles_quant_90=high,angles_meanse=high,1,1,2,744,0.2767857142857143,896,0.3333333333333333,896,0.3333333333333333,0.8303571428571429,2.491071428571429,0.1656746031746032
RAW-FP-R00327,angles_sd=high,angles_quant_90=high,1,1,2,744,0.2767857142857143,896,0.3333333333333333,896,0.3333333333333333,0.8303571428571429,2.491071428571429,0.1656746031746032
RAW-FP-R00328,bbox_diagonal_m=medium,max_distance_to_centroid_m=medium,1,1,2,743,0.27641369047619047,896,0.3333333333333333,896,0.3333333333333333,0.8292410714285714,2.4877232142857144,0.16530257936507936
RAW-FP-R00329,max_distance_to_centroid_m=medium,bbox_diagonal_m=medium,1,1,2,743,0.27641369047619047,896,0.3333333333333333,896,0.3333333333333333,0.8292410714285714,2.4877232142857144,0.16530257936507936
RAW-FP-R00330,net_displacement_m=high,path_length_m=high,1,1,2,743,0.27641369047619047,896,0.3333333333333333,896,0.3333333333333333,0.8292410714285714,2.4877232142857144,0.16530257936507936
RAW-FP-R00331,path_length_m=high,net_displacement_m=high,1,1,2,743,0.27641369047619047,896,0.3333333333333333,896,0.3333333333333333,0.8292410714285714,2.4877232142857144,0.16530257936507936
RAW-FP-R00332,speed_quant_75=high,speed_quant_median=high,1,1,2,743,0.27641369047619047,896,0.3333333333333333,896,0.3333333333333333,0.8292410714285714,2.4877232142857144,0.16530257936507936
RAW-FP-R00333,speed_quant_median=high,speed_quant_75=high,1,1,2,743,0.27641369047619047,896,0.3333333333333333,896,0.3333333333333333,0.8292410714285714,2.4877232142857144,0.16530257936507936
RAW-FP-R00334,bbox_area_km2=low,bbox_diagonal_m=low,1,1,2,742,0.2760416666666667,896,0.3333333333333333,896,0.3333333333333333,0.828125,2.484375,0.16493055555555558
RAW-FP-R00335,bbox_diagonal_m=low,bbox_area_km2=low,1,1,2,742,0.2760416666666667,896,0.3333333333333333,896,0.3333333333333333,0.828125,2.484375,0.16493055555555558
RAW-FP-R00336,speed_quant_90=high,speed_quant_max=high,1,1,2,742,0.2760416666666667,896,0.3333333333333333,896,0.3333333333333333,0.828125,2.484375,0.16493055555555558
RAW-FP-R00337,speed_quant_max=high,speed_quant_90=high,1,1,2,742,0.2760416666666667,896,0.3333333333333333,896,0.3333333333333333,0.828125,2.484375,0.16493055555555558
RAW-FP-R00338,median_distance_to_centroid_m=medium,radius_of_gyration_m=medium,1,1,2,741,0.27566964285714285,896,0.3333333333333333,896,0.3333333333333333,0.8270089285714286,2.481026785714286,0.16455853174603174
RAW-FP-R00339,radius_of_gyration_m=medium,median_distance_to_centroid_m=medium,1,1,2,741,0.27566964285714285,896,0.3333333333333333,896,0.3333333333333333,0.8270089285714286,2.481026785714286,0.16455853174603174
RAW-FP-R00340,speed_quant_25=high,speed_quant_median=high,1,1,2,740,0.27529761904761907,896,0.3333333333333333,896,0.3333333333333333,0.8258928571428571,2.4776785714285716,0.16418650793650796
RAW-FP-R00341,speed_quant_median=high,speed_quant_25=high,1,1,2,740,0.27529761904761907,896,0.3333333333333333,896,0.3333333333333333,0.8258928571428571,2.4776785714285716,0.16418650793650796
RAW-FP-R00342,speed_quant_05=high,speed_quant_25=high,1,1,2,739,0.27492559523809523,896,0.3333333333333333,896,0.3333333333333333,0.8247767857142857,2.474330357142857,0.16381448412698413
RAW-FP-R00343,speed_quant_25=high,speed_quant_05=high,1,1,2,739,0.27492559523809523,896,0.3333333333333333,896,0.3333333333333333,0.8247767857142857,2.474330357142857,0.16381448412698413
RAW-FP-R00344,bbox_diagonal_m=medium,mean_distance_to_centroid_m=medium,1,1,2,738,0.27455357142857145,896,0.3333333333333333,896,0.3333333333333333,0.8236607142857143,2.4709821428571432,0.16344246031746035
RAW-FP-R00345,mean_distance_to_centroid_m=medium,bbox_diagonal_m=medium,1,1,2,738,0.27455357142857145,896,0.3333333333333333,896,0.3333333333333333,0.8236607142857143,2.4709821428571432,0.16344246031746035
RAW-FP-R00346,acceleration_quant_05=high,acceleration_quant_10=high,1,1,2,737,0.2741815476190476,896,0.3333333333333333,896,0.3333333333333333,0.8225446428571429,2.467633928571429,0.1630704365079365
RAW-FP-R00347,acceleration_quant_05=low,acceleration_quant_10=low,1,1,2,737,0.2741815476190476,896,0.3333333333333333,896,0.3333333333333333,0.8225446428571429,2.467633928571429,0.1630704365079365
RAW-FP-R00348,acceleration_quant_10=high,acceleration_quant_05=high,1,1,2,737,0.2741815476190476,896,0.3333333333333333,896,0.3333333333333333,0.8225446428571429,2.467633928571429,0.1630704365079365
RAW-FP-R00349,acceleration_quant_10=low,acceleration_quant_05=low,1,1,2,737,0.2741815476190476,896,0.3333333333333333,896,0.3333333333333333,0.8225446428571429,2.467633928571429,0.1630704365079365
RAW-FP-R00350,median_distance_to_centroid_m=low,net_displacement_m=low,1,1,2,737,0.2741815476190476,896,0.3333333333333333,896,0.3333333333333333,0.8225446428571429,2.467633928571429,0.1630704365079365
RAW-FP-R00351,net_displacement_m=low,median_distance_to_centroid_m=low,1,1,2,737,0.2741815476190476,896,0.3333333333333333,896,0.3333333333333333,0.8225446428571429,2.467633928571429,0.1630704365079365
RAW-FP-R00352,angles_mean=high,angles_quant_max=high,1,1,2,736,0.27380952380952384,896,0.3333333333333333,896,0.3333333333333333,0.8214285714285714,2.4642857142857144,0.16269841269841273
RAW-FP-R00353,angles_quant_max=high,angles_mean=high,1,1,2,736,0.27380952380952384,896,0.3333333333333333,896,0.3333333333333333,0.8214285714285714,2.4642857142857144,0.16269841269841273
RAW-FP-R00354,bbox_width_m=high,net_displacement_m=high,1,1,2,736,0.27380952380952384,896,0.3333333333333333,896,0.3333333333333333,0.8214285714285714,2.4642857142857144,0.16269841269841273
RAW-FP-R00355,net_displacement_m=high,bbox_width_m=high,1,1,2,736,0.27380952380952384,896,0.3333333333333333,896,0.3333333333333333,0.8214285714285714,2.4642857142857144,0.16269841269841273
RAW-FP-R00356,angles_mean=high,angles_range=high,1,1,2,735,0.2734375,896,0.3333333333333333,896,0.3333333333333333,0.8203125,2.4609375,0.1623263888888889
RAW-FP-R00357,angles_range=high,angles_mean=high,1,1,2,735,0.2734375,896,0.3333333333333333,896,0.3333333333333333,0.8203125,2.4609375,0.1623263888888889
RAW-FP-R00358,angles_0s=high,angles_quant_25=low,1,1,2,725,0.2697172619047619,884,0.3288690476190476,896,0.3333333333333333,0.8201357466063348,2.4604072398190047,0.16009424603174605
RAW-FP-R00359,angles_quant_25=low,angles_0s=high,1,1,2,725,0.2697172619047619,896,0.3333333333333333,884,0.3288690476190476,0.8091517857142857,2.4604072398190047,0.16009424603174605
RAW-FP-R00360,bbox_lon_span_deg=high,bbox_diagonal_m=high,1,1,2,734,0.27306547619047616,895,0.33296130952380953,896,0.3333333333333333,0.8201117318435754,2.4603351955307264,0.162078373015873
RAW-FP-R00361,bbox_diagonal_m=high,bbox_lon_span_deg=high,1,1,2,734,0.27306547619047616,896,0.3333333333333333,895,0.33296130952380953,0.8191964285714286,2.4603351955307264,0.162078373015873
RAW-FP-R00362,median_distance_to_centroid_m=high,path_length_m=high,1,1,2,734,0.27306547619047616,896,0.3333333333333333,896,0.3333333333333333,0.8191964285714286,2.457589285714286,0.16195436507936506
RAW-FP-R00363,path_length_m=high,median_distance_to_centroid_m=high,1,1,2,734,0.27306547619047616,896,0.3333333333333333,896,0.3333333333333333,0.8191964285714286,2.457589285714286,0.16195436507936506
RAW-FP-R00364,speed_meanse=high,speed_quant_95=high,1,1,2,734,0.27306547619047616,896,0.3333333333333333,896,0.3333333333333333,0.8191964285714286,2.457589285714286,0.16195436507936506
RAW-FP-R00365,speed_quant_95=high,speed_meanse=high,1,1,2,734,0.27306547619047616,896,0.3333333333333333,896,0.3333333333333333,0.8191964285714286,2.457589285714286,0.16195436507936506
RAW-FP-R00366,speed_quant_95=high,speed_sd=high,1,1,2,734,0.27306547619047616,896,0.3333333333333333,896,0.3333333333333333,0.8191964285714286,2.457589285714286,0.16195436507936506
RAW-FP-R00367,speed_sd=high,speed_quant_95=high,1,1,2,734,0.27306547619047616,896,0.3333333333333333,896,0.3333333333333333,0.8191964285714286,2.457589285714286,0.16195436507936506
RAW-FP-R00368,angles_quant_75=high,angles_quant_90=high,1,1,2,733,0.2726934523809524,896,0.3333333333333333,896,0.3333333333333333,0.8180803571428571,2.4542410714285716,0.16158234126984128
RAW-FP-R00369,angles_quant_90=high,angles_quant_75=high,1,1,2,733,0.2726934523809524,896,0.3333333333333333,896,0.3333333333333333,0.8180803571428571,2.4542410714285716,0.16158234126984128
RAW-FP-R00370,max_distance_to_centroid_m=high,median_distance_to_centroid_m=high,1,1,2,733,0.2726934523809524,896,0.3333333333333333,896,0.3333333333333333,0.8180803571428571,2.4542410714285716,0.16158234126984128
RAW-FP-R00371,median_distance_to_centroid_m=high,max_distance_to_centroid_m=high,1,1,2,733,0.2726934523809524,896,0.3333333333333333,896,0.3333333333333333,0.8180803571428571,2.4542410714285716,0.16158234126984128
RAW-FP-R00372,speed_iqr=high,speed_meanse=high,1,1,2,733,0.2726934523809524,896,0.3333333333333333,896,0.3333333333333333,0.8180803571428571,2.4542410714285716,0.16158234126984128
RAW-FP-R00373,speed_iqr=high,speed_sd=high,1,1,2,733,0.2726934523809524,896,0.3333333333333333,896,0.3333333333333333,0.8180803571428571,2.4542410714285716,0.16158234126984128
RAW-FP-R00374,speed_meanse=high,speed_iqr=high,1,1,2,733,0.2726934523809524,896,0.3333333333333333,896,0.3333333333333333,0.8180803571428571,2.4542410714285716,0.16158234126984128
RAW-FP-R00375,speed_sd=high,speed_iqr=high,1,1,2,733,0.2726934523809524,896,0.3333333333333333,896,0.3333333333333333,0.8180803571428571,2.4542410714285716,0.16158234126984128
RAW-FP-R00376,angles_mad=low,angles_quant_median=low,1,1,2,732,0.27232142857142855,896,0.3333333333333333,896,0.3333333333333333,0.8169642857142857,2.450892857142857,0.16121031746031744
RAW-FP-R00377,angles_quant_median=low,angles_mad=low,1,1,2,732,0.27232142857142855,896,0.3333333333333333,896,0.3333333333333333,0.8169642857142857,2.450892857142857,0.16121031746031744
RAW-FP-R00378,speed_meanse=high,speed_quant_max=high,1,1,2,731,0.27194940476190477,896,0.3333333333333333,896,0.3333333333333333,0.8158482142857143,2.4475446428571432,0.16083829365079366
RAW-FP-R00379,speed_quant_max=high,speed_meanse=high,1,1,2,731,0.27194940476190477,896,0.3333333333333333,896,0.3333333333333333,0.8158482142857143,2.4475446428571432,0.16083829365079366
RAW-FP-R00380,speed_quant_max=high,speed_sd=high,1,1,2,731,0.27194940476190477,896,0.3333333333333333,896,0.3333333333333333,0.8158482142857143,2.4475446428571432,0.16083829365079366
RAW-FP-R00381,speed_sd=high,speed_quant_max=high,1,1,2,731,0.27194940476190477,896,0.3333333333333333,896,0.3333333333333333,0.8158482142857143,2.4475446428571432,0.16083829365079366
RAW-FP-R00382,acceleration_meanse=low,acceleration_range=low,1,1,2,728,0.2708333333333333,896,0.3333333333333333,896,0.3333333333333333,0.8125,2.4375,0.1597222222222222
RAW-FP-R00383,acceleration_quant_90=high,acceleration_quant_95=high,1,1,2,728,0.2708333333333333,896,0.3333333333333333,896,0.3333333333333333,0.8125,2.4375,0.1597222222222222
RAW-FP-R00384,acceleration_quant_95=high,acceleration_quant_90=high,1,1,2,728,0.2708333333333333,896,0.3333333333333333,896,0.3333333333333333,0.8125,2.4375,0.1597222222222222
RAW-FP-R00385,acceleration_quant_max=high,acceleration_range=high,1,1,2,728,0.2708333333333333,896,0.3333333333333333,896,0.3333333333333333,0.8125,2.4375,0.1597222222222222
RAW-FP-R00386,acceleration_range=high,acceleration_quant_max=high,1,1,2,728,0.2708333333333333,896,0.3333333333333333,896,0.3333333333333333,0.8125,2.4375,0.1597222222222222
RAW-FP-R00387,acceleration_range=low,acceleration_meanse=low,1,1,2,728,0.2708333333333333,896,0.3333333333333333,896,0.3333333333333333,0.8125,2.4375,0.1597222222222222
RAW-FP-R00388,acceleration_range=low,acceleration_sd=low,1,1,2,728,0.2708333333333333,896,0.3333333333333333,896,0.3333333333333333,0.8125,2.4375,0.1597222222222222
RAW-FP-R00389,acceleration_sd=low,acceleration_range=low,1,1,2,728,0.2708333333333333,896,0.3333333333333333,896,0.3333333333333333,0.8125,2.4375,0.1597222222222222
RAW-FP-R00390,angles_quant_95=high,speed_quant_10=low,1,1,2,728,0.2708333333333333,896,0.3333333333333333,896,0.3333333333333333,0.8125,2.4375,0.1597222222222222
RAW-FP-R00391,speed_quant_10=low,angles_quant_95=high,1,1,2,728,0.2708333333333333,896,0.3333333333333333,896,0.3333333333333333,0.8125,2.4375,0.1597222222222222
RAW-FP-R00392,bbox_area_km2=low,radius_of_gyration_m=low,1,1,2,727,0.27046130952380953,896,0.3333333333333333,896,0.3333333333333333,0.8113839285714286,2.434151785714286,0.15935019841269843
RAW-FP-R00393,radius_of_gyration_m=low,bbox_area_km2=low,1,1,2,727,0.27046130952380953,896,0.3333333333333333,896,0.3333333333333333,0.8113839285714286,2.434151785714286,0.15935019841269843
RAW-FP-R00394,speed_mean=low,speed_quant_25=low,1,1,2,727,0.27046130952380953,896,0.3333333333333333,896,0.3333333333333333,0.8113839285714286,2.434151785714286,0.15935019841269843
RAW-FP-R00395,speed_quant_25=low,speed_mean=low,1,1,2,727,0.27046130952380953,896,0.3333333333333333,896,0.3333333333333333,0.8113839285714286,2.434151785714286,0.15935019841269843
RAW-FP-R00396,acceleration_mean_half_diff=low,acceleration_mean_second_half=low,1,1,2,726,0.2700892857142857,896,0.3333333333333333,896,0.3333333333333333,0.8102678571428571,2.4308035714285716,0.1589781746031746
RAW-FP-R00397,acceleration_mean_second_half=low,acceleration_mean_half_diff=low,1,1,2,726,0.2700892857142857,896,0.3333333333333333,896,0.3333333333333333,0.8102678571428571,2.4308035714285716,0.1589781746031746
RAW-FP-R00398,angles_quant_75=high,angles_quant_median=high,1,1,2,726,0.2700892857142857,896,0.3333333333333333,896,0.3333333333333333,0.8102678571428571,2.4308035714285716,0.1589781746031746
RAW-FP-R00399,angles_quant_median=high,angles_quant_75=high,1,1,2,726,0.2700892857142857,896,0.3333333333333333,896,0.3333333333333333,0.8102678571428571,2.4308035714285716,0.1589781746031746
RAW-FP-R00400,speed_quant_75=low,speed_quant_95=low,1,1,2,726,0.2700892857142857,896,0.3333333333333333,896,0.3333333333333333,0.8102678571428571,2.4308035714285716,0.1589781746031746
RAW-FP-R00401,speed_quant_95=low,speed_quant_75=low,1,1,2,726,0.2700892857142857,896,0.3333333333333333,896,0.3333333333333333,0.8102678571428571,2.4308035714285716,0.1589781746031746
RAW-FP-R00402,bbox_area_km2=low,path_length_m=low,1,1,2,725,0.2697172619047619,896,0.3333333333333333,896,0.3333333333333333,0.8091517857142857,2.427455357142857,0.1586061507936508
RAW-FP-R00403,bbox_area_km2=low,max_distance_to_centroid_m=low,1,1,2,725,0.2697172619047619,896,0.3333333333333333,896,0.3333333333333333,0.8091517857142857,2.427455357142857,0.1586061507936508
RAW-FP-R00404,max_distance_to_centroid_m=low,bbox_area_km2=low,1,1,2,725,0.2697172619047619,896,0.3333333333333333,896,0.3333333333333333,0.8091517857142857,2.427455357142857,0.1586061507936508
RAW-FP-R00405,path_length_m=low,bbox_area_km2=low,1,1,2,725,0.2697172619047619,896,0.3333333333333333,896,0.3333333333333333,0.8091517857142857,2.427455357142857,0.1586061507936508
RAW-FP-R00406,net_displacement_m=low,path_length_m=low,1,1,2,724,0.2693452380952381,896,0.3333333333333333,896,0.3333333333333333,0.8080357142857143,2.4241071428571432,0.15823412698412698
RAW-FP-R00407,net_displacement_m=medium,radius_of_gyration_m=medium,1,1,2,724,0.2693452380952381,896,0.3333333333333333,896,0.3333333333333333,0.8080357142857143,2.4241071428571432,0.15823412698412698
RAW-FP-R00408,path_length_m=low,net_displacement_m=low,1,1,2,724,0.2693452380952381,896,0.3333333333333333,896,0.3333333333333333,0.8080357142857143,2.4241071428571432,0.15823412698412698
RAW-FP-R00409,radius_of_gyration_m=medium,net_displacement_m=medium,1,1,2,724,0.2693452380952381,896,0.3333333333333333,896,0.3333333333333333,0.8080357142857143,2.4241071428571432,0.15823412698412698
RAW-FP-R00410,angles_quant_90=low,angles_range=low,1,1,2,723,0.2689732142857143,896,0.3333333333333333,896,0.3333333333333333,0.8069196428571429,2.420758928571429,0.1578621031746032
RAW-FP-R00411,angles_quant_90=low,angles_quant_max=low,1,1,2,723,0.2689732142857143,896,0.3333333333333333,896,0.3333333333333333,0.8069196428571429,2.420758928571429,0.1578621031746032
RAW-FP-R00412,angles_quant_max=low,angles_quant_90=low,1,1,2,723,0.2689732142857143,896,0.3333333333333333,896,0.3333333333333333,0.8069196428571429,2.420758928571429,0.1578621031746032
RAW-FP-R00413,angles_range=low,angles_quant_90=low,1,1,2,723,0.2689732142857143,896,0.3333333333333333,896,0.3333333333333333,0.8069196428571429,2.420758928571429,0.1578621031746032
RAW-FP-R00414,max_distance_to_centroid_m=low,median_distance_to_centroid_m=low,1,1,2,723,0.2689732142857143,896,0.3333333333333333,896,0.3333333333333333,0.8069196428571429,2.420758928571429,0.1578621031746032
RAW-FP-R00415,median_distance_to_centroid_m=low,max_distance_to_centroid_m=low,1,1,2,723,0.2689732142857143,896,0.3333333333333333,896,0.3333333333333333,0.8069196428571429,2.420758928571429,0.1578621031746032
RAW-FP-R00416,speed_mean=low,speed_quant_95=low,1,1,2,723,0.2689732142857143,896,0.3333333333333333,896,0.3333333333333333,0.8069196428571429,2.420758928571429,0.1578621031746032
RAW-FP-R00417,speed_quant_95=low,speed_mean=low,1,1,2,723,0.2689732142857143,896,0.3333333333333333,896,0.3333333333333333,0.8069196428571429,2.420758928571429,0.1578621031746032
RAW-FP-R00418,bbox_lon_span_deg=high,radius_of_gyration_m=high,1,1,2,722,0.26860119047619047,895,0.33296130952380953,896,0.3333333333333333,0.8067039106145252,2.420111731843576,0.1576140873015873
RAW-FP-R00419,radius_of_gyration_m=high,bbox_lon_span_deg=high,1,1,2,722,0.26860119047619047,896,0.3333333333333333,895,0.33296130952380953,0.8058035714285714,2.4201117318435754,0.1576140873015873
RAW-FP-R00420,acceleration_quant_90=low,acceleration_quant_95=low,1,1,2,722,0.26860119047619047,896,0.3333333333333333,896,0.3333333333333333,0.8058035714285714,2.4174107142857144,0.15749007936507936
RAW-FP-R00421,acceleration_quant_95=low,acceleration_quant_90=low,1,1,2,722,0.26860119047619047,896,0.3333333333333333,896,0.3333333333333333,0.8058035714285714,2.4174107142857144,0.15749007936507936
RAW-FP-R00422,angles_quant_75=low,angles_quant_median=low,1,1,2,722,0.26860119047619047,896,0.3333333333333333,896,0.3333333333333333,0.8058035714285714,2.4174107142857144,0.15749007936507936
RAW-FP-R00423,angles_quant_median=low,angles_quant_75=low,1,1,2,722,0.26860119047619047,896,0.3333333333333333,896,0.3333333333333333,0.8058035714285714,2.4174107142857144,0.15749007936507936
RAW-FP-R00424,speed_mean=high,speed_quant_25=high,1,1,2,722,0.26860119047619047,896,0.3333333333333333,896,0.3333333333333333,0.8058035714285714,2.4174107142857144,0.15749007936507936
RAW-FP-R00425,speed_mean_half_diff=medium,speed_progress_slope=medium,1,1,2,722,0.26860119047619047,896,0.3333333333333333,896,0.3333333333333333,0.8058035714285714,2.4174107142857144,0.15749007936507936
RAW-FP-R00426,speed_progress_slope=medium,speed_mean_half_diff=medium,1,1,2,722,0.26860119047619047,896,0.3333333333333333,896,0.3333333333333333,0.8058035714285714,2.4174107142857144,0.15749007936507936
RAW-FP-R00427,speed_quant_25=high,speed_mean=high,1,1,2,722,0.26860119047619047,896,0.3333333333333333,896,0.3333333333333333,0.8058035714285714,2.4174107142857144,0.15749007936507936
RAW-FP-R00428,acceleration_iqr=medium,acceleration_mad=medium,1,1,2,720,0.26785714285714285,896,0.3333333333333333,896,0.3333333333333333,0.8035714285714286,2.410714285714286,0.15674603174603174
RAW-FP-R00429,acceleration_mad=medium,acceleration_iqr=medium,1,1,2,720,0.26785714285714285,896,0.3333333333333333,896,0.3333333333333333,0.8035714285714286,2.410714285714286,0.15674603174603174
RAW-FP-R00430,angles_quant_95=high,angles_quant_max=high,1,1,2,720,0.26785714285714285,896,0.3333333333333333,896,0.3333333333333333,0.8035714285714286,2.410714285714286,0.15674603174603174
RAW-FP-R00431,angles_quant_max=high,angles_quant_95=high,1,1,2,720,0.26785714285714285,896,0.3333333333333333,896,0.3333333333333333,0.8035714285714286,2.410714285714286,0.15674603174603174
RAW-FP-R00432,speed_mean=high,speed_quant_90=high,1,1,2,720,0.26785714285714285,896,0.3333333333333333,896,0.3333333333333333,0.8035714285714286,2.410714285714286,0.15674603174603174
RAW-FP-R00433,speed_quant_90=high,speed_mean=high,1,1,2,720,0.26785714285714285,896,0.3333333333333333,896,0.3333333333333333,0.8035714285714286,2.410714285714286,0.15674603174603174
RAW-FP-R00434,angles_quant_75=high,angles_quant_95=high,1,1,2,719,0.26748511904761907,896,0.3333333333333333,896,0.3333333333333333,0.8024553571428571,2.4073660714285716,0.15637400793650796
RAW-FP-R00435,angles_quant_95=high,angles_quant_75=high,1,1,2,719,0.26748511904761907,896,0.3333333333333333,896,0.3333333333333333,0.8024553571428571,2.4073660714285716,0.15637400793650796
RAW-FP-R00436,angles_quant_95=high,angles_range=high,1,1,2,719,0.26748511904761907,896,0.3333333333333333,896,0.3333333333333333,0.8024553571428571,2.4073660714285716,0.15637400793650796
RAW-FP-R00437,angles_range=high,angles_quant_95=high,1,1,2,719,0.26748511904761907,896,0.3333333333333333,896,0.3333333333333333,0.8024553571428571,2.4073660714285716,0.15637400793650796
RAW-FP-R00438,bbox_area_km2=high,path_length_m=high,1,1,2,719,0.26748511904761907,896,0.3333333333333333,896,0.3333333333333333,0.8024553571428571,2.4073660714285716,0.15637400793650796
RAW-FP-R00439,bbox_area_km2=low,mean_distance_to_centroid_m=low,1,1,2,719,0.26748511904761907,896,0.3333333333333333,896,0.3333333333333333,0.8024553571428571,2.4073660714285716,0.15637400793650796
RAW-FP-R00440,distance_geometry_2_2=high,distance_geometry_3_3=high,1,1,2,719,0.26748511904761907,896,0.3333333333333333,896,0.3333333333333333,0.8024553571428571,2.4073660714285716,0.15637400793650796
RAW-FP-R00441,distance_geometry_3_3=high,distance_geometry_2_2=high,1,1,2,719,0.26748511904761907,896,0.3333333333333333,896,0.3333333333333333,0.8024553571428571,2.4073660714285716,0.15637400793650796
RAW-FP-R00442,mean_distance_to_centroid_m=low,bbox_area_km2=low,1,1,2,719,0.26748511904761907,896,0.3333333333333333,896,0.3333333333333333,0.8024553571428571,2.4073660714285716,0.15637400793650796
RAW-FP-R00443,path_length_m=high,bbox_area_km2=high,1,1,2,719,0.26748511904761907,896,0.3333333333333333,896,0.3333333333333333,0.8024553571428571,2.4073660714285716,0.15637400793650796
RAW-FP-R00444,speed_quant_95=high,speed_range=high,1,1,2,719,0.26748511904761907,896,0.3333333333333333,896,0.3333333333333333,0.8024553571428571,2.4073660714285716,0.15637400793650796
RAW-FP-R00445,speed_range=high,speed_quant_95=high,1,1,2,719,0.26748511904761907,896,0.3333333333333333,896,0.3333333333333333,0.8024553571428571,2.4073660714285716,0.15637400793650796
RAW-FP-R00446,angles_iqr=low,angles_quant_90=low,1,1,2,718,0.26711309523809523,896,0.3333333333333333,896,0.3333333333333333,0.8013392857142857,2.404017857142857,0.15600198412698413
RAW-FP-R00447,angles_quant_75=low,angles_quant_95=low,1,1,2,718,0.26711309523809523,896,0.3333333333333333,896,0.3333333333333333,0.8013392857142857,2.404017857142857,0.15600198412698413
RAW-FP-R00448,angles_quant_90=low,angles_iqr=low,1,1,2,718,0.26711309523809523,896,0.3333333333333333,896,0.3333333333333333,0.8013392857142857,2.404017857142857,0.15600198412698413
RAW-FP-R00449,angles_quant_95=low,angles_quant_75=low,1,1,2,718,0.26711309523809523,896,0.3333333333333333,896,0.3333333333333333,0.8013392857142857,2.404017857142857,0.15600198412698413
RAW-FP-R00450,distance_geometry_3_3=low,distance_geometry_4_4=low,1,1,2,718,0.26711309523809523,896,0.3333333333333333,896,0.3333333333333333,0.8013392857142857,2.404017857142857,0.15600198412698413
RAW-FP-R00451,distance_geometry_4_4=low,distance_geometry_3_3=low,1,1,2,718,0.26711309523809523,896,0.3333333333333333,896,0.3333333333333333,0.8013392857142857,2.404017857142857,0.15600198412698413
RAW-FP-R00452,angles_quant_10=high,angles_quant_min=high,1,1,2,715,0.26599702380952384,896,0.3333333333333333,896,0.3333333333333333,0.7979910714285714,2.3939732142857144,0.15488591269841273
RAW-FP-R00453,angles_quant_95=high,speed_quant_05=low,1,1,2,715,0.26599702380952384,896,0.3333333333333333,896,0.3333333333333333,0.7979910714285714,2.3939732142857144,0.15488591269841273
RAW-FP-R00454,angles_quant_min=high,angles_quant_10=high,1,1,2,715,0.26599702380952384,896,0.3333333333333333,896,0.3333333333333333,0.7979910714285714,2.3939732142857144,0.15488591269841273
RAW-FP-R00455,bbox_diagonal_m=high,bbox_width_m=high,1,1,2,715,0.26599702380952384,896,0.3333333333333333,896,0.3333333333333333,0.7979910714285714,2.3939732142857144,0.15488591269841273
RAW-FP-R00456,bbox_width_m=high,bbox_diagonal_m=high,1,1,2,715,0.26599702380952384,896,0.3333333333333333,896,0.3333333333333333,0.7979910714285714,2.3939732142857144,0.15488591269841273
RAW-FP-R00457,distance_geometry_2_2=low,distance_geometry_3_3=low,1,1,2,715,0.26599702380952384,896,0.3333333333333333,896,0.3333333333333333,0.7979910714285714,2.3939732142857144,0.15488591269841273
RAW-FP-R00458,distance_geometry_3_3=high,distance_geometry_4_4=high,1,1,2,715,0.26599702380952384,896,0.3333333333333333,896,0.3333333333333333,0.7979910714285714,2.3939732142857144,0.15488591269841273
RAW-FP-R00459,distance_geometry_3_3=low,distance_geometry_2_2=low,1,1,2,715,0.26599702380952384,896,0.3333333333333333,896,0.3333333333333333,0.7979910714285714,2.3939732142857144,0.15488591269841273
RAW-FP-R00460,distance_geometry_4_4=high,distance_geometry_3_3=high,1,1,2,715,0.26599702380952384,896,0.3333333333333333,896,0.3333333333333333,0.7979910714285714,2.3939732142857144,0.15488591269841273
RAW-FP-R00461,speed_quant_05=low,angles_quant_95=high,1,1,2,715,0.26599702380952384,896,0.3333333333333333,896,0.3333333333333333,0.7979910714285714,2.3939732142857144,0.15488591269841273
RAW-FP-R00462,relative_transition_entropy_3x3=high,relative_grid_revisit_ratio_3x3=low,1,1,2,775,0.2883184523809524,895,0.33296130952380953,973,0.3619791666666667,0.8659217877094972,2.3921868092118483,0.16779339502728174
RAW-FP-R00463,relative_grid_revisit_ratio_3x3=low,relative_transition_entropy_3x3=high,1,1,2,775,0.2883184523809524,973,0.3619791666666667,895,0.33296130952380953,0.7965056526207606,2.3921868092118483,0.16779339502728174
RAW-FP-R00464,speed_mean_second_half=high,speed_quant_75=high,1,1,2,714,0.265625,896,0.3333333333333333,896,0.3333333333333333,0.796875,2.390625,0.1545138888888889
RAW-FP-R00465,speed_quant_75=high,speed_mean_second_half=high,1,1,2,714,0.265625,896,0.3333333333333333,896,0.3333333333333333,0.796875,2.390625,0.1545138888888889
RAW-FP-R00466,speed_mad=high,speed_meanse=high,1,1,2,713,0.26525297619047616,896,0.3333333333333333,896,0.3333333333333333,0.7957589285714286,2.387276785714286,0.15414186507936506
RAW-FP-R00467,speed_mad=high,speed_sd=high,1,1,2,713,0.26525297619047616,896,0.3333333333333333,896,0.3333333333333333,0.7957589285714286,2.387276785714286,0.15414186507936506
RAW-FP-R00468,speed_meanse=high,speed_mad=high,1,1,2,713,0.26525297619047616,896,0.3333333333333333,896,0.3333333333333333,0.7957589285714286,2.387276785714286,0.15414186507936506
RAW-FP-R00469,speed_sd=high,speed_mad=high,1,1,2,713,0.26525297619047616,896,0.3333333333333333,896,0.3333333333333333,0.7957589285714286,2.387276785714286,0.15414186507936506
RAW-FP-R00470,angles_mean=low,angles_quant_median=low,1,1,2,712,0.2648809523809524,896,0.3333333333333333,896,0.3333333333333333,0.7946428571428571,2.3839285714285716,0.15376984126984128
RAW-FP-R00471,angles_quant_median=low,angles_mean=low,1,1,2,712,0.2648809523809524,896,0.3333333333333333,896,0.3333333333333333,0.7946428571428571,2.3839285714285716,0.15376984126984128
RAW-FP-R00472,speed_iqr=low,speed_meanse=low,1,1,2,711,0.26450892857142855,896,0.3333333333333333,896,0.3333333333333333,0.7935267857142857,2.380580357142857,0.15339781746031744
RAW-FP-R00473,speed_iqr=low,speed_sd=low,1,1,2,711,0.26450892857142855,896,0.3333333333333333,896,0.3333333333333333,0.7935267857142857,2.380580357142857,0.15339781746031744
RAW-FP-R00474,speed_meanse=low,speed_iqr=low,1,1,2,711,0.26450892857142855,896,0.3333333333333333,896,0.3333333333333333,0.7935267857142857,2.380580357142857,0.15339781746031744
RAW-FP-R00475,speed_sd=low,speed_iqr=low,1,1,2,711,0.26450892857142855,896,0.3333333333333333,896,0.3333333333333333,0.7935267857142857,2.380580357142857,0.15339781746031744
RAW-FP-R00476,distance_geometry_3_1=high,distance_geometry_5_1=high,1,1,2,710,0.26413690476190477,896,0.3333333333333333,896,0.3333333333333333,0.7924107142857143,2.3772321428571432,0.15302579365079366
RAW-FP-R00477,distance_geometry_5_1=high,distance_geometry_3_1=high,1,1,2,710,0.26413690476190477,896,0.3333333333333333,896,0.3333333333333333,0.7924107142857143,2.3772321428571432,0.15302579365079366
RAW-FP-R00478,median_distance_to_centroid_m=low,path_length_m=low,1,1,2,710,0.26413690476190477,896,0.3333333333333333,896,0.3333333333333333,0.7924107142857143,2.3772321428571432,0.15302579365079366
RAW-FP-R00479,path_length_m=low,median_distance_to_centroid_m=low,1,1,2,710,0.26413690476190477,896,0.3333333333333333,896,0.3333333333333333,0.7924107142857143,2.3772321428571432,0.15302579365079366
RAW-FP-R00480,bbox_lon_span_deg=high,mean_distance_to_centroid_m=high,1,1,2,709,0.26376488095238093,895,0.33296130952380953,896,0.3333333333333333,0.7921787709497207,2.3765363128491623,0.15277777777777776
RAW-FP-R00481,mean_distance_to_centroid_m=high,bbox_lon_span_deg=high,1,1,2,709,0.26376488095238093,896,0.3333333333333333,895,0.33296130952380953,0.7912946428571429,2.376536312849162,0.15277777777777776
RAW-FP-R00482,distance_geometry_2_1=low,distance_geometry_3_1=low,1,1,2,708,0.26339285714285715,896,0.3333333333333333,896,0.3333333333333333,0.7901785714285714,2.3705357142857144,0.15228174603174605
RAW-FP-R00483,distance_geometry_3_1=low,distance_geometry_2_1=low,1,1,2,708,0.26339285714285715,896,0.3333333333333333,896,0.3333333333333333,0.7901785714285714,2.3705357142857144,0.15228174603174605
RAW-FP-R00484,distance_geometry_3_2=high,distance_geometry_5_3=high,1,1,2,708,0.26339285714285715,896,0.3333333333333333,896,0.3333333333333333,0.7901785714285714,2.3705357142857144,0.15228174603174605
RAW-FP-R00485,distance_geometry_5_3=high,distance_geometry_3_2=high,1,1,2,708,0.26339285714285715,896,0.3333333333333333,896,0.3333333333333333,0.7901785714285714,2.3705357142857144,0.15228174603174605
RAW-FP-R00486,angles_mad=high,angles_quant_median=high,1,1,2,707,0.2630208333333333,896,0.3333333333333333,896,0.3333333333333333,0.7890625,2.3671875,0.1519097222222222
RAW-FP-R00487,angles_quant_90=medium,angles_quant_95=medium,1,1,2,707,0.2630208333333333,896,0.3333333333333333,896,0.3333333333333333,0.7890625,2.3671875,0.1519097222222222
RAW-FP-R00488,angles_quant_95=medium,angles_quant_90=medium,1,1,2,707,0.2630208333333333,896,0.3333333333333333,896,0.3333333333333333,0.7890625,2.3671875,0.1519097222222222
RAW-FP-R00489,angles_quant_median=high,angles_mad=high,1,1,2,707,0.2630208333333333,896,0.3333333333333333,896,0.3333333333333333,0.7890625,2.3671875,0.1519097222222222
RAW-FP-R00490,bbox_area_km2=high,radius_of_gyration_m=high,1,1,2,707,0.2630208333333333,896,0.3333333333333333,896,0.3333333333333333,0.7890625,2.3671875,0.1519097222222222
RAW-FP-R00491,radius_of_gyration_m=high,bbox_area_km2=high,1,1,2,707,0.2630208333333333,896,0.3333333333333333,896,0.3333333333333333,0.7890625,2.3671875,0.1519097222222222
RAW-FP-R00492,speed_quant_75=high,speed_quant_95=high,1,1,2,707,0.2630208333333333,896,0.3333333333333333,896,0.3333333333333333,0.7890625,2.3671875,0.1519097222222222
RAW-FP-R00493,speed_quant_95=high,speed_quant_75=high,1,1,2,707,0.2630208333333333,896,0.3333333333333333,896,0.3333333333333333,0.7890625,2.3671875,0.1519097222222222
RAW-FP-R00494,bbox_lon_span_deg=high,max_distance_to_centroid_m=high,1,1,2,706,0.26264880952380953,895,0.33296130952380953,896,0.3333333333333333,0.788826815642458,2.3664804469273744,0.15166170634920637
RAW-FP-R00495,max_distance_to_centroid_m=high,bbox_lon_span_deg=high,1,1,2,706,0.26264880952380953,896,0.3333333333333333,895,0.33296130952380953,0.7879464285714286,2.3664804469273744,0.15166170634920637
RAW-FP-R00496,bbox_area_km2=high,mean_distance_to_centroid_m=high,1,1,2,706,0.26264880952380953,896,0.3333333333333333,896,0.3333333333333333,0.7879464285714286,2.363839285714286,0.15153769841269843
RAW-FP-R00497,mean_distance_to_centroid_m=high,bbox_area_km2=high,1,1,2,706,0.26264880952380953,896,0.3333333333333333,896,0.3333333333333333,0.7879464285714286,2.363839285714286,0.15153769841269843
RAW-FP-R00498,speed_quant_95=medium,speed_quant_max=medium,1,1,2,706,0.26264880952380953,896,0.3333333333333333,896,0.3333333333333333,0.7879464285714286,2.363839285714286,0.15153769841269843
RAW-FP-R00499,speed_quant_max=medium,speed_quant_95=medium,1,1,2,706,0.26264880952380953,896,0.3333333333333333,896,0.3333333333333333,0.7879464285714286,2.363839285714286,0.15153769841269843
RAW-FP-R00500,bbox_lon_span_deg=high,median_distance_to_centroid_m=high,1,1,2,705,0.2622767857142857,895,0.33296130952380953,896,0.3333333333333333,0.7877094972067039,2.363128491620112,0.15128968253968253
RAW-FP-R00501,median_distance_to_centroid_m=high,bbox_lon_span_deg=high,1,1,2,705,0.2622767857142857,896,0.3333333333333333,895,0.33296130952380953,0.7868303571428571,2.3631284916201114,0.15128968253968253
RAW-FP-R00502,acceleration_iqr=high,acceleration_quant_25=low,1,1,2,705,0.2622767857142857,896,0.3333333333333333,896,0.3333333333333333,0.7868303571428571,2.3604910714285716,0.1511656746031746
RAW-FP-R00503,acceleration_mad=low,acceleration_quant_75=low,1,1,2,705,0.2622767857142857,896,0.3333333333333333,896,0.3333333333333333,0.7868303571428571,2.3604910714285716,0.1511656746031746
RAW-FP-R00504,acceleration_quant_25=low,acceleration_iqr=high,1,1,2,705,0.2622767857142857,896,0.3333333333333333,896,0.3333333333333333,0.7868303571428571,2.3604910714285716,0.1511656746031746
RAW-FP-R00505,acceleration_quant_75=low,acceleration_mad=low,1,1,2,705,0.2622767857142857,896,0.3333333333333333,896,0.3333333333333333,0.7868303571428571,2.3604910714285716,0.1511656746031746
RAW-FP-R00506,angles_iqr=high,angles_mean=high,1,1,2,705,0.2622767857142857,896,0.3333333333333333,896,0.3333333333333333,0.7868303571428571,2.3604910714285716,0.1511656746031746
RAW-FP-R00507,angles_mean=high,angles_iqr=high,1,1,2,705,0.2622767857142857,896,0.3333333333333333,896,0.3333333333333333,0.7868303571428571,2.3604910714285716,0.1511656746031746
RAW-FP-R00508,bbox_area_km2=low,net_displacement_m=low,1,1,2,705,0.2622767857142857,896,0.3333333333333333,896,0.3333333333333333,0.7868303571428571,2.3604910714285716,0.1511656746031746
RAW-FP-R00509,distance_geometry_4_4=medium,distance_geometry_5_5=medium,1,1,2,705,0.2622767857142857,896,0.3333333333333333,896,0.3333333333333333,0.7868303571428571,2.3604910714285716,0.1511656746031746
RAW-FP-R00510,distance_geometry_5_5=medium,distance_geometry_4_4=medium,1,1,2,705,0.2622767857142857,896,0.3333333333333333,896,0.3333333333333333,0.7868303571428571,2.3604910714285716,0.1511656746031746
RAW-FP-R00511,net_displacement_m=low,bbox_area_km2=low,1,1,2,705,0.2622767857142857,896,0.3333333333333333,896,0.3333333333333333,0.7868303571428571,2.3604910714285716,0.1511656746031746
RAW-FP-R00512,angles_meanse=medium,angles_quant_95=medium,1,1,2,704,0.2619047619047619,896,0.3333333333333333,896,0.3333333333333333,0.7857142857142857,2.357142857142857,0.1507936507936508
RAW-FP-R00513,angles_quant_95=medium,angles_sd=medium,1,1,2,704,0.2619047619047619,896,0.3333333333333333,896,0.3333333333333333,0.7857142857142857,2.357142857142857,0.1507936507936508
RAW-FP-R00514,angles_quant_95=medium,angles_meanse=medium,1,1,2,704,0.2619047619047619,896,0.3333333333333333,896,0.3333333333333333,0.7857142857142857,2.357142857142857,0.1507936507936508
RAW-FP-R00515,angles_sd=medium,angles_quant_95=medium,1,1,2,704,0.2619047619047619,896,0.3333333333333333,896,0.3333333333333333,0.7857142857142857,2.357142857142857,0.1507936507936508
RAW-FP-R00516,acceleration_iqr=low,acceleration_quant_75=low,1,1,2,703,0.2615327380952381,896,0.3333333333333333,896,0.3333333333333333,0.7845982142857143,2.3537946428571432,0.15042162698412698
RAW-FP-R00517,acceleration_quant_75=low,acceleration_iqr=low,1,1,2,703,0.2615327380952381,896,0.3333333333333333,896,0.3333333333333333,0.7845982142857143,2.3537946428571432,0.15042162698412698
RAW-FP-R00518,angles_iqr=high,angles_quant_95=high,1,1,2,703,0.2615327380952381,896,0.3333333333333333,896,0.3333333333333333,0.7845982142857143,2.3537946428571432,0.15042162698412698
RAW-FP-R00519,angles_mean=medium,angles_quant_90=medium,1,1,2,703,0.2615327380952381,896,0.3333333333333333,896,0.3333333333333333,0.7845982142857143,2.3537946428571432,0.15042162698412698
RAW-FP-R00520,angles_quant_90=medium,angles_mean=medium,1,1,2,703,0.2615327380952381,896,0.3333333333333333,896,0.3333333333333333,0.7845982142857143,2.3537946428571432,0.15042162698412698
RAW-FP-R00521,angles_quant_95=high,angles_iqr=high,1,1,2,703,0.2615327380952381,896,0.3333333333333333,896,0.3333333333333333,0.7845982142857143,2.3537946428571432,0.15042162698412698
RAW-FP-R00522,bbox_area_km2=high,bbox_diagonal_m=high,1,1,2,703,0.2615327380952381,896,0.3333333333333333,896,0.3333333333333333,0.7845982142857143,2.3537946428571432,0.15042162698412698
RAW-FP-R00523,bbox_diagonal_m=high,bbox_area_km2=high,1,1,2,703,0.2615327380952381,896,0.3333333333333333,896,0.3333333333333333,0.7845982142857143,2.3537946428571432,0.15042162698412698
RAW-FP-R00524,bbox_width_m=high,radius_of_gyration_m=high,1,1,2,703,0.2615327380952381,896,0.3333333333333333,896,0.3333333333333333,0.7845982142857143,2.3537946428571432,0.15042162698412698
RAW-FP-R00525,radius_of_gyration_m=high,bbox_width_m=high,1,1,2,703,0.2615327380952381,896,0.3333333333333333,896,0.3333333333333333,0.7845982142857143,2.3537946428571432,0.15042162698412698
RAW-FP-R00526,speed_mean=high,speed_mean_second_half=high,1,1,2,703,0.2615327380952381,896,0.3333333333333333,896,0.3333333333333333,0.7845982142857143,2.3537946428571432,0.15042162698412698
RAW-FP-R00527,speed_mean_second_half=high,speed_mean=high,1,1,2,703,0.2615327380952381,896,0.3333333333333333,896,0.3333333333333333,0.7845982142857143,2.3537946428571432,0.15042162698412698
RAW-FP-R00528,speed_quant_05=low,speed_quant_min=low,1,1,2,703,0.2615327380952381,896,0.3333333333333333,896,0.3333333333333333,0.7845982142857143,2.3537946428571432,0.15042162698412698
RAW-FP-R00529,speed_quant_min=low,speed_quant_05=low,1,1,2,703,0.2615327380952381,896,0.3333333333333333,896,0.3333333333333333,0.7845982142857143,2.3537946428571432,0.15042162698412698
RAW-FP-R00530,angles_meanse=low,angles_quant_75=low,1,1,2,702,0.2611607142857143,896,0.3333333333333333,896,0.3333333333333333,0.7834821428571429,2.350446428571429,0.1500496031746032
RAW-FP-R00531,angles_quant_75=low,angles_sd=low,1,1,2,702,0.2611607142857143,896,0.3333333333333333,896,0.3333333333333333,0.7834821428571429,2.350446428571429,0.1500496031746032
RAW-FP-R00532,angles_quant_75=low,angles_meanse=low,1,1,2,702,0.2611607142857143,896,0.3333333333333333,896,0.3333333333333333,0.7834821428571429,2.350446428571429,0.1500496031746032
RAW-FP-R00533,angles_sd=low,angles_quant_75=low,1,1,2,702,0.2611607142857143,896,0.3333333333333333,896,0.3333333333333333,0.7834821428571429,2.350446428571429,0.1500496031746032
RAW-FP-R00534,bbox_area_km2=high,max_distance_to_centroid_m=high,1,1,2,702,0.2611607142857143,896,0.3333333333333333,896,0.3333333333333333,0.7834821428571429,2.350446428571429,0.1500496031746032
RAW-FP-R00535,max_distance_to_centroid_m=high,bbox_area_km2=high,1,1,2,702,0.2611607142857143,896,0.3333333333333333,896,0.3333333333333333,0.7834821428571429,2.350446428571429,0.1500496031746032
RAW-FP-R00536,bbox_diagonal_m=low,speed_mean=low,1,1,2,701,0.26078869047619047,896,0.3333333333333333,896,0.3333333333333333,0.7823660714285714,2.3470982142857144,0.14967757936507936
RAW-FP-R00537,speed_mean=low,bbox_diagonal_m=low,1,1,2,701,0.26078869047619047,896,0.3333333333333333,896,0.3333333333333333,0.7823660714285714,2.3470982142857144,0.14967757936507936
RAW-FP-R00538,speed_mean=medium,speed_quant_75=medium,1,1,2,701,0.26078869047619047,896,0.3333333333333333,896,0.3333333333333333,0.7823660714285714,2.3470982142857144,0.14967757936507936
RAW-FP-R00539,speed_mean_second_half=high,speed_quant_90=high,1,1,2,701,0.26078869047619047,896,0.3333333333333333,896,0.3333333333333333,0.7823660714285714,2.3470982142857144,0.14967757936507936
RAW-FP-R00540,speed_meanse=high,speed_quant_90=high,1,1,2,701,0.26078869047619047,896,0.3333333333333333,896,0.3333333333333333,0.7823660714285714,2.3470982142857144,0.14967757936507936
RAW-FP-R00541,speed_quant_75=medium,speed_mean=medium,1,1,2,701,0.26078869047619047,896,0.3333333333333333,896,0.3333333333333333,0.7823660714285714,2.3470982142857144,0.14967757936507936
RAW-FP-R00542,speed_quant_90=high,speed_mean_second_half=high,1,1,2,701,0.26078869047619047,896,0.3333333333333333,896,0.3333333333333333,0.7823660714285714,2.3470982142857144,0.14967757936507936
RAW-FP-R00543,speed_quant_90=high,speed_meanse=high,1,1,2,701,0.26078869047619047,896,0.3333333333333333,896,0.3333333333333333,0.7823660714285714,2.3470982142857144,0.14967757936507936
RAW-FP-R00544,speed_quant_90=high,speed_sd=high,1,1,2,701,0.26078869047619047,896,0.3333333333333333,896,0.3333333333333333,0.7823660714285714,2.3470982142857144,0.14967757936507936
RAW-FP-R00545,speed_sd=high,speed_quant_90=high,1,1,2,701,0.26078869047619047,896,0.3333333333333333,896,0.3333333333333333,0.7823660714285714,2.3470982142857144,0.14967757936507936
RAW-FP-R00546,angles_quant_90=high,speed_quant_10=low,1,1,2,700,0.2604166666666667,896,0.3333333333333333,896,0.3333333333333333,0.78125,2.34375,0.14930555555555558
RAW-FP-R00547,bbox_lon_span_deg=low,max_distance_to_centroid_m=low,1,1,2,700,0.2604166666666667,896,0.3333333333333333,896,0.3333333333333333,0.78125,2.34375,0.14930555555555558
RAW-FP-R00548,max_distance_to_centroid_m=low,bbox_lon_span_deg=low,1,1,2,700,0.2604166666666667,896,0.3333333333333333,896,0.3333333333333333,0.78125,2.34375,0.14930555555555558
RAW-FP-R00549,speed_iqr=medium,speed_mad=medium,1,1,2,700,0.2604166666666667,896,0.3333333333333333,896,0.3333333333333333,0.78125,2.34375,0.14930555555555558
RAW-FP-R00550,speed_mad=medium,speed_iqr=medium,1,1,2,700,0.2604166666666667,896,0.3333333333333333,896,0.3333333333333333,0.78125,2.34375,0.14930555555555558
RAW-FP-R00551,speed_quant_10=low,angles_quant_90=high,1,1,2,700,0.2604166666666667,896,0.3333333333333333,896,0.3333333333333333,0.78125,2.34375,0.14930555555555558
RAW-FP-R00552,bbox_diagonal_m=low,bbox_lon_span_deg=low,1,1,2,699,0.26004464285714285,896,0.3333333333333333,896,0.3333333333333333,0.7801339285714286,2.340401785714286,0.14893353174603174
RAW-FP-R00553,bbox_lon_span_deg=low,bbox_diagonal_m=low,1,1,2,699,0.26004464285714285,896,0.3333333333333333,896,0.3333333333333333,0.7801339285714286,2.340401785714286,0.14893353174603174
RAW-FP-R00554,speed_mean=medium,speed_quant_median=medium,1,1,2,699,0.26004464285714285,896,0.3333333333333333,896,0.3333333333333333,0.7801339285714286,2.340401785714286,0.14893353174603174
RAW-FP-R00555,speed_quant_10=low,speed_quant_median=low,1,1,2,699,0.26004464285714285,896,0.3333333333333333,896,0.3333333333333333,0.7801339285714286,2.340401785714286,0.14893353174603174
RAW-FP-R00556,speed_quant_median=low,speed_quant_10=low,1,1,2,699,0.26004464285714285,896,0.3333333333333333,896,0.3333333333333333,0.7801339285714286,2.340401785714286,0.14893353174603174
RAW-FP-R00557,speed_quant_median=medium,speed_mean=medium,1,1,2,699,0.26004464285714285,896,0.3333333333333333,896,0.3333333333333333,0.7801339285714286,2.340401785714286,0.14893353174603174
RAW-FP-R00558,angles_iqr=high,angles_quant_90=high,1,1,2,698,0.25967261904761907,896,0.3333333333333333,896,0.3333333333333333,0.7790178571428571,2.3370535714285716,0.14856150793650796
RAW-FP-R00559,angles_mean=high,speed_quant_10=low,1,1,2,698,0.25967261904761907,896,0.3333333333333333,896,0.3333333333333333,0.7790178571428571,2.3370535714285716,0.14856150793650796
RAW-FP-R00560,angles_mean=high,angles_quant_median=high,1,1,2,698,0.25967261904761907,896,0.3333333333333333,896,0.3333333333333333,0.7790178571428571,2.3370535714285716,0.14856150793650796
RAW-FP-R00561,angles_quant_90=high,angles_iqr=high,1,1,2,698,0.25967261904761907,896,0.3333333333333333,896,0.3333333333333333,0.7790178571428571,2.3370535714285716,0.14856150793650796
RAW-FP-R00562,angles_quant_median=high,angles_mean=high,1,1,2,698,0.25967261904761907,896,0.3333333333333333,896,0.3333333333333333,0.7790178571428571,2.3370535714285716,0.14856150793650796
RAW-FP-R00563,path_length_m=high,speed_mean=high,1,1,2,698,0.25967261904761907,896,0.3333333333333333,896,0.3333333333333333,0.7790178571428571,2.3370535714285716,0.14856150793650796
RAW-FP-R00564,speed_mean=high,path_length_m=high,1,1,2,698,0.25967261904761907,896,0.3333333333333333,896,0.3333333333333333,0.7790178571428571,2.3370535714285716,0.14856150793650796
RAW-FP-R00565,speed_quant_10=low,angles_mean=high,1,1,2,698,0.25967261904761907,896,0.3333333333333333,896,0.3333333333333333,0.7790178571428571,2.3370535714285716,0.14856150793650796
RAW-FP-R00566,angles_meanse=low,speed_quant_min=high,1,1,2,696,0.25892857142857145,896,0.3333333333333333,896,0.3333333333333333,0.7767857142857143,2.3303571428571432,0.14781746031746035
RAW-FP-R00567,angles_sd=low,speed_quant_min=high,1,1,2,696,0.25892857142857145,896,0.3333333333333333,896,0.3333333333333333,0.7767857142857143,2.3303571428571432,0.14781746031746035
RAW-FP-R00568,bbox_lon_span_deg=low,net_displacement_m=low,1,1,2,696,0.25892857142857145,896,0.3333333333333333,896,0.3333333333333333,0.7767857142857143,2.3303571428571432,0.14781746031746035
RAW-FP-R00569,net_displacement_m=low,bbox_lon_span_deg=low,1,1,2,696,0.25892857142857145,896,0.3333333333333333,896,0.3333333333333333,0.7767857142857143,2.3303571428571432,0.14781746031746035
RAW-FP-R00570,speed_quant_min=high,angles_meanse=low,1,1,2,696,0.25892857142857145,896,0.3333333333333333,896,0.3333333333333333,0.7767857142857143,2.3303571428571432,0.14781746031746035
RAW-FP-R00571,speed_quant_min=high,angles_sd=low,1,1,2,696,0.25892857142857145,896,0.3333333333333333,896,0.3333333333333333,0.7767857142857143,2.3303571428571432,0.14781746031746035
RAW-FP-R00572,bbox_lon_span_deg=low,radius_of_gyration_m=low,1,1,2,695,0.2585565476190476,896,0.3333333333333333,896,0.3333333333333333,0.7756696428571429,2.327008928571429,0.1474454365079365
RAW-FP-R00573,radius_of_gyration_m=low,bbox_lon_span_deg=low,1,1,2,695,0.2585565476190476,896,0.3333333333333333,896,0.3333333333333333,0.7756696428571429,2.327008928571429,0.1474454365079365
RAW-FP-R00574,angles_meanse=high,speed_quant_05=low,1,1,2,694,0.25818452380952384,896,0.3333333333333333,896,0.3333333333333333,0.7745535714285714,2.3236607142857144,0.14707341269841273
RAW-FP-R00575,angles_sd=high,speed_quant_05=low,1,1,2,694,0.25818452380952384,896,0.3333333333333333,896,0.3333333333333333,0.7745535714285714,2.3236607142857144,0.14707341269841273
RAW-FP-R00576,bbox_diagonal_m=low,speed_quant_75=low,1,1,2,694,0.25818452380952384,896,0.3333333333333333,896,0.3333333333333333,0.7745535714285714,2.3236607142857144,0.14707341269841273
RAW-FP-R00577,distance_geometry_2_1=high,distance_geometry_3_1=high,1,1,2,694,0.25818452380952384,896,0.3333333333333333,896,0.3333333333333333,0.7745535714285714,2.3236607142857144,0.14707341269841273
RAW-FP-R00578,distance_geometry_3_1=high,distance_geometry_2_1=high,1,1,2,694,0.25818452380952384,896,0.3333333333333333,896,0.3333333333333333,0.7745535714285714,2.3236607142857144,0.14707341269841273
RAW-FP-R00579,speed_mean=low,speed_mean_second_half=low,1,1,2,694,0.25818452380952384,896,0.3333333333333333,896,0.3333333333333333,0.7745535714285714,2.3236607142857144,0.14707341269841273
RAW-FP-R00580,speed_mean_second_half=low,speed_mean=low,1,1,2,694,0.25818452380952384,896,0.3333333333333333,896,0.3333333333333333,0.7745535714285714,2.3236607142857144,0.14707341269841273
RAW-FP-R00581,speed_quant_05=low,angles_meanse=high,1,1,2,694,0.25818452380952384,896,0.3333333333333333,896,0.3333333333333333,0.7745535714285714,2.3236607142857144,0.14707341269841273
RAW-FP-R00582,speed_quant_05=low,angles_sd=high,1,1,2,694,0.25818452380952384,896,0.3333333333333333,896,0.3333333333333333,0.7745535714285714,2.3236607142857144,0.14707341269841273
RAW-FP-R00583,speed_quant_75=low,bbox_diagonal_m=low,1,1,2,694,0.25818452380952384,896,0.3333333333333333,896,0.3333333333333333,0.7745535714285714,2.3236607142857144,0.14707341269841273
RAW-FP-R00584,relative_grid_revisit_ratio_3x3=low,relative_grid_entropy_3x3=high,1,1,2,753,0.28013392857142855,973,0.3619791666666667,896,0.3333333333333333,0.7738951695786228,2.3216855087358685,0.15947420634920634
RAW-FP-R00585,relative_grid_entropy_3x3=high,relative_grid_revisit_ratio_3x3=low,1,1,2,753,0.28013392857142855,896,0.3333333333333333,973,0.3619791666666667,0.8404017857142857,2.321685508735868,0.15947420634920634
RAW-FP-R00586,angles_iqr=low,angles_mean=low,1,1,2,693,0.2578125,896,0.3333333333333333,896,0.3333333333333333,0.7734375,2.3203125,0.1467013888888889
RAW-FP-R00587,angles_mad=low,angles_quant_90=low,1,1,2,693,0.2578125,896,0.3333333333333333,896,0.3333333333333333,0.7734375,2.3203125,0.1467013888888889
RAW-FP-R00588,angles_mean=low,angles_iqr=low,1,1,2,693,0.2578125,896,0.3333333333333333,896,0.3333333333333333,0.7734375,2.3203125,0.1467013888888889
RAW-FP-R00589,angles_quant_90=low,angles_mad=low,1,1,2,693,0.2578125,896,0.3333333333333333,896,0.3333333333333333,0.7734375,2.3203125,0.1467013888888889
RAW-FP-R00590,max_distance_to_centroid_m=medium,radius_of_gyration_m=medium,1,1,2,693,0.2578125,896,0.3333333333333333,896,0.3333333333333333,0.7734375,2.3203125,0.1467013888888889
RAW-FP-R00591,radius_of_gyration_m=medium,max_distance_to_centroid_m=medium,1,1,2,693,0.2578125,896,0.3333333333333333,896,0.3333333333333333,0.7734375,2.3203125,0.1467013888888889
RAW-FP-R00592,angles_mad=low,angles_mean=low,1,1,2,692,0.25744047619047616,896,0.3333333333333333,896,0.3333333333333333,0.7723214285714286,2.316964285714286,0.14632936507936506
RAW-FP-R00593,angles_mean=low,angles_mad=low,1,1,2,692,0.25744047619047616,896,0.3333333333333333,896,0.3333333333333333,0.7723214285714286,2.316964285714286,0.14632936507936506
RAW-FP-R00594,angles_quant_max=low,speed_quant_min=high,1,1,2,692,0.25744047619047616,896,0.3333333333333333,896,0.3333333333333333,0.7723214285714286,2.316964285714286,0.14632936507936506
RAW-FP-R00595,angles_range=low,speed_quant_min=high,1,1,2,692,0.25744047619047616,896,0.3333333333333333,896,0.3333333333333333,0.7723214285714286,2.316964285714286,0.14632936507936506
RAW-FP-R00596,bbox_width_m=low,max_distance_to_centroid_m=low,1,1,2,692,0.25744047619047616,896,0.3333333333333333,896,0.3333333333333333,0.7723214285714286,2.316964285714286,0.14632936507936506
RAW-FP-R00597,max_distance_to_centroid_m=low,bbox_width_m=low,1,1,2,692,0.25744047619047616,896,0.3333333333333333,896,0.3333333333333333,0.7723214285714286,2.316964285714286,0.14632936507936506
RAW-FP-R00598,speed_quant_min=high,angles_quant_max=low,1,1,2,692,0.25744047619047616,896,0.3333333333333333,896,0.3333333333333333,0.7723214285714286,2.316964285714286,0.14632936507936506
RAW-FP-R00599,speed_quant_min=high,angles_range=low,1,1,2,692,0.25744047619047616,896,0.3333333333333333,896,0.3333333333333333,0.7723214285714286,2.316964285714286,0.14632936507936506
RAW-FP-R00600,angles_mean=medium,angles_quant_95=medium,1,1,2,691,0.2570684523809524,896,0.3333333333333333,896,0.3333333333333333,0.7712053571428571,2.3136160714285716,0.14595734126984128
RAW-FP-R00601,angles_quant_95=medium,angles_mean=medium,1,1,2,691,0.2570684523809524,896,0.3333333333333333,896,0.3333333333333333,0.7712053571428571,2.3136160714285716,0.14595734126984128
RAW-FP-R00602,max_distance_to_centroid_m=low,speed_mean=low,1,1,2,691,0.2570684523809524,896,0.3333333333333333,896,0.3333333333333333,0.7712053571428571,2.3136160714285716,0.14595734126984128
RAW-FP-R00603,path_length_m=high,speed_quant_median=high,1,1,2,691,0.2570684523809524,896,0.3333333333333333,896,0.3333333333333333,0.7712053571428571,2.3136160714285716,0.14595734126984128
RAW-FP-R00604,speed_mean=low,max_distance_to_centroid_m=low,1,1,2,691,0.2570684523809524,896,0.3333333333333333,896,0.3333333333333333,0.7712053571428571,2.3136160714285716,0.14595734126984128
RAW-FP-R00605,speed_quant_median=high,path_length_m=high,1,1,2,691,0.2570684523809524,896,0.3333333333333333,896,0.3333333333333333,0.7712053571428571,2.3136160714285716,0.14595734126984128
RAW-FP-R00606,angles_meanse=high,speed_quant_10=low,1,1,2,690,0.25669642857142855,896,0.3333333333333333,896,0.3333333333333333,0.7700892857142857,2.310267857142857,0.14558531746031744
RAW-FP-R00607,angles_quant_90=high,angles_quant_max=high,1,1,2,690,0.25669642857142855,896,0.3333333333333333,896,0.3333333333333333,0.7700892857142857,2.310267857142857,0.14558531746031744
RAW-FP-R00608,angles_quant_max=high,angles_quant_90=high,1,1,2,690,0.25669642857142855,896,0.3333333333333333,896,0.3333333333333333,0.7700892857142857,2.310267857142857,0.14558531746031744
RAW-FP-R00609,angles_sd=high,speed_quant_10=low,1,1,2,690,0.25669642857142855,896,0.3333333333333333,896,0.3333333333333333,0.7700892857142857,2.310267857142857,0.14558531746031744
RAW-FP-R00610,bbox_width_m=high,mean_distance_to_centroid_m=high,1,1,2,690,0.25669642857142855,896,0.3333333333333333,896,0.3333333333333333,0.7700892857142857,2.310267857142857,0.14558531746031744
RAW-FP-R00611,max_distance_to_centroid_m=medium,net_displacement_m=medium,1,1,2,690,0.25669642857142855,896,0.3333333333333333,896,0.3333333333333333,0.7700892857142857,2.310267857142857,0.14558531746031744
RAW-FP-R00612,mean_distance_to_centroid_m=high,bbox_width_m=high,1,1,2,690,0.25669642857142855,896,0.3333333333333333,896,0.3333333333333333,0.7700892857142857,2.310267857142857,0.14558531746031744
RAW-FP-R00613,mean_distance_to_centroid_m=medium,net_displacement_m=medium,1,1,2,690,0.25669642857142855,896,0.3333333333333333,896,0.3333333333333333,0.7700892857142857,2.310267857142857,0.14558531746031744
RAW-FP-R00614,net_displacement_m=medium,max_distance_to_centroid_m=medium,1,1,2,690,0.25669642857142855,896,0.3333333333333333,896,0.3333333333333333,0.7700892857142857,2.310267857142857,0.14558531746031744
RAW-FP-R00615,net_displacement_m=medium,mean_distance_to_centroid_m=medium,1,1,2,690,0.25669642857142855,896,0.3333333333333333,896,0.3333333333333333,0.7700892857142857,2.310267857142857,0.14558531746031744
RAW-FP-R00616,speed_quant_10=low,angles_meanse=high,1,1,2,690,0.25669642857142855,896,0.3333333333333333,896,0.3333333333333333,0.7700892857142857,2.310267857142857,0.14558531746031744
RAW-FP-R00617,speed_quant_10=low,angles_sd=high,1,1,2,690,0.25669642857142855,896,0.3333333333333333,896,0.3333333333333333,0.7700892857142857,2.310267857142857,0.14558531746031744
RAW-FP-R00618,speed_quant_10=low,speed_quant_min=low,1,1,2,690,0.25669642857142855,896,0.3333333333333333,896,0.3333333333333333,0.7700892857142857,2.310267857142857,0.14558531746031744
RAW-FP-R00619,speed_quant_min=low,speed_quant_10=low,1,1,2,690,0.25669642857142855,896,0.3333333333333333,896,0.3333333333333333,0.7700892857142857,2.310267857142857,0.14558531746031744
RAW-FP-R00620,acceleration_kurt=high,acceleration_quant_max=high,1,1,2,689,0.25632440476190477,896,0.3333333333333333,896,0.3333333333333333,0.7689732142857143,2.3069196428571432,0.14521329365079366
RAW-FP-R00621,acceleration_quant_max=high,acceleration_kurt=high,1,1,2,689,0.25632440476190477,896,0.3333333333333333,896,0.3333333333333333,0.7689732142857143,2.3069196428571432,0.14521329365079366
RAW-FP-R00622,angles_quant_90=high,angles_range=high,1,1,2,689,0.25632440476190477,896,0.3333333333333333,896,0.3333333333333333,0.7689732142857143,2.3069196428571432,0.14521329365079366
RAW-FP-R00623,angles_range=high,angles_quant_90=high,1,1,2,689,0.25632440476190477,896,0.3333333333333333,896,0.3333333333333333,0.7689732142857143,2.3069196428571432,0.14521329365079366
RAW-FP-R00624,bbox_area_km2=low,median_distance_to_centroid_m=low,1,1,2,689,0.25632440476190477,896,0.3333333333333333,896,0.3333333333333333,0.7689732142857143,2.3069196428571432,0.14521329365079366
RAW-FP-R00625,max_distance_to_centroid_m=low,speed_quant_75=low,1,1,2,689,0.25632440476190477,896,0.3333333333333333,896,0.3333333333333333,0.7689732142857143,2.3069196428571432,0.14521329365079366
RAW-FP-R00626,median_distance_to_centroid_m=low,bbox_area_km2=low,1,1,2,689,0.25632440476190477,896,0.3333333333333333,896,0.3333333333333333,0.7689732142857143,2.3069196428571432,0.14521329365079366
RAW-FP-R00627,radius_of_gyration_m=low,speed_mean=low,1,1,2,689,0.25632440476190477,896,0.3333333333333333,896,0.3333333333333333,0.7689732142857143,2.3069196428571432,0.14521329365079366
RAW-FP-R00628,speed_mean=low,radius_of_gyration_m=low,1,1,2,689,0.25632440476190477,896,0.3333333333333333,896,0.3333333333333333,0.7689732142857143,2.3069196428571432,0.14521329365079366
RAW-FP-R00629,speed_quant_75=low,max_distance_to_centroid_m=low,1,1,2,689,0.25632440476190477,896,0.3333333333333333,896,0.3333333333333333,0.7689732142857143,2.3069196428571432,0.14521329365079366
RAW-FP-R00630,sampling_gap_sd_seconds=medium,sampling_gap_mean_seconds=low,1,1,2,342,0.12723214285714285,438,0.16294642857142858,910,0.3385416666666667,0.7808219178082192,2.306427818756586,0.07206798735119047
RAW-FP-R00631,sampling_gap_sd_seconds=medium,duration_total_seconds=low,1,1,2,342,0.12723214285714285,438,0.16294642857142858,910,0.3385416666666667,0.7808219178082192,2.306427818756586,0.07206798735119047
RAW-FP-R00632,bbox_diagonal_m=low,bbox_width_m=low,1,1,2,688,0.25595238095238093,896,0.3333333333333333,896,0.3333333333333333,0.7678571428571429,2.303571428571429,0.14484126984126983
RAW-FP-R00633,bbox_width_m=high,max_distance_to_centroid_m=high,1,1,2,688,0.25595238095238093,896,0.3333333333333333,896,0.3333333333333333,0.7678571428571429,2.303571428571429,0.14484126984126983
RAW-FP-R00634,bbox_width_m=high,median_distance_to_centroid_m=high,1,1,2,688,0.25595238095238093,896,0.3333333333333333,896,0.3333333333333333,0.7678571428571429,2.303571428571429,0.14484126984126983
RAW-FP-R00635,bbox_width_m=low,bbox_diagonal_m=low,1,1,2,688,0.25595238095238093,896,0.3333333333333333,896,0.3333333333333333,0.7678571428571429,2.303571428571429,0.14484126984126983
RAW-FP-R00636,distance_geometry_3_1=low,distance_geometry_5_1=low,1,1,2,688,0.25595238095238093,896,0.3333333333333333,896,0.3333333333333333,0.7678571428571429,2.303571428571429,0.14484126984126983
RAW-FP-R00637,distance_geometry_5_1=low,distance_geometry_3_1=low,1,1,2,688,0.25595238095238093,896,0.3333333333333333,896,0.3333333333333333,0.7678571428571429,2.303571428571429,0.14484126984126983
RAW-FP-R00638,max_distance_to_centroid_m=high,bbox_width_m=high,1,1,2,688,0.25595238095238093,896,0.3333333333333333,896,0.3333333333333333,0.7678571428571429,2.303571428571429,0.14484126984126983
RAW-FP-R00639,mean_distance_to_centroid_m=high,speed_mean=high,1,1,2,688,0.25595238095238093,896,0.3333333333333333,896,0.3333333333333333,0.7678571428571429,2.303571428571429,0.14484126984126983
RAW-FP-R00640,median_distance_to_centroid_m=high,bbox_width_m=high,1,1,2,688,0.25595238095238093,896,0.3333333333333333,896,0.3333333333333333,0.7678571428571429,2.303571428571429,0.14484126984126983
RAW-FP-R00641,radius_of_gyration_m=high,speed_mean=high,1,1,2,688,0.25595238095238093,896,0.3333333333333333,896,0.3333333333333333,0.7678571428571429,2.303571428571429,0.14484126984126983
RAW-FP-R00642,speed_mean=high,mean_distance_to_centroid_m=high,1,1,2,688,0.25595238095238093,896,0.3333333333333333,896,0.3333333333333333,0.7678571428571429,2.303571428571429,0.14484126984126983
RAW-FP-R00643,speed_mean=high,radius_of_gyration_m=high,1,1,2,688,0.25595238095238093,896,0.3333333333333333,896,0.3333333333333333,0.7678571428571429,2.303571428571429,0.14484126984126983
RAW-FP-R00644,acceleration_mad=high,acceleration_quant_75=high,1,1,2,687,0.25558035714285715,896,0.3333333333333333,896,0.3333333333333333,0.7667410714285714,2.3002232142857144,0.14446924603174605
RAW-FP-R00645,acceleration_quant_75=high,acceleration_mad=high,1,1,2,687,0.25558035714285715,896,0.3333333333333333,896,0.3333333333333333,0.7667410714285714,2.3002232142857144,0.14446924603174605
RAW-FP-R00646,bbox_area_km2=high,net_displacement_m=high,1,1,2,687,0.25558035714285715,896,0.3333333333333333,896,0.3333333333333333,0.7667410714285714,2.3002232142857144,0.14446924603174605
RAW-FP-R00647,bbox_diagonal_m=high,speed_mean=high,1,1,2,687,0.25558035714285715,896,0.3333333333333333,896,0.3333333333333333,0.7667410714285714,2.3002232142857144,0.14446924603174605
RAW-FP-R00648,bbox_diagonal_m=low,speed_quant_median=low,1,1,2,687,0.25558035714285715,896,0.3333333333333333,896,0.3333333333333333,0.7667410714285714,2.3002232142857144,0.14446924603174605
RAW-FP-R00649,bbox_lon_span_deg=low,mean_distance_to_centroid_m=low,1,1,2,687,0.25558035714285715,896,0.3333333333333333,896,0.3333333333333333,0.7667410714285714,2.3002232142857144,0.14446924603174605
RAW-FP-R00650,mean_distance_to_centroid_m=high,speed_quant_median=high,1,1,2,687,0.25558035714285715,896,0.3333333333333333,896,0.3333333333333333,0.7667410714285714,2.3002232142857144,0.14446924603174605
RAW-FP-R00651,mean_distance_to_centroid_m=low,bbox_lon_span_deg=low,1,1,2,687,0.25558035714285715,896,0.3333333333333333,896,0.3333333333333333,0.7667410714285714,2.3002232142857144,0.14446924603174605
RAW-FP-R00652,net_displacement_m=high,bbox_area_km2=high,1,1,2,687,0.25558035714285715,896,0.3333333333333333,896,0.3333333333333333,0.7667410714285714,2.3002232142857144,0.14446924603174605
RAW-FP-R00653,radius_of_gyration_m=low,speed_quant_median=low,1,1,2,687,0.25558035714285715,896,0.3333333333333333,896,0.3333333333333333,0.7667410714285714,2.3002232142857144,0.14446924603174605
RAW-FP-R00654,speed_mean=high,bbox_diagonal_m=high,1,1,2,687,0.25558035714285715,896,0.3333333333333333,896,0.3333333333333333,0.7667410714285714,2.3002232142857144,0.14446924603174605
RAW-FP-R00655,speed_quant_median=high,mean_distance_to_centroid_m=high,1,1,2,687,0.25558035714285715,896,0.3333333333333333,896,0.3333333333333333,0.7667410714285714,2.3002232142857144,0.14446924603174605
RAW-FP-R00656,speed_quant_median=low,bbox_diagonal_m=low,1,1,2,687,0.25558035714285715,896,0.3333333333333333,896,0.3333333333333333,0.7667410714285714,2.3002232142857144,0.14446924603174605
RAW-FP-R00657,speed_quant_median=low,radius_of_gyration_m=low,1,1,2,687,0.25558035714285715,896,0.3333333333333333,896,0.3333333333333333,0.7667410714285714,2.3002232142857144,0.14446924603174605
RAW-FP-R00658,acceleration_mean_half_diff=high,acceleration_progress_slope=high,1,1,2,686,0.2552083333333333,896,0.3333333333333333,896,0.3333333333333333,0.765625,2.296875,0.1440972222222222
RAW-FP-R00659,acceleration_progress_slope=high,acceleration_mean_half_diff=high,1,1,2,686,0.2552083333333333,896,0.3333333333333333,896,0.3333333333333333,0.765625,2.296875,0.1440972222222222
RAW-FP-R00660,bbox_width_m=low,net_displacement_m=low,1,1,2,686,0.2552083333333333,896,0.3333333333333333,896,0.3333333333333333,0.765625,2.296875,0.1440972222222222
RAW-FP-R00661,net_displacement_m=low,bbox_width_m=low,1,1,2,686,0.2552083333333333,896,0.3333333333333333,896,0.3333333333333333,0.765625,2.296875,0.1440972222222222
RAW-FP-R00662,angles_mad=high,angles_mean=high,1,1,2,685,0.25483630952380953,896,0.3333333333333333,896,0.3333333333333333,0.7645089285714286,2.293526785714286,0.14372519841269843
RAW-FP-R00663,angles_mean=high,angles_mad=high,1,1,2,685,0.25483630952380953,896,0.3333333333333333,896,0.3333333333333333,0.7645089285714286,2.293526785714286,0.14372519841269843
RAW-FP-R00664,angles_meanse=low,speed_quant_05=high,1,1,2,685,0.25483630952380953,896,0.3333333333333333,896,0.3333333333333333,0.7645089285714286,2.293526785714286,0.14372519841269843
RAW-FP-R00665,angles_quant_95=high,speed_quant_25=low,1,1,2,685,0.25483630952380953,896,0.3333333333333333,896,0.3333333333333333,0.7645089285714286,2.293526785714286,0.14372519841269843
RAW-FP-R00666,angles_sd=low,speed_quant_05=high,1,1,2,685,0.25483630952380953,896,0.3333333333333333,896,0.3333333333333333,0.7645089285714286,2.293526785714286,0.14372519841269843
RAW-FP-R00667,speed_quant_05=high,angles_meanse=low,1,1,2,685,0.25483630952380953,896,0.3333333333333333,896,0.3333333333333333,0.7645089285714286,2.293526785714286,0.14372519841269843
RAW-FP-R00668,speed_quant_05=high,angles_sd=low,1,1,2,685,0.25483630952380953,896,0.3333333333333333,896,0.3333333333333333,0.7645089285714286,2.293526785714286,0.14372519841269843
RAW-FP-R00669,speed_quant_25=low,angles_quant_95=high,1,1,2,685,0.25483630952380953,896,0.3333333333333333,896,0.3333333333333333,0.7645089285714286,2.293526785714286,0.14372519841269843
RAW-FP-R00670,radius_of_gyration_m=high,speed_quant_median=high,1,1,2,684,0.2544642857142857,896,0.3333333333333333,896,0.3333333333333333,0.7633928571428571,2.2901785714285716,0.1433531746031746
RAW-FP-R00671,speed_quant_median=high,radius_of_gyration_m=high,1,1,2,684,0.2544642857142857,896,0.3333333333333333,896,0.3333333333333333,0.7633928571428571,2.2901785714285716,0.1433531746031746
RAW-FP-R00672,acceleration_iqr=low,acceleration_quant_25=high,1,1,2,683,0.2540922619047619,896,0.3333333333333333,896,0.3333333333333333,0.7622767857142857,2.286830357142857,0.1429811507936508
RAW-FP-R00673,acceleration_quant_25=high,acceleration_iqr=low,1,1,2,683,0.2540922619047619,896,0.3333333333333333,896,0.3333333333333333,0.7622767857142857,2.286830357142857,0.1429811507936508
RAW-FP-R00674,angles_mean=high,speed_quant_05=low,1,1,2,683,0.2540922619047619,896,0.3333333333333333,896,0.3333333333333333,0.7622767857142857,2.286830357142857,0.1429811507936508
RAW-FP-R00675,bbox_width_m=low,radius_of_gyration_m=low,1,1,2,683,0.2540922619047619,896,0.3333333333333333,896,0.3333333333333333,0.7622767857142857,2.286830357142857,0.1429811507936508
RAW-FP-R00676,radius_of_gyration_m=low,bbox_width_m=low,1,1,2,683,0.2540922619047619,896,0.3333333333333333,896,0.3333333333333333,0.7622767857142857,2.286830357142857,0.1429811507936508
RAW-FP-R00677,speed_quant_05=low,angles_mean=high,1,1,2,683,0.2540922619047619,896,0.3333333333333333,896,0.3333333333333333,0.7622767857142857,2.286830357142857,0.1429811507936508
RAW-FP-R00678,speed_quant_25=high,speed_quant_min=high,1,1,2,683,0.2540922619047619,896,0.3333333333333333,896,0.3333333333333333,0.7622767857142857,2.286830357142857,0.1429811507936508
RAW-FP-R00679,speed_quant_min=high,speed_quant_25=high,1,1,2,683,0.2540922619047619,896,0.3333333333333333,896,0.3333333333333333,0.7622767857142857,2.286830357142857,0.1429811507936508
RAW-FP-R00680,acceleration_mean_half_diff=high,acceleration_mean_second_half=high,1,1,2,682,0.2537202380952381,896,0.3333333333333333,896,0.3333333333333333,0.7611607142857143,2.2834821428571432,0.14260912698412698
RAW-FP-R00681,acceleration_mean_second_half=high,acceleration_mean_half_diff=high,1,1,2,682,0.2537202380952381,896,0.3333333333333333,896,0.3333333333333333,0.7611607142857143,2.2834821428571432,0.14260912698412698
RAW-FP-R00682,angles_iqr=low,angles_sd=low,1,1,2,682,0.2537202380952381,896,0.3333333333333333,896,0.3333333333333333,0.7611607142857143,2.2834821428571432,0.14260912698412698
RAW-FP-R00683,angles_iqr=low,angles_meanse=low,1,1,2,682,0.2537202380952381,896,0.3333333333333333,896,0.3333333333333333,0.7611607142857143,2.2834821428571432,0.14260912698412698
RAW-FP-R00684,angles_meanse=low,angles_iqr=low,1,1,2,682,0.2537202380952381,896,0.3333333333333333,896,0.3333333333333333,0.7611607142857143,2.2834821428571432,0.14260912698412698
RAW-FP-R00685,angles_sd=low,angles_iqr=low,1,1,2,682,0.2537202380952381,896,0.3333333333333333,896,0.3333333333333333,0.7611607142857143,2.2834821428571432,0.14260912698412698
RAW-FP-R00686,path_length_m=low,speed_mean=low,1,1,2,682,0.2537202380952381,896,0.3333333333333333,896,0.3333333333333333,0.7611607142857143,2.2834821428571432,0.14260912698412698
RAW-FP-R00687,radius_of_gyration_m=low,speed_quant_75=low,1,1,2,682,0.2537202380952381,896,0.3333333333333333,896,0.3333333333333333,0.7611607142857143,2.2834821428571432,0.14260912698412698
RAW-FP-R00688,speed_mean=low,path_length_m=low,1,1,2,682,0.2537202380952381,896,0.3333333333333333,896,0.3333333333333333,0.7611607142857143,2.2834821428571432,0.14260912698412698
RAW-FP-R00689,speed_quant_75=low,radius_of_gyration_m=low,1,1,2,682,0.2537202380952381,896,0.3333333333333333,896,0.3333333333333333,0.7611607142857143,2.2834821428571432,0.14260912698412698
RAW-FP-R00690,angles_iqr=low,angles_quant_95=low,1,1,2,681,0.2533482142857143,896,0.3333333333333333,896,0.3333333333333333,0.7600446428571429,2.280133928571429,0.1422371031746032
RAW-FP-R00691,angles_quant_95=low,angles_iqr=low,1,1,2,681,0.2533482142857143,896,0.3333333333333333,896,0.3333333333333333,0.7600446428571429,2.280133928571429,0.1422371031746032
RAW-FP-R00692,speed_quant_max=low,speed_range=low,1,1,2,681,0.2533482142857143,896,0.3333333333333333,896,0.3333333333333333,0.7600446428571429,2.280133928571429,0.1422371031746032
RAW-FP-R00693,speed_range=low,speed_quant_max=low,1,1,2,681,0.2533482142857143,896,0.3333333333333333,896,0.3333333333333333,0.7600446428571429,2.280133928571429,0.1422371031746032
RAW-FP-R00694,acceleration_iqr=high,acceleration_quant_75=high,1,1,2,680,0.25297619047619047,896,0.3333333333333333,896,0.3333333333333333,0.7589285714285714,2.2767857142857144,0.14186507936507936
RAW-FP-R00695,acceleration_quant_05=high,acceleration_quant_min=high,1,1,2,680,0.25297619047619047,896,0.3333333333333333,896,0.3333333333333333,0.7589285714285714,2.2767857142857144,0.14186507936507936
RAW-FP-R00696,acceleration_quant_75=high,acceleration_iqr=high,1,1,2,680,0.25297619047619047,896,0.3333333333333333,896,0.3333333333333333,0.7589285714285714,2.2767857142857144,0.14186507936507936
RAW-FP-R00697,acceleration_quant_min=high,acceleration_quant_05=high,1,1,2,680,0.25297619047619047,896,0.3333333333333333,896,0.3333333333333333,0.7589285714285714,2.2767857142857144,0.14186507936507936
RAW-FP-R00698,mean_distance_to_centroid_m=low,speed_quant_median=low,1,1,2,680,0.25297619047619047,896,0.3333333333333333,896,0.3333333333333333,0.7589285714285714,2.2767857142857144,0.14186507936507936
RAW-FP-R00699,speed_quant_median=low,mean_distance_to_centroid_m=low,1,1,2,680,0.25297619047619047,896,0.3333333333333333,896,0.3333333333333333,0.7589285714285714,2.2767857142857144,0.14186507936507936
RAW-FP-R00700,angles_quant_90=high,speed_quant_05=low,1,1,2,679,0.2526041666666667,896,0.3333333333333333,896,0.3333333333333333,0.7578125,2.2734375,0.14149305555555558
RAW-FP-R00701,distance_geometry_4_1=medium,distance_geometry_5_1=medium,1,1,2,679,0.2526041666666667,896,0.3333333333333333,896,0.3333333333333333,0.7578125,2.2734375,0.14149305555555558
RAW-FP-R00702,distance_geometry_5_1=medium,distance_geometry_4_1=medium,1,1,2,679,0.2526041666666667,896,0.3333333333333333,896,0.3333333333333333,0.7578125,2.2734375,0.14149305555555558
RAW-FP-R00703,mean_distance_to_centroid_m=low,speed_mean=low,1,1,2,679,0.2526041666666667,896,0.3333333333333333,896,0.3333333333333333,0.7578125,2.2734375,0.14149305555555558
RAW-FP-R00704,speed_mean=high,speed_quant_95=high,1,1,2,679,0.2526041666666667,896,0.3333333333333333,896,0.3333333333333333,0.7578125,2.2734375,0.14149305555555558
RAW-FP-R00705,speed_mean=low,mean_distance_to_centroid_m=low,1,1,2,679,0.2526041666666667,896,0.3333333333333333,896,0.3333333333333333,0.7578125,2.2734375,0.14149305555555558
RAW-FP-R00706,speed_quant_05=low,angles_quant_90=high,1,1,2,679,0.2526041666666667,896,0.3333333333333333,896,0.3333333333333333,0.7578125,2.2734375,0.14149305555555558
RAW-FP-R00707,speed_quant_95=high,speed_mean=high,1,1,2,679,0.2526041666666667,896,0.3333333333333333,896,0.3333333333333333,0.7578125,2.2734375,0.14149305555555558
RAW-FP-R00708,distance_geometry_4_3=low,distance_geometry_5_4=low,1,1,2,678,0.25223214285714285,896,0.3333333333333333,896,0.3333333333333333,0.7566964285714286,2.270089285714286,0.14112103174603174
RAW-FP-R00709,distance_geometry_5_4=low,distance_geometry_4_3=low,1,1,2,678,0.25223214285714285,896,0.3333333333333333,896,0.3333333333333333,0.7566964285714286,2.270089285714286,0.14112103174603174
RAW-FP-R00710,max_distance_to_centroid_m=high,speed_mean=high,1,1,2,678,0.25223214285714285,896,0.3333333333333333,896,0.3333333333333333,0.7566964285714286,2.270089285714286,0.14112103174603174
RAW-FP-R00711,net_displacement_m=low,speed_mean=low,1,1,2,678,0.25223214285714285,896,0.3333333333333333,896,0.3333333333333333,0.7566964285714286,2.270089285714286,0.14112103174603174
RAW-FP-R00712,speed_mean=high,max_distance_to_centroid_m=high,1,1,2,678,0.25223214285714285,896,0.3333333333333333,896,0.3333333333333333,0.7566964285714286,2.270089285714286,0.14112103174603174
RAW-FP-R00713,speed_mean=low,net_displacement_m=low,1,1,2,678,0.25223214285714285,896,0.3333333333333333,896,0.3333333333333333,0.7566964285714286,2.270089285714286,0.14112103174603174
RAW-FP-R00714,acceleration_kurt=low,acceleration_quant_max=low,1,1,2,677,0.25186011904761907,896,0.3333333333333333,896,0.3333333333333333,0.7555803571428571,2.2667410714285716,0.14074900793650796
RAW-FP-R00715,acceleration_quant_max=low,acceleration_kurt=low,1,1,2,677,0.25186011904761907,896,0.3333333333333333,896,0.3333333333333333,0.7555803571428571,2.2667410714285716,0.14074900793650796
RAW-FP-R00716,angles_iqr=medium,angles_quant_75=medium,1,1,2,676,0.25148809523809523,896,0.3333333333333333,896,0.3333333333333333,0.7544642857142857,2.263392857142857,0.14037698412698413
RAW-FP-R00717,angles_mean=medium,angles_sd=medium,1,1,2,676,0.25148809523809523,896,0.3333333333333333,896,0.3333333333333333,0.7544642857142857,2.263392857142857,0.14037698412698413
RAW-FP-R00718,angles_mean=medium,angles_meanse=medium,1,1,2,676,0.25148809523809523,896,0.3333333333333333,896,0.3333333333333333,0.7544642857142857,2.263392857142857,0.14037698412698413
RAW-FP-R00719,angles_meanse=medium,angles_mean=medium,1,1,2,676,0.25148809523809523,896,0.3333333333333333,896,0.3333333333333333,0.7544642857142857,2.263392857142857,0.14037698412698413
RAW-FP-R00720,angles_quant_75=medium,angles_iqr=medium,1,1,2,676,0.25148809523809523,896,0.3333333333333333,896,0.3333333333333333,0.7544642857142857,2.263392857142857,0.14037698412698413
RAW-FP-R00721,angles_quant_90=high,speed_quant_25=low,1,1,2,676,0.25148809523809523,896,0.3333333333333333,896,0.3333333333333333,0.7544642857142857,2.263392857142857,0.14037698412698413
RAW-FP-R00722,angles_sd=medium,angles_mean=medium,1,1,2,676,0.25148809523809523,896,0.3333333333333333,896,0.3333333333333333,0.7544642857142857,2.263392857142857,0.14037698412698413
RAW-FP-R00723,path_length_m=high,speed_quant_75=high,1,1,2,676,0.25148809523809523,896,0.3333333333333333,896,0.3333333333333333,0.7544642857142857,2.263392857142857,0.14037698412698413
RAW-FP-R00724,path_length_m=low,speed_quant_75=low,1,1,2,676,0.25148809523809523,896,0.3333333333333333,896,0.3333333333333333,0.7544642857142857,2.263392857142857,0.14037698412698413
RAW-FP-R00725,speed_mad=low,speed_meanse=low,1,1,2,676,0.25148809523809523,896,0.3333333333333333,896,0.3333333333333333,0.7544642857142857,2.263392857142857,0.14037698412698413
RAW-FP-R00726,speed_mad=low,speed_sd=low,1,1,2,676,0.25148809523809523,896,0.3333333333333333,896,0.3333333333333333,0.7544642857142857,2.263392857142857,0.14037698412698413
RAW-FP-R00727,speed_meanse=low,speed_mad=low,1,1,2,676,0.25148809523809523,896,0.3333333333333333,896,0.3333333333333333,0.7544642857142857,2.263392857142857,0.14037698412698413
RAW-FP-R00728,speed_quant_25=low,angles_quant_90=high,1,1,2,676,0.25148809523809523,896,0.3333333333333333,896,0.3333333333333333,0.7544642857142857,2.263392857142857,0.14037698412698413
RAW-FP-R00729,speed_quant_75=high,path_length_m=high,1,1,2,676,0.25148809523809523,896,0.3333333333333333,896,0.3333333333333333,0.7544642857142857,2.263392857142857,0.14037698412698413
RAW-FP-R00730,speed_quant_75=low,path_length_m=low,1,1,2,676,0.25148809523809523,896,0.3333333333333333,896,0.3333333333333333,0.7544642857142857,2.263392857142857,0.14037698412698413
RAW-FP-R00731,speed_sd=low,speed_mad=low,1,1,2,676,0.25148809523809523,896,0.3333333333333333,896,0.3333333333333333,0.7544642857142857,2.263392857142857,0.14037698412698413
RAW-FP-R00732,angles_iqr=high,speed_quant_25=low,1,1,2,675,0.25111607142857145,896,0.3333333333333333,896,0.3333333333333333,0.7533482142857143,2.2600446428571432,0.14000496031746035
RAW-FP-R00733,angles_meanse=low,speed_quant_10=high,1,1,2,675,0.25111607142857145,896,0.3333333333333333,896,0.3333333333333333,0.7533482142857143,2.2600446428571432,0.14000496031746035
RAW-FP-R00734,angles_sd=low,speed_quant_10=high,1,1,2,675,0.25111607142857145,896,0.3333333333333333,896,0.3333333333333333,0.7533482142857143,2.2600446428571432,0.14000496031746035
RAW-FP-R00735,bbox_area_km2=high,median_distance_to_centroid_m=high,1,1,2,675,0.25111607142857145,896,0.3333333333333333,896,0.3333333333333333,0.7533482142857143,2.2600446428571432,0.14000496031746035
RAW-FP-R00736,bbox_diagonal_m=high,speed_quant_median=high,1,1,2,675,0.25111607142857145,896,0.3333333333333333,896,0.3333333333333333,0.7533482142857143,2.2600446428571432,0.14000496031746035
RAW-FP-R00737,max_distance_to_centroid_m=medium,path_length_m=medium,1,1,2,675,0.25111607142857145,896,0.3333333333333333,896,0.3333333333333333,0.7533482142857143,2.2600446428571432,0.14000496031746035
RAW-FP-R00738,median_distance_to_centroid_m=high,bbox_area_km2=high,1,1,2,675,0.25111607142857145,896,0.3333333333333333,896,0.3333333333333333,0.7533482142857143,2.2600446428571432,0.14000496031746035
RAW-FP-R00739,path_length_m=medium,max_distance_to_centroid_m=medium,1,1,2,675,0.25111607142857145,896,0.3333333333333333,896,0.3333333333333333,0.7533482142857143,2.2600446428571432,0.14000496031746035
RAW-FP-R00740,speed_mean=low,speed_quant_10=low,1,1,2,675,0.25111607142857145,896,0.3333333333333333,896,0.3333333333333333,0.7533482142857143,2.2600446428571432,0.14000496031746035
RAW-FP-R00741,speed_mean_first_half=low,speed_quant_25=low,1,1,2,675,0.25111607142857145,896,0.3333333333333333,896,0.3333333333333333,0.7533482142857143,2.2600446428571432,0.14000496031746035
RAW-FP-R00742,speed_quant_10=high,angles_meanse=low,1,1,2,675,0.25111607142857145,896,0.3333333333333333,896,0.3333333333333333,0.7533482142857143,2.2600446428571432,0.14000496031746035
RAW-FP-R00743,speed_quant_10=high,angles_sd=low,1,1,2,675,0.25111607142857145,896,0.3333333333333333,896,0.3333333333333333,0.7533482142857143,2.2600446428571432,0.14000496031746035
RAW-FP-R00744,speed_quant_10=low,speed_mean=low,1,1,2,675,0.25111607142857145,896,0.3333333333333333,896,0.3333333333333333,0.7533482142857143,2.2600446428571432,0.14000496031746035
RAW-FP-R00745,speed_quant_25=low,angles_iqr=high,1,1,2,675,0.25111607142857145,896,0.3333333333333333,896,0.3333333333333333,0.7533482142857143,2.2600446428571432,0.14000496031746035
RAW-FP-R00746,speed_quant_25=low,speed_mean_first_half=low,1,1,2,675,0.25111607142857145,896,0.3333333333333333,896,0.3333333333333333,0.7533482142857143,2.2600446428571432,0.14000496031746035
RAW-FP-R00747,speed_quant_median=high,bbox_diagonal_m=high,1,1,2,675,0.25111607142857145,896,0.3333333333333333,896,0.3333333333333333,0.7533482142857143,2.2600446428571432,0.14000496031746035
RAW-FP-R00748,bbox_width_m=low,mean_distance_to_centroid_m=low,1,1,2,674,0.2507440476190476,896,0.3333333333333333,896,0.3333333333333333,0.7522321428571429,2.256696428571429,0.1396329365079365
RAW-FP-R00749,mean_distance_to_centroid_m=low,bbox_width_m=low,1,1,2,674,0.2507440476190476,896,0.3333333333333333,896,0.3333333333333333,0.7522321428571429,2.256696428571429,0.1396329365079365
RAW-FP-R00750,radius_of_gyration_m=high,speed_quant_25=high,1,1,2,674,0.2507440476190476,896,0.3333333333333333,896,0.3333333333333333,0.7522321428571429,2.256696428571429,0.1396329365079365
RAW-FP-R00751,speed_mean_second_half=low,speed_quant_75=low,1,1,2,674,0.2507440476190476,896,0.3333333333333333,896,0.3333333333333333,0.7522321428571429,2.256696428571429,0.1396329365079365
RAW-FP-R00752,speed_quant_25=high,radius_of_gyration_m=high,1,1,2,674,0.2507440476190476,896,0.3333333333333333,896,0.3333333333333333,0.7522321428571429,2.256696428571429,0.1396329365079365
RAW-FP-R00753,speed_quant_75=low,speed_mean_second_half=low,1,1,2,674,0.2507440476190476,896,0.3333333333333333,896,0.3333333333333333,0.7522321428571429,2.256696428571429,0.1396329365079365
RAW-FP-R00754,angles_quant_95=low,speed_quant_min=high,1,1,2,673,0.25037202380952384,896,0.3333333333333333,896,0.3333333333333333,0.7511160714285714,2.2533482142857144,0.13926091269841273
RAW-FP-R00755,mean_distance_to_centroid_m=high,speed_quant_25=high,1,1,2,673,0.25037202380952384,896,0.3333333333333333,896,0.3333333333333333,0.7511160714285714,2.2533482142857144,0.13926091269841273
RAW-FP-R00756,speed_mean_first_half=high,speed_quant_25=high,1,1,2,673,0.25037202380952384,896,0.3333333333333333,896,0.3333333333333333,0.7511160714285714,2.2533482142857144,0.13926091269841273
RAW-FP-R00757,speed_mean_first_half=high,speed_quant_median=high,1,1,2,673,0.25037202380952384,896,0.3333333333333333,896,0.3333333333333333,0.7511160714285714,2.2533482142857144,0.13926091269841273
RAW-FP-R00758,speed_mean_first_half=low,speed_quant_median=low,1,1,2,673,0.25037202380952384,896,0.3333333333333333,896,0.3333333333333333,0.7511160714285714,2.2533482142857144,0.13926091269841273
RAW-FP-R00759,speed_quant_25=high,mean_distance_to_centroid_m=high,1,1,2,673,0.25037202380952384,896,0.3333333333333333,896,0.3333333333333333,0.7511160714285714,2.2533482142857144,0.13926091269841273
RAW-FP-R00760,speed_quant_25=high,speed_mean_first_half=high,1,1,2,673,0.25037202380952384,896,0.3333333333333333,896,0.3333333333333333,0.7511160714285714,2.2533482142857144,0.13926091269841273
RAW-FP-R00761,speed_quant_median=high,speed_mean_first_half=high,1,1,2,673,0.25037202380952384,896,0.3333333333333333,896,0.3333333333333333,0.7511160714285714,2.2533482142857144,0.13926091269841273
RAW-FP-R00762,speed_quant_median=low,speed_mean_first_half=low,1,1,2,673,0.25037202380952384,896,0.3333333333333333,896,0.3333333333333333,0.7511160714285714,2.2533482142857144,0.13926091269841273
RAW-FP-R00763,speed_quant_min=high,angles_quant_95=low,1,1,2,673,0.25037202380952384,896,0.3333333333333333,896,0.3333333333333333,0.7511160714285714,2.2533482142857144,0.13926091269841273
RAW-FP-R00764,angles_quant_90=low,angles_quant_median=low,1,1,2,672,0.25,896,0.3333333333333333,896,0.3333333333333333,0.75,2.25,0.1388888888888889
RAW-FP-R00765,angles_quant_median=low,angles_quant_90=low,1,1,2,672,0.25,896,0.3333333333333333,896,0.3333333333333333,0.75,2.25,0.1388888888888889
RAW-FP-R00766,speed_quant_10=medium,speed_quant_25=medium,1,1,2,672,0.25,896,0.3333333333333333,896,0.3333333333333333,0.75,2.25,0.1388888888888889
RAW-FP-R00767,speed_quant_25=medium,speed_quant_10=medium,1,1,2,672,0.25,896,0.3333333333333333,896,0.3333333333333333,0.75,2.25,0.1388888888888889
RAW-FP-R00768,angles_mad=high,angles_quant_90=high,1,1,2,671,0.2496279761904762,896,0.3333333333333333,896,0.3333333333333333,0.7488839285714286,2.246651785714286,0.1385168650793651
RAW-FP-R00769,angles_quant_90=high,angles_mad=high,1,1,2,671,0.2496279761904762,896,0.3333333333333333,896,0.3333333333333333,0.7488839285714286,2.246651785714286,0.1385168650793651
RAW-FP-R00770,angles_quant_max=high,speed_quant_05=low,1,1,2,671,0.2496279761904762,896,0.3333333333333333,896,0.3333333333333333,0.7488839285714286,2.246651785714286,0.1385168650793651
RAW-FP-R00771,angles_range=high,speed_quant_05=low,1,1,2,671,0.2496279761904762,896,0.3333333333333333,896,0.3333333333333333,0.7488839285714286,2.246651785714286,0.1385168650793651
RAW-FP-R00772,mean_distance_to_centroid_m=low,speed_quant_75=low,1,1,2,671,0.2496279761904762,896,0.3333333333333333,896,0.3333333333333333,0.7488839285714286,2.246651785714286,0.1385168650793651
RAW-FP-R00773,median_distance_to_centroid_m=low,speed_quant_median=low,1,1,2,671,0.2496279761904762,896,0.3333333333333333,896,0.3333333333333333,0.7488839285714286,2.246651785714286,0.1385168650793651
RAW-FP-R00774,net_displacement_m=high,speed_mean=high,1,1,2,671,0.2496279761904762,896,0.3333333333333333,896,0.3333333333333333,0.7488839285714286,2.246651785714286,0.1385168650793651
RAW-FP-R00775,speed_mean=high,net_displacement_m=high,1,1,2,671,0.2496279761904762,896,0.3333333333333333,896,0.3333333333333333,0.7488839285714286,2.246651785714286,0.1385168650793651
RAW-FP-R00776,speed_mean_second_half=high,speed_quant_95=high,1,1,2,671,0.2496279761904762,896,0.3333333333333333,896,0.3333333333333333,0.7488839285714286,2.246651785714286,0.1385168650793651
RAW-FP-R00777,speed_quant_05=low,angles_quant_max=high,1,1,2,671,0.2496279761904762,896,0.3333333333333333,896,0.3333333333333333,0.7488839285714286,2.246651785714286,0.1385168650793651
RAW-FP-R00778,speed_quant_05=low,angles_range=high,1,1,2,671,0.2496279761904762,896,0.3333333333333333,896,0.3333333333333333,0.7488839285714286,2.246651785714286,0.1385168650793651
RAW-FP-R00779,speed_quant_05=low,speed_quant_median=low,1,1,2,671,0.2496279761904762,896,0.3333333333333333,896,0.3333333333333333,0.7488839285714286,2.246651785714286,0.1385168650793651
RAW-FP-R00780,speed_quant_75=low,mean_distance_to_centroid_m=low,1,1,2,671,0.2496279761904762,896,0.3333333333333333,896,0.3333333333333333,0.7488839285714286,2.246651785714286,0.1385168650793651
RAW-FP-R00781,speed_quant_75=low,speed_quant_max=low,1,1,2,671,0.2496279761904762,896,0.3333333333333333,896,0.3333333333333333,0.7488839285714286,2.246651785714286,0.1385168650793651
RAW-FP-R00782,speed_quant_90=high,speed_range=high,1,1,2,671,0.2496279761904762,896,0.3333333333333333,896,0.3333333333333333,0.7488839285714286,2.246651785714286,0.1385168650793651
RAW-FP-R00783,speed_quant_95=high,speed_mean_second_half=high,1,1,2,671,0.2496279761904762,896,0.3333333333333333,896,0.3333333333333333,0.7488839285714286,2.246651785714286,0.1385168650793651
RAW-FP-R00784,speed_quant_max=low,speed_quant_75=low,1,1,2,671,0.2496279761904762,896,0.3333333333333333,896,0.3333333333333333,0.7488839285714286,2.246651785714286,0.1385168650793651
RAW-FP-R00785,speed_quant_median=low,median_distance_to_centroid_m=low,1,1,2,671,0.2496279761904762,896,0.3333333333333333,896,0.3333333333333333,0.7488839285714286,2.246651785714286,0.1385168650793651
RAW-FP-R00786,speed_quant_median=low,speed_quant_05=low,1,1,2,671,0.2496279761904762,896,0.3333333333333333,896,0.3333333333333333,0.7488839285714286,2.246651785714286,0.1385168650793651
RAW-FP-R00787,speed_range=high,speed_quant_90=high,1,1,2,671,0.2496279761904762,896,0.3333333333333333,896,0.3333333333333333,0.7488839285714286,2.246651785714286,0.1385168650793651
RAW-FP-R00788,angles_mean=high,speed_quant_25=low,1,1,2,670,0.24925595238095238,896,0.3333333333333333,896,0.3333333333333333,0.7477678571428571,2.2433035714285716,0.13814484126984128
RAW-FP-R00789,angles_quant_95=low,speed_quant_05=high,1,1,2,670,0.24925595238095238,896,0.3333333333333333,896,0.3333333333333333,0.7477678571428571,2.2433035714285716,0.13814484126984128
RAW-FP-R00790,distance_geometry_4_3=high,distance_geometry_5_4=high,1,1,2,670,0.24925595238095238,896,0.3333333333333333,896,0.3333333333333333,0.7477678571428571,2.2433035714285716,0.13814484126984128
RAW-FP-R00791,distance_geometry_5_4=high,distance_geometry_4_3=high,1,1,2,670,0.24925595238095238,896,0.3333333333333333,896,0.3333333333333333,0.7477678571428571,2.2433035714285716,0.13814484126984128
RAW-FP-R00792,max_distance_to_centroid_m=high,speed_quant_75=high,1,1,2,670,0.24925595238095238,896,0.3333333333333333,896,0.3333333333333333,0.7477678571428571,2.2433035714285716,0.13814484126984128
RAW-FP-R00793,speed_quant_05=high,angles_quant_95=low,1,1,2,670,0.24925595238095238,896,0.3333333333333333,896,0.3333333333333333,0.7477678571428571,2.2433035714285716,0.13814484126984128
RAW-FP-R00794,speed_quant_25=low,angles_mean=high,1,1,2,670,0.24925595238095238,896,0.3333333333333333,896,0.3333333333333333,0.7477678571428571,2.2433035714285716,0.13814484126984128
RAW-FP-R00795,speed_quant_75=high,max_distance_to_centroid_m=high,1,1,2,670,0.24925595238095238,896,0.3333333333333333,896,0.3333333333333333,0.7477678571428571,2.2433035714285716,0.13814484126984128
RAW-FP-R00796,acceleration_mean_half_diff=low,acceleration_progress_slope=low,1,1,2,669,0.24888392857142858,896,0.3333333333333333,896,0.3333333333333333,0.7466517857142857,2.239955357142857,0.13777281746031747
RAW-FP-R00797,acceleration_progress_slope=low,acceleration_mean_half_diff=low,1,1,2,669,0.24888392857142858,896,0.3333333333333333,896,0.3333333333333333,0.7466517857142857,2.239955357142857,0.13777281746031747
RAW-FP-R00798,angles_iqr=high,speed_quant_median=low,1,1,2,669,0.24888392857142858,896,0.3333333333333333,896,0.3333333333333333,0.7466517857142857,2.239955357142857,0.13777281746031747
RAW-FP-R00799,angles_meanse=high,angles_quant_75=high,1,1,2,669,0.24888392857142858,896,0.3333333333333333,896,0.3333333333333333,0.7466517857142857,2.239955357142857,0.13777281746031747
RAW-FP-R00800,angles_quant_75=high,angles_sd=high,1,1,2,669,0.24888392857142858,896,0.3333333333333333,896,0.3333333333333333,0.7466517857142857,2.239955357142857,0.13777281746031747
RAW-FP-R00801,angles_quant_75=high,angles_meanse=high,1,1,2,669,0.24888392857142858,896,0.3333333333333333,896,0.3333333333333333,0.7466517857142857,2.239955357142857,0.13777281746031747
RAW-FP-R00802,angles_quant_max=high,speed_quant_min=low,1,1,2,669,0.24888392857142858,896,0.3333333333333333,896,0.3333333333333333,0.7466517857142857,2.239955357142857,0.13777281746031747
RAW-FP-R00803,angles_range=high,speed_quant_min=low,1,1,2,669,0.24888392857142858,896,0.3333333333333333,896,0.3333333333333333,0.7466517857142857,2.239955357142857,0.13777281746031747
RAW-FP-R00804,angles_sd=high,angles_quant_75=high,1,1,2,669,0.24888392857142858,896,0.3333333333333333,896,0.3333333333333333,0.7466517857142857,2.239955357142857,0.13777281746031747
RAW-FP-R00805,speed_mean_second_half=low,speed_quant_median=low,1,1,2,669,0.24888392857142858,896,0.3333333333333333,896,0.3333333333333333,0.7466517857142857,2.239955357142857,0.13777281746031747
RAW-FP-R00806,speed_quant_median=low,angles_iqr=high,1,1,2,669,0.24888392857142858,896,0.3333333333333333,896,0.3333333333333333,0.7466517857142857,2.239955357142857,0.13777281746031747
RAW-FP-R00807,speed_quant_median=low,speed_mean_second_half=low,1,1,2,669,0.24888392857142858,896,0.3333333333333333,896,0.3333333333333333,0.7466517857142857,2.239955357142857,0.13777281746031747
RAW-FP-R00808,speed_quant_min=low,angles_quant_max=high,1,1,2,669,0.24888392857142858,896,0.3333333333333333,896,0.3333333333333333,0.7466517857142857,2.239955357142857,0.13777281746031747
RAW-FP-R00809,speed_quant_min=low,angles_range=high,1,1,2,669,0.24888392857142858,896,0.3333333333333333,896,0.3333333333333333,0.7466517857142857,2.239955357142857,0.13777281746031747
RAW-FP-R00810,bbox_lon_span_deg=high,path_length_m=high,1,1,2,668,0.24851190476190477,895,0.33296130952380953,896,0.3333333333333333,0.7463687150837989,2.2391061452513967,0.1375248015873016
RAW-FP-R00811,path_length_m=high,bbox_lon_span_deg=high,1,1,2,668,0.24851190476190477,896,0.3333333333333333,895,0.33296130952380953,0.7455357142857143,2.2391061452513967,0.1375248015873016
RAW-FP-R00812,angles_quant_max=low,speed_quant_05=high,1,1,2,668,0.24851190476190477,896,0.3333333333333333,896,0.3333333333333333,0.7455357142857143,2.2366071428571432,0.13740079365079366
RAW-FP-R00813,angles_range=low,speed_quant_05=high,1,1,2,668,0.24851190476190477,896,0.3333333333333333,896,0.3333333333333333,0.7455357142857143,2.2366071428571432,0.13740079365079366
RAW-FP-R00814,bbox_diagonal_m=medium,path_length_m=medium,1,1,2,668,0.24851190476190477,896,0.3333333333333333,896,0.3333333333333333,0.7455357142857143,2.2366071428571432,0.13740079365079366
RAW-FP-R00815,bbox_lon_span_deg=low,median_distance_to_centroid_m=low,1,1,2,668,0.24851190476190477,896,0.3333333333333333,896,0.3333333333333333,0.7455357142857143,2.2366071428571432,0.13740079365079366
RAW-FP-R00816,median_distance_to_centroid_m=low,bbox_lon_span_deg=low,1,1,2,668,0.24851190476190477,896,0.3333333333333333,896,0.3333333333333333,0.7455357142857143,2.2366071428571432,0.13740079365079366
RAW-FP-R00817,net_displacement_m=low,speed_quant_median=low,1,1,2,668,0.24851190476190477,896,0.3333333333333333,896,0.3333333333333333,0.7455357142857143,2.2366071428571432,0.13740079365079366
RAW-FP-R00818,path_length_m=medium,bbox_diagonal_m=medium,1,1,2,668,0.24851190476190477,896,0.3333333333333333,896,0.3333333333333333,0.7455357142857143,2.2366071428571432,0.13740079365079366
RAW-FP-R00819,speed_mean=low,speed_quant_max=low,1,1,2,668,0.24851190476190477,896,0.3333333333333333,896,0.3333333333333333,0.7455357142857143,2.2366071428571432,0.13740079365079366
RAW-FP-R00820,speed_meanse=low,speed_quant_max=low,1,1,2,668,0.24851190476190477,896,0.3333333333333333,896,0.3333333333333333,0.7455357142857143,2.2366071428571432,0.13740079365079366
RAW-FP-R00821,speed_meanse=medium,speed_range=medium,1,1,2,668,0.24851190476190477,896,0.3333333333333333,896,0.3333333333333333,0.7455357142857143,2.2366071428571432,0.13740079365079366
RAW-FP-R00822,speed_quant_05=high,angles_quant_max=low,1,1,2,668,0.24851190476190477,896,0.3333333333333333,896,0.3333333333333333,0.7455357142857143,2.2366071428571432,0.13740079365079366
RAW-FP-R00823,speed_quant_05=high,angles_range=low,1,1,2,668,0.24851190476190477,896,0.3333333333333333,896,0.3333333333333333,0.7455357142857143,2.2366071428571432,0.13740079365079366
RAW-FP-R00824,speed_quant_max=low,speed_mean=low,1,1,2,668,0.24851190476190477,896,0.3333333333333333,896,0.3333333333333333,0.7455357142857143,2.2366071428571432,0.13740079365079366
RAW-FP-R00825,speed_quant_max=low,speed_meanse=low,1,1,2,668,0.24851190476190477,896,0.3333333333333333,896,0.3333333333333333,0.7455357142857143,2.2366071428571432,0.13740079365079366
RAW-FP-R00826,speed_quant_max=low,speed_sd=low,1,1,2,668,0.24851190476190477,896,0.3333333333333333,896,0.3333333333333333,0.7455357142857143,2.2366071428571432,0.13740079365079366
RAW-FP-R00827,speed_quant_median=low,net_displacement_m=low,1,1,2,668,0.24851190476190477,896,0.3333333333333333,896,0.3333333333333333,0.7455357142857143,2.2366071428571432,0.13740079365079366
RAW-FP-R00828,speed_range=medium,speed_meanse=medium,1,1,2,668,0.24851190476190477,896,0.3333333333333333,896,0.3333333333333333,0.7455357142857143,2.2366071428571432,0.13740079365079366
RAW-FP-R00829,speed_range=medium,speed_sd=medium,1,1,2,668,0.24851190476190477,896,0.3333333333333333,896,0.3333333333333333,0.7455357142857143,2.2366071428571432,0.13740079365079366
RAW-FP-R00830,speed_sd=low,speed_quant_max=low,1,1,2,668,0.24851190476190477,896,0.3333333333333333,896,0.3333333333333333,0.7455357142857143,2.2366071428571432,0.13740079365079366
RAW-FP-R00831,speed_sd=medium,speed_range=medium,1,1,2,668,0.24851190476190477,896,0.3333333333333333,896,0.3333333333333333,0.7455357142857143,2.2366071428571432,0.13740079365079366
RAW-FP-R00832,acceleration_mad=high,acceleration_quant_25=low,1,1,2,667,0.24813988095238096,896,0.3333333333333333,896,0.3333333333333333,0.7444196428571429,2.233258928571429,0.13702876984126985
RAW-FP-R00833,acceleration_quant_25=low,acceleration_mad=high,1,1,2,667,0.24813988095238096,896,0.3333333333333333,896,0.3333333333333333,0.7444196428571429,2.233258928571429,0.13702876984126985
RAW-FP-R00834,angles_meanse=high,speed_quant_min=low,1,1,2,667,0.24813988095238096,896,0.3333333333333333,896,0.3333333333333333,0.7444196428571429,2.233258928571429,0.13702876984126985
RAW-FP-R00835,angles_quant_75=high,speed_quant_25=low,1,1,2,667,0.24813988095238096,896,0.3333333333333333,896,0.3333333333333333,0.7444196428571429,2.233258928571429,0.13702876984126985
RAW-FP-R00836,angles_quant_75=high,speed_quant_median=low,1,1,2,667,0.24813988095238096,896,0.3333333333333333,896,0.3333333333333333,0.7444196428571429,2.233258928571429,0.13702876984126985
RAW-FP-R00837,angles_sd=high,speed_quant_min=low,1,1,2,667,0.24813988095238096,896,0.3333333333333333,896,0.3333333333333333,0.7444196428571429,2.233258928571429,0.13702876984126985
RAW-FP-R00838,bbox_diagonal_m=high,speed_quant_25=high,1,1,2,667,0.24813988095238096,896,0.3333333333333333,896,0.3333333333333333,0.7444196428571429,2.233258928571429,0.13702876984126985
RAW-FP-R00839,net_displacement_m=low,speed_quant_75=low,1,1,2,667,0.24813988095238096,896,0.3333333333333333,896,0.3333333333333333,0.7444196428571429,2.233258928571429,0.13702876984126985
RAW-FP-R00840,path_length_m=low,speed_quant_median=low,1,1,2,667,0.24813988095238096,896,0.3333333333333333,896,0.3333333333333333,0.7444196428571429,2.233258928571429,0.13702876984126985
RAW-FP-R00841,speed_mean_second_half=high,speed_quant_median=high,1,1,2,667,0.24813988095238096,896,0.3333333333333333,896,0.3333333333333333,0.7444196428571429,2.233258928571429,0.13702876984126985
RAW-FP-R00842,speed_quant_10=high,speed_quant_median=high,1,1,2,667,0.24813988095238096,896,0.3333333333333333,896,0.3333333333333333,0.7444196428571429,2.233258928571429,0.13702876984126985
RAW-FP-R00843,speed_quant_25=high,bbox_diagonal_m=high,1,1,2,667,0.24813988095238096,896,0.3333333333333333,896,0.3333333333333333,0.7444196428571429,2.233258928571429,0.13702876984126985
RAW-FP-R00844,speed_quant_25=low,angles_quant_75=high,1,1,2,667,0.24813988095238096,896,0.3333333333333333,896,0.3333333333333333,0.7444196428571429,2.233258928571429,0.13702876984126985
RAW-FP-R00845,speed_quant_75=low,net_displacement_m=low,1,1,2,667,0.24813988095238096,896,0.3333333333333333,896,0.3333333333333333,0.7444196428571429,2.233258928571429,0.13702876984126985
RAW-FP-R00846,speed_quant_90=low,speed_quant_median=low,1,1,2,667,0.24813988095238096,896,0.3333333333333333,896,0.3333333333333333,0.7444196428571429,2.233258928571429,0.13702876984126985
RAW-FP-R00847,speed_quant_median=high,speed_quant_10=high,1,1,2,667,0.24813988095238096,896,0.3333333333333333,896,0.3333333333333333,0.7444196428571429,2.233258928571429,0.13702876984126985
RAW-FP-R00848,speed_quant_median=high,speed_mean_second_half=high,1,1,2,667,0.24813988095238096,896,0.3333333333333333,896,0.3333333333333333,0.7444196428571429,2.233258928571429,0.13702876984126985
RAW-FP-R00849,speed_quant_median=low,angles_quant_75=high,1,1,2,667,0.24813988095238096,896,0.3333333333333333,896,0.3333333333333333,0.7444196428571429,2.233258928571429,0.13702876984126985
RAW-FP-R00850,speed_quant_median=low,path_length_m=low,1,1,2,667,0.24813988095238096,896,0.3333333333333333,896,0.3333333333333333,0.7444196428571429,2.233258928571429,0.13702876984126985
RAW-FP-R00851,speed_quant_median=low,speed_quant_90=low,1,1,2,667,0.24813988095238096,896,0.3333333333333333,896,0.3333333333333333,0.7444196428571429,2.233258928571429,0.13702876984126985
RAW-FP-R00852,speed_quant_min=low,angles_meanse=high,1,1,2,667,0.24813988095238096,896,0.3333333333333333,896,0.3333333333333333,0.7444196428571429,2.233258928571429,0.13702876984126985
RAW-FP-R00853,speed_quant_min=low,angles_sd=high,1,1,2,667,0.24813988095238096,896,0.3333333333333333,896,0.3333333333333333,0.7444196428571429,2.233258928571429,0.13702876984126985
RAW-FP-R00854,max_distance_to_centroid_m=low,speed_quant_median=low,1,1,2,666,0.24776785714285715,896,0.3333333333333333,896,0.3333333333333333,0.7433035714285714,2.2299107142857144,0.13665674603174605
RAW-FP-R00855,median_distance_to_centroid_m=high,speed_mean=high,1,1,2,666,0.24776785714285715,896,0.3333333333333333,896,0.3333333333333333,0.7433035714285714,2.2299107142857144,0.13665674603174605
RAW-FP-R00856,speed_mean=high,median_distance_to_centroid_m=high,1,1,2,666,0.24776785714285715,896,0.3333333333333333,896,0.3333333333333333,0.7433035714285714,2.2299107142857144,0.13665674603174605
RAW-FP-R00857,speed_quant_median=low,max_distance_to_centroid_m=low,1,1,2,666,0.24776785714285715,896,0.3333333333333333,896,0.3333333333333333,0.7433035714285714,2.2299107142857144,0.13665674603174605
RAW-FP-R00858,angles_iqr=high,speed_quant_10=low,1,1,2,665,0.24739583333333334,896,0.3333333333333333,896,0.3333333333333333,0.7421875,2.2265625,0.13628472222222224
RAW-FP-R00859,angles_mad=high,angles_quant_95=high,1,1,2,665,0.24739583333333334,896,0.3333333333333333,896,0.3333333333333333,0.7421875,2.2265625,0.13628472222222224
RAW-FP-R00860,angles_quant_95=high,angles_mad=high,1,1,2,665,0.24739583333333334,896,0.3333333333333333,896,0.3333333333333333,0.7421875,2.2265625,0.13628472222222224
RAW-FP-R00861,angles_skew=high,angles_vcoef=high,1,1,2,665,0.24739583333333334,896,0.3333333333333333,896,0.3333333333333333,0.7421875,2.2265625,0.13628472222222224
RAW-FP-R00862,angles_vcoef=high,angles_skew=high,1,1,2,665,0.24739583333333334,896,0.3333333333333333,896,0.3333333333333333,0.7421875,2.2265625,0.13628472222222224
RAW-FP-R00863,median_distance_to_centroid_m=high,speed_quant_median=high,1,1,2,665,0.24739583333333334,896,0.3333333333333333,896,0.3333333333333333,0.7421875,2.2265625,0.13628472222222224
RAW-FP-R00864,speed_quant_10=low,angles_iqr=high,1,1,2,665,0.24739583333333334,896,0.3333333333333333,896,0.3333333333333333,0.7421875,2.2265625,0.13628472222222224
RAW-FP-R00865,speed_quant_median=high,median_distance_to_centroid_m=high,1,1,2,665,0.24739583333333334,896,0.3333333333333333,896,0.3333333333333333,0.7421875,2.2265625,0.13628472222222224
RAW-FP-R00866,speed_mean_second_half=low,speed_quant_90=low,1,1,2,664,0.24702380952380953,896,0.3333333333333333,896,0.3333333333333333,0.7410714285714286,2.223214285714286,0.13591269841269843
RAW-FP-R00867,speed_quant_90=low,speed_mean_second_half=low,1,1,2,664,0.24702380952380953,896,0.3333333333333333,896,0.3333333333333333,0.7410714285714286,2.223214285714286,0.13591269841269843
RAW-FP-R00868,angles_quant_75=high,speed_quant_10=low,1,1,2,662,0.24627976190476192,896,0.3333333333333333,896,0.3333333333333333,0.7388392857142857,2.216517857142857,0.1351686507936508
RAW-FP-R00869,angles_quant_95=low,speed_quant_10=high,1,1,2,662,0.24627976190476192,896,0.3333333333333333,896,0.3333333333333333,0.7388392857142857,2.216517857142857,0.1351686507936508
RAW-FP-R00870,distance_geometry_2_1=low,distance_geometry_5_2=low,1,1,2,662,0.24627976190476192,896,0.3333333333333333,896,0.3333333333333333,0.7388392857142857,2.216517857142857,0.1351686507936508
RAW-FP-R00871,distance_geometry_5_2=low,distance_geometry_2_1=low,1,1,2,662,0.24627976190476192,896,0.3333333333333333,896,0.3333333333333333,0.7388392857142857,2.216517857142857,0.1351686507936508
RAW-FP-R00872,max_distance_to_centroid_m=medium,mean_distance_to_centroid_m=medium,1,1,2,662,0.24627976190476192,896,0.3333333333333333,896,0.3333333333333333,0.7388392857142857,2.216517857142857,0.1351686507936508
RAW-FP-R00873,mean_distance_to_centroid_m=medium,max_distance_to_centroid_m=medium,1,1,2,662,0.24627976190476192,896,0.3333333333333333,896,0.3333333333333333,0.7388392857142857,2.216517857142857,0.1351686507936508
RAW-FP-R00874,speed_quant_10=high,angles_quant_95=low,1,1,2,662,0.24627976190476192,896,0.3333333333333333,896,0.3333333333333333,0.7388392857142857,2.216517857142857,0.1351686507936508
RAW-FP-R00875,speed_quant_10=low,angles_quant_75=high,1,1,2,662,0.24627976190476192,896,0.3333333333333333,896,0.3333333333333333,0.7388392857142857,2.216517857142857,0.1351686507936508
RAW-FP-R00876,acceleration_mad=low,acceleration_quant_25=high,1,1,2,661,0.24590773809523808,896,0.3333333333333333,896,0.3333333333333333,0.7377232142857143,2.2131696428571432,0.13479662698412698
RAW-FP-R00877,acceleration_quant_25=high,acceleration_mad=low,1,1,2,661,0.24590773809523808,896,0.3333333333333333,896,0.3333333333333333,0.7377232142857143,2.2131696428571432,0.13479662698412698
RAW-FP-R00878,angles_quant_75=low,angles_quant_max=low,1,1,2,661,0.24590773809523808,896,0.3333333333333333,896,0.3333333333333333,0.7377232142857143,2.2131696428571432,0.13479662698412698
RAW-FP-R00879,angles_quant_75=low,angles_range=low,1,1,2,661,0.24590773809523808,896,0.3333333333333333,896,0.3333333333333333,0.7377232142857143,2.2131696428571432,0.13479662698412698
RAW-FP-R00880,angles_quant_max=high,speed_quant_10=low,1,1,2,661,0.24590773809523808,896,0.3333333333333333,896,0.3333333333333333,0.7377232142857143,2.2131696428571432,0.13479662698412698
RAW-FP-R00881,angles_quant_max=low,angles_quant_75=low,1,1,2,661,0.24590773809523808,896,0.3333333333333333,896,0.3333333333333333,0.7377232142857143,2.2131696428571432,0.13479662698412698
RAW-FP-R00882,angles_range=high,speed_quant_10=low,1,1,2,661,0.24590773809523808,896,0.3333333333333333,896,0.3333333333333333,0.7377232142857143,2.2131696428571432,0.13479662698412698
RAW-FP-R00883,angles_range=low,angles_quant_75=low,1,1,2,661,0.24590773809523808,896,0.3333333333333333,896,0.3333333333333333,0.7377232142857143,2.2131696428571432,0.13479662698412698
RAW-FP-R00884,bbox_lon_span_deg=low,path_length_m=low,1,1,2,661,0.24590773809523808,896,0.3333333333333333,896,0.3333333333333333,0.7377232142857143,2.2131696428571432,0.13479662698412698
RAW-FP-R00885,distance_geometry_3_3=low,distance_geometry_5_5=low,1,1,2,661,0.24590773809523808,896,0.3333333333333333,896,0.3333333333333333,0.7377232142857143,2.2131696428571432,0.13479662698412698
RAW-FP-R00886,distance_geometry_5_5=low,distance_geometry_3_3=low,1,1,2,661,0.24590773809523808,896,0.3333333333333333,896,0.3333333333333333,0.7377232142857143,2.2131696428571432,0.13479662698412698
RAW-FP-R00887,max_distance_to_centroid_m=high,speed_quant_median=high,1,1,2,661,0.24590773809523808,896,0.3333333333333333,896,0.3333333333333333,0.7377232142857143,2.2131696428571432,0.13479662698412698
RAW-FP-R00888,mean_distance_to_centroid_m=high,speed_quant_75=high,1,1,2,661,0.24590773809523808,896,0.3333333333333333,896,0.3333333333333333,0.7377232142857143,2.2131696428571432,0.13479662698412698
RAW-FP-R00889,path_length_m=low,bbox_lon_span_deg=low,1,1,2,661,0.24590773809523808,896,0.3333333333333333,896,0.3333333333333333,0.7377232142857143,2.2131696428571432,0.13479662698412698
RAW-FP-R00890,radius_of_gyration_m=high,speed_quant_75=high,1,1,2,661,0.24590773809523808,896,0.3333333333333333,896,0.3333333333333333,0.7377232142857143,2.2131696428571432,0.13479662698412698
RAW-FP-R00891,speed_quant_10=low,angles_quant_max=high,1,1,2,661,0.24590773809523808,896,0.3333333333333333,896,0.3333333333333333,0.7377232142857143,2.2131696428571432,0.13479662698412698
RAW-FP-R00892,speed_quant_10=low,angles_range=high,1,1,2,661,0.24590773809523808,896,0.3333333333333333,896,0.3333333333333333,0.7377232142857143,2.2131696428571432,0.13479662698412698
RAW-FP-R00893,speed_quant_75=high,radius_of_gyration_m=high,1,1,2,661,0.24590773809523808,896,0.3333333333333333,896,0.3333333333333333,0.7377232142857143,2.2131696428571432,0.13479662698412698
RAW-FP-R00894,speed_quant_75=high,mean_distance_to_centroid_m=high,1,1,2,661,0.24590773809523808,896,0.3333333333333333,896,0.3333333333333333,0.7377232142857143,2.2131696428571432,0.13479662698412698
RAW-FP-R00895,speed_quant_median=high,max_distance_to_centroid_m=high,1,1,2,661,0.24590773809523808,896,0.3333333333333333,896,0.3333333333333333,0.7377232142857143,2.2131696428571432,0.13479662698412698
RAW-FP-R00896,angles_quant_90=low,speed_quant_05=high,1,1,2,660,0.24553571428571427,896,0.3333333333333333,896,0.3333333333333333,0.7366071428571429,2.209821428571429,0.13442460317460317
RAW-FP-R00897,net_displacement_m=high,speed_quant_median=high,1,1,2,660,0.24553571428571427,896,0.3333333333333333,896,0.3333333333333333,0.7366071428571429,2.209821428571429,0.13442460317460317
RAW-FP-R00898,speed_mean=high,speed_quant_10=high,1,1,2,660,0.24553571428571427,896,0.3333333333333333,896,0.3333333333333333,0.7366071428571429,2.209821428571429,0.13442460317460317
RAW-FP-R00899,speed_quant_05=high,angles_quant_90=low,1,1,2,660,0.24553571428571427,896,0.3333333333333333,896,0.3333333333333333,0.7366071428571429,2.209821428571429,0.13442460317460317
RAW-FP-R00900,speed_quant_10=high,speed_mean=high,1,1,2,660,0.24553571428571427,896,0.3333333333333333,896,0.3333333333333333,0.7366071428571429,2.209821428571429,0.13442460317460317
RAW-FP-R00901,speed_quant_median=high,net_displacement_m=high,1,1,2,660,0.24553571428571427,896,0.3333333333333333,896,0.3333333333333333,0.7366071428571429,2.209821428571429,0.13442460317460317
RAW-FP-R00902,bbox_width_m=low,median_distance_to_centroid_m=low,1,1,2,659,0.24516369047619047,896,0.3333333333333333,896,0.3333333333333333,0.7354910714285714,2.2064732142857144,0.13405257936507936
RAW-FP-R00903,median_distance_to_centroid_m=low,bbox_width_m=low,1,1,2,659,0.24516369047619047,896,0.3333333333333333,896,0.3333333333333333,0.7354910714285714,2.2064732142857144,0.13405257936507936
RAW-FP-R00904,speed_quant_25=low,speed_quant_75=low,1,1,2,659,0.24516369047619047,896,0.3333333333333333,896,0.3333333333333333,0.7354910714285714,2.2064732142857144,0.13405257936507936
RAW-FP-R00905,speed_quant_75=low,speed_quant_25=low,1,1,2,659,0.24516369047619047,896,0.3333333333333333,896,0.3333333333333333,0.7354910714285714,2.2064732142857144,0.13405257936507936
RAW-FP-R00906,angles_quant_90=high,angles_quant_median=high,1,1,2,658,0.24479166666666666,896,0.3333333333333333,896,0.3333333333333333,0.734375,2.203125,0.13368055555555555
RAW-FP-R00907,angles_quant_median=high,angles_quant_90=high,1,1,2,658,0.24479166666666666,896,0.3333333333333333,896,0.3333333333333333,0.734375,2.203125,0.13368055555555555
RAW-FP-R00908,max_distance_to_centroid_m=low,speed_quant_90=low,1,1,2,658,0.24479166666666666,896,0.3333333333333333,896,0.3333333333333333,0.734375,2.203125,0.13368055555555555
RAW-FP-R00909,path_length_m=high,speed_quant_25=high,1,1,2,658,0.24479166666666666,896,0.3333333333333333,896,0.3333333333333333,0.734375,2.203125,0.13368055555555555
RAW-FP-R00910,speed_quant_25=high,path_length_m=high,1,1,2,658,0.24479166666666666,896,0.3333333333333333,896,0.3333333333333333,0.734375,2.203125,0.13368055555555555
RAW-FP-R00911,speed_quant_90=low,max_distance_to_centroid_m=low,1,1,2,658,0.24479166666666666,896,0.3333333333333333,896,0.3333333333333333,0.734375,2.203125,0.13368055555555555
RAW-FP-R00912,acceleration_mean_first_half=high,acceleration_mean_half_diff=low,1,1,2,657,0.24441964285714285,896,0.3333333333333333,896,0.3333333333333333,0.7332589285714286,2.199776785714286,0.13330853174603174
RAW-FP-R00913,acceleration_mean_half_diff=low,acceleration_mean_first_half=high,1,1,2,657,0.24441964285714285,896,0.3333333333333333,896,0.3333333333333333,0.7332589285714286,2.199776785714286,0.13330853174603174
RAW-FP-R00914,angles_mean=low,speed_quant_min=high,1,1,2,657,0.24441964285714285,896,0.3333333333333333,896,0.3333333333333333,0.7332589285714286,2.199776785714286,0.13330853174603174
RAW-FP-R00915,bbox_diagonal_m=high,speed_quant_75=high,1,1,2,657,0.24441964285714285,896,0.3333333333333333,896,0.3333333333333333,0.7332589285714286,2.199776785714286,0.13330853174603174
RAW-FP-R00916,net_displacement_m=high,speed_quant_25=high,1,1,2,657,0.24441964285714285,896,0.3333333333333333,896,0.3333333333333333,0.7332589285714286,2.199776785714286,0.13330853174603174
RAW-FP-R00917,path_length_m=low,speed_quant_90=low,1,1,2,657,0.24441964285714285,896,0.3333333333333333,896,0.3333333333333333,0.7332589285714286,2.199776785714286,0.13330853174603174
RAW-FP-R00918,speed_quant_25=high,net_displacement_m=high,1,1,2,657,0.24441964285714285,896,0.3333333333333333,896,0.3333333333333333,0.7332589285714286,2.199776785714286,0.13330853174603174
RAW-FP-R00919,speed_quant_75=high,bbox_diagonal_m=high,1,1,2,657,0.24441964285714285,896,0.3333333333333333,896,0.3333333333333333,0.7332589285714286,2.199776785714286,0.13330853174603174
RAW-FP-R00920,speed_quant_90=low,path_length_m=low,1,1,2,657,0.24441964285714285,896,0.3333333333333333,896,0.3333333333333333,0.7332589285714286,2.199776785714286,0.13330853174603174
RAW-FP-R00921,speed_quant_min=high,angles_mean=low,1,1,2,657,0.24441964285714285,896,0.3333333333333333,896,0.3333333333333333,0.7332589285714286,2.199776785714286,0.13330853174603174
RAW-FP-R00922,median_distance_to_centroid_m=low,speed_mean=low,1,1,2,656,0.24404761904761904,896,0.3333333333333333,896,0.3333333333333333,0.7321428571428571,2.1964285714285716,0.13293650793650794
RAW-FP-R00923,speed_mean=low,median_distance_to_centroid_m=low,1,1,2,656,0.24404761904761904,896,0.3333333333333333,896,0.3333333333333333,0.7321428571428571,2.1964285714285716,0.13293650793650794
RAW-FP-R00924,acceleration_mean=high,acceleration_mean_second_half=high,1,1,2,655,0.24367559523809523,896,0.3333333333333333,896,0.3333333333333333,0.7310267857142857,2.193080357142857,0.13256448412698413
RAW-FP-R00925,acceleration_mean_second_half=high,acceleration_mean=high,1,1,2,655,0.24367559523809523,896,0.3333333333333333,896,0.3333333333333333,0.7310267857142857,2.193080357142857,0.13256448412698413
RAW-FP-R00926,angles_iqr=high,angles_sd=high,1,1,2,655,0.24367559523809523,896,0.3333333333333333,896,0.3333333333333333,0.7310267857142857,2.193080357142857,0.13256448412698413
RAW-FP-R00927,angles_iqr=high,angles_meanse=high,1,1,2,655,0.24367559523809523,896,0.3333333333333333,896,0.3333333333333333,0.7310267857142857,2.193080357142857,0.13256448412698413
RAW-FP-R00928,angles_mad=low,angles_quant_95=low,1,1,2,655,0.24367559523809523,896,0.3333333333333333,896,0.3333333333333333,0.7310267857142857,2.193080357142857,0.13256448412698413
RAW-FP-R00929,angles_meanse=high,angles_iqr=high,1,1,2,655,0.24367559523809523,896,0.3333333333333333,896,0.3333333333333333,0.7310267857142857,2.193080357142857,0.13256448412698413
RAW-FP-R00930,angles_quant_95=low,angles_mad=low,1,1,2,655,0.24367559523809523,896,0.3333333333333333,896,0.3333333333333333,0.7310267857142857,2.193080357142857,0.13256448412698413
RAW-FP-R00931,angles_sd=high,angles_iqr=high,1,1,2,655,0.24367559523809523,896,0.3333333333333333,896,0.3333333333333333,0.7310267857142857,2.193080357142857,0.13256448412698413
RAW-FP-R00932,bbox_diagonal_m=low,speed_quant_25=low,1,1,2,655,0.24367559523809523,896,0.3333333333333333,896,0.3333333333333333,0.7310267857142857,2.193080357142857,0.13256448412698413
RAW-FP-R00933,distance_geometry_3_1=medium,distance_geometry_4_1=medium,1,1,2,655,0.24367559523809523,896,0.3333333333333333,896,0.3333333333333333,0.7310267857142857,2.193080357142857,0.13256448412698413
RAW-FP-R00934,distance_geometry_4_1=medium,distance_geometry_3_1=medium,1,1,2,655,0.24367559523809523,896,0.3333333333333333,896,0.3333333333333333,0.7310267857142857,2.193080357142857,0.13256448412698413
RAW-FP-R00935,median_distance_to_centroid_m=high,speed_quant_25=high,1,1,2,655,0.24367559523809523,896,0.3333333333333333,896,0.3333333333333333,0.7310267857142857,2.193080357142857,0.13256448412698413
RAW-FP-R00936,speed_quant_25=high,median_distance_to_centroid_m=high,1,1,2,655,0.24367559523809523,896,0.3333333333333333,896,0.3333333333333333,0.7310267857142857,2.193080357142857,0.13256448412698413
RAW-FP-R00937,speed_quant_25=low,bbox_diagonal_m=low,1,1,2,655,0.24367559523809523,896,0.3333333333333333,896,0.3333333333333333,0.7310267857142857,2.193080357142857,0.13256448412698413
RAW-FP-R00938,angles_mean=low,speed_quant_05=high,1,1,2,654,0.24330357142857142,896,0.3333333333333333,896,0.3333333333333333,0.7299107142857143,2.1897321428571432,0.13219246031746032
RAW-FP-R00939,bbox_area_km2=low,speed_mean=low,1,1,2,654,0.24330357142857142,896,0.3333333333333333,896,0.3333333333333333,0.7299107142857143,2.1897321428571432,0.13219246031746032
RAW-FP-R00940,radius_of_gyration_m=low,speed_quant_25=low,1,1,2,654,0.24330357142857142,896,0.3333333333333333,896,0.3333333333333333,0.7299107142857143,2.1897321428571432,0.13219246031746032
RAW-FP-R00941,speed_mean=low,bbox_area_km2=low,1,1,2,654,0.24330357142857142,896,0.3333333333333333,896,0.3333333333333333,0.7299107142857143,2.1897321428571432,0.13219246031746032
RAW-FP-R00942,speed_quant_05=high,angles_mean=low,1,1,2,654,0.24330357142857142,896,0.3333333333333333,896,0.3333333333333333,0.7299107142857143,2.1897321428571432,0.13219246031746032
RAW-FP-R00943,speed_quant_25=low,radius_of_gyration_m=low,1,1,2,654,0.24330357142857142,896,0.3333333333333333,896,0.3333333333333333,0.7299107142857143,2.1897321428571432,0.13219246031746032
RAW-FP-R00944,duration_total_seconds=low,angles_quant_min=high,1,1,2,664,0.24702380952380953,910,0.3385416666666667,896,0.3333333333333333,0.7296703296703296,2.1890109890109892,0.13417658730158732
RAW-FP-R00945,sampling_gap_mean_seconds=low,angles_quant_min=high,1,1,2,664,0.24702380952380953,910,0.3385416666666667,896,0.3333333333333333,0.7296703296703296,2.1890109890109892,0.13417658730158732
RAW-FP-R00946,angles_quant_min=high,duration_total_seconds=low,1,1,2,664,0.24702380952380953,896,0.3333333333333333,910,0.3385416666666667,0.7410714285714286,2.189010989010989,0.13417658730158732
RAW-FP-R00947,angles_quant_min=high,sampling_gap_mean_seconds=low,1,1,2,664,0.24702380952380953,896,0.3333333333333333,910,0.3385416666666667,0.7410714285714286,2.189010989010989,0.13417658730158732
RAW-FP-R00948,acceleration_quant_max=high,acceleration_skew=high,1,1,2,653,0.24293154761904762,896,0.3333333333333333,896,0.3333333333333333,0.7287946428571429,2.186383928571429,0.1318204365079365
RAW-FP-R00949,acceleration_skew=high,acceleration_quant_max=high,1,1,2,653,0.24293154761904762,896,0.3333333333333333,896,0.3333333333333333,0.7287946428571429,2.186383928571429,0.1318204365079365
RAW-FP-R00950,angles_meanse=medium,angles_quant_90=medium,1,1,2,653,0.24293154761904762,896,0.3333333333333333,896,0.3333333333333333,0.7287946428571429,2.186383928571429,0.1318204365079365
RAW-FP-R00951,angles_quant_90=medium,angles_sd=medium,1,1,2,653,0.24293154761904762,896,0.3333333333333333,896,0.3333333333333333,0.7287946428571429,2.186383928571429,0.1318204365079365
RAW-FP-R00952,angles_quant_90=medium,angles_meanse=medium,1,1,2,653,0.24293154761904762,896,0.3333333333333333,896,0.3333333333333333,0.7287946428571429,2.186383928571429,0.1318204365079365
RAW-FP-R00953,angles_quant_max=low,speed_quant_10=high,1,1,2,653,0.24293154761904762,896,0.3333333333333333,896,0.3333333333333333,0.7287946428571429,2.186383928571429,0.1318204365079365
RAW-FP-R00954,angles_range=low,speed_quant_10=high,1,1,2,653,0.24293154761904762,896,0.3333333333333333,896,0.3333333333333333,0.7287946428571429,2.186383928571429,0.1318204365079365
RAW-FP-R00955,angles_sd=medium,angles_quant_90=medium,1,1,2,653,0.24293154761904762,896,0.3333333333333333,896,0.3333333333333333,0.7287946428571429,2.186383928571429,0.1318204365079365
RAW-FP-R00956,distance_geometry_3_3=high,distance_geometry_5_5=high,1,1,2,653,0.24293154761904762,896,0.3333333333333333,896,0.3333333333333333,0.7287946428571429,2.186383928571429,0.1318204365079365
RAW-FP-R00957,distance_geometry_5_5=high,distance_geometry_3_3=high,1,1,2,653,0.24293154761904762,896,0.3333333333333333,896,0.3333333333333333,0.7287946428571429,2.186383928571429,0.1318204365079365
RAW-FP-R00958,mean_distance_to_centroid_m=low,speed_quant_25=low,1,1,2,653,0.24293154761904762,896,0.3333333333333333,896,0.3333333333333333,0.7287946428571429,2.186383928571429,0.1318204365079365
RAW-FP-R00959,speed_quant_10=high,angles_quant_max=low,1,1,2,653,0.24293154761904762,896,0.3333333333333333,896,0.3333333333333333,0.7287946428571429,2.186383928571429,0.1318204365079365
RAW-FP-R00960,speed_quant_10=high,angles_range=low,1,1,2,653,0.24293154761904762,896,0.3333333333333333,896,0.3333333333333333,0.7287946428571429,2.186383928571429,0.1318204365079365
RAW-FP-R00961,speed_quant_25=low,mean_distance_to_centroid_m=low,1,1,2,653,0.24293154761904762,896,0.3333333333333333,896,0.3333333333333333,0.7287946428571429,2.186383928571429,0.1318204365079365
RAW-FP-R00962,angles_quant_90=low,speed_quant_min=high,1,1,2,652,0.2425595238095238,896,0.3333333333333333,896,0.3333333333333333,0.7276785714285714,2.1830357142857144,0.1314484126984127
RAW-FP-R00963,distance_geometry_4_2=low,distance_geometry_5_2=low,1,1,2,652,0.2425595238095238,896,0.3333333333333333,896,0.3333333333333333,0.7276785714285714,2.1830357142857144,0.1314484126984127
RAW-FP-R00964,distance_geometry_5_2=low,distance_geometry_4_2=low,1,1,2,652,0.2425595238095238,896,0.3333333333333333,896,0.3333333333333333,0.7276785714285714,2.1830357142857144,0.1314484126984127
RAW-FP-R00965,median_distance_to_centroid_m=low,speed_quant_25=low,1,1,2,652,0.2425595238095238,896,0.3333333333333333,896,0.3333333333333333,0.7276785714285714,2.1830357142857144,0.1314484126984127
RAW-FP-R00966,path_length_m=medium,radius_of_gyration_m=medium,1,1,2,652,0.2425595238095238,896,0.3333333333333333,896,0.3333333333333333,0.7276785714285714,2.1830357142857144,0.1314484126984127
RAW-FP-R00967,radius_of_gyration_m=medium,path_length_m=medium,1,1,2,652,0.2425595238095238,896,0.3333333333333333,896,0.3333333333333333,0.7276785714285714,2.1830357142857144,0.1314484126984127
RAW-FP-R00968,speed_mean_second_half=low,speed_quant_95=low,1,1,2,652,0.2425595238095238,896,0.3333333333333333,896,0.3333333333333333,0.7276785714285714,2.1830357142857144,0.1314484126984127
RAW-FP-R00969,speed_quant_25=low,median_distance_to_centroid_m=low,1,1,2,652,0.2425595238095238,896,0.3333333333333333,896,0.3333333333333333,0.7276785714285714,2.1830357142857144,0.1314484126984127
RAW-FP-R00970,speed_quant_95=low,speed_mean_second_half=low,1,1,2,652,0.2425595238095238,896,0.3333333333333333,896,0.3333333333333333,0.7276785714285714,2.1830357142857144,0.1314484126984127
RAW-FP-R00971,speed_quant_min=high,angles_quant_90=low,1,1,2,652,0.2425595238095238,896,0.3333333333333333,896,0.3333333333333333,0.7276785714285714,2.1830357142857144,0.1314484126984127
RAW-FP-R00972,angles_mean=low,speed_quant_10=high,1,1,2,651,0.2421875,896,0.3333333333333333,896,0.3333333333333333,0.7265625,2.1796875,0.1310763888888889
RAW-FP-R00973,angles_quant_90=low,speed_quant_10=high,1,1,2,651,0.2421875,896,0.3333333333333333,896,0.3333333333333333,0.7265625,2.1796875,0.1310763888888889
RAW-FP-R00974,angles_range=high,angles_vcoef=high,1,1,2,651,0.2421875,896,0.3333333333333333,896,0.3333333333333333,0.7265625,2.1796875,0.1310763888888889
RAW-FP-R00975,angles_vcoef=high,angles_range=high,1,1,2,651,0.2421875,896,0.3333333333333333,896,0.3333333333333333,0.7265625,2.1796875,0.1310763888888889
RAW-FP-R00976,speed_quant_10=high,angles_mean=low,1,1,2,651,0.2421875,896,0.3333333333333333,896,0.3333333333333333,0.7265625,2.1796875,0.1310763888888889
RAW-FP-R00977,speed_quant_10=high,angles_quant_90=low,1,1,2,651,0.2421875,896,0.3333333333333333,896,0.3333333333333333,0.7265625,2.1796875,0.1310763888888889
RAW-FP-R00978,sampling_gap_sd_seconds=medium,angles_quant_min=high,1,1,2,318,0.11830357142857142,438,0.16294642857142858,896,0.3333333333333333,0.726027397260274,2.178082191780822,0.06398809523809523
RAW-FP-R00979,angles_quant_max=high,angles_vcoef=high,1,1,2,650,0.2418154761904762,896,0.3333333333333333,896,0.3333333333333333,0.7254464285714286,2.176339285714286,0.1307043650793651
RAW-FP-R00980,angles_vcoef=high,angles_quant_max=high,1,1,2,650,0.2418154761904762,896,0.3333333333333333,896,0.3333333333333333,0.7254464285714286,2.176339285714286,0.1307043650793651
RAW-FP-R00981,bbox_area_km2=high,speed_mean=high,1,1,2,650,0.2418154761904762,896,0.3333333333333333,896,0.3333333333333333,0.7254464285714286,2.176339285714286,0.1307043650793651
RAW-FP-R00982,speed_mean=high,bbox_area_km2=high,1,1,2,650,0.2418154761904762,896,0.3333333333333333,896,0.3333333333333333,0.7254464285714286,2.176339285714286,0.1307043650793651
RAW-FP-R00983,speed_mean=high,speed_mean_first_half=high,1,1,2,650,0.2418154761904762,896,0.3333333333333333,896,0.3333333333333333,0.7254464285714286,2.176339285714286,0.1307043650793651
RAW-FP-R00984,speed_mean=low,speed_mean_first_half=low,1,1,2,650,0.2418154761904762,896,0.3333333333333333,896,0.3333333333333333,0.7254464285714286,2.176339285714286,0.1307043650793651
RAW-FP-R00985,speed_mean_first_half=high,speed_mean=high,1,1,2,650,0.2418154761904762,896,0.3333333333333333,896,0.3333333333333333,0.7254464285714286,2.176339285714286,0.1307043650793651
RAW-FP-R00986,speed_mean_first_half=low,speed_mean=low,1,1,2,650,0.2418154761904762,896,0.3333333333333333,896,0.3333333333333333,0.7254464285714286,2.176339285714286,0.1307043650793651
RAW-FP-R00987,speed_quant_25=low,speed_quant_min=low,1,1,2,650,0.2418154761904762,896,0.3333333333333333,896,0.3333333333333333,0.7254464285714286,2.176339285714286,0.1307043650793651
RAW-FP-R00988,speed_quant_min=low,speed_quant_25=low,1,1,2,650,0.2418154761904762,896,0.3333333333333333,896,0.3333333333333333,0.7254464285714286,2.176339285714286,0.1307043650793651
RAW-FP-R00989,angles_iqr=high,angles_quant_median=high,1,1,2,649,0.24144345238095238,896,0.3333333333333333,896,0.3333333333333333,0.7243303571428571,2.1729910714285716,0.13033234126984128
RAW-FP-R00990,angles_quant_median=high,angles_iqr=high,1,1,2,649,0.24144345238095238,896,0.3333333333333333,896,0.3333333333333333,0.7243303571428571,2.1729910714285716,0.13033234126984128
RAW-FP-R00991,speed_mean=low,speed_quant_05=low,1,1,2,649,0.24144345238095238,896,0.3333333333333333,896,0.3333333333333333,0.7243303571428571,2.1729910714285716,0.13033234126984128
RAW-FP-R00992,speed_quant_05=low,speed_mean=low,1,1,2,649,0.24144345238095238,896,0.3333333333333333,896,0.3333333333333333,0.7243303571428571,2.1729910714285716,0.13033234126984128
RAW-FP-R00993,speed_quant_75=medium,speed_quant_90=medium,1,1,2,649,0.24144345238095238,896,0.3333333333333333,896,0.3333333333333333,0.7243303571428571,2.1729910714285716,0.13033234126984128
RAW-FP-R00994,speed_quant_90=medium,speed_quant_75=medium,1,1,2,649,0.24144345238095238,896,0.3333333333333333,896,0.3333333333333333,0.7243303571428571,2.1729910714285716,0.13033234126984128
RAW-FP-R00995,angles_meanse=high,speed_quant_25=low,1,1,2,648,0.24107142857142858,896,0.3333333333333333,896,0.3333333333333333,0.7232142857142857,2.169642857142857,0.12996031746031747
RAW-FP-R00996,angles_sd=high,speed_quant_25=low,1,1,2,648,0.24107142857142858,896,0.3333333333333333,896,0.3333333333333333,0.7232142857142857,2.169642857142857,0.12996031746031747
RAW-FP-R00997,bbox_diagonal_m=low,speed_quant_90=low,1,1,2,648,0.24107142857142858,896,0.3333333333333333,896,0.3333333333333333,0.7232142857142857,2.169642857142857,0.12996031746031747
RAW-FP-R00998,distance_geometry_2_1=high,distance_geometry_5_2=high,1,1,2,648,0.24107142857142858,896,0.3333333333333333,896,0.3333333333333333,0.7232142857142857,2.169642857142857,0.12996031746031747
RAW-FP-R00999,distance_geometry_5_2=high,distance_geometry_2_1=high,1,1,2,648,0.24107142857142858,896,0.3333333333333333,896,0.3333333333333333,0.7232142857142857,2.169642857142857,0.12996031746031747
RAW-FP-R01000,mean_distance_to_centroid_m=medium,path_length_m=medium,1,1,2,648,0.24107142857142858,896,0.3333333333333333,896,0.3333333333333333,0.7232142857142857,2.169642857142857,0.12996031746031747
RAW-FP-R01001,path_length_m=medium,mean_distance_to_centroid_m=medium,1,1,2,648,0.24107142857142858,896,0.3333333333333333,896,0.3333333333333333,0.7232142857142857,2.169642857142857,0.12996031746031747
RAW-FP-R01002,speed_quant_25=low,angles_meanse=high,1,1,2,648,0.24107142857142858,896,0.3333333333333333,896,0.3333333333333333,0.7232142857142857,2.169642857142857,0.12996031746031747
RAW-FP-R01003,speed_quant_25=low,angles_sd=high,1,1,2,648,0.24107142857142858,896,0.3333333333333333,896,0.3333333333333333,0.7232142857142857,2.169642857142857,0.12996031746031747
RAW-FP-R01004,speed_quant_75=high,speed_quant_max=high,1,1,2,648,0.24107142857142858,896,0.3333333333333333,896,0.3333333333333333,0.7232142857142857,2.169642857142857,0.12996031746031747
RAW-FP-R01005,speed_quant_90=low,bbox_diagonal_m=low,1,1,2,648,0.24107142857142858,896,0.3333333333333333,896,0.3333333333333333,0.7232142857142857,2.169642857142857,0.12996031746031747
RAW-FP-R01006,speed_quant_max=high,speed_quant_75=high,1,1,2,648,0.24107142857142858,896,0.3333333333333333,896,0.3333333333333333,0.7232142857142857,2.169642857142857,0.12996031746031747
RAW-FP-R01007,acceleration_quant_05=low,acceleration_quant_min=low,1,1,2,647,0.24069940476190477,896,0.3333333333333333,896,0.3333333333333333,0.7220982142857143,2.1662946428571432,0.12958829365079366
RAW-FP-R01008,acceleration_quant_min=low,acceleration_quant_05=low,1,1,2,647,0.24069940476190477,896,0.3333333333333333,896,0.3333333333333333,0.7220982142857143,2.1662946428571432,0.12958829365079366
RAW-FP-R01009,angles_mean=medium,angles_quant_75=medium,1,1,2,647,0.24069940476190477,896,0.3333333333333333,896,0.3333333333333333,0.7220982142857143,2.1662946428571432,0.12958829365079366
RAW-FP-R01010,angles_quant_75=medium,angles_mean=medium,1,1,2,647,0.24069940476190477,896,0.3333333333333333,896,0.3333333333333333,0.7220982142857143,2.1662946428571432,0.12958829365079366
RAW-FP-R01011,angles_0s=low,angles_quant_min=high,1,1,2,896,0.3333333333333333,1242,0.46205357142857145,896,0.3333333333333333,0.7214170692431562,2.164251207729469,0.17931547619047616
RAW-FP-R01012,angles_quant_min=high,angles_0s=low,1,1,2,896,0.3333333333333333,896,0.3333333333333333,1242,0.46205357142857145,1.0,2.1642512077294684,0.17931547619047616
RAW-FP-R01013,angles_quant_min=medium,angles_0s=low,1,1,2,346,0.12872023809523808,346,0.12872023809523808,1242,0.46205357142857145,1.0,2.1642512077294684,0.06924459236819727
RAW-FP-R01014,sampling_gap_sd_seconds=high,angles_quant_05=high,1,1,2,522,0.19419642857142858,724,0.2693452380952381,896,0.3333333333333333,0.7209944751381215,2.1629834254143647,0.10441468253968256
RAW-FP-R01015,bbox_width_m=high,path_length_m=high,1,1,2,646,0.24032738095238096,896,0.3333333333333333,896,0.3333333333333333,0.7209821428571429,2.162946428571429,0.12921626984126985
RAW-FP-R01016,path_length_m=high,bbox_width_m=high,1,1,2,646,0.24032738095238096,896,0.3333333333333333,896,0.3333333333333333,0.7209821428571429,2.162946428571429,0.12921626984126985
RAW-FP-R01017,angles_iqr=medium,angles_mad=medium,1,1,2,645,0.23995535714285715,896,0.3333333333333333,896,0.3333333333333333,0.7198660714285714,2.1595982142857144,0.12884424603174605
RAW-FP-R01018,angles_mad=medium,angles_iqr=medium,1,1,2,645,0.23995535714285715,896,0.3333333333333333,896,0.3333333333333333,0.7198660714285714,2.1595982142857144,0.12884424603174605
RAW-FP-R01019,sampling_gap_cv=high,angles_quant_min=high,1,1,2,610,0.2269345238095238,848,0.31547619047619047,896,0.3333333333333333,0.7193396226415094,2.1580188679245285,0.12177579365079366
RAW-FP-R01020,angles_quant_min=high,sampling_gap_cv=high,1,1,2,610,0.2269345238095238,896,0.3333333333333333,848,0.31547619047619047,0.6808035714285714,2.1580188679245285,0.12177579365079366
RAW-FP-R01021,duration_total_seconds=low,angles_0s=low,1,1,2,907,0.33742559523809523,910,0.3385416666666667,1242,0.46205357142857145,0.9967032967032967,2.1571163136380527,0.18100120907738093
RAW-FP-R01022,sampling_gap_mean_seconds=low,angles_0s=low,1,1,2,907,0.33742559523809523,910,0.3385416666666667,1242,0.46205357142857145,0.9967032967032967,2.1571163136380527,0.18100120907738093
RAW-FP-R01023,angles_0s=low,duration_total_seconds=low,1,1,2,907,0.33742559523809523,1242,0.46205357142857145,910,0.3385416666666667,0.7302737520128825,2.1571163136380527,0.18100120907738093
RAW-FP-R01024,angles_0s=low,sampling_gap_mean_seconds=low,1,1,2,907,0.33742559523809523,1242,0.46205357142857145,910,0.3385416666666667,0.7302737520128825,2.1571163136380527,0.18100120907738093
RAW-FP-R01025,sampling_gap_cv=high,angles_0s=low,1,1,2,845,0.31436011904761907,848,0.31547619047619047,1242,0.46205357142857145,0.9964622641509434,2.15659465864552,0.168593218537415
RAW-FP-R01026,angles_0s=low,sampling_gap_cv=high,1,1,2,845,0.31436011904761907,1242,0.46205357142857145,848,0.31547619047619047,0.6803542673107891,2.15659465864552,0.168593218537415
RAW-FP-R01027,angles_iqr=high,speed_quant_05=low,1,1,2,644,0.23958333333333334,896,0.3333333333333333,896,0.3333333333333333,0.71875,2.15625,0.12847222222222224
RAW-FP-R01028,angles_quant_95=low,angles_quant_median=low,1,1,2,644,0.23958333333333334,896,0.3333333333333333,896,0.3333333333333333,0.71875,2.15625,0.12847222222222224
RAW-FP-R01029,angles_quant_median=low,angles_quant_95=low,1,1,2,644,0.23958333333333334,896,0.3333333333333333,896,0.3333333333333333,0.71875,2.15625,0.12847222222222224
RAW-FP-R01030,speed_kurt=high,speed_skew=high,1,1,2,644,0.23958333333333334,896,0.3333333333333333,896,0.3333333333333333,0.71875,2.15625,0.12847222222222224
RAW-FP-R01031,speed_meanse=low,speed_quant_95=low,1,1,2,644,0.23958333333333334,896,0.3333333333333333,896,0.3333333333333333,0.71875,2.15625,0.12847222222222224
RAW-FP-R01032,speed_quant_05=low,angles_iqr=high,1,1,2,644,0.23958333333333334,896,0.3333333333333333,896,0.3333333333333333,0.71875,2.15625,0.12847222222222224
RAW-FP-R01033,speed_quant_95=low,speed_meanse=low,1,1,2,644,0.23958333333333334,896,0.3333333333333333,896,0.3333333333333333,0.71875,2.15625,0.12847222222222224
RAW-FP-R01034,speed_quant_95=low,speed_sd=low,1,1,2,644,0.23958333333333334,896,0.3333333333333333,896,0.3333333333333333,0.71875,2.15625,0.12847222222222224
RAW-FP-R01035,speed_sd=low,speed_quant_95=low,1,1,2,644,0.23958333333333334,896,0.3333333333333333,896,0.3333333333333333,0.71875,2.15625,0.12847222222222224
RAW-FP-R01036,speed_skew=high,speed_kurt=high,1,1,2,644,0.23958333333333334,896,0.3333333333333333,896,0.3333333333333333,0.71875,2.15625,0.12847222222222224
RAW-FP-R01037,sampling_gap_sd_seconds=high,angles_0s=low,1,1,2,721,0.2682291666666667,724,0.2693452380952381,1242,0.46205357142857145,0.9958563535911602,2.155283315984733,0.143777237457483
RAW-FP-R01038,sampling_gap_sd_seconds=medium,angles_0s=low,1,1,2,436,0.16220238095238096,438,0.16294642857142858,1242,0.46205357142857145,0.9954337899543378,2.154368782123398,0.08691240167942177
RAW-FP-R01039,angles_mean=high,speed_quant_min=low,1,1,2,643,0.23921130952380953,896,0.3333333333333333,896,0.3333333333333333,0.7176339285714286,2.152901785714286,0.12810019841269843
RAW-FP-R01040,speed_quant_min=low,angles_mean=high,1,1,2,643,0.23921130952380953,896,0.3333333333333333,896,0.3333333333333333,0.7176339285714286,2.152901785714286,0.12810019841269843
RAW-FP-R01041,sampling_gap_cv=medium,angles_0s=low,1,1,2,312,0.11607142857142858,314,0.11681547619047619,1242,0.46205357142857145,0.9936305732484076,2.1504661681897903,0.0620964205994898
RAW-FP-R01042,acceleration_iqr=low,acceleration_quant_90=low,1,1,2,642,0.23883928571428573,896,0.3333333333333333,896,0.3333333333333333,0.7165178571428571,2.1495535714285716,0.12772817460317462
RAW-FP-R01043,acceleration_quant_90=low,acceleration_iqr=low,1,1,2,642,0.23883928571428573,896,0.3333333333333333,896,0.3333333333333333,0.7165178571428571,2.1495535714285716,0.12772817460317462
RAW-FP-R01044,angles_meanse=low,speed_quant_25=high,1,1,2,642,0.23883928571428573,896,0.3333333333333333,896,0.3333333333333333,0.7165178571428571,2.1495535714285716,0.12772817460317462
RAW-FP-R01045,angles_sd=low,speed_quant_25=high,1,1,2,642,0.23883928571428573,896,0.3333333333333333,896,0.3333333333333333,0.7165178571428571,2.1495535714285716,0.12772817460317462
RAW-FP-R01046,bbox_diagonal_m=medium,median_distance_to_centroid_m=medium,1,1,2,642,0.23883928571428573,896,0.3333333333333333,896,0.3333333333333333,0.7165178571428571,2.1495535714285716,0.12772817460317462
RAW-FP-R01047,distance_geometry_2_2=low,distance_geometry_5_4=low,1,1,2,642,0.23883928571428573,896,0.3333333333333333,896,0.3333333333333333,0.7165178571428571,2.1495535714285716,0.12772817460317462
RAW-FP-R01048,distance_geometry_5_4=low,distance_geometry_2_2=low,1,1,2,642,0.23883928571428573,896,0.3333333333333333,896,0.3333333333333333,0.7165178571428571,2.1495535714285716,0.12772817460317462
RAW-FP-R01049,median_distance_to_centroid_m=medium,bbox_diagonal_m=medium,1,1,2,642,0.23883928571428573,896,0.3333333333333333,896,0.3333333333333333,0.7165178571428571,2.1495535714285716,0.12772817460317462
RAW-FP-R01050,net_displacement_m=high,speed_quant_75=high,1,1,2,642,0.23883928571428573,896,0.3333333333333333,896,0.3333333333333333,0.7165178571428571,2.1495535714285716,0.12772817460317462
RAW-FP-R01051,speed_mean_first_half=low,speed_quant_10=low,1,1,2,642,0.23883928571428573,896,0.3333333333333333,896,0.3333333333333333,0.7165178571428571,2.1495535714285716,0.12772817460317462
RAW-FP-R01052,speed_quant_10=low,speed_mean_first_half=low,1,1,2,642,0.23883928571428573,896,0.3333333333333333,896,0.3333333333333333,0.7165178571428571,2.1495535714285716,0.12772817460317462
RAW-FP-R01053,speed_quant_25=high,angles_meanse=low,1,1,2,642,0.23883928571428573,896,0.3333333333333333,896,0.3333333333333333,0.7165178571428571,2.1495535714285716,0.12772817460317462
RAW-FP-R01054,speed_quant_25=high,angles_sd=low,1,1,2,642,0.23883928571428573,896,0.3333333333333333,896,0.3333333333333333,0.7165178571428571,2.1495535714285716,0.12772817460317462
RAW-FP-R01055,speed_quant_75=high,net_displacement_m=high,1,1,2,642,0.23883928571428573,896,0.3333333333333333,896,0.3333333333333333,0.7165178571428571,2.1495535714285716,0.12772817460317462
RAW-FP-R01056,sampling_gap_cv=high,angles_quant_05=high,1,1,2,607,0.22581845238095238,848,0.31547619047619047,896,0.3333333333333333,0.7158018867924528,2.1474056603773586,0.12065972222222224
RAW-FP-R01057,angles_quant_05=high,sampling_gap_cv=high,1,1,2,607,0.22581845238095238,896,0.3333333333333333,848,0.31547619047619047,0.6774553571428571,2.1474056603773586,0.12065972222222224
RAW-FP-R01058,angles_mad=low,angles_sd=low,1,1,2,641,0.23846726190476192,896,0.3333333333333333,896,0.3333333333333333,0.7154017857142857,2.146205357142857,0.1273561507936508
RAW-FP-R01059,angles_mad=low,angles_meanse=low,1,1,2,641,0.23846726190476192,896,0.3333333333333333,896,0.3333333333333333,0.7154017857142857,2.146205357142857,0.1273561507936508
RAW-FP-R01060,angles_mean=high,speed_quant_median=low,1,1,2,641,0.23846726190476192,896,0.3333333333333333,896,0.3333333333333333,0.7154017857142857,2.146205357142857,0.1273561507936508
RAW-FP-R01061,angles_meanse=low,angles_mad=low,1,1,2,641,0.23846726190476192,896,0.3333333333333333,896,0.3333333333333333,0.7154017857142857,2.146205357142857,0.1273561507936508
RAW-FP-R01062,angles_sd=low,angles_mad=low,1,1,2,641,0.23846726190476192,896,0.3333333333333333,896,0.3333333333333333,0.7154017857142857,2.146205357142857,0.1273561507936508
RAW-FP-R01063,bbox_area_km2=high,speed_quant_median=high,1,1,2,641,0.23846726190476192,896,0.3333333333333333,896,0.3333333333333333,0.7154017857142857,2.146205357142857,0.1273561507936508
RAW-FP-R01064,bbox_width_m=low,path_length_m=low,1,1,2,641,0.23846726190476192,896,0.3333333333333333,896,0.3333333333333333,0.7154017857142857,2.146205357142857,0.1273561507936508
RAW-FP-R01065,median_distance_to_centroid_m=low,speed_quant_75=low,1,1,2,641,0.23846726190476192,896,0.3333333333333333,896,0.3333333333333333,0.7154017857142857,2.146205357142857,0.1273561507936508
RAW-FP-R01066,path_length_m=low,bbox_width_m=low,1,1,2,641,0.23846726190476192,896,0.3333333333333333,896,0.3333333333333333,0.7154017857142857,2.146205357142857,0.1273561507936508
RAW-FP-R01067,speed_quant_75=low,median_distance_to_centroid_m=low,1,1,2,641,0.23846726190476192,896,0.3333333333333333,896,0.3333333333333333,0.7154017857142857,2.146205357142857,0.1273561507936508
RAW-FP-R01068,speed_quant_90=high,speed_quant_median=high,1,1,2,641,0.23846726190476192,896,0.3333333333333333,896,0.3333333333333333,0.7154017857142857,2.146205357142857,0.1273561507936508
RAW-FP-R01069,speed_quant_median=high,bbox_area_km2=high,1,1,2,641,0.23846726190476192,896,0.3333333333333333,896,0.3333333333333333,0.7154017857142857,2.146205357142857,0.1273561507936508
RAW-FP-R01070,speed_quant_median=high,speed_quant_90=high,1,1,2,641,0.23846726190476192,896,0.3333333333333333,896,0.3333333333333333,0.7154017857142857,2.146205357142857,0.1273561507936508
RAW-FP-R01071,speed_quant_median=low,angles_mean=high,1,1,2,641,0.23846726190476192,896,0.3333333333333333,896,0.3333333333333333,0.7154017857142857,2.146205357142857,0.1273561507936508
RAW-FP-R01072,acceleration_quant_75=high,acceleration_quant_90=high,1,1,2,640,0.23809523809523808,896,0.3333333333333333,896,0.3333333333333333,0.7142857142857143,2.1428571428571432,0.12698412698412698
RAW-FP-R01073,acceleration_quant_90=high,acceleration_quant_75=high,1,1,2,640,0.23809523809523808,896,0.3333333333333333,896,0.3333333333333333,0.7142857142857143,2.1428571428571432,0.12698412698412698
RAW-FP-R01074,angles_quant_95=high,speed_quant_min=low,1,1,2,640,0.23809523809523808,896,0.3333333333333333,896,0.3333333333333333,0.7142857142857143,2.1428571428571432,0.12698412698412698
RAW-FP-R01075,bbox_area_km2=low,speed_quant_75=low,1,1,2,640,0.23809523809523808,896,0.3333333333333333,896,0.3333333333333333,0.7142857142857143,2.1428571428571432,0.12698412698412698
RAW-FP-R01076,speed_iqr=high,speed_range=high,1,1,2,640,0.23809523809523808,896,0.3333333333333333,896,0.3333333333333333,0.7142857142857143,2.1428571428571432,0.12698412698412698
RAW-FP-R01077,speed_quant_75=low,bbox_area_km2=low,1,1,2,640,0.23809523809523808,896,0.3333333333333333,896,0.3333333333333333,0.7142857142857143,2.1428571428571432,0.12698412698412698
RAW-FP-R01078,speed_quant_min=low,angles_quant_95=high,1,1,2,640,0.23809523809523808,896,0.3333333333333333,896,0.3333333333333333,0.7142857142857143,2.1428571428571432,0.12698412698412698
RAW-FP-R01079,speed_range=high,speed_iqr=high,1,1,2,640,0.23809523809523808,896,0.3333333333333333,896,0.3333333333333333,0.7142857142857143,2.1428571428571432,0.12698412698412698
RAW-FP-R01080,angles_0s=low,angles_quant_05=high,1,1,2,886,0.32961309523809523,1242,0.46205357142857145,896,0.3333333333333333,0.7133655394524959,2.140096618357488,0.17559523809523808
RAW-FP-R01081,angles_quant_05=high,angles_0s=low,1,1,2,886,0.32961309523809523,896,0.3333333333333333,1242,0.46205357142857145,0.9888392857142857,2.1400966183574877,0.17559523809523808
RAW-FP-R01082,acceleration_quant_75=low,acceleration_quant_90=low,1,1,2,639,0.23772321428571427,896,0.3333333333333333,896,0.3333333333333333,0.7131696428571429,2.139508928571429,0.12661210317460317
RAW-FP-R01083,acceleration_quant_90=low,acceleration_quant_75=low,1,1,2,639,0.23772321428571427,896,0.3333333333333333,896,0.3333333333333333,0.7131696428571429,2.139508928571429,0.12661210317460317
RAW-FP-R01084,speed_iqr=high,speed_quant_95=high,1,1,2,639,0.23772321428571427,896,0.3333333333333333,896,0.3333333333333333,0.7131696428571429,2.139508928571429,0.12661210317460317
RAW-FP-R01085,speed_quant_05=high,speed_quant_median=high,1,1,2,639,0.23772321428571427,896,0.3333333333333333,896,0.3333333333333333,0.7131696428571429,2.139508928571429,0.12661210317460317
RAW-FP-R01086,speed_quant_95=high,speed_iqr=high,1,1,2,639,0.23772321428571427,896,0.3333333333333333,896,0.3333333333333333,0.7131696428571429,2.139508928571429,0.12661210317460317
RAW-FP-R01087,speed_quant_median=high,speed_quant_05=high,1,1,2,639,0.23772321428571427,896,0.3333333333333333,896,0.3333333333333333,0.7131696428571429,2.139508928571429,0.12661210317460317
RAW-FP-R01088,acceleration_quant_05=high,acceleration_quant_95=low,1,1,2,638,0.23735119047619047,896,0.3333333333333333,896,0.3333333333333333,0.7120535714285714,2.1361607142857144,0.12624007936507936
RAW-FP-R01089,acceleration_quant_95=low,acceleration_quant_05=high,1,1,2,638,0.23735119047619047,896,0.3333333333333333,896,0.3333333333333333,0.7120535714285714,2.1361607142857144,0.12624007936507936
RAW-FP-R01090,angles_quant_75=high,speed_quant_05=low,1,1,2,638,0.23735119047619047,896,0.3333333333333333,896,0.3333333333333333,0.7120535714285714,2.1361607142857144,0.12624007936507936
RAW-FP-R01091,path_length_m=low,speed_quant_95=low,1,1,2,638,0.23735119047619047,896,0.3333333333333333,896,0.3333333333333333,0.7120535714285714,2.1361607142857144,0.12624007936507936
RAW-FP-R01092,speed_mean_first_half=high,speed_quant_10=high,1,1,2,638,0.23735119047619047,896,0.3333333333333333,896,0.3333333333333333,0.7120535714285714,2.1361607142857144,0.12624007936507936
RAW-FP-R01093,speed_quant_05=low,angles_quant_75=high,1,1,2,638,0.23735119047619047,896,0.3333333333333333,896,0.3333333333333333,0.7120535714285714,2.1361607142857144,0.12624007936507936
RAW-FP-R01094,speed_quant_10=high,speed_mean_first_half=high,1,1,2,638,0.23735119047619047,896,0.3333333333333333,896,0.3333333333333333,0.7120535714285714,2.1361607142857144,0.12624007936507936
RAW-FP-R01095,speed_quant_95=low,path_length_m=low,1,1,2,638,0.23735119047619047,896,0.3333333333333333,896,0.3333333333333333,0.7120535714285714,2.1361607142857144,0.12624007936507936
RAW-FP-R01096,bbox_lat_span_deg=high,bbox_area_km2=high,1,1,2,635,0.23623511904761904,892,0.3318452380952381,896,0.3333333333333333,0.7118834080717489,2.135650224215247,0.12562003968253968
RAW-FP-R01097,bbox_area_km2=high,bbox_lat_span_deg=high,1,1,2,635,0.23623511904761904,896,0.3333333333333333,892,0.3318452380952381,0.7087053571428571,2.1356502242152464,0.12562003968253968
RAW-FP-R01098,bbox_height_m=high,bbox_area_km2=high,1,1,2,636,0.23660714285714285,894,0.3325892857142857,896,0.3333333333333333,0.7114093959731543,2.1342281879194633,0.12574404761904762
RAW-FP-R01099,bbox_area_km2=high,bbox_height_m=high,1,1,2,636,0.23660714285714285,896,0.3333333333333333,894,0.3325892857142857,0.7098214285714286,2.1342281879194633,0.12574404761904762
RAW-FP-R01100,sampling_gap_sd_seconds=high,angles_quant_min=high,1,1,2,515,0.19159226190476192,724,0.2693452380952381,896,0.3333333333333333,0.7113259668508287,2.133977900552486,0.1018105158730159
RAW-FP-R01101,acceleration_quant_05=high,acceleration_quant_90=low,1,1,2,637,0.23697916666666666,896,0.3333333333333333,896,0.3333333333333333,0.7109375,2.1328125,0.12586805555555555
RAW-FP-R01102,acceleration_quant_90=low,acceleration_quant_05=high,1,1,2,637,0.23697916666666666,896,0.3333333333333333,896,0.3333333333333333,0.7109375,2.1328125,0.12586805555555555
RAW-FP-R01103,angles_iqr=high,speed_mean=low,1,1,2,637,0.23697916666666666,896,0.3333333333333333,896,0.3333333333333333,0.7109375,2.1328125,0.12586805555555555
RAW-FP-R01104,distance_geometry_2_1=high,distance_geometry_4_2=high,1,1,2,637,0.23697916666666666,896,0.3333333333333333,896,0.3333333333333333,0.7109375,2.1328125,0.12586805555555555
RAW-FP-R01105,distance_geometry_4_2=high,distance_geometry_2_1=high,1,1,2,637,0.23697916666666666,896,0.3333333333333333,896,0.3333333333333333,0.7109375,2.1328125,0.12586805555555555
RAW-FP-R01106,median_distance_to_centroid_m=high,speed_quant_75=high,1,1,2,637,0.23697916666666666,896,0.3333333333333333,896,0.3333333333333333,0.7109375,2.1328125,0.12586805555555555
RAW-FP-R01107,path_length_m=low,speed_quant_25=low,1,1,2,637,0.23697916666666666,896,0.3333333333333333,896,0.3333333333333333,0.7109375,2.1328125,0.12586805555555555
RAW-FP-R01108,speed_mean=low,angles_iqr=high,1,1,2,637,0.23697916666666666,896,0.3333333333333333,896,0.3333333333333333,0.7109375,2.1328125,0.12586805555555555
RAW-FP-R01109,speed_quant_25=low,path_length_m=low,1,1,2,637,0.23697916666666666,896,0.3333333333333333,896,0.3333333333333333,0.7109375,2.1328125,0.12586805555555555
RAW-FP-R01110,speed_quant_75=high,median_distance_to_centroid_m=high,1,1,2,637,0.23697916666666666,896,0.3333333333333333,896,0.3333333333333333,0.7109375,2.1328125,0.12586805555555555
RAW-FP-R01111,acceleration_iqr=low,acceleration_quant_10=high,1,1,2,636,0.23660714285714285,896,0.3333333333333333,896,0.3333333333333333,0.7098214285714286,2.129464285714286,0.12549603174603174
RAW-FP-R01112,acceleration_mad=low,acceleration_quant_90=low,1,1,2,636,0.23660714285714285,896,0.3333333333333333,896,0.3333333333333333,0.7098214285714286,2.129464285714286,0.12549603174603174
RAW-FP-R01113,acceleration_quant_10=high,acceleration_iqr=low,1,1,2,636,0.23660714285714285,896,0.3333333333333333,896,0.3333333333333333,0.7098214285714286,2.129464285714286,0.12549603174603174
RAW-FP-R01114,acceleration_quant_90=low,acceleration_mad=low,1,1,2,636,0.23660714285714285,896,0.3333333333333333,896,0.3333333333333333,0.7098214285714286,2.129464285714286,0.12549603174603174
RAW-FP-R01115,angles_iqr=low,angles_quant_max=low,1,1,2,636,0.23660714285714285,896,0.3333333333333333,896,0.3333333333333333,0.7098214285714286,2.129464285714286,0.12549603174603174
RAW-FP-R01116,angles_iqr=low,angles_range=low,1,1,2,636,0.23660714285714285,896,0.3333333333333333,896,0.3333333333333333,0.7098214285714286,2.129464285714286,0.12549603174603174
RAW-FP-R01117,angles_quant_90=low,speed_quant_25=high,1,1,2,636,0.23660714285714285,896,0.3333333333333333,896,0.3333333333333333,0.7098214285714286,2.129464285714286,0.12549603174603174
RAW-FP-R01118,angles_quant_max=low,angles_iqr=low,1,1,2,636,0.23660714285714285,896,0.3333333333333333,896,0.3333333333333333,0.7098214285714286,2.129464285714286,0.12549603174603174
RAW-FP-R01119,angles_range=low,angles_iqr=low,1,1,2,636,0.23660714285714285,896,0.3333333333333333,896,0.3333333333333333,0.7098214285714286,2.129464285714286,0.12549603174603174
RAW-FP-R01120,speed_mad=high,speed_range=high,1,1,2,636,0.23660714285714285,896,0.3333333333333333,896,0.3333333333333333,0.7098214285714286,2.129464285714286,0.12549603174603174
RAW-FP-R01121,speed_mean=high,speed_quant_05=high,1,1,2,636,0.23660714285714285,896,0.3333333333333333,896,0.3333333333333333,0.7098214285714286,2.129464285714286,0.12549603174603174
RAW-FP-R01122,speed_quant_05=high,speed_mean=high,1,1,2,636,0.23660714285714285,896,0.3333333333333333,896,0.3333333333333333,0.7098214285714286,2.129464285714286,0.12549603174603174
RAW-FP-R01123,speed_quant_25=high,angles_quant_90=low,1,1,2,636,0.23660714285714285,896,0.3333333333333333,896,0.3333333333333333,0.7098214285714286,2.129464285714286,0.12549603174603174
RAW-FP-R01124,speed_quant_95=low,speed_quant_median=low,1,1,2,636,0.23660714285714285,896,0.3333333333333333,896,0.3333333333333333,0.7098214285714286,2.129464285714286,0.12549603174603174
RAW-FP-R01125,speed_quant_median=low,speed_quant_95=low,1,1,2,636,0.23660714285714285,896,0.3333333333333333,896,0.3333333333333333,0.7098214285714286,2.129464285714286,0.12549603174603174
RAW-FP-R01126,speed_range=high,speed_mad=high,1,1,2,636,0.23660714285714285,896,0.3333333333333333,896,0.3333333333333333,0.7098214285714286,2.129464285714286,0.12549603174603174
RAW-FP-R01127,duration_total_seconds=low,angles_quant_05=high,1,1,2,645,0.23995535714285715,910,0.3385416666666667,896,0.3333333333333333,0.7087912087912088,2.126373626373627,0.12710813492063494
RAW-FP-R01128,sampling_gap_mean_seconds=low,angles_quant_05=high,1,1,2,645,0.23995535714285715,910,0.3385416666666667,896,0.3333333333333333,0.7087912087912088,2.126373626373627,0.12710813492063494
RAW-FP-R01129,angles_quant_05=high,duration_total_seconds=low,1,1,2,645,0.23995535714285715,896,0.3333333333333333,910,0.3385416666666667,0.7198660714285714,2.1263736263736264,0.12710813492063494
RAW-FP-R01130,angles_quant_05=high,sampling_gap_mean_seconds=low,1,1,2,645,0.23995535714285715,896,0.3333333333333333,910,0.3385416666666667,0.7198660714285714,2.1263736263736264,0.12710813492063494
RAW-FP-R01131,acceleration_iqr=high,acceleration_quant_10=low,1,1,2,635,0.23623511904761904,896,0.3333333333333333,896,0.3333333333333333,0.7087053571428571,2.1261160714285716,0.12512400793650794
RAW-FP-R01132,acceleration_meanse=high,acceleration_quant_min=low,1,1,2,635,0.23623511904761904,896,0.3333333333333333,896,0.3333333333333333,0.7087053571428571,2.1261160714285716,0.12512400793650794
RAW-FP-R01133,acceleration_quant_10=low,acceleration_iqr=high,1,1,2,635,0.23623511904761904,896,0.3333333333333333,896,0.3333333333333333,0.7087053571428571,2.1261160714285716,0.12512400793650794
RAW-FP-R01134,acceleration_quant_min=low,acceleration_sd=high,1,1,2,635,0.23623511904761904,896,0.3333333333333333,896,0.3333333333333333,0.7087053571428571,2.1261160714285716,0.12512400793650794
RAW-FP-R01135,acceleration_quant_min=low,acceleration_meanse=high,1,1,2,635,0.23623511904761904,896,0.3333333333333333,896,0.3333333333333333,0.7087053571428571,2.1261160714285716,0.12512400793650794
RAW-FP-R01136,acceleration_sd=high,acceleration_quant_min=low,1,1,2,635,0.23623511904761904,896,0.3333333333333333,896,0.3333333333333333,0.7087053571428571,2.1261160714285716,0.12512400793650794
RAW-FP-R01137,angles_quant_95=low,speed_quant_25=high,1,1,2,635,0.23623511904761904,896,0.3333333333333333,896,0.3333333333333333,0.7087053571428571,2.1261160714285716,0.12512400793650794
RAW-FP-R01138,max_distance_to_centroid_m=low,speed_quant_95=low,1,1,2,635,0.23623511904761904,896,0.3333333333333333,896,0.3333333333333333,0.7087053571428571,2.1261160714285716,0.12512400793650794
RAW-FP-R01139,path_length_m=high,speed_mean_second_half=high,1,1,2,635,0.23623511904761904,896,0.3333333333333333,896,0.3333333333333333,0.7087053571428571,2.1261160714285716,0.12512400793650794
RAW-FP-R01140,speed_mean_second_half=high,path_length_m=high,1,1,2,635,0.23623511904761904,896,0.3333333333333333,896,0.3333333333333333,0.7087053571428571,2.1261160714285716,0.12512400793650794
RAW-FP-R01141,speed_quant_25=high,angles_quant_95=low,1,1,2,635,0.23623511904761904,896,0.3333333333333333,896,0.3333333333333333,0.7087053571428571,2.1261160714285716,0.12512400793650794
RAW-FP-R01142,speed_quant_95=low,max_distance_to_centroid_m=low,1,1,2,635,0.23623511904761904,896,0.3333333333333333,896,0.3333333333333333,0.7087053571428571,2.1261160714285716,0.12512400793650794
RAW-FP-R01143,angles_0s=high,angles_quant_10=low,1,1,2,884,0.3288690476190476,884,0.3288690476190476,1266,0.47098214285714285,1.0,2.123222748815166,0.1739775988520408
RAW-FP-R01144,angles_quant_10=low,angles_0s=high,1,1,2,884,0.3288690476190476,1266,0.47098214285714285,884,0.3288690476190476,0.69826224328594,2.123222748815166,0.1739775988520408
RAW-FP-R01145,angles_kurt=high,angles_vcoef=high,1,1,2,634,0.23586309523809523,896,0.3333333333333333,896,0.3333333333333333,0.7075892857142857,2.122767857142857,0.12475198412698413
RAW-FP-R01146,angles_quant_75=high,speed_mean=low,1,1,2,634,0.23586309523809523,896,0.3333333333333333,896,0.3333333333333333,0.7075892857142857,2.122767857142857,0.12475198412698413
RAW-FP-R01147,angles_quant_90=high,speed_quant_median=low,1,1,2,634,0.23586309523809523,896,0.3333333333333333,896,0.3333333333333333,0.7075892857142857,2.122767857142857,0.12475198412698413
RAW-FP-R01148,angles_vcoef=high,angles_kurt=high,1,1,2,634,0.23586309523809523,896,0.3333333333333333,896,0.3333333333333333,0.7075892857142857,2.122767857142857,0.12475198412698413
RAW-FP-R01149,bbox_area_km2=high,speed_quant_75=high,1,1,2,634,0.23586309523809523,896,0.3333333333333333,896,0.3333333333333333,0.7075892857142857,2.122767857142857,0.12475198412698413
RAW-FP-R01150,speed_iqr=low,speed_range=low,1,1,2,634,0.23586309523809523,896,0.3333333333333333,896,0.3333333333333333,0.7075892857142857,2.122767857142857,0.12475198412698413
RAW-FP-R01151,speed_mean=low,angles_quant_75=high,1,1,2,634,0.23586309523809523,896,0.3333333333333333,896,0.3333333333333333,0.7075892857142857,2.122767857142857,0.12475198412698413
RAW-FP-R01152,speed_quant_25=high,speed_quant_75=high,1,1,2,634,0.23586309523809523,896,0.3333333333333333,896,0.3333333333333333,0.7075892857142857,2.122767857142857,0.12475198412698413
RAW-FP-R01153,speed_quant_75=high,bbox_area_km2=high,1,1,2,634,0.23586309523809523,896,0.3333333333333333,896,0.3333333333333333,0.7075892857142857,2.122767857142857,0.12475198412698413
RAW-FP-R01154,speed_quant_75=high,speed_quant_25=high,1,1,2,634,0.23586309523809523,896,0.3333333333333333,896,0.3333333333333333,0.7075892857142857,2.122767857142857,0.12475198412698413
RAW-FP-R01155,speed_quant_median=low,angles_quant_90=high,1,1,2,634,0.23586309523809523,896,0.3333333333333333,896,0.3333333333333333,0.7075892857142857,2.122767857142857,0.12475198412698413
RAW-FP-R01156,speed_range=low,speed_iqr=low,1,1,2,634,0.23586309523809523,896,0.3333333333333333,896,0.3333333333333333,0.7075892857142857,2.122767857142857,0.12475198412698413
RAW-FP-R01157,angles_skew=low,angles_vcoef=low,1,1,2,633,0.23549107142857142,896,0.3333333333333333,896,0.3333333333333333,0.7064732142857143,2.1194196428571432,0.12437996031746032
RAW-FP-R01158,angles_vcoef=low,angles_skew=low,1,1,2,633,0.23549107142857142,896,0.3333333333333333,896,0.3333333333333333,0.7064732142857143,2.1194196428571432,0.12437996031746032
RAW-FP-R01159,speed_iqr=high,speed_quant_90=high,1,1,2,633,0.23549107142857142,896,0.3333333333333333,896,0.3333333333333333,0.7064732142857143,2.1194196428571432,0.12437996031746032
RAW-FP-R01160,speed_quant_90=high,speed_iqr=high,1,1,2,633,0.23549107142857142,896,0.3333333333333333,896,0.3333333333333333,0.7064732142857143,2.1194196428571432,0.12437996031746032
RAW-FP-R01161,angles_mad=medium,angles_quant_75=medium,1,1,2,632,0.23511904761904762,896,0.3333333333333333,896,0.3333333333333333,0.7053571428571429,2.116071428571429,0.12400793650793651
RAW-FP-R01162,angles_mean=low,speed_quant_25=high,1,1,2,632,0.23511904761904762,896,0.3333333333333333,896,0.3333333333333333,0.7053571428571429,2.116071428571429,0.12400793650793651
RAW-FP-R01163,angles_quant_75=medium,angles_mad=medium,1,1,2,632,0.23511904761904762,896,0.3333333333333333,896,0.3333333333333333,0.7053571428571429,2.116071428571429,0.12400793650793651
RAW-FP-R01164,speed_quant_25=high,angles_mean=low,1,1,2,632,0.23511904761904762,896,0.3333333333333333,896,0.3333333333333333,0.7053571428571429,2.116071428571429,0.12400793650793651
RAW-FP-R01165,acceleration_mad=low,acceleration_quant_10=high,1,1,2,631,0.2347470238095238,896,0.3333333333333333,896,0.3333333333333333,0.7042410714285714,2.1127232142857144,0.1236359126984127
RAW-FP-R01166,acceleration_quant_10=high,acceleration_mad=low,1,1,2,631,0.2347470238095238,896,0.3333333333333333,896,0.3333333333333333,0.7042410714285714,2.1127232142857144,0.1236359126984127
RAW-FP-R01167,acceleration_quant_10=low,acceleration_quant_90=high,1,1,2,631,0.2347470238095238,896,0.3333333333333333,896,0.3333333333333333,0.7042410714285714,2.1127232142857144,0.1236359126984127
RAW-FP-R01168,acceleration_quant_90=high,acceleration_quant_10=low,1,1,2,631,0.2347470238095238,896,0.3333333333333333,896,0.3333333333333333,0.7042410714285714,2.1127232142857144,0.1236359126984127
RAW-FP-R01169,angles_iqr=low,angles_quant_median=low,1,1,2,631,0.2347470238095238,896,0.3333333333333333,896,0.3333333333333333,0.7042410714285714,2.1127232142857144,0.1236359126984127
RAW-FP-R01170,angles_quant_median=low,angles_iqr=low,1,1,2,631,0.2347470238095238,896,0.3333333333333333,896,0.3333333333333333,0.7042410714285714,2.1127232142857144,0.1236359126984127
RAW-FP-R01171,bbox_area_km2=low,speed_quant_median=low,1,1,2,631,0.2347470238095238,896,0.3333333333333333,896,0.3333333333333333,0.7042410714285714,2.1127232142857144,0.1236359126984127
RAW-FP-R01172,net_displacement_m=low,speed_quant_25=low,1,1,2,631,0.2347470238095238,896,0.3333333333333333,896,0.3333333333333333,0.7042410714285714,2.1127232142857144,0.1236359126984127
RAW-FP-R01173,speed_quant_25=low,net_displacement_m=low,1,1,2,631,0.2347470238095238,896,0.3333333333333333,896,0.3333333333333333,0.7042410714285714,2.1127232142857144,0.1236359126984127
RAW-FP-R01174,speed_quant_median=low,bbox_area_km2=low,1,1,2,631,0.2347470238095238,896,0.3333333333333333,896,0.3333333333333333,0.7042410714285714,2.1127232142857144,0.1236359126984127
RAW-FP-R01175,angles_quant_95=high,speed_quant_median=low,1,1,2,630,0.234375,896,0.3333333333333333,896,0.3333333333333333,0.703125,2.109375,0.1232638888888889
RAW-FP-R01176,max_distance_to_centroid_m=high,speed_mean_second_half=high,1,1,2,630,0.234375,896,0.3333333333333333,896,0.3333333333333333,0.703125,2.109375,0.1232638888888889
RAW-FP-R01177,speed_mean_second_half=high,max_distance_to_centroid_m=high,1,1,2,630,0.234375,896,0.3333333333333333,896,0.3333333333333333,0.703125,2.109375,0.1232638888888889
RAW-FP-R01178,speed_quant_median=low,angles_quant_95=high,1,1,2,630,0.234375,896,0.3333333333333333,896,0.3333333333333333,0.703125,2.109375,0.1232638888888889
RAW-FP-R01179,acceleration_iqr=low,acceleration_quant_95=low,1,1,2,629,0.2340029761904762,896,0.3333333333333333,896,0.3333333333333333,0.7020089285714286,2.106026785714286,0.12289186507936509
RAW-FP-R01180,acceleration_quant_95=low,acceleration_iqr=low,1,1,2,629,0.2340029761904762,896,0.3333333333333333,896,0.3333333333333333,0.7020089285714286,2.106026785714286,0.12289186507936509
RAW-FP-R01181,angles_quant_75=high,angles_quant_max=high,1,1,2,629,0.2340029761904762,896,0.3333333333333333,896,0.3333333333333333,0.7020089285714286,2.106026785714286,0.12289186507936509
RAW-FP-R01182,angles_quant_max=high,angles_quant_75=high,1,1,2,629,0.2340029761904762,896,0.3333333333333333,896,0.3333333333333333,0.7020089285714286,2.106026785714286,0.12289186507936509
RAW-FP-R01183,distance_geometry_2_1=high,distance_geometry_4_1=high,1,1,2,629,0.2340029761904762,896,0.3333333333333333,896,0.3333333333333333,0.7020089285714286,2.106026785714286,0.12289186507936509
RAW-FP-R01184,distance_geometry_2_1=low,distance_geometry_4_1=low,1,1,2,629,0.2340029761904762,896,0.3333333333333333,896,0.3333333333333333,0.7020089285714286,2.106026785714286,0.12289186507936509
RAW-FP-R01185,distance_geometry_4_1=high,distance_geometry_2_1=high,1,1,2,629,0.2340029761904762,896,0.3333333333333333,896,0.3333333333333333,0.7020089285714286,2.106026785714286,0.12289186507936509
RAW-FP-R01186,distance_geometry_4_1=low,distance_geometry_2_1=low,1,1,2,629,0.2340029761904762,896,0.3333333333333333,896,0.3333333333333333,0.7020089285714286,2.106026785714286,0.12289186507936509
RAW-FP-R01187,distance_geometry_4_2=high,distance_geometry_5_2=high,1,1,2,629,0.2340029761904762,896,0.3333333333333333,896,0.3333333333333333,0.7020089285714286,2.106026785714286,0.12289186507936509
RAW-FP-R01188,distance_geometry_5_2=high,distance_geometry_4_2=high,1,1,2,629,0.2340029761904762,896,0.3333333333333333,896,0.3333333333333333,0.7020089285714286,2.106026785714286,0.12289186507936509
RAW-FP-R01189,speed_quant_95=low,speed_range=low,1,1,2,629,0.2340029761904762,896,0.3333333333333333,896,0.3333333333333333,0.7020089285714286,2.106026785714286,0.12289186507936509
RAW-FP-R01190,speed_range=low,speed_quant_95=low,1,1,2,629,0.2340029761904762,896,0.3333333333333333,896,0.3333333333333333,0.7020089285714286,2.106026785714286,0.12289186507936509
RAW-FP-R01191,acceleration_kurt=low,acceleration_range=low,1,1,2,628,0.23363095238095238,896,0.3333333333333333,896,0.3333333333333333,0.7008928571428571,2.1026785714285716,0.12251984126984128
RAW-FP-R01192,acceleration_mean=low,acceleration_vcoef=high,1,1,2,628,0.23363095238095238,896,0.3333333333333333,896,0.3333333333333333,0.7008928571428571,2.1026785714285716,0.12251984126984128
RAW-FP-R01193,acceleration_meanse=low,acceleration_quant_max=low,1,1,2,628,0.23363095238095238,896,0.3333333333333333,896,0.3333333333333333,0.7008928571428571,2.1026785714285716,0.12251984126984128
RAW-FP-R01194,acceleration_quant_max=low,acceleration_meanse=low,1,1,2,628,0.23363095238095238,896,0.3333333333333333,896,0.3333333333333333,0.7008928571428571,2.1026785714285716,0.12251984126984128
RAW-FP-R01195,acceleration_quant_max=low,acceleration_sd=low,1,1,2,628,0.23363095238095238,896,0.3333333333333333,896,0.3333333333333333,0.7008928571428571,2.1026785714285716,0.12251984126984128
RAW-FP-R01196,acceleration_range=low,acceleration_kurt=low,1,1,2,628,0.23363095238095238,896,0.3333333333333333,896,0.3333333333333333,0.7008928571428571,2.1026785714285716,0.12251984126984128
RAW-FP-R01197,acceleration_sd=low,acceleration_quant_max=low,1,1,2,628,0.23363095238095238,896,0.3333333333333333,896,0.3333333333333333,0.7008928571428571,2.1026785714285716,0.12251984126984128
RAW-FP-R01198,acceleration_vcoef=high,acceleration_mean=low,1,1,2,628,0.23363095238095238,896,0.3333333333333333,896,0.3333333333333333,0.7008928571428571,2.1026785714285716,0.12251984126984128
RAW-FP-R01199,angles_quant_75=high,angles_range=high,1,1,2,628,0.23363095238095238,896,0.3333333333333333,896,0.3333333333333333,0.7008928571428571,2.1026785714285716,0.12251984126984128
RAW-FP-R01200,angles_range=high,angles_quant_75=high,1,1,2,628,0.23363095238095238,896,0.3333333333333333,896,0.3333333333333333,0.7008928571428571,2.1026785714285716,0.12251984126984128
RAW-FP-R01201,path_length_m=high,speed_quant_90=high,1,1,2,628,0.23363095238095238,896,0.3333333333333333,896,0.3333333333333333,0.7008928571428571,2.1026785714285716,0.12251984126984128
RAW-FP-R01202,path_length_m=low,speed_mean_second_half=low,1,1,2,628,0.23363095238095238,896,0.3333333333333333,896,0.3333333333333333,0.7008928571428571,2.1026785714285716,0.12251984126984128
RAW-FP-R01203,radius_of_gyration_m=low,speed_quant_10=low,1,1,2,628,0.23363095238095238,896,0.3333333333333333,896,0.3333333333333333,0.7008928571428571,2.1026785714285716,0.12251984126984128
RAW-FP-R01204,speed_mean_second_half=low,path_length_m=low,1,1,2,628,0.23363095238095238,896,0.3333333333333333,896,0.3333333333333333,0.7008928571428571,2.1026785714285716,0.12251984126984128
RAW-FP-R01205,speed_quant_10=low,radius_of_gyration_m=low,1,1,2,628,0.23363095238095238,896,0.3333333333333333,896,0.3333333333333333,0.7008928571428571,2.1026785714285716,0.12251984126984128
RAW-FP-R01206,speed_quant_90=high,path_length_m=high,1,1,2,628,0.23363095238095238,896,0.3333333333333333,896,0.3333333333333333,0.7008928571428571,2.1026785714285716,0.12251984126984128
RAW-FP-R01207,acceleration_iqr=low,acceleration_quant_05=high,1,1,2,627,0.23325892857142858,896,0.3333333333333333,896,0.3333333333333333,0.6997767857142857,2.099330357142857,0.12214781746031747
RAW-FP-R01208,acceleration_quant_05=high,acceleration_iqr=low,1,1,2,627,0.23325892857142858,896,0.3333333333333333,896,0.3333333333333333,0.6997767857142857,2.099330357142857,0.12214781746031747
RAW-FP-R01209,acceleration_quant_05=low,acceleration_quant_95=high,1,1,2,627,0.23325892857142858,896,0.3333333333333333,896,0.3333333333333333,0.6997767857142857,2.099330357142857,0.12214781746031747
RAW-FP-R01210,acceleration_quant_95=high,acceleration_quant_05=low,1,1,2,627,0.23325892857142858,896,0.3333333333333333,896,0.3333333333333333,0.6997767857142857,2.099330357142857,0.12214781746031747
RAW-FP-R01211,bbox_diagonal_m=low,speed_mean_second_half=low,1,1,2,627,0.23325892857142858,896,0.3333333333333333,896,0.3333333333333333,0.6997767857142857,2.099330357142857,0.12214781746031747
RAW-FP-R01212,distance_geometry_2_1=low,distance_geometry_4_2=low,1,1,2,627,0.23325892857142858,896,0.3333333333333333,896,0.3333333333333333,0.6997767857142857,2.099330357142857,0.12214781746031747
RAW-FP-R01213,distance_geometry_4_2=low,distance_geometry_2_1=low,1,1,2,627,0.23325892857142858,896,0.3333333333333333,896,0.3333333333333333,0.6997767857142857,2.099330357142857,0.12214781746031747
RAW-FP-R01214,max_distance_to_centroid_m=high,speed_quant_25=high,1,1,2,627,0.23325892857142858,896,0.3333333333333333,896,0.3333333333333333,0.6997767857142857,2.099330357142857,0.12214781746031747
RAW-FP-R01215,speed_mad=high,speed_quant_95=high,1,1,2,627,0.23325892857142858,896,0.3333333333333333,896,0.3333333333333333,0.6997767857142857,2.099330357142857,0.12214781746031747
RAW-FP-R01216,speed_mean_second_half=low,bbox_diagonal_m=low,1,1,2,627,0.23325892857142858,896,0.3333333333333333,896,0.3333333333333333,0.6997767857142857,2.099330357142857,0.12214781746031747
RAW-FP-R01217,speed_quant_25=high,max_distance_to_centroid_m=high,1,1,2,627,0.23325892857142858,896,0.3333333333333333,896,0.3333333333333333,0.6997767857142857,2.099330357142857,0.12214781746031747
RAW-FP-R01218,speed_quant_95=high,speed_mad=high,1,1,2,627,0.23325892857142858,896,0.3333333333333333,896,0.3333333333333333,0.6997767857142857,2.099330357142857,0.12214781746031747
RAW-FP-R01219,acceleration_meanse=high,acceleration_quant_10=low,1,1,2,626,0.23288690476190477,896,0.3333333333333333,896,0.3333333333333333,0.6986607142857143,2.0959821428571432,0.12177579365079366
RAW-FP-R01220,acceleration_quant_10=low,acceleration_sd=high,1,1,2,626,0.23288690476190477,896,0.3333333333333333,896,0.3333333333333333,0.6986607142857143,2.0959821428571432,0.12177579365079366
RAW-FP-R01221,acceleration_quant_10=low,acceleration_meanse=high,1,1,2,626,0.23288690476190477,896,0.3333333333333333,896,0.3333333333333333,0.6986607142857143,2.0959821428571432,0.12177579365079366
RAW-FP-R01222,acceleration_sd=high,acceleration_quant_10=low,1,1,2,626,0.23288690476190477,896,0.3333333333333333,896,0.3333333333333333,0.6986607142857143,2.0959821428571432,0.12177579365079366
RAW-FP-R01223,angles_range=high,angles_skew=high,1,1,2,626,0.23288690476190477,896,0.3333333333333333,896,0.3333333333333333,0.6986607142857143,2.0959821428571432,0.12177579365079366
RAW-FP-R01224,angles_skew=high,angles_range=high,1,1,2,626,0.23288690476190477,896,0.3333333333333333,896,0.3333333333333333,0.6986607142857143,2.0959821428571432,0.12177579365079366
RAW-FP-R01225,bbox_area_km2=low,bbox_lon_span_deg=low,1,1,2,626,0.23288690476190477,896,0.3333333333333333,896,0.3333333333333333,0.6986607142857143,2.0959821428571432,0.12177579365079366
RAW-FP-R01226,bbox_area_km2=low,speed_quant_25=low,1,1,2,626,0.23288690476190477,896,0.3333333333333333,896,0.3333333333333333,0.6986607142857143,2.0959821428571432,0.12177579365079366
RAW-FP-R01227,bbox_lon_span_deg=low,bbox_area_km2=low,1,1,2,626,0.23288690476190477,896,0.3333333333333333,896,0.3333333333333333,0.6986607142857143,2.0959821428571432,0.12177579365079366
RAW-FP-R01228,median_distance_to_centroid_m=low,speed_quant_10=low,1,1,2,626,0.23288690476190477,896,0.3333333333333333,896,0.3333333333333333,0.6986607142857143,2.0959821428571432,0.12177579365079366
RAW-FP-R01229,radius_of_gyration_m=low,speed_quant_90=low,1,1,2,626,0.23288690476190477,896,0.3333333333333333,896,0.3333333333333333,0.6986607142857143,2.0959821428571432,0.12177579365079366
RAW-FP-R01230,speed_mean=high,speed_quant_max=high,1,1,2,626,0.23288690476190477,896,0.3333333333333333,896,0.3333333333333333,0.6986607142857143,2.0959821428571432,0.12177579365079366
RAW-FP-R01231,speed_quant_10=low,median_distance_to_centroid_m=low,1,1,2,626,0.23288690476190477,896,0.3333333333333333,896,0.3333333333333333,0.6986607142857143,2.0959821428571432,0.12177579365079366
RAW-FP-R01232,speed_quant_25=low,bbox_area_km2=low,1,1,2,626,0.23288690476190477,896,0.3333333333333333,896,0.3333333333333333,0.6986607142857143,2.0959821428571432,0.12177579365079366
RAW-FP-R01233,speed_quant_90=low,radius_of_gyration_m=low,1,1,2,626,0.23288690476190477,896,0.3333333333333333,896,0.3333333333333333,0.6986607142857143,2.0959821428571432,0.12177579365079366
RAW-FP-R01234,speed_quant_max=high,speed_mean=high,1,1,2,626,0.23288690476190477,896,0.3333333333333333,896,0.3333333333333333,0.6986607142857143,2.0959821428571432,0.12177579365079366
RAW-FP-R01235,acceleration_iqr=high,acceleration_quant_90=high,1,1,2,625,0.23251488095238096,896,0.3333333333333333,896,0.3333333333333333,0.6975446428571429,2.092633928571429,0.12140376984126985
RAW-FP-R01236,acceleration_quant_05=low,acceleration_quant_90=high,1,1,2,625,0.23251488095238096,896,0.3333333333333333,896,0.3333333333333333,0.6975446428571429,2.092633928571429,0.12140376984126985
RAW-FP-R01237,acceleration_quant_90=high,acceleration_iqr=high,1,1,2,625,0.23251488095238096,896,0.3333333333333333,896,0.3333333333333333,0.6975446428571429,2.092633928571429,0.12140376984126985
RAW-FP-R01238,acceleration_quant_90=high,acceleration_quant_05=low,1,1,2,625,0.23251488095238096,896,0.3333333333333333,896,0.3333333333333333,0.6975446428571429,2.092633928571429,0.12140376984126985
RAW-FP-R01239,angles_quant_max=high,angles_skew=high,1,1,2,625,0.23251488095238096,896,0.3333333333333333,896,0.3333333333333333,0.6975446428571429,2.092633928571429,0.12140376984126985
RAW-FP-R01240,angles_skew=high,angles_quant_max=high,1,1,2,625,0.23251488095238096,896,0.3333333333333333,896,0.3333333333333333,0.6975446428571429,2.092633928571429,0.12140376984126985
RAW-FP-R01241,max_distance_to_centroid_m=high,speed_quant_90=high,1,1,2,625,0.23251488095238096,896,0.3333333333333333,896,0.3333333333333333,0.6975446428571429,2.092633928571429,0.12140376984126985
RAW-FP-R01242,max_distance_to_centroid_m=low,speed_mean_second_half=low,1,1,2,625,0.23251488095238096,896,0.3333333333333333,896,0.3333333333333333,0.6975446428571429,2.092633928571429,0.12140376984126985
RAW-FP-R01243,speed_mean_first_half=low,speed_quant_75=low,1,1,2,625,0.23251488095238096,896,0.3333333333333333,896,0.3333333333333333,0.6975446428571429,2.092633928571429,0.12140376984126985
RAW-FP-R01244,speed_mean_second_half=low,max_distance_to_centroid_m=low,1,1,2,625,0.23251488095238096,896,0.3333333333333333,896,0.3333333333333333,0.6975446428571429,2.092633928571429,0.12140376984126985
RAW-FP-R01245,speed_quant_75=low,speed_mean_first_half=low,1,1,2,625,0.23251488095238096,896,0.3333333333333333,896,0.3333333333333333,0.6975446428571429,2.092633928571429,0.12140376984126985
RAW-FP-R01246,speed_quant_90=high,max_distance_to_centroid_m=high,1,1,2,625,0.23251488095238096,896,0.3333333333333333,896,0.3333333333333333,0.6975446428571429,2.092633928571429,0.12140376984126985
RAW-FP-R01247,acceleration_meanse=high,acceleration_quant_05=low,1,1,2,624,0.23214285714285715,896,0.3333333333333333,896,0.3333333333333333,0.6964285714285714,2.0892857142857144,0.12103174603174605
RAW-FP-R01248,acceleration_quant_05=low,acceleration_meanse=high,1,1,2,624,0.23214285714285715,896,0.3333333333333333,896,0.3333333333333333,0.6964285714285714,2.0892857142857144,0.12103174603174605
RAW-FP-R01249,acceleration_quant_05=low,acceleration_sd=high,1,1,2,624,0.23214285714285715,896,0.3333333333333333,896,0.3333333333333333,0.6964285714285714,2.0892857142857144,0.12103174603174605
RAW-FP-R01250,acceleration_sd=high,acceleration_quant_05=low,1,1,2,624,0.23214285714285715,896,0.3333333333333333,896,0.3333333333333333,0.6964285714285714,2.0892857142857144,0.12103174603174605
RAW-FP-R01251,distance_geometry_2_2=high,distance_geometry_5_4=high,1,1,2,624,0.23214285714285715,896,0.3333333333333333,896,0.3333333333333333,0.6964285714285714,2.0892857142857144,0.12103174603174605
RAW-FP-R01252,distance_geometry_5_4=high,distance_geometry_2_2=high,1,1,2,624,0.23214285714285715,896,0.3333333333333333,896,0.3333333333333333,0.6964285714285714,2.0892857142857144,0.12103174603174605
RAW-FP-R01253,net_displacement_m=low,speed_quant_90=low,1,1,2,624,0.23214285714285715,896,0.3333333333333333,896,0.3333333333333333,0.6964285714285714,2.0892857142857144,0.12103174603174605
RAW-FP-R01254,speed_mean_second_half=low,speed_quant_25=low,1,1,2,624,0.23214285714285715,896,0.3333333333333333,896,0.3333333333333333,0.6964285714285714,2.0892857142857144,0.12103174603174605
RAW-FP-R01255,speed_quant_25=low,speed_mean_second_half=low,1,1,2,624,0.23214285714285715,896,0.3333333333333333,896,0.3333333333333333,0.6964285714285714,2.0892857142857144,0.12103174603174605
RAW-FP-R01256,speed_quant_90=low,net_displacement_m=low,1,1,2,624,0.23214285714285715,896,0.3333333333333333,896,0.3333333333333333,0.6964285714285714,2.0892857142857144,0.12103174603174605
RAW-FP-R01257,acceleration_mad=high,acceleration_quant_10=low,1,1,2,623,0.23177083333333334,896,0.3333333333333333,896,0.3333333333333333,0.6953125,2.0859375,0.12065972222222224
RAW-FP-R01258,acceleration_quant_10=low,acceleration_mad=high,1,1,2,623,0.23177083333333334,896,0.3333333333333333,896,0.3333333333333333,0.6953125,2.0859375,0.12065972222222224
RAW-FP-R01259,angles_quant_75=low,speed_quant_25=high,1,1,2,623,0.23177083333333334,896,0.3333333333333333,896,0.3333333333333333,0.6953125,2.0859375,0.12065972222222224
RAW-FP-R01260,angles_quant_95=high,angles_quant_median=high,1,1,2,623,0.23177083333333334,896,0.3333333333333333,896,0.3333333333333333,0.6953125,2.0859375,0.12065972222222224
RAW-FP-R01261,angles_quant_median=high,angles_quant_95=high,1,1,2,623,0.23177083333333334,896,0.3333333333333333,896,0.3333333333333333,0.6953125,2.0859375,0.12065972222222224
RAW-FP-R01262,bbox_lon_span_deg=low,speed_mean=low,1,1,2,623,0.23177083333333334,896,0.3333333333333333,896,0.3333333333333333,0.6953125,2.0859375,0.12065972222222224
RAW-FP-R01263,distance_geometry_3_2=high,distance_geometry_4_2=high,1,1,2,623,0.23177083333333334,896,0.3333333333333333,896,0.3333333333333333,0.6953125,2.0859375,0.12065972222222224
RAW-FP-R01264,distance_geometry_4_2=high,distance_geometry_3_2=high,1,1,2,623,0.23177083333333334,896,0.3333333333333333,896,0.3333333333333333,0.6953125,2.0859375,0.12065972222222224
RAW-FP-R01265,mean_distance_to_centroid_m=low,speed_quant_10=low,1,1,2,623,0.23177083333333334,896,0.3333333333333333,896,0.3333333333333333,0.6953125,2.0859375,0.12065972222222224
RAW-FP-R01266,speed_iqr=high,speed_quant_max=high,1,1,2,623,0.23177083333333334,896,0.3333333333333333,896,0.3333333333333333,0.6953125,2.0859375,0.12065972222222224
RAW-FP-R01267,speed_mean=low,bbox_lon_span_deg=low,1,1,2,623,0.23177083333333334,896,0.3333333333333333,896,0.3333333333333333,0.6953125,2.0859375,0.12065972222222224
RAW-FP-R01268,speed_mean_second_half=high,speed_quant_max=high,1,1,2,623,0.23177083333333334,896,0.3333333333333333,896,0.3333333333333333,0.6953125,2.0859375,0.12065972222222224
RAW-FP-R01269,speed_quant_10=low,mean_distance_to_centroid_m=low,1,1,2,623,0.23177083333333334,896,0.3333333333333333,896,0.3333333333333333,0.6953125,2.0859375,0.12065972222222224
RAW-FP-R01270,speed_quant_25=high,angles_quant_75=low,1,1,2,623,0.23177083333333334,896,0.3333333333333333,896,0.3333333333333333,0.6953125,2.0859375,0.12065972222222224
RAW-FP-R01271,speed_quant_max=high,speed_mean_second_half=high,1,1,2,623,0.23177083333333334,896,0.3333333333333333,896,0.3333333333333333,0.6953125,2.0859375,0.12065972222222224
RAW-FP-R01272,speed_quant_max=high,speed_iqr=high,1,1,2,623,0.23177083333333334,896,0.3333333333333333,896,0.3333333333333333,0.6953125,2.0859375,0.12065972222222224
RAW-FP-R01273,acceleration_quant_10=high,acceleration_quant_min=high,1,1,2,622,0.23139880952380953,896,0.3333333333333333,896,0.3333333333333333,0.6941964285714286,2.082589285714286,0.12028769841269843
RAW-FP-R01274,acceleration_quant_min=high,acceleration_quant_10=high,1,1,2,622,0.23139880952380953,896,0.3333333333333333,896,0.3333333333333333,0.6941964285714286,2.082589285714286,0.12028769841269843
RAW-FP-R01275,angles_iqr=low,speed_quant_25=high,1,1,2,622,0.23139880952380953,896,0.3333333333333333,896,0.3333333333333333,0.6941964285714286,2.082589285714286,0.12028769841269843
RAW-FP-R01276,angles_quant_90=high,speed_quant_min=low,1,1,2,622,0.23139880952380953,896,0.3333333333333333,896,0.3333333333333333,0.6941964285714286,2.082589285714286,0.12028769841269843
RAW-FP-R01277,bbox_diagonal_m=low,speed_quant_95=low,1,1,2,622,0.23139880952380953,896,0.3333333333333333,896,0.3333333333333333,0.6941964285714286,2.082589285714286,0.12028769841269843
RAW-FP-R01278,distance_geometry_1_1=high,distance_geometry_2_2=high,1,1,2,622,0.23139880952380953,896,0.3333333333333333,896,0.3333333333333333,0.6941964285714286,2.082589285714286,0.12028769841269843
RAW-FP-R01279,distance_geometry_2_2=high,distance_geometry_1_1=high,1,1,2,622,0.23139880952380953,896,0.3333333333333333,896,0.3333333333333333,0.6941964285714286,2.082589285714286,0.12028769841269843
RAW-FP-R01280,speed_mad=high,speed_quant_90=high,1,1,2,622,0.23139880952380953,896,0.3333333333333333,896,0.3333333333333333,0.6941964285714286,2.082589285714286,0.12028769841269843
RAW-FP-R01281,speed_mean_first_half=low,speed_quant_05=low,1,1,2,622,0.23139880952380953,896,0.3333333333333333,896,0.3333333333333333,0.6941964285714286,2.082589285714286,0.12028769841269843
RAW-FP-R01282,speed_quant_05=low,speed_mean_first_half=low,1,1,2,622,0.23139880952380953,896,0.3333333333333333,896,0.3333333333333333,0.6941964285714286,2.082589285714286,0.12028769841269843
RAW-FP-R01283,speed_quant_25=high,angles_iqr=low,1,1,2,622,0.23139880952380953,896,0.3333333333333333,896,0.3333333333333333,0.6941964285714286,2.082589285714286,0.12028769841269843
RAW-FP-R01284,speed_quant_90=high,speed_mad=high,1,1,2,622,0.23139880952380953,896,0.3333333333333333,896,0.3333333333333333,0.6941964285714286,2.082589285714286,0.12028769841269843
RAW-FP-R01285,speed_quant_95=low,bbox_diagonal_m=low,1,1,2,622,0.23139880952380953,896,0.3333333333333333,896,0.3333333333333333,0.6941964285714286,2.082589285714286,0.12028769841269843
RAW-FP-R01286,speed_quant_min=low,angles_quant_90=high,1,1,2,622,0.23139880952380953,896,0.3333333333333333,896,0.3333333333333333,0.6941964285714286,2.082589285714286,0.12028769841269843
RAW-FP-R01287,acceleration_mad=low,acceleration_quant_05=high,1,1,2,621,0.23102678571428573,896,0.3333333333333333,896,0.3333333333333333,0.6930803571428571,2.0792410714285716,0.11991567460317462
RAW-FP-R01288,acceleration_mean_first_half=low,acceleration_mean_half_diff=high,1,1,2,621,0.23102678571428573,896,0.3333333333333333,896,0.3333333333333333,0.6930803571428571,2.0792410714285716,0.11991567460317462
RAW-FP-R01289,acceleration_mean_half_diff=high,acceleration_mean_first_half=low,1,1,2,621,0.23102678571428573,896,0.3333333333333333,896,0.3333333333333333,0.6930803571428571,2.0792410714285716,0.11991567460317462
RAW-FP-R01290,acceleration_quant_05=high,acceleration_mad=low,1,1,2,621,0.23102678571428573,896,0.3333333333333333,896,0.3333333333333333,0.6930803571428571,2.0792410714285716,0.11991567460317462
RAW-FP-R01291,angles_quant_max=low,speed_quant_25=high,1,1,2,621,0.23102678571428573,896,0.3333333333333333,896,0.3333333333333333,0.6930803571428571,2.0792410714285716,0.11991567460317462
RAW-FP-R01292,angles_range=low,speed_quant_25=high,1,1,2,621,0.23102678571428573,896,0.3333333333333333,896,0.3333333333333333,0.6930803571428571,2.0792410714285716,0.11991567460317462
RAW-FP-R01293,bbox_diagonal_m=low,speed_quant_10=low,1,1,2,621,0.23102678571428573,896,0.3333333333333333,896,0.3333333333333333,0.6930803571428571,2.0792410714285716,0.11991567460317462
RAW-FP-R01294,bbox_lon_span_deg=low,speed_quant_median=low,1,1,2,621,0.23102678571428573,896,0.3333333333333333,896,0.3333333333333333,0.6930803571428571,2.0792410714285716,0.11991567460317462
RAW-FP-R01295,directness_ratio=high,distance_geometry_2_2=high,1,1,2,621,0.23102678571428573,896,0.3333333333333333,896,0.3333333333333333,0.6930803571428571,2.0792410714285716,0.11991567460317462
RAW-FP-R01296,distance_geometry_2_2=high,directness_ratio=high,1,1,2,621,0.23102678571428573,896,0.3333333333333333,896,0.3333333333333333,0.6930803571428571,2.0792410714285716,0.11991567460317462
RAW-FP-R01297,speed_mean_half_diff=high,speed_mean_second_half=high,1,1,2,621,0.23102678571428573,896,0.3333333333333333,896,0.3333333333333333,0.6930803571428571,2.0792410714285716,0.11991567460317462
RAW-FP-R01298,speed_mean_second_half=high,speed_mean_half_diff=high,1,1,2,621,0.23102678571428573,896,0.3333333333333333,896,0.3333333333333333,0.6930803571428571,2.0792410714285716,0.11991567460317462
RAW-FP-R01299,speed_quant_10=low,bbox_diagonal_m=low,1,1,2,621,0.23102678571428573,896,0.3333333333333333,896,0.3333333333333333,0.6930803571428571,2.0792410714285716,0.11991567460317462
RAW-FP-R01300,speed_quant_25=high,angles_quant_max=low,1,1,2,621,0.23102678571428573,896,0.3333333333333333,896,0.3333333333333333,0.6930803571428571,2.0792410714285716,0.11991567460317462
RAW-FP-R01301,speed_quant_25=high,angles_range=low,1,1,2,621,0.23102678571428573,896,0.3333333333333333,896,0.3333333333333333,0.6930803571428571,2.0792410714285716,0.11991567460317462
RAW-FP-R01302,speed_quant_25=medium,speed_quant_median=medium,1,1,2,621,0.23102678571428573,896,0.3333333333333333,896,0.3333333333333333,0.6930803571428571,2.0792410714285716,0.11991567460317462
RAW-FP-R01303,speed_quant_median=low,bbox_lon_span_deg=low,1,1,2,621,0.23102678571428573,896,0.3333333333333333,896,0.3333333333333333,0.6930803571428571,2.0792410714285716,0.11991567460317462
RAW-FP-R01304,speed_quant_median=medium,speed_quant_25=medium,1,1,2,621,0.23102678571428573,896,0.3333333333333333,896,0.3333333333333333,0.6930803571428571,2.0792410714285716,0.11991567460317462
RAW-FP-R01305,angles_quant_05=medium,angles_0s=low,1,1,2,356,0.1324404761904762,371,0.13802083333333334,1242,0.46205357142857145,0.9595687331536388,2.076747789627199,0.0686674572172619
RAW-FP-R01306,acceleration_mad=high,acceleration_quant_90=high,1,1,2,620,0.23065476190476192,896,0.3333333333333333,896,0.3333333333333333,0.6919642857142857,2.075892857142857,0.11954365079365081
RAW-FP-R01307,acceleration_quant_90=high,acceleration_mad=high,1,1,2,620,0.23065476190476192,896,0.3333333333333333,896,0.3333333333333333,0.6919642857142857,2.075892857142857,0.11954365079365081
RAW-FP-R01308,acceleration_quant_95=high,acceleration_quant_min=low,1,1,2,620,0.23065476190476192,896,0.3333333333333333,896,0.3333333333333333,0.6919642857142857,2.075892857142857,0.11954365079365081
RAW-FP-R01309,acceleration_quant_95=low,acceleration_quant_min=high,1,1,2,620,0.23065476190476192,896,0.3333333333333333,896,0.3333333333333333,0.6919642857142857,2.075892857142857,0.11954365079365081
RAW-FP-R01310,acceleration_quant_min=high,acceleration_quant_95=low,1,1,2,620,0.23065476190476192,896,0.3333333333333333,896,0.3333333333333333,0.6919642857142857,2.075892857142857,0.11954365079365081
RAW-FP-R01311,acceleration_quant_min=low,acceleration_quant_95=high,1,1,2,620,0.23065476190476192,896,0.3333333333333333,896,0.3333333333333333,0.6919642857142857,2.075892857142857,0.11954365079365081
RAW-FP-R01312,angles_mad=high,speed_quant_median=low,1,1,2,620,0.23065476190476192,896,0.3333333333333333,896,0.3333333333333333,0.6919642857142857,2.075892857142857,0.11954365079365081
RAW-FP-R01313,speed_quant_75=medium,speed_quant_median=medium,1,1,2,620,0.23065476190476192,896,0.3333333333333333,896,0.3333333333333333,0.6919642857142857,2.075892857142857,0.11954365079365081
RAW-FP-R01314,speed_quant_90=medium,speed_quant_max=medium,1,1,2,620,0.23065476190476192,896,0.3333333333333333,896,0.3333333333333333,0.6919642857142857,2.075892857142857,0.11954365079365081
RAW-FP-R01315,speed_quant_max=medium,speed_quant_90=medium,1,1,2,620,0.23065476190476192,896,0.3333333333333333,896,0.3333333333333333,0.6919642857142857,2.075892857142857,0.11954365079365081
RAW-FP-R01316,speed_quant_median=low,angles_mad=high,1,1,2,620,0.23065476190476192,896,0.3333333333333333,896,0.3333333333333333,0.6919642857142857,2.075892857142857,0.11954365079365081
RAW-FP-R01317,speed_quant_median=medium,speed_quant_75=medium,1,1,2,620,0.23065476190476192,896,0.3333333333333333,896,0.3333333333333333,0.6919642857142857,2.075892857142857,0.11954365079365081
RAW-FP-R01318,bbox_lon_span_deg=high,speed_quant_25=high,1,1,2,619,0.23028273809523808,895,0.33296130952380953,896,0.3333333333333333,0.6916201117318436,2.074860335195531,0.11929563492063491
RAW-FP-R01319,speed_quant_25=high,bbox_lon_span_deg=high,1,1,2,619,0.23028273809523808,896,0.3333333333333333,895,0.33296130952380953,0.6908482142857143,2.0748603351955306,0.11929563492063491
RAW-FP-R01320,distance_geometry_3_2=low,distance_geometry_4_2=low,1,1,2,619,0.23028273809523808,896,0.3333333333333333,896,0.3333333333333333,0.6908482142857143,2.0725446428571432,0.11917162698412698
RAW-FP-R01321,distance_geometry_4_2=low,distance_geometry_3_2=low,1,1,2,619,0.23028273809523808,896,0.3333333333333333,896,0.3333333333333333,0.6908482142857143,2.0725446428571432,0.11917162698412698
RAW-FP-R01322,acceleration_meanse=high,acceleration_quant_95=high,1,1,2,618,0.22991071428571427,896,0.3333333333333333,896,0.3333333333333333,0.6897321428571429,2.069196428571429,0.11879960317460317
RAW-FP-R01323,acceleration_quant_10=low,acceleration_quant_min=low,1,1,2,618,0.22991071428571427,896,0.3333333333333333,896,0.3333333333333333,0.6897321428571429,2.069196428571429,0.11879960317460317
RAW-FP-R01324,acceleration_quant_75=high,acceleration_quant_95=high,1,1,2,618,0.22991071428571427,896,0.3333333333333333,896,0.3333333333333333,0.6897321428571429,2.069196428571429,0.11879960317460317
RAW-FP-R01325,acceleration_quant_95=high,acceleration_quant_75=high,1,1,2,618,0.22991071428571427,896,0.3333333333333333,896,0.3333333333333333,0.6897321428571429,2.069196428571429,0.11879960317460317
RAW-FP-R01326,acceleration_quant_95=high,acceleration_sd=high,1,1,2,618,0.22991071428571427,896,0.3333333333333333,896,0.3333333333333333,0.6897321428571429,2.069196428571429,0.11879960317460317
RAW-FP-R01327,acceleration_quant_95=high,acceleration_meanse=high,1,1,2,618,0.22991071428571427,896,0.3333333333333333,896,0.3333333333333333,0.6897321428571429,2.069196428571429,0.11879960317460317
RAW-FP-R01328,acceleration_quant_min=low,acceleration_quant_10=low,1,1,2,618,0.22991071428571427,896,0.3333333333333333,896,0.3333333333333333,0.6897321428571429,2.069196428571429,0.11879960317460317
RAW-FP-R01329,acceleration_sd=high,acceleration_quant_95=high,1,1,2,618,0.22991071428571427,896,0.3333333333333333,896,0.3333333333333333,0.6897321428571429,2.069196428571429,0.11879960317460317
RAW-FP-R01330,bbox_area_km2=low,bbox_width_m=low,1,1,2,618,0.22991071428571427,896,0.3333333333333333,896,0.3333333333333333,0.6897321428571429,2.069196428571429,0.11879960317460317
RAW-FP-R01331,bbox_diagonal_m=high,speed_quant_10=high,1,1,2,618,0.22991071428571427,896,0.3333333333333333,896,0.3333333333333333,0.6897321428571429,2.069196428571429,0.11879960317460317
RAW-FP-R01332,bbox_width_m=low,bbox_area_km2=low,1,1,2,618,0.22991071428571427,896,0.3333333333333333,896,0.3333333333333333,0.6897321428571429,2.069196428571429,0.11879960317460317
RAW-FP-R01333,max_distance_to_centroid_m=low,speed_quant_25=low,1,1,2,618,0.22991071428571427,896,0.3333333333333333,896,0.3333333333333333,0.6897321428571429,2.069196428571429,0.11879960317460317
RAW-FP-R01334,radius_of_gyration_m=low,speed_mean_second_half=low,1,1,2,618,0.22991071428571427,896,0.3333333333333333,896,0.3333333333333333,0.6897321428571429,2.069196428571429,0.11879960317460317
RAW-FP-R01335,speed_mean_first_half=high,speed_quant_05=high,1,1,2,618,0.22991071428571427,896,0.3333333333333333,896,0.3333333333333333,0.6897321428571429,2.069196428571429,0.11879960317460317
RAW-FP-R01336,speed_mean_second_half=high,speed_progress_slope=high,1,1,2,618,0.22991071428571427,896,0.3333333333333333,896,0.3333333333333333,0.6897321428571429,2.069196428571429,0.11879960317460317
RAW-FP-R01337,speed_mean_second_half=low,radius_of_gyration_m=low,1,1,2,618,0.22991071428571427,896,0.3333333333333333,896,0.3333333333333333,0.6897321428571429,2.069196428571429,0.11879960317460317
RAW-FP-R01338,speed_progress_slope=high,speed_mean_second_half=high,1,1,2,618,0.22991071428571427,896,0.3333333333333333,896,0.3333333333333333,0.6897321428571429,2.069196428571429,0.11879960317460317
RAW-FP-R01339,speed_quant_05=high,speed_mean_first_half=high,1,1,2,618,0.22991071428571427,896,0.3333333333333333,896,0.3333333333333333,0.6897321428571429,2.069196428571429,0.11879960317460317
RAW-FP-R01340,speed_quant_10=high,bbox_diagonal_m=high,1,1,2,618,0.22991071428571427,896,0.3333333333333333,896,0.3333333333333333,0.6897321428571429,2.069196428571429,0.11879960317460317
RAW-FP-R01341,speed_quant_25=low,max_distance_to_centroid_m=low,1,1,2,618,0.22991071428571427,896,0.3333333333333333,896,0.3333333333333333,0.6897321428571429,2.069196428571429,0.11879960317460317
RAW-FP-R01342,sampling_gap_sd_seconds=medium,angles_quant_05=high,1,1,2,302,0.11235119047619048,438,0.16294642857142858,896,0.3333333333333333,0.6894977168949772,2.068493150684932,0.05803571428571429
RAW-FP-R01343,acceleration_mad=low,acceleration_quant_95=low,1,1,2,617,0.22953869047619047,896,0.3333333333333333,896,0.3333333333333333,0.6886160714285714,2.0658482142857144,0.11842757936507936
RAW-FP-R01344,acceleration_quant_95=low,acceleration_mad=low,1,1,2,617,0.22953869047619047,896,0.3333333333333333,896,0.3333333333333333,0.6886160714285714,2.0658482142857144,0.11842757936507936
RAW-FP-R01345,angles_mad=high,angles_sd=high,1,1,2,617,0.22953869047619047,896,0.3333333333333333,896,0.3333333333333333,0.6886160714285714,2.0658482142857144,0.11842757936507936
RAW-FP-R01346,angles_mad=high,angles_meanse=high,1,1,2,617,0.22953869047619047,896,0.3333333333333333,896,0.3333333333333333,0.6886160714285714,2.0658482142857144,0.11842757936507936
RAW-FP-R01347,angles_meanse=high,angles_mad=high,1,1,2,617,0.22953869047619047,896,0.3333333333333333,896,0.3333333333333333,0.6886160714285714,2.0658482142857144,0.11842757936507936
RAW-FP-R01348,angles_meanse=low,angles_quant_median=low,1,1,2,617,0.22953869047619047,896,0.3333333333333333,896,0.3333333333333333,0.6886160714285714,2.0658482142857144,0.11842757936507936
RAW-FP-R01349,angles_quant_max=high,speed_quant_25=low,1,1,2,617,0.22953869047619047,896,0.3333333333333333,896,0.3333333333333333,0.6886160714285714,2.0658482142857144,0.11842757936507936
RAW-FP-R01350,angles_quant_median=low,angles_sd=low,1,1,2,617,0.22953869047619047,896,0.3333333333333333,896,0.3333333333333333,0.6886160714285714,2.0658482142857144,0.11842757936507936
RAW-FP-R01351,angles_quant_median=low,angles_meanse=low,1,1,2,617,0.22953869047619047,896,0.3333333333333333,896,0.3333333333333333,0.6886160714285714,2.0658482142857144,0.11842757936507936
RAW-FP-R01352,angles_sd=high,angles_mad=high,1,1,2,617,0.22953869047619047,896,0.3333333333333333,896,0.3333333333333333,0.6886160714285714,2.0658482142857144,0.11842757936507936
RAW-FP-R01353,angles_sd=low,angles_quant_median=low,1,1,2,617,0.22953869047619047,896,0.3333333333333333,896,0.3333333333333333,0.6886160714285714,2.0658482142857144,0.11842757936507936
RAW-FP-R01354,radius_of_gyration_m=high,speed_quant_10=high,1,1,2,617,0.22953869047619047,896,0.3333333333333333,896,0.3333333333333333,0.6886160714285714,2.0658482142857144,0.11842757936507936
RAW-FP-R01355,speed_mad=high,speed_quant_max=high,1,1,2,617,0.22953869047619047,896,0.3333333333333333,896,0.3333333333333333,0.6886160714285714,2.0658482142857144,0.11842757936507936
RAW-FP-R01356,speed_meanse=low,speed_quant_90=low,1,1,2,617,0.22953869047619047,896,0.3333333333333333,896,0.3333333333333333,0.6886160714285714,2.0658482142857144,0.11842757936507936
RAW-FP-R01357,speed_quant_10=high,radius_of_gyration_m=high,1,1,2,617,0.22953869047619047,896,0.3333333333333333,896,0.3333333333333333,0.6886160714285714,2.0658482142857144,0.11842757936507936
RAW-FP-R01358,speed_quant_25=low,angles_quant_max=high,1,1,2,617,0.22953869047619047,896,0.3333333333333333,896,0.3333333333333333,0.6886160714285714,2.0658482142857144,0.11842757936507936
RAW-FP-R01359,speed_quant_90=low,speed_meanse=low,1,1,2,617,0.22953869047619047,896,0.3333333333333333,896,0.3333333333333333,0.6886160714285714,2.0658482142857144,0.11842757936507936
RAW-FP-R01360,speed_quant_90=low,speed_sd=low,1,1,2,617,0.22953869047619047,896,0.3333333333333333,896,0.3333333333333333,0.6886160714285714,2.0658482142857144,0.11842757936507936
RAW-FP-R01361,speed_quant_max=high,speed_mad=high,1,1,2,617,0.22953869047619047,896,0.3333333333333333,896,0.3333333333333333,0.6886160714285714,2.0658482142857144,0.11842757936507936
RAW-FP-R01362,speed_sd=low,speed_quant_90=low,1,1,2,617,0.22953869047619047,896,0.3333333333333333,896,0.3333333333333333,0.6886160714285714,2.0658482142857144,0.11842757936507936
RAW-FP-R01363,angles_iqr=high,angles_quant_max=high,1,1,2,616,0.22916666666666666,896,0.3333333333333333,896,0.3333333333333333,0.6875,2.0625,0.11805555555555555
RAW-FP-R01364,angles_iqr=low,speed_quant_median=high,1,1,2,616,0.22916666666666666,896,0.3333333333333333,896,0.3333333333333333,0.6875,2.0625,0.11805555555555555
RAW-FP-R01365,angles_quant_max=high,angles_iqr=high,1,1,2,616,0.22916666666666666,896,0.3333333333333333,896,0.3333333333333333,0.6875,2.0625,0.11805555555555555
RAW-FP-R01366,angles_range=high,speed_quant_25=low,1,1,2,616,0.22916666666666666,896,0.3333333333333333,896,0.3333333333333333,0.6875,2.0625,0.11805555555555555
RAW-FP-R01367,mean_distance_to_centroid_m=low,speed_quant_90=low,1,1,2,616,0.22916666666666666,896,0.3333333333333333,896,0.3333333333333333,0.6875,2.0625,0.11805555555555555
RAW-FP-R01368,net_displacement_m=high,speed_quant_10=high,1,1,2,616,0.22916666666666666,896,0.3333333333333333,896,0.3333333333333333,0.6875,2.0625,0.11805555555555555
RAW-FP-R01369,speed_quant_10=high,net_displacement_m=high,1,1,2,616,0.22916666666666666,896,0.3333333333333333,896,0.3333333333333333,0.6875,2.0625,0.11805555555555555
RAW-FP-R01370,speed_quant_25=low,angles_range=high,1,1,2,616,0.22916666666666666,896,0.3333333333333333,896,0.3333333333333333,0.6875,2.0625,0.11805555555555555
RAW-FP-R01371,speed_quant_90=low,mean_distance_to_centroid_m=low,1,1,2,616,0.22916666666666666,896,0.3333333333333333,896,0.3333333333333333,0.6875,2.0625,0.11805555555555555
RAW-FP-R01372,speed_quant_median=high,angles_iqr=low,1,1,2,616,0.22916666666666666,896,0.3333333333333333,896,0.3333333333333333,0.6875,2.0625,0.11805555555555555
RAW-FP-R01373,bbox_lon_span_deg=high,speed_quant_median=high,1,1,2,615,0.22879464285714285,895,0.33296130952380953,896,0.3333333333333333,0.6871508379888268,2.0614525139664805,0.11780753968253968
RAW-FP-R01374,speed_quant_median=high,bbox_lon_span_deg=high,1,1,2,615,0.22879464285714285,896,0.3333333333333333,895,0.33296130952380953,0.6863839285714286,2.0614525139664805,0.11780753968253968
RAW-FP-R01375,sampling_gap_sd_seconds=high,angles_quant_10=high,1,1,2,497,0.18489583333333334,724,0.2693452380952381,896,0.3333333333333333,0.68646408839779,2.0593922651933703,0.09511408730158732
RAW-FP-R01376,angles_iqr=high,angles_range=high,1,1,2,615,0.22879464285714285,896,0.3333333333333333,896,0.3333333333333333,0.6863839285714286,2.059151785714286,0.11768353174603174
RAW-FP-R01377,angles_range=high,angles_iqr=high,1,1,2,615,0.22879464285714285,896,0.3333333333333333,896,0.3333333333333333,0.6863839285714286,2.059151785714286,0.11768353174603174
RAW-FP-R01378,speed_mean_second_half=low,speed_quant_max=low,1,1,2,615,0.22879464285714285,896,0.3333333333333333,896,0.3333333333333333,0.6863839285714286,2.059151785714286,0.11768353174603174
RAW-FP-R01379,speed_quant_05=high,speed_vcoef=low,1,1,2,615,0.22879464285714285,896,0.3333333333333333,896,0.3333333333333333,0.6863839285714286,2.059151785714286,0.11768353174603174
RAW-FP-R01380,speed_quant_max=low,speed_mean_second_half=low,1,1,2,615,0.22879464285714285,896,0.3333333333333333,896,0.3333333333333333,0.6863839285714286,2.059151785714286,0.11768353174603174
RAW-FP-R01381,speed_vcoef=low,speed_quant_05=high,1,1,2,615,0.22879464285714285,896,0.3333333333333333,896,0.3333333333333333,0.6863839285714286,2.059151785714286,0.11768353174603174
RAW-FP-R01382,acceleration_meanse=high,acceleration_quant_max=high,1,1,2,614,0.22842261904761904,896,0.3333333333333333,896,0.3333333333333333,0.6852678571428571,2.0558035714285716,0.11731150793650794
RAW-FP-R01383,acceleration_quant_max=high,acceleration_sd=high,1,1,2,614,0.22842261904761904,896,0.3333333333333333,896,0.3333333333333333,0.6852678571428571,2.0558035714285716,0.11731150793650794
RAW-FP-R01384,acceleration_quant_max=high,acceleration_meanse=high,1,1,2,614,0.22842261904761904,896,0.3333333333333333,896,0.3333333333333333,0.6852678571428571,2.0558035714285716,0.11731150793650794
RAW-FP-R01385,acceleration_sd=high,acceleration_quant_max=high,1,1,2,614,0.22842261904761904,896,0.3333333333333333,896,0.3333333333333333,0.6852678571428571,2.0558035714285716,0.11731150793650794
RAW-FP-R01386,median_distance_to_centroid_m=medium,net_displacement_m=medium,1,1,2,614,0.22842261904761904,896,0.3333333333333333,896,0.3333333333333333,0.6852678571428571,2.0558035714285716,0.11731150793650794
RAW-FP-R01387,net_displacement_m=medium,median_distance_to_centroid_m=medium,1,1,2,614,0.22842261904761904,896,0.3333333333333333,896,0.3333333333333333,0.6852678571428571,2.0558035714285716,0.11731150793650794
RAW-FP-R01388,bbox_lon_span_deg=high,speed_mean=high,1,1,2,613,0.22805059523809523,895,0.33296130952380953,896,0.3333333333333333,0.6849162011173184,2.0547486033519555,0.11706349206349206
RAW-FP-R01389,speed_mean=high,bbox_lon_span_deg=high,1,1,2,613,0.22805059523809523,896,0.3333333333333333,895,0.33296130952380953,0.6841517857142857,2.054748603351955,0.11706349206349206
RAW-FP-R01390,acceleration_quant_10=low,acceleration_quant_95=high,1,1,2,613,0.22805059523809523,896,0.3333333333333333,896,0.3333333333333333,0.6841517857142857,2.052455357142857,0.11693948412698413
RAW-FP-R01391,acceleration_quant_95=high,acceleration_quant_10=low,1,1,2,613,0.22805059523809523,896,0.3333333333333333,896,0.3333333333333333,0.6841517857142857,2.052455357142857,0.11693948412698413
RAW-FP-R01392,angles_iqr=low,speed_quant_10=high,1,1,2,613,0.22805059523809523,896,0.3333333333333333,896,0.3333333333333333,0.6841517857142857,2.052455357142857,0.11693948412698413
RAW-FP-R01393,angles_mean=high,speed_mean=low,1,1,2,613,0.22805059523809523,896,0.3333333333333333,896,0.3333333333333333,0.6841517857142857,2.052455357142857,0.11693948412698413
RAW-FP-R01394,angles_meanse=high,angles_vcoef=high,1,1,2,613,0.22805059523809523,896,0.3333333333333333,896,0.3333333333333333,0.6841517857142857,2.052455357142857,0.11693948412698413
RAW-FP-R01395,angles_sd=high,angles_vcoef=high,1,1,2,613,0.22805059523809523,896,0.3333333333333333,896,0.3333333333333333,0.6841517857142857,2.052455357142857,0.11693948412698413
RAW-FP-R01396,angles_vcoef=high,angles_meanse=high,1,1,2,613,0.22805059523809523,896,0.3333333333333333,896,0.3333333333333333,0.6841517857142857,2.052455357142857,0.11693948412698413
RAW-FP-R01397,angles_vcoef=high,angles_sd=high,1,1,2,613,0.22805059523809523,896,0.3333333333333333,896,0.3333333333333333,0.6841517857142857,2.052455357142857,0.11693948412698413
RAW-FP-R01398,net_displacement_m=low,speed_mean_second_half=low,1,1,2,613,0.22805059523809523,896,0.3333333333333333,896,0.3333333333333333,0.6841517857142857,2.052455357142857,0.11693948412698413
RAW-FP-R01399,path_length_m=high,speed_quant_10=high,1,1,2,613,0.22805059523809523,896,0.3333333333333333,896,0.3333333333333333,0.6841517857142857,2.052455357142857,0.11693948412698413
RAW-FP-R01400,speed_mean=low,angles_mean=high,1,1,2,613,0.22805059523809523,896,0.3333333333333333,896,0.3333333333333333,0.6841517857142857,2.052455357142857,0.11693948412698413
RAW-FP-R01401,speed_mean_second_half=low,net_displacement_m=low,1,1,2,613,0.22805059523809523,896,0.3333333333333333,896,0.3333333333333333,0.6841517857142857,2.052455357142857,0.11693948412698413
RAW-FP-R01402,speed_quant_10=high,angles_iqr=low,1,1,2,613,0.22805059523809523,896,0.3333333333333333,896,0.3333333333333333,0.6841517857142857,2.052455357142857,0.11693948412698413
RAW-FP-R01403,speed_quant_10=high,path_length_m=high,1,1,2,613,0.22805059523809523,896,0.3333333333333333,896,0.3333333333333333,0.6841517857142857,2.052455357142857,0.11693948412698413
RAW-FP-R01404,angles_mad=low,angles_range=low,1,1,2,612,0.22767857142857142,896,0.3333333333333333,896,0.3333333333333333,0.6830357142857143,2.0491071428571432,0.11656746031746032
RAW-FP-R01405,angles_mad=low,angles_quant_max=low,1,1,2,612,0.22767857142857142,896,0.3333333333333333,896,0.3333333333333333,0.6830357142857143,2.0491071428571432,0.11656746031746032
RAW-FP-R01406,angles_quant_max=low,angles_mad=low,1,1,2,612,0.22767857142857142,896,0.3333333333333333,896,0.3333333333333333,0.6830357142857143,2.0491071428571432,0.11656746031746032
RAW-FP-R01407,angles_range=low,angles_mad=low,1,1,2,612,0.22767857142857142,896,0.3333333333333333,896,0.3333333333333333,0.6830357142857143,2.0491071428571432,0.11656746031746032
RAW-FP-R01408,mean_distance_to_centroid_m=high,speed_quant_10=high,1,1,2,612,0.22767857142857142,896,0.3333333333333333,896,0.3333333333333333,0.6830357142857143,2.0491071428571432,0.11656746031746032
RAW-FP-R01409,speed_quant_10=high,mean_distance_to_centroid_m=high,1,1,2,612,0.22767857142857142,896,0.3333333333333333,896,0.3333333333333333,0.6830357142857143,2.0491071428571432,0.11656746031746032
RAW-FP-R01410,angles_quant_90=high,speed_mean=low,1,1,2,611,0.22730654761904762,896,0.3333333333333333,896,0.3333333333333333,0.6819196428571429,2.045758928571429,0.11619543650793651
RAW-FP-R01411,bbox_area_km2=low,speed_quant_90=low,1,1,2,611,0.22730654761904762,896,0.3333333333333333,896,0.3333333333333333,0.6819196428571429,2.045758928571429,0.11619543650793651
RAW-FP-R01412,path_length_m=high,speed_quant_95=high,1,1,2,611,0.22730654761904762,896,0.3333333333333333,896,0.3333333333333333,0.6819196428571429,2.045758928571429,0.11619543650793651
RAW-FP-R01413,speed_mean=low,angles_quant_90=high,1,1,2,611,0.22730654761904762,896,0.3333333333333333,896,0.3333333333333333,0.6819196428571429,2.045758928571429,0.11619543650793651
RAW-FP-R01414,speed_quant_90=low,bbox_area_km2=low,1,1,2,611,0.22730654761904762,896,0.3333333333333333,896,0.3333333333333333,0.6819196428571429,2.045758928571429,0.11619543650793651
RAW-FP-R01415,speed_quant_95=high,path_length_m=high,1,1,2,611,0.22730654761904762,896,0.3333333333333333,896,0.3333333333333333,0.6819196428571429,2.045758928571429,0.11619543650793651
RAW-FP-R01416,angles_mad=high,speed_quant_25=low,1,1,2,610,0.2269345238095238,896,0.3333333333333333,896,0.3333333333333333,0.6808035714285714,2.0424107142857144,0.1158234126984127
RAW-FP-R01417,angles_meanse=high,speed_quant_median=low,1,1,2,610,0.2269345238095238,896,0.3333333333333333,896,0.3333333333333333,0.6808035714285714,2.0424107142857144,0.1158234126984127
RAW-FP-R01418,angles_quant_75=low,speed_quant_10=high,1,1,2,610,0.2269345238095238,896,0.3333333333333333,896,0.3333333333333333,0.6808035714285714,2.0424107142857144,0.1158234126984127
RAW-FP-R01419,angles_sd=high,speed_quant_median=low,1,1,2,610,0.2269345238095238,896,0.3333333333333333,896,0.3333333333333333,0.6808035714285714,2.0424107142857144,0.1158234126984127
RAW-FP-R01420,bbox_lon_span_deg=low,speed_quant_75=low,1,1,2,610,0.2269345238095238,896,0.3333333333333333,896,0.3333333333333333,0.6808035714285714,2.0424107142857144,0.1158234126984127
RAW-FP-R01421,bbox_width_m=low,speed_mean=low,1,1,2,610,0.2269345238095238,896,0.3333333333333333,896,0.3333333333333333,0.6808035714285714,2.0424107142857144,0.1158234126984127
RAW-FP-R01422,radius_of_gyration_m=high,speed_mean_first_half=high,1,1,2,610,0.2269345238095238,896,0.3333333333333333,896,0.3333333333333333,0.6808035714285714,2.0424107142857144,0.1158234126984127
RAW-FP-R01423,speed_mean=low,bbox_width_m=low,1,1,2,610,0.2269345238095238,896,0.3333333333333333,896,0.3333333333333333,0.6808035714285714,2.0424107142857144,0.1158234126984127
RAW-FP-R01424,speed_mean_first_half=high,radius_of_gyration_m=high,1,1,2,610,0.2269345238095238,896,0.3333333333333333,896,0.3333333333333333,0.6808035714285714,2.0424107142857144,0.1158234126984127
RAW-FP-R01425,speed_quant_10=high,angles_quant_75=low,1,1,2,610,0.2269345238095238,896,0.3333333333333333,896,0.3333333333333333,0.6808035714285714,2.0424107142857144,0.1158234126984127
RAW-FP-R01426,speed_quant_10=low,speed_quant_75=low,1,1,2,610,0.2269345238095238,896,0.3333333333333333,896,0.3333333333333333,0.6808035714285714,2.0424107142857144,0.1158234126984127
RAW-FP-R01427,speed_quant_25=low,angles_mad=high,1,1,2,610,0.2269345238095238,896,0.3333333333333333,896,0.3333333333333333,0.6808035714285714,2.0424107142857144,0.1158234126984127
RAW-FP-R01428,speed_quant_75=low,bbox_lon_span_deg=low,1,1,2,610,0.2269345238095238,896,0.3333333333333333,896,0.3333333333333333,0.6808035714285714,2.0424107142857144,0.1158234126984127
RAW-FP-R01429,speed_quant_75=low,speed_quant_10=low,1,1,2,610,0.2269345238095238,896,0.3333333333333333,896,0.3333333333333333,0.6808035714285714,2.0424107142857144,0.1158234126984127
RAW-FP-R01430,speed_quant_median=low,angles_meanse=high,1,1,2,610,0.2269345238095238,896,0.3333333333333333,896,0.3333333333333333,0.6808035714285714,2.0424107142857144,0.1158234126984127
RAW-FP-R01431,speed_quant_median=low,angles_sd=high,1,1,2,610,0.2269345238095238,896,0.3333333333333333,896,0.3333333333333333,0.6808035714285714,2.0424107142857144,0.1158234126984127
RAW-FP-R01432,angles_quant_95=high,speed_mean=low,1,1,2,609,0.2265625,896,0.3333333333333333,896,0.3333333333333333,0.6796875,2.0390625,0.1154513888888889
RAW-FP-R01433,radius_of_gyration_m=low,speed_quant_05=low,1,1,2,609,0.2265625,896,0.3333333333333333,896,0.3333333333333333,0.6796875,2.0390625,0.1154513888888889
RAW-FP-R01434,speed_mean=low,angles_quant_95=high,1,1,2,609,0.2265625,896,0.3333333333333333,896,0.3333333333333333,0.6796875,2.0390625,0.1154513888888889
RAW-FP-R01435,speed_quant_05=low,radius_of_gyration_m=low,1,1,2,609,0.2265625,896,0.3333333333333333,896,0.3333333333333333,0.6796875,2.0390625,0.1154513888888889
RAW-FP-R01436,speed_quant_min=high,speed_vcoef=low,1,1,2,609,0.2265625,896,0.3333333333333333,896,0.3333333333333333,0.6796875,2.0390625,0.1154513888888889
RAW-FP-R01437,speed_vcoef=low,speed_quant_min=high,1,1,2,609,0.2265625,896,0.3333333333333333,896,0.3333333333333333,0.6796875,2.0390625,0.1154513888888889
RAW-FP-R01438,angles_0s=low,angles_quant_10=high,1,1,2,843,0.31361607142857145,1242,0.46205357142857145,896,0.3333333333333333,0.678743961352657,2.036231884057971,0.1595982142857143
RAW-FP-R01439,angles_quant_10=high,angles_0s=low,1,1,2,843,0.31361607142857145,896,0.3333333333333333,1242,0.46205357142857145,0.9408482142857143,2.0362318840579707,0.1595982142857143
RAW-FP-R01440,acceleration_mad=high,acceleration_quant_05=low,1,1,2,608,0.2261904761904762,896,0.3333333333333333,896,0.3333333333333333,0.6785714285714286,2.035714285714286,0.11507936507936509
RAW-FP-R01441,acceleration_mean=high,acceleration_vcoef=low,1,1,2,608,0.2261904761904762,896,0.3333333333333333,896,0.3333333333333333,0.6785714285714286,2.035714285714286,0.11507936507936509
RAW-FP-R01442,acceleration_meanse=high,acceleration_quant_90=high,1,1,2,608,0.2261904761904762,896,0.3333333333333333,896,0.3333333333333333,0.6785714285714286,2.035714285714286,0.11507936507936509
RAW-FP-R01443,acceleration_quant_05=low,acceleration_mad=high,1,1,2,608,0.2261904761904762,896,0.3333333333333333,896,0.3333333333333333,0.6785714285714286,2.035714285714286,0.11507936507936509
RAW-FP-R01444,acceleration_quant_90=high,acceleration_meanse=high,1,1,2,608,0.2261904761904762,896,0.3333333333333333,896,0.3333333333333333,0.6785714285714286,2.035714285714286,0.11507936507936509
RAW-FP-R01445,acceleration_quant_90=high,acceleration_sd=high,1,1,2,608,0.2261904761904762,896,0.3333333333333333,896,0.3333333333333333,0.6785714285714286,2.035714285714286,0.11507936507936509
RAW-FP-R01446,acceleration_quant_90=high,acceleration_quant_min=low,1,1,2,608,0.2261904761904762,896,0.3333333333333333,896,0.3333333333333333,0.6785714285714286,2.035714285714286,0.11507936507936509
RAW-FP-R01447,acceleration_quant_min=low,acceleration_quant_90=high,1,1,2,608,0.2261904761904762,896,0.3333333333333333,896,0.3333333333333333,0.6785714285714286,2.035714285714286,0.11507936507936509
RAW-FP-R01448,acceleration_sd=high,acceleration_quant_90=high,1,1,2,608,0.2261904761904762,896,0.3333333333333333,896,0.3333333333333333,0.6785714285714286,2.035714285714286,0.11507936507936509
RAW-FP-R01449,acceleration_vcoef=low,acceleration_mean=high,1,1,2,608,0.2261904761904762,896,0.3333333333333333,896,0.3333333333333333,0.6785714285714286,2.035714285714286,0.11507936507936509
RAW-FP-R01450,angles_quant_75=low,speed_quant_05=high,1,1,2,608,0.2261904761904762,896,0.3333333333333333,896,0.3333333333333333,0.6785714285714286,2.035714285714286,0.11507936507936509
RAW-FP-R01451,bbox_width_m=low,speed_quant_median=low,1,1,2,608,0.2261904761904762,896,0.3333333333333333,896,0.3333333333333333,0.6785714285714286,2.035714285714286,0.11507936507936509
RAW-FP-R01452,max_distance_to_centroid_m=high,speed_quant_95=high,1,1,2,608,0.2261904761904762,896,0.3333333333333333,896,0.3333333333333333,0.6785714285714286,2.035714285714286,0.11507936507936509
RAW-FP-R01453,mean_distance_to_centroid_m=high,speed_mean_first_half=high,1,1,2,608,0.2261904761904762,896,0.3333333333333333,896,0.3333333333333333,0.6785714285714286,2.035714285714286,0.11507936507936509
RAW-FP-R01454,median_distance_to_centroid_m=low,speed_quant_05=low,1,1,2,608,0.2261904761904762,896,0.3333333333333333,896,0.3333333333333333,0.6785714285714286,2.035714285714286,0.11507936507936509
RAW-FP-R01455,net_displacement_m=low,speed_quant_10=low,1,1,2,608,0.2261904761904762,896,0.3333333333333333,896,0.3333333333333333,0.6785714285714286,2.035714285714286,0.11507936507936509
RAW-FP-R01456,speed_mean_first_half=high,mean_distance_to_centroid_m=high,1,1,2,608,0.2261904761904762,896,0.3333333333333333,896,0.3333333333333333,0.6785714285714286,2.035714285714286,0.11507936507936509
RAW-FP-R01457,speed_quant_05=high,angles_quant_75=low,1,1,2,608,0.2261904761904762,896,0.3333333333333333,896,0.3333333333333333,0.6785714285714286,2.035714285714286,0.11507936507936509
RAW-FP-R01458,speed_quant_05=low,median_distance_to_centroid_m=low,1,1,2,608,0.2261904761904762,896,0.3333333333333333,896,0.3333333333333333,0.6785714285714286,2.035714285714286,0.11507936507936509
RAW-FP-R01459,speed_quant_05=medium,speed_quant_25=medium,1,1,2,608,0.2261904761904762,896,0.3333333333333333,896,0.3333333333333333,0.6785714285714286,2.035714285714286,0.11507936507936509
RAW-FP-R01460,speed_quant_10=low,net_displacement_m=low,1,1,2,608,0.2261904761904762,896,0.3333333333333333,896,0.3333333333333333,0.6785714285714286,2.035714285714286,0.11507936507936509
RAW-FP-R01461,speed_quant_25=medium,speed_quant_05=medium,1,1,2,608,0.2261904761904762,896,0.3333333333333333,896,0.3333333333333333,0.6785714285714286,2.035714285714286,0.11507936507936509
RAW-FP-R01462,speed_quant_95=high,max_distance_to_centroid_m=high,1,1,2,608,0.2261904761904762,896,0.3333333333333333,896,0.3333333333333333,0.6785714285714286,2.035714285714286,0.11507936507936509
RAW-FP-R01463,speed_quant_median=low,bbox_width_m=low,1,1,2,608,0.2261904761904762,896,0.3333333333333333,896,0.3333333333333333,0.6785714285714286,2.035714285714286,0.11507936507936509
RAW-FP-R01464,relative_grid_unique_cells_3x3=medium,relative_transition_entropy_3x3=high,1,1,2,376,0.13988095238095238,555,0.20647321428571427,895,0.33296130952380953,0.6774774774774774,2.0347033066586135,0.07113336057079082
RAW-FP-R01465,acceleration_mad=high,acceleration_quant_95=high,1,1,2,607,0.22581845238095238,896,0.3333333333333333,896,0.3333333333333333,0.6774553571428571,2.0323660714285716,0.11470734126984128
RAW-FP-R01466,acceleration_quant_95=high,acceleration_mad=high,1,1,2,607,0.22581845238095238,896,0.3333333333333333,896,0.3333333333333333,0.6774553571428571,2.0323660714285716,0.11470734126984128
RAW-FP-R01467,angles_iqr=high,speed_mean_first_half=low,1,1,2,607,0.22581845238095238,896,0.3333333333333333,896,0.3333333333333333,0.6774553571428571,2.0323660714285716,0.11470734126984128
RAW-FP-R01468,bbox_diagonal_m=high,speed_mean_first_half=high,1,1,2,607,0.22581845238095238,896,0.3333333333333333,896,0.3333333333333333,0.6774553571428571,2.0323660714285716,0.11470734126984128
RAW-FP-R01469,mean_distance_to_centroid_m=low,speed_mean_second_half=low,1,1,2,607,0.22581845238095238,896,0.3333333333333333,896,0.3333333333333333,0.6774553571428571,2.0323660714285716,0.11470734126984128
RAW-FP-R01470,speed_mean_first_half=high,bbox_diagonal_m=high,1,1,2,607,0.22581845238095238,896,0.3333333333333333,896,0.3333333333333333,0.6774553571428571,2.0323660714285716,0.11470734126984128
RAW-FP-R01471,speed_mean_first_half=low,angles_iqr=high,1,1,2,607,0.22581845238095238,896,0.3333333333333333,896,0.3333333333333333,0.6774553571428571,2.0323660714285716,0.11470734126984128
RAW-FP-R01472,speed_mean_second_half=low,mean_distance_to_centroid_m=low,1,1,2,607,0.22581845238095238,896,0.3333333333333333,896,0.3333333333333333,0.6774553571428571,2.0323660714285716,0.11470734126984128
RAW-FP-R01473,acceleration_iqr=high,acceleration_quant_05=low,1,1,2,606,0.22544642857142858,896,0.3333333333333333,896,0.3333333333333333,0.6763392857142857,2.029017857142857,0.11433531746031747
RAW-FP-R01474,acceleration_quant_05=low,acceleration_iqr=high,1,1,2,606,0.22544642857142858,896,0.3333333333333333,896,0.3333333333333333,0.6763392857142857,2.029017857142857,0.11433531746031747
RAW-FP-R01475,acceleration_quant_10=high,acceleration_quant_25=high,1,1,2,606,0.22544642857142858,896,0.3333333333333333,896,0.3333333333333333,0.6763392857142857,2.029017857142857,0.11433531746031747
RAW-FP-R01476,acceleration_quant_25=high,acceleration_quant_10=high,1,1,2,606,0.22544642857142858,896,0.3333333333333333,896,0.3333333333333333,0.6763392857142857,2.029017857142857,0.11433531746031747
RAW-FP-R01477,angles_mad=high,speed_quant_10=low,1,1,2,606,0.22544642857142858,896,0.3333333333333333,896,0.3333333333333333,0.6763392857142857,2.029017857142857,0.11433531746031747
RAW-FP-R01478,bbox_area_km2=high,speed_quant_25=high,1,1,2,606,0.22544642857142858,896,0.3333333333333333,896,0.3333333333333333,0.6763392857142857,2.029017857142857,0.11433531746031747
RAW-FP-R01479,bbox_area_km2=low,bbox_height_m=low,1,1,2,606,0.22544642857142858,896,0.3333333333333333,896,0.3333333333333333,0.6763392857142857,2.029017857142857,0.11433531746031747
RAW-FP-R01480,bbox_area_km2=low,bbox_lat_span_deg=low,1,1,2,606,0.22544642857142858,896,0.3333333333333333,896,0.3333333333333333,0.6763392857142857,2.029017857142857,0.11433531746031747
RAW-FP-R01481,bbox_height_m=low,bbox_area_km2=low,1,1,2,606,0.22544642857142858,896,0.3333333333333333,896,0.3333333333333333,0.6763392857142857,2.029017857142857,0.11433531746031747
RAW-FP-R01482,bbox_lat_span_deg=low,bbox_area_km2=low,1,1,2,606,0.22544642857142858,896,0.3333333333333333,896,0.3333333333333333,0.6763392857142857,2.029017857142857,0.11433531746031747
RAW-FP-R01483,speed_mean_second_half=low,speed_quant_10=low,1,1,2,606,0.22544642857142858,896,0.3333333333333333,896,0.3333333333333333,0.6763392857142857,2.029017857142857,0.11433531746031747
RAW-FP-R01484,speed_quant_10=high,speed_vcoef=low,1,1,2,606,0.22544642857142858,896,0.3333333333333333,896,0.3333333333333333,0.6763392857142857,2.029017857142857,0.11433531746031747
RAW-FP-R01485,speed_quant_10=low,speed_mean_second_half=low,1,1,2,606,0.22544642857142858,896,0.3333333333333333,896,0.3333333333333333,0.6763392857142857,2.029017857142857,0.11433531746031747
RAW-FP-R01486,speed_quant_10=low,angles_mad=high,1,1,2,606,0.22544642857142858,896,0.3333333333333333,896,0.3333333333333333,0.6763392857142857,2.029017857142857,0.11433531746031747
RAW-FP-R01487,speed_quant_25=high,bbox_area_km2=high,1,1,2,606,0.22544642857142858,896,0.3333333333333333,896,0.3333333333333333,0.6763392857142857,2.029017857142857,0.11433531746031747
RAW-FP-R01488,speed_vcoef=low,speed_quant_10=high,1,1,2,606,0.22544642857142858,896,0.3333333333333333,896,0.3333333333333333,0.6763392857142857,2.029017857142857,0.11433531746031747
RAW-FP-R01489,acceleration_iqr=high,acceleration_quant_95=high,1,1,2,605,0.22507440476190477,896,0.3333333333333333,896,0.3333333333333333,0.6752232142857143,2.0256696428571432,0.11396329365079366
RAW-FP-R01490,acceleration_meanse=low,acceleration_quant_05=high,1,1,2,605,0.22507440476190477,896,0.3333333333333333,896,0.3333333333333333,0.6752232142857143,2.0256696428571432,0.11396329365079366
RAW-FP-R01491,acceleration_meanse=low,acceleration_quant_95=low,1,1,2,605,0.22507440476190477,896,0.3333333333333333,896,0.3333333333333333,0.6752232142857143,2.0256696428571432,0.11396329365079366
RAW-FP-R01492,acceleration_quant_05=high,acceleration_meanse=low,1,1,2,605,0.22507440476190477,896,0.3333333333333333,896,0.3333333333333333,0.6752232142857143,2.0256696428571432,0.11396329365079366
RAW-FP-R01493,acceleration_quant_05=high,acceleration_sd=low,1,1,2,605,0.22507440476190477,896,0.3333333333333333,896,0.3333333333333333,0.6752232142857143,2.0256696428571432,0.11396329365079366
RAW-FP-R01494,acceleration_quant_95=high,acceleration_iqr=high,1,1,2,605,0.22507440476190477,896,0.3333333333333333,896,0.3333333333333333,0.6752232142857143,2.0256696428571432,0.11396329365079366
RAW-FP-R01495,acceleration_quant_95=low,acceleration_meanse=low,1,1,2,605,0.22507440476190477,896,0.3333333333333333,896,0.3333333333333333,0.6752232142857143,2.0256696428571432,0.11396329365079366
RAW-FP-R01496,acceleration_quant_95=low,acceleration_sd=low,1,1,2,605,0.22507440476190477,896,0.3333333333333333,896,0.3333333333333333,0.6752232142857143,2.0256696428571432,0.11396329365079366
RAW-FP-R01497,acceleration_sd=low,acceleration_quant_05=high,1,1,2,605,0.22507440476190477,896,0.3333333333333333,896,0.3333333333333333,0.6752232142857143,2.0256696428571432,0.11396329365079366
RAW-FP-R01498,acceleration_sd=low,acceleration_quant_95=low,1,1,2,605,0.22507440476190477,896,0.3333333333333333,896,0.3333333333333333,0.6752232142857143,2.0256696428571432,0.11396329365079366
RAW-FP-R01499,angles_iqr=low,speed_mean=high,1,1,2,605,0.22507440476190477,896,0.3333333333333333,896,0.3333333333333333,0.6752232142857143,2.0256696428571432,0.11396329365079366
RAW-FP-R01500,angles_kurt=high,angles_range=high,1,1,2,605,0.22507440476190477,896,0.3333333333333333,896,0.3333333333333333,0.6752232142857143,2.0256696428571432,0.11396329365079366
RAW-FP-R01501,angles_quant_75=medium,angles_quant_90=medium,1,1,2,605,0.22507440476190477,896,0.3333333333333333,896,0.3333333333333333,0.6752232142857143,2.0256696428571432,0.11396329365079366
RAW-FP-R01502,angles_quant_90=medium,angles_quant_75=medium,1,1,2,605,0.22507440476190477,896,0.3333333333333333,896,0.3333333333333333,0.6752232142857143,2.0256696428571432,0.11396329365079366
RAW-FP-R01503,angles_range=high,angles_kurt=high,1,1,2,605,0.22507440476190477,896,0.3333333333333333,896,0.3333333333333333,0.6752232142857143,2.0256696428571432,0.11396329365079366
RAW-FP-R01504,bbox_width_m=high,speed_quant_25=high,1,1,2,605,0.22507440476190477,896,0.3333333333333333,896,0.3333333333333333,0.6752232142857143,2.0256696428571432,0.11396329365079366
RAW-FP-R01505,mean_distance_to_centroid_m=low,speed_quant_05=low,1,1,2,605,0.22507440476190477,896,0.3333333333333333,896,0.3333333333333333,0.6752232142857143,2.0256696428571432,0.11396329365079366
RAW-FP-R01506,speed_iqr=high,speed_quant_75=high,1,1,2,605,0.22507440476190477,896,0.3333333333333333,896,0.3333333333333333,0.6752232142857143,2.0256696428571432,0.11396329365079366
RAW-FP-R01507,speed_mad=low,speed_range=low,1,1,2,605,0.22507440476190477,896,0.3333333333333333,896,0.3333333333333333,0.6752232142857143,2.0256696428571432,0.11396329365079366
RAW-FP-R01508,speed_mean=high,angles_iqr=low,1,1,2,605,0.22507440476190477,896,0.3333333333333333,896,0.3333333333333333,0.6752232142857143,2.0256696428571432,0.11396329365079366
RAW-FP-R01509,speed_quant_05=low,mean_distance_to_centroid_m=low,1,1,2,605,0.22507440476190477,896,0.3333333333333333,896,0.3333333333333333,0.6752232142857143,2.0256696428571432,0.11396329365079366
RAW-FP-R01510,speed_quant_25=high,bbox_width_m=high,1,1,2,605,0.22507440476190477,896,0.3333333333333333,896,0.3333333333333333,0.6752232142857143,2.0256696428571432,0.11396329365079366
RAW-FP-R01511,speed_quant_75=high,speed_iqr=high,1,1,2,605,0.22507440476190477,896,0.3333333333333333,896,0.3333333333333333,0.6752232142857143,2.0256696428571432,0.11396329365079366
RAW-FP-R01512,speed_range=low,speed_mad=low,1,1,2,605,0.22507440476190477,896,0.3333333333333333,896,0.3333333333333333,0.6752232142857143,2.0256696428571432,0.11396329365079366
RAW-FP-R01513,sampling_gap_cv=high,angles_quant_10=high,1,1,2,572,0.21279761904761904,848,0.31547619047619047,896,0.3333333333333333,0.6745283018867925,2.0235849056603774,0.1076388888888889
RAW-FP-R01514,angles_quant_10=high,sampling_gap_cv=high,1,1,2,572,0.21279761904761904,896,0.3333333333333333,848,0.31547619047619047,0.6383928571428571,2.0235849056603774,0.1076388888888889
RAW-FP-R01515,acceleration_quant_10=high,acceleration_quant_90=low,1,1,2,604,0.22470238095238096,896,0.3333333333333333,896,0.3333333333333333,0.6741071428571429,2.022321428571429,0.11359126984126985
RAW-FP-R01516,acceleration_quant_90=low,acceleration_quant_10=high,1,1,2,604,0.22470238095238096,896,0.3333333333333333,896,0.3333333333333333,0.6741071428571429,2.022321428571429,0.11359126984126985
RAW-FP-R01517,angles_kurt=high,angles_quant_max=high,1,1,2,604,0.22470238095238096,896,0.3333333333333333,896,0.3333333333333333,0.6741071428571429,2.022321428571429,0.11359126984126985
RAW-FP-R01518,angles_quant_max=high,angles_kurt=high,1,1,2,604,0.22470238095238096,896,0.3333333333333333,896,0.3333333333333333,0.6741071428571429,2.022321428571429,0.11359126984126985
RAW-FP-R01519,bbox_area_km2=high,speed_quant_90=high,1,1,2,604,0.22470238095238096,896,0.3333333333333333,896,0.3333333333333333,0.6741071428571429,2.022321428571429,0.11359126984126985
RAW-FP-R01520,net_displacement_m=high,speed_mean_first_half=high,1,1,2,604,0.22470238095238096,896,0.3333333333333333,896,0.3333333333333333,0.6741071428571429,2.022321428571429,0.11359126984126985
RAW-FP-R01521,speed_mean_first_half=high,net_displacement_m=high,1,1,2,604,0.22470238095238096,896,0.3333333333333333,896,0.3333333333333333,0.6741071428571429,2.022321428571429,0.11359126984126985
RAW-FP-R01522,speed_quant_90=high,bbox_area_km2=high,1,1,2,604,0.22470238095238096,896,0.3333333333333333,896,0.3333333333333333,0.6741071428571429,2.022321428571429,0.11359126984126985
RAW-FP-R01523,acceleration_quant_10=high,acceleration_quant_95=low,1,1,2,603,0.22433035714285715,896,0.3333333333333333,896,0.3333333333333333,0.6729910714285714,2.0189732142857144,0.11321924603174605
RAW-FP-R01524,acceleration_quant_75=low,acceleration_quant_95=low,1,1,2,603,0.22433035714285715,896,0.3333333333333333,896,0.3333333333333333,0.6729910714285714,2.0189732142857144,0.11321924603174605
RAW-FP-R01525,acceleration_quant_90=low,acceleration_quant_min=high,1,1,2,603,0.22433035714285715,896,0.3333333333333333,896,0.3333333333333333,0.6729910714285714,2.0189732142857144,0.11321924603174605
RAW-FP-R01526,acceleration_quant_95=low,acceleration_quant_75=low,1,1,2,603,0.22433035714285715,896,0.3333333333333333,896,0.3333333333333333,0.6729910714285714,2.0189732142857144,0.11321924603174605
RAW-FP-R01527,acceleration_quant_95=low,acceleration_quant_10=high,1,1,2,603,0.22433035714285715,896,0.3333333333333333,896,0.3333333333333333,0.6729910714285714,2.0189732142857144,0.11321924603174605
RAW-FP-R01528,acceleration_quant_max=medium,acceleration_range=medium,1,1,2,603,0.22433035714285715,896,0.3333333333333333,896,0.3333333333333333,0.6729910714285714,2.0189732142857144,0.11321924603174605
RAW-FP-R01529,acceleration_quant_min=high,acceleration_quant_90=low,1,1,2,603,0.22433035714285715,896,0.3333333333333333,896,0.3333333333333333,0.6729910714285714,2.0189732142857144,0.11321924603174605
RAW-FP-R01530,acceleration_range=medium,acceleration_quant_max=medium,1,1,2,603,0.22433035714285715,896,0.3333333333333333,896,0.3333333333333333,0.6729910714285714,2.0189732142857144,0.11321924603174605
RAW-FP-R01531,angles_mean=low,distance_geometry_2_1=high,1,1,2,603,0.22433035714285715,896,0.3333333333333333,896,0.3333333333333333,0.6729910714285714,2.0189732142857144,0.11321924603174605
RAW-FP-R01532,distance_geometry_2_1=high,angles_mean=low,1,1,2,603,0.22433035714285715,896,0.3333333333333333,896,0.3333333333333333,0.6729910714285714,2.0189732142857144,0.11321924603174605
RAW-FP-R01533,radius_of_gyration_m=low,speed_quant_95=low,1,1,2,603,0.22433035714285715,896,0.3333333333333333,896,0.3333333333333333,0.6729910714285714,2.0189732142857144,0.11321924603174605
RAW-FP-R01534,speed_mean_second_half=high,speed_quant_25=high,1,1,2,603,0.22433035714285715,896,0.3333333333333333,896,0.3333333333333333,0.6729910714285714,2.0189732142857144,0.11321924603174605
RAW-FP-R01535,speed_quant_25=high,speed_mean_second_half=high,1,1,2,603,0.22433035714285715,896,0.3333333333333333,896,0.3333333333333333,0.6729910714285714,2.0189732142857144,0.11321924603174605
RAW-FP-R01536,speed_quant_95=low,radius_of_gyration_m=low,1,1,2,603,0.22433035714285715,896,0.3333333333333333,896,0.3333333333333333,0.6729910714285714,2.0189732142857144,0.11321924603174605
RAW-FP-R01537,bbox_lon_span_deg=high,speed_mean_first_half=high,1,1,2,602,0.22395833333333334,895,0.33296130952380953,896,0.3333333333333333,0.6726256983240223,2.017877094972067,0.11297123015873017
RAW-FP-R01538,speed_mean_first_half=high,bbox_lon_span_deg=high,1,1,2,602,0.22395833333333334,896,0.3333333333333333,895,0.33296130952380953,0.671875,2.017877094972067,0.11297123015873017
RAW-FP-R01539,acceleration_mean=high,speed_progress_slope=high,1,1,2,602,0.22395833333333334,896,0.3333333333333333,896,0.3333333333333333,0.671875,2.015625,0.11284722222222224
RAW-FP-R01540,acceleration_mean_second_half=high,acceleration_progress_slope=high,1,1,2,602,0.22395833333333334,896,0.3333333333333333,896,0.3333333333333333,0.671875,2.015625,0.11284722222222224
RAW-FP-R01541,acceleration_progress_slope=high,acceleration_mean_second_half=high,1,1,2,602,0.22395833333333334,896,0.3333333333333333,896,0.3333333333333333,0.671875,2.015625,0.11284722222222224
RAW-FP-R01542,angles_iqr=low,speed_quant_05=high,1,1,2,602,0.22395833333333334,896,0.3333333333333333,896,0.3333333333333333,0.671875,2.015625,0.11284722222222224
RAW-FP-R01543,angles_mad=high,speed_quant_05=low,1,1,2,602,0.22395833333333334,896,0.3333333333333333,896,0.3333333333333333,0.671875,2.015625,0.11284722222222224
RAW-FP-R01544,bbox_diagonal_m=high,speed_quant_05=high,1,1,2,602,0.22395833333333334,896,0.3333333333333333,896,0.3333333333333333,0.671875,2.015625,0.11284722222222224
RAW-FP-R01545,bbox_diagonal_m=low,speed_quant_05=low,1,1,2,602,0.22395833333333334,896,0.3333333333333333,896,0.3333333333333333,0.671875,2.015625,0.11284722222222224
RAW-FP-R01546,speed_progress_slope=high,acceleration_mean=high,1,1,2,602,0.22395833333333334,896,0.3333333333333333,896,0.3333333333333333,0.671875,2.015625,0.11284722222222224
RAW-FP-R01547,speed_quant_05=high,angles_iqr=low,1,1,2,602,0.22395833333333334,896,0.3333333333333333,896,0.3333333333333333,0.671875,2.015625,0.11284722222222224
RAW-FP-R01548,speed_quant_05=high,bbox_diagonal_m=high,1,1,2,602,0.22395833333333334,896,0.3333333333333333,896,0.3333333333333333,0.671875,2.015625,0.11284722222222224
RAW-FP-R01549,speed_quant_05=low,angles_mad=high,1,1,2,602,0.22395833333333334,896,0.3333333333333333,896,0.3333333333333333,0.671875,2.015625,0.11284722222222224
RAW-FP-R01550,speed_quant_05=low,bbox_diagonal_m=low,1,1,2,602,0.22395833333333334,896,0.3333333333333333,896,0.3333333333333333,0.671875,2.015625,0.11284722222222224
RAW-FP-R01551,angles_iqr=high,speed_quant_75=low,1,1,2,601,0.22358630952380953,896,0.3333333333333333,896,0.3333333333333333,0.6707589285714286,2.012276785714286,0.11247519841269843
RAW-FP-R01552,angles_quant_75=high,speed_quant_75=low,1,1,2,601,0.22358630952380953,896,0.3333333333333333,896,0.3333333333333333,0.6707589285714286,2.012276785714286,0.11247519841269843
RAW-FP-R01553,angles_quant_75=low,speed_quant_median=high,1,1,2,601,0.22358630952380953,896,0.3333333333333333,896,0.3333333333333333,0.6707589285714286,2.012276785714286,0.11247519841269843
RAW-FP-R01554,angles_quant_75=low,speed_quant_min=high,1,1,2,601,0.22358630952380953,896,0.3333333333333333,896,0.3333333333333333,0.6707589285714286,2.012276785714286,0.11247519841269843
RAW-FP-R01555,bbox_diagonal_m=high,speed_mean_second_half=high,1,1,2,601,0.22358630952380953,896,0.3333333333333333,896,0.3333333333333333,0.6707589285714286,2.012276785714286,0.11247519841269843
RAW-FP-R01556,speed_mean_second_half=high,bbox_diagonal_m=high,1,1,2,601,0.22358630952380953,896,0.3333333333333333,896,0.3333333333333333,0.6707589285714286,2.012276785714286,0.11247519841269843
RAW-FP-R01557,speed_quant_75=low,angles_iqr=high,1,1,2,601,0.22358630952380953,896,0.3333333333333333,896,0.3333333333333333,0.6707589285714286,2.012276785714286,0.11247519841269843
RAW-FP-R01558,speed_quant_75=low,angles_quant_75=high,1,1,2,601,0.22358630952380953,896,0.3333333333333333,896,0.3333333333333333,0.6707589285714286,2.012276785714286,0.11247519841269843
RAW-FP-R01559,speed_quant_median=high,angles_quant_75=low,1,1,2,601,0.22358630952380953,896,0.3333333333333333,896,0.3333333333333333,0.6707589285714286,2.012276785714286,0.11247519841269843
RAW-FP-R01560,speed_quant_min=high,angles_quant_75=low,1,1,2,601,0.22358630952380953,896,0.3333333333333333,896,0.3333333333333333,0.6707589285714286,2.012276785714286,0.11247519841269843
RAW-FP-R01561,angles_quant_95=high,speed_mean_first_half=low,1,1,2,600,0.22321428571428573,896,0.3333333333333333,896,0.3333333333333333,0.6696428571428571,2.0089285714285716,0.11210317460317462
RAW-FP-R01562,angles_quant_max=low,angles_skew=low,1,1,2,600,0.22321428571428573,896,0.3333333333333333,896,0.3333333333333333,0.6696428571428571,2.0089285714285716,0.11210317460317462
RAW-FP-R01563,angles_range=low,angles_skew=low,1,1,2,600,0.22321428571428573,896,0.3333333333333333,896,0.3333333333333333,0.6696428571428571,2.0089285714285716,0.11210317460317462
RAW-FP-R01564,angles_skew=low,angles_quant_max=low,1,1,2,600,0.22321428571428573,896,0.3333333333333333,896,0.3333333333333333,0.6696428571428571,2.0089285714285716,0.11210317460317462
RAW-FP-R01565,angles_skew=low,angles_range=low,1,1,2,600,0.22321428571428573,896,0.3333333333333333,896,0.3333333333333333,0.6696428571428571,2.0089285714285716,0.11210317460317462
RAW-FP-R01566,bbox_width_m=low,speed_quant_75=low,1,1,2,600,0.22321428571428573,896,0.3333333333333333,896,0.3333333333333333,0.6696428571428571,2.0089285714285716,0.11210317460317462
RAW-FP-R01567,max_distance_to_centroid_m=low,speed_quant_max=low,1,1,2,600,0.22321428571428573,896,0.3333333333333333,896,0.3333333333333333,0.6696428571428571,2.0089285714285716,0.11210317460317462
RAW-FP-R01568,median_distance_to_centroid_m=high,speed_quant_10=high,1,1,2,600,0.22321428571428573,896,0.3333333333333333,896,0.3333333333333333,0.6696428571428571,2.0089285714285716,0.11210317460317462
RAW-FP-R01569,net_displacement_m=high,speed_quant_05=high,1,1,2,600,0.22321428571428573,896,0.3333333333333333,896,0.3333333333333333,0.6696428571428571,2.0089285714285716,0.11210317460317462
RAW-FP-R01570,path_length_m=high,speed_mean_first_half=high,1,1,2,600,0.22321428571428573,896,0.3333333333333333,896,0.3333333333333333,0.6696428571428571,2.0089285714285716,0.11210317460317462
RAW-FP-R01571,speed_mean_first_half=high,path_length_m=high,1,1,2,600,0.22321428571428573,896,0.3333333333333333,896,0.3333333333333333,0.6696428571428571,2.0089285714285716,0.11210317460317462
RAW-FP-R01572,speed_mean_first_half=low,angles_quant_95=high,1,1,2,600,0.22321428571428573,896,0.3333333333333333,896,0.3333333333333333,0.6696428571428571,2.0089285714285716,0.11210317460317462
RAW-FP-R01573,speed_quant_05=high,net_displacement_m=high,1,1,2,600,0.22321428571428573,896,0.3333333333333333,896,0.3333333333333333,0.6696428571428571,2.0089285714285716,0.11210317460317462
RAW-FP-R01574,speed_quant_05=medium,speed_quant_min=medium,1,1,2,600,0.22321428571428573,896,0.3333333333333333,896,0.3333333333333333,0.6696428571428571,2.0089285714285716,0.11210317460317462
RAW-FP-R01575,speed_quant_10=high,median_distance_to_centroid_m=high,1,1,2,600,0.22321428571428573,896,0.3333333333333333,896,0.3333333333333333,0.6696428571428571,2.0089285714285716,0.11210317460317462
RAW-FP-R01576,speed_quant_75=low,bbox_width_m=low,1,1,2,600,0.22321428571428573,896,0.3333333333333333,896,0.3333333333333333,0.6696428571428571,2.0089285714285716,0.11210317460317462
RAW-FP-R01577,speed_quant_90=low,speed_range=low,1,1,2,600,0.22321428571428573,896,0.3333333333333333,896,0.3333333333333333,0.6696428571428571,2.0089285714285716,0.11210317460317462
RAW-FP-R01578,speed_quant_95=high,speed_quant_median=high,1,1,2,600,0.22321428571428573,896,0.3333333333333333,896,0.3333333333333333,0.6696428571428571,2.0089285714285716,0.11210317460317462
RAW-FP-R01579,speed_quant_max=low,max_distance_to_centroid_m=low,1,1,2,600,0.22321428571428573,896,0.3333333333333333,896,0.3333333333333333,0.6696428571428571,2.0089285714285716,0.11210317460317462
RAW-FP-R01580,speed_quant_median=high,speed_quant_95=high,1,1,2,600,0.22321428571428573,896,0.3333333333333333,896,0.3333333333333333,0.6696428571428571,2.0089285714285716,0.11210317460317462
RAW-FP-R01581,speed_quant_min=medium,speed_quant_05=medium,1,1,2,600,0.22321428571428573,896,0.3333333333333333,896,0.3333333333333333,0.6696428571428571,2.0089285714285716,0.11210317460317462
RAW-FP-R01582,speed_range=low,speed_quant_90=low,1,1,2,600,0.22321428571428573,896,0.3333333333333333,896,0.3333333333333333,0.6696428571428571,2.0089285714285716,0.11210317460317462
RAW-FP-R01583,angles_mad=high,speed_mean=low,1,1,2,599,0.22284226190476192,896,0.3333333333333333,896,0.3333333333333333,0.6685267857142857,2.005580357142857,0.11173115079365081
RAW-FP-R01584,angles_quant_95=medium,angles_quant_max=medium,1,1,2,599,0.22284226190476192,896,0.3333333333333333,896,0.3333333333333333,0.6685267857142857,2.005580357142857,0.11173115079365081
RAW-FP-R01585,angles_quant_max=medium,angles_quant_95=medium,1,1,2,599,0.22284226190476192,896,0.3333333333333333,896,0.3333333333333333,0.6685267857142857,2.005580357142857,0.11173115079365081
RAW-FP-R01586,radius_of_gyration_m=high,speed_quant_05=high,1,1,2,599,0.22284226190476192,896,0.3333333333333333,896,0.3333333333333333,0.6685267857142857,2.005580357142857,0.11173115079365081
RAW-FP-R01587,speed_mad=high,speed_quant_75=high,1,1,2,599,0.22284226190476192,896,0.3333333333333333,896,0.3333333333333333,0.6685267857142857,2.005580357142857,0.11173115079365081
RAW-FP-R01588,speed_mean=low,angles_mad=high,1,1,2,599,0.22284226190476192,896,0.3333333333333333,896,0.3333333333333333,0.6685267857142857,2.005580357142857,0.11173115079365081
RAW-FP-R01589,speed_quant_05=high,radius_of_gyration_m=high,1,1,2,599,0.22284226190476192,896,0.3333333333333333,896,0.3333333333333333,0.6685267857142857,2.005580357142857,0.11173115079365081
RAW-FP-R01590,speed_quant_75=high,speed_mad=high,1,1,2,599,0.22284226190476192,896,0.3333333333333333,896,0.3333333333333333,0.6685267857142857,2.005580357142857,0.11173115079365081
RAW-FP-R01591,acceleration_meanse=low,acceleration_quant_min=high,1,1,2,598,0.22247023809523808,896,0.3333333333333333,896,0.3333333333333333,0.6674107142857143,2.0022321428571432,0.11135912698412698
RAW-FP-R01592,acceleration_quant_min=high,acceleration_meanse=low,1,1,2,598,0.22247023809523808,896,0.3333333333333333,896,0.3333333333333333,0.6674107142857143,2.0022321428571432,0.11135912698412698
RAW-FP-R01593,acceleration_quant_min=high,acceleration_sd=low,1,1,2,598,0.22247023809523808,896,0.3333333333333333,896,0.3333333333333333,0.6674107142857143,2.0022321428571432,0.11135912698412698
RAW-FP-R01594,acceleration_sd=low,acceleration_quant_min=high,1,1,2,598,0.22247023809523808,896,0.3333333333333333,896,0.3333333333333333,0.6674107142857143,2.0022321428571432,0.11135912698412698
RAW-FP-R01595,angles_mean=medium,angles_quant_max=medium,1,1,2,598,0.22247023809523808,896,0.3333333333333333,896,0.3333333333333333,0.6674107142857143,2.0022321428571432,0.11135912698412698
RAW-FP-R01596,angles_meanse=high,angles_quant_median=high,1,1,2,598,0.22247023809523808,896,0.3333333333333333,896,0.3333333333333333,0.6674107142857143,2.0022321428571432,0.11135912698412698
RAW-FP-R01597,angles_meanse=low,speed_vcoef=low,1,1,2,598,0.22247023809523808,896,0.3333333333333333,896,0.3333333333333333,0.6674107142857143,2.0022321428571432,0.11135912698412698
RAW-FP-R01598,angles_quant_95=medium,angles_range=medium,1,1,2,598,0.22247023809523808,896,0.3333333333333333,896,0.3333333333333333,0.6674107142857143,2.0022321428571432,0.11135912698412698
RAW-FP-R01599,angles_quant_max=medium,angles_mean=medium,1,1,2,598,0.22247023809523808,896,0.3333333333333333,896,0.3333333333333333,0.6674107142857143,2.0022321428571432,0.11135912698412698
RAW-FP-R01600,angles_quant_median=high,angles_sd=high,1,1,2,598,0.22247023809523808,896,0.3333333333333333,896,0.3333333333333333,0.6674107142857143,2.0022321428571432,0.11135912698412698
RAW-FP-R01601,angles_quant_median=high,angles_meanse=high,1,1,2,598,0.22247023809523808,896,0.3333333333333333,896,0.3333333333333333,0.6674107142857143,2.0022321428571432,0.11135912698412698
RAW-FP-R01602,angles_range=medium,angles_quant_95=medium,1,1,2,598,0.22247023809523808,896,0.3333333333333333,896,0.3333333333333333,0.6674107142857143,2.0022321428571432,0.11135912698412698
RAW-FP-R01603,angles_sd=high,angles_quant_median=high,1,1,2,598,0.22247023809523808,896,0.3333333333333333,896,0.3333333333333333,0.6674107142857143,2.0022321428571432,0.11135912698412698
RAW-FP-R01604,angles_sd=low,speed_vcoef=low,1,1,2,598,0.22247023809523808,896,0.3333333333333333,896,0.3333333333333333,0.6674107142857143,2.0022321428571432,0.11135912698412698
RAW-FP-R01605,bbox_width_m=high,speed_quant_median=high,1,1,2,598,0.22247023809523808,896,0.3333333333333333,896,0.3333333333333333,0.6674107142857143,2.0022321428571432,0.11135912698412698
RAW-FP-R01606,net_displacement_m=low,speed_quant_95=low,1,1,2,598,0.22247023809523808,896,0.3333333333333333,896,0.3333333333333333,0.6674107142857143,2.0022321428571432,0.11135912698412698
RAW-FP-R01607,path_length_m=low,speed_quant_max=low,1,1,2,598,0.22247023809523808,896,0.3333333333333333,896,0.3333333333333333,0.6674107142857143,2.0022321428571432,0.11135912698412698
RAW-FP-R01608,path_length_m=low,speed_quant_10=low,1,1,2,598,0.22247023809523808,896,0.3333333333333333,896,0.3333333333333333,0.6674107142857143,2.0022321428571432,0.11135912698412698
RAW-FP-R01609,speed_mean_first_half=high,speed_quant_75=high,1,1,2,598,0.22247023809523808,896,0.3333333333333333,896,0.3333333333333333,0.6674107142857143,2.0022321428571432,0.11135912698412698
RAW-FP-R01610,speed_quant_10=low,path_length_m=low,1,1,2,598,0.22247023809523808,896,0.3333333333333333,896,0.3333333333333333,0.6674107142857143,2.0022321428571432,0.11135912698412698
RAW-FP-R01611,speed_quant_75=high,speed_mean_first_half=high,1,1,2,598,0.22247023809523808,896,0.3333333333333333,896,0.3333333333333333,0.6674107142857143,2.0022321428571432,0.11135912698412698
RAW-FP-R01612,speed_quant_95=low,net_displacement_m=low,1,1,2,598,0.22247023809523808,896,0.3333333333333333,896,0.3333333333333333,0.6674107142857143,2.0022321428571432,0.11135912698412698
RAW-FP-R01613,speed_quant_max=low,path_length_m=low,1,1,2,598,0.22247023809523808,896,0.3333333333333333,896,0.3333333333333333,0.6674107142857143,2.0022321428571432,0.11135912698412698
RAW-FP-R01614,speed_quant_median=high,bbox_width_m=high,1,1,2,598,0.22247023809523808,896,0.3333333333333333,896,0.3333333333333333,0.6674107142857143,2.0022321428571432,0.11135912698412698
RAW-FP-R01615,speed_vcoef=low,angles_meanse=low,1,1,2,598,0.22247023809523808,896,0.3333333333333333,896,0.3333333333333333,0.6674107142857143,2.0022321428571432,0.11135912698412698
RAW-FP-R01616,speed_vcoef=low,angles_sd=low,1,1,2,598,0.22247023809523808,896,0.3333333333333333,896,0.3333333333333333,0.6674107142857143,2.0022321428571432,0.11135912698412698
RAW-FP-R01617,duration_total_seconds=low,angles_quant_10=high,1,1,2,607,0.22581845238095238,910,0.3385416666666667,896,0.3333333333333333,0.667032967032967,2.001098901098901,0.11297123015873016
RAW-FP-R01618,sampling_gap_mean_seconds=low,angles_quant_10=high,1,1,2,607,0.22581845238095238,910,0.3385416666666667,896,0.3333333333333333,0.667032967032967,2.001098901098901,0.11297123015873016
RAW-FP-R01619,angles_quant_10=high,duration_total_seconds=low,1,1,2,607,0.22581845238095238,896,0.3333333333333333,910,0.3385416666666667,0.6774553571428571,2.0010989010989007,0.11297123015873016
RAW-FP-R01620,angles_quant_10=high,sampling_gap_mean_seconds=low,1,1,2,607,0.22581845238095238,896,0.3333333333333333,910,0.3385416666666667,0.6774553571428571,2.0010989010989007,0.11297123015873016
RAW-FP-R01621,acceleration_meanse=low,acceleration_quant_10=high,1,1,2,597,0.22209821428571427,896,0.3333333333333333,896,0.3333333333333333,0.6662946428571429,1.9988839285714288,0.11098710317460317
RAW-FP-R01622,acceleration_quant_10=high,acceleration_meanse=low,1,1,2,597,0.22209821428571427,896,0.3333333333333333,896,0.3333333333333333,0.6662946428571429,1.9988839285714288,0.11098710317460317
RAW-FP-R01623,acceleration_quant_10=high,acceleration_sd=low,1,1,2,597,0.22209821428571427,896,0.3333333333333333,896,0.3333333333333333,0.6662946428571429,1.9988839285714288,0.11098710317460317
RAW-FP-R01624,acceleration_quant_10=low,acceleration_quant_25=low,1,1,2,597,0.22209821428571427,896,0.3333333333333333,896,0.3333333333333333,0.6662946428571429,1.9988839285714288,0.11098710317460317
RAW-FP-R01625,acceleration_quant_25=low,acceleration_quant_10=low,1,1,2,597,0.22209821428571427,896,0.3333333333333333,896,0.3333333333333333,0.6662946428571429,1.9988839285714288,0.11098710317460317
RAW-FP-R01626,acceleration_sd=low,acceleration_quant_10=high,1,1,2,597,0.22209821428571427,896,0.3333333333333333,896,0.3333333333333333,0.6662946428571429,1.9988839285714288,0.11098710317460317
RAW-FP-R01627,angle_progress_slope=high,speed_progress_slope=low,1,1,2,597,0.22209821428571427,896,0.3333333333333333,896,0.3333333333333333,0.6662946428571429,1.9988839285714288,0.11098710317460317
RAW-FP-R01628,angles_mean=medium,angles_range=medium,1,1,2,597,0.22209821428571427,896,0.3333333333333333,896,0.3333333333333333,0.6662946428571429,1.9988839285714288,0.11098710317460317
RAW-FP-R01629,angles_quant_max=low,angles_quant_median=low,1,1,2,597,0.22209821428571427,896,0.3333333333333333,896,0.3333333333333333,0.6662946428571429,1.9988839285714288,0.11098710317460317
RAW-FP-R01630,angles_quant_median=low,angles_quant_max=low,1,1,2,597,0.22209821428571427,896,0.3333333333333333,896,0.3333333333333333,0.6662946428571429,1.9988839285714288,0.11098710317460317
RAW-FP-R01631,angles_quant_median=low,angles_range=low,1,1,2,597,0.22209821428571427,896,0.3333333333333333,896,0.3333333333333333,0.6662946428571429,1.9988839285714288,0.11098710317460317
RAW-FP-R01632,angles_range=low,angles_quant_median=low,1,1,2,597,0.22209821428571427,896,0.3333333333333333,896,0.3333333333333333,0.6662946428571429,1.9988839285714288,0.11098710317460317
RAW-FP-R01633,angles_range=medium,angles_mean=medium,1,1,2,597,0.22209821428571427,896,0.3333333333333333,896,0.3333333333333333,0.6662946428571429,1.9988839285714288,0.11098710317460317
RAW-FP-R01634,distance_geometry_2_2=high,distance_geometry_4_3=high,1,1,2,597,0.22209821428571427,896,0.3333333333333333,896,0.3333333333333333,0.6662946428571429,1.9988839285714288,0.11098710317460317
RAW-FP-R01635,distance_geometry_4_3=high,distance_geometry_2_2=high,1,1,2,597,0.22209821428571427,896,0.3333333333333333,896,0.3333333333333333,0.6662946428571429,1.9988839285714288,0.11098710317460317
RAW-FP-R01636,speed_progress_slope=low,angle_progress_slope=high,1,1,2,597,0.22209821428571427,896,0.3333333333333333,896,0.3333333333333333,0.6662946428571429,1.9988839285714288,0.11098710317460317
RAW-FP-R01637,angles_kurt=low,angles_quant_max=low,1,1,2,596,0.22172619047619047,896,0.3333333333333333,896,0.3333333333333333,0.6651785714285714,1.9955357142857142,0.11061507936507936
RAW-FP-R01638,angles_kurt=low,angles_range=low,1,1,2,596,0.22172619047619047,896,0.3333333333333333,896,0.3333333333333333,0.6651785714285714,1.9955357142857142,0.11061507936507936
RAW-FP-R01639,angles_quant_75=high,speed_mean_first_half=low,1,1,2,596,0.22172619047619047,896,0.3333333333333333,896,0.3333333333333333,0.6651785714285714,1.9955357142857142,0.11061507936507936
RAW-FP-R01640,angles_quant_max=low,angles_kurt=low,1,1,2,596,0.22172619047619047,896,0.3333333333333333,896,0.3333333333333333,0.6651785714285714,1.9955357142857142,0.11061507936507936
RAW-FP-R01641,angles_range=low,angles_kurt=low,1,1,2,596,0.22172619047619047,896,0.3333333333333333,896,0.3333333333333333,0.6651785714285714,1.9955357142857142,0.11061507936507936
RAW-FP-R01642,bbox_lon_span_deg=low,speed_quant_25=low,1,1,2,596,0.22172619047619047,896,0.3333333333333333,896,0.3333333333333333,0.6651785714285714,1.9955357142857142,0.11061507936507936
RAW-FP-R01643,net_displacement_m=low,speed_quant_05=low,1,1,2,596,0.22172619047619047,896,0.3333333333333333,896,0.3333333333333333,0.6651785714285714,1.9955357142857142,0.11061507936507936
RAW-FP-R01644,radius_of_gyration_m=high,speed_mean_second_half=high,1,1,2,596,0.22172619047619047,896,0.3333333333333333,896,0.3333333333333333,0.6651785714285714,1.9955357142857142,0.11061507936507936
RAW-FP-R01645,speed_mean_first_half=low,angles_quant_75=high,1,1,2,596,0.22172619047619047,896,0.3333333333333333,896,0.3333333333333333,0.6651785714285714,1.9955357142857142,0.11061507936507936
RAW-FP-R01646,speed_mean_second_half=high,radius_of_gyration_m=high,1,1,2,596,0.22172619047619047,896,0.3333333333333333,896,0.3333333333333333,0.6651785714285714,1.9955357142857142,0.11061507936507936
RAW-FP-R01647,speed_meanse=high,speed_quant_75=high,1,1,2,596,0.22172619047619047,896,0.3333333333333333,896,0.3333333333333333,0.6651785714285714,1.9955357142857142,0.11061507936507936
RAW-FP-R01648,speed_quant_05=low,net_displacement_m=low,1,1,2,596,0.22172619047619047,896,0.3333333333333333,896,0.3333333333333333,0.6651785714285714,1.9955357142857142,0.11061507936507936
RAW-FP-R01649,speed_quant_25=low,bbox_lon_span_deg=low,1,1,2,596,0.22172619047619047,896,0.3333333333333333,896,0.3333333333333333,0.6651785714285714,1.9955357142857142,0.11061507936507936
RAW-FP-R01650,speed_quant_75=high,speed_meanse=high,1,1,2,596,0.22172619047619047,896,0.3333333333333333,896,0.3333333333333333,0.6651785714285714,1.9955357142857142,0.11061507936507936
RAW-FP-R01651,speed_quant_75=high,speed_sd=high,1,1,2,596,0.22172619047619047,896,0.3333333333333333,896,0.3333333333333333,0.6651785714285714,1.9955357142857142,0.11061507936507936
RAW-FP-R01652,speed_sd=high,speed_quant_75=high,1,1,2,596,0.22172619047619047,896,0.3333333333333333,896,0.3333333333333333,0.6651785714285714,1.9955357142857142,0.11061507936507936
RAW-FP-R01653,angles_quant_95=low,distance_geometry_2_1=high,1,1,2,595,0.22135416666666666,896,0.3333333333333333,896,0.3333333333333333,0.6640625,1.9921875,0.11024305555555555
RAW-FP-R01654,bbox_diagonal_m=high,speed_quant_90=high,1,1,2,595,0.22135416666666666,896,0.3333333333333333,896,0.3333333333333333,0.6640625,1.9921875,0.11024305555555555
RAW-FP-R01655,distance_geometry_2_1=high,distance_geometry_5_1=high,1,1,2,595,0.22135416666666666,896,0.3333333333333333,896,0.3333333333333333,0.6640625,1.9921875,0.11024305555555555
RAW-FP-R01656,distance_geometry_2_1=high,angles_quant_95=low,1,1,2,595,0.22135416666666666,896,0.3333333333333333,896,0.3333333333333333,0.6640625,1.9921875,0.11024305555555555
RAW-FP-R01657,distance_geometry_5_1=high,distance_geometry_2_1=high,1,1,2,595,0.22135416666666666,896,0.3333333333333333,896,0.3333333333333333,0.6640625,1.9921875,0.11024305555555555
RAW-FP-R01658,mean_distance_to_centroid_m=low,speed_quant_95=low,1,1,2,595,0.22135416666666666,896,0.3333333333333333,896,0.3333333333333333,0.6640625,1.9921875,0.11024305555555555
RAW-FP-R01659,speed_quant_90=high,bbox_diagonal_m=high,1,1,2,595,0.22135416666666666,896,0.3333333333333333,896,0.3333333333333333,0.6640625,1.9921875,0.11024305555555555
RAW-FP-R01660,speed_quant_95=low,mean_distance_to_centroid_m=low,1,1,2,595,0.22135416666666666,896,0.3333333333333333,896,0.3333333333333333,0.6640625,1.9921875,0.11024305555555555
RAW-FP-R01661,bbox_lon_span_deg=high,bbox_area_km2=high,1,1,2,594,0.22098214285714285,895,0.33296130952380953,896,0.3333333333333333,0.6636871508379888,1.9910614525139665,0.10999503968253968
RAW-FP-R01662,bbox_area_km2=high,bbox_lon_span_deg=high,1,1,2,594,0.22098214285714285,896,0.3333333333333333,895,0.33296130952380953,0.6629464285714286,1.9910614525139665,0.10999503968253968
RAW-FP-R01663,acceleration_mean_second_half=low,acceleration_progress_slope=low,1,1,2,594,0.22098214285714285,896,0.3333333333333333,896,0.3333333333333333,0.6629464285714286,1.9888392857142858,0.10987103174603174
RAW-FP-R01664,acceleration_progress_slope=low,acceleration_mean_second_half=low,1,1,2,594,0.22098214285714285,896,0.3333333333333333,896,0.3333333333333333,0.6629464285714286,1.9888392857142858,0.10987103174603174
RAW-FP-R01665,angles_mean=high,speed_mean_first_half=low,1,1,2,594,0.22098214285714285,896,0.3333333333333333,896,0.3333333333333333,0.6629464285714286,1.9888392857142858,0.10987103174603174
RAW-FP-R01666,directness_ratio=high,distance_geometry_3_2=high,1,1,2,594,0.22098214285714285,896,0.3333333333333333,896,0.3333333333333333,0.6629464285714286,1.9888392857142858,0.10987103174603174
RAW-FP-R01667,distance_geometry_3_2=high,directness_ratio=high,1,1,2,594,0.22098214285714285,896,0.3333333333333333,896,0.3333333333333333,0.6629464285714286,1.9888392857142858,0.10987103174603174
RAW-FP-R01668,mean_distance_to_centroid_m=high,speed_quant_05=high,1,1,2,594,0.22098214285714285,896,0.3333333333333333,896,0.3333333333333333,0.6629464285714286,1.9888392857142858,0.10987103174603174
RAW-FP-R01669,speed_mean_first_half=low,angles_mean=high,1,1,2,594,0.22098214285714285,896,0.3333333333333333,896,0.3333333333333333,0.6629464285714286,1.9888392857142858,0.10987103174603174
RAW-FP-R01670,speed_quant_05=high,mean_distance_to_centroid_m=high,1,1,2,594,0.22098214285714285,896,0.3333333333333333,896,0.3333333333333333,0.6629464285714286,1.9888392857142858,0.10987103174603174
RAW-FP-R01671,speed_quant_25=low,speed_quant_90=low,1,1,2,594,0.22098214285714285,896,0.3333333333333333,896,0.3333333333333333,0.6629464285714286,1.9888392857142858,0.10987103174603174
RAW-FP-R01672,speed_quant_90=low,speed_quant_25=low,1,1,2,594,0.22098214285714285,896,0.3333333333333333,896,0.3333333333333333,0.6629464285714286,1.9888392857142858,0.10987103174603174
RAW-FP-R01673,acceleration_quant_05=medium,acceleration_quant_10=medium,1,1,2,593,0.22061011904761904,896,0.3333333333333333,896,0.3333333333333333,0.6618303571428571,1.9854910714285714,0.10949900793650794
RAW-FP-R01674,acceleration_quant_10=medium,acceleration_quant_05=medium,1,1,2,593,0.22061011904761904,896,0.3333333333333333,896,0.3333333333333333,0.6618303571428571,1.9854910714285714,0.10949900793650794
RAW-FP-R01675,acceleration_quant_95=high,speed_range=high,1,1,2,593,0.22061011904761904,896,0.3333333333333333,896,0.3333333333333333,0.6618303571428571,1.9854910714285714,0.10949900793650794
RAW-FP-R01676,bbox_area_km2=high,speed_mean_second_half=high,1,1,2,593,0.22061011904761904,896,0.3333333333333333,896,0.3333333333333333,0.6618303571428571,1.9854910714285714,0.10949900793650794
RAW-FP-R01677,distance_geometry_1_1=high,distance_geometry_3_2=high,1,1,2,593,0.22061011904761904,896,0.3333333333333333,896,0.3333333333333333,0.6618303571428571,1.9854910714285714,0.10949900793650794
RAW-FP-R01678,distance_geometry_3_2=high,distance_geometry_1_1=high,1,1,2,593,0.22061011904761904,896,0.3333333333333333,896,0.3333333333333333,0.6618303571428571,1.9854910714285714,0.10949900793650794
RAW-FP-R01679,mean_distance_to_centroid_m=high,speed_mean_second_half=high,1,1,2,593,0.22061011904761904,896,0.3333333333333333,896,0.3333333333333333,0.6618303571428571,1.9854910714285714,0.10949900793650794
RAW-FP-R01680,speed_mean_second_half=high,bbox_area_km2=high,1,1,2,593,0.22061011904761904,896,0.3333333333333333,896,0.3333333333333333,0.6618303571428571,1.9854910714285714,0.10949900793650794
RAW-FP-R01681,speed_mean_second_half=high,mean_distance_to_centroid_m=high,1,1,2,593,0.22061011904761904,896,0.3333333333333333,896,0.3333333333333333,0.6618303571428571,1.9854910714285714,0.10949900793650794
RAW-FP-R01682,speed_quant_median=low,speed_quant_min=low,1,1,2,593,0.22061011904761904,896,0.3333333333333333,896,0.3333333333333333,0.6618303571428571,1.9854910714285714,0.10949900793650794
RAW-FP-R01683,speed_quant_min=low,speed_quant_median=low,1,1,2,593,0.22061011904761904,896,0.3333333333333333,896,0.3333333333333333,0.6618303571428571,1.9854910714285714,0.10949900793650794
RAW-FP-R01684,speed_range=high,acceleration_quant_95=high,1,1,2,593,0.22061011904761904,896,0.3333333333333333,896,0.3333333333333333,0.6618303571428571,1.9854910714285714,0.10949900793650794
RAW-FP-R01685,bbox_lon_span_deg=high,speed_quant_10=high,1,1,2,592,0.22023809523809523,895,0.33296130952380953,896,0.3333333333333333,0.6614525139664804,1.9843575418994412,0.10925099206349206
RAW-FP-R01686,speed_quant_10=high,bbox_lon_span_deg=high,1,1,2,592,0.22023809523809523,896,0.3333333333333333,895,0.33296130952380953,0.6607142857142857,1.9843575418994412,0.10925099206349206
RAW-FP-R01687,sampling_gap_sd_seconds=high,duration_total_seconds=low,1,1,2,486,0.18080357142857142,724,0.2693452380952381,910,0.3385416666666667,0.6712707182320442,1.9828304292392689,0.08961898561507936
RAW-FP-R01688,sampling_gap_sd_seconds=high,sampling_gap_mean_seconds=low,1,1,2,486,0.18080357142857142,724,0.2693452380952381,910,0.3385416666666667,0.6712707182320442,1.9828304292392689,0.08961898561507936
RAW-FP-R01689,angles_meanse=low,distance_geometry_2_1=high,1,1,2,592,0.22023809523809523,896,0.3333333333333333,896,0.3333333333333333,0.6607142857142857,1.9821428571428572,0.10912698412698413
RAW-FP-R01690,angles_sd=low,distance_geometry_2_1=high,1,1,2,592,0.22023809523809523,896,0.3333333333333333,896,0.3333333333333333,0.6607142857142857,1.9821428571428572,0.10912698412698413
RAW-FP-R01691,bbox_area_km2=low,speed_quant_10=low,1,1,2,592,0.22023809523809523,896,0.3333333333333333,896,0.3333333333333333,0.6607142857142857,1.9821428571428572,0.10912698412698413
RAW-FP-R01692,bbox_area_km2=low,speed_quant_95=low,1,1,2,592,0.22023809523809523,896,0.3333333333333333,896,0.3333333333333333,0.6607142857142857,1.9821428571428572,0.10912698412698413
RAW-FP-R01693,directness_ratio=low,net_displacement_m=low,1,1,2,592,0.22023809523809523,896,0.3333333333333333,896,0.3333333333333333,0.6607142857142857,1.9821428571428572,0.10912698412698413
RAW-FP-R01694,distance_geometry_1_1=high,distance_geometry_2_1=high,1,1,2,592,0.22023809523809523,896,0.3333333333333333,896,0.3333333333333333,0.6607142857142857,1.9821428571428572,0.10912698412698413
RAW-FP-R01695,distance_geometry_1_1=low,net_displacement_m=low,1,1,2,592,0.22023809523809523,896,0.3333333333333333,896,0.3333333333333333,0.6607142857142857,1.9821428571428572,0.10912698412698413
RAW-FP-R01696,distance_geometry_2_1=high,distance_geometry_1_1=high,1,1,2,592,0.22023809523809523,896,0.3333333333333333,896,0.3333333333333333,0.6607142857142857,1.9821428571428572,0.10912698412698413
RAW-FP-R01697,distance_geometry_2_1=high,angles_meanse=low,1,1,2,592,0.22023809523809523,896,0.3333333333333333,896,0.3333333333333333,0.6607142857142857,1.9821428571428572,0.10912698412698413
RAW-FP-R01698,distance_geometry_2_1=high,angles_sd=low,1,1,2,592,0.22023809523809523,896,0.3333333333333333,896,0.3333333333333333,0.6607142857142857,1.9821428571428572,0.10912698412698413
RAW-FP-R01699,distance_geometry_2_2=low,distance_geometry_4_4=low,1,1,2,592,0.22023809523809523,896,0.3333333333333333,896,0.3333333333333333,0.6607142857142857,1.9821428571428572,0.10912698412698413
RAW-FP-R01700,distance_geometry_4_4=low,distance_geometry_2_2=low,1,1,2,592,0.22023809523809523,896,0.3333333333333333,896,0.3333333333333333,0.6607142857142857,1.9821428571428572,0.10912698412698413
RAW-FP-R01701,median_distance_to_centroid_m=high,speed_mean_first_half=high,1,1,2,592,0.22023809523809523,896,0.3333333333333333,896,0.3333333333333333,0.6607142857142857,1.9821428571428572,0.10912698412698413
RAW-FP-R01702,median_distance_to_centroid_m=low,speed_mean_second_half=low,1,1,2,592,0.22023809523809523,896,0.3333333333333333,896,0.3333333333333333,0.6607142857142857,1.9821428571428572,0.10912698412698413
RAW-FP-R01703,net_displacement_m=high,speed_quant_min=high,1,1,2,592,0.22023809523809523,896,0.3333333333333333,896,0.3333333333333333,0.6607142857142857,1.9821428571428572,0.10912698412698413
RAW-FP-R01704,net_displacement_m=low,directness_ratio=low,1,1,2,592,0.22023809523809523,896,0.3333333333333333,896,0.3333333333333333,0.6607142857142857,1.9821428571428572,0.10912698412698413
RAW-FP-R01705,net_displacement_m=low,distance_geometry_1_1=low,1,1,2,592,0.22023809523809523,896,0.3333333333333333,896,0.3333333333333333,0.6607142857142857,1.9821428571428572,0.10912698412698413
RAW-FP-R01706,path_length_m=high,speed_quant_05=high,1,1,2,592,0.22023809523809523,896,0.3333333333333333,896,0.3333333333333333,0.6607142857142857,1.9821428571428572,0.10912698412698413
RAW-FP-R01707,speed_mean=high,speed_quant_min=high,1,1,2,592,0.22023809523809523,896,0.3333333333333333,896,0.3333333333333333,0.6607142857142857,1.9821428571428572,0.10912698412698413
RAW-FP-R01708,speed_mean_first_half=high,median_distance_to_centroid_m=high,1,1,2,592,0.22023809523809523,896,0.3333333333333333,896,0.3333333333333333,0.6607142857142857,1.9821428571428572,0.10912698412698413
RAW-FP-R01709,speed_mean_second_half=low,median_distance_to_centroid_m=low,1,1,2,592,0.22023809523809523,896,0.3333333333333333,896,0.3333333333333333,0.6607142857142857,1.9821428571428572,0.10912698412698413
RAW-FP-R01710,speed_quant_05=high,path_length_m=high,1,1,2,592,0.22023809523809523,896,0.3333333333333333,896,0.3333333333333333,0.6607142857142857,1.9821428571428572,0.10912698412698413
RAW-FP-R01711,speed_quant_05=low,speed_quant_75=low,1,1,2,592,0.22023809523809523,896,0.3333333333333333,896,0.3333333333333333,0.6607142857142857,1.9821428571428572,0.10912698412698413
RAW-FP-R01712,speed_quant_10=low,bbox_area_km2=low,1,1,2,592,0.22023809523809523,896,0.3333333333333333,896,0.3333333333333333,0.6607142857142857,1.9821428571428572,0.10912698412698413
RAW-FP-R01713,speed_quant_75=low,speed_quant_05=low,1,1,2,592,0.22023809523809523,896,0.3333333333333333,896,0.3333333333333333,0.6607142857142857,1.9821428571428572,0.10912698412698413
RAW-FP-R01714,speed_quant_95=low,bbox_area_km2=low,1,1,2,592,0.22023809523809523,896,0.3333333333333333,896,0.3333333333333333,0.6607142857142857,1.9821428571428572,0.10912698412698413
RAW-FP-R01715,speed_quant_min=high,speed_mean=high,1,1,2,592,0.22023809523809523,896,0.3333333333333333,896,0.3333333333333333,0.6607142857142857,1.9821428571428572,0.10912698412698413
RAW-FP-R01716,speed_quant_min=high,net_displacement_m=high,1,1,2,592,0.22023809523809523,896,0.3333333333333333,896,0.3333333333333333,0.6607142857142857,1.9821428571428572,0.10912698412698413
RAW-FP-R01717,net_displacement_m=medium,path_length_m=medium,1,1,2,591,0.21986607142857142,896,0.3333333333333333,896,0.3333333333333333,0.6595982142857143,1.978794642857143,0.10875496031746032
RAW-FP-R01718,path_length_m=medium,net_displacement_m=medium,1,1,2,591,0.21986607142857142,896,0.3333333333333333,896,0.3333333333333333,0.6595982142857143,1.978794642857143,0.10875496031746032
RAW-FP-R01719,acceleration_quant_max=low,acceleration_skew=low,1,1,2,590,0.21949404761904762,896,0.3333333333333333,896,0.3333333333333333,0.6584821428571429,1.9754464285714288,0.10838293650793651
RAW-FP-R01720,acceleration_skew=low,acceleration_quant_max=low,1,1,2,590,0.21949404761904762,896,0.3333333333333333,896,0.3333333333333333,0.6584821428571429,1.9754464285714288,0.10838293650793651
RAW-FP-R01721,angles_quant_90=high,speed_mean_first_half=low,1,1,2,590,0.21949404761904762,896,0.3333333333333333,896,0.3333333333333333,0.6584821428571429,1.9754464285714288,0.10838293650793651
RAW-FP-R01722,bbox_area_km2=low,speed_mean_second_half=low,1,1,2,590,0.21949404761904762,896,0.3333333333333333,896,0.3333333333333333,0.6584821428571429,1.9754464285714288,0.10838293650793651
RAW-FP-R01723,distance_geometry_2_2=low,distance_geometry_4_3=low,1,1,2,590,0.21949404761904762,896,0.3333333333333333,896,0.3333333333333333,0.6584821428571429,1.9754464285714288,0.10838293650793651
RAW-FP-R01724,distance_geometry_4_3=low,distance_geometry_2_2=low,1,1,2,590,0.21949404761904762,896,0.3333333333333333,896,0.3333333333333333,0.6584821428571429,1.9754464285714288,0.10838293650793651
RAW-FP-R01725,mean_distance_to_centroid_m=low,speed_mean_first_half=low,1,1,2,590,0.21949404761904762,896,0.3333333333333333,896,0.3333333333333333,0.6584821428571429,1.9754464285714288,0.10838293650793651
RAW-FP-R01726,speed_mean_first_half=high,speed_quant_min=high,1,1,2,590,0.21949404761904762,896,0.3333333333333333,896,0.3333333333333333,0.6584821428571429,1.9754464285714288,0.10838293650793651
RAW-FP-R01727,speed_mean_first_half=low,angles_quant_90=high,1,1,2,590,0.21949404761904762,896,0.3333333333333333,896,0.3333333333333333,0.6584821428571429,1.9754464285714288,0.10838293650793651
RAW-FP-R01728,speed_mean_first_half=low,mean_distance_to_centroid_m=low,1,1,2,590,0.21949404761904762,896,0.3333333333333333,896,0.3333333333333333,0.6584821428571429,1.9754464285714288,0.10838293650793651
RAW-FP-R01729,speed_mean_second_half=low,bbox_area_km2=low,1,1,2,590,0.21949404761904762,896,0.3333333333333333,896,0.3333333333333333,0.6584821428571429,1.9754464285714288,0.10838293650793651
RAW-FP-R01730,speed_quant_median=high,speed_quant_min=high,1,1,2,590,0.21949404761904762,896,0.3333333333333333,896,0.3333333333333333,0.6584821428571429,1.9754464285714288,0.10838293650793651
RAW-FP-R01731,speed_quant_min=high,speed_mean_first_half=high,1,1,2,590,0.21949404761904762,896,0.3333333333333333,896,0.3333333333333333,0.6584821428571429,1.9754464285714288,0.10838293650793651
RAW-FP-R01732,speed_quant_min=high,speed_quant_median=high,1,1,2,590,0.21949404761904762,896,0.3333333333333333,896,0.3333333333333333,0.6584821428571429,1.9754464285714288,0.10838293650793651
RAW-FP-R01733,angles_iqr=low,speed_quant_min=high,1,1,2,589,0.2191220238095238,896,0.3333333333333333,896,0.3333333333333333,0.6573660714285714,1.9720982142857142,0.1080109126984127
RAW-FP-R01734,angles_quant_75=low,speed_mean=high,1,1,2,589,0.2191220238095238,896,0.3333333333333333,896,0.3333333333333333,0.6573660714285714,1.9720982142857142,0.1080109126984127
RAW-FP-R01735,angles_quant_max=low,speed_vcoef=low,1,1,2,589,0.2191220238095238,896,0.3333333333333333,896,0.3333333333333333,0.6573660714285714,1.9720982142857142,0.1080109126984127
RAW-FP-R01736,angles_range=low,speed_vcoef=low,1,1,2,589,0.2191220238095238,896,0.3333333333333333,896,0.3333333333333333,0.6573660714285714,1.9720982142857142,0.1080109126984127
RAW-FP-R01737,bbox_width_m=high,distance_geometry_1_1=high,1,1,2,589,0.2191220238095238,896,0.3333333333333333,896,0.3333333333333333,0.6573660714285714,1.9720982142857142,0.1080109126984127
RAW-FP-R01738,bbox_width_m=high,directness_ratio=high,1,1,2,589,0.2191220238095238,896,0.3333333333333333,896,0.3333333333333333,0.6573660714285714,1.9720982142857142,0.1080109126984127
RAW-FP-R01739,bbox_width_m=high,speed_mean_first_half=high,1,1,2,589,0.2191220238095238,896,0.3333333333333333,896,0.3333333333333333,0.6573660714285714,1.9720982142857142,0.1080109126984127
RAW-FP-R01740,directness_ratio=high,bbox_width_m=high,1,1,2,589,0.2191220238095238,896,0.3333333333333333,896,0.3333333333333333,0.6573660714285714,1.9720982142857142,0.1080109126984127
RAW-FP-R01741,directness_ratio=low,distance_geometry_3_2=low,1,1,2,589,0.2191220238095238,896,0.3333333333333333,896,0.3333333333333333,0.6573660714285714,1.9720982142857142,0.1080109126984127
RAW-FP-R01742,distance_geometry_1_1=high,bbox_width_m=high,1,1,2,589,0.2191220238095238,896,0.3333333333333333,896,0.3333333333333333,0.6573660714285714,1.9720982142857142,0.1080109126984127
RAW-FP-R01743,distance_geometry_3_2=low,directness_ratio=low,1,1,2,589,0.2191220238095238,896,0.3333333333333333,896,0.3333333333333333,0.6573660714285714,1.9720982142857142,0.1080109126984127
RAW-FP-R01744,max_distance_to_centroid_m=high,speed_mean_first_half=high,1,1,2,589,0.2191220238095238,896,0.3333333333333333,896,0.3333333333333333,0.6573660714285714,1.9720982142857142,0.1080109126984127
RAW-FP-R01745,speed_mean=high,angles_quant_75=low,1,1,2,589,0.2191220238095238,896,0.3333333333333333,896,0.3333333333333333,0.6573660714285714,1.9720982142857142,0.1080109126984127
RAW-FP-R01746,speed_mean_first_half=high,bbox_width_m=high,1,1,2,589,0.2191220238095238,896,0.3333333333333333,896,0.3333333333333333,0.6573660714285714,1.9720982142857142,0.1080109126984127
RAW-FP-R01747,speed_mean_first_half=high,max_distance_to_centroid_m=high,1,1,2,589,0.2191220238095238,896,0.3333333333333333,896,0.3333333333333333,0.6573660714285714,1.9720982142857142,0.1080109126984127
RAW-FP-R01748,speed_quant_min=high,angles_iqr=low,1,1,2,589,0.2191220238095238,896,0.3333333333333333,896,0.3333333333333333,0.6573660714285714,1.9720982142857142,0.1080109126984127
RAW-FP-R01749,speed_vcoef=low,angles_quant_max=low,1,1,2,589,0.2191220238095238,896,0.3333333333333333,896,0.3333333333333333,0.6573660714285714,1.9720982142857142,0.1080109126984127
RAW-FP-R01750,speed_vcoef=low,angles_range=low,1,1,2,589,0.2191220238095238,896,0.3333333333333333,896,0.3333333333333333,0.6573660714285714,1.9720982142857142,0.1080109126984127
RAW-FP-R01751,bbox_lon_span_deg=high,speed_quant_05=high,1,1,2,588,0.21875,895,0.33296130952380953,896,0.3333333333333333,0.6569832402234637,1.970949720670391,0.10776289682539683
RAW-FP-R01752,speed_quant_05=high,bbox_lon_span_deg=high,1,1,2,588,0.21875,896,0.3333333333333333,895,0.33296130952380953,0.65625,1.970949720670391,0.10776289682539683
RAW-FP-R01753,angles_quant_90=low,distance_geometry_2_1=high,1,1,2,588,0.21875,896,0.3333333333333333,896,0.3333333333333333,0.65625,1.96875,0.1076388888888889
RAW-FP-R01754,angles_quant_95=low,speed_vcoef=low,1,1,2,588,0.21875,896,0.3333333333333333,896,0.3333333333333333,0.65625,1.96875,0.1076388888888889
RAW-FP-R01755,bbox_diagonal_m=high,speed_quant_min=high,1,1,2,588,0.21875,896,0.3333333333333333,896,0.3333333333333333,0.65625,1.96875,0.1076388888888889
RAW-FP-R01756,directness_ratio=high,distance_geometry_2_1=high,1,1,2,588,0.21875,896,0.3333333333333333,896,0.3333333333333333,0.65625,1.96875,0.1076388888888889
RAW-FP-R01757,distance_geometry_2_1=high,directness_ratio=high,1,1,2,588,0.21875,896,0.3333333333333333,896,0.3333333333333333,0.65625,1.96875,0.1076388888888889
RAW-FP-R01758,distance_geometry_2_1=high,angles_quant_90=low,1,1,2,588,0.21875,896,0.3333333333333333,896,0.3333333333333333,0.65625,1.96875,0.1076388888888889
RAW-FP-R01759,max_distance_to_centroid_m=low,speed_quant_10=low,1,1,2,588,0.21875,896,0.3333333333333333,896,0.3333333333333333,0.65625,1.96875,0.1076388888888889
RAW-FP-R01760,speed_quant_10=low,max_distance_to_centroid_m=low,1,1,2,588,0.21875,896,0.3333333333333333,896,0.3333333333333333,0.65625,1.96875,0.1076388888888889
RAW-FP-R01761,speed_quant_min=high,bbox_diagonal_m=high,1,1,2,588,0.21875,896,0.3333333333333333,896,0.3333333333333333,0.65625,1.96875,0.1076388888888889
RAW-FP-R01762,speed_vcoef=low,angles_quant_95=low,1,1,2,588,0.21875,896,0.3333333333333333,896,0.3333333333333333,0.65625,1.96875,0.1076388888888889
RAW-FP-R01763,net_displacement_m=medium,bbox_lon_span_deg=medium,1,1,2,588,0.21875,896,0.3333333333333333,897,0.33370535714285715,0.65625,1.9665551839464883,0.10751488095238096
RAW-FP-R01764,bbox_lon_span_deg=medium,net_displacement_m=medium,1,1,2,588,0.21875,897,0.33370535714285715,896,0.3333333333333333,0.6555183946488294,1.9665551839464883,0.10751488095238096
RAW-FP-R01765,bbox_diagonal_m=low,speed_mean_first_half=low,1,1,2,587,0.2183779761904762,896,0.3333333333333333,896,0.3333333333333333,0.6551339285714286,1.9654017857142858,0.10726686507936509
RAW-FP-R01766,distance_geometry_1_1=low,distance_geometry_3_2=low,1,1,2,587,0.2183779761904762,896,0.3333333333333333,896,0.3333333333333333,0.6551339285714286,1.9654017857142858,0.10726686507936509
RAW-FP-R01767,distance_geometry_3_2=low,distance_geometry_1_1=low,1,1,2,587,0.2183779761904762,896,0.3333333333333333,896,0.3333333333333333,0.6551339285714286,1.9654017857142858,0.10726686507936509
RAW-FP-R01768,median_distance_to_centroid_m=low,speed_mean_first_half=low,1,1,2,587,0.2183779761904762,896,0.3333333333333333,896,0.3333333333333333,0.6551339285714286,1.9654017857142858,0.10726686507936509
RAW-FP-R01769,speed_mean_first_half=low,bbox_diagonal_m=low,1,1,2,587,0.2183779761904762,896,0.3333333333333333,896,0.3333333333333333,0.6551339285714286,1.9654017857142858,0.10726686507936509
RAW-FP-R01770,speed_mean_first_half=low,median_distance_to_centroid_m=low,1,1,2,587,0.2183779761904762,896,0.3333333333333333,896,0.3333333333333333,0.6551339285714286,1.9654017857142858,0.10726686507936509
RAW-FP-R01771,angles_meanse=high,speed_mean=low,1,1,2,586,0.21800595238095238,896,0.3333333333333333,896,0.3333333333333333,0.6540178571428571,1.9620535714285714,0.10689484126984128
RAW-FP-R01772,angles_quant_max=low,distance_geometry_2_1=high,1,1,2,586,0.21800595238095238,896,0.3333333333333333,896,0.3333333333333333,0.6540178571428571,1.9620535714285714,0.10689484126984128
RAW-FP-R01773,angles_range=low,distance_geometry_2_1=high,1,1,2,586,0.21800595238095238,896,0.3333333333333333,896,0.3333333333333333,0.6540178571428571,1.9620535714285714,0.10689484126984128
RAW-FP-R01774,angles_sd=high,speed_mean=low,1,1,2,586,0.21800595238095238,896,0.3333333333333333,896,0.3333333333333333,0.6540178571428571,1.9620535714285714,0.10689484126984128
RAW-FP-R01775,bbox_width_m=high,speed_mean=high,1,1,2,586,0.21800595238095238,896,0.3333333333333333,896,0.3333333333333333,0.6540178571428571,1.9620535714285714,0.10689484126984128
RAW-FP-R01776,distance_geometry_2_1=high,angles_quant_max=low,1,1,2,586,0.21800595238095238,896,0.3333333333333333,896,0.3333333333333333,0.6540178571428571,1.9620535714285714,0.10689484126984128
RAW-FP-R01777,distance_geometry_2_1=high,angles_range=low,1,1,2,586,0.21800595238095238,896,0.3333333333333333,896,0.3333333333333333,0.6540178571428571,1.9620535714285714,0.10689484126984128
RAW-FP-R01778,distance_geometry_2_2=high,distance_geometry_4_4=high,1,1,2,586,0.21800595238095238,896,0.3333333333333333,896,0.3333333333333333,0.6540178571428571,1.9620535714285714,0.10689484126984128
RAW-FP-R01779,distance_geometry_4_4=high,distance_geometry_2_2=high,1,1,2,586,0.21800595238095238,896,0.3333333333333333,896,0.3333333333333333,0.6540178571428571,1.9620535714285714,0.10689484126984128
RAW-FP-R01780,median_distance_to_centroid_m=high,speed_quant_05=high,1,1,2,586,0.21800595238095238,896,0.3333333333333333,896,0.3333333333333333,0.6540178571428571,1.9620535714285714,0.10689484126984128
RAW-FP-R01781,median_distance_to_centroid_m=low,speed_quant_90=low,1,1,2,586,0.21800595238095238,896,0.3333333333333333,896,0.3333333333333333,0.6540178571428571,1.9620535714285714,0.10689484126984128
RAW-FP-R01782,radius_of_gyration_m=low,speed_mean_first_half=low,1,1,2,586,0.21800595238095238,896,0.3333333333333333,896,0.3333333333333333,0.6540178571428571,1.9620535714285714,0.10689484126984128
RAW-FP-R01783,speed_mean=high,bbox_width_m=high,1,1,2,586,0.21800595238095238,896,0.3333333333333333,896,0.3333333333333333,0.6540178571428571,1.9620535714285714,0.10689484126984128
RAW-FP-R01784,speed_mean=low,angles_meanse=high,1,1,2,586,0.21800595238095238,896,0.3333333333333333,896,0.3333333333333333,0.6540178571428571,1.9620535714285714,0.10689484126984128
RAW-FP-R01785,speed_mean=low,angles_sd=high,1,1,2,586,0.21800595238095238,896,0.3333333333333333,896,0.3333333333333333,0.6540178571428571,1.9620535714285714,0.10689484126984128
RAW-FP-R01786,speed_mean_first_half=low,radius_of_gyration_m=low,1,1,2,586,0.21800595238095238,896,0.3333333333333333,896,0.3333333333333333,0.6540178571428571,1.9620535714285714,0.10689484126984128
RAW-FP-R01787,speed_mean_first_half=low,speed_quant_90=low,1,1,2,586,0.21800595238095238,896,0.3333333333333333,896,0.3333333333333333,0.6540178571428571,1.9620535714285714,0.10689484126984128
RAW-FP-R01788,speed_quant_05=high,median_distance_to_centroid_m=high,1,1,2,586,0.21800595238095238,896,0.3333333333333333,896,0.3333333333333333,0.6540178571428571,1.9620535714285714,0.10689484126984128
RAW-FP-R01789,speed_quant_90=low,median_distance_to_centroid_m=low,1,1,2,586,0.21800595238095238,896,0.3333333333333333,896,0.3333333333333333,0.6540178571428571,1.9620535714285714,0.10689484126984128
RAW-FP-R01790,speed_quant_90=low,speed_mean_first_half=low,1,1,2,586,0.21800595238095238,896,0.3333333333333333,896,0.3333333333333333,0.6540178571428571,1.9620535714285714,0.10689484126984128
RAW-FP-R01791,bbox_lon_span_deg=high,speed_quant_75=high,1,1,2,585,0.21763392857142858,895,0.33296130952380953,896,0.3333333333333333,0.6536312849162011,1.9608938547486034,0.1066468253968254
RAW-FP-R01792,speed_quant_75=high,bbox_lon_span_deg=high,1,1,2,585,0.21763392857142858,896,0.3333333333333333,895,0.33296130952380953,0.6529017857142857,1.9608938547486032,0.1066468253968254
RAW-FP-R01793,acceleration_mean=high,speed_mean_second_half=high,1,1,2,585,0.21763392857142858,896,0.3333333333333333,896,0.3333333333333333,0.6529017857142857,1.9587053571428572,0.10652281746031747
RAW-FP-R01794,bbox_diagonal_m=low,speed_quant_max=low,1,1,2,585,0.21763392857142858,896,0.3333333333333333,896,0.3333333333333333,0.6529017857142857,1.9587053571428572,0.10652281746031747
RAW-FP-R01795,distance_geometry_3_2=low,median_distance_to_centroid_m=low,1,1,2,585,0.21763392857142858,896,0.3333333333333333,896,0.3333333333333333,0.6529017857142857,1.9587053571428572,0.10652281746031747
RAW-FP-R01796,median_distance_to_centroid_m=low,distance_geometry_3_2=low,1,1,2,585,0.21763392857142858,896,0.3333333333333333,896,0.3333333333333333,0.6529017857142857,1.9587053571428572,0.10652281746031747
RAW-FP-R01797,speed_mean_second_half=high,acceleration_mean=high,1,1,2,585,0.21763392857142858,896,0.3333333333333333,896,0.3333333333333333,0.6529017857142857,1.9587053571428572,0.10652281746031747
RAW-FP-R01798,speed_quant_max=low,bbox_diagonal_m=low,1,1,2,585,0.21763392857142858,896,0.3333333333333333,896,0.3333333333333333,0.6529017857142857,1.9587053571428572,0.10652281746031747
RAW-FP-R01799,acceleration_meanse=medium,acceleration_range=medium,1,1,2,584,0.21726190476190477,896,0.3333333333333333,896,0.3333333333333333,0.6517857142857143,1.955357142857143,0.10615079365079366
RAW-FP-R01800,acceleration_range=medium,acceleration_meanse=medium,1,1,2,584,0.21726190476190477,896,0.3333333333333333,896,0.3333333333333333,0.6517857142857143,1.955357142857143,0.10615079365079366
RAW-FP-R01801,acceleration_range=medium,acceleration_sd=medium,1,1,2,584,0.21726190476190477,896,0.3333333333333333,896,0.3333333333333333,0.6517857142857143,1.955357142857143,0.10615079365079366
RAW-FP-R01802,acceleration_sd=medium,acceleration_range=medium,1,1,2,584,0.21726190476190477,896,0.3333333333333333,896,0.3333333333333333,0.6517857142857143,1.955357142857143,0.10615079365079366
RAW-FP-R01803,speed_mean=medium,speed_quant_90=medium,1,1,2,584,0.21726190476190477,896,0.3333333333333333,896,0.3333333333333333,0.6517857142857143,1.955357142857143,0.10615079365079366
RAW-FP-R01804,speed_quant_90=medium,speed_mean=medium,1,1,2,584,0.21726190476190477,896,0.3333333333333333,896,0.3333333333333333,0.6517857142857143,1.955357142857143,0.10615079365079366
RAW-FP-R01805,sampling_gap_sd_seconds=medium,angles_quant_10=high,1,1,2,285,0.10602678571428571,438,0.16294642857142858,896,0.3333333333333333,0.6506849315068494,1.9520547945205482,0.05171130952380952
RAW-FP-R01806,angles_mad=high,angles_quant_max=high,1,1,2,583,0.21688988095238096,896,0.3333333333333333,896,0.3333333333333333,0.6506696428571429,1.9520089285714288,0.10577876984126985
RAW-FP-R01807,angles_mean=high,radius_of_gyration_m=low,1,1,2,583,0.21688988095238096,896,0.3333333333333333,896,0.3333333333333333,0.6506696428571429,1.9520089285714288,0.10577876984126985
RAW-FP-R01808,angles_quant_max=high,angles_mad=high,1,1,2,583,0.21688988095238096,896,0.3333333333333333,896,0.3333333333333333,0.6506696428571429,1.9520089285714288,0.10577876984126985
RAW-FP-R01809,bbox_area_km2=high,speed_quant_95=high,1,1,2,583,0.21688988095238096,896,0.3333333333333333,896,0.3333333333333333,0.6506696428571429,1.9520089285714288,0.10577876984126985
RAW-FP-R01810,bbox_width_m=high,speed_quant_10=high,1,1,2,583,0.21688988095238096,896,0.3333333333333333,896,0.3333333333333333,0.6506696428571429,1.9520089285714288,0.10577876984126985
RAW-FP-R01811,bbox_width_m=low,speed_quant_25=low,1,1,2,583,0.21688988095238096,896,0.3333333333333333,896,0.3333333333333333,0.6506696428571429,1.9520089285714288,0.10577876984126985
RAW-FP-R01812,mean_distance_to_centroid_m=high,speed_quant_90=high,1,1,2,583,0.21688988095238096,896,0.3333333333333333,896,0.3333333333333333,0.6506696428571429,1.9520089285714288,0.10577876984126985
RAW-FP-R01813,radius_of_gyration_m=low,angles_mean=high,1,1,2,583,0.21688988095238096,896,0.3333333333333333,896,0.3333333333333333,0.6506696428571429,1.9520089285714288,0.10577876984126985
RAW-FP-R01814,speed_quant_10=high,bbox_width_m=high,1,1,2,583,0.21688988095238096,896,0.3333333333333333,896,0.3333333333333333,0.6506696428571429,1.9520089285714288,0.10577876984126985
RAW-FP-R01815,speed_quant_25=low,bbox_width_m=low,1,1,2,583,0.21688988095238096,896,0.3333333333333333,896,0.3333333333333333,0.6506696428571429,1.9520089285714288,0.10577876984126985
RAW-FP-R01816,speed_quant_90=high,mean_distance_to_centroid_m=high,1,1,2,583,0.21688988095238096,896,0.3333333333333333,896,0.3333333333333333,0.6506696428571429,1.9520089285714288,0.10577876984126985
RAW-FP-R01817,speed_quant_95=high,bbox_area_km2=high,1,1,2,583,0.21688988095238096,896,0.3333333333333333,896,0.3333333333333333,0.6506696428571429,1.9520089285714288,0.10577876984126985
RAW-FP-R01818,speed_quant_max=low,speed_quant_median=low,1,1,2,583,0.21688988095238096,896,0.3333333333333333,896,0.3333333333333333,0.6506696428571429,1.9520089285714288,0.10577876984126985
RAW-FP-R01819,speed_quant_median=low,speed_quant_max=low,1,1,2,583,0.21688988095238096,896,0.3333333333333333,896,0.3333333333333333,0.6506696428571429,1.9520089285714288,0.10577876984126985
RAW-FP-R01820,acceleration_iqr=low,acceleration_quant_min=high,1,1,2,582,0.21651785714285715,896,0.3333333333333333,896,0.3333333333333333,0.6495535714285714,1.9486607142857142,0.10540674603174605
RAW-FP-R01821,acceleration_quant_min=high,acceleration_iqr=low,1,1,2,582,0.21651785714285715,896,0.3333333333333333,896,0.3333333333333333,0.6495535714285714,1.9486607142857142,0.10540674603174605
RAW-FP-R01822,angles_mad=high,angles_range=high,1,1,2,582,0.21651785714285715,896,0.3333333333333333,896,0.3333333333333333,0.6495535714285714,1.9486607142857142,0.10540674603174605
RAW-FP-R01823,angles_mean=high,median_distance_to_centroid_m=low,1,1,2,582,0.21651785714285715,896,0.3333333333333333,896,0.3333333333333333,0.6495535714285714,1.9486607142857142,0.10540674603174605
RAW-FP-R01824,angles_range=high,angles_mad=high,1,1,2,582,0.21651785714285715,896,0.3333333333333333,896,0.3333333333333333,0.6495535714285714,1.9486607142857142,0.10540674603174605
RAW-FP-R01825,median_distance_to_centroid_m=low,angles_mean=high,1,1,2,582,0.21651785714285715,896,0.3333333333333333,896,0.3333333333333333,0.6495535714285714,1.9486607142857142,0.10540674603174605
RAW-FP-R01826,net_displacement_m=high,speed_mean_second_half=high,1,1,2,582,0.21651785714285715,896,0.3333333333333333,896,0.3333333333333333,0.6495535714285714,1.9486607142857142,0.10540674603174605
RAW-FP-R01827,path_length_m=low,speed_mean_first_half=low,1,1,2,582,0.21651785714285715,896,0.3333333333333333,896,0.3333333333333333,0.6495535714285714,1.9486607142857142,0.10540674603174605
RAW-FP-R01828,radius_of_gyration_m=high,speed_quant_min=high,1,1,2,582,0.21651785714285715,896,0.3333333333333333,896,0.3333333333333333,0.6495535714285714,1.9486607142857142,0.10540674603174605
RAW-FP-R01829,speed_mean_first_half=low,path_length_m=low,1,1,2,582,0.21651785714285715,896,0.3333333333333333,896,0.3333333333333333,0.6495535714285714,1.9486607142857142,0.10540674603174605
RAW-FP-R01830,speed_mean_second_half=high,net_displacement_m=high,1,1,2,582,0.21651785714285715,896,0.3333333333333333,896,0.3333333333333333,0.6495535714285714,1.9486607142857142,0.10540674603174605
RAW-FP-R01831,speed_mean_second_half=low,speed_quant_05=low,1,1,2,582,0.21651785714285715,896,0.3333333333333333,896,0.3333333333333333,0.6495535714285714,1.9486607142857142,0.10540674603174605
RAW-FP-R01832,speed_quant_05=low,speed_mean_second_half=low,1,1,2,582,0.21651785714285715,896,0.3333333333333333,896,0.3333333333333333,0.6495535714285714,1.9486607142857142,0.10540674603174605
RAW-FP-R01833,speed_quant_10=low,speed_vcoef=high,1,1,2,582,0.21651785714285715,896,0.3333333333333333,896,0.3333333333333333,0.6495535714285714,1.9486607142857142,0.10540674603174605
RAW-FP-R01834,speed_quant_min=high,radius_of_gyration_m=high,1,1,2,582,0.21651785714285715,896,0.3333333333333333,896,0.3333333333333333,0.6495535714285714,1.9486607142857142,0.10540674603174605
RAW-FP-R01835,speed_vcoef=high,speed_quant_10=low,1,1,2,582,0.21651785714285715,896,0.3333333333333333,896,0.3333333333333333,0.6495535714285714,1.9486607142857142,0.10540674603174605
RAW-FP-R01836,angles_0s=high,acceleration_quant_median=medium,1,1,2,574,0.21354166666666666,884,0.3288690476190476,896,0.3333333333333333,0.6493212669683258,1.9479638009049776,0.10391865079365079
RAW-FP-R01837,acceleration_quant_median=medium,angles_0s=high,1,1,2,574,0.21354166666666666,896,0.3333333333333333,884,0.3288690476190476,0.640625,1.9479638009049773,0.10391865079365079
RAW-FP-R01838,acceleration_meanse=low,acceleration_quant_90=low,1,1,2,581,0.21614583333333334,896,0.3333333333333333,896,0.3333333333333333,0.6484375,1.9453125,0.10503472222222224
RAW-FP-R01839,acceleration_quant_90=low,acceleration_sd=low,1,1,2,581,0.21614583333333334,896,0.3333333333333333,896,0.3333333333333333,0.6484375,1.9453125,0.10503472222222224
RAW-FP-R01840,acceleration_quant_90=low,acceleration_meanse=low,1,1,2,581,0.21614583333333334,896,0.3333333333333333,896,0.3333333333333333,0.6484375,1.9453125,0.10503472222222224
RAW-FP-R01841,acceleration_quant_median=high,angles_quant_05=high,1,1,2,581,0.21614583333333334,896,0.3333333333333333,896,0.3333333333333333,0.6484375,1.9453125,0.10503472222222224
RAW-FP-R01842,acceleration_sd=low,acceleration_quant_90=low,1,1,2,581,0.21614583333333334,896,0.3333333333333333,896,0.3333333333333333,0.6484375,1.9453125,0.10503472222222224
RAW-FP-R01843,angles_quant_05=high,acceleration_quant_median=high,1,1,2,581,0.21614583333333334,896,0.3333333333333333,896,0.3333333333333333,0.6484375,1.9453125,0.10503472222222224
RAW-FP-R01844,bbox_area_km2=high,speed_quant_10=high,1,1,2,581,0.21614583333333334,896,0.3333333333333333,896,0.3333333333333333,0.6484375,1.9453125,0.10503472222222224
RAW-FP-R01845,radius_of_gyration_m=high,speed_quant_90=high,1,1,2,581,0.21614583333333334,896,0.3333333333333333,896,0.3333333333333333,0.6484375,1.9453125,0.10503472222222224
RAW-FP-R01846,speed_quant_05=low,speed_vcoef=high,1,1,2,581,0.21614583333333334,896,0.3333333333333333,896,0.3333333333333333,0.6484375,1.9453125,0.10503472222222224
RAW-FP-R01847,speed_quant_10=high,bbox_area_km2=high,1,1,2,581,0.21614583333333334,896,0.3333333333333333,896,0.3333333333333333,0.6484375,1.9453125,0.10503472222222224
RAW-FP-R01848,speed_quant_90=high,radius_of_gyration_m=high,1,1,2,581,0.21614583333333334,896,0.3333333333333333,896,0.3333333333333333,0.6484375,1.9453125,0.10503472222222224
RAW-FP-R01849,speed_vcoef=high,speed_quant_05=low,1,1,2,581,0.21614583333333334,896,0.3333333333333333,896,0.3333333333333333,0.6484375,1.9453125,0.10503472222222224
RAW-FP-R01850,bbox_lon_span_deg=high,speed_quant_min=high,1,1,2,580,0.21577380952380953,895,0.33296130952380953,896,0.3333333333333333,0.6480446927374302,1.9441340782122905,0.10478670634920637
RAW-FP-R01851,speed_quant_min=high,bbox_lon_span_deg=high,1,1,2,580,0.21577380952380953,896,0.3333333333333333,895,0.33296130952380953,0.6473214285714286,1.9441340782122905,0.10478670634920637
RAW-FP-R01852,acceleration_kurt=low,acceleration_skew=low,1,1,2,580,0.21577380952380953,896,0.3333333333333333,896,0.3333333333333333,0.6473214285714286,1.9419642857142858,0.10466269841269843
RAW-FP-R01853,acceleration_skew=low,acceleration_kurt=low,1,1,2,580,0.21577380952380953,896,0.3333333333333333,896,0.3333333333333333,0.6473214285714286,1.9419642857142858,0.10466269841269843
RAW-FP-R01854,angle_progress_slope=high,speed_mean_half_diff=low,1,1,2,580,0.21577380952380953,896,0.3333333333333333,896,0.3333333333333333,0.6473214285714286,1.9419642857142858,0.10466269841269843
RAW-FP-R01855,angles_mean=low,distance_geometry_3_1=high,1,1,2,580,0.21577380952380953,896,0.3333333333333333,896,0.3333333333333333,0.6473214285714286,1.9419642857142858,0.10466269841269843
RAW-FP-R01856,angles_quant_median=high,speed_quant_median=low,1,1,2,580,0.21577380952380953,896,0.3333333333333333,896,0.3333333333333333,0.6473214285714286,1.9419642857142858,0.10466269841269843
RAW-FP-R01857,distance_geometry_2_1=low,distance_geometry_5_1=low,1,1,2,580,0.21577380952380953,896,0.3333333333333333,896,0.3333333333333333,0.6473214285714286,1.9419642857142858,0.10466269841269843
RAW-FP-R01858,distance_geometry_3_1=high,angles_mean=low,1,1,2,580,0.21577380952380953,896,0.3333333333333333,896,0.3333333333333333,0.6473214285714286,1.9419642857142858,0.10466269841269843
RAW-FP-R01859,distance_geometry_5_1=low,distance_geometry_2_1=low,1,1,2,580,0.21577380952380953,896,0.3333333333333333,896,0.3333333333333333,0.6473214285714286,1.9419642857142858,0.10466269841269843
RAW-FP-R01860,speed_iqr=medium,speed_sd=medium,1,1,2,580,0.21577380952380953,896,0.3333333333333333,896,0.3333333333333333,0.6473214285714286,1.9419642857142858,0.10466269841269843
RAW-FP-R01861,speed_iqr=medium,speed_meanse=medium,1,1,2,580,0.21577380952380953,896,0.3333333333333333,896,0.3333333333333333,0.6473214285714286,1.9419642857142858,0.10466269841269843
RAW-FP-R01862,speed_mean=low,speed_quant_min=low,1,1,2,580,0.21577380952380953,896,0.3333333333333333,896,0.3333333333333333,0.6473214285714286,1.9419642857142858,0.10466269841269843
RAW-FP-R01863,speed_mean_half_diff=low,angle_progress_slope=high,1,1,2,580,0.21577380952380953,896,0.3333333333333333,896,0.3333333333333333,0.6473214285714286,1.9419642857142858,0.10466269841269843
RAW-FP-R01864,speed_meanse=medium,speed_iqr=medium,1,1,2,580,0.21577380952380953,896,0.3333333333333333,896,0.3333333333333333,0.6473214285714286,1.9419642857142858,0.10466269841269843
RAW-FP-R01865,speed_quant_median=low,angles_quant_median=high,1,1,2,580,0.21577380952380953,896,0.3333333333333333,896,0.3333333333333333,0.6473214285714286,1.9419642857142858,0.10466269841269843
RAW-FP-R01866,speed_quant_min=low,speed_mean=low,1,1,2,580,0.21577380952380953,896,0.3333333333333333,896,0.3333333333333333,0.6473214285714286,1.9419642857142858,0.10466269841269843
RAW-FP-R01867,speed_sd=medium,speed_iqr=medium,1,1,2,580,0.21577380952380953,896,0.3333333333333333,896,0.3333333333333333,0.6473214285714286,1.9419642857142858,0.10466269841269843
RAW-FP-R01868,angles_mean=high,mean_distance_to_centroid_m=low,1,1,2,579,0.21540178571428573,896,0.3333333333333333,896,0.3333333333333333,0.6462053571428571,1.9386160714285714,0.10429067460317462
RAW-FP-R01869,mean_distance_to_centroid_m=low,angles_mean=high,1,1,2,579,0.21540178571428573,896,0.3333333333333333,896,0.3333333333333333,0.6462053571428571,1.9386160714285714,0.10429067460317462
RAW-FP-R01870,angles_mad=high,speed_quant_75=low,1,1,2,578,0.21502976190476192,896,0.3333333333333333,896,0.3333333333333333,0.6450892857142857,1.9352678571428572,0.10391865079365081
RAW-FP-R01871,angles_mean=high,speed_quant_75=low,1,1,2,578,0.21502976190476192,896,0.3333333333333333,896,0.3333333333333333,0.6450892857142857,1.9352678571428572,0.10391865079365081
RAW-FP-R01872,bbox_width_m=high,speed_quant_05=high,1,1,2,578,0.21502976190476192,896,0.3333333333333333,896,0.3333333333333333,0.6450892857142857,1.9352678571428572,0.10391865079365081
RAW-FP-R01873,directness_ratio=high,distance_geometry_4_3=high,1,1,2,578,0.21502976190476192,896,0.3333333333333333,896,0.3333333333333333,0.6450892857142857,1.9352678571428572,0.10391865079365081
RAW-FP-R01874,distance_geometry_4_3=high,directness_ratio=high,1,1,2,578,0.21502976190476192,896,0.3333333333333333,896,0.3333333333333333,0.6450892857142857,1.9352678571428572,0.10391865079365081
RAW-FP-R01875,speed_mad=low,speed_quant_90=low,1,1,2,578,0.21502976190476192,896,0.3333333333333333,896,0.3333333333333333,0.6450892857142857,1.9352678571428572,0.10391865079365081
RAW-FP-R01876,speed_quant_05=high,bbox_width_m=high,1,1,2,578,0.21502976190476192,896,0.3333333333333333,896,0.3333333333333333,0.6450892857142857,1.9352678571428572,0.10391865079365081
RAW-FP-R01877,speed_quant_75=low,angles_mean=high,1,1,2,578,0.21502976190476192,896,0.3333333333333333,896,0.3333333333333333,0.6450892857142857,1.9352678571428572,0.10391865079365081
RAW-FP-R01878,speed_quant_75=low,angles_mad=high,1,1,2,578,0.21502976190476192,896,0.3333333333333333,896,0.3333333333333333,0.6450892857142857,1.9352678571428572,0.10391865079365081
RAW-FP-R01879,speed_quant_90=low,speed_mad=low,1,1,2,578,0.21502976190476192,896,0.3333333333333333,896,0.3333333333333333,0.6450892857142857,1.9352678571428572,0.10391865079365081
RAW-FP-R01880,bbox_lon_span_deg=high,directness_ratio=high,1,1,2,577,0.21465773809523808,895,0.33296130952380953,896,0.3333333333333333,0.6446927374301676,1.934078212290503,0.10367063492063491
RAW-FP-R01881,bbox_lon_span_deg=high,distance_geometry_1_1=high,1,1,2,577,0.21465773809523808,895,0.33296130952380953,896,0.3333333333333333,0.6446927374301676,1.934078212290503,0.10367063492063491
RAW-FP-R01882,directness_ratio=high,bbox_lon_span_deg=high,1,1,2,577,0.21465773809523808,896,0.3333333333333333,895,0.33296130952380953,0.6439732142857143,1.9340782122905027,0.10367063492063491
RAW-FP-R01883,distance_geometry_1_1=high,bbox_lon_span_deg=high,1,1,2,577,0.21465773809523808,896,0.3333333333333333,895,0.33296130952380953,0.6439732142857143,1.9340782122905027,0.10367063492063491
RAW-FP-R01884,acceleration_quant_05=high,acceleration_quant_25=high,1,1,2,577,0.21465773809523808,896,0.3333333333333333,896,0.3333333333333333,0.6439732142857143,1.931919642857143,0.10354662698412698
RAW-FP-R01885,acceleration_quant_25=high,acceleration_quant_05=high,1,1,2,577,0.21465773809523808,896,0.3333333333333333,896,0.3333333333333333,0.6439732142857143,1.931919642857143,0.10354662698412698
RAW-FP-R01886,angles_mad=low,speed_quant_25=high,1,1,2,577,0.21465773809523808,896,0.3333333333333333,896,0.3333333333333333,0.6439732142857143,1.931919642857143,0.10354662698412698
RAW-FP-R01887,angles_mean=low,speed_vcoef=low,1,1,2,577,0.21465773809523808,896,0.3333333333333333,896,0.3333333333333333,0.6439732142857143,1.931919642857143,0.10354662698412698
RAW-FP-R01888,angles_quant_90=high,median_distance_to_centroid_m=low,1,1,2,577,0.21465773809523808,896,0.3333333333333333,896,0.3333333333333333,0.6439732142857143,1.931919642857143,0.10354662698412698
RAW-FP-R01889,angles_quant_90=low,speed_quant_median=high,1,1,2,577,0.21465773809523808,896,0.3333333333333333,896,0.3333333333333333,0.6439732142857143,1.931919642857143,0.10354662698412698
RAW-FP-R01890,distance_geometry_5_3=low,median_distance_to_centroid_m=low,1,1,2,577,0.21465773809523808,896,0.3333333333333333,896,0.3333333333333333,0.6439732142857143,1.931919642857143,0.10354662698412698
RAW-FP-R01891,median_distance_to_centroid_m=low,angles_quant_90=high,1,1,2,577,0.21465773809523808,896,0.3333333333333333,896,0.3333333333333333,0.6439732142857143,1.931919642857143,0.10354662698412698
RAW-FP-R01892,median_distance_to_centroid_m=low,distance_geometry_5_3=low,1,1,2,577,0.21465773809523808,896,0.3333333333333333,896,0.3333333333333333,0.6439732142857143,1.931919642857143,0.10354662698412698
RAW-FP-R01893,speed_quant_25=high,angles_mad=low,1,1,2,577,0.21465773809523808,896,0.3333333333333333,896,0.3333333333333333,0.6439732142857143,1.931919642857143,0.10354662698412698
RAW-FP-R01894,speed_quant_median=high,angles_quant_90=low,1,1,2,577,0.21465773809523808,896,0.3333333333333333,896,0.3333333333333333,0.6439732142857143,1.931919642857143,0.10354662698412698
RAW-FP-R01895,speed_vcoef=low,angles_mean=low,1,1,2,577,0.21465773809523808,896,0.3333333333333333,896,0.3333333333333333,0.6439732142857143,1.931919642857143,0.10354662698412698
RAW-FP-R01896,angles_quant_75=medium,angles_quant_median=medium,1,1,2,576,0.21428571428571427,896,0.3333333333333333,896,0.3333333333333333,0.6428571428571429,1.9285714285714288,0.10317460317460317
RAW-FP-R01897,angles_quant_max=high,angles_quant_median=high,1,1,2,576,0.21428571428571427,896,0.3333333333333333,896,0.3333333333333333,0.6428571428571429,1.9285714285714288,0.10317460317460317
RAW-FP-R01898,angles_quant_median=high,angles_quant_max=high,1,1,2,576,0.21428571428571427,896,0.3333333333333333,896,0.3333333333333333,0.6428571428571429,1.9285714285714288,0.10317460317460317
RAW-FP-R01899,angles_quant_median=medium,angles_quant_75=medium,1,1,2,576,0.21428571428571427,896,0.3333333333333333,896,0.3333333333333333,0.6428571428571429,1.9285714285714288,0.10317460317460317
RAW-FP-R01900,bbox_area_km2=high,bbox_width_m=high,1,1,2,576,0.21428571428571427,896,0.3333333333333333,896,0.3333333333333333,0.6428571428571429,1.9285714285714288,0.10317460317460317
RAW-FP-R01901,bbox_width_m=high,bbox_area_km2=high,1,1,2,576,0.21428571428571427,896,0.3333333333333333,896,0.3333333333333333,0.6428571428571429,1.9285714285714288,0.10317460317460317
RAW-FP-R01902,distance_geometry_3_1=high,distance_geometry_5_2=high,1,1,2,576,0.21428571428571427,896,0.3333333333333333,896,0.3333333333333333,0.6428571428571429,1.9285714285714288,0.10317460317460317
RAW-FP-R01903,distance_geometry_5_2=high,distance_geometry_3_1=high,1,1,2,576,0.21428571428571427,896,0.3333333333333333,896,0.3333333333333333,0.6428571428571429,1.9285714285714288,0.10317460317460317
RAW-FP-R01904,path_length_m=high,speed_quant_max=high,1,1,2,576,0.21428571428571427,896,0.3333333333333333,896,0.3333333333333333,0.6428571428571429,1.9285714285714288,0.10317460317460317
RAW-FP-R01905,path_length_m=low,speed_quant_05=low,1,1,2,576,0.21428571428571427,896,0.3333333333333333,896,0.3333333333333333,0.6428571428571429,1.9285714285714288,0.10317460317460317
RAW-FP-R01906,radius_of_gyration_m=low,speed_quant_min=low,1,1,2,576,0.21428571428571427,896,0.3333333333333333,896,0.3333333333333333,0.6428571428571429,1.9285714285714288,0.10317460317460317
RAW-FP-R01907,speed_quant_05=low,path_length_m=low,1,1,2,576,0.21428571428571427,896,0.3333333333333333,896,0.3333333333333333,0.6428571428571429,1.9285714285714288,0.10317460317460317
RAW-FP-R01908,speed_quant_max=high,path_length_m=high,1,1,2,576,0.21428571428571427,896,0.3333333333333333,896,0.3333333333333333,0.6428571428571429,1.9285714285714288,0.10317460317460317
RAW-FP-R01909,speed_quant_min=low,radius_of_gyration_m=low,1,1,2,576,0.21428571428571427,896,0.3333333333333333,896,0.3333333333333333,0.6428571428571429,1.9285714285714288,0.10317460317460317
RAW-FP-R01910,angles_kurt=low,angles_vcoef=low,1,1,2,575,0.21391369047619047,896,0.3333333333333333,896,0.3333333333333333,0.6417410714285714,1.9252232142857142,0.10280257936507936
RAW-FP-R01911,angles_quant_max=high,speed_quant_median=low,1,1,2,575,0.21391369047619047,896,0.3333333333333333,896,0.3333333333333333,0.6417410714285714,1.9252232142857142,0.10280257936507936
RAW-FP-R01912,angles_quant_median=high,angles_range=high,1,1,2,575,0.21391369047619047,896,0.3333333333333333,896,0.3333333333333333,0.6417410714285714,1.9252232142857142,0.10280257936507936
RAW-FP-R01913,angles_range=high,speed_quant_median=low,1,1,2,575,0.21391369047619047,896,0.3333333333333333,896,0.3333333333333333,0.6417410714285714,1.9252232142857142,0.10280257936507936
RAW-FP-R01914,angles_range=high,angles_quant_median=high,1,1,2,575,0.21391369047619047,896,0.3333333333333333,896,0.3333333333333333,0.6417410714285714,1.9252232142857142,0.10280257936507936
RAW-FP-R01915,angles_vcoef=low,angles_kurt=low,1,1,2,575,0.21391369047619047,896,0.3333333333333333,896,0.3333333333333333,0.6417410714285714,1.9252232142857142,0.10280257936507936
RAW-FP-R01916,distance_geometry_1_1=high,distance_geometry_4_3=high,1,1,2,575,0.21391369047619047,896,0.3333333333333333,896,0.3333333333333333,0.6417410714285714,1.9252232142857142,0.10280257936507936
RAW-FP-R01917,distance_geometry_3_2=medium,distance_geometry_5_3=medium,1,1,2,575,0.21391369047619047,896,0.3333333333333333,896,0.3333333333333333,0.6417410714285714,1.9252232142857142,0.10280257936507936
RAW-FP-R01918,distance_geometry_4_2=high,distance_geometry_5_3=high,1,1,2,575,0.21391369047619047,896,0.3333333333333333,896,0.3333333333333333,0.6417410714285714,1.9252232142857142,0.10280257936507936
RAW-FP-R01919,distance_geometry_4_3=high,distance_geometry_1_1=high,1,1,2,575,0.21391369047619047,896,0.3333333333333333,896,0.3333333333333333,0.6417410714285714,1.9252232142857142,0.10280257936507936
RAW-FP-R01920,distance_geometry_5_3=high,distance_geometry_4_2=high,1,1,2,575,0.21391369047619047,896,0.3333333333333333,896,0.3333333333333333,0.6417410714285714,1.9252232142857142,0.10280257936507936
RAW-FP-R01921,distance_geometry_5_3=medium,distance_geometry_3_2=medium,1,1,2,575,0.21391369047619047,896,0.3333333333333333,896,0.3333333333333333,0.6417410714285714,1.9252232142857142,0.10280257936507936
RAW-FP-R01922,mean_distance_to_centroid_m=high,speed_quant_min=high,1,1,2,575,0.21391369047619047,896,0.3333333333333333,896,0.3333333333333333,0.6417410714285714,1.9252232142857142,0.10280257936507936
RAW-FP-R01923,median_distance_to_centroid_m=high,speed_mean_second_half=high,1,1,2,575,0.21391369047619047,896,0.3333333333333333,896,0.3333333333333333,0.6417410714285714,1.9252232142857142,0.10280257936507936
RAW-FP-R01924,speed_mean_second_half=high,median_distance_to_centroid_m=high,1,1,2,575,0.21391369047619047,896,0.3333333333333333,896,0.3333333333333333,0.6417410714285714,1.9252232142857142,0.10280257936507936
RAW-FP-R01925,speed_quant_median=low,angles_quant_max=high,1,1,2,575,0.21391369047619047,896,0.3333333333333333,896,0.3333333333333333,0.6417410714285714,1.9252232142857142,0.10280257936507936
RAW-FP-R01926,speed_quant_median=low,angles_range=high,1,1,2,575,0.21391369047619047,896,0.3333333333333333,896,0.3333333333333333,0.6417410714285714,1.9252232142857142,0.10280257936507936
RAW-FP-R01927,speed_quant_min=high,mean_distance_to_centroid_m=high,1,1,2,575,0.21391369047619047,896,0.3333333333333333,896,0.3333333333333333,0.6417410714285714,1.9252232142857142,0.10280257936507936
RAW-FP-R01928,bbox_lon_span_deg=medium,bbox_diagonal_m=medium,1,1,2,575,0.21391369047619047,897,0.33370535714285715,896,0.3333333333333333,0.6410256410256411,1.9230769230769234,0.10267857142857142
RAW-FP-R01929,bbox_diagonal_m=medium,bbox_lon_span_deg=medium,1,1,2,575,0.21391369047619047,896,0.3333333333333333,897,0.33370535714285715,0.6417410714285714,1.923076923076923,0.10267857142857142
RAW-FP-R01930,acceleration_mean_first_half=high,speed_quant_median=high,1,1,2,574,0.21354166666666666,896,0.3333333333333333,896,0.3333333333333333,0.640625,1.921875,0.10243055555555555
RAW-FP-R01931,angles_mean=low,speed_quant_median=high,1,1,2,574,0.21354166666666666,896,0.3333333333333333,896,0.3333333333333333,0.640625,1.921875,0.10243055555555555
RAW-FP-R01932,bbox_area_km2=low,speed_quant_05=low,1,1,2,574,0.21354166666666666,896,0.3333333333333333,896,0.3333333333333333,0.640625,1.921875,0.10243055555555555
RAW-FP-R01933,max_distance_to_centroid_m=medium,median_distance_to_centroid_m=medium,1,1,2,574,0.21354166666666666,896,0.3333333333333333,896,0.3333333333333333,0.640625,1.921875,0.10243055555555555
RAW-FP-R01934,median_distance_to_centroid_m=medium,max_distance_to_centroid_m=medium,1,1,2,574,0.21354166666666666,896,0.3333333333333333,896,0.3333333333333333,0.640625,1.921875,0.10243055555555555
RAW-FP-R01935,speed_iqr=low,speed_quant_90=low,1,1,2,574,0.21354166666666666,896,0.3333333333333333,896,0.3333333333333333,0.640625,1.921875,0.10243055555555555
RAW-FP-R01936,speed_mean=medium,speed_quant_25=medium,1,1,2,574,0.21354166666666666,896,0.3333333333333333,896,0.3333333333333333,0.640625,1.921875,0.10243055555555555
RAW-FP-R01937,speed_quant_05=low,bbox_area_km2=low,1,1,2,574,0.21354166666666666,896,0.3333333333333333,896,0.3333333333333333,0.640625,1.921875,0.10243055555555555
RAW-FP-R01938,speed_quant_25=medium,speed_mean=medium,1,1,2,574,0.21354166666666666,896,0.3333333333333333,896,0.3333333333333333,0.640625,1.921875,0.10243055555555555
RAW-FP-R01939,speed_quant_90=low,speed_iqr=low,1,1,2,574,0.21354166666666666,896,0.3333333333333333,896,0.3333333333333333,0.640625,1.921875,0.10243055555555555
RAW-FP-R01940,speed_quant_max=medium,speed_range=medium,1,1,2,574,0.21354166666666666,896,0.3333333333333333,896,0.3333333333333333,0.640625,1.921875,0.10243055555555555
RAW-FP-R01941,speed_quant_median=high,acceleration_mean_first_half=high,1,1,2,574,0.21354166666666666,896,0.3333333333333333,896,0.3333333333333333,0.640625,1.921875,0.10243055555555555
RAW-FP-R01942,speed_quant_median=high,angles_mean=low,1,1,2,574,0.21354166666666666,896,0.3333333333333333,896,0.3333333333333333,0.640625,1.921875,0.10243055555555555
RAW-FP-R01943,speed_range=medium,speed_quant_max=medium,1,1,2,574,0.21354166666666666,896,0.3333333333333333,896,0.3333333333333333,0.640625,1.921875,0.10243055555555555
RAW-FP-R01944,acceleration_mean_first_half=high,acceleration_progress_slope=low,1,1,2,573,0.21316964285714285,896,0.3333333333333333,896,0.3333333333333333,0.6395089285714286,1.9185267857142858,0.10205853174603174
RAW-FP-R01945,acceleration_mean_second_half=high,speed_progress_slope=high,1,1,2,573,0.21316964285714285,896,0.3333333333333333,896,0.3333333333333333,0.6395089285714286,1.9185267857142858,0.10205853174603174
RAW-FP-R01946,acceleration_progress_slope=low,acceleration_mean_first_half=high,1,1,2,573,0.21316964285714285,896,0.3333333333333333,896,0.3333333333333333,0.6395089285714286,1.9185267857142858,0.10205853174603174
RAW-FP-R01947,angles_mean=high,bbox_diagonal_m=low,1,1,2,573,0.21316964285714285,896,0.3333333333333333,896,0.3333333333333333,0.6395089285714286,1.9185267857142858,0.10205853174603174
RAW-FP-R01948,angles_quant_25=high,angles_quant_median=high,1,1,2,573,0.21316964285714285,896,0.3333333333333333,896,0.3333333333333333,0.6395089285714286,1.9185267857142858,0.10205853174603174
RAW-FP-R01949,angles_quant_median=high,angles_quant_25=high,1,1,2,573,0.21316964285714285,896,0.3333333333333333,896,0.3333333333333333,0.6395089285714286,1.9185267857142858,0.10205853174603174
RAW-FP-R01950,angles_quant_median=high,speed_mean=low,1,1,2,573,0.21316964285714285,896,0.3333333333333333,896,0.3333333333333333,0.6395089285714286,1.9185267857142858,0.10205853174603174
RAW-FP-R01951,bbox_diagonal_m=low,angles_mean=high,1,1,2,573,0.21316964285714285,896,0.3333333333333333,896,0.3333333333333333,0.6395089285714286,1.9185267857142858,0.10205853174603174
RAW-FP-R01952,bbox_lon_span_deg=low,speed_mean_first_half=low,1,1,2,573,0.21316964285714285,896,0.3333333333333333,896,0.3333333333333333,0.6395089285714286,1.9185267857142858,0.10205853174603174
RAW-FP-R01953,bbox_width_m=high,speed_quant_min=high,1,1,2,573,0.21316964285714285,896,0.3333333333333333,896,0.3333333333333333,0.6395089285714286,1.9185267857142858,0.10205853174603174
RAW-FP-R01954,speed_mean=low,angles_quant_median=high,1,1,2,573,0.21316964285714285,896,0.3333333333333333,896,0.3333333333333333,0.6395089285714286,1.9185267857142858,0.10205853174603174
RAW-FP-R01955,speed_mean_first_half=low,bbox_lon_span_deg=low,1,1,2,573,0.21316964285714285,896,0.3333333333333333,896,0.3333333333333333,0.6395089285714286,1.9185267857142858,0.10205853174603174
RAW-FP-R01956,speed_progress_slope=high,acceleration_mean_second_half=high,1,1,2,573,0.21316964285714285,896,0.3333333333333333,896,0.3333333333333333,0.6395089285714286,1.9185267857142858,0.10205853174603174
RAW-FP-R01957,speed_quant_min=high,bbox_width_m=high,1,1,2,573,0.21316964285714285,896,0.3333333333333333,896,0.3333333333333333,0.6395089285714286,1.9185267857142858,0.10205853174603174
RAW-FP-R01958,acceleration_vcoef=medium,acceleration_mean=medium,1,1,2,572,0.21279761904761904,895,0.33296130952380953,896,0.3333333333333333,0.6391061452513966,1.91731843575419,0.10181051587301587
RAW-FP-R01959,acceleration_mean=medium,acceleration_vcoef=medium,1,1,2,572,0.21279761904761904,896,0.3333333333333333,895,0.33296130952380953,0.6383928571428571,1.9173184357541897,0.10181051587301587
RAW-FP-R01960,angles_mean=high,net_displacement_m=low,1,1,2,572,0.21279761904761904,896,0.3333333333333333,896,0.3333333333333333,0.6383928571428571,1.9151785714285714,0.10168650793650794
RAW-FP-R01961,angles_meanse=high,radius_of_gyration_m=low,1,1,2,572,0.21279761904761904,896,0.3333333333333333,896,0.3333333333333333,0.6383928571428571,1.9151785714285714,0.10168650793650794
RAW-FP-R01962,angles_meanse=low,distance_geometry_3_1=high,1,1,2,572,0.21279761904761904,896,0.3333333333333333,896,0.3333333333333333,0.6383928571428571,1.9151785714285714,0.10168650793650794
RAW-FP-R01963,angles_quant_90=high,mean_distance_to_centroid_m=low,1,1,2,572,0.21279761904761904,896,0.3333333333333333,896,0.3333333333333333,0.6383928571428571,1.9151785714285714,0.10168650793650794
RAW-FP-R01964,angles_quant_95=low,distance_geometry_3_1=high,1,1,2,572,0.21279761904761904,896,0.3333333333333333,896,0.3333333333333333,0.6383928571428571,1.9151785714285714,0.10168650793650794
RAW-FP-R01965,angles_quant_95=low,speed_quant_median=high,1,1,2,572,0.21279761904761904,896,0.3333333333333333,896,0.3333333333333333,0.6383928571428571,1.9151785714285714,0.10168650793650794
RAW-FP-R01966,angles_sd=high,radius_of_gyration_m=low,1,1,2,572,0.21279761904761904,896,0.3333333333333333,896,0.3333333333333333,0.6383928571428571,1.9151785714285714,0.10168650793650794
RAW-FP-R01967,angles_sd=low,distance_geometry_3_1=high,1,1,2,572,0.21279761904761904,896,0.3333333333333333,896,0.3333333333333333,0.6383928571428571,1.9151785714285714,0.10168650793650794
RAW-FP-R01968,bbox_lon_span_deg=low,speed_quant_10=low,1,1,2,572,0.21279761904761904,896,0.3333333333333333,896,0.3333333333333333,0.6383928571428571,1.9151785714285714,0.10168650793650794
RAW-FP-R01969,bbox_lon_span_deg=low,speed_quant_90=low,1,1,2,572,0.21279761904761904,896,0.3333333333333333,896,0.3333333333333333,0.6383928571428571,1.9151785714285714,0.10168650793650794
RAW-FP-R01970,distance_geometry_3_1=high,angles_quant_95=low,1,1,2,572,0.21279761904761904,896,0.3333333333333333,896,0.3333333333333333,0.6383928571428571,1.9151785714285714,0.10168650793650794
RAW-FP-R01971,distance_geometry_3_1=high,angles_sd=low,1,1,2,572,0.21279761904761904,896,0.3333333333333333,896,0.3333333333333333,0.6383928571428571,1.9151785714285714,0.10168650793650794
RAW-FP-R01972,distance_geometry_3_1=high,angles_meanse=low,1,1,2,572,0.21279761904761904,896,0.3333333333333333,896,0.3333333333333333,0.6383928571428571,1.9151785714285714,0.10168650793650794
RAW-FP-R01973,max_distance_to_centroid_m=low,speed_quant_05=low,1,1,2,572,0.21279761904761904,896,0.3333333333333333,896,0.3333333333333333,0.6383928571428571,1.9151785714285714,0.10168650793650794
RAW-FP-R01974,mean_distance_to_centroid_m=low,angles_quant_90=high,1,1,2,572,0.21279761904761904,896,0.3333333333333333,896,0.3333333333333333,0.6383928571428571,1.9151785714285714,0.10168650793650794
RAW-FP-R01975,net_displacement_m=high,speed_quant_90=high,1,1,2,572,0.21279761904761904,896,0.3333333333333333,896,0.3333333333333333,0.6383928571428571,1.9151785714285714,0.10168650793650794
RAW-FP-R01976,net_displacement_m=low,angles_mean=high,1,1,2,572,0.21279761904761904,896,0.3333333333333333,896,0.3333333333333333,0.6383928571428571,1.9151785714285714,0.10168650793650794
RAW-FP-R01977,radius_of_gyration_m=low,angles_meanse=high,1,1,2,572,0.21279761904761904,896,0.3333333333333333,896,0.3333333333333333,0.6383928571428571,1.9151785714285714,0.10168650793650794
RAW-FP-R01978,radius_of_gyration_m=low,angles_sd=high,1,1,2,572,0.21279761904761904,896,0.3333333333333333,896,0.3333333333333333,0.6383928571428571,1.9151785714285714,0.10168650793650794
RAW-FP-R01979,speed_quant_05=low,max_distance_to_centroid_m=low,1,1,2,572,0.21279761904761904,896,0.3333333333333333,896,0.3333333333333333,0.6383928571428571,1.9151785714285714,0.10168650793650794
RAW-FP-R01980,speed_quant_10=high,speed_quant_75=high,1,1,2,572,0.21279761904761904,896,0.3333333333333333,896,0.3333333333333333,0.6383928571428571,1.9151785714285714,0.10168650793650794
RAW-FP-R01981,speed_quant_10=low,bbox_lon_span_deg=low,1,1,2,572,0.21279761904761904,896,0.3333333333333333,896,0.3333333333333333,0.6383928571428571,1.9151785714285714,0.10168650793650794
RAW-FP-R01982,speed_quant_75=high,speed_quant_10=high,1,1,2,572,0.21279761904761904,896,0.3333333333333333,896,0.3333333333333333,0.6383928571428571,1.9151785714285714,0.10168650793650794
RAW-FP-R01983,speed_quant_90=high,net_displacement_m=high,1,1,2,572,0.21279761904761904,896,0.3333333333333333,896,0.3333333333333333,0.6383928571428571,1.9151785714285714,0.10168650793650794
RAW-FP-R01984,speed_quant_90=low,bbox_lon_span_deg=low,1,1,2,572,0.21279761904761904,896,0.3333333333333333,896,0.3333333333333333,0.6383928571428571,1.9151785714285714,0.10168650793650794
RAW-FP-R01985,speed_quant_median=high,angles_quant_95=low,1,1,2,572,0.21279761904761904,896,0.3333333333333333,896,0.3333333333333333,0.6383928571428571,1.9151785714285714,0.10168650793650794
RAW-FP-R01986,relative_grid_unique_cells_3x3=medium,relative_grid_entropy_3x3=high,1,1,2,354,0.13169642857142858,555,0.20647321428571427,896,0.3333333333333333,0.6378378378378379,1.9135135135135137,0.06287202380952382
RAW-FP-R01987,acceleration_quant_90=medium,acceleration_quant_95=medium,1,1,2,571,0.21242559523809523,896,0.3333333333333333,896,0.3333333333333333,0.6372767857142857,1.9118303571428572,0.10131448412698413
RAW-FP-R01988,acceleration_quant_95=medium,acceleration_quant_90=medium,1,1,2,571,0.21242559523809523,896,0.3333333333333333,896,0.3333333333333333,0.6372767857142857,1.9118303571428572,0.10131448412698413
RAW-FP-R01989,angles_quant_90=high,speed_quant_75=low,1,1,2,571,0.21242559523809523,896,0.3333333333333333,896,0.3333333333333333,0.6372767857142857,1.9118303571428572,0.10131448412698413
RAW-FP-R01990,angles_quant_median=high,speed_quant_10=low,1,1,2,571,0.21242559523809523,896,0.3333333333333333,896,0.3333333333333333,0.6372767857142857,1.9118303571428572,0.10131448412698413
RAW-FP-R01991,bbox_area_km2=medium,bbox_diagonal_m=medium,1,1,2,571,0.21242559523809523,896,0.3333333333333333,896,0.3333333333333333,0.6372767857142857,1.9118303571428572,0.10131448412698413
RAW-FP-R01992,bbox_diagonal_m=high,speed_quant_95=high,1,1,2,571,0.21242559523809523,896,0.3333333333333333,896,0.3333333333333333,0.6372767857142857,1.9118303571428572,0.10131448412698413
RAW-FP-R01993,bbox_diagonal_m=low,speed_quant_min=low,1,1,2,571,0.21242559523809523,896,0.3333333333333333,896,0.3333333333333333,0.6372767857142857,1.9118303571428572,0.10131448412698413
RAW-FP-R01994,bbox_diagonal_m=medium,bbox_area_km2=medium,1,1,2,571,0.21242559523809523,896,0.3333333333333333,896,0.3333333333333333,0.6372767857142857,1.9118303571428572,0.10131448412698413
RAW-FP-R01995,distance_geometry_3_1=low,distance_geometry_5_2=low,1,1,2,571,0.21242559523809523,896,0.3333333333333333,896,0.3333333333333333,0.6372767857142857,1.9118303571428572,0.10131448412698413
RAW-FP-R01996,distance_geometry_5_2=low,distance_geometry_3_1=low,1,1,2,571,0.21242559523809523,896,0.3333333333333333,896,0.3333333333333333,0.6372767857142857,1.9118303571428572,0.10131448412698413
RAW-FP-R01997,max_distance_to_centroid_m=high,speed_quant_10=high,1,1,2,571,0.21242559523809523,896,0.3333333333333333,896,0.3333333333333333,0.6372767857142857,1.9118303571428572,0.10131448412698413
RAW-FP-R01998,speed_mean_first_half=low,speed_quant_min=low,1,1,2,571,0.21242559523809523,896,0.3333333333333333,896,0.3333333333333333,0.6372767857142857,1.9118303571428572,0.10131448412698413
RAW-FP-R01999,speed_quant_10=high,max_distance_to_centroid_m=high,1,1,2,571,0.21242559523809523,896,0.3333333333333333,896,0.3333333333333333,0.6372767857142857,1.9118303571428572,0.10131448412698413
RAW-FP-R02000,speed_quant_10=low,angles_quant_median=high,1,1,2,571,0.21242559523809523,896,0.3333333333333333,896,0.3333333333333333,0.6372767857142857,1.9118303571428572,0.10131448412698413
RAW-FP-R02001,speed_quant_75=low,angles_quant_90=high,1,1,2,571,0.21242559523809523,896,0.3333333333333333,896,0.3333333333333333,0.6372767857142857,1.9118303571428572,0.10131448412698413
RAW-FP-R02002,speed_quant_95=high,bbox_diagonal_m=high,1,1,2,571,0.21242559523809523,896,0.3333333333333333,896,0.3333333333333333,0.6372767857142857,1.9118303571428572,0.10131448412698413
RAW-FP-R02003,speed_quant_min=low,speed_mean_first_half=low,1,1,2,571,0.21242559523809523,896,0.3333333333333333,896,0.3333333333333333,0.6372767857142857,1.9118303571428572,0.10131448412698413
RAW-FP-R02004,speed_quant_min=low,bbox_diagonal_m=low,1,1,2,571,0.21242559523809523,896,0.3333333333333333,896,0.3333333333333333,0.6372767857142857,1.9118303571428572,0.10131448412698413
RAW-FP-R02005,acceleration_quant_90=high,speed_range=high,1,1,2,570,0.21205357142857142,896,0.3333333333333333,896,0.3333333333333333,0.6361607142857143,1.908482142857143,0.10094246031746032
RAW-FP-R02006,angles_quant_75=low,distance_geometry_2_1=high,1,1,2,570,0.21205357142857142,896,0.3333333333333333,896,0.3333333333333333,0.6361607142857143,1.908482142857143,0.10094246031746032
RAW-FP-R02007,angles_quant_90=high,radius_of_gyration_m=low,1,1,2,570,0.21205357142857142,896,0.3333333333333333,896,0.3333333333333333,0.6361607142857143,1.908482142857143,0.10094246031746032
RAW-FP-R02008,angles_quant_90=low,distance_geometry_3_1=high,1,1,2,570,0.21205357142857142,896,0.3333333333333333,896,0.3333333333333333,0.6361607142857143,1.908482142857143,0.10094246031746032
RAW-FP-R02009,angles_quant_90=low,speed_vcoef=low,1,1,2,570,0.21205357142857142,896,0.3333333333333333,896,0.3333333333333333,0.6361607142857143,1.908482142857143,0.10094246031746032
RAW-FP-R02010,angles_quant_95=high,radius_of_gyration_m=low,1,1,2,570,0.21205357142857142,896,0.3333333333333333,896,0.3333333333333333,0.6361607142857143,1.908482142857143,0.10094246031746032
RAW-FP-R02011,distance_geometry_2_1=high,angles_quant_75=low,1,1,2,570,0.21205357142857142,896,0.3333333333333333,896,0.3333333333333333,0.6361607142857143,1.908482142857143,0.10094246031746032
RAW-FP-R02012,distance_geometry_3_1=high,angles_quant_90=low,1,1,2,570,0.21205357142857142,896,0.3333333333333333,896,0.3333333333333333,0.6361607142857143,1.908482142857143,0.10094246031746032
RAW-FP-R02013,radius_of_gyration_m=low,angles_quant_90=high,1,1,2,570,0.21205357142857142,896,0.3333333333333333,896,0.3333333333333333,0.6361607142857143,1.908482142857143,0.10094246031746032
RAW-FP-R02014,radius_of_gyration_m=low,angles_quant_95=high,1,1,2,570,0.21205357142857142,896,0.3333333333333333,896,0.3333333333333333,0.6361607142857143,1.908482142857143,0.10094246031746032
RAW-FP-R02015,speed_iqr=low,speed_quant_max=low,1,1,2,570,0.21205357142857142,896,0.3333333333333333,896,0.3333333333333333,0.6361607142857143,1.908482142857143,0.10094246031746032
RAW-FP-R02016,speed_quant_max=low,speed_iqr=low,1,1,2,570,0.21205357142857142,896,0.3333333333333333,896,0.3333333333333333,0.6361607142857143,1.908482142857143,0.10094246031746032
RAW-FP-R02017,speed_range=high,acceleration_quant_90=high,1,1,2,570,0.21205357142857142,896,0.3333333333333333,896,0.3333333333333333,0.6361607142857143,1.908482142857143,0.10094246031746032
RAW-FP-R02018,speed_vcoef=low,angles_quant_90=low,1,1,2,570,0.21205357142857142,896,0.3333333333333333,896,0.3333333333333333,0.6361607142857143,1.908482142857143,0.10094246031746032
RAW-FP-R02019,acceleration_quant_median=high,angles_quant_10=high,1,1,2,569,0.21168154761904762,896,0.3333333333333333,896,0.3333333333333333,0.6350446428571429,1.9051339285714288,0.10057043650793651
RAW-FP-R02020,angles_mean=low,distance_geometry_4_2=high,1,1,2,569,0.21168154761904762,896,0.3333333333333333,896,0.3333333333333333,0.6350446428571429,1.9051339285714288,0.10057043650793651
RAW-FP-R02021,angles_quant_10=high,acceleration_quant_median=high,1,1,2,569,0.21168154761904762,896,0.3333333333333333,896,0.3333333333333333,0.6350446428571429,1.9051339285714288,0.10057043650793651
RAW-FP-R02022,angles_quant_90=low,distance_geometry_5_2=high,1,1,2,569,0.21168154761904762,896,0.3333333333333333,896,0.3333333333333333,0.6350446428571429,1.9051339285714288,0.10057043650793651
RAW-FP-R02023,angles_quant_90=low,speed_mean=high,1,1,2,569,0.21168154761904762,896,0.3333333333333333,896,0.3333333333333333,0.6350446428571429,1.9051339285714288,0.10057043650793651
RAW-FP-R02024,angles_quant_95=high,mean_distance_to_centroid_m=low,1,1,2,569,0.21168154761904762,896,0.3333333333333333,896,0.3333333333333333,0.6350446428571429,1.9051339285714288,0.10057043650793651
RAW-FP-R02025,angles_quant_max=low,angles_vcoef=low,1,1,2,569,0.21168154761904762,896,0.3333333333333333,896,0.3333333333333333,0.6350446428571429,1.9051339285714288,0.10057043650793651
RAW-FP-R02026,angles_range=low,angles_vcoef=low,1,1,2,569,0.21168154761904762,896,0.3333333333333333,896,0.3333333333333333,0.6350446428571429,1.9051339285714288,0.10057043650793651
RAW-FP-R02027,angles_vcoef=low,angles_quant_max=low,1,1,2,569,0.21168154761904762,896,0.3333333333333333,896,0.3333333333333333,0.6350446428571429,1.9051339285714288,0.10057043650793651
RAW-FP-R02028,angles_vcoef=low,angles_range=low,1,1,2,569,0.21168154761904762,896,0.3333333333333333,896,0.3333333333333333,0.6350446428571429,1.9051339285714288,0.10057043650793651
RAW-FP-R02029,directness_ratio=low,distance_geometry_4_3=low,1,1,2,569,0.21168154761904762,896,0.3333333333333333,896,0.3333333333333333,0.6350446428571429,1.9051339285714288,0.10057043650793651
RAW-FP-R02030,directness_ratio=low,distance_geometry_2_2=low,1,1,2,569,0.21168154761904762,896,0.3333333333333333,896,0.3333333333333333,0.6350446428571429,1.9051339285714288,0.10057043650793651
RAW-FP-R02031,distance_geometry_1_1=low,distance_geometry_2_2=low,1,1,2,569,0.21168154761904762,896,0.3333333333333333,896,0.3333333333333333,0.6350446428571429,1.9051339285714288,0.10057043650793651
RAW-FP-R02032,distance_geometry_1_1=low,distance_geometry_4_3=low,1,1,2,569,0.21168154761904762,896,0.3333333333333333,896,0.3333333333333333,0.6350446428571429,1.9051339285714288,0.10057043650793651
RAW-FP-R02033,distance_geometry_2_2=low,directness_ratio=low,1,1,2,569,0.21168154761904762,896,0.3333333333333333,896,0.3333333333333333,0.6350446428571429,1.9051339285714288,0.10057043650793651
RAW-FP-R02034,distance_geometry_2_2=low,distance_geometry_1_1=low,1,1,2,569,0.21168154761904762,896,0.3333333333333333,896,0.3333333333333333,0.6350446428571429,1.9051339285714288,0.10057043650793651
RAW-FP-R02035,distance_geometry_4_2=high,angles_mean=low,1,1,2,569,0.21168154761904762,896,0.3333333333333333,896,0.3333333333333333,0.6350446428571429,1.9051339285714288,0.10057043650793651
RAW-FP-R02036,distance_geometry_4_3=low,distance_geometry_1_1=low,1,1,2,569,0.21168154761904762,896,0.3333333333333333,896,0.3333333333333333,0.6350446428571429,1.9051339285714288,0.10057043650793651
RAW-FP-R02037,distance_geometry_4_3=low,directness_ratio=low,1,1,2,569,0.21168154761904762,896,0.3333333333333333,896,0.3333333333333333,0.6350446428571429,1.9051339285714288,0.10057043650793651
RAW-FP-R02038,distance_geometry_5_2=high,angles_quant_90=low,1,1,2,569,0.21168154761904762,896,0.3333333333333333,896,0.3333333333333333,0.6350446428571429,1.9051339285714288,0.10057043650793651
RAW-FP-R02039,max_distance_to_centroid_m=low,speed_mean_first_half=low,1,1,2,569,0.21168154761904762,896,0.3333333333333333,896,0.3333333333333333,0.6350446428571429,1.9051339285714288,0.10057043650793651
RAW-FP-R02040,mean_distance_to_centroid_m=low,angles_quant_95=high,1,1,2,569,0.21168154761904762,896,0.3333333333333333,896,0.3333333333333333,0.6350446428571429,1.9051339285714288,0.10057043650793651
RAW-FP-R02041,mean_distance_to_centroid_m=low,speed_quant_min=low,1,1,2,569,0.21168154761904762,896,0.3333333333333333,896,0.3333333333333333,0.6350446428571429,1.9051339285714288,0.10057043650793651
RAW-FP-R02042,speed_mean=high,angles_quant_90=low,1,1,2,569,0.21168154761904762,896,0.3333333333333333,896,0.3333333333333333,0.6350446428571429,1.9051339285714288,0.10057043650793651
RAW-FP-R02043,speed_mean_first_half=low,max_distance_to_centroid_m=low,1,1,2,569,0.21168154761904762,896,0.3333333333333333,896,0.3333333333333333,0.6350446428571429,1.9051339285714288,0.10057043650793651
RAW-FP-R02044,speed_mean_second_half=high,speed_meanse=high,1,1,2,569,0.21168154761904762,896,0.3333333333333333,896,0.3333333333333333,0.6350446428571429,1.9051339285714288,0.10057043650793651
RAW-FP-R02045,speed_mean_second_half=high,speed_sd=high,1,1,2,569,0.21168154761904762,896,0.3333333333333333,896,0.3333333333333333,0.6350446428571429,1.9051339285714288,0.10057043650793651
RAW-FP-R02046,speed_meanse=high,speed_mean_second_half=high,1,1,2,569,0.21168154761904762,896,0.3333333333333333,896,0.3333333333333333,0.6350446428571429,1.9051339285714288,0.10057043650793651
RAW-FP-R02047,speed_meanse=high,speed_progress_slope=high,1,1,2,569,0.21168154761904762,896,0.3333333333333333,896,0.3333333333333333,0.6350446428571429,1.9051339285714288,0.10057043650793651
RAW-FP-R02048,speed_progress_slope=high,speed_meanse=high,1,1,2,569,0.21168154761904762,896,0.3333333333333333,896,0.3333333333333333,0.6350446428571429,1.9051339285714288,0.10057043650793651
RAW-FP-R02049,speed_progress_slope=high,speed_sd=high,1,1,2,569,0.21168154761904762,896,0.3333333333333333,896,0.3333333333333333,0.6350446428571429,1.9051339285714288,0.10057043650793651
RAW-FP-R02050,speed_quant_min=low,mean_distance_to_centroid_m=low,1,1,2,569,0.21168154761904762,896,0.3333333333333333,896,0.3333333333333333,0.6350446428571429,1.9051339285714288,0.10057043650793651
RAW-FP-R02051,speed_sd=high,speed_mean_second_half=high,1,1,2,569,0.21168154761904762,896,0.3333333333333333,896,0.3333333333333333,0.6350446428571429,1.9051339285714288,0.10057043650793651
RAW-FP-R02052,speed_sd=high,speed_progress_slope=high,1,1,2,569,0.21168154761904762,896,0.3333333333333333,896,0.3333333333333333,0.6350446428571429,1.9051339285714288,0.10057043650793651
RAW-FP-R02053,acceleration_mad=low,acceleration_quant_min=high,1,1,2,568,0.2113095238095238,896,0.3333333333333333,896,0.3333333333333333,0.6339285714285714,1.9017857142857142,0.1001984126984127
RAW-FP-R02054,acceleration_quant_min=high,acceleration_mad=low,1,1,2,568,0.2113095238095238,896,0.3333333333333333,896,0.3333333333333333,0.6339285714285714,1.9017857142857142,0.1001984126984127
RAW-FP-R02055,acceleration_quant_min=low,acceleration_range=high,1,1,2,568,0.2113095238095238,896,0.3333333333333333,896,0.3333333333333333,0.6339285714285714,1.9017857142857142,0.1001984126984127
RAW-FP-R02056,acceleration_range=high,acceleration_quant_min=low,1,1,2,568,0.2113095238095238,896,0.3333333333333333,896,0.3333333333333333,0.6339285714285714,1.9017857142857142,0.1001984126984127
RAW-FP-R02057,angles_mean=low,distance_geometry_1_1=high,1,1,2,568,0.2113095238095238,896,0.3333333333333333,896,0.3333333333333333,0.6339285714285714,1.9017857142857142,0.1001984126984127
RAW-FP-R02058,angles_meanse=high,angles_skew=high,1,1,2,568,0.2113095238095238,896,0.3333333333333333,896,0.3333333333333333,0.6339285714285714,1.9017857142857142,0.1001984126984127
RAW-FP-R02059,angles_meanse=high,median_distance_to_centroid_m=low,1,1,2,568,0.2113095238095238,896,0.3333333333333333,896,0.3333333333333333,0.6339285714285714,1.9017857142857142,0.1001984126984127
RAW-FP-R02060,angles_quant_75=low,speed_mean_first_half=high,1,1,2,568,0.2113095238095238,896,0.3333333333333333,896,0.3333333333333333,0.6339285714285714,1.9017857142857142,0.1001984126984127
RAW-FP-R02061,angles_quant_median=high,speed_quant_25=low,1,1,2,568,0.2113095238095238,896,0.3333333333333333,896,0.3333333333333333,0.6339285714285714,1.9017857142857142,0.1001984126984127
RAW-FP-R02062,angles_sd=high,angles_skew=high,1,1,2,568,0.2113095238095238,896,0.3333333333333333,896,0.3333333333333333,0.6339285714285714,1.9017857142857142,0.1001984126984127
RAW-FP-R02063,angles_sd=high,median_distance_to_centroid_m=low,1,1,2,568,0.2113095238095238,896,0.3333333333333333,896,0.3333333333333333,0.6339285714285714,1.9017857142857142,0.1001984126984127
RAW-FP-R02064,angles_skew=high,angles_meanse=high,1,1,2,568,0.2113095238095238,896,0.3333333333333333,896,0.3333333333333333,0.6339285714285714,1.9017857142857142,0.1001984126984127
RAW-FP-R02065,angles_skew=high,angles_sd=high,1,1,2,568,0.2113095238095238,896,0.3333333333333333,896,0.3333333333333333,0.6339285714285714,1.9017857142857142,0.1001984126984127
RAW-FP-R02066,distance_geometry_1_1=high,angles_mean=low,1,1,2,568,0.2113095238095238,896,0.3333333333333333,896,0.3333333333333333,0.6339285714285714,1.9017857142857142,0.1001984126984127
RAW-FP-R02067,distance_geometry_3_2=high,distance_geometry_4_3=high,1,1,2,568,0.2113095238095238,896,0.3333333333333333,896,0.3333333333333333,0.6339285714285714,1.9017857142857142,0.1001984126984127
RAW-FP-R02068,distance_geometry_4_3=high,distance_geometry_3_2=high,1,1,2,568,0.2113095238095238,896,0.3333333333333333,896,0.3333333333333333,0.6339285714285714,1.9017857142857142,0.1001984126984127
RAW-FP-R02069,median_distance_to_centroid_m=low,angles_meanse=high,1,1,2,568,0.2113095238095238,896,0.3333333333333333,896,0.3333333333333333,0.6339285714285714,1.9017857142857142,0.1001984126984127
RAW-FP-R02070,median_distance_to_centroid_m=low,angles_sd=high,1,1,2,568,0.2113095238095238,896,0.3333333333333333,896,0.3333333333333333,0.6339285714285714,1.9017857142857142,0.1001984126984127
RAW-FP-R02071,net_displacement_m=low,speed_mean_first_half=low,1,1,2,568,0.2113095238095238,896,0.3333333333333333,896,0.3333333333333333,0.6339285714285714,1.9017857142857142,0.1001984126984127
RAW-FP-R02072,net_displacement_m=low,speed_quant_max=low,1,1,2,568,0.2113095238095238,896,0.3333333333333333,896,0.3333333333333333,0.6339285714285714,1.9017857142857142,0.1001984126984127
RAW-FP-R02073,path_length_m=high,speed_quant_min=high,1,1,2,568,0.2113095238095238,896,0.3333333333333333,896,0.3333333333333333,0.6339285714285714,1.9017857142857142,0.1001984126984127
RAW-FP-R02074,speed_iqr=low,speed_quant_95=low,1,1,2,568,0.2113095238095238,896,0.3333333333333333,896,0.3333333333333333,0.6339285714285714,1.9017857142857142,0.1001984126984127
RAW-FP-R02075,speed_mean_first_half=high,angles_quant_75=low,1,1,2,568,0.2113095238095238,896,0.3333333333333333,896,0.3333333333333333,0.6339285714285714,1.9017857142857142,0.1001984126984127
RAW-FP-R02076,speed_mean_first_half=low,net_displacement_m=low,1,1,2,568,0.2113095238095238,896,0.3333333333333333,896,0.3333333333333333,0.6339285714285714,1.9017857142857142,0.1001984126984127
RAW-FP-R02077,speed_quant_25=low,angles_quant_median=high,1,1,2,568,0.2113095238095238,896,0.3333333333333333,896,0.3333333333333333,0.6339285714285714,1.9017857142857142,0.1001984126984127
RAW-FP-R02078,speed_quant_25=low,speed_quant_95=low,1,1,2,568,0.2113095238095238,896,0.3333333333333333,896,0.3333333333333333,0.6339285714285714,1.9017857142857142,0.1001984126984127
RAW-FP-R02079,speed_quant_95=low,speed_iqr=low,1,1,2,568,0.2113095238095238,896,0.3333333333333333,896,0.3333333333333333,0.6339285714285714,1.9017857142857142,0.1001984126984127
RAW-FP-R02080,speed_quant_95=low,speed_quant_25=low,1,1,2,568,0.2113095238095238,896,0.3333333333333333,896,0.3333333333333333,0.6339285714285714,1.9017857142857142,0.1001984126984127
RAW-FP-R02081,speed_quant_max=low,net_displacement_m=low,1,1,2,568,0.2113095238095238,896,0.3333333333333333,896,0.3333333333333333,0.6339285714285714,1.9017857142857142,0.1001984126984127
RAW-FP-R02082,speed_quant_min=high,path_length_m=high,1,1,2,568,0.2113095238095238,896,0.3333333333333333,896,0.3333333333333333,0.6339285714285714,1.9017857142857142,0.1001984126984127
RAW-FP-R02083,acceleration_quant_10=low,acceleration_quant_75=high,1,1,2,567,0.2109375,896,0.3333333333333333,896,0.3333333333333333,0.6328125,1.8984375,0.0998263888888889
RAW-FP-R02084,acceleration_quant_75=high,acceleration_quant_10=low,1,1,2,567,0.2109375,896,0.3333333333333333,896,0.3333333333333333,0.6328125,1.8984375,0.0998263888888889
RAW-FP-R02085,angles_mean=low,distance_geometry_5_2=high,1,1,2,567,0.2109375,896,0.3333333333333333,896,0.3333333333333333,0.6328125,1.8984375,0.0998263888888889
RAW-FP-R02086,angles_quant_75=high,speed_mean_second_half=low,1,1,2,567,0.2109375,896,0.3333333333333333,896,0.3333333333333333,0.6328125,1.8984375,0.0998263888888889
RAW-FP-R02087,bbox_area_km2=low,speed_mean_first_half=low,1,1,2,567,0.2109375,896,0.3333333333333333,896,0.3333333333333333,0.6328125,1.8984375,0.0998263888888889
RAW-FP-R02088,distance_geometry_4_2=low,distance_geometry_5_3=low,1,1,2,567,0.2109375,896,0.3333333333333333,896,0.3333333333333333,0.6328125,1.8984375,0.0998263888888889
RAW-FP-R02089,distance_geometry_5_2=high,angles_mean=low,1,1,2,567,0.2109375,896,0.3333333333333333,896,0.3333333333333333,0.6328125,1.8984375,0.0998263888888889
RAW-FP-R02090,distance_geometry_5_3=low,distance_geometry_4_2=low,1,1,2,567,0.2109375,896,0.3333333333333333,896,0.3333333333333333,0.6328125,1.8984375,0.0998263888888889
RAW-FP-R02091,max_distance_to_centroid_m=high,speed_quant_max=high,1,1,2,567,0.2109375,896,0.3333333333333333,896,0.3333333333333333,0.6328125,1.8984375,0.0998263888888889
RAW-FP-R02092,speed_mean_first_half=low,bbox_area_km2=low,1,1,2,567,0.2109375,896,0.3333333333333333,896,0.3333333333333333,0.6328125,1.8984375,0.0998263888888889
RAW-FP-R02093,speed_mean_second_half=low,angles_quant_75=high,1,1,2,567,0.2109375,896,0.3333333333333333,896,0.3333333333333333,0.6328125,1.8984375,0.0998263888888889
RAW-FP-R02094,speed_quant_10=medium,speed_quant_min=medium,1,1,2,567,0.2109375,896,0.3333333333333333,896,0.3333333333333333,0.6328125,1.8984375,0.0998263888888889
RAW-FP-R02095,speed_quant_max=high,max_distance_to_centroid_m=high,1,1,2,567,0.2109375,896,0.3333333333333333,896,0.3333333333333333,0.6328125,1.8984375,0.0998263888888889
RAW-FP-R02096,speed_quant_min=medium,speed_quant_10=medium,1,1,2,567,0.2109375,896,0.3333333333333333,896,0.3333333333333333,0.6328125,1.8984375,0.0998263888888889
RAW-FP-R02097,bbox_lat_span_deg=high,speed_quant_90=high,1,1,2,564,0.20982142857142858,892,0.3318452380952381,896,0.3333333333333333,0.6322869955156951,1.8968609865470853,0.09920634920634921
RAW-FP-R02098,speed_quant_90=high,bbox_lat_span_deg=high,1,1,2,564,0.20982142857142858,896,0.3333333333333333,892,0.3318452380952381,0.6294642857142857,1.8968609865470851,0.09920634920634921
RAW-FP-R02099,acceleration_quant_05=low,acceleration_quant_75=high,1,1,2,566,0.2105654761904762,896,0.3333333333333333,896,0.3333333333333333,0.6316964285714286,1.8950892857142858,0.09945436507936509
RAW-FP-R02100,acceleration_quant_75=high,acceleration_quant_05=low,1,1,2,566,0.2105654761904762,896,0.3333333333333333,896,0.3333333333333333,0.6316964285714286,1.8950892857142858,0.09945436507936509
RAW-FP-R02101,angles_mad=high,speed_mean_first_half=low,1,1,2,566,0.2105654761904762,896,0.3333333333333333,896,0.3333333333333333,0.6316964285714286,1.8950892857142858,0.09945436507936509
RAW-FP-R02102,angles_mad=low,speed_quant_10=high,1,1,2,566,0.2105654761904762,896,0.3333333333333333,896,0.3333333333333333,0.6316964285714286,1.8950892857142858,0.09945436507936509
RAW-FP-R02103,angles_mean=low,speed_mean=high,1,1,2,566,0.2105654761904762,896,0.3333333333333333,896,0.3333333333333333,0.6316964285714286,1.8950892857142858,0.09945436507936509
RAW-FP-R02104,angles_meanse=high,mean_distance_to_centroid_m=low,1,1,2,566,0.2105654761904762,896,0.3333333333333333,896,0.3333333333333333,0.6316964285714286,1.8950892857142858,0.09945436507936509
RAW-FP-R02105,angles_quant_95=high,median_distance_to_centroid_m=low,1,1,2,566,0.2105654761904762,896,0.3333333333333333,896,0.3333333333333333,0.6316964285714286,1.8950892857142858,0.09945436507936509
RAW-FP-R02106,angles_quant_95=low,directness_ratio=high,1,1,2,566,0.2105654761904762,896,0.3333333333333333,896,0.3333333333333333,0.6316964285714286,1.8950892857142858,0.09945436507936509
RAW-FP-R02107,angles_quant_median=high,speed_quant_05=low,1,1,2,566,0.2105654761904762,896,0.3333333333333333,896,0.3333333333333333,0.6316964285714286,1.8950892857142858,0.09945436507936509
RAW-FP-R02108,angles_sd=high,mean_distance_to_centroid_m=low,1,1,2,566,0.2105654761904762,896,0.3333333333333333,896,0.3333333333333333,0.6316964285714286,1.8950892857142858,0.09945436507936509
RAW-FP-R02109,bbox_area_km2=low,speed_quant_max=low,1,1,2,566,0.2105654761904762,896,0.3333333333333333,896,0.3333333333333333,0.6316964285714286,1.8950892857142858,0.09945436507936509
RAW-FP-R02110,directness_ratio=high,angles_quant_95=low,1,1,2,566,0.2105654761904762,896,0.3333333333333333,896,0.3333333333333333,0.6316964285714286,1.8950892857142858,0.09945436507936509
RAW-FP-R02111,distance_geometry_3_3=medium,distance_geometry_4_4=medium,1,1,2,566,0.2105654761904762,896,0.3333333333333333,896,0.3333333333333333,0.6316964285714286,1.8950892857142858,0.09945436507936509
RAW-FP-R02112,distance_geometry_4_4=medium,distance_geometry_3_3=medium,1,1,2,566,0.2105654761904762,896,0.3333333333333333,896,0.3333333333333333,0.6316964285714286,1.8950892857142858,0.09945436507936509
RAW-FP-R02113,mean_distance_to_centroid_m=low,angles_sd=high,1,1,2,566,0.2105654761904762,896,0.3333333333333333,896,0.3333333333333333,0.6316964285714286,1.8950892857142858,0.09945436507936509
RAW-FP-R02114,mean_distance_to_centroid_m=low,angles_meanse=high,1,1,2,566,0.2105654761904762,896,0.3333333333333333,896,0.3333333333333333,0.6316964285714286,1.8950892857142858,0.09945436507936509
RAW-FP-R02115,median_distance_to_centroid_m=low,angles_quant_95=high,1,1,2,566,0.2105654761904762,896,0.3333333333333333,896,0.3333333333333333,0.6316964285714286,1.8950892857142858,0.09945436507936509
RAW-FP-R02116,speed_mean=high,angles_mean=low,1,1,2,566,0.2105654761904762,896,0.3333333333333333,896,0.3333333333333333,0.6316964285714286,1.8950892857142858,0.09945436507936509
RAW-FP-R02117,speed_mean_first_half=low,angles_mad=high,1,1,2,566,0.2105654761904762,896,0.3333333333333333,896,0.3333333333333333,0.6316964285714286,1.8950892857142858,0.09945436507936509
RAW-FP-R02118,speed_quant_05=low,angles_quant_median=high,1,1,2,566,0.2105654761904762,896,0.3333333333333333,896,0.3333333333333333,0.6316964285714286,1.8950892857142858,0.09945436507936509
RAW-FP-R02119,speed_quant_10=high,angles_mad=low,1,1,2,566,0.2105654761904762,896,0.3333333333333333,896,0.3333333333333333,0.6316964285714286,1.8950892857142858,0.09945436507936509
RAW-FP-R02120,speed_quant_max=low,bbox_area_km2=low,1,1,2,566,0.2105654761904762,896,0.3333333333333333,896,0.3333333333333333,0.6316964285714286,1.8950892857142858,0.09945436507936509
RAW-FP-R02121,speed_quant_95=high,bbox_lat_span_deg=high,1,1,2,563,0.20944940476190477,896,0.3333333333333333,892,0.3318452380952381,0.6283482142857143,1.8934977578475338,0.0988343253968254
RAW-FP-R02122,bbox_lat_span_deg=high,speed_quant_95=high,1,1,2,563,0.20944940476190477,892,0.3318452380952381,896,0.3333333333333333,0.6311659192825112,1.8934977578475336,0.0988343253968254
RAW-FP-R02123,bbox_height_m=high,speed_quant_90=high,1,1,2,564,0.20982142857142858,894,0.3325892857142857,896,0.3333333333333333,0.6308724832214765,1.8926174496644295,0.09895833333333334
RAW-FP-R02124,speed_quant_90=high,bbox_height_m=high,1,1,2,564,0.20982142857142858,896,0.3333333333333333,894,0.3325892857142857,0.6294642857142857,1.8926174496644295,0.09895833333333334
RAW-FP-R02125,acceleration_mean_half_diff=medium,acceleration_mean_second_half=medium,1,1,2,565,0.21019345238095238,896,0.3333333333333333,896,0.3333333333333333,0.6305803571428571,1.8917410714285714,0.09908234126984128
RAW-FP-R02126,acceleration_mean_second_half=medium,acceleration_mean_half_diff=medium,1,1,2,565,0.21019345238095238,896,0.3333333333333333,896,0.3333333333333333,0.6305803571428571,1.8917410714285714,0.09908234126984128
RAW-FP-R02127,angles_mad=low,speed_quant_median=high,1,1,2,565,0.21019345238095238,896,0.3333333333333333,896,0.3333333333333333,0.6305803571428571,1.8917410714285714,0.09908234126984128
RAW-FP-R02128,angles_mean=low,distance_geometry_4_1=high,1,1,2,565,0.21019345238095238,896,0.3333333333333333,896,0.3333333333333333,0.6305803571428571,1.8917410714285714,0.09908234126984128
RAW-FP-R02129,angles_mean=low,directness_ratio=high,1,1,2,565,0.21019345238095238,896,0.3333333333333333,896,0.3333333333333333,0.6305803571428571,1.8917410714285714,0.09908234126984128
RAW-FP-R02130,angles_quant_95=high,speed_quant_75=low,1,1,2,565,0.21019345238095238,896,0.3333333333333333,896,0.3333333333333333,0.6305803571428571,1.8917410714285714,0.09908234126984128
RAW-FP-R02131,directness_ratio=high,angles_mean=low,1,1,2,565,0.21019345238095238,896,0.3333333333333333,896,0.3333333333333333,0.6305803571428571,1.8917410714285714,0.09908234126984128
RAW-FP-R02132,distance_geometry_4_1=high,angles_mean=low,1,1,2,565,0.21019345238095238,896,0.3333333333333333,896,0.3333333333333333,0.6305803571428571,1.8917410714285714,0.09908234126984128
RAW-FP-R02133,median_distance_to_centroid_m=high,speed_quant_min=high,1,1,2,565,0.21019345238095238,896,0.3333333333333333,896,0.3333333333333333,0.6305803571428571,1.8917410714285714,0.09908234126984128
RAW-FP-R02134,median_distance_to_centroid_m=low,speed_quant_min=low,1,1,2,565,0.21019345238095238,896,0.3333333333333333,896,0.3333333333333333,0.6305803571428571,1.8917410714285714,0.09908234126984128
RAW-FP-R02135,radius_of_gyration_m=low,speed_quant_max=low,1,1,2,565,0.21019345238095238,896,0.3333333333333333,896,0.3333333333333333,0.6305803571428571,1.8917410714285714,0.09908234126984128
RAW-FP-R02136,speed_mad=low,speed_quant_95=low,1,1,2,565,0.21019345238095238,896,0.3333333333333333,896,0.3333333333333333,0.6305803571428571,1.8917410714285714,0.09908234126984128
RAW-FP-R02137,speed_mad=low,speed_quant_max=low,1,1,2,565,0.21019345238095238,896,0.3333333333333333,896,0.3333333333333333,0.6305803571428571,1.8917410714285714,0.09908234126984128
RAW-FP-R02138,speed_quant_75=low,angles_quant_95=high,1,1,2,565,0.21019345238095238,896,0.3333333333333333,896,0.3333333333333333,0.6305803571428571,1.8917410714285714,0.09908234126984128
RAW-FP-R02139,speed_quant_95=low,speed_mad=low,1,1,2,565,0.21019345238095238,896,0.3333333333333333,896,0.3333333333333333,0.6305803571428571,1.8917410714285714,0.09908234126984128
RAW-FP-R02140,speed_quant_max=low,speed_mad=low,1,1,2,565,0.21019345238095238,896,0.3333333333333333,896,0.3333333333333333,0.6305803571428571,1.8917410714285714,0.09908234126984128
RAW-FP-R02141,speed_quant_max=low,radius_of_gyration_m=low,1,1,2,565,0.21019345238095238,896,0.3333333333333333,896,0.3333333333333333,0.6305803571428571,1.8917410714285714,0.09908234126984128
RAW-FP-R02142,speed_quant_median=high,angles_mad=low,1,1,2,565,0.21019345238095238,896,0.3333333333333333,896,0.3333333333333333,0.6305803571428571,1.8917410714285714,0.09908234126984128
RAW-FP-R02143,speed_quant_min=high,median_distance_to_centroid_m=high,1,1,2,565,0.21019345238095238,896,0.3333333333333333,896,0.3333333333333333,0.6305803571428571,1.8917410714285714,0.09908234126984128
RAW-FP-R02144,speed_quant_min=low,median_distance_to_centroid_m=low,1,1,2,565,0.21019345238095238,896,0.3333333333333333,896,0.3333333333333333,0.6305803571428571,1.8917410714285714,0.09908234126984128
RAW-FP-R02145,speed_quant_min=low,speed_vcoef=high,1,1,2,565,0.21019345238095238,896,0.3333333333333333,896,0.3333333333333333,0.6305803571428571,1.8917410714285714,0.09908234126984128
RAW-FP-R02146,speed_vcoef=high,speed_quant_min=low,1,1,2,565,0.21019345238095238,896,0.3333333333333333,896,0.3333333333333333,0.6305803571428571,1.8917410714285714,0.09908234126984128
RAW-FP-R02147,angles_quant_10=low,angles_quant_05=low,1,1,2,1266,0.47098214285714285,1266,0.47098214285714285,1421,0.5286458333333334,1.0,1.8916256157635467,0.2219993954613095
RAW-FP-R02148,angles_0s=high,angles_quant_05=low,1,1,2,884,0.3288690476190476,884,0.3288690476190476,1421,0.5286458333333334,1.0,1.8916256157635467,0.15501379588293648
RAW-FP-R02149,angles_quant_05=low,angles_quant_10=low,1,1,2,1266,0.47098214285714285,1421,0.5286458333333334,1266,0.47098214285714285,0.8909218859957776,1.8916256157635467,0.2219993954613095
RAW-FP-R02150,angles_quant_05=low,angles_0s=high,1,1,2,884,0.3288690476190476,1421,0.5286458333333334,884,0.3288690476190476,0.6220971147079521,1.8916256157635467,0.15501379588293648
RAW-FP-R02151,speed_quant_95=high,bbox_height_m=high,1,1,2,563,0.20944940476190477,896,0.3333333333333333,894,0.3325892857142857,0.6283482142857143,1.889261744966443,0.09858630952380953
RAW-FP-R02152,bbox_height_m=high,speed_quant_95=high,1,1,2,563,0.20944940476190477,894,0.3325892857142857,896,0.3333333333333333,0.6297539149888143,1.8892617449664428,0.09858630952380953
RAW-FP-R02153,angles_iqr=high,speed_mean_second_half=low,1,1,2,564,0.20982142857142858,896,0.3333333333333333,896,0.3333333333333333,0.6294642857142857,1.8883928571428572,0.09871031746031747
RAW-FP-R02154,angles_iqr=low,speed_quant_75=high,1,1,2,564,0.20982142857142858,896,0.3333333333333333,896,0.3333333333333333,0.6294642857142857,1.8883928571428572,0.09871031746031747
RAW-FP-R02155,angles_mean=low,distance_geometry_3_2=high,1,1,2,564,0.20982142857142858,896,0.3333333333333333,896,0.3333333333333333,0.6294642857142857,1.8883928571428572,0.09871031746031747
RAW-FP-R02156,angles_meanse=high,speed_vcoef=high,1,1,2,564,0.20982142857142858,896,0.3333333333333333,896,0.3333333333333333,0.6294642857142857,1.8883928571428572,0.09871031746031747
RAW-FP-R02157,angles_quant_90=high,distance_geometry_4_2=low,1,1,2,564,0.20982142857142858,896,0.3333333333333333,896,0.3333333333333333,0.6294642857142857,1.8883928571428572,0.09871031746031747
RAW-FP-R02158,angles_quant_95=low,distance_geometry_1_1=high,1,1,2,564,0.20982142857142858,896,0.3333333333333333,896,0.3333333333333333,0.6294642857142857,1.8883928571428572,0.09871031746031747
RAW-FP-R02159,angles_sd=high,speed_vcoef=high,1,1,2,564,0.20982142857142858,896,0.3333333333333333,896,0.3333333333333333,0.6294642857142857,1.8883928571428572,0.09871031746031747
RAW-FP-R02160,bbox_area_km2=high,speed_mean_first_half=high,1,1,2,564,0.20982142857142858,896,0.3333333333333333,896,0.3333333333333333,0.6294642857142857,1.8883928571428572,0.09871031746031747
RAW-FP-R02161,bbox_area_km2=medium,path_length_m=medium,1,1,2,564,0.20982142857142858,896,0.3333333333333333,896,0.3333333333333333,0.6294642857142857,1.8883928571428572,0.09871031746031747
RAW-FP-R02162,bbox_width_m=low,speed_mean_first_half=low,1,1,2,564,0.20982142857142858,896,0.3333333333333333,896,0.3333333333333333,0.6294642857142857,1.8883928571428572,0.09871031746031747
RAW-FP-R02163,distance_geometry_1_1=high,angles_quant_95=low,1,1,2,564,0.20982142857142858,896,0.3333333333333333,896,0.3333333333333333,0.6294642857142857,1.8883928571428572,0.09871031746031747
RAW-FP-R02164,distance_geometry_3_2=high,angles_mean=low,1,1,2,564,0.20982142857142858,896,0.3333333333333333,896,0.3333333333333333,0.6294642857142857,1.8883928571428572,0.09871031746031747
RAW-FP-R02165,distance_geometry_4_2=low,angles_quant_90=high,1,1,2,564,0.20982142857142858,896,0.3333333333333333,896,0.3333333333333333,0.6294642857142857,1.8883928571428572,0.09871031746031747
RAW-FP-R02166,net_displacement_m=low,speed_quant_min=low,1,1,2,564,0.20982142857142858,896,0.3333333333333333,896,0.3333333333333333,0.6294642857142857,1.8883928571428572,0.09871031746031747
RAW-FP-R02167,path_length_m=medium,bbox_area_km2=medium,1,1,2,564,0.20982142857142858,896,0.3333333333333333,896,0.3333333333333333,0.6294642857142857,1.8883928571428572,0.09871031746031747
RAW-FP-R02168,speed_mean_first_half=high,bbox_area_km2=high,1,1,2,564,0.20982142857142858,896,0.3333333333333333,896,0.3333333333333333,0.6294642857142857,1.8883928571428572,0.09871031746031747
RAW-FP-R02169,speed_mean_first_half=low,bbox_width_m=low,1,1,2,564,0.20982142857142858,896,0.3333333333333333,896,0.3333333333333333,0.6294642857142857,1.8883928571428572,0.09871031746031747
RAW-FP-R02170,speed_mean_second_half=low,angles_iqr=high,1,1,2,564,0.20982142857142858,896,0.3333333333333333,896,0.3333333333333333,0.6294642857142857,1.8883928571428572,0.09871031746031747
RAW-FP-R02171,speed_quant_75=high,angles_iqr=low,1,1,2,564,0.20982142857142858,896,0.3333333333333333,896,0.3333333333333333,0.6294642857142857,1.8883928571428572,0.09871031746031747
RAW-FP-R02172,speed_quant_min=low,net_displacement_m=low,1,1,2,564,0.20982142857142858,896,0.3333333333333333,896,0.3333333333333333,0.6294642857142857,1.8883928571428572,0.09871031746031747
RAW-FP-R02173,speed_vcoef=high,angles_meanse=high,1,1,2,564,0.20982142857142858,896,0.3333333333333333,896,0.3333333333333333,0.6294642857142857,1.8883928571428572,0.09871031746031747
RAW-FP-R02174,speed_vcoef=high,angles_sd=high,1,1,2,564,0.20982142857142858,896,0.3333333333333333,896,0.3333333333333333,0.6294642857142857,1.8883928571428572,0.09871031746031747
RAW-FP-R02175,acceleration_iqr=low,acceleration_sd=low,1,1,2,563,0.20944940476190477,896,0.3333333333333333,896,0.3333333333333333,0.6283482142857143,1.885044642857143,0.09833829365079366
RAW-FP-R02176,acceleration_iqr=low,acceleration_meanse=low,1,1,2,563,0.20944940476190477,896,0.3333333333333333,896,0.3333333333333333,0.6283482142857143,1.885044642857143,0.09833829365079366
RAW-FP-R02177,acceleration_meanse=low,acceleration_iqr=low,1,1,2,563,0.20944940476190477,896,0.3333333333333333,896,0.3333333333333333,0.6283482142857143,1.885044642857143,0.09833829365079366
RAW-FP-R02178,acceleration_sd=low,acceleration_iqr=low,1,1,2,563,0.20944940476190477,896,0.3333333333333333,896,0.3333333333333333,0.6283482142857143,1.885044642857143,0.09833829365079366
RAW-FP-R02179,angles_mean=low,distance_geometry_5_3=high,1,1,2,563,0.20944940476190477,896,0.3333333333333333,896,0.3333333333333333,0.6283482142857143,1.885044642857143,0.09833829365079366
RAW-FP-R02180,angles_quant_95=high,bbox_diagonal_m=low,1,1,2,563,0.20944940476190477,896,0.3333333333333333,896,0.3333333333333333,0.6283482142857143,1.885044642857143,0.09833829365079366
RAW-FP-R02181,angles_quant_95=high,speed_vcoef=high,1,1,2,563,0.20944940476190477,896,0.3333333333333333,896,0.3333333333333333,0.6283482142857143,1.885044642857143,0.09833829365079366
RAW-FP-R02182,bbox_area_km2=high,speed_quant_05=high,1,1,2,563,0.20944940476190477,896,0.3333333333333333,896,0.3333333333333333,0.6283482142857143,1.885044642857143,0.09833829365079366
RAW-FP-R02183,bbox_diagonal_m=low,angles_quant_95=high,1,1,2,563,0.20944940476190477,896,0.3333333333333333,896,0.3333333333333333,0.6283482142857143,1.885044642857143,0.09833829365079366
RAW-FP-R02184,bbox_width_m=medium,net_displacement_m=medium,1,1,2,563,0.20944940476190477,896,0.3333333333333333,896,0.3333333333333333,0.6283482142857143,1.885044642857143,0.09833829365079366
RAW-FP-R02185,distance_geometry_5_3=high,angles_mean=low,1,1,2,563,0.20944940476190477,896,0.3333333333333333,896,0.3333333333333333,0.6283482142857143,1.885044642857143,0.09833829365079366
RAW-FP-R02186,net_displacement_m=medium,bbox_width_m=medium,1,1,2,563,0.20944940476190477,896,0.3333333333333333,896,0.3333333333333333,0.6283482142857143,1.885044642857143,0.09833829365079366
RAW-FP-R02187,speed_quant_05=high,bbox_area_km2=high,1,1,2,563,0.20944940476190477,896,0.3333333333333333,896,0.3333333333333333,0.6283482142857143,1.885044642857143,0.09833829365079366
RAW-FP-R02188,speed_quant_75=medium,speed_quant_95=medium,1,1,2,563,0.20944940476190477,896,0.3333333333333333,896,0.3333333333333333,0.6283482142857143,1.885044642857143,0.09833829365079366
RAW-FP-R02189,speed_quant_95=medium,speed_quant_75=medium,1,1,2,563,0.20944940476190477,896,0.3333333333333333,896,0.3333333333333333,0.6283482142857143,1.885044642857143,0.09833829365079366
RAW-FP-R02190,speed_vcoef=high,angles_quant_95=high,1,1,2,563,0.20944940476190477,896,0.3333333333333333,896,0.3333333333333333,0.6283482142857143,1.885044642857143,0.09833829365079366
RAW-FP-R02191,acceleration_quant_median=high,angles_quant_min=high,1,1,2,562,0.20907738095238096,896,0.3333333333333333,896,0.3333333333333333,0.6272321428571429,1.8816964285714288,0.09796626984126985
RAW-FP-R02192,angle_progress_slope=low,speed_progress_slope=high,1,1,2,562,0.20907738095238096,896,0.3333333333333333,896,0.3333333333333333,0.6272321428571429,1.8816964285714288,0.09796626984126985
RAW-FP-R02193,angles_iqr=high,speed_quant_min=low,1,1,2,562,0.20907738095238096,896,0.3333333333333333,896,0.3333333333333333,0.6272321428571429,1.8816964285714288,0.09796626984126985
RAW-FP-R02194,angles_meanse=low,speed_quant_median=high,1,1,2,562,0.20907738095238096,896,0.3333333333333333,896,0.3333333333333333,0.6272321428571429,1.8816964285714288,0.09796626984126985
RAW-FP-R02195,angles_quant_75=high,median_distance_to_centroid_m=low,1,1,2,562,0.20907738095238096,896,0.3333333333333333,896,0.3333333333333333,0.6272321428571429,1.8816964285714288,0.09796626984126985
RAW-FP-R02196,angles_quant_75=high,distance_geometry_4_2=low,1,1,2,562,0.20907738095238096,896,0.3333333333333333,896,0.3333333333333333,0.6272321428571429,1.8816964285714288,0.09796626984126985
RAW-FP-R02197,angles_quant_75=high,speed_quant_min=low,1,1,2,562,0.20907738095238096,896,0.3333333333333333,896,0.3333333333333333,0.6272321428571429,1.8816964285714288,0.09796626984126985
RAW-FP-R02198,angles_quant_median=high,speed_quant_75=low,1,1,2,562,0.20907738095238096,896,0.3333333333333333,896,0.3333333333333333,0.6272321428571429,1.8816964285714288,0.09796626984126985
RAW-FP-R02199,angles_quant_min=high,acceleration_quant_median=high,1,1,2,562,0.20907738095238096,896,0.3333333333333333,896,0.3333333333333333,0.6272321428571429,1.8816964285714288,0.09796626984126985
RAW-FP-R02200,angles_sd=low,speed_quant_median=high,1,1,2,562,0.20907738095238096,896,0.3333333333333333,896,0.3333333333333333,0.6272321428571429,1.8816964285714288,0.09796626984126985
RAW-FP-R02201,bbox_width_m=high,speed_quant_75=high,1,1,2,562,0.20907738095238096,896,0.3333333333333333,896,0.3333333333333333,0.6272321428571429,1.8816964285714288,0.09796626984126985
RAW-FP-R02202,distance_geometry_4_2=low,median_distance_to_centroid_m=low,1,1,2,562,0.20907738095238096,896,0.3333333333333333,896,0.3333333333333333,0.6272321428571429,1.8816964285714288,0.09796626984126985
RAW-FP-R02203,distance_geometry_4_2=low,angles_quant_75=high,1,1,2,562,0.20907738095238096,896,0.3333333333333333,896,0.3333333333333333,0.6272321428571429,1.8816964285714288,0.09796626984126985
RAW-FP-R02204,median_distance_to_centroid_m=low,angles_quant_75=high,1,1,2,562,0.20907738095238096,896,0.3333333333333333,896,0.3333333333333333,0.6272321428571429,1.8816964285714288,0.09796626984126985
RAW-FP-R02205,median_distance_to_centroid_m=low,distance_geometry_4_2=low,1,1,2,562,0.20907738095238096,896,0.3333333333333333,896,0.3333333333333333,0.6272321428571429,1.8816964285714288,0.09796626984126985
RAW-FP-R02206,median_distance_to_centroid_m=medium,path_length_m=medium,1,1,2,562,0.20907738095238096,896,0.3333333333333333,896,0.3333333333333333,0.6272321428571429,1.8816964285714288,0.09796626984126985
RAW-FP-R02207,path_length_m=medium,median_distance_to_centroid_m=medium,1,1,2,562,0.20907738095238096,896,0.3333333333333333,896,0.3333333333333333,0.6272321428571429,1.8816964285714288,0.09796626984126985
RAW-FP-R02208,speed_progress_slope=high,angle_progress_slope=low,1,1,2,562,0.20907738095238096,896,0.3333333333333333,896,0.3333333333333333,0.6272321428571429,1.8816964285714288,0.09796626984126985
RAW-FP-R02209,speed_quant_75=high,bbox_width_m=high,1,1,2,562,0.20907738095238096,896,0.3333333333333333,896,0.3333333333333333,0.6272321428571429,1.8816964285714288,0.09796626984126985
RAW-FP-R02210,speed_quant_75=high,speed_range=high,1,1,2,562,0.20907738095238096,896,0.3333333333333333,896,0.3333333333333333,0.6272321428571429,1.8816964285714288,0.09796626984126985
RAW-FP-R02211,speed_quant_75=low,angles_quant_median=high,1,1,2,562,0.20907738095238096,896,0.3333333333333333,896,0.3333333333333333,0.6272321428571429,1.8816964285714288,0.09796626984126985
RAW-FP-R02212,speed_quant_median=high,angles_meanse=low,1,1,2,562,0.20907738095238096,896,0.3333333333333333,896,0.3333333333333333,0.6272321428571429,1.8816964285714288,0.09796626984126985
RAW-FP-R02213,speed_quant_median=high,angles_sd=low,1,1,2,562,0.20907738095238096,896,0.3333333333333333,896,0.3333333333333333,0.6272321428571429,1.8816964285714288,0.09796626984126985
RAW-FP-R02214,speed_quant_min=low,angles_iqr=high,1,1,2,562,0.20907738095238096,896,0.3333333333333333,896,0.3333333333333333,0.6272321428571429,1.8816964285714288,0.09796626984126985
RAW-FP-R02215,speed_quant_min=low,angles_quant_75=high,1,1,2,562,0.20907738095238096,896,0.3333333333333333,896,0.3333333333333333,0.6272321428571429,1.8816964285714288,0.09796626984126985
RAW-FP-R02216,speed_range=high,speed_quant_75=high,1,1,2,562,0.20907738095238096,896,0.3333333333333333,896,0.3333333333333333,0.6272321428571429,1.8816964285714288,0.09796626984126985
RAW-FP-R02217,angles_iqr=low,speed_mean_first_half=high,1,1,2,561,0.20870535714285715,896,0.3333333333333333,896,0.3333333333333333,0.6261160714285714,1.8783482142857142,0.09759424603174605
RAW-FP-R02218,angles_mad=low,speed_quant_05=high,1,1,2,561,0.20870535714285715,896,0.3333333333333333,896,0.3333333333333333,0.6261160714285714,1.8783482142857142,0.09759424603174605
RAW-FP-R02219,angles_meanse=high,net_displacement_m=low,1,1,2,561,0.20870535714285715,896,0.3333333333333333,896,0.3333333333333333,0.6261160714285714,1.8783482142857142,0.09759424603174605
RAW-FP-R02220,angles_meanse=high,speed_mean_first_half=low,1,1,2,561,0.20870535714285715,896,0.3333333333333333,896,0.3333333333333333,0.6261160714285714,1.8783482142857142,0.09759424603174605
RAW-FP-R02221,angles_quant_90=high,bbox_diagonal_m=low,1,1,2,561,0.20870535714285715,896,0.3333333333333333,896,0.3333333333333333,0.6261160714285714,1.8783482142857142,0.09759424603174605
RAW-FP-R02222,angles_quant_90=low,speed_mean_first_half=high,1,1,2,561,0.20870535714285715,896,0.3333333333333333,896,0.3333333333333333,0.6261160714285714,1.8783482142857142,0.09759424603174605
RAW-FP-R02223,angles_quant_95=low,speed_mean_first_half=high,1,1,2,561,0.20870535714285715,896,0.3333333333333333,896,0.3333333333333333,0.6261160714285714,1.8783482142857142,0.09759424603174605
RAW-FP-R02224,angles_sd=high,net_displacement_m=low,1,1,2,561,0.20870535714285715,896,0.3333333333333333,896,0.3333333333333333,0.6261160714285714,1.8783482142857142,0.09759424603174605
RAW-FP-R02225,angles_sd=high,speed_mean_first_half=low,1,1,2,561,0.20870535714285715,896,0.3333333333333333,896,0.3333333333333333,0.6261160714285714,1.8783482142857142,0.09759424603174605
RAW-FP-R02226,bbox_diagonal_m=low,angles_quant_90=high,1,1,2,561,0.20870535714285715,896,0.3333333333333333,896,0.3333333333333333,0.6261160714285714,1.8783482142857142,0.09759424603174605
RAW-FP-R02227,bbox_width_m=low,speed_quant_90=low,1,1,2,561,0.20870535714285715,896,0.3333333333333333,896,0.3333333333333333,0.6261160714285714,1.8783482142857142,0.09759424603174605
RAW-FP-R02228,distance_geometry_3_2=low,distance_geometry_4_3=low,1,1,2,561,0.20870535714285715,896,0.3333333333333333,896,0.3333333333333333,0.6261160714285714,1.8783482142857142,0.09759424603174605
RAW-FP-R02229,distance_geometry_4_3=low,distance_geometry_3_2=low,1,1,2,561,0.20870535714285715,896,0.3333333333333333,896,0.3333333333333333,0.6261160714285714,1.8783482142857142,0.09759424603174605
RAW-FP-R02230,median_distance_to_centroid_m=low,speed_quant_95=low,1,1,2,561,0.20870535714285715,896,0.3333333333333333,896,0.3333333333333333,0.6261160714285714,1.8783482142857142,0.09759424603174605
RAW-FP-R02231,net_displacement_m=low,angles_sd=high,1,1,2,561,0.20870535714285715,896,0.3333333333333333,896,0.3333333333333333,0.6261160714285714,1.8783482142857142,0.09759424603174605
RAW-FP-R02232,net_displacement_m=low,angles_meanse=high,1,1,2,561,0.20870535714285715,896,0.3333333333333333,896,0.3333333333333333,0.6261160714285714,1.8783482142857142,0.09759424603174605
RAW-FP-R02233,radius_of_gyration_m=high,speed_quant_95=high,1,1,2,561,0.20870535714285715,896,0.3333333333333333,896,0.3333333333333333,0.6261160714285714,1.8783482142857142,0.09759424603174605
RAW-FP-R02234,speed_mean_first_half=high,angles_iqr=low,1,1,2,561,0.20870535714285715,896,0.3333333333333333,896,0.3333333333333333,0.6261160714285714,1.8783482142857142,0.09759424603174605
RAW-FP-R02235,speed_mean_first_half=high,angles_quant_90=low,1,1,2,561,0.20870535714285715,896,0.3333333333333333,896,0.3333333333333333,0.6261160714285714,1.8783482142857142,0.09759424603174605
RAW-FP-R02236,speed_mean_first_half=high,angles_quant_95=low,1,1,2,561,0.20870535714285715,896,0.3333333333333333,896,0.3333333333333333,0.6261160714285714,1.8783482142857142,0.09759424603174605
RAW-FP-R02237,speed_mean_first_half=low,angles_meanse=high,1,1,2,561,0.20870535714285715,896,0.3333333333333333,896,0.3333333333333333,0.6261160714285714,1.8783482142857142,0.09759424603174605
RAW-FP-R02238,speed_mean_first_half=low,angles_sd=high,1,1,2,561,0.20870535714285715,896,0.3333333333333333,896,0.3333333333333333,0.6261160714285714,1.8783482142857142,0.09759424603174605
RAW-FP-R02239,speed_quant_05=high,angles_mad=low,1,1,2,561,0.20870535714285715,896,0.3333333333333333,896,0.3333333333333333,0.6261160714285714,1.8783482142857142,0.09759424603174605
RAW-FP-R02240,speed_quant_90=low,bbox_width_m=low,1,1,2,561,0.20870535714285715,896,0.3333333333333333,896,0.3333333333333333,0.6261160714285714,1.8783482142857142,0.09759424603174605
RAW-FP-R02241,speed_quant_95=high,radius_of_gyration_m=high,1,1,2,561,0.20870535714285715,896,0.3333333333333333,896,0.3333333333333333,0.6261160714285714,1.8783482142857142,0.09759424603174605
RAW-FP-R02242,speed_quant_95=low,median_distance_to_centroid_m=low,1,1,2,561,0.20870535714285715,896,0.3333333333333333,896,0.3333333333333333,0.6261160714285714,1.8783482142857142,0.09759424603174605
RAW-FP-R02243,acceleration_kurt=high,acceleration_range=high,1,1,2,560,0.20833333333333334,896,0.3333333333333333,896,0.3333333333333333,0.625,1.875,0.09722222222222224
RAW-FP-R02244,acceleration_range=high,acceleration_kurt=high,1,1,2,560,0.20833333333333334,896,0.3333333333333333,896,0.3333333333333333,0.625,1.875,0.09722222222222224
RAW-FP-R02245,angle_progress_slope=low,distance_geometry_3_1=low,1,1,2,560,0.20833333333333334,896,0.3333333333333333,896,0.3333333333333333,0.625,1.875,0.09722222222222224
RAW-FP-R02246,angles_meanse=high,bbox_diagonal_m=low,1,1,2,560,0.20833333333333334,896,0.3333333333333333,896,0.3333333333333333,0.625,1.875,0.09722222222222224
RAW-FP-R02247,angles_quant_75=low,distance_geometry_3_1=high,1,1,2,560,0.20833333333333334,896,0.3333333333333333,896,0.3333333333333333,0.625,1.875,0.09722222222222224
RAW-FP-R02248,angles_quant_75=medium,angles_quant_95=medium,1,1,2,560,0.20833333333333334,896,0.3333333333333333,896,0.3333333333333333,0.625,1.875,0.09722222222222224
RAW-FP-R02249,angles_quant_95=high,distance_geometry_2_1=low,1,1,2,560,0.20833333333333334,896,0.3333333333333333,896,0.3333333333333333,0.625,1.875,0.09722222222222224
RAW-FP-R02250,angles_quant_95=medium,angles_quant_75=medium,1,1,2,560,0.20833333333333334,896,0.3333333333333333,896,0.3333333333333333,0.625,1.875,0.09722222222222224
RAW-FP-R02251,angles_sd=high,bbox_diagonal_m=low,1,1,2,560,0.20833333333333334,896,0.3333333333333333,896,0.3333333333333333,0.625,1.875,0.09722222222222224
RAW-FP-R02252,bbox_area_km2=medium,radius_of_gyration_m=medium,1,1,2,560,0.20833333333333334,896,0.3333333333333333,896,0.3333333333333333,0.625,1.875,0.09722222222222224
RAW-FP-R02253,bbox_diagonal_m=low,angles_sd=high,1,1,2,560,0.20833333333333334,896,0.3333333333333333,896,0.3333333333333333,0.625,1.875,0.09722222222222224
RAW-FP-R02254,bbox_diagonal_m=low,angles_meanse=high,1,1,2,560,0.20833333333333334,896,0.3333333333333333,896,0.3333333333333333,0.625,1.875,0.09722222222222224
RAW-FP-R02255,bbox_width_m=low,speed_quant_10=low,1,1,2,560,0.20833333333333334,896,0.3333333333333333,896,0.3333333333333333,0.625,1.875,0.09722222222222224
RAW-FP-R02256,distance_geometry_2_1=low,angles_quant_95=high,1,1,2,560,0.20833333333333334,896,0.3333333333333333,896,0.3333333333333333,0.625,1.875,0.09722222222222224
RAW-FP-R02257,distance_geometry_3_1=high,angles_quant_75=low,1,1,2,560,0.20833333333333334,896,0.3333333333333333,896,0.3333333333333333,0.625,1.875,0.09722222222222224
RAW-FP-R02258,distance_geometry_3_1=low,angle_progress_slope=low,1,1,2,560,0.20833333333333334,896,0.3333333333333333,896,0.3333333333333333,0.625,1.875,0.09722222222222224
RAW-FP-R02259,mean_distance_to_centroid_m=high,speed_quant_95=high,1,1,2,560,0.20833333333333334,896,0.3333333333333333,896,0.3333333333333333,0.625,1.875,0.09722222222222224
RAW-FP-R02260,radius_of_gyration_m=medium,bbox_area_km2=medium,1,1,2,560,0.20833333333333334,896,0.3333333333333333,896,0.3333333333333333,0.625,1.875,0.09722222222222224
RAW-FP-R02261,speed_mean_second_half=high,speed_quant_10=high,1,1,2,560,0.20833333333333334,896,0.3333333333333333,896,0.3333333333333333,0.625,1.875,0.09722222222222224
RAW-FP-R02262,speed_quant_10=high,speed_mean_second_half=high,1,1,2,560,0.20833333333333334,896,0.3333333333333333,896,0.3333333333333333,0.625,1.875,0.09722222222222224
RAW-FP-R02263,speed_quant_10=low,bbox_width_m=low,1,1,2,560,0.20833333333333334,896,0.3333333333333333,896,0.3333333333333333,0.625,1.875,0.09722222222222224
RAW-FP-R02264,speed_quant_95=high,mean_distance_to_centroid_m=high,1,1,2,560,0.20833333333333334,896,0.3333333333333333,896,0.3333333333333333,0.625,1.875,0.09722222222222224
RAW-FP-R02265,acceleration_iqr=high,acceleration_sd=high,1,1,2,559,0.20796130952380953,896,0.3333333333333333,896,0.3333333333333333,0.6238839285714286,1.8716517857142858,0.09685019841269843
RAW-FP-R02266,acceleration_iqr=high,acceleration_meanse=high,1,1,2,559,0.20796130952380953,896,0.3333333333333333,896,0.3333333333333333,0.6238839285714286,1.8716517857142858,0.09685019841269843
RAW-FP-R02267,acceleration_mad=high,acceleration_sd=high,1,1,2,559,0.20796130952380953,896,0.3333333333333333,896,0.3333333333333333,0.6238839285714286,1.8716517857142858,0.09685019841269843
RAW-FP-R02268,acceleration_mad=high,acceleration_meanse=high,1,1,2,559,0.20796130952380953,896,0.3333333333333333,896,0.3333333333333333,0.6238839285714286,1.8716517857142858,0.09685019841269843
RAW-FP-R02269,acceleration_meanse=high,acceleration_iqr=high,1,1,2,559,0.20796130952380953,896,0.3333333333333333,896,0.3333333333333333,0.6238839285714286,1.8716517857142858,0.09685019841269843
RAW-FP-R02270,acceleration_meanse=high,acceleration_mad=high,1,1,2,559,0.20796130952380953,896,0.3333333333333333,896,0.3333333333333333,0.6238839285714286,1.8716517857142858,0.09685019841269843
RAW-FP-R02271,acceleration_sd=high,acceleration_iqr=high,1,1,2,559,0.20796130952380953,896,0.3333333333333333,896,0.3333333333333333,0.6238839285714286,1.8716517857142858,0.09685019841269843
RAW-FP-R02272,acceleration_sd=high,acceleration_mad=high,1,1,2,559,0.20796130952380953,896,0.3333333333333333,896,0.3333333333333333,0.6238839285714286,1.8716517857142858,0.09685019841269843
RAW-FP-R02273,angles_mean=low,distance_geometry_5_1=high,1,1,2,559,0.20796130952380953,896,0.3333333333333333,896,0.3333333333333333,0.6238839285714286,1.8716517857142858,0.09685019841269843
RAW-FP-R02274,angles_quant_75=high,radius_of_gyration_m=low,1,1,2,559,0.20796130952380953,896,0.3333333333333333,896,0.3333333333333333,0.6238839285714286,1.8716517857142858,0.09685019841269843
RAW-FP-R02275,angles_quant_95=high,net_displacement_m=low,1,1,2,559,0.20796130952380953,896,0.3333333333333333,896,0.3333333333333333,0.6238839285714286,1.8716517857142858,0.09685019841269843
RAW-FP-R02276,angles_quant_max=high,speed_mean=low,1,1,2,559,0.20796130952380953,896,0.3333333333333333,896,0.3333333333333333,0.6238839285714286,1.8716517857142858,0.09685019841269843
RAW-FP-R02277,distance_geometry_1_1=low,distance_geometry_2_1=low,1,1,2,559,0.20796130952380953,896,0.3333333333333333,896,0.3333333333333333,0.6238839285714286,1.8716517857142858,0.09685019841269843
RAW-FP-R02278,distance_geometry_2_1=low,distance_geometry_1_1=low,1,1,2,559,0.20796130952380953,896,0.3333333333333333,896,0.3333333333333333,0.6238839285714286,1.8716517857142858,0.09685019841269843
RAW-FP-R02279,distance_geometry_5_1=high,angles_mean=low,1,1,2,559,0.20796130952380953,896,0.3333333333333333,896,0.3333333333333333,0.6238839285714286,1.8716517857142858,0.09685019841269843
RAW-FP-R02280,net_displacement_m=low,angles_quant_95=high,1,1,2,559,0.20796130952380953,896,0.3333333333333333,896,0.3333333333333333,0.6238839285714286,1.8716517857142858,0.09685019841269843
RAW-FP-R02281,radius_of_gyration_m=low,angles_quant_75=high,1,1,2,559,0.20796130952380953,896,0.3333333333333333,896,0.3333333333333333,0.6238839285714286,1.8716517857142858,0.09685019841269843
RAW-FP-R02282,speed_mean=low,angles_quant_max=high,1,1,2,559,0.20796130952380953,896,0.3333333333333333,896,0.3333333333333333,0.6238839285714286,1.8716517857142858,0.09685019841269843
RAW-FP-R02283,speed_mean_half_diff=high,speed_meanse=high,1,1,2,559,0.20796130952380953,896,0.3333333333333333,896,0.3333333333333333,0.6238839285714286,1.8716517857142858,0.09685019841269843
RAW-FP-R02284,speed_mean_half_diff=high,speed_sd=high,1,1,2,559,0.20796130952380953,896,0.3333333333333333,896,0.3333333333333333,0.6238839285714286,1.8716517857142858,0.09685019841269843
RAW-FP-R02285,speed_meanse=high,speed_mean_half_diff=high,1,1,2,559,0.20796130952380953,896,0.3333333333333333,896,0.3333333333333333,0.6238839285714286,1.8716517857142858,0.09685019841269843
RAW-FP-R02286,speed_sd=high,speed_mean_half_diff=high,1,1,2,559,0.20796130952380953,896,0.3333333333333333,896,0.3333333333333333,0.6238839285714286,1.8716517857142858,0.09685019841269843
RAW-FP-R02287,acceleration_iqr=high,acceleration_quant_min=low,1,1,2,558,0.20758928571428573,896,0.3333333333333333,896,0.3333333333333333,0.6227678571428571,1.8683035714285714,0.09647817460317462
RAW-FP-R02288,acceleration_mean_second_half=high,acceleration_vcoef=low,1,1,2,558,0.20758928571428573,896,0.3333333333333333,896,0.3333333333333333,0.6227678571428571,1.8683035714285714,0.09647817460317462
RAW-FP-R02289,acceleration_quant_min=low,acceleration_iqr=high,1,1,2,558,0.20758928571428573,896,0.3333333333333333,896,0.3333333333333333,0.6227678571428571,1.8683035714285714,0.09647817460317462
RAW-FP-R02290,acceleration_vcoef=low,acceleration_mean_second_half=high,1,1,2,558,0.20758928571428573,896,0.3333333333333333,896,0.3333333333333333,0.6227678571428571,1.8683035714285714,0.09647817460317462
RAW-FP-R02291,angle_progress_slope=low,speed_mean_half_diff=high,1,1,2,558,0.20758928571428573,896,0.3333333333333333,896,0.3333333333333333,0.6227678571428571,1.8683035714285714,0.09647817460317462
RAW-FP-R02292,angles_mad=low,speed_mean=high,1,1,2,558,0.20758928571428573,896,0.3333333333333333,896,0.3333333333333333,0.6227678571428571,1.8683035714285714,0.09647817460317462
RAW-FP-R02293,angles_mean=high,distance_geometry_2_1=low,1,1,2,558,0.20758928571428573,896,0.3333333333333333,896,0.3333333333333333,0.6227678571428571,1.8683035714285714,0.09647817460317462
RAW-FP-R02294,angles_mean=low,speed_mean_first_half=high,1,1,2,558,0.20758928571428573,896,0.3333333333333333,896,0.3333333333333333,0.6227678571428571,1.8683035714285714,0.09647817460317462
RAW-FP-R02295,angles_quant_75=low,distance_geometry_4_2=high,1,1,2,558,0.20758928571428573,896,0.3333333333333333,896,0.3333333333333333,0.6227678571428571,1.8683035714285714,0.09647817460317462
RAW-FP-R02296,angles_quant_75=low,distance_geometry_5_2=high,1,1,2,558,0.20758928571428573,896,0.3333333333333333,896,0.3333333333333333,0.6227678571428571,1.8683035714285714,0.09647817460317462
RAW-FP-R02297,angles_quant_90=high,distance_geometry_5_2=low,1,1,2,558,0.20758928571428573,896,0.3333333333333333,896,0.3333333333333333,0.6227678571428571,1.8683035714285714,0.09647817460317462
RAW-FP-R02298,angles_quant_90=low,distance_geometry_4_1=high,1,1,2,558,0.20758928571428573,896,0.3333333333333333,896,0.3333333333333333,0.6227678571428571,1.8683035714285714,0.09647817460317462
RAW-FP-R02299,angles_quant_95=low,distance_geometry_4_1=high,1,1,2,558,0.20758928571428573,896,0.3333333333333333,896,0.3333333333333333,0.6227678571428571,1.8683035714285714,0.09647817460317462
RAW-FP-R02300,angles_range=high,speed_mean=low,1,1,2,558,0.20758928571428573,896,0.3333333333333333,896,0.3333333333333333,0.6227678571428571,1.8683035714285714,0.09647817460317462
RAW-FP-R02301,directness_ratio=low,distance_geometry_2_1=low,1,1,2,558,0.20758928571428573,896,0.3333333333333333,896,0.3333333333333333,0.6227678571428571,1.8683035714285714,0.09647817460317462
RAW-FP-R02302,distance_geometry_2_1=low,angles_mean=high,1,1,2,558,0.20758928571428573,896,0.3333333333333333,896,0.3333333333333333,0.6227678571428571,1.8683035714285714,0.09647817460317462
RAW-FP-R02303,distance_geometry_2_1=low,directness_ratio=low,1,1,2,558,0.20758928571428573,896,0.3333333333333333,896,0.3333333333333333,0.6227678571428571,1.8683035714285714,0.09647817460317462
RAW-FP-R02304,distance_geometry_2_2=medium,distance_geometry_3_3=medium,1,1,2,558,0.20758928571428573,896,0.3333333333333333,896,0.3333333333333333,0.6227678571428571,1.8683035714285714,0.09647817460317462
RAW-FP-R02305,distance_geometry_3_3=medium,distance_geometry_2_2=medium,1,1,2,558,0.20758928571428573,896,0.3333333333333333,896,0.3333333333333333,0.6227678571428571,1.8683035714285714,0.09647817460317462
RAW-FP-R02306,distance_geometry_4_1=high,angles_quant_90=low,1,1,2,558,0.20758928571428573,896,0.3333333333333333,896,0.3333333333333333,0.6227678571428571,1.8683035714285714,0.09647817460317462
RAW-FP-R02307,distance_geometry_4_1=high,angles_quant_95=low,1,1,2,558,0.20758928571428573,896,0.3333333333333333,896,0.3333333333333333,0.6227678571428571,1.8683035714285714,0.09647817460317462
RAW-FP-R02308,distance_geometry_4_2=high,angles_quant_75=low,1,1,2,558,0.20758928571428573,896,0.3333333333333333,896,0.3333333333333333,0.6227678571428571,1.8683035714285714,0.09647817460317462
RAW-FP-R02309,distance_geometry_5_2=high,angles_quant_75=low,1,1,2,558,0.20758928571428573,896,0.3333333333333333,896,0.3333333333333333,0.6227678571428571,1.8683035714285714,0.09647817460317462
RAW-FP-R02310,distance_geometry_5_2=low,angles_quant_90=high,1,1,2,558,0.20758928571428573,896,0.3333333333333333,896,0.3333333333333333,0.6227678571428571,1.8683035714285714,0.09647817460317462
RAW-FP-R02311,max_distance_to_centroid_m=high,speed_quant_05=high,1,1,2,558,0.20758928571428573,896,0.3333333333333333,896,0.3333333333333333,0.6227678571428571,1.8683035714285714,0.09647817460317462
RAW-FP-R02312,median_distance_to_centroid_m=high,speed_quant_90=high,1,1,2,558,0.20758928571428573,896,0.3333333333333333,896,0.3333333333333333,0.6227678571428571,1.8683035714285714,0.09647817460317462
RAW-FP-R02313,speed_mean=high,angles_mad=low,1,1,2,558,0.20758928571428573,896,0.3333333333333333,896,0.3333333333333333,0.6227678571428571,1.8683035714285714,0.09647817460317462
RAW-FP-R02314,speed_mean=low,angles_range=high,1,1,2,558,0.20758928571428573,896,0.3333333333333333,896,0.3333333333333333,0.6227678571428571,1.8683035714285714,0.09647817460317462
RAW-FP-R02315,speed_mean_first_half=high,angles_mean=low,1,1,2,558,0.20758928571428573,896,0.3333333333333333,896,0.3333333333333333,0.6227678571428571,1.8683035714285714,0.09647817460317462
RAW-FP-R02316,speed_mean_half_diff=high,angle_progress_slope=low,1,1,2,558,0.20758928571428573,896,0.3333333333333333,896,0.3333333333333333,0.6227678571428571,1.8683035714285714,0.09647817460317462
RAW-FP-R02317,speed_quant_05=high,max_distance_to_centroid_m=high,1,1,2,558,0.20758928571428573,896,0.3333333333333333,896,0.3333333333333333,0.6227678571428571,1.8683035714285714,0.09647817460317462
RAW-FP-R02318,speed_quant_90=high,median_distance_to_centroid_m=high,1,1,2,558,0.20758928571428573,896,0.3333333333333333,896,0.3333333333333333,0.6227678571428571,1.8683035714285714,0.09647817460317462
RAW-FP-R02319,bbox_lon_span_deg=medium,radius_of_gyration_m=medium,1,1,2,558,0.20758928571428573,897,0.33370535714285715,896,0.3333333333333333,0.6220735785953178,1.8662207357859533,0.09635416666666669
RAW-FP-R02320,radius_of_gyration_m=medium,bbox_lon_span_deg=medium,1,1,2,558,0.20758928571428573,896,0.3333333333333333,897,0.33370535714285715,0.6227678571428571,1.866220735785953,0.09635416666666669
RAW-FP-R02321,acceleration_quant_median=high,duration_total_seconds=low,1,1,2,566,0.2105654761904762,896,0.3333333333333333,910,0.3385416666666667,0.6316964285714286,1.865934065934066,0.09771825396825397
RAW-FP-R02322,acceleration_quant_median=high,sampling_gap_mean_seconds=low,1,1,2,566,0.2105654761904762,896,0.3333333333333333,910,0.3385416666666667,0.6316964285714286,1.865934065934066,0.09771825396825397
RAW-FP-R02323,duration_total_seconds=low,acceleration_quant_median=high,1,1,2,566,0.2105654761904762,910,0.3385416666666667,896,0.3333333333333333,0.621978021978022,1.865934065934066,0.09771825396825397
RAW-FP-R02324,sampling_gap_mean_seconds=low,acceleration_quant_median=high,1,1,2,566,0.2105654761904762,910,0.3385416666666667,896,0.3333333333333333,0.621978021978022,1.865934065934066,0.09771825396825397
RAW-FP-R02325,angles_mean=high,distance_geometry_5_2=low,1,1,2,557,0.20721726190476192,896,0.3333333333333333,896,0.3333333333333333,0.6216517857142857,1.8649553571428572,0.09610615079365081
RAW-FP-R02326,angles_mean=low,distance_geometry_4_3=high,1,1,2,557,0.20721726190476192,896,0.3333333333333333,896,0.3333333333333333,0.6216517857142857,1.8649553571428572,0.09610615079365081
RAW-FP-R02327,angles_meanse=low,speed_mean=high,1,1,2,557,0.20721726190476192,896,0.3333333333333333,896,0.3333333333333333,0.6216517857142857,1.8649553571428572,0.09610615079365081
RAW-FP-R02328,angles_meanse=low,distance_geometry_1_1=high,1,1,2,557,0.20721726190476192,896,0.3333333333333333,896,0.3333333333333333,0.6216517857142857,1.8649553571428572,0.09610615079365081
RAW-FP-R02329,angles_meanse=low,speed_mean_first_half=high,1,1,2,557,0.20721726190476192,896,0.3333333333333333,896,0.3333333333333333,0.6216517857142857,1.8649553571428572,0.09610615079365081
RAW-FP-R02330,angles_quant_90=high,net_displacement_m=low,1,1,2,557,0.20721726190476192,896,0.3333333333333333,896,0.3333333333333333,0.6216517857142857,1.8649553571428572,0.09610615079365081
RAW-FP-R02331,angles_quant_90=low,distance_geometry_5_1=high,1,1,2,557,0.20721726190476192,896,0.3333333333333333,896,0.3333333333333333,0.6216517857142857,1.8649553571428572,0.09610615079365081
RAW-FP-R02332,angles_quant_95=low,speed_mean=high,1,1,2,557,0.20721726190476192,896,0.3333333333333333,896,0.3333333333333333,0.6216517857142857,1.8649553571428572,0.09610615079365081
RAW-FP-R02333,angles_sd=low,speed_mean=high,1,1,2,557,0.20721726190476192,896,0.3333333333333333,896,0.3333333333333333,0.6216517857142857,1.8649553571428572,0.09610615079365081
RAW-FP-R02334,angles_sd=low,speed_mean_first_half=high,1,1,2,557,0.20721726190476192,896,0.3333333333333333,896,0.3333333333333333,0.6216517857142857,1.8649553571428572,0.09610615079365081
RAW-FP-R02335,angles_sd=low,distance_geometry_1_1=high,1,1,2,557,0.20721726190476192,896,0.3333333333333333,896,0.3333333333333333,0.6216517857142857,1.8649553571428572,0.09610615079365081
RAW-FP-R02336,distance_geometry_1_1=high,angles_sd=low,1,1,2,557,0.20721726190476192,896,0.3333333333333333,896,0.3333333333333333,0.6216517857142857,1.8649553571428572,0.09610615079365081
RAW-FP-R02337,distance_geometry_1_1=high,angles_meanse=low,1,1,2,557,0.20721726190476192,896,0.3333333333333333,896,0.3333333333333333,0.6216517857142857,1.8649553571428572,0.09610615079365081
RAW-FP-R02338,distance_geometry_4_3=high,angles_mean=low,1,1,2,557,0.20721726190476192,896,0.3333333333333333,896,0.3333333333333333,0.6216517857142857,1.8649553571428572,0.09610615079365081
RAW-FP-R02339,distance_geometry_5_1=high,angles_quant_90=low,1,1,2,557,0.20721726190476192,896,0.3333333333333333,896,0.3333333333333333,0.6216517857142857,1.8649553571428572,0.09610615079365081
RAW-FP-R02340,distance_geometry_5_2=low,angles_mean=high,1,1,2,557,0.20721726190476192,896,0.3333333333333333,896,0.3333333333333333,0.6216517857142857,1.8649553571428572,0.09610615079365081
RAW-FP-R02341,net_displacement_m=low,angles_quant_90=high,1,1,2,557,0.20721726190476192,896,0.3333333333333333,896,0.3333333333333333,0.6216517857142857,1.8649553571428572,0.09610615079365081
RAW-FP-R02342,speed_mean=high,angles_quant_95=low,1,1,2,557,0.20721726190476192,896,0.3333333333333333,896,0.3333333333333333,0.6216517857142857,1.8649553571428572,0.09610615079365081
RAW-FP-R02343,speed_mean=high,angles_meanse=low,1,1,2,557,0.20721726190476192,896,0.3333333333333333,896,0.3333333333333333,0.6216517857142857,1.8649553571428572,0.09610615079365081
RAW-FP-R02344,speed_mean=high,angles_sd=low,1,1,2,557,0.20721726190476192,896,0.3333333333333333,896,0.3333333333333333,0.6216517857142857,1.8649553571428572,0.09610615079365081
RAW-FP-R02345,speed_mean_first_half=high,angles_meanse=low,1,1,2,557,0.20721726190476192,896,0.3333333333333333,896,0.3333333333333333,0.6216517857142857,1.8649553571428572,0.09610615079365081
RAW-FP-R02346,speed_mean_first_half=high,angles_sd=low,1,1,2,557,0.20721726190476192,896,0.3333333333333333,896,0.3333333333333333,0.6216517857142857,1.8649553571428572,0.09610615079365081
RAW-FP-R02347,speed_mean_first_half=low,speed_quant_95=low,1,1,2,557,0.20721726190476192,896,0.3333333333333333,896,0.3333333333333333,0.6216517857142857,1.8649553571428572,0.09610615079365081
RAW-FP-R02348,speed_quant_10=low,speed_quant_90=low,1,1,2,557,0.20721726190476192,896,0.3333333333333333,896,0.3333333333333333,0.6216517857142857,1.8649553571428572,0.09610615079365081
RAW-FP-R02349,speed_quant_90=low,speed_quant_10=low,1,1,2,557,0.20721726190476192,896,0.3333333333333333,896,0.3333333333333333,0.6216517857142857,1.8649553571428572,0.09610615079365081
RAW-FP-R02350,speed_quant_95=low,speed_mean_first_half=low,1,1,2,557,0.20721726190476192,896,0.3333333333333333,896,0.3333333333333333,0.6216517857142857,1.8649553571428572,0.09610615079365081
RAW-FP-R02351,acceleration_mean=high,speed_mean_half_diff=high,1,1,2,556,0.20684523809523808,896,0.3333333333333333,896,0.3333333333333333,0.6205357142857143,1.861607142857143,0.09573412698412698
RAW-FP-R02352,acceleration_quant_95=high,speed_meanse=high,1,1,2,556,0.20684523809523808,896,0.3333333333333333,896,0.3333333333333333,0.6205357142857143,1.861607142857143,0.09573412698412698
RAW-FP-R02353,acceleration_quant_95=high,speed_sd=high,1,1,2,556,0.20684523809523808,896,0.3333333333333333,896,0.3333333333333333,0.6205357142857143,1.861607142857143,0.09573412698412698
RAW-FP-R02354,angles_mean=high,distance_geometry_4_2=low,1,1,2,556,0.20684523809523808,896,0.3333333333333333,896,0.3333333333333333,0.6205357142857143,1.861607142857143,0.09573412698412698
RAW-FP-R02355,angles_mean=high,speed_mean_second_half=low,1,1,2,556,0.20684523809523808,896,0.3333333333333333,896,0.3333333333333333,0.6205357142857143,1.861607142857143,0.09573412698412698
RAW-FP-R02356,angles_quant_75=high,mean_distance_to_centroid_m=low,1,1,2,556,0.20684523809523808,896,0.3333333333333333,896,0.3333333333333333,0.6205357142857143,1.861607142857143,0.09573412698412698
RAW-FP-R02357,bbox_lon_span_deg=low,speed_quant_05=low,1,1,2,556,0.20684523809523808,896,0.3333333333333333,896,0.3333333333333333,0.6205357142857143,1.861607142857143,0.09573412698412698
RAW-FP-R02358,distance_geometry_4_2=low,angles_mean=high,1,1,2,556,0.20684523809523808,896,0.3333333333333333,896,0.3333333333333333,0.6205357142857143,1.861607142857143,0.09573412698412698
RAW-FP-R02359,mean_distance_to_centroid_m=low,angles_quant_75=high,1,1,2,556,0.20684523809523808,896,0.3333333333333333,896,0.3333333333333333,0.6205357142857143,1.861607142857143,0.09573412698412698
RAW-FP-R02360,mean_distance_to_centroid_m=low,speed_quant_max=low,1,1,2,556,0.20684523809523808,896,0.3333333333333333,896,0.3333333333333333,0.6205357142857143,1.861607142857143,0.09573412698412698
RAW-FP-R02361,speed_mean_half_diff=high,acceleration_mean=high,1,1,2,556,0.20684523809523808,896,0.3333333333333333,896,0.3333333333333333,0.6205357142857143,1.861607142857143,0.09573412698412698
RAW-FP-R02362,speed_mean_second_half=low,angles_mean=high,1,1,2,556,0.20684523809523808,896,0.3333333333333333,896,0.3333333333333333,0.6205357142857143,1.861607142857143,0.09573412698412698
RAW-FP-R02363,speed_meanse=high,acceleration_quant_95=high,1,1,2,556,0.20684523809523808,896,0.3333333333333333,896,0.3333333333333333,0.6205357142857143,1.861607142857143,0.09573412698412698
RAW-FP-R02364,speed_quant_05=low,bbox_lon_span_deg=low,1,1,2,556,0.20684523809523808,896,0.3333333333333333,896,0.3333333333333333,0.6205357142857143,1.861607142857143,0.09573412698412698
RAW-FP-R02365,speed_quant_max=low,mean_distance_to_centroid_m=low,1,1,2,556,0.20684523809523808,896,0.3333333333333333,896,0.3333333333333333,0.6205357142857143,1.861607142857143,0.09573412698412698
RAW-FP-R02366,speed_sd=high,acceleration_quant_95=high,1,1,2,556,0.20684523809523808,896,0.3333333333333333,896,0.3333333333333333,0.6205357142857143,1.861607142857143,0.09573412698412698
RAW-FP-R02367,angles_quant_10=medium,angles_mad=low,1,1,2,326,0.1212797619047619,526,0.1956845238095238,896,0.3333333333333333,0.6197718631178707,1.8593155893536122,0.05605158730158731
RAW-FP-R02368,angles_quant_10=medium,angles_quant_median=low,1,1,2,326,0.1212797619047619,526,0.1956845238095238,896,0.3333333333333333,0.6197718631178707,1.8593155893536122,0.05605158730158731
RAW-FP-R02369,angles_quant_min=low,angles_quant_10=low,1,1,2,1266,0.47098214285714285,1446,0.5379464285714286,1266,0.47098214285714285,0.8755186721991701,1.8589211618257262,0.21761898118622447
RAW-FP-R02370,angles_quant_min=low,angles_0s=high,1,1,2,884,0.3288690476190476,1446,0.5379464285714286,884,0.3288690476190476,0.6113416320885201,1.8589211618257262,0.15195511798469385
RAW-FP-R02371,angles_quant_05=low,angles_quant_min=low,1,1,2,1421,0.5286458333333334,1421,0.5286458333333334,1446,0.5379464285714286,1.0,1.858921161825726,0.2442626953125
RAW-FP-R02372,angles_quant_10=low,angles_quant_min=low,1,1,2,1266,0.47098214285714285,1266,0.47098214285714285,1446,0.5379464285714286,1.0,1.858921161825726,0.21761898118622447
RAW-FP-R02373,angles_0s=high,angles_quant_min=low,1,1,2,884,0.3288690476190476,884,0.3288690476190476,1446,0.5379464285714286,1.0,1.858921161825726,0.15195511798469385
RAW-FP-R02374,angles_0s=medium,angles_quant_min=low,1,1,2,562,0.20907738095238096,562,0.20907738095238096,1446,0.5379464285714286,1.0,1.858921161825726,0.0966049505739796
RAW-FP-R02375,angles_quant_min=low,angles_quant_05=low,1,1,2,1421,0.5286458333333334,1446,0.5379464285714286,1421,0.5286458333333334,0.9827109266943291,1.858921161825726,0.2442626953125
RAW-FP-R02376,acceleration_mad=high,acceleration_quant_min=low,1,1,2,555,0.20647321428571427,896,0.3333333333333333,896,0.3333333333333333,0.6194196428571429,1.8582589285714288,0.09536210317460317
RAW-FP-R02377,acceleration_mad=low,acceleration_sd=low,1,1,2,555,0.20647321428571427,896,0.3333333333333333,896,0.3333333333333333,0.6194196428571429,1.8582589285714288,0.09536210317460317
RAW-FP-R02378,acceleration_mad=low,acceleration_meanse=low,1,1,2,555,0.20647321428571427,896,0.3333333333333333,896,0.3333333333333333,0.6194196428571429,1.8582589285714288,0.09536210317460317
RAW-FP-R02379,acceleration_meanse=low,acceleration_mad=low,1,1,2,555,0.20647321428571427,896,0.3333333333333333,896,0.3333333333333333,0.6194196428571429,1.8582589285714288,0.09536210317460317
RAW-FP-R02380,acceleration_quant_05=high,acceleration_quant_75=low,1,1,2,555,0.20647321428571427,896,0.3333333333333333,896,0.3333333333333333,0.6194196428571429,1.8582589285714288,0.09536210317460317
RAW-FP-R02381,acceleration_quant_75=low,acceleration_quant_05=high,1,1,2,555,0.20647321428571427,896,0.3333333333333333,896,0.3333333333333333,0.6194196428571429,1.8582589285714288,0.09536210317460317
RAW-FP-R02382,acceleration_quant_95=high,speed_quant_max=high,1,1,2,555,0.20647321428571427,896,0.3333333333333333,896,0.3333333333333333,0.6194196428571429,1.8582589285714288,0.09536210317460317
RAW-FP-R02383,acceleration_quant_min=low,acceleration_mad=high,1,1,2,555,0.20647321428571427,896,0.3333333333333333,896,0.3333333333333333,0.6194196428571429,1.8582589285714288,0.09536210317460317
RAW-FP-R02384,acceleration_sd=low,acceleration_mad=low,1,1,2,555,0.20647321428571427,896,0.3333333333333333,896,0.3333333333333333,0.6194196428571429,1.8582589285714288,0.09536210317460317
RAW-FP-R02385,angle_progress_slope=low,distance_geometry_4_1=low,1,1,2,555,0.20647321428571427,896,0.3333333333333333,896,0.3333333333333333,0.6194196428571429,1.8582589285714288,0.09536210317460317
RAW-FP-R02386,angles_quant_75=high,distance_geometry_5_2=low,1,1,2,555,0.20647321428571427,896,0.3333333333333333,896,0.3333333333333333,0.6194196428571429,1.8582589285714288,0.09536210317460317
RAW-FP-R02387,angles_quant_90=low,distance_geometry_1_1=high,1,1,2,555,0.20647321428571427,896,0.3333333333333333,896,0.3333333333333333,0.6194196428571429,1.8582589285714288,0.09536210317460317
RAW-FP-R02388,angles_quant_90=low,directness_ratio=high,1,1,2,555,0.20647321428571427,896,0.3333333333333333,896,0.3333333333333333,0.6194196428571429,1.8582589285714288,0.09536210317460317
RAW-FP-R02389,angles_quant_90=low,distance_geometry_4_2=high,1,1,2,555,0.20647321428571427,896,0.3333333333333333,896,0.3333333333333333,0.6194196428571429,1.8582589285714288,0.09536210317460317
RAW-FP-R02390,angles_quant_95=low,distance_geometry_5_2=high,1,1,2,555,0.20647321428571427,896,0.3333333333333333,896,0.3333333333333333,0.6194196428571429,1.8582589285714288,0.09536210317460317
RAW-FP-R02391,angles_quant_max=low,distance_geometry_3_1=high,1,1,2,555,0.20647321428571427,896,0.3333333333333333,896,0.3333333333333333,0.6194196428571429,1.8582589285714288,0.09536210317460317
RAW-FP-R02392,angles_range=low,distance_geometry_3_1=high,1,1,2,555,0.20647321428571427,896,0.3333333333333333,896,0.3333333333333333,0.6194196428571429,1.8582589285714288,0.09536210317460317
RAW-FP-R02393,bbox_area_km2=medium,max_distance_to_centroid_m=medium,1,1,2,555,0.20647321428571427,896,0.3333333333333333,896,0.3333333333333333,0.6194196428571429,1.8582589285714288,0.09536210317460317
RAW-FP-R02394,directness_ratio=high,angles_quant_90=low,1,1,2,555,0.20647321428571427,896,0.3333333333333333,896,0.3333333333333333,0.6194196428571429,1.8582589285714288,0.09536210317460317
RAW-FP-R02395,distance_geometry_1_1=high,angles_quant_90=low,1,1,2,555,0.20647321428571427,896,0.3333333333333333,896,0.3333333333333333,0.6194196428571429,1.8582589285714288,0.09536210317460317
RAW-FP-R02396,distance_geometry_3_1=high,angles_range=low,1,1,2,555,0.20647321428571427,896,0.3333333333333333,896,0.3333333333333333,0.6194196428571429,1.8582589285714288,0.09536210317460317
RAW-FP-R02397,distance_geometry_3_1=high,angles_quant_max=low,1,1,2,555,0.20647321428571427,896,0.3333333333333333,896,0.3333333333333333,0.6194196428571429,1.8582589285714288,0.09536210317460317
RAW-FP-R02398,distance_geometry_4_1=low,angle_progress_slope=low,1,1,2,555,0.20647321428571427,896,0.3333333333333333,896,0.3333333333333333,0.6194196428571429,1.8582589285714288,0.09536210317460317
RAW-FP-R02399,distance_geometry_4_2=high,angles_quant_90=low,1,1,2,555,0.20647321428571427,896,0.3333333333333333,896,0.3333333333333333,0.6194196428571429,1.8582589285714288,0.09536210317460317
RAW-FP-R02400,distance_geometry_5_2=high,angles_quant_95=low,1,1,2,555,0.20647321428571427,896,0.3333333333333333,896,0.3333333333333333,0.6194196428571429,1.8582589285714288,0.09536210317460317
RAW-FP-R02401,distance_geometry_5_2=low,angles_quant_75=high,1,1,2,555,0.20647321428571427,896,0.3333333333333333,896,0.3333333333333333,0.6194196428571429,1.8582589285714288,0.09536210317460317
RAW-FP-R02402,max_distance_to_centroid_m=medium,bbox_area_km2=medium,1,1,2,555,0.20647321428571427,896,0.3333333333333333,896,0.3333333333333333,0.6194196428571429,1.8582589285714288,0.09536210317460317
RAW-FP-R02403,speed_progress_slope=high,speed_range=high,1,1,2,555,0.20647321428571427,896,0.3333333333333333,896,0.3333333333333333,0.6194196428571429,1.8582589285714288,0.09536210317460317
RAW-FP-R02404,speed_quant_max=high,acceleration_quant_95=high,1,1,2,555,0.20647321428571427,896,0.3333333333333333,896,0.3333333333333333,0.6194196428571429,1.8582589285714288,0.09536210317460317
RAW-FP-R02405,speed_range=high,speed_progress_slope=high,1,1,2,555,0.20647321428571427,896,0.3333333333333333,896,0.3333333333333333,0.6194196428571429,1.8582589285714288,0.09536210317460317
RAW-FP-R02406,acceleration_quant_median=high,angles_0s=low,1,1,2,769,0.28608630952380953,896,0.3333333333333333,1242,0.46205357142857145,0.8582589285714286,1.857487922705314,0.13206845238095238
RAW-FP-R02407,angles_0s=low,acceleration_quant_median=high,1,1,2,769,0.28608630952380953,1242,0.46205357142857145,896,0.3333333333333333,0.6191626409017713,1.857487922705314,0.13206845238095238
RAW-FP-R02408,speed_quant_max=high,bbox_lat_span_deg=high,1,1,2,552,0.20535714285714285,896,0.3333333333333333,892,0.3318452380952381,0.6160714285714286,1.8565022421524666,0.09474206349206349
RAW-FP-R02409,bbox_lat_span_deg=high,speed_quant_max=high,1,1,2,552,0.20535714285714285,892,0.3318452380952381,896,0.3333333333333333,0.6188340807174888,1.8565022421524664,0.09474206349206349
RAW-FP-R02410,acceleration_meanse=low,speed_quant_max=low,1,1,2,554,0.20610119047619047,896,0.3333333333333333,896,0.3333333333333333,0.6183035714285714,1.8549107142857142,0.09499007936507936
RAW-FP-R02411,acceleration_sd=low,speed_quant_max=low,1,1,2,554,0.20610119047619047,896,0.3333333333333333,896,0.3333333333333333,0.6183035714285714,1.8549107142857142,0.09499007936507936
RAW-FP-R02412,angle_progress_slope=high,distance_geometry_5_5=low,1,1,2,554,0.20610119047619047,896,0.3333333333333333,896,0.3333333333333333,0.6183035714285714,1.8549107142857142,0.09499007936507936
RAW-FP-R02413,angles_mean=high,max_distance_to_centroid_m=low,1,1,2,554,0.20610119047619047,896,0.3333333333333333,896,0.3333333333333333,0.6183035714285714,1.8549107142857142,0.09499007936507936
RAW-FP-R02414,angles_meanse=low,directness_ratio=high,1,1,2,554,0.20610119047619047,896,0.3333333333333333,896,0.3333333333333333,0.6183035714285714,1.8549107142857142,0.09499007936507936
RAW-FP-R02415,angles_quant_90=high,speed_mean_second_half=low,1,1,2,554,0.20610119047619047,896,0.3333333333333333,896,0.3333333333333333,0.6183035714285714,1.8549107142857142,0.09499007936507936
RAW-FP-R02416,angles_quant_90=high,distance_geometry_2_1=low,1,1,2,554,0.20610119047619047,896,0.3333333333333333,896,0.3333333333333333,0.6183035714285714,1.8549107142857142,0.09499007936507936
RAW-FP-R02417,angles_quant_90=high,speed_vcoef=high,1,1,2,554,0.20610119047619047,896,0.3333333333333333,896,0.3333333333333333,0.6183035714285714,1.8549107142857142,0.09499007936507936
RAW-FP-R02418,angles_quant_95=high,distance_geometry_4_2=low,1,1,2,554,0.20610119047619047,896,0.3333333333333333,896,0.3333333333333333,0.6183035714285714,1.8549107142857142,0.09499007936507936
RAW-FP-R02419,angles_quant_95=low,distance_geometry_4_2=high,1,1,2,554,0.20610119047619047,896,0.3333333333333333,896,0.3333333333333333,0.6183035714285714,1.8549107142857142,0.09499007936507936
RAW-FP-R02420,angles_sd=low,directness_ratio=high,1,1,2,554,0.20610119047619047,896,0.3333333333333333,896,0.3333333333333333,0.6183035714285714,1.8549107142857142,0.09499007936507936
RAW-FP-R02421,directness_ratio=high,angles_meanse=low,1,1,2,554,0.20610119047619047,896,0.3333333333333333,896,0.3333333333333333,0.6183035714285714,1.8549107142857142,0.09499007936507936
RAW-FP-R02422,directness_ratio=high,angles_sd=low,1,1,2,554,0.20610119047619047,896,0.3333333333333333,896,0.3333333333333333,0.6183035714285714,1.8549107142857142,0.09499007936507936
RAW-FP-R02423,distance_geometry_2_1=low,angles_quant_90=high,1,1,2,554,0.20610119047619047,896,0.3333333333333333,896,0.3333333333333333,0.6183035714285714,1.8549107142857142,0.09499007936507936
RAW-FP-R02424,distance_geometry_4_2=high,angles_quant_95=low,1,1,2,554,0.20610119047619047,896,0.3333333333333333,896,0.3333333333333333,0.6183035714285714,1.8549107142857142,0.09499007936507936
RAW-FP-R02425,distance_geometry_4_2=low,angles_quant_95=high,1,1,2,554,0.20610119047619047,896,0.3333333333333333,896,0.3333333333333333,0.6183035714285714,1.8549107142857142,0.09499007936507936
RAW-FP-R02426,distance_geometry_5_5=low,angle_progress_slope=high,1,1,2,554,0.20610119047619047,896,0.3333333333333333,896,0.3333333333333333,0.6183035714285714,1.8549107142857142,0.09499007936507936
RAW-FP-R02427,max_distance_to_centroid_m=low,angles_mean=high,1,1,2,554,0.20610119047619047,896,0.3333333333333333,896,0.3333333333333333,0.6183035714285714,1.8549107142857142,0.09499007936507936
RAW-FP-R02428,speed_mean_second_half=low,angles_quant_90=high,1,1,2,554,0.20610119047619047,896,0.3333333333333333,896,0.3333333333333333,0.6183035714285714,1.8549107142857142,0.09499007936507936
RAW-FP-R02429,speed_quant_25=high,speed_vcoef=low,1,1,2,554,0.20610119047619047,896,0.3333333333333333,896,0.3333333333333333,0.6183035714285714,1.8549107142857142,0.09499007936507936
RAW-FP-R02430,speed_quant_max=low,acceleration_meanse=low,1,1,2,554,0.20610119047619047,896,0.3333333333333333,896,0.3333333333333333,0.6183035714285714,1.8549107142857142,0.09499007936507936
RAW-FP-R02431,speed_quant_max=low,acceleration_sd=low,1,1,2,554,0.20610119047619047,896,0.3333333333333333,896,0.3333333333333333,0.6183035714285714,1.8549107142857142,0.09499007936507936
RAW-FP-R02432,speed_vcoef=high,angles_quant_90=high,1,1,2,554,0.20610119047619047,896,0.3333333333333333,896,0.3333333333333333,0.6183035714285714,1.8549107142857142,0.09499007936507936
RAW-FP-R02433,speed_vcoef=low,speed_quant_25=high,1,1,2,554,0.20610119047619047,896,0.3333333333333333,896,0.3333333333333333,0.6183035714285714,1.8549107142857142,0.09499007936507936
RAW-FP-R02434,bbox_lat_span_deg=high,path_length_m=high,1,1,2,551,0.20498511904761904,892,0.3318452380952381,896,0.3333333333333333,0.6177130044843049,1.8531390134529147,0.09437003968253968
RAW-FP-R02435,path_length_m=high,bbox_lat_span_deg=high,1,1,2,551,0.20498511904761904,896,0.3333333333333333,892,0.3318452380952381,0.6149553571428571,1.8531390134529147,0.09437003968253968
RAW-FP-R02436,max_distance_to_centroid_m=medium,bbox_lon_span_deg=medium,1,1,2,554,0.20610119047619047,896,0.3333333333333333,897,0.33370535714285715,0.6183035714285714,1.8528428093645484,0.09486607142857142
RAW-FP-R02437,bbox_lon_span_deg=medium,max_distance_to_centroid_m=medium,1,1,2,554,0.20610119047619047,897,0.33370535714285715,896,0.3333333333333333,0.6176142697881828,1.8528428093645484,0.09486607142857142
RAW-FP-R02438,speed_quant_max=high,bbox_height_m=high,1,1,2,552,0.20535714285714285,896,0.3333333333333333,894,0.3325892857142857,0.6160714285714286,1.8523489932885908,0.09449404761904762
RAW-FP-R02439,bbox_height_m=high,speed_quant_max=high,1,1,2,552,0.20535714285714285,894,0.3325892857142857,896,0.3333333333333333,0.6174496644295302,1.8523489932885906,0.09449404761904762
RAW-FP-R02440,sampling_gap_sd_seconds=high,acceleration_quant_median=high,1,1,2,447,0.16629464285714285,724,0.2693452380952381,896,0.3333333333333333,0.6174033149171271,1.8522099447513813,0.07651289682539683
RAW-FP-R02441,angles_iqr=low,speed_mean_second_half=high,1,1,2,553,0.20572916666666666,896,0.3333333333333333,896,0.3333333333333333,0.6171875,1.8515625,0.09461805555555555
RAW-FP-R02442,angles_mean=high,bbox_lon_span_deg=low,1,1,2,553,0.20572916666666666,896,0.3333333333333333,896,0.3333333333333333,0.6171875,1.8515625,0.09461805555555555
RAW-FP-R02443,angles_quant_95=high,distance_geometry_3_1=low,1,1,2,553,0.20572916666666666,896,0.3333333333333333,896,0.3333333333333333,0.6171875,1.8515625,0.09461805555555555
RAW-FP-R02444,angles_quant_95=low,distance_geometry_5_1=high,1,1,2,553,0.20572916666666666,896,0.3333333333333333,896,0.3333333333333333,0.6171875,1.8515625,0.09461805555555555
RAW-FP-R02445,bbox_area_km2=high,speed_quant_min=high,1,1,2,553,0.20572916666666666,896,0.3333333333333333,896,0.3333333333333333,0.6171875,1.8515625,0.09461805555555555
RAW-FP-R02446,bbox_lon_span_deg=low,angles_mean=high,1,1,2,553,0.20572916666666666,896,0.3333333333333333,896,0.3333333333333333,0.6171875,1.8515625,0.09461805555555555
RAW-FP-R02447,bbox_lon_span_deg=low,speed_mean_second_half=low,1,1,2,553,0.20572916666666666,896,0.3333333333333333,896,0.3333333333333333,0.6171875,1.8515625,0.09461805555555555
RAW-FP-R02448,distance_geometry_2_2=low,distance_geometry_5_5=low,1,1,2,553,0.20572916666666666,896,0.3333333333333333,896,0.3333333333333333,0.6171875,1.8515625,0.09461805555555555
RAW-FP-R02449,distance_geometry_3_1=low,angles_quant_95=high,1,1,2,553,0.20572916666666666,896,0.3333333333333333,896,0.3333333333333333,0.6171875,1.8515625,0.09461805555555555
RAW-FP-R02450,distance_geometry_3_3=low,distance_geometry_5_4=low,1,1,2,553,0.20572916666666666,896,0.3333333333333333,896,0.3333333333333333,0.6171875,1.8515625,0.09461805555555555
RAW-FP-R02451,distance_geometry_5_1=high,angles_quant_95=low,1,1,2,553,0.20572916666666666,896,0.3333333333333333,896,0.3333333333333333,0.6171875,1.8515625,0.09461805555555555
RAW-FP-R02452,distance_geometry_5_4=low,distance_geometry_3_3=low,1,1,2,553,0.20572916666666666,896,0.3333333333333333,896,0.3333333333333333,0.6171875,1.8515625,0.09461805555555555
RAW-FP-R02453,distance_geometry_5_5=low,distance_geometry_2_2=low,1,1,2,553,0.20572916666666666,896,0.3333333333333333,896,0.3333333333333333,0.6171875,1.8515625,0.09461805555555555
RAW-FP-R02454,path_length_m=low,speed_quant_min=low,1,1,2,553,0.20572916666666666,896,0.3333333333333333,896,0.3333333333333333,0.6171875,1.8515625,0.09461805555555555
RAW-FP-R02455,speed_mean_second_half=high,angles_iqr=low,1,1,2,553,0.20572916666666666,896,0.3333333333333333,896,0.3333333333333333,0.6171875,1.8515625,0.09461805555555555
RAW-FP-R02456,speed_mean_second_half=low,bbox_lon_span_deg=low,1,1,2,553,0.20572916666666666,896,0.3333333333333333,896,0.3333333333333333,0.6171875,1.8515625,0.09461805555555555
RAW-FP-R02457,speed_quant_min=high,bbox_area_km2=high,1,1,2,553,0.20572916666666666,896,0.3333333333333333,896,0.3333333333333333,0.6171875,1.8515625,0.09461805555555555
RAW-FP-R02458,speed_quant_min=low,path_length_m=low,1,1,2,553,0.20572916666666666,896,0.3333333333333333,896,0.3333333333333333,0.6171875,1.8515625,0.09461805555555555
RAW-FP-R02459,bbox_height_m=high,path_length_m=high,1,1,2,551,0.20498511904761904,894,0.3325892857142857,896,0.3333333333333333,0.616331096196868,1.848993288590604,0.09412202380952381
RAW-FP-R02460,path_length_m=high,bbox_height_m=high,1,1,2,551,0.20498511904761904,896,0.3333333333333333,894,0.3325892857142857,0.6149553571428571,1.848993288590604,0.09412202380952381
RAW-FP-R02461,acceleration_mean_first_half=low,acceleration_progress_slope=high,1,1,2,552,0.20535714285714285,896,0.3333333333333333,896,0.3333333333333333,0.6160714285714286,1.8482142857142858,0.09424603174603174
RAW-FP-R02462,acceleration_progress_slope=high,acceleration_mean_first_half=low,1,1,2,552,0.20535714285714285,896,0.3333333333333333,896,0.3333333333333333,0.6160714285714286,1.8482142857142858,0.09424603174603174
RAW-FP-R02463,angles_iqr=high,median_distance_to_centroid_m=low,1,1,2,552,0.20535714285714285,896,0.3333333333333333,896,0.3333333333333333,0.6160714285714286,1.8482142857142858,0.09424603174603174
RAW-FP-R02464,angles_meanse=low,distance_geometry_4_1=high,1,1,2,552,0.20535714285714285,896,0.3333333333333333,896,0.3333333333333333,0.6160714285714286,1.8482142857142858,0.09424603174603174
RAW-FP-R02465,angles_quant_95=low,distance_geometry_3_2=high,1,1,2,552,0.20535714285714285,896,0.3333333333333333,896,0.3333333333333333,0.6160714285714286,1.8482142857142858,0.09424603174603174
RAW-FP-R02466,angles_sd=low,distance_geometry_4_1=high,1,1,2,552,0.20535714285714285,896,0.3333333333333333,896,0.3333333333333333,0.6160714285714286,1.8482142857142858,0.09424603174603174
RAW-FP-R02467,directness_ratio=high,net_displacement_m=high,1,1,2,552,0.20535714285714285,896,0.3333333333333333,896,0.3333333333333333,0.6160714285714286,1.8482142857142858,0.09424603174603174
RAW-FP-R02468,distance_geometry_1_1=high,net_displacement_m=high,1,1,2,552,0.20535714285714285,896,0.3333333333333333,896,0.3333333333333333,0.6160714285714286,1.8482142857142858,0.09424603174603174
RAW-FP-R02469,distance_geometry_2_2=high,distance_geometry_5_5=high,1,1,2,552,0.20535714285714285,896,0.3333333333333333,896,0.3333333333333333,0.6160714285714286,1.8482142857142858,0.09424603174603174
RAW-FP-R02470,distance_geometry_3_2=high,angles_quant_95=low,1,1,2,552,0.20535714285714285,896,0.3333333333333333,896,0.3333333333333333,0.6160714285714286,1.8482142857142858,0.09424603174603174
RAW-FP-R02471,distance_geometry_4_1=high,angles_meanse=low,1,1,2,552,0.20535714285714285,896,0.3333333333333333,896,0.3333333333333333,0.6160714285714286,1.8482142857142858,0.09424603174603174
RAW-FP-R02472,distance_geometry_4_1=high,angles_sd=low,1,1,2,552,0.20535714285714285,896,0.3333333333333333,896,0.3333333333333333,0.6160714285714286,1.8482142857142858,0.09424603174603174
RAW-FP-R02473,distance_geometry_5_5=high,distance_geometry_2_2=high,1,1,2,552,0.20535714285714285,896,0.3333333333333333,896,0.3333333333333333,0.6160714285714286,1.8482142857142858,0.09424603174603174
RAW-FP-R02474,median_distance_to_centroid_m=low,angles_iqr=high,1,1,2,552,0.20535714285714285,896,0.3333333333333333,896,0.3333333333333333,0.6160714285714286,1.8482142857142858,0.09424603174603174
RAW-FP-R02475,net_displacement_m=high,directness_ratio=high,1,1,2,552,0.20535714285714285,896,0.3333333333333333,896,0.3333333333333333,0.6160714285714286,1.8482142857142858,0.09424603174603174
RAW-FP-R02476,net_displacement_m=high,distance_geometry_1_1=high,1,1,2,552,0.20535714285714285,896,0.3333333333333333,896,0.3333333333333333,0.6160714285714286,1.8482142857142858,0.09424603174603174
RAW-FP-R02477,speed_quant_25=high,speed_quant_90=high,1,1,2,552,0.20535714285714285,896,0.3333333333333333,896,0.3333333333333333,0.6160714285714286,1.8482142857142858,0.09424603174603174
RAW-FP-R02478,speed_quant_90=high,speed_quant_25=high,1,1,2,552,0.20535714285714285,896,0.3333333333333333,896,0.3333333333333333,0.6160714285714286,1.8482142857142858,0.09424603174603174
RAW-FP-R02479,acceleration_quant_75=high,acceleration_quant_min=low,1,1,2,551,0.20498511904761904,896,0.3333333333333333,896,0.3333333333333333,0.6149553571428571,1.8448660714285714,0.09387400793650794
RAW-FP-R02480,acceleration_quant_min=low,acceleration_quant_75=high,1,1,2,551,0.20498511904761904,896,0.3333333333333333,896,0.3333333333333333,0.6149553571428571,1.8448660714285714,0.09387400793650794
RAW-FP-R02481,angles_iqr=high,distance_geometry_4_2=low,1,1,2,551,0.20498511904761904,896,0.3333333333333333,896,0.3333333333333333,0.6149553571428571,1.8448660714285714,0.09387400793650794
RAW-FP-R02482,angles_iqr=high,distance_geometry_5_3=low,1,1,2,551,0.20498511904761904,896,0.3333333333333333,896,0.3333333333333333,0.6149553571428571,1.8448660714285714,0.09387400793650794
RAW-FP-R02483,angles_iqr=high,radius_of_gyration_m=low,1,1,2,551,0.20498511904761904,896,0.3333333333333333,896,0.3333333333333333,0.6149553571428571,1.8448660714285714,0.09387400793650794
RAW-FP-R02484,angles_mad=low,speed_quant_min=high,1,1,2,551,0.20498511904761904,896,0.3333333333333333,896,0.3333333333333333,0.6149553571428571,1.8448660714285714,0.09387400793650794
RAW-FP-R02485,angles_quant_75=high,distance_geometry_5_3=low,1,1,2,551,0.20498511904761904,896,0.3333333333333333,896,0.3333333333333333,0.6149553571428571,1.8448660714285714,0.09387400793650794
RAW-FP-R02486,angles_quant_75=high,distance_geometry_2_1=low,1,1,2,551,0.20498511904761904,896,0.3333333333333333,896,0.3333333333333333,0.6149553571428571,1.8448660714285714,0.09387400793650794
RAW-FP-R02487,angles_quant_90=low,distance_geometry_4_3=high,1,1,2,551,0.20498511904761904,896,0.3333333333333333,896,0.3333333333333333,0.6149553571428571,1.8448660714285714,0.09387400793650794
RAW-FP-R02488,angles_quant_max=high,speed_vcoef=high,1,1,2,551,0.20498511904761904,896,0.3333333333333333,896,0.3333333333333333,0.6149553571428571,1.8448660714285714,0.09387400793650794
RAW-FP-R02489,angles_range=high,speed_vcoef=high,1,1,2,551,0.20498511904761904,896,0.3333333333333333,896,0.3333333333333333,0.6149553571428571,1.8448660714285714,0.09387400793650794
RAW-FP-R02490,distance_geometry_2_1=low,angles_quant_75=high,1,1,2,551,0.20498511904761904,896,0.3333333333333333,896,0.3333333333333333,0.6149553571428571,1.8448660714285714,0.09387400793650794
RAW-FP-R02491,distance_geometry_4_2=low,angles_iqr=high,1,1,2,551,0.20498511904761904,896,0.3333333333333333,896,0.3333333333333333,0.6149553571428571,1.8448660714285714,0.09387400793650794
RAW-FP-R02492,distance_geometry_4_3=high,angles_quant_90=low,1,1,2,551,0.20498511904761904,896,0.3333333333333333,896,0.3333333333333333,0.6149553571428571,1.8448660714285714,0.09387400793650794
RAW-FP-R02493,distance_geometry_5_3=low,angles_quant_75=high,1,1,2,551,0.20498511904761904,896,0.3333333333333333,896,0.3333333333333333,0.6149553571428571,1.8448660714285714,0.09387400793650794
RAW-FP-R02494,distance_geometry_5_3=low,angles_iqr=high,1,1,2,551,0.20498511904761904,896,0.3333333333333333,896,0.3333333333333333,0.6149553571428571,1.8448660714285714,0.09387400793650794
RAW-FP-R02495,max_distance_to_centroid_m=low,speed_quant_min=low,1,1,2,551,0.20498511904761904,896,0.3333333333333333,896,0.3333333333333333,0.6149553571428571,1.8448660714285714,0.09387400793650794
RAW-FP-R02496,radius_of_gyration_m=low,angles_iqr=high,1,1,2,551,0.20498511904761904,896,0.3333333333333333,896,0.3333333333333333,0.6149553571428571,1.8448660714285714,0.09387400793650794
RAW-FP-R02497,speed_mad=low,speed_quant_75=low,1,1,2,551,0.20498511904761904,896,0.3333333333333333,896,0.3333333333333333,0.6149553571428571,1.8448660714285714,0.09387400793650794
RAW-FP-R02498,speed_mean_second_half=high,speed_range=high,1,1,2,551,0.20498511904761904,896,0.3333333333333333,896,0.3333333333333333,0.6149553571428571,1.8448660714285714,0.09387400793650794
RAW-FP-R02499,speed_quant_75=low,speed_mad=low,1,1,2,551,0.20498511904761904,896,0.3333333333333333,896,0.3333333333333333,0.6149553571428571,1.8448660714285714,0.09387400793650794
RAW-FP-R02500,speed_quant_min=high,angles_mad=low,1,1,2,551,0.20498511904761904,896,0.3333333333333333,896,0.3333333333333333,0.6149553571428571,1.8448660714285714,0.09387400793650794
RAW-FP-R02501,speed_quant_min=low,max_distance_to_centroid_m=low,1,1,2,551,0.20498511904761904,896,0.3333333333333333,896,0.3333333333333333,0.6149553571428571,1.8448660714285714,0.09387400793650794
RAW-FP-R02502,speed_range=high,speed_mean_second_half=high,1,1,2,551,0.20498511904761904,896,0.3333333333333333,896,0.3333333333333333,0.6149553571428571,1.8448660714285714,0.09387400793650794
RAW-FP-R02503,speed_vcoef=high,angles_range=high,1,1,2,551,0.20498511904761904,896,0.3333333333333333,896,0.3333333333333333,0.6149553571428571,1.8448660714285714,0.09387400793650794
RAW-FP-R02504,speed_vcoef=high,angles_quant_max=high,1,1,2,551,0.20498511904761904,896,0.3333333333333333,896,0.3333333333333333,0.6149553571428571,1.8448660714285714,0.09387400793650794
RAW-FP-R02505,sampling_gap_sd_seconds=medium,acceleration_quant_median=high,1,1,2,269,0.10007440476190477,438,0.16294642857142858,896,0.3333333333333333,0.6141552511415526,1.8424657534246578,0.045758928571428575
RAW-FP-R02506,acceleration_mean_first_half=high,speed_mean=high,1,1,2,550,0.20461309523809523,896,0.3333333333333333,896,0.3333333333333333,0.6138392857142857,1.8415178571428572,0.09350198412698413
RAW-FP-R02507,angles_meanse=low,distance_geometry_3_2=high,1,1,2,550,0.20461309523809523,896,0.3333333333333333,896,0.3333333333333333,0.6138392857142857,1.8415178571428572,0.09350198412698413
RAW-FP-R02508,angles_meanse=low,distance_geometry_4_2=high,1,1,2,550,0.20461309523809523,896,0.3333333333333333,896,0.3333333333333333,0.6138392857142857,1.8415178571428572,0.09350198412698413
RAW-FP-R02509,angles_quant_75=low,distance_geometry_4_1=high,1,1,2,550,0.20461309523809523,896,0.3333333333333333,896,0.3333333333333333,0.6138392857142857,1.8415178571428572,0.09350198412698413
RAW-FP-R02510,angles_quant_75=low,distance_geometry_5_1=high,1,1,2,550,0.20461309523809523,896,0.3333333333333333,896,0.3333333333333333,0.6138392857142857,1.8415178571428572,0.09350198412698413
RAW-FP-R02511,angles_quant_90=low,distance_geometry_3_2=high,1,1,2,550,0.20461309523809523,896,0.3333333333333333,896,0.3333333333333333,0.6138392857142857,1.8415178571428572,0.09350198412698413
RAW-FP-R02512,angles_quant_90=medium,angles_quant_max=medium,1,1,2,550,0.20461309523809523,896,0.3333333333333333,896,0.3333333333333333,0.6138392857142857,1.8415178571428572,0.09350198412698413
RAW-FP-R02513,angles_quant_95=high,speed_mean_second_half=low,1,1,2,550,0.20461309523809523,896,0.3333333333333333,896,0.3333333333333333,0.6138392857142857,1.8415178571428572,0.09350198412698413
RAW-FP-R02514,angles_quant_95=high,distance_geometry_5_2=low,1,1,2,550,0.20461309523809523,896,0.3333333333333333,896,0.3333333333333333,0.6138392857142857,1.8415178571428572,0.09350198412698413
RAW-FP-R02515,angles_quant_max=low,distance_geometry_1_1=high,1,1,2,550,0.20461309523809523,896,0.3333333333333333,896,0.3333333333333333,0.6138392857142857,1.8415178571428572,0.09350198412698413
RAW-FP-R02516,angles_quant_max=medium,angles_quant_90=medium,1,1,2,550,0.20461309523809523,896,0.3333333333333333,896,0.3333333333333333,0.6138392857142857,1.8415178571428572,0.09350198412698413
RAW-FP-R02517,angles_range=low,distance_geometry_1_1=high,1,1,2,550,0.20461309523809523,896,0.3333333333333333,896,0.3333333333333333,0.6138392857142857,1.8415178571428572,0.09350198412698413
RAW-FP-R02518,angles_sd=low,distance_geometry_3_2=high,1,1,2,550,0.20461309523809523,896,0.3333333333333333,896,0.3333333333333333,0.6138392857142857,1.8415178571428572,0.09350198412698413
RAW-FP-R02519,angles_sd=low,distance_geometry_4_2=high,1,1,2,550,0.20461309523809523,896,0.3333333333333333,896,0.3333333333333333,0.6138392857142857,1.8415178571428572,0.09350198412698413
RAW-FP-R02520,bbox_area_km2=medium,mean_distance_to_centroid_m=medium,1,1,2,550,0.20461309523809523,896,0.3333333333333333,896,0.3333333333333333,0.6138392857142857,1.8415178571428572,0.09350198412698413
RAW-FP-R02521,bbox_lon_span_deg=low,speed_quant_95=low,1,1,2,550,0.20461309523809523,896,0.3333333333333333,896,0.3333333333333333,0.6138392857142857,1.8415178571428572,0.09350198412698413
RAW-FP-R02522,bbox_lon_span_deg=low,speed_quant_min=low,1,1,2,550,0.20461309523809523,896,0.3333333333333333,896,0.3333333333333333,0.6138392857142857,1.8415178571428572,0.09350198412698413
RAW-FP-R02523,distance_geometry_1_1=high,angles_quant_max=low,1,1,2,550,0.20461309523809523,896,0.3333333333333333,896,0.3333333333333333,0.6138392857142857,1.8415178571428572,0.09350198412698413
RAW-FP-R02524,distance_geometry_1_1=high,angles_range=low,1,1,2,550,0.20461309523809523,896,0.3333333333333333,896,0.3333333333333333,0.6138392857142857,1.8415178571428572,0.09350198412698413
RAW-FP-R02525,distance_geometry_3_1=high,speed_mean_first_half=high,1,1,2,550,0.20461309523809523,896,0.3333333333333333,896,0.3333333333333333,0.6138392857142857,1.8415178571428572,0.09350198412698413
RAW-FP-R02526,distance_geometry_3_2=high,angles_meanse=low,1,1,2,550,0.20461309523809523,896,0.3333333333333333,896,0.3333333333333333,0.6138392857142857,1.8415178571428572,0.09350198412698413
RAW-FP-R02527,distance_geometry_3_2=high,angles_quant_90=low,1,1,2,550,0.20461309523809523,896,0.3333333333333333,896,0.3333333333333333,0.6138392857142857,1.8415178571428572,0.09350198412698413
RAW-FP-R02528,distance_geometry_3_2=high,angles_sd=low,1,1,2,550,0.20461309523809523,896,0.3333333333333333,896,0.3333333333333333,0.6138392857142857,1.8415178571428572,0.09350198412698413
RAW-FP-R02529,distance_geometry_4_1=high,angles_quant_75=low,1,1,2,550,0.20461309523809523,896,0.3333333333333333,896,0.3333333333333333,0.6138392857142857,1.8415178571428572,0.09350198412698413
RAW-FP-R02530,distance_geometry_4_2=high,angles_meanse=low,1,1,2,550,0.20461309523809523,896,0.3333333333333333,896,0.3333333333333333,0.6138392857142857,1.8415178571428572,0.09350198412698413
RAW-FP-R02531,distance_geometry_4_2=high,angles_sd=low,1,1,2,550,0.20461309523809523,896,0.3333333333333333,896,0.3333333333333333,0.6138392857142857,1.8415178571428572,0.09350198412698413
RAW-FP-R02532,distance_geometry_5_1=high,angles_quant_75=low,1,1,2,550,0.20461309523809523,896,0.3333333333333333,896,0.3333333333333333,0.6138392857142857,1.8415178571428572,0.09350198412698413
RAW-FP-R02533,distance_geometry_5_2=low,angles_quant_95=high,1,1,2,550,0.20461309523809523,896,0.3333333333333333,896,0.3333333333333333,0.6138392857142857,1.8415178571428572,0.09350198412698413
RAW-FP-R02534,mean_distance_to_centroid_m=medium,bbox_area_km2=medium,1,1,2,550,0.20461309523809523,896,0.3333333333333333,896,0.3333333333333333,0.6138392857142857,1.8415178571428572,0.09350198412698413
RAW-FP-R02535,speed_mean=high,acceleration_mean_first_half=high,1,1,2,550,0.20461309523809523,896,0.3333333333333333,896,0.3333333333333333,0.6138392857142857,1.8415178571428572,0.09350198412698413
RAW-FP-R02536,speed_mean_first_half=high,distance_geometry_3_1=high,1,1,2,550,0.20461309523809523,896,0.3333333333333333,896,0.3333333333333333,0.6138392857142857,1.8415178571428572,0.09350198412698413
RAW-FP-R02537,speed_mean_second_half=low,angles_quant_95=high,1,1,2,550,0.20461309523809523,896,0.3333333333333333,896,0.3333333333333333,0.6138392857142857,1.8415178571428572,0.09350198412698413
RAW-FP-R02538,speed_quant_05=high,speed_quant_75=high,1,1,2,550,0.20461309523809523,896,0.3333333333333333,896,0.3333333333333333,0.6138392857142857,1.8415178571428572,0.09350198412698413
RAW-FP-R02539,speed_quant_75=high,speed_quant_05=high,1,1,2,550,0.20461309523809523,896,0.3333333333333333,896,0.3333333333333333,0.6138392857142857,1.8415178571428572,0.09350198412698413
RAW-FP-R02540,speed_quant_95=low,bbox_lon_span_deg=low,1,1,2,550,0.20461309523809523,896,0.3333333333333333,896,0.3333333333333333,0.6138392857142857,1.8415178571428572,0.09350198412698413
RAW-FP-R02541,speed_quant_min=low,bbox_lon_span_deg=low,1,1,2,550,0.20461309523809523,896,0.3333333333333333,896,0.3333333333333333,0.6138392857142857,1.8415178571428572,0.09350198412698413
RAW-FP-R02542,sampling_gap_cv=high,acceleration_quant_median=high,1,1,2,520,0.19345238095238096,848,0.31547619047619047,896,0.3333333333333333,0.6132075471698113,1.8396226415094339,0.08829365079365081
RAW-FP-R02543,acceleration_progress_slope=high,acceleration_vcoef=low,1,1,2,549,0.20424107142857142,896,0.3333333333333333,896,0.3333333333333333,0.6127232142857143,1.838169642857143,0.09312996031746032
RAW-FP-R02544,acceleration_quant_75=high,speed_range=high,1,1,2,549,0.20424107142857142,896,0.3333333333333333,896,0.3333333333333333,0.6127232142857143,1.838169642857143,0.09312996031746032
RAW-FP-R02545,acceleration_quant_75=low,acceleration_quant_min=high,1,1,2,549,0.20424107142857142,896,0.3333333333333333,896,0.3333333333333333,0.6127232142857143,1.838169642857143,0.09312996031746032
RAW-FP-R02546,acceleration_quant_min=high,acceleration_quant_75=low,1,1,2,549,0.20424107142857142,896,0.3333333333333333,896,0.3333333333333333,0.6127232142857143,1.838169642857143,0.09312996031746032
RAW-FP-R02547,acceleration_vcoef=low,acceleration_progress_slope=high,1,1,2,549,0.20424107142857142,896,0.3333333333333333,896,0.3333333333333333,0.6127232142857143,1.838169642857143,0.09312996031746032
RAW-FP-R02548,angle_progress_slope=low,distance_geometry_5_1=low,1,1,2,549,0.20424107142857142,896,0.3333333333333333,896,0.3333333333333333,0.6127232142857143,1.838169642857143,0.09312996031746032
RAW-FP-R02549,angles_quant_75=high,net_displacement_m=low,1,1,2,549,0.20424107142857142,896,0.3333333333333333,896,0.3333333333333333,0.6127232142857143,1.838169642857143,0.09312996031746032
RAW-FP-R02550,angles_quant_75=high,bbox_diagonal_m=low,1,1,2,549,0.20424107142857142,896,0.3333333333333333,896,0.3333333333333333,0.6127232142857143,1.838169642857143,0.09312996031746032
RAW-FP-R02551,angles_quant_75=low,distance_geometry_4_3=high,1,1,2,549,0.20424107142857142,896,0.3333333333333333,896,0.3333333333333333,0.6127232142857143,1.838169642857143,0.09312996031746032
RAW-FP-R02552,angles_quant_75=low,distance_geometry_5_3=high,1,1,2,549,0.20424107142857142,896,0.3333333333333333,896,0.3333333333333333,0.6127232142857143,1.838169642857143,0.09312996031746032
RAW-FP-R02553,angles_quant_90=medium,angles_range=medium,1,1,2,549,0.20424107142857142,896,0.3333333333333333,896,0.3333333333333333,0.6127232142857143,1.838169642857143,0.09312996031746032
RAW-FP-R02554,angles_quant_median=low,speed_quant_25=high,1,1,2,549,0.20424107142857142,896,0.3333333333333333,896,0.3333333333333333,0.6127232142857143,1.838169642857143,0.09312996031746032
RAW-FP-R02555,angles_range=medium,angles_quant_90=medium,1,1,2,549,0.20424107142857142,896,0.3333333333333333,896,0.3333333333333333,0.6127232142857143,1.838169642857143,0.09312996031746032
RAW-FP-R02556,bbox_area_km2=high,speed_quant_max=high,1,1,2,549,0.20424107142857142,896,0.3333333333333333,896,0.3333333333333333,0.6127232142857143,1.838169642857143,0.09312996031746032
RAW-FP-R02557,bbox_diagonal_m=low,angles_quant_75=high,1,1,2,549,0.20424107142857142,896,0.3333333333333333,896,0.3333333333333333,0.6127232142857143,1.838169642857143,0.09312996031746032
RAW-FP-R02558,distance_geometry_4_3=high,angles_quant_75=low,1,1,2,549,0.20424107142857142,896,0.3333333333333333,896,0.3333333333333333,0.6127232142857143,1.838169642857143,0.09312996031746032
RAW-FP-R02559,distance_geometry_5_1=low,angle_progress_slope=low,1,1,2,549,0.20424107142857142,896,0.3333333333333333,896,0.3333333333333333,0.6127232142857143,1.838169642857143,0.09312996031746032
RAW-FP-R02560,distance_geometry_5_3=high,angles_quant_75=low,1,1,2,549,0.20424107142857142,896,0.3333333333333333,896,0.3333333333333333,0.6127232142857143,1.838169642857143,0.09312996031746032
RAW-FP-R02561,net_displacement_m=low,angles_quant_75=high,1,1,2,549,0.20424107142857142,896,0.3333333333333333,896,0.3333333333333333,0.6127232142857143,1.838169642857143,0.09312996031746032
RAW-FP-R02562,speed_quant_25=high,angles_quant_median=low,1,1,2,549,0.20424107142857142,896,0.3333333333333333,896,0.3333333333333333,0.6127232142857143,1.838169642857143,0.09312996031746032
RAW-FP-R02563,speed_quant_25=low,speed_vcoef=high,1,1,2,549,0.20424107142857142,896,0.3333333333333333,896,0.3333333333333333,0.6127232142857143,1.838169642857143,0.09312996031746032
RAW-FP-R02564,speed_quant_max=high,bbox_area_km2=high,1,1,2,549,0.20424107142857142,896,0.3333333333333333,896,0.3333333333333333,0.6127232142857143,1.838169642857143,0.09312996031746032
RAW-FP-R02565,speed_quant_max=high,speed_quant_median=high,1,1,2,549,0.20424107142857142,896,0.3333333333333333,896,0.3333333333333333,0.6127232142857143,1.838169642857143,0.09312996031746032
RAW-FP-R02566,speed_quant_median=high,speed_quant_max=high,1,1,2,549,0.20424107142857142,896,0.3333333333333333,896,0.3333333333333333,0.6127232142857143,1.838169642857143,0.09312996031746032
RAW-FP-R02567,speed_range=high,acceleration_quant_75=high,1,1,2,549,0.20424107142857142,896,0.3333333333333333,896,0.3333333333333333,0.6127232142857143,1.838169642857143,0.09312996031746032
RAW-FP-R02568,speed_vcoef=high,speed_quant_25=low,1,1,2,549,0.20424107142857142,896,0.3333333333333333,896,0.3333333333333333,0.6127232142857143,1.838169642857143,0.09312996031746032
RAW-FP-R02569,acceleration_mean_first_half=high,median_distance_to_centroid_m=high,1,1,2,548,0.20386904761904762,896,0.3333333333333333,896,0.3333333333333333,0.6116071428571429,1.8348214285714288,0.09275793650793651
RAW-FP-R02570,acceleration_quant_05=low,acceleration_quant_25=low,1,1,2,548,0.20386904761904762,896,0.3333333333333333,896,0.3333333333333333,0.6116071428571429,1.8348214285714288,0.09275793650793651
RAW-FP-R02571,acceleration_quant_25=low,acceleration_quant_05=low,1,1,2,548,0.20386904761904762,896,0.3333333333333333,896,0.3333333333333333,0.6116071428571429,1.8348214285714288,0.09275793650793651
RAW-FP-R02572,angles_iqr=high,mean_distance_to_centroid_m=low,1,1,2,548,0.20386904761904762,896,0.3333333333333333,896,0.3333333333333333,0.6116071428571429,1.8348214285714288,0.09275793650793651
RAW-FP-R02573,angles_meanse=low,angles_vcoef=low,1,1,2,548,0.20386904761904762,896,0.3333333333333333,896,0.3333333333333333,0.6116071428571429,1.8348214285714288,0.09275793650793651
RAW-FP-R02574,angles_meanse=low,distance_geometry_5_1=high,1,1,2,548,0.20386904761904762,896,0.3333333333333333,896,0.3333333333333333,0.6116071428571429,1.8348214285714288,0.09275793650793651
RAW-FP-R02575,angles_quant_max=high,radius_of_gyration_m=low,1,1,2,548,0.20386904761904762,896,0.3333333333333333,896,0.3333333333333333,0.6116071428571429,1.8348214285714288,0.09275793650793651
RAW-FP-R02576,angles_quant_max=low,directness_ratio=high,1,1,2,548,0.20386904761904762,896,0.3333333333333333,896,0.3333333333333333,0.6116071428571429,1.8348214285714288,0.09275793650793651
RAW-FP-R02577,angles_range=high,radius_of_gyration_m=low,1,1,2,548,0.20386904761904762,896,0.3333333333333333,896,0.3333333333333333,0.6116071428571429,1.8348214285714288,0.09275793650793651
RAW-FP-R02578,angles_range=low,directness_ratio=high,1,1,2,548,0.20386904761904762,896,0.3333333333333333,896,0.3333333333333333,0.6116071428571429,1.8348214285714288,0.09275793650793651
RAW-FP-R02579,angles_sd=low,angles_vcoef=low,1,1,2,548,0.20386904761904762,896,0.3333333333333333,896,0.3333333333333333,0.6116071428571429,1.8348214285714288,0.09275793650793651
RAW-FP-R02580,angles_sd=low,distance_geometry_5_1=high,1,1,2,548,0.20386904761904762,896,0.3333333333333333,896,0.3333333333333333,0.6116071428571429,1.8348214285714288,0.09275793650793651
RAW-FP-R02581,angles_vcoef=low,angles_meanse=low,1,1,2,548,0.20386904761904762,896,0.3333333333333333,896,0.3333333333333333,0.6116071428571429,1.8348214285714288,0.09275793650793651
RAW-FP-R02582,angles_vcoef=low,angles_sd=low,1,1,2,548,0.20386904761904762,896,0.3333333333333333,896,0.3333333333333333,0.6116071428571429,1.8348214285714288,0.09275793650793651
RAW-FP-R02583,bbox_area_km2=low,speed_quant_min=low,1,1,2,548,0.20386904761904762,896,0.3333333333333333,896,0.3333333333333333,0.6116071428571429,1.8348214285714288,0.09275793650793651
RAW-FP-R02584,directness_ratio=high,angles_quant_max=low,1,1,2,548,0.20386904761904762,896,0.3333333333333333,896,0.3333333333333333,0.6116071428571429,1.8348214285714288,0.09275793650793651
RAW-FP-R02585,directness_ratio=high,angles_range=low,1,1,2,548,0.20386904761904762,896,0.3333333333333333,896,0.3333333333333333,0.6116071428571429,1.8348214285714288,0.09275793650793651
RAW-FP-R02586,distance_geometry_2_1=low,speed_mean_first_half=low,1,1,2,548,0.20386904761904762,896,0.3333333333333333,896,0.3333333333333333,0.6116071428571429,1.8348214285714288,0.09275793650793651
RAW-FP-R02587,distance_geometry_3_1=low,speed_mean_first_half=low,1,1,2,548,0.20386904761904762,896,0.3333333333333333,896,0.3333333333333333,0.6116071428571429,1.8348214285714288,0.09275793650793651
RAW-FP-R02588,distance_geometry_3_3=high,distance_geometry_5_4=high,1,1,2,548,0.20386904761904762,896,0.3333333333333333,896,0.3333333333333333,0.6116071428571429,1.8348214285714288,0.09275793650793651
RAW-FP-R02589,distance_geometry_5_1=high,angles_sd=low,1,1,2,548,0.20386904761904762,896,0.3333333333333333,896,0.3333333333333333,0.6116071428571429,1.8348214285714288,0.09275793650793651
RAW-FP-R02590,distance_geometry_5_1=high,angles_meanse=low,1,1,2,548,0.20386904761904762,896,0.3333333333333333,896,0.3333333333333333,0.6116071428571429,1.8348214285714288,0.09275793650793651
RAW-FP-R02591,distance_geometry_5_4=high,distance_geometry_3_3=high,1,1,2,548,0.20386904761904762,896,0.3333333333333333,896,0.3333333333333333,0.6116071428571429,1.8348214285714288,0.09275793650793651
RAW-FP-R02592,mean_distance_to_centroid_m=low,angles_iqr=high,1,1,2,548,0.20386904761904762,896,0.3333333333333333,896,0.3333333333333333,0.6116071428571429,1.8348214285714288,0.09275793650793651
RAW-FP-R02593,median_distance_to_centroid_m=high,acceleration_mean_first_half=high,1,1,2,548,0.20386904761904762,896,0.3333333333333333,896,0.3333333333333333,0.6116071428571429,1.8348214285714288,0.09275793650793651
RAW-FP-R02594,radius_of_gyration_m=low,angles_quant_max=high,1,1,2,548,0.20386904761904762,896,0.3333333333333333,896,0.3333333333333333,0.6116071428571429,1.8348214285714288,0.09275793650793651
RAW-FP-R02595,radius_of_gyration_m=low,angles_range=high,1,1,2,548,0.20386904761904762,896,0.3333333333333333,896,0.3333333333333333,0.6116071428571429,1.8348214285714288,0.09275793650793651
RAW-FP-R02596,speed_mean_first_half=low,distance_geometry_2_1=low,1,1,2,548,0.20386904761904762,896,0.3333333333333333,896,0.3333333333333333,0.6116071428571429,1.8348214285714288,0.09275793650793651
RAW-FP-R02597,speed_mean_first_half=low,distance_geometry_3_1=low,1,1,2,548,0.20386904761904762,896,0.3333333333333333,896,0.3333333333333333,0.6116071428571429,1.8348214285714288,0.09275793650793651
RAW-FP-R02598,speed_quant_min=low,bbox_area_km2=low,1,1,2,548,0.20386904761904762,896,0.3333333333333333,896,0.3333333333333333,0.6116071428571429,1.8348214285714288,0.09275793650793651
RAW-FP-R02599,acceleration_quant_median=medium,angles_quant_10=low,1,1,2,774,0.28794642857142855,896,0.3333333333333333,1266,0.47098214285714285,0.8638392857142857,1.8341232227488151,0.13095238095238093
RAW-FP-R02600,angles_quant_10=low,acceleration_quant_median=medium,1,1,2,774,0.28794642857142855,1266,0.47098214285714285,896,0.3333333333333333,0.6113744075829384,1.8341232227488151,0.13095238095238093
RAW-FP-R02601,angles_mad=medium,angles_quant_median=medium,1,1,2,547,0.2034970238095238,896,0.3333333333333333,896,0.3333333333333333,0.6104910714285714,1.8314732142857142,0.0923859126984127
RAW-FP-R02602,angles_mean=high,speed_vcoef=high,1,1,2,547,0.2034970238095238,896,0.3333333333333333,896,0.3333333333333333,0.6104910714285714,1.8314732142857142,0.0923859126984127
RAW-FP-R02603,angles_meanse=low,distance_geometry_5_2=high,1,1,2,547,0.2034970238095238,896,0.3333333333333333,896,0.3333333333333333,0.6104910714285714,1.8314732142857142,0.0923859126984127
RAW-FP-R02604,angles_quant_75=low,distance_geometry_3_2=high,1,1,2,547,0.2034970238095238,896,0.3333333333333333,896,0.3333333333333333,0.6104910714285714,1.8314732142857142,0.0923859126984127
RAW-FP-R02605,angles_quant_median=medium,angles_mad=medium,1,1,2,547,0.2034970238095238,896,0.3333333333333333,896,0.3333333333333333,0.6104910714285714,1.8314732142857142,0.0923859126984127
RAW-FP-R02606,angles_sd=low,distance_geometry_5_2=high,1,1,2,547,0.2034970238095238,896,0.3333333333333333,896,0.3333333333333333,0.6104910714285714,1.8314732142857142,0.0923859126984127
RAW-FP-R02607,angles_vcoef=high,speed_quant_min=low,1,1,2,547,0.2034970238095238,896,0.3333333333333333,896,0.3333333333333333,0.6104910714285714,1.8314732142857142,0.0923859126984127
RAW-FP-R02608,distance_geometry_2_1=high,speed_mean_first_half=high,1,1,2,547,0.2034970238095238,896,0.3333333333333333,896,0.3333333333333333,0.6104910714285714,1.8314732142857142,0.0923859126984127
RAW-FP-R02609,distance_geometry_3_2=high,angles_quant_75=low,1,1,2,547,0.2034970238095238,896,0.3333333333333333,896,0.3333333333333333,0.6104910714285714,1.8314732142857142,0.0923859126984127
RAW-FP-R02610,distance_geometry_5_2=high,angles_meanse=low,1,1,2,547,0.2034970238095238,896,0.3333333333333333,896,0.3333333333333333,0.6104910714285714,1.8314732142857142,0.0923859126984127
RAW-FP-R02611,distance_geometry_5_2=high,angles_sd=low,1,1,2,547,0.2034970238095238,896,0.3333333333333333,896,0.3333333333333333,0.6104910714285714,1.8314732142857142,0.0923859126984127
RAW-FP-R02612,speed_mean_first_half=high,distance_geometry_2_1=high,1,1,2,547,0.2034970238095238,896,0.3333333333333333,896,0.3333333333333333,0.6104910714285714,1.8314732142857142,0.0923859126984127
RAW-FP-R02613,speed_quant_min=low,angles_vcoef=high,1,1,2,547,0.2034970238095238,896,0.3333333333333333,896,0.3333333333333333,0.6104910714285714,1.8314732142857142,0.0923859126984127
RAW-FP-R02614,speed_vcoef=high,angles_mean=high,1,1,2,547,0.2034970238095238,896,0.3333333333333333,896,0.3333333333333333,0.6104910714285714,1.8314732142857142,0.0923859126984127
RAW-FP-R02615,angles_0s=medium,angles_quant_25=high,1,1,2,343,0.12760416666666666,562,0.20907738095238096,896,0.3333333333333333,0.6103202846975089,1.8309608540925266,0.05791170634920634
RAW-FP-R02616,bbox_lat_span_deg=high,speed_mean_second_half=high,1,1,2,544,0.20238095238095238,892,0.3318452380952381,896,0.3333333333333333,0.6098654708520179,1.8295964125560538,0.09176587301587302
RAW-FP-R02617,speed_mean_second_half=high,bbox_lat_span_deg=high,1,1,2,544,0.20238095238095238,896,0.3333333333333333,892,0.3318452380952381,0.6071428571428571,1.8295964125560538,0.09176587301587302
RAW-FP-R02618,acceleration_quant_90=high,speed_quant_max=high,1,1,2,546,0.203125,896,0.3333333333333333,896,0.3333333333333333,0.609375,1.828125,0.0920138888888889
RAW-FP-R02619,angles_iqr=high,net_displacement_m=low,1,1,2,546,0.203125,896,0.3333333333333333,896,0.3333333333333333,0.609375,1.828125,0.0920138888888889
RAW-FP-R02620,angles_kurt=high,angles_sd=high,1,1,2,546,0.203125,896,0.3333333333333333,896,0.3333333333333333,0.609375,1.828125,0.0920138888888889
RAW-FP-R02621,angles_kurt=high,angles_meanse=high,1,1,2,546,0.203125,896,0.3333333333333333,896,0.3333333333333333,0.609375,1.828125,0.0920138888888889
RAW-FP-R02622,angles_mean=medium,angles_quant_median=medium,1,1,2,546,0.203125,896,0.3333333333333333,896,0.3333333333333333,0.609375,1.828125,0.0920138888888889
RAW-FP-R02623,angles_meanse=high,angles_kurt=high,1,1,2,546,0.203125,896,0.3333333333333333,896,0.3333333333333333,0.609375,1.828125,0.0920138888888889
RAW-FP-R02624,angles_quant_90=low,distance_geometry_5_3=high,1,1,2,546,0.203125,896,0.3333333333333333,896,0.3333333333333333,0.609375,1.828125,0.0920138888888889
RAW-FP-R02625,angles_quant_median=medium,angles_mean=medium,1,1,2,546,0.203125,896,0.3333333333333333,896,0.3333333333333333,0.609375,1.828125,0.0920138888888889
RAW-FP-R02626,angles_sd=high,angles_kurt=high,1,1,2,546,0.203125,896,0.3333333333333333,896,0.3333333333333333,0.609375,1.828125,0.0920138888888889
RAW-FP-R02627,bbox_diagonal_m=medium,bbox_width_m=medium,1,1,2,546,0.203125,896,0.3333333333333333,896,0.3333333333333333,0.609375,1.828125,0.0920138888888889
RAW-FP-R02628,bbox_width_m=low,speed_quant_05=low,1,1,2,546,0.203125,896,0.3333333333333333,896,0.3333333333333333,0.609375,1.828125,0.0920138888888889
RAW-FP-R02629,bbox_width_m=low,speed_quant_min=low,1,1,2,546,0.203125,896,0.3333333333333333,896,0.3333333333333333,0.609375,1.828125,0.0920138888888889
RAW-FP-R02630,bbox_width_m=medium,bbox_diagonal_m=medium,1,1,2,546,0.203125,896,0.3333333333333333,896,0.3333333333333333,0.609375,1.828125,0.0920138888888889
RAW-FP-R02631,distance_geometry_2_1=high,distance_geometry_3_2=high,1,1,2,546,0.203125,896,0.3333333333333333,896,0.3333333333333333,0.609375,1.828125,0.0920138888888889
RAW-FP-R02632,distance_geometry_3_2=high,distance_geometry_2_1=high,1,1,2,546,0.203125,896,0.3333333333333333,896,0.3333333333333333,0.609375,1.828125,0.0920138888888889
RAW-FP-R02633,distance_geometry_5_2=low,speed_mean_first_half=low,1,1,2,546,0.203125,896,0.3333333333333333,896,0.3333333333333333,0.609375,1.828125,0.0920138888888889
RAW-FP-R02634,distance_geometry_5_3=high,angles_quant_90=low,1,1,2,546,0.203125,896,0.3333333333333333,896,0.3333333333333333,0.609375,1.828125,0.0920138888888889
RAW-FP-R02635,net_displacement_m=low,angles_iqr=high,1,1,2,546,0.203125,896,0.3333333333333333,896,0.3333333333333333,0.609375,1.828125,0.0920138888888889
RAW-FP-R02636,speed_iqr=low,speed_quant_75=low,1,1,2,546,0.203125,896,0.3333333333333333,896,0.3333333333333333,0.609375,1.828125,0.0920138888888889
RAW-FP-R02637,speed_mean_first_half=low,distance_geometry_5_2=low,1,1,2,546,0.203125,896,0.3333333333333333,896,0.3333333333333333,0.609375,1.828125,0.0920138888888889
RAW-FP-R02638,speed_quant_05=low,bbox_width_m=low,1,1,2,546,0.203125,896,0.3333333333333333,896,0.3333333333333333,0.609375,1.828125,0.0920138888888889
RAW-FP-R02639,speed_quant_75=low,speed_iqr=low,1,1,2,546,0.203125,896,0.3333333333333333,896,0.3333333333333333,0.609375,1.828125,0.0920138888888889
RAW-FP-R02640,speed_quant_max=high,acceleration_quant_90=high,1,1,2,546,0.203125,896,0.3333333333333333,896,0.3333333333333333,0.609375,1.828125,0.0920138888888889
RAW-FP-R02641,speed_quant_min=low,bbox_width_m=low,1,1,2,546,0.203125,896,0.3333333333333333,896,0.3333333333333333,0.609375,1.828125,0.0920138888888889
RAW-FP-R02642,bbox_lat_span_deg=high,speed_quant_75=high,1,1,2,543,0.20200892857142858,892,0.3318452380952381,896,0.3333333333333333,0.6087443946188341,1.8262331838565025,0.09139384920634921
RAW-FP-R02643,speed_quant_75=high,bbox_lat_span_deg=high,1,1,2,543,0.20200892857142858,896,0.3333333333333333,892,0.3318452380952381,0.6060267857142857,1.8262331838565022,0.09139384920634921
RAW-FP-R02644,bbox_height_m=high,speed_mean_second_half=high,1,1,2,544,0.20238095238095238,894,0.3325892857142857,896,0.3333333333333333,0.6085011185682326,1.825503355704698,0.09151785714285715
RAW-FP-R02645,speed_mean_second_half=high,bbox_height_m=high,1,1,2,544,0.20238095238095238,896,0.3333333333333333,894,0.3325892857142857,0.6071428571428571,1.825503355704698,0.09151785714285715
RAW-FP-R02646,acceleration_progress_slope=low,speed_mean_first_half=high,1,1,2,545,0.2027529761904762,896,0.3333333333333333,896,0.3333333333333333,0.6082589285714286,1.8247767857142858,0.09164186507936509
RAW-FP-R02647,angle_progress_slope=high,distance_geometry_4_4=low,1,1,2,545,0.2027529761904762,896,0.3333333333333333,896,0.3333333333333333,0.6082589285714286,1.8247767857142858,0.09164186507936509
RAW-FP-R02648,angles_iqr=high,bbox_diagonal_m=low,1,1,2,545,0.2027529761904762,896,0.3333333333333333,896,0.3333333333333333,0.6082589285714286,1.8247767857142858,0.09164186507936509
RAW-FP-R02649,angles_iqr=high,speed_quant_90=low,1,1,2,545,0.2027529761904762,896,0.3333333333333333,896,0.3333333333333333,0.6082589285714286,1.8247767857142858,0.09164186507936509
RAW-FP-R02650,angles_mean=high,distance_geometry_5_3=low,1,1,2,545,0.2027529761904762,896,0.3333333333333333,896,0.3333333333333333,0.6082589285714286,1.8247767857142858,0.09164186507936509
RAW-FP-R02651,angles_mean=high,bbox_width_m=low,1,1,2,545,0.2027529761904762,896,0.3333333333333333,896,0.3333333333333333,0.6082589285714286,1.8247767857142858,0.09164186507936509
RAW-FP-R02652,angles_meanse=low,distance_geometry_5_3=high,1,1,2,545,0.2027529761904762,896,0.3333333333333333,896,0.3333333333333333,0.6082589285714286,1.8247767857142858,0.09164186507936509
RAW-FP-R02653,angles_quant_max=low,speed_quant_median=high,1,1,2,545,0.2027529761904762,896,0.3333333333333333,896,0.3333333333333333,0.6082589285714286,1.8247767857142858,0.09164186507936509
RAW-FP-R02654,angles_quant_max=low,distance_geometry_4_1=high,1,1,2,545,0.2027529761904762,896,0.3333333333333333,896,0.3333333333333333,0.6082589285714286,1.8247767857142858,0.09164186507936509
RAW-FP-R02655,angles_quant_median=low,speed_quant_10=high,1,1,2,545,0.2027529761904762,896,0.3333333333333333,896,0.3333333333333333,0.6082589285714286,1.8247767857142858,0.09164186507936509
RAW-FP-R02656,angles_range=low,speed_quant_median=high,1,1,2,545,0.2027529761904762,896,0.3333333333333333,896,0.3333333333333333,0.6082589285714286,1.8247767857142858,0.09164186507936509
RAW-FP-R02657,angles_range=low,distance_geometry_4_1=high,1,1,2,545,0.2027529761904762,896,0.3333333333333333,896,0.3333333333333333,0.6082589285714286,1.8247767857142858,0.09164186507936509
RAW-FP-R02658,angles_sd=low,distance_geometry_5_3=high,1,1,2,545,0.2027529761904762,896,0.3333333333333333,896,0.3333333333333333,0.6082589285714286,1.8247767857142858,0.09164186507936509
RAW-FP-R02659,bbox_diagonal_m=low,angles_iqr=high,1,1,2,545,0.2027529761904762,896,0.3333333333333333,896,0.3333333333333333,0.6082589285714286,1.8247767857142858,0.09164186507936509
RAW-FP-R02660,bbox_width_m=low,angles_mean=high,1,1,2,545,0.2027529761904762,896,0.3333333333333333,896,0.3333333333333333,0.6082589285714286,1.8247767857142858,0.09164186507936509
RAW-FP-R02661,distance_geometry_3_2=low,mean_distance_to_centroid_m=low,1,1,2,545,0.2027529761904762,896,0.3333333333333333,896,0.3333333333333333,0.6082589285714286,1.8247767857142858,0.09164186507936509
RAW-FP-R02662,distance_geometry_4_1=high,angles_range=low,1,1,2,545,0.2027529761904762,896,0.3333333333333333,896,0.3333333333333333,0.6082589285714286,1.8247767857142858,0.09164186507936509
RAW-FP-R02663,distance_geometry_4_1=high,angles_quant_max=low,1,1,2,545,0.2027529761904762,896,0.3333333333333333,896,0.3333333333333333,0.6082589285714286,1.8247767857142858,0.09164186507936509
RAW-FP-R02664,distance_geometry_4_4=low,angle_progress_slope=high,1,1,2,545,0.2027529761904762,896,0.3333333333333333,896,0.3333333333333333,0.6082589285714286,1.8247767857142858,0.09164186507936509
RAW-FP-R02665,distance_geometry_5_3=high,angles_sd=low,1,1,2,545,0.2027529761904762,896,0.3333333333333333,896,0.3333333333333333,0.6082589285714286,1.8247767857142858,0.09164186507936509
RAW-FP-R02666,distance_geometry_5_3=high,angles_meanse=low,1,1,2,545,0.2027529761904762,896,0.3333333333333333,896,0.3333333333333333,0.6082589285714286,1.8247767857142858,0.09164186507936509
RAW-FP-R02667,distance_geometry_5_3=low,angles_mean=high,1,1,2,545,0.2027529761904762,896,0.3333333333333333,896,0.3333333333333333,0.6082589285714286,1.8247767857142858,0.09164186507936509
RAW-FP-R02668,mean_distance_to_centroid_m=low,distance_geometry_3_2=low,1,1,2,545,0.2027529761904762,896,0.3333333333333333,896,0.3333333333333333,0.6082589285714286,1.8247767857142858,0.09164186507936509
RAW-FP-R02669,net_displacement_m=high,speed_quant_95=high,1,1,2,545,0.2027529761904762,896,0.3333333333333333,896,0.3333333333333333,0.6082589285714286,1.8247767857142858,0.09164186507936509
RAW-FP-R02670,speed_mean_first_half=high,acceleration_progress_slope=low,1,1,2,545,0.2027529761904762,896,0.3333333333333333,896,0.3333333333333333,0.6082589285714286,1.8247767857142858,0.09164186507936509
RAW-FP-R02671,speed_quant_10=high,angles_quant_median=low,1,1,2,545,0.2027529761904762,896,0.3333333333333333,896,0.3333333333333333,0.6082589285714286,1.8247767857142858,0.09164186507936509
RAW-FP-R02672,speed_quant_90=low,angles_iqr=high,1,1,2,545,0.2027529761904762,896,0.3333333333333333,896,0.3333333333333333,0.6082589285714286,1.8247767857142858,0.09164186507936509
RAW-FP-R02673,speed_quant_95=high,net_displacement_m=high,1,1,2,545,0.2027529761904762,896,0.3333333333333333,896,0.3333333333333333,0.6082589285714286,1.8247767857142858,0.09164186507936509
RAW-FP-R02674,speed_quant_median=high,angles_quant_max=low,1,1,2,545,0.2027529761904762,896,0.3333333333333333,896,0.3333333333333333,0.6082589285714286,1.8247767857142858,0.09164186507936509
RAW-FP-R02675,speed_quant_median=high,angles_range=low,1,1,2,545,0.2027529761904762,896,0.3333333333333333,896,0.3333333333333333,0.6082589285714286,1.8247767857142858,0.09164186507936509
RAW-FP-R02676,bbox_height_m=high,speed_quant_75=high,1,1,2,543,0.20200892857142858,894,0.3325892857142857,896,0.3333333333333333,0.6073825503355704,1.8221476510067114,0.09114583333333334
RAW-FP-R02677,speed_quant_75=high,bbox_height_m=high,1,1,2,543,0.20200892857142858,896,0.3333333333333333,894,0.3325892857142857,0.6060267857142857,1.8221476510067114,0.09114583333333334
RAW-FP-R02678,acceleration_quant_95=low,speed_range=low,1,1,2,544,0.20238095238095238,896,0.3333333333333333,896,0.3333333333333333,0.6071428571428571,1.8214285714285714,0.09126984126984128
RAW-FP-R02679,acceleration_quant_min=low,speed_range=high,1,1,2,544,0.20238095238095238,896,0.3333333333333333,896,0.3333333333333333,0.6071428571428571,1.8214285714285714,0.09126984126984128
RAW-FP-R02680,angles_quant_75=high,distance_geometry_4_3=low,1,1,2,544,0.20238095238095238,896,0.3333333333333333,896,0.3333333333333333,0.6071428571428571,1.8214285714285714,0.09126984126984128
RAW-FP-R02681,angles_quant_95=high,max_distance_to_centroid_m=low,1,1,2,544,0.20238095238095238,896,0.3333333333333333,896,0.3333333333333333,0.6071428571428571,1.8214285714285714,0.09126984126984128
RAW-FP-R02682,angles_quant_95=high,distance_geometry_4_1=low,1,1,2,544,0.20238095238095238,896,0.3333333333333333,896,0.3333333333333333,0.6071428571428571,1.8214285714285714,0.09126984126984128
RAW-FP-R02683,directness_ratio=high,distance_geometry_5_4=high,1,1,2,544,0.20238095238095238,896,0.3333333333333333,896,0.3333333333333333,0.6071428571428571,1.8214285714285714,0.09126984126984128
RAW-FP-R02684,distance_geometry_4_1=low,angles_quant_95=high,1,1,2,544,0.20238095238095238,896,0.3333333333333333,896,0.3333333333333333,0.6071428571428571,1.8214285714285714,0.09126984126984128
RAW-FP-R02685,distance_geometry_4_3=low,angles_quant_75=high,1,1,2,544,0.20238095238095238,896,0.3333333333333333,896,0.3333333333333333,0.6071428571428571,1.8214285714285714,0.09126984126984128
RAW-FP-R02686,distance_geometry_5_4=high,directness_ratio=high,1,1,2,544,0.20238095238095238,896,0.3333333333333333,896,0.3333333333333333,0.6071428571428571,1.8214285714285714,0.09126984126984128
RAW-FP-R02687,max_distance_to_centroid_m=high,speed_quant_min=high,1,1,2,544,0.20238095238095238,896,0.3333333333333333,896,0.3333333333333333,0.6071428571428571,1.8214285714285714,0.09126984126984128
RAW-FP-R02688,max_distance_to_centroid_m=low,angles_quant_95=high,1,1,2,544,0.20238095238095238,896,0.3333333333333333,896,0.3333333333333333,0.6071428571428571,1.8214285714285714,0.09126984126984128
RAW-FP-R02689,speed_iqr=high,speed_progress_slope=high,1,1,2,544,0.20238095238095238,896,0.3333333333333333,896,0.3333333333333333,0.6071428571428571,1.8214285714285714,0.09126984126984128
RAW-FP-R02690,speed_progress_slope=high,speed_quant_max=high,1,1,2,544,0.20238095238095238,896,0.3333333333333333,896,0.3333333333333333,0.6071428571428571,1.8214285714285714,0.09126984126984128
RAW-FP-R02691,speed_progress_slope=high,speed_iqr=high,1,1,2,544,0.20238095238095238,896,0.3333333333333333,896,0.3333333333333333,0.6071428571428571,1.8214285714285714,0.09126984126984128
RAW-FP-R02692,speed_quant_max=high,speed_progress_slope=high,1,1,2,544,0.20238095238095238,896,0.3333333333333333,896,0.3333333333333333,0.6071428571428571,1.8214285714285714,0.09126984126984128
RAW-FP-R02693,speed_quant_min=high,max_distance_to_centroid_m=high,1,1,2,544,0.20238095238095238,896,0.3333333333333333,896,0.3333333333333333,0.6071428571428571,1.8214285714285714,0.09126984126984128
RAW-FP-R02694,speed_range=high,acceleration_quant_min=low,1,1,2,544,0.20238095238095238,896,0.3333333333333333,896,0.3333333333333333,0.6071428571428571,1.8214285714285714,0.09126984126984128
RAW-FP-R02695,speed_range=low,acceleration_quant_95=low,1,1,2,544,0.20238095238095238,896,0.3333333333333333,896,0.3333333333333333,0.6071428571428571,1.8214285714285714,0.09126984126984128
RAW-FP-R02696,acceleration_quant_90=high,speed_meanse=high,1,1,2,543,0.20200892857142858,896,0.3333333333333333,896,0.3333333333333333,0.6060267857142857,1.8180803571428572,0.09089781746031747
RAW-FP-R02697,acceleration_quant_90=high,speed_sd=high,1,1,2,543,0.20200892857142858,896,0.3333333333333333,896,0.3333333333333333,0.6060267857142857,1.8180803571428572,0.09089781746031747
RAW-FP-R02698,angles_iqr=high,distance_geometry_2_1=low,1,1,2,543,0.20200892857142858,896,0.3333333333333333,896,0.3333333333333333,0.6060267857142857,1.8180803571428572,0.09089781746031747
RAW-FP-R02699,angles_mean=high,distance_geometry_3_1=low,1,1,2,543,0.20200892857142858,896,0.3333333333333333,896,0.3333333333333333,0.6060267857142857,1.8180803571428572,0.09089781746031747
RAW-FP-R02700,angles_quant_75=high,distance_geometry_5_4=low,1,1,2,543,0.20200892857142858,896,0.3333333333333333,896,0.3333333333333333,0.6060267857142857,1.8180803571428572,0.09089781746031747
RAW-FP-R02701,angles_quant_90=high,distance_geometry_3_1=low,1,1,2,543,0.20200892857142858,896,0.3333333333333333,896,0.3333333333333333,0.6060267857142857,1.8180803571428572,0.09089781746031747
RAW-FP-R02702,angles_quant_max=low,distance_geometry_5_1=high,1,1,2,543,0.20200892857142858,896,0.3333333333333333,896,0.3333333333333333,0.6060267857142857,1.8180803571428572,0.09089781746031747
RAW-FP-R02703,angles_range=low,distance_geometry_5_1=high,1,1,2,543,0.20200892857142858,896,0.3333333333333333,896,0.3333333333333333,0.6060267857142857,1.8180803571428572,0.09089781746031747
RAW-FP-R02704,directness_ratio=low,distance_geometry_5_3=low,1,1,2,543,0.20200892857142858,896,0.3333333333333333,896,0.3333333333333333,0.6060267857142857,1.8180803571428572,0.09089781746031747
RAW-FP-R02705,distance_geometry_1_1=high,distance_geometry_5_4=high,1,1,2,543,0.20200892857142858,896,0.3333333333333333,896,0.3333333333333333,0.6060267857142857,1.8180803571428572,0.09089781746031747
RAW-FP-R02706,distance_geometry_2_1=low,angles_iqr=high,1,1,2,543,0.20200892857142858,896,0.3333333333333333,896,0.3333333333333333,0.6060267857142857,1.8180803571428572,0.09089781746031747
RAW-FP-R02707,distance_geometry_3_1=low,angles_mean=high,1,1,2,543,0.20200892857142858,896,0.3333333333333333,896,0.3333333333333333,0.6060267857142857,1.8180803571428572,0.09089781746031747
RAW-FP-R02708,distance_geometry_3_1=low,angles_quant_90=high,1,1,2,543,0.20200892857142858,896,0.3333333333333333,896,0.3333333333333333,0.6060267857142857,1.8180803571428572,0.09089781746031747
RAW-FP-R02709,distance_geometry_3_2=low,radius_of_gyration_m=low,1,1,2,543,0.20200892857142858,896,0.3333333333333333,896,0.3333333333333333,0.6060267857142857,1.8180803571428572,0.09089781746031747
RAW-FP-R02710,distance_geometry_5_1=high,angles_quant_max=low,1,1,2,543,0.20200892857142858,896,0.3333333333333333,896,0.3333333333333333,0.6060267857142857,1.8180803571428572,0.09089781746031747
RAW-FP-R02711,distance_geometry_5_1=high,angles_range=low,1,1,2,543,0.20200892857142858,896,0.3333333333333333,896,0.3333333333333333,0.6060267857142857,1.8180803571428572,0.09089781746031747
RAW-FP-R02712,distance_geometry_5_3=low,directness_ratio=low,1,1,2,543,0.20200892857142858,896,0.3333333333333333,896,0.3333333333333333,0.6060267857142857,1.8180803571428572,0.09089781746031747
RAW-FP-R02713,distance_geometry_5_4=high,distance_geometry_1_1=high,1,1,2,543,0.20200892857142858,896,0.3333333333333333,896,0.3333333333333333,0.6060267857142857,1.8180803571428572,0.09089781746031747
RAW-FP-R02714,distance_geometry_5_4=low,angles_quant_75=high,1,1,2,543,0.20200892857142858,896,0.3333333333333333,896,0.3333333333333333,0.6060267857142857,1.8180803571428572,0.09089781746031747
RAW-FP-R02715,radius_of_gyration_m=low,distance_geometry_3_2=low,1,1,2,543,0.20200892857142858,896,0.3333333333333333,896,0.3333333333333333,0.6060267857142857,1.8180803571428572,0.09089781746031747
RAW-FP-R02716,speed_mean_second_half=high,speed_quant_05=high,1,1,2,543,0.20200892857142858,896,0.3333333333333333,896,0.3333333333333333,0.6060267857142857,1.8180803571428572,0.09089781746031747
RAW-FP-R02717,speed_meanse=high,acceleration_quant_90=high,1,1,2,543,0.20200892857142858,896,0.3333333333333333,896,0.3333333333333333,0.6060267857142857,1.8180803571428572,0.09089781746031747
RAW-FP-R02718,speed_meanse=high,speed_vcoef=high,1,1,2,543,0.20200892857142858,896,0.3333333333333333,896,0.3333333333333333,0.6060267857142857,1.8180803571428572,0.09089781746031747
RAW-FP-R02719,speed_quant_05=high,speed_mean_second_half=high,1,1,2,543,0.20200892857142858,896,0.3333333333333333,896,0.3333333333333333,0.6060267857142857,1.8180803571428572,0.09089781746031747
RAW-FP-R02720,speed_sd=high,acceleration_quant_90=high,1,1,2,543,0.20200892857142858,896,0.3333333333333333,896,0.3333333333333333,0.6060267857142857,1.8180803571428572,0.09089781746031747
RAW-FP-R02721,speed_sd=high,speed_vcoef=high,1,1,2,543,0.20200892857142858,896,0.3333333333333333,896,0.3333333333333333,0.6060267857142857,1.8180803571428572,0.09089781746031747
RAW-FP-R02722,speed_vcoef=high,speed_meanse=high,1,1,2,543,0.20200892857142858,896,0.3333333333333333,896,0.3333333333333333,0.6060267857142857,1.8180803571428572,0.09089781746031747
RAW-FP-R02723,speed_vcoef=high,speed_sd=high,1,1,2,543,0.20200892857142858,896,0.3333333333333333,896,0.3333333333333333,0.6060267857142857,1.8180803571428572,0.09089781746031747
RAW-FP-R02724,angles_iqr=high,distance_geometry_5_2=low,1,1,2,542,0.20163690476190477,896,0.3333333333333333,896,0.3333333333333333,0.6049107142857143,1.814732142857143,0.09052579365079366
RAW-FP-R02725,angles_meanse=high,distance_geometry_2_1=low,1,1,2,542,0.20163690476190477,896,0.3333333333333333,896,0.3333333333333333,0.6049107142857143,1.814732142857143,0.09052579365079366
RAW-FP-R02726,angles_quant_75=high,speed_quant_90=low,1,1,2,542,0.20163690476190477,896,0.3333333333333333,896,0.3333333333333333,0.6049107142857143,1.814732142857143,0.09052579365079366
RAW-FP-R02727,angles_quant_95=low,distance_geometry_5_3=high,1,1,2,542,0.20163690476190477,896,0.3333333333333333,896,0.3333333333333333,0.6049107142857143,1.814732142857143,0.09052579365079366
RAW-FP-R02728,angles_quant_max=high,mean_distance_to_centroid_m=low,1,1,2,542,0.20163690476190477,896,0.3333333333333333,896,0.3333333333333333,0.6049107142857143,1.814732142857143,0.09052579365079366
RAW-FP-R02729,angles_quant_max=low,distance_geometry_4_2=high,1,1,2,542,0.20163690476190477,896,0.3333333333333333,896,0.3333333333333333,0.6049107142857143,1.814732142857143,0.09052579365079366
RAW-FP-R02730,angles_range=high,mean_distance_to_centroid_m=low,1,1,2,542,0.20163690476190477,896,0.3333333333333333,896,0.3333333333333333,0.6049107142857143,1.814732142857143,0.09052579365079366
RAW-FP-R02731,angles_range=low,distance_geometry_4_2=high,1,1,2,542,0.20163690476190477,896,0.3333333333333333,896,0.3333333333333333,0.6049107142857143,1.814732142857143,0.09052579365079366
RAW-FP-R02732,angles_sd=high,distance_geometry_2_1=low,1,1,2,542,0.20163690476190477,896,0.3333333333333333,896,0.3333333333333333,0.6049107142857143,1.814732142857143,0.09052579365079366
RAW-FP-R02733,bbox_width_m=low,speed_mean_second_half=low,1,1,2,542,0.20163690476190477,896,0.3333333333333333,896,0.3333333333333333,0.6049107142857143,1.814732142857143,0.09052579365079366
RAW-FP-R02734,distance_geometry_2_1=low,angles_meanse=high,1,1,2,542,0.20163690476190477,896,0.3333333333333333,896,0.3333333333333333,0.6049107142857143,1.814732142857143,0.09052579365079366
RAW-FP-R02735,distance_geometry_2_1=low,angles_sd=high,1,1,2,542,0.20163690476190477,896,0.3333333333333333,896,0.3333333333333333,0.6049107142857143,1.814732142857143,0.09052579365079366
RAW-FP-R02736,distance_geometry_4_2=high,angles_quant_max=low,1,1,2,542,0.20163690476190477,896,0.3333333333333333,896,0.3333333333333333,0.6049107142857143,1.814732142857143,0.09052579365079366
RAW-FP-R02737,distance_geometry_4_2=high,angles_range=low,1,1,2,542,0.20163690476190477,896,0.3333333333333333,896,0.3333333333333333,0.6049107142857143,1.814732142857143,0.09052579365079366
RAW-FP-R02738,distance_geometry_5_2=low,angles_iqr=high,1,1,2,542,0.20163690476190477,896,0.3333333333333333,896,0.3333333333333333,0.6049107142857143,1.814732142857143,0.09052579365079366
RAW-FP-R02739,distance_geometry_5_3=high,angles_quant_95=low,1,1,2,542,0.20163690476190477,896,0.3333333333333333,896,0.3333333333333333,0.6049107142857143,1.814732142857143,0.09052579365079366
RAW-FP-R02740,mean_distance_to_centroid_m=low,angles_quant_max=high,1,1,2,542,0.20163690476190477,896,0.3333333333333333,896,0.3333333333333333,0.6049107142857143,1.814732142857143,0.09052579365079366
RAW-FP-R02741,mean_distance_to_centroid_m=low,angles_range=high,1,1,2,542,0.20163690476190477,896,0.3333333333333333,896,0.3333333333333333,0.6049107142857143,1.814732142857143,0.09052579365079366
RAW-FP-R02742,speed_mean_second_half=low,bbox_width_m=low,1,1,2,542,0.20163690476190477,896,0.3333333333333333,896,0.3333333333333333,0.6049107142857143,1.814732142857143,0.09052579365079366
RAW-FP-R02743,speed_progress_slope=high,speed_quant_95=high,1,1,2,542,0.20163690476190477,896,0.3333333333333333,896,0.3333333333333333,0.6049107142857143,1.814732142857143,0.09052579365079366
RAW-FP-R02744,speed_quant_90=low,angles_quant_75=high,1,1,2,542,0.20163690476190477,896,0.3333333333333333,896,0.3333333333333333,0.6049107142857143,1.814732142857143,0.09052579365079366
RAW-FP-R02745,speed_quant_95=high,speed_progress_slope=high,1,1,2,542,0.20163690476190477,896,0.3333333333333333,896,0.3333333333333333,0.6049107142857143,1.814732142857143,0.09052579365079366
RAW-FP-R02746,angles_quant_10=medium,angles_iqr=low,1,1,2,318,0.11830357142857142,526,0.1956845238095238,896,0.3333333333333333,0.6045627376425855,1.8136882129277565,0.05307539682539683
RAW-FP-R02747,angles_meanse=high,speed_quant_75=low,1,1,2,541,0.20126488095238096,896,0.3333333333333333,896,0.3333333333333333,0.6037946428571429,1.8113839285714288,0.09015376984126985
RAW-FP-R02748,angles_meanse=high,bbox_lon_span_deg=low,1,1,2,541,0.20126488095238096,896,0.3333333333333333,896,0.3333333333333333,0.6037946428571429,1.8113839285714288,0.09015376984126985
RAW-FP-R02749,angles_meanse=high,distance_geometry_4_2=low,1,1,2,541,0.20126488095238096,896,0.3333333333333333,896,0.3333333333333333,0.6037946428571429,1.8113839285714288,0.09015376984126985
RAW-FP-R02750,angles_quant_75=low,distance_geometry_1_1=high,1,1,2,541,0.20126488095238096,896,0.3333333333333333,896,0.3333333333333333,0.6037946428571429,1.8113839285714288,0.09015376984126985
RAW-FP-R02751,angles_quant_90=high,distance_geometry_5_3=low,1,1,2,541,0.20126488095238096,896,0.3333333333333333,896,0.3333333333333333,0.6037946428571429,1.8113839285714288,0.09015376984126985
RAW-FP-R02752,angles_quant_90=high,bbox_lon_span_deg=low,1,1,2,541,0.20126488095238096,896,0.3333333333333333,896,0.3333333333333333,0.6037946428571429,1.8113839285714288,0.09015376984126985
RAW-FP-R02753,angles_quant_max=high,net_displacement_m=low,1,1,2,541,0.20126488095238096,896,0.3333333333333333,896,0.3333333333333333,0.6037946428571429,1.8113839285714288,0.09015376984126985
RAW-FP-R02754,angles_quant_median=high,speed_mean_first_half=low,1,1,2,541,0.20126488095238096,896,0.3333333333333333,896,0.3333333333333333,0.6037946428571429,1.8113839285714288,0.09015376984126985
RAW-FP-R02755,angles_quant_median=low,speed_quant_05=high,1,1,2,541,0.20126488095238096,896,0.3333333333333333,896,0.3333333333333333,0.6037946428571429,1.8113839285714288,0.09015376984126985
RAW-FP-R02756,angles_range=high,net_displacement_m=low,1,1,2,541,0.20126488095238096,896,0.3333333333333333,896,0.3333333333333333,0.6037946428571429,1.8113839285714288,0.09015376984126985
RAW-FP-R02757,angles_sd=high,bbox_lon_span_deg=low,1,1,2,541,0.20126488095238096,896,0.3333333333333333,896,0.3333333333333333,0.6037946428571429,1.8113839285714288,0.09015376984126985
RAW-FP-R02758,angles_sd=high,distance_geometry_4_2=low,1,1,2,541,0.20126488095238096,896,0.3333333333333333,896,0.3333333333333333,0.6037946428571429,1.8113839285714288,0.09015376984126985
RAW-FP-R02759,angles_sd=high,speed_quant_75=low,1,1,2,541,0.20126488095238096,896,0.3333333333333333,896,0.3333333333333333,0.6037946428571429,1.8113839285714288,0.09015376984126985
RAW-FP-R02760,bbox_lon_span_deg=low,angles_meanse=high,1,1,2,541,0.20126488095238096,896,0.3333333333333333,896,0.3333333333333333,0.6037946428571429,1.8113839285714288,0.09015376984126985
RAW-FP-R02761,bbox_lon_span_deg=low,angles_quant_90=high,1,1,2,541,0.20126488095238096,896,0.3333333333333333,896,0.3333333333333333,0.6037946428571429,1.8113839285714288,0.09015376984126985
RAW-FP-R02762,bbox_lon_span_deg=low,angles_sd=high,1,1,2,541,0.20126488095238096,896,0.3333333333333333,896,0.3333333333333333,0.6037946428571429,1.8113839285714288,0.09015376984126985
RAW-FP-R02763,directness_ratio=high,distance_geometry_4_2=high,1,1,2,541,0.20126488095238096,896,0.3333333333333333,896,0.3333333333333333,0.6037946428571429,1.8113839285714288,0.09015376984126985
RAW-FP-R02764,distance_geometry_1_1=high,distance_geometry_4_2=high,1,1,2,541,0.20126488095238096,896,0.3333333333333333,896,0.3333333333333333,0.6037946428571429,1.8113839285714288,0.09015376984126985
RAW-FP-R02765,distance_geometry_1_1=high,angles_quant_75=low,1,1,2,541,0.20126488095238096,896,0.3333333333333333,896,0.3333333333333333,0.6037946428571429,1.8113839285714288,0.09015376984126985
RAW-FP-R02766,distance_geometry_1_1=low,distance_geometry_5_3=low,1,1,2,541,0.20126488095238096,896,0.3333333333333333,896,0.3333333333333333,0.6037946428571429,1.8113839285714288,0.09015376984126985
RAW-FP-R02767,distance_geometry_1_1=low,distance_geometry_4_2=low,1,1,2,541,0.20126488095238096,896,0.3333333333333333,896,0.3333333333333333,0.6037946428571429,1.8113839285714288,0.09015376984126985
RAW-FP-R02768,distance_geometry_4_1=low,speed_mean_first_half=low,1,1,2,541,0.20126488095238096,896,0.3333333333333333,896,0.3333333333333333,0.6037946428571429,1.8113839285714288,0.09015376984126985
RAW-FP-R02769,distance_geometry_4_2=high,directness_ratio=high,1,1,2,541,0.20126488095238096,896,0.3333333333333333,896,0.3333333333333333,0.6037946428571429,1.8113839285714288,0.09015376984126985
RAW-FP-R02770,distance_geometry_4_2=high,distance_geometry_1_1=high,1,1,2,541,0.20126488095238096,896,0.3333333333333333,896,0.3333333333333333,0.6037946428571429,1.8113839285714288,0.09015376984126985
RAW-FP-R02771,distance_geometry_4_2=low,speed_quant_25=low,1,1,2,541,0.20126488095238096,896,0.3333333333333333,896,0.3333333333333333,0.6037946428571429,1.8113839285714288,0.09015376984126985
RAW-FP-R02772,distance_geometry_4_2=low,mean_distance_to_centroid_m=low,1,1,2,541,0.20126488095238096,896,0.3333333333333333,896,0.3333333333333333,0.6037946428571429,1.8113839285714288,0.09015376984126985
RAW-FP-R02773,distance_geometry_4_2=low,angles_sd=high,1,1,2,541,0.20126488095238096,896,0.3333333333333333,896,0.3333333333333333,0.6037946428571429,1.8113839285714288,0.09015376984126985
RAW-FP-R02774,distance_geometry_4_2=low,angles_meanse=high,1,1,2,541,0.20126488095238096,896,0.3333333333333333,896,0.3333333333333333,0.6037946428571429,1.8113839285714288,0.09015376984126985
RAW-FP-R02775,distance_geometry_4_2=low,distance_geometry_1_1=low,1,1,2,541,0.20126488095238096,896,0.3333333333333333,896,0.3333333333333333,0.6037946428571429,1.8113839285714288,0.09015376984126985
RAW-FP-R02776,distance_geometry_5_3=low,angles_quant_90=high,1,1,2,541,0.20126488095238096,896,0.3333333333333333,896,0.3333333333333333,0.6037946428571429,1.8113839285714288,0.09015376984126985
RAW-FP-R02777,distance_geometry_5_3=low,distance_geometry_1_1=low,1,1,2,541,0.20126488095238096,896,0.3333333333333333,896,0.3333333333333333,0.6037946428571429,1.8113839285714288,0.09015376984126985
RAW-FP-R02778,mean_distance_to_centroid_m=low,distance_geometry_4_2=low,1,1,2,541,0.20126488095238096,896,0.3333333333333333,896,0.3333333333333333,0.6037946428571429,1.8113839285714288,0.09015376984126985
RAW-FP-R02779,net_displacement_m=low,angles_range=high,1,1,2,541,0.20126488095238096,896,0.3333333333333333,896,0.3333333333333333,0.6037946428571429,1.8113839285714288,0.09015376984126985
RAW-FP-R02780,net_displacement_m=low,angles_quant_max=high,1,1,2,541,0.20126488095238096,896,0.3333333333333333,896,0.3333333333333333,0.6037946428571429,1.8113839285714288,0.09015376984126985
RAW-FP-R02781,speed_mean_first_half=low,angles_quant_median=high,1,1,2,541,0.20126488095238096,896,0.3333333333333333,896,0.3333333333333333,0.6037946428571429,1.8113839285714288,0.09015376984126985
RAW-FP-R02782,speed_mean_first_half=low,distance_geometry_4_1=low,1,1,2,541,0.20126488095238096,896,0.3333333333333333,896,0.3333333333333333,0.6037946428571429,1.8113839285714288,0.09015376984126985
RAW-FP-R02783,speed_meanse=low,speed_quant_75=low,1,1,2,541,0.20126488095238096,896,0.3333333333333333,896,0.3333333333333333,0.6037946428571429,1.8113839285714288,0.09015376984126985
RAW-FP-R02784,speed_quant_05=high,angles_quant_median=low,1,1,2,541,0.20126488095238096,896,0.3333333333333333,896,0.3333333333333333,0.6037946428571429,1.8113839285714288,0.09015376984126985
RAW-FP-R02785,speed_quant_25=low,distance_geometry_4_2=low,1,1,2,541,0.20126488095238096,896,0.3333333333333333,896,0.3333333333333333,0.6037946428571429,1.8113839285714288,0.09015376984126985
RAW-FP-R02786,speed_quant_75=low,speed_sd=low,1,1,2,541,0.20126488095238096,896,0.3333333333333333,896,0.3333333333333333,0.6037946428571429,1.8113839285714288,0.09015376984126985
RAW-FP-R02787,speed_quant_75=low,angles_meanse=high,1,1,2,541,0.20126488095238096,896,0.3333333333333333,896,0.3333333333333333,0.6037946428571429,1.8113839285714288,0.09015376984126985
RAW-FP-R02788,speed_quant_75=low,angles_sd=high,1,1,2,541,0.20126488095238096,896,0.3333333333333333,896,0.3333333333333333,0.6037946428571429,1.8113839285714288,0.09015376984126985
RAW-FP-R02789,speed_quant_75=low,speed_meanse=low,1,1,2,541,0.20126488095238096,896,0.3333333333333333,896,0.3333333333333333,0.6037946428571429,1.8113839285714288,0.09015376984126985
RAW-FP-R02790,speed_sd=low,speed_quant_75=low,1,1,2,541,0.20126488095238096,896,0.3333333333333333,896,0.3333333333333333,0.6037946428571429,1.8113839285714288,0.09015376984126985
RAW-FP-R02791,mean_distance_to_centroid_m=medium,bbox_lon_span_deg=medium,1,1,2,541,0.20126488095238096,896,0.3333333333333333,897,0.33370535714285715,0.6037946428571429,1.8093645484949834,0.09002976190476192
RAW-FP-R02792,bbox_lon_span_deg=medium,mean_distance_to_centroid_m=medium,1,1,2,541,0.20126488095238096,897,0.33370535714285715,896,0.3333333333333333,0.6031215161649944,1.8093645484949834,0.09002976190476192
RAW-FP-R02793,angles_mean=high,distance_geometry_4_1=low,1,1,2,540,0.20089285714285715,896,0.3333333333333333,896,0.3333333333333333,0.6026785714285714,1.8080357142857142,0.08978174603174605
RAW-FP-R02794,angles_meanse=high,max_distance_to_centroid_m=low,1,1,2,540,0.20089285714285715,896,0.3333333333333333,896,0.3333333333333333,0.6026785714285714,1.8080357142857142,0.08978174603174605
RAW-FP-R02795,angles_meanse=high,speed_mean_second_half=low,1,1,2,540,0.20089285714285715,896,0.3333333333333333,896,0.3333333333333333,0.6026785714285714,1.8080357142857142,0.08978174603174605
RAW-FP-R02796,angles_quant_90=high,distance_geometry_4_3=low,1,1,2,540,0.20089285714285715,896,0.3333333333333333,896,0.3333333333333333,0.6026785714285714,1.8080357142857142,0.08978174603174605
RAW-FP-R02797,angles_quant_90=high,distance_geometry_4_1=low,1,1,2,540,0.20089285714285715,896,0.3333333333333333,896,0.3333333333333333,0.6026785714285714,1.8080357142857142,0.08978174603174605
RAW-FP-R02798,angles_quant_max=high,median_distance_to_centroid_m=low,1,1,2,540,0.20089285714285715,896,0.3333333333333333,896,0.3333333333333333,0.6026785714285714,1.8080357142857142,0.08978174603174605
RAW-FP-R02799,angles_quant_max=low,speed_mean=high,1,1,2,540,0.20089285714285715,896,0.3333333333333333,896,0.3333333333333333,0.6026785714285714,1.8080357142857142,0.08978174603174605
RAW-FP-R02800,angles_quant_median=low,distance_geometry_3_1=high,1,1,2,540,0.20089285714285715,896,0.3333333333333333,896,0.3333333333333333,0.6026785714285714,1.8080357142857142,0.08978174603174605
RAW-FP-R02801,angles_range=high,median_distance_to_centroid_m=low,1,1,2,540,0.20089285714285715,896,0.3333333333333333,896,0.3333333333333333,0.6026785714285714,1.8080357142857142,0.08978174603174605
RAW-FP-R02802,angles_range=low,speed_mean=high,1,1,2,540,0.20089285714285715,896,0.3333333333333333,896,0.3333333333333333,0.6026785714285714,1.8080357142857142,0.08978174603174605
RAW-FP-R02803,angles_sd=high,max_distance_to_centroid_m=low,1,1,2,540,0.20089285714285715,896,0.3333333333333333,896,0.3333333333333333,0.6026785714285714,1.8080357142857142,0.08978174603174605
RAW-FP-R02804,angles_sd=high,speed_mean_second_half=low,1,1,2,540,0.20089285714285715,896,0.3333333333333333,896,0.3333333333333333,0.6026785714285714,1.8080357142857142,0.08978174603174605
RAW-FP-R02805,distance_geometry_3_1=high,angles_quant_median=low,1,1,2,540,0.20089285714285715,896,0.3333333333333333,896,0.3333333333333333,0.6026785714285714,1.8080357142857142,0.08978174603174605
RAW-FP-R02806,distance_geometry_3_2=low,net_displacement_m=low,1,1,2,540,0.20089285714285715,896,0.3333333333333333,896,0.3333333333333333,0.6026785714285714,1.8080357142857142,0.08978174603174605
RAW-FP-R02807,distance_geometry_4_1=low,angles_mean=high,1,1,2,540,0.20089285714285715,896,0.3333333333333333,896,0.3333333333333333,0.6026785714285714,1.8080357142857142,0.08978174603174605
RAW-FP-R02808,distance_geometry_4_1=low,angles_quant_90=high,1,1,2,540,0.20089285714285715,896,0.3333333333333333,896,0.3333333333333333,0.6026785714285714,1.8080357142857142,0.08978174603174605
RAW-FP-R02809,distance_geometry_4_3=low,angles_quant_90=high,1,1,2,540,0.20089285714285715,896,0.3333333333333333,896,0.3333333333333333,0.6026785714285714,1.8080357142857142,0.08978174603174605
RAW-FP-R02810,max_distance_to_centroid_m=low,angles_meanse=high,1,1,2,540,0.20089285714285715,896,0.3333333333333333,896,0.3333333333333333,0.6026785714285714,1.8080357142857142,0.08978174603174605
RAW-FP-R02811,max_distance_to_centroid_m=low,angles_sd=high,1,1,2,540,0.20089285714285715,896,0.3333333333333333,896,0.3333333333333333,0.6026785714285714,1.8080357142857142,0.08978174603174605
RAW-FP-R02812,median_distance_to_centroid_m=low,angles_range=high,1,1,2,540,0.20089285714285715,896,0.3333333333333333,896,0.3333333333333333,0.6026785714285714,1.8080357142857142,0.08978174603174605
RAW-FP-R02813,median_distance_to_centroid_m=low,angles_quant_max=high,1,1,2,540,0.20089285714285715,896,0.3333333333333333,896,0.3333333333333333,0.6026785714285714,1.8080357142857142,0.08978174603174605
RAW-FP-R02814,net_displacement_m=low,distance_geometry_3_2=low,1,1,2,540,0.20089285714285715,896,0.3333333333333333,896,0.3333333333333333,0.6026785714285714,1.8080357142857142,0.08978174603174605
RAW-FP-R02815,speed_iqr=high,speed_mean_second_half=high,1,1,2,540,0.20089285714285715,896,0.3333333333333333,896,0.3333333333333333,0.6026785714285714,1.8080357142857142,0.08978174603174605
RAW-FP-R02816,speed_mean=high,angles_quant_max=low,1,1,2,540,0.20089285714285715,896,0.3333333333333333,896,0.3333333333333333,0.6026785714285714,1.8080357142857142,0.08978174603174605
RAW-FP-R02817,speed_mean=high,angles_range=low,1,1,2,540,0.20089285714285715,896,0.3333333333333333,896,0.3333333333333333,0.6026785714285714,1.8080357142857142,0.08978174603174605
RAW-FP-R02818,speed_mean_first_half=high,speed_quant_90=high,1,1,2,540,0.20089285714285715,896,0.3333333333333333,896,0.3333333333333333,0.6026785714285714,1.8080357142857142,0.08978174603174605
RAW-FP-R02819,speed_mean_second_half=high,speed_iqr=high,1,1,2,540,0.20089285714285715,896,0.3333333333333333,896,0.3333333333333333,0.6026785714285714,1.8080357142857142,0.08978174603174605
RAW-FP-R02820,speed_mean_second_half=low,angles_meanse=high,1,1,2,540,0.20089285714285715,896,0.3333333333333333,896,0.3333333333333333,0.6026785714285714,1.8080357142857142,0.08978174603174605
RAW-FP-R02821,speed_mean_second_half=low,angles_sd=high,1,1,2,540,0.20089285714285715,896,0.3333333333333333,896,0.3333333333333333,0.6026785714285714,1.8080357142857142,0.08978174603174605
RAW-FP-R02822,speed_meanse=low,speed_vcoef=low,1,1,2,540,0.20089285714285715,896,0.3333333333333333,896,0.3333333333333333,0.6026785714285714,1.8080357142857142,0.08978174603174605
RAW-FP-R02823,speed_quant_90=high,speed_mean_first_half=high,1,1,2,540,0.20089285714285715,896,0.3333333333333333,896,0.3333333333333333,0.6026785714285714,1.8080357142857142,0.08978174603174605
RAW-FP-R02824,speed_sd=low,speed_vcoef=low,1,1,2,540,0.20089285714285715,896,0.3333333333333333,896,0.3333333333333333,0.6026785714285714,1.8080357142857142,0.08978174603174605
RAW-FP-R02825,speed_vcoef=low,speed_meanse=low,1,1,2,540,0.20089285714285715,896,0.3333333333333333,896,0.3333333333333333,0.6026785714285714,1.8080357142857142,0.08978174603174605
RAW-FP-R02826,speed_vcoef=low,speed_sd=low,1,1,2,540,0.20089285714285715,896,0.3333333333333333,896,0.3333333333333333,0.6026785714285714,1.8080357142857142,0.08978174603174605
RAW-FP-R02827,angles_quant_10=medium,angles_quant_75=low,1,1,2,317,0.11793154761904762,526,0.1956845238095238,896,0.3333333333333333,0.6026615969581749,1.8079847908745248,0.05270337301587302
RAW-FP-R02828,angles_0s=medium,angles_quant_05=low,1,1,2,537,0.19977678571428573,562,0.20907738095238096,1421,0.5286458333333334,0.9555160142348754,1.807478568798976,0.08924889942956349
RAW-FP-R02829,relative_grid_revisit_ratio_3x3=low,distance_geometry_1_1=low,1,1,2,586,0.21800595238095238,973,0.3619791666666667,896,0.3333333333333333,0.6022610483042138,1.8067831449126415,0.09734623015873016
RAW-FP-R02830,distance_geometry_1_1=low,relative_grid_revisit_ratio_3x3=low,1,1,2,586,0.21800595238095238,896,0.3333333333333333,973,0.3619791666666667,0.6540178571428571,1.806783144912641,0.09734623015873016
RAW-FP-R02831,bbox_lat_span_deg=high,speed_mean=high,1,1,2,537,0.19977678571428573,892,0.3318452380952381,896,0.3333333333333333,0.602017937219731,1.8060538116591929,0.08916170634920637
RAW-FP-R02832,angles_quant_25=low,angles_quant_10=low,1,1,2,762,0.28348214285714285,896,0.3333333333333333,1266,0.47098214285714285,0.8504464285714286,1.8056872037914693,0.12648809523809523
RAW-FP-R02833,angles_quant_10=low,angles_quant_25=low,1,1,2,762,0.28348214285714285,1266,0.47098214285714285,896,0.3333333333333333,0.6018957345971564,1.8056872037914693,0.12648809523809523
RAW-FP-R02834,angles_meanse=low,angles_skew=low,1,1,2,539,0.20052083333333334,896,0.3333333333333333,896,0.3333333333333333,0.6015625,1.8046875,0.08940972222222224
RAW-FP-R02835,angles_quant_75=low,directness_ratio=high,1,1,2,539,0.20052083333333334,896,0.3333333333333333,896,0.3333333333333333,0.6015625,1.8046875,0.08940972222222224
RAW-FP-R02836,angles_quant_90=high,max_distance_to_centroid_m=low,1,1,2,539,0.20052083333333334,896,0.3333333333333333,896,0.3333333333333333,0.6015625,1.8046875,0.08940972222222224
RAW-FP-R02837,angles_quant_95=low,distance_geometry_4_3=high,1,1,2,539,0.20052083333333334,896,0.3333333333333333,896,0.3333333333333333,0.6015625,1.8046875,0.08940972222222224
RAW-FP-R02838,angles_quant_max=low,distance_geometry_5_2=high,1,1,2,539,0.20052083333333334,896,0.3333333333333333,896,0.3333333333333333,0.6015625,1.8046875,0.08940972222222224
RAW-FP-R02839,angles_quant_max=low,distance_geometry_3_2=high,1,1,2,539,0.20052083333333334,896,0.3333333333333333,896,0.3333333333333333,0.6015625,1.8046875,0.08940972222222224
RAW-FP-R02840,angles_range=low,distance_geometry_5_2=high,1,1,2,539,0.20052083333333334,896,0.3333333333333333,896,0.3333333333333333,0.6015625,1.8046875,0.08940972222222224
RAW-FP-R02841,angles_range=low,distance_geometry_3_2=high,1,1,2,539,0.20052083333333334,896,0.3333333333333333,896,0.3333333333333333,0.6015625,1.8046875,0.08940972222222224
RAW-FP-R02842,angles_sd=low,angles_skew=low,1,1,2,539,0.20052083333333334,896,0.3333333333333333,896,0.3333333333333333,0.6015625,1.8046875,0.08940972222222224
RAW-FP-R02843,angles_skew=low,angles_meanse=low,1,1,2,539,0.20052083333333334,896,0.3333333333333333,896,0.3333333333333333,0.6015625,1.8046875,0.08940972222222224
RAW-FP-R02844,angles_skew=low,angles_sd=low,1,1,2,539,0.20052083333333334,896,0.3333333333333333,896,0.3333333333333333,0.6015625,1.8046875,0.08940972222222224
RAW-FP-R02845,bbox_diagonal_m=low,directness_ratio=low,1,1,2,539,0.20052083333333334,896,0.3333333333333333,896,0.3333333333333333,0.6015625,1.8046875,0.08940972222222224
RAW-FP-R02846,bbox_diagonal_m=low,distance_geometry_1_1=low,1,1,2,539,0.20052083333333334,896,0.3333333333333333,896,0.3333333333333333,0.6015625,1.8046875,0.08940972222222224
RAW-FP-R02847,directness_ratio=high,angles_quant_75=low,1,1,2,539,0.20052083333333334,896,0.3333333333333333,896,0.3333333333333333,0.6015625,1.8046875,0.08940972222222224
RAW-FP-R02848,directness_ratio=low,distance_geometry_4_2=low,1,1,2,539,0.20052083333333334,896,0.3333333333333333,896,0.3333333333333333,0.6015625,1.8046875,0.08940972222222224
RAW-FP-R02849,directness_ratio=low,bbox_diagonal_m=low,1,1,2,539,0.20052083333333334,896,0.3333333333333333,896,0.3333333333333333,0.6015625,1.8046875,0.08940972222222224
RAW-FP-R02850,distance_geometry_1_1=low,bbox_diagonal_m=low,1,1,2,539,0.20052083333333334,896,0.3333333333333333,896,0.3333333333333333,0.6015625,1.8046875,0.08940972222222224
RAW-FP-R02851,distance_geometry_3_2=high,angles_quant_max=low,1,1,2,539,0.20052083333333334,896,0.3333333333333333,896,0.3333333333333333,0.6015625,1.8046875,0.08940972222222224
RAW-FP-R02852,distance_geometry_3_2=high,angles_range=low,1,1,2,539,0.20052083333333334,896,0.3333333333333333,896,0.3333333333333333,0.6015625,1.8046875,0.08940972222222224
RAW-FP-R02853,distance_geometry_4_2=low,directness_ratio=low,1,1,2,539,0.20052083333333334,896,0.3333333333333333,896,0.3333333333333333,0.6015625,1.8046875,0.08940972222222224
RAW-FP-R02854,distance_geometry_4_3=high,angles_quant_95=low,1,1,2,539,0.20052083333333334,896,0.3333333333333333,896,0.3333333333333333,0.6015625,1.8046875,0.08940972222222224
RAW-FP-R02855,distance_geometry_4_3=low,distance_geometry_5_3=low,1,1,2,539,0.20052083333333334,896,0.3333333333333333,896,0.3333333333333333,0.6015625,1.8046875,0.08940972222222224
RAW-FP-R02856,distance_geometry_5_2=high,angles_quant_max=low,1,1,2,539,0.20052083333333334,896,0.3333333333333333,896,0.3333333333333333,0.6015625,1.8046875,0.08940972222222224
RAW-FP-R02857,distance_geometry_5_2=high,angles_range=low,1,1,2,539,0.20052083333333334,896,0.3333333333333333,896,0.3333333333333333,0.6015625,1.8046875,0.08940972222222224
RAW-FP-R02858,distance_geometry_5_3=low,distance_geometry_4_3=low,1,1,2,539,0.20052083333333334,896,0.3333333333333333,896,0.3333333333333333,0.6015625,1.8046875,0.08940972222222224
RAW-FP-R02859,max_distance_to_centroid_m=low,angles_quant_90=high,1,1,2,539,0.20052083333333334,896,0.3333333333333333,896,0.3333333333333333,0.6015625,1.8046875,0.08940972222222224
RAW-FP-R02860,bbox_lat_span_deg=high,speed_sd=high,1,1,2,536,0.19940476190476192,892,0.3318452380952381,896,0.3333333333333333,0.600896860986547,1.8026905829596411,0.08878968253968256
RAW-FP-R02861,bbox_lat_span_deg=high,speed_meanse=high,1,1,2,536,0.19940476190476192,892,0.3318452380952381,896,0.3333333333333333,0.600896860986547,1.8026905829596411,0.08878968253968256
RAW-FP-R02862,bbox_height_m=high,speed_mean=high,1,1,2,537,0.19977678571428573,894,0.3325892857142857,896,0.3333333333333333,0.6006711409395973,1.8020134228187918,0.0889136904761905
RAW-FP-R02863,angles_iqr=high,distance_geometry_3_2=low,1,1,2,538,0.20014880952380953,896,0.3333333333333333,896,0.3333333333333333,0.6004464285714286,1.8013392857142858,0.08903769841269843
RAW-FP-R02864,angles_quant_max=high,bbox_diagonal_m=low,1,1,2,538,0.20014880952380953,896,0.3333333333333333,896,0.3333333333333333,0.6004464285714286,1.8013392857142858,0.08903769841269843
RAW-FP-R02865,angles_quant_median=low,distance_geometry_2_1=high,1,1,2,538,0.20014880952380953,896,0.3333333333333333,896,0.3333333333333333,0.6004464285714286,1.8013392857142858,0.08903769841269843
RAW-FP-R02866,bbox_diagonal_m=low,angles_quant_max=high,1,1,2,538,0.20014880952380953,896,0.3333333333333333,896,0.3333333333333333,0.6004464285714286,1.8013392857142858,0.08903769841269843
RAW-FP-R02867,bbox_width_m=low,speed_quant_95=low,1,1,2,538,0.20014880952380953,896,0.3333333333333333,896,0.3333333333333333,0.6004464285714286,1.8013392857142858,0.08903769841269843
RAW-FP-R02868,distance_geometry_2_1=high,angles_quant_median=low,1,1,2,538,0.20014880952380953,896,0.3333333333333333,896,0.3333333333333333,0.6004464285714286,1.8013392857142858,0.08903769841269843
RAW-FP-R02869,distance_geometry_3_2=low,angles_iqr=high,1,1,2,538,0.20014880952380953,896,0.3333333333333333,896,0.3333333333333333,0.6004464285714286,1.8013392857142858,0.08903769841269843
RAW-FP-R02870,distance_geometry_5_3=low,mean_distance_to_centroid_m=low,1,1,2,538,0.20014880952380953,896,0.3333333333333333,896,0.3333333333333333,0.6004464285714286,1.8013392857142858,0.08903769841269843
RAW-FP-R02871,mean_distance_to_centroid_m=low,distance_geometry_5_3=low,1,1,2,538,0.20014880952380953,896,0.3333333333333333,896,0.3333333333333333,0.6004464285714286,1.8013392857142858,0.08903769841269843
RAW-FP-R02872,speed_iqr=high,speed_mean_half_diff=high,1,1,2,538,0.20014880952380953,896,0.3333333333333333,896,0.3333333333333333,0.6004464285714286,1.8013392857142858,0.08903769841269843
RAW-FP-R02873,speed_mad=medium,speed_meanse=medium,1,1,2,538,0.20014880952380953,896,0.3333333333333333,896,0.3333333333333333,0.6004464285714286,1.8013392857142858,0.08903769841269843
RAW-FP-R02874,speed_mad=medium,speed_sd=medium,1,1,2,538,0.20014880952380953,896,0.3333333333333333,896,0.3333333333333333,0.6004464285714286,1.8013392857142858,0.08903769841269843
RAW-FP-R02875,speed_mean_half_diff=high,speed_iqr=high,1,1,2,538,0.20014880952380953,896,0.3333333333333333,896,0.3333333333333333,0.6004464285714286,1.8013392857142858,0.08903769841269843
RAW-FP-R02876,speed_meanse=medium,speed_mad=medium,1,1,2,538,0.20014880952380953,896,0.3333333333333333,896,0.3333333333333333,0.6004464285714286,1.8013392857142858,0.08903769841269843
RAW-FP-R02877,speed_quant_10=low,speed_quant_95=low,1,1,2,538,0.20014880952380953,896,0.3333333333333333,896,0.3333333333333333,0.6004464285714286,1.8013392857142858,0.08903769841269843
RAW-FP-R02878,speed_quant_95=low,bbox_width_m=low,1,1,2,538,0.20014880952380953,896,0.3333333333333333,896,0.3333333333333333,0.6004464285714286,1.8013392857142858,0.08903769841269843
RAW-FP-R02879,speed_quant_95=low,speed_quant_10=low,1,1,2,538,0.20014880952380953,896,0.3333333333333333,896,0.3333333333333333,0.6004464285714286,1.8013392857142858,0.08903769841269843
RAW-FP-R02880,speed_range=high,speed_vcoef=high,1,1,2,538,0.20014880952380953,896,0.3333333333333333,896,0.3333333333333333,0.6004464285714286,1.8013392857142858,0.08903769841269843
RAW-FP-R02881,speed_sd=medium,speed_mad=medium,1,1,2,538,0.20014880952380953,896,0.3333333333333333,896,0.3333333333333333,0.6004464285714286,1.8013392857142858,0.08903769841269843
RAW-FP-R02882,speed_vcoef=high,speed_range=high,1,1,2,538,0.20014880952380953,896,0.3333333333333333,896,0.3333333333333333,0.6004464285714286,1.8013392857142858,0.08903769841269843
RAW-FP-R02883,directness_ratio=low,relative_grid_revisit_ratio_3x3=low,1,1,2,581,0.21614583333333334,896,0.3333333333333333,973,0.3619791666666667,0.6484375,1.79136690647482,0.09548611111111112
RAW-FP-R02884,sampling_gap_cv=low,angles_quant_10=low,1,1,2,1266,0.47098214285714285,1526,0.5677083333333334,1266,0.47098214285714285,0.8296199213630406,1.761467889908257,0.20360165550595238
RAW-FP-R02885,sampling_gap_sd_seconds=low,angles_quant_10=low,1,1,2,1266,0.47098214285714285,1526,0.5677083333333334,1266,0.47098214285714285,0.8296199213630406,1.761467889908257,0.20360165550595238
RAW-FP-R02886,sampling_gap_cv=low,sampling_gap_sd_seconds=low,1,1,2,1526,0.5677083333333334,1526,0.5677083333333334,1526,0.5677083333333334,1.0,1.7614678899082568,0.2454155815972222
RAW-FP-R02887,sampling_gap_sd_seconds=low,sampling_gap_cv=low,1,1,2,1526,0.5677083333333334,1526,0.5677083333333334,1526,0.5677083333333334,1.0,1.7614678899082568,0.2454155815972222
RAW-FP-R02888,angles_quant_10=low,sampling_gap_cv=low,1,1,2,1266,0.47098214285714285,1266,0.47098214285714285,1526,0.5677083333333334,1.0,1.7614678899082568,0.20360165550595238
RAW-FP-R02889,angles_quant_10=low,sampling_gap_sd_seconds=low,1,1,2,1266,0.47098214285714285,1266,0.47098214285714285,1526,0.5677083333333334,1.0,1.7614678899082568,0.20360165550595238
RAW-FP-R02890,angles_0s=high,sampling_gap_sd_seconds=low,1,1,2,884,0.3288690476190476,884,0.3288690476190476,1526,0.5677083333333334,1.0,1.7614678899082568,0.14216734871031744
RAW-FP-R02891,angles_0s=high,sampling_gap_cv=low,1,1,2,884,0.3288690476190476,884,0.3288690476190476,1526,0.5677083333333334,1.0,1.7614678899082568,0.14216734871031744
RAW-FP-R02892,angles_quant_05=low,sampling_gap_sd_seconds=low,1,1,2,1420,0.5282738095238095,1421,0.5286458333333334,1526,0.5677083333333334,0.9992962702322308,1.7602282925191586,0.2281571645585317
RAW-FP-R02893,angles_quant_05=low,sampling_gap_cv=low,1,1,2,1420,0.5282738095238095,1421,0.5286458333333334,1526,0.5677083333333334,0.9992962702322308,1.7602282925191586,0.2281571645585317
RAW-FP-R02894,sampling_gap_cv=low,angles_quant_05=low,1,1,2,1420,0.5282738095238095,1526,0.5677083333333334,1421,0.5286458333333334,0.9305373525557011,1.7602282925191586,0.2281571645585317
RAW-FP-R02895,sampling_gap_sd_seconds=low,angles_quant_05=low,1,1,2,1420,0.5282738095238095,1526,0.5677083333333334,1421,0.5286458333333334,0.9305373525557011,1.7602282925191586,0.2281571645585317
RAW-FP-R02896,angles_quant_min=low,sampling_gap_cv=low,1,1,2,1441,0.5360863095238095,1446,0.5379464285714286,1526,0.5677083333333334,0.9965421853388658,1.755377060413415,0.2306896391369047
RAW-FP-R02897,angles_quant_min=low,sampling_gap_sd_seconds=low,1,1,2,1441,0.5360863095238095,1446,0.5379464285714286,1526,0.5677083333333334,0.9965421853388658,1.755377060413415,0.2306896391369047
RAW-FP-R02898,sampling_gap_cv=low,angles_quant_min=low,1,1,2,1441,0.5360863095238095,1526,0.5677083333333334,1446,0.5379464285714286,0.9442988204456094,1.755377060413415,0.2306896391369047
RAW-FP-R02899,sampling_gap_sd_seconds=low,angles_quant_min=low,1,1,2,1441,0.5360863095238095,1526,0.5677083333333334,1446,0.5379464285714286,0.9442988204456094,1.755377060413415,0.2306896391369047
RAW-FP-R02900,acceleration_quant_median=medium,angles_quant_05=low,1,1,2,827,0.30766369047619047,896,0.3333333333333333,1421,0.5286458333333334,0.9229910714285714,1.745953553835327,0.13144841269841268
RAW-FP-R02901,angles_0s=medium,sampling_gap_cv=low,1,1,2,557,0.20721726190476192,562,0.20907738095238096,1526,0.5677083333333334,0.9911032028469751,1.7457964674001762,0.0885222904265873
RAW-FP-R02902,angles_0s=medium,sampling_gap_sd_seconds=low,1,1,2,557,0.20721726190476192,562,0.20907738095238096,1526,0.5677083333333334,0.9911032028469751,1.7457964674001762,0.0885222904265873
RAW-FP-R02903,acceleration_quant_median=medium,angles_quant_min=low,1,1,2,835,0.31063988095238093,896,0.3333333333333333,1446,0.5379464285714286,0.9319196428571429,1.7323651452282158,0.13132440476190474
RAW-FP-R02904,acceleration_quant_median=medium,sampling_gap_cv=low,1,1,2,837,0.31138392857142855,896,0.3333333333333333,1526,0.5677083333333334,0.9341517857142857,1.6454783748361728,0.12214781746031744
RAW-FP-R02905,acceleration_quant_median=medium,sampling_gap_sd_seconds=low,1,1,2,837,0.31138392857142855,896,0.3333333333333333,1526,0.5677083333333334,0.9341517857142857,1.6454783748361728,0.12214781746031744
RAW-FP-R02906,angles_quant_10=medium,angles_0s=low,1,1,2,399,0.1484375,526,0.1956845238095238,1242,0.46205357142857145,0.7585551330798479,1.6417038628974485,0.058020766900510196
RAW-FP-R02907,angles_quant_25=low,angles_quant_05=low,1,1,2,764,0.28422619047619047,896,0.3333333333333333,1421,0.5286458333333334,0.8526785714285714,1.6129486277269527,0.10801091269841268
RAW-FP-R02908,angles_quant_25=low,angles_quant_min=low,1,1,2,766,0.2849702380952381,896,0.3333333333333333,1446,0.5379464285714286,0.8549107142857143,1.5892116182572613,0.10565476190476189
RAW-FP-R02909,relative_grid_revisit_ratio_3x3=medium,relative_grid_unique_cells_3x3=low,1,1,2,1576,0.5863095238095238,1576,0.5863095238095238,1715,0.6380208333333334,1.0,1.5673469387755101,0.21223183283730157
RAW-FP-R02910,relative_grid_unique_cells_3x3=low,relative_grid_revisit_ratio_3x3=medium,1,1,2,1576,0.5863095238095238,1715,0.6380208333333334,1576,0.5863095238095238,0.9189504373177843,1.5673469387755101,0.21223183283730157
RAW-FP-R02911,duration_total_seconds=medium,sampling_gap_mean_seconds=medium,1,1,2,1754,0.6525297619047619,1754,0.6525297619047619,1754,0.6525297619047619,1.0,1.532497149372862,0.22673467173327666
RAW-FP-R02912,sampling_gap_mean_seconds=medium,duration_total_seconds=medium,1,1,2,1754,0.6525297619047619,1754,0.6525297619047619,1754,0.6525297619047619,1.0,1.532497149372862,0.22673467173327666
RAW-FP-R02913,angles_quant_10=low,duration_total_seconds=medium,1,1,2,1266,0.47098214285714285,1266,0.47098214285714285,1754,0.6525297619047619,1.0,1.532497149372862,0.1636522773171769
RAW-FP-R02914,angles_quant_10=low,sampling_gap_mean_seconds=medium,1,1,2,1266,0.47098214285714285,1266,0.47098214285714285,1754,0.6525297619047619,1.0,1.532497149372862,0.1636522773171769
RAW-FP-R02915,angles_0s=high,sampling_gap_mean_seconds=medium,1,1,2,884,0.3288690476190476,884,0.3288690476190476,1754,0.6525297619047619,1.0,1.532497149372862,0.1142722062783447
RAW-FP-R02916,angles_0s=high,duration_total_seconds=medium,1,1,2,884,0.3288690476190476,884,0.3288690476190476,1754,0.6525297619047619,1.0,1.532497149372862,0.1142722062783447
RAW-FP-R02917,duration_total_seconds=medium,angles_quant_10=low,1,1,2,1266,0.47098214285714285,1754,0.6525297619047619,1266,0.47098214285714285,0.7217787913340935,1.532497149372862,0.1636522773171769
RAW-FP-R02918,sampling_gap_mean_seconds=medium,angles_quant_10=low,1,1,2,1266,0.47098214285714285,1754,0.6525297619047619,1266,0.47098214285714285,0.7217787913340935,1.532497149372862,0.1636522773171769
RAW-FP-R02919,angles_quant_05=low,duration_total_seconds=medium,1,1,2,1420,0.5282738095238095,1421,0.5286458333333334,1754,0.6525297619047619,0.9992962702322308,1.531418685509827,0.18331666976686511
RAW-FP-R02920,angles_quant_05=low,sampling_gap_mean_seconds=medium,1,1,2,1420,0.5282738095238095,1421,0.5286458333333334,1754,0.6525297619047619,0.9992962702322308,1.531418685509827,0.18331666976686511
RAW-FP-R02921,duration_total_seconds=medium,angles_quant_05=low,1,1,2,1420,0.5282738095238095,1754,0.6525297619047619,1421,0.5286458333333334,0.8095781071835804,1.5314186855098268,0.18331666976686511
RAW-FP-R02922,sampling_gap_mean_seconds=medium,angles_quant_05=low,1,1,2,1420,0.5282738095238095,1754,0.6525297619047619,1421,0.5286458333333334,0.8095781071835804,1.5314186855098268,0.18331666976686511
RAW-FP-R02923,angles_quant_min=low,duration_total_seconds=medium,1,1,2,1442,0.5364583333333334,1446,0.5379464285714286,1754,0.6525297619047619,0.9972337482710927,1.528257876483864,0.18543227838010207
RAW-FP-R02924,angles_quant_min=low,sampling_gap_mean_seconds=medium,1,1,2,1442,0.5364583333333334,1446,0.5379464285714286,1754,0.6525297619047619,0.9972337482710927,1.528257876483864,0.18543227838010207
RAW-FP-R02925,duration_total_seconds=medium,angles_quant_min=low,1,1,2,1442,0.5364583333333334,1754,0.6525297619047619,1446,0.5379464285714286,0.82212086659065,1.5282578764838637,0.18543227838010207
RAW-FP-R02926,sampling_gap_mean_seconds=medium,angles_quant_min=low,1,1,2,1442,0.5364583333333334,1754,0.6525297619047619,1446,0.5379464285714286,0.82212086659065,1.5282578764838637,0.18543227838010207
RAW-FP-R02927,angles_iqr=low,angles_0s=low,1,1,2,631,0.2347470238095238,896,0.3333333333333333,1242,0.46205357142857145,0.7042410714285714,1.5241545893719806,0.08072916666666666
RAW-FP-R02928,angles_mad=low,angles_0s=low,1,1,2,631,0.2347470238095238,896,0.3333333333333333,1242,0.46205357142857145,0.7042410714285714,1.5241545893719806,0.08072916666666666
RAW-FP-R02929,angles_0s=medium,sampling_gap_mean_seconds=medium,1,1,2,558,0.20758928571428573,562,0.20907738095238096,1754,0.6525297619047619,0.9928825622775801,1.5215896963524147,0.0711600721017574
RAW-FP-R02930,angles_0s=medium,duration_total_seconds=medium,1,1,2,558,0.20758928571428573,562,0.20907738095238096,1754,0.6525297619047619,0.9928825622775801,1.5215896963524147,0.0711600721017574
RAW-FP-R02931,angles_quant_25=medium,angles_0s=low,1,1,2,626,0.23288690476190477,896,0.3333333333333333,1242,0.46205357142857145,0.6986607142857143,1.5120772946859904,0.07886904761904762
RAW-FP-R02932,angles_quant_25=low,sampling_gap_sd_seconds=low,1,1,2,768,0.2857142857142857,896,0.3333333333333333,1526,0.5677083333333334,0.8571428571428571,1.5098296199213628,0.0964781746031746
RAW-FP-R02933,angles_quant_25=low,sampling_gap_cv=low,1,1,2,768,0.2857142857142857,896,0.3333333333333333,1526,0.5677083333333334,0.8571428571428571,1.5098296199213628,0.0964781746031746
RAW-FP-R02934,angles_mad=high,angles_quant_10=low,1,1,2,634,0.23586309523809523,896,0.3333333333333333,1266,0.47098214285714285,0.7075892857142857,1.5023696682464456,0.07886904761904762
RAW-FP-R02935,relative_transition_entropy_3x3=low,relative_grid_unique_cells_3x3=low,1,1,2,849,0.3158482142857143,896,0.3333333333333333,1715,0.6380208333333334,0.9475446428571429,1.485131195335277,0.1031746031746032
RAW-FP-R02936,relative_grid_entropy_3x3=low,relative_grid_unique_cells_3x3=low,1,1,2,841,0.31287202380952384,897,0.33370535714285715,1715,0.6380208333333334,0.9375696767001115,1.4694969626646643,0.0999610537574405
RAW-FP-R02937,acceleration_quant_median=medium,duration_total_seconds=medium,1,1,2,854,0.3177083333333333,896,0.3333333333333333,1754,0.6525297619047619,0.953125,1.4606613454960091,0.1001984126984127
RAW-FP-R02938,acceleration_quant_median=medium,sampling_gap_mean_seconds=medium,1,1,2,854,0.3177083333333333,896,0.3333333333333333,1754,0.6525297619047619,0.953125,1.4606613454960091,0.1001984126984127
RAW-FP-R02939,angles_iqr=high,angles_quant_10=low,1,1,2,615,0.22879464285714285,896,0.3333333333333333,1266,0.47098214285714285,0.6863839285714286,1.4573459715639812,0.07180059523809523
RAW-FP-R02940,acceleration_quant_90=high,angles_0s=low,1,1,2,602,0.22395833333333334,896,0.3333333333333333,1242,0.46205357142857145,0.671875,1.4541062801932367,0.06994047619047619
RAW-FP-R02941,sampling_gap_cv=low,duration_total_seconds=medium,1,1,2,1443,0.5368303571428571,1526,0.5677083333333334,1754,0.6525297619047619,0.9456094364351245,1.449143765756907,0.1663837735615079
RAW-FP-R02942,sampling_gap_cv=low,sampling_gap_mean_seconds=medium,1,1,2,1443,0.5368303571428571,1526,0.5677083333333334,1754,0.6525297619047619,0.9456094364351245,1.449143765756907,0.1663837735615079
RAW-FP-R02943,sampling_gap_sd_seconds=low,duration_total_seconds=medium,1,1,2,1443,0.5368303571428571,1526,0.5677083333333334,1754,0.6525297619047619,0.9456094364351245,1.449143765756907,0.1663837735615079
RAW-FP-R02944,sampling_gap_sd_seconds=low,sampling_gap_mean_seconds=medium,1,1,2,1443,0.5368303571428571,1526,0.5677083333333334,1754,0.6525297619047619,0.9456094364351245,1.449143765756907,0.1663837735615079
RAW-FP-R02945,duration_total_seconds=medium,sampling_gap_cv=low,1,1,2,1443,0.5368303571428571,1754,0.6525297619047619,1526,0.5677083333333334,0.822690992018244,1.4491437657569068,0.1663837735615079
RAW-FP-R02946,duration_total_seconds=medium,sampling_gap_sd_seconds=low,1,1,2,1443,0.5368303571428571,1754,0.6525297619047619,1526,0.5677083333333334,0.822690992018244,1.4491437657569068,0.1663837735615079
RAW-FP-R02947,sampling_gap_mean_seconds=medium,sampling_gap_cv=low,1,1,2,1443,0.5368303571428571,1754,0.6525297619047619,1526,0.5677083333333334,0.822690992018244,1.4491437657569068,0.1663837735615079
RAW-FP-R02948,sampling_gap_mean_seconds=medium,sampling_gap_sd_seconds=low,1,1,2,1443,0.5368303571428571,1754,0.6525297619047619,1526,0.5677083333333334,0.822690992018244,1.4491437657569068,0.1663837735615079
RAW-FP-R02949,angles_mad=high,angles_quant_05=low,1,1,2,686,0.2552083333333333,896,0.3333333333333333,1421,0.5286458333333334,0.765625,1.4482758620689655,0.07899305555555552
RAW-FP-R02950,angles_0s=medium,angles_quant_10=low,1,1,2,382,0.14211309523809523,562,0.20907738095238096,1266,0.47098214285714285,0.6797153024911032,1.4431869929668921,0.04364138233418367
RAW-FP-R02951,angles_quant_75=low,angles_0s=low,1,1,2,597,0.22209821428571427,896,0.3333333333333333,1242,0.46205357142857145,0.6662946428571429,1.4420289855072463,0.06808035714285712
RAW-FP-R02952,angles_mad=high,angles_quant_min=low,1,1,2,693,0.2578125,896,0.3333333333333333,1446,0.5379464285714286,0.7734375,1.437759336099585,0.07849702380952381
RAW-FP-R02953,acceleration_meanse=high,angles_0s=low,1,1,2,594,0.22098214285714285,896,0.3333333333333333,1242,0.46205357142857145,0.6629464285714286,1.434782608695652,0.0669642857142857
RAW-FP-R02954,acceleration_sd=high,angles_0s=low,1,1,2,594,0.22098214285714285,896,0.3333333333333333,1242,0.46205357142857145,0.6629464285714286,1.434782608695652,0.0669642857142857
RAW-FP-R02955,relative_transition_entropy_3x3=medium,relative_grid_revisit_ratio_3x3=medium,1,1,2,746,0.2775297619047619,897,0.33370535714285715,1576,0.5863095238095238,0.8316610925306578,1.4184676502045737,0.08187513286564627
RAW-FP-R02956,angles_mad=high,sampling_gap_cv=low,1,1,2,710,0.26413690476190477,896,0.3333333333333333,1526,0.5677083333333334,0.7924107142857143,1.3958060288335516,0.07490079365079366
RAW-FP-R02957,angles_mad=high,sampling_gap_sd_seconds=low,1,1,2,710,0.26413690476190477,896,0.3333333333333333,1526,0.5677083333333334,0.7924107142857143,1.3958060288335516,0.07490079365079366
RAW-FP-R02958,relative_grid_entropy_3x3=medium,relative_grid_revisit_ratio_3x3=medium,1,1,2,731,0.27194940476190477,895,0.33296130952380953,1576,0.5863095238095238,0.8167597765363128,1.3930522076964522,0.07673101792800452
RAW-FP-R02959,angles_quant_90=low,angles_0s=low,1,1,2,573,0.21316964285714285,896,0.3333333333333333,1242,0.46205357142857145,0.6395089285714286,1.3840579710144927,0.0591517857142857
RAW-FP-R02960,angles_iqr=high,angles_quant_05=low,1,1,2,655,0.24367559523809523,896,0.3333333333333333,1421,0.5286458333333334,0.7310267857142857,1.382828993666432,0.06746031746031744
RAW-FP-R02961,angles_iqr=high,angles_quant_min=low,1,1,2,663,0.24665178571428573,896,0.3333333333333333,1446,0.5379464285714286,0.7399553571428571,1.37551867219917,0.06733630952380953
RAW-FP-R02962,acceleration_quant_90=low,angles_quant_10=low,1,1,2,578,0.21502976190476192,896,0.3333333333333333,1266,0.47098214285714285,0.6450892857142857,1.3696682464454977,0.0580357142857143
RAW-FP-R02963,acceleration_quant_95=low,angles_quant_10=low,1,1,2,576,0.21428571428571427,896,0.3333333333333333,1266,0.47098214285714285,0.6428571428571429,1.3649289099526067,0.05729166666666666
RAW-FP-R02964,acceleration_quant_95=high,angles_0s=low,1,1,2,565,0.21019345238095238,896,0.3333333333333333,1242,0.46205357142857145,0.6305803571428571,1.364734299516908,0.05617559523809523
RAW-FP-R02965,angles_quant_median=low,angles_0s=low,1,1,2,564,0.20982142857142858,896,0.3333333333333333,1242,0.46205357142857145,0.6294642857142857,1.36231884057971,0.055803571428571425
RAW-FP-R02966,acceleration_meanse=low,angles_quant_10=low,1,1,2,574,0.21354166666666666,896,0.3333333333333333,1266,0.47098214285714285,0.640625,1.3601895734597156,0.05654761904761904
RAW-FP-R02967,acceleration_sd=low,angles_quant_10=low,1,1,2,574,0.21354166666666666,896,0.3333333333333333,1266,0.47098214285714285,0.640625,1.3601895734597156,0.05654761904761904
RAW-FP-R02968,relative_transition_entropy_3x3=low,relative_grid_revisit_ratio_3x3=medium,1,1,2,710,0.26413690476190477,896,0.3333333333333333,1576,0.5863095238095238,0.7924107142857143,1.3515228426395938,0.06870039682539683
RAW-FP-R02969,path_length_m=low,angles_0s=low,1,1,2,559,0.20796130952380953,896,0.3333333333333333,1242,0.46205357142857145,0.6238839285714286,1.3502415458937198,0.053943452380952384
RAW-FP-R02970,angles_quant_25=low,duration_total_seconds=medium,1,1,2,788,0.2931547619047619,896,0.3333333333333333,1754,0.6525297619047619,0.8794642857142857,1.3477765108323831,0.0756448412698413
RAW-FP-R02971,angles_quant_25=low,sampling_gap_mean_seconds=medium,1,1,2,788,0.2931547619047619,896,0.3333333333333333,1754,0.6525297619047619,0.8794642857142857,1.3477765108323831,0.0756448412698413
RAW-FP-R02972,angles_quant_75=high,angles_quant_10=low,1,1,2,566,0.2105654761904762,896,0.3333333333333333,1266,0.47098214285714285,0.6316964285714286,1.3412322274881519,0.053571428571428575
RAW-FP-R02973,angles_iqr=high,sampling_gap_cv=low,1,1,2,681,0.2533482142857143,896,0.3333333333333333,1526,0.5677083333333334,0.7600446428571429,1.338794233289646,0.0641121031746032
RAW-FP-R02974,angles_iqr=high,sampling_gap_sd_seconds=low,1,1,2,681,0.2533482142857143,896,0.3333333333333333,1526,0.5677083333333334,0.7600446428571429,1.338794233289646,0.0641121031746032
RAW-FP-R02975,angles_quant_75=high,angles_quant_min=low,1,1,2,644,0.23958333333333334,896,0.3333333333333333,1446,0.5379464285714286,0.71875,1.3360995850622406,0.06026785714285715
RAW-FP-R02976,relative_grid_entropy_3x3=low,relative_grid_revisit_ratio_3x3=medium,1,1,2,702,0.2611607142857143,897,0.33370535714285715,1576,0.5863095238095238,0.782608695652174,1.3348046788788346,0.06550608524659865
RAW-FP-R02977,angles_quant_75=high,angles_quant_05=low,1,1,2,632,0.23511904761904762,896,0.3333333333333333,1421,0.5286458333333334,0.7053571428571429,1.334271639690359,0.058903769841269826
RAW-FP-R02978,acceleration_quant_10=low,angles_0s=low,1,1,2,550,0.20461309523809523,896,0.3333333333333333,1242,0.46205357142857145,0.6138392857142857,1.328502415458937,0.05059523809523808
RAW-FP-R02979,acceleration_quant_10=high,angles_quant_10=low,1,1,2,559,0.20796130952380953,896,0.3333333333333333,1266,0.47098214285714285,0.6238839285714286,1.3246445497630333,0.05096726190476192
RAW-FP-R02980,acceleration_mean=high,angles_0s=low,1,1,2,548,0.20386904761904762,896,0.3333333333333333,1242,0.46205357142857145,0.6116071428571429,1.3236714975845412,0.049851190476190466
RAW-FP-R02981,angles_meanse=low,angles_0s=low,1,1,2,547,0.2034970238095238,896,0.3333333333333333,1242,0.46205357142857145,0.6104910714285714,1.3212560386473429,0.04947916666666666
RAW-FP-R02982,angles_sd=low,angles_0s=low,1,1,2,547,0.2034970238095238,896,0.3333333333333333,1242,0.46205357142857145,0.6104910714285714,1.3212560386473429,0.04947916666666666
RAW-FP-R02983,acceleration_quant_05=high,angles_quant_10=low,1,1,2,555,0.20647321428571427,896,0.3333333333333333,1266,0.47098214285714285,0.6194196428571429,1.3151658767772514,0.04947916666666666
RAW-FP-R02984,acceleration_range=high,angles_0s=low,1,1,2,544,0.20238095238095238,896,0.3333333333333333,1242,0.46205357142857145,0.6071428571428571,1.3140096618357486,0.04836309523809523
RAW-FP-R02985,directness_ratio=high,relative_grid_unique_cells_3x3=low,1,1,2,750,0.27901785714285715,896,0.3333333333333333,1715,0.6380208333333334,0.8370535714285714,1.3119533527696792,0.06634424603174605
RAW-FP-R02986,angles_mean=low,angles_0s=low,1,1,2,542,0.20163690476190477,896,0.3333333333333333,1242,0.46205357142857145,0.6049107142857143,1.3091787439613527,0.047619047619047616
RAW-FP-R02987,angles_quant_75=high,sampling_gap_cv=low,1,1,2,665,0.24739583333333334,896,0.3333333333333333,1526,0.5677083333333334,0.7421875,1.3073394495412842,0.05815972222222224
RAW-FP-R02988,angles_quant_75=high,sampling_gap_sd_seconds=low,1,1,2,665,0.24739583333333334,896,0.3333333333333333,1526,0.5677083333333334,0.7421875,1.3073394495412842,0.05815972222222224
RAW-FP-R02989,distance_geometry_1_1=high,relative_grid_unique_cells_3x3=low,1,1,2,747,0.2779017857142857,896,0.3333333333333333,1715,0.6380208333333334,0.8337053571428571,1.3067055393586005,0.0652281746031746
RAW-FP-R02990,relative_transition_entropy_3x3=medium,relative_grid_unique_cells_3x3=low,1,1,2,746,0.2775297619047619,897,0.33370535714285715,1715,0.6380208333333334,0.8316610925306578,1.3035014674766228,0.06461879185267858
RAW-FP-R02991,angles_quant_95=low,angles_0s=low,1,1,2,539,0.20052083333333334,896,0.3333333333333333,1242,0.46205357142857145,0.6015625,1.3019323671497585,0.04650297619047619
RAW-FP-R02992,directness_ratio=high,relative_grid_revisit_ratio_3x3=medium,1,1,2,681,0.2533482142857143,896,0.3333333333333333,1576,0.5863095238095238,0.7600446428571429,1.2963197969543148,0.057911706349206366
RAW-FP-R02993,bbox_area_km2=high,relative_grid_unique_cells_3x3=low,1,1,2,739,0.27492559523809523,896,0.3333333333333333,1715,0.6380208333333334,0.8247767857142857,1.2927113702623905,0.06225198412698413
RAW-FP-R02994,angles_mad=high,sampling_gap_mean_seconds=medium,1,1,2,755,0.28087797619047616,896,0.3333333333333333,1754,0.6525297619047619,0.8426339285714286,1.2913340935005702,0.06336805555555555
RAW-FP-R02995,angles_mad=high,duration_total_seconds=medium,1,1,2,755,0.28087797619047616,896,0.3333333333333333,1754,0.6525297619047619,0.8426339285714286,1.2913340935005702,0.06336805555555555
RAW-FP-R02996,bbox_area_km2=high,relative_grid_revisit_ratio_3x3=medium,1,1,2,678,0.25223214285714285,896,0.3333333333333333,1576,0.5863095238095238,0.7566964285714286,1.2906091370558375,0.05679563492063491
RAW-FP-R02997,distance_geometry_1_1=high,relative_grid_revisit_ratio_3x3=medium,1,1,2,677,0.25186011904761907,896,0.3333333333333333,1576,0.5863095238095238,0.7555803571428571,1.288705583756345,0.05642361111111113
RAW-FP-R02998,relative_grid_entropy_3x3=medium,relative_grid_unique_cells_3x3=low,1,1,2,731,0.27194940476190477,895,0.33296130952380953,1715,0.6380208333333334,0.8167597765363128,1.2801459354691596,0.05951315259176587
RAW-FP-R02999,angles_quant_median=high,angles_quant_min=low,1,1,2,616,0.22916666666666666,896,0.3333333333333333,1446,0.5379464285714286,0.6875,1.2780082987551866,0.049851190476190466
RAW-FP-R03000,net_displacement_m=high,relative_grid_revisit_ratio_3x3=medium,1,1,2,670,0.24925595238095238,896,0.3333333333333333,1576,0.5863095238095238,0.7477678571428571,1.2753807106598984,0.05381944444444445
RAW-FP-R03001,distance_geometry_3_2=high,relative_grid_unique_cells_3x3=low,1,1,2,728,0.2708333333333333,896,0.3333333333333333,1715,0.6380208333333334,0.8125,1.273469387755102,0.05815972222222221
RAW-FP-R03002,angles_quant_median=high,angles_quant_05=low,1,1,2,603,0.22433035714285715,896,0.3333333333333333,1421,0.5286458333333334,0.6729910714285714,1.2730471498944405,0.04811507936507936
RAW-FP-R03003,net_displacement_m=high,relative_grid_unique_cells_3x3=low,1,1,2,726,0.2700892857142857,896,0.3333333333333333,1715,0.6380208333333334,0.8102678571428571,1.2699708454810494,0.057415674603174593
RAW-FP-R03004,distance_geometry_3_2=high,relative_grid_revisit_ratio_3x3=medium,1,1,2,665,0.24739583333333334,896,0.3333333333333333,1576,0.5863095238095238,0.7421875,1.2658629441624365,0.051959325396825407
RAW-FP-R03005,acceleration_meanse=low,angles_quant_05=low,1,1,2,599,0.22284226190476192,896,0.3333333333333333,1421,0.5286458333333334,0.6685267857142857,1.2646023926812102,0.04662698412698413
RAW-FP-R03006,acceleration_sd=low,angles_quant_05=low,1,1,2,599,0.22284226190476192,896,0.3333333333333333,1421,0.5286458333333334,0.6685267857142857,1.2646023926812102,0.04662698412698413
RAW-FP-R03007,angles_quant_median=high,sampling_gap_cv=low,1,1,2,643,0.23921130952380953,896,0.3333333333333333,1526,0.5677083333333334,0.7176339285714286,1.264089121887287,0.04997519841269843
RAW-FP-R03008,angles_quant_median=high,sampling_gap_sd_seconds=low,1,1,2,643,0.23921130952380953,896,0.3333333333333333,1526,0.5677083333333334,0.7176339285714286,1.264089121887287,0.04997519841269843
RAW-FP-R03009,acceleration_quant_90=low,angles_quant_05=low,1,1,2,597,0.22209821428571427,896,0.3333333333333333,1421,0.5286458333333334,0.6662946428571429,1.2603800140745953,0.045882936507936484
RAW-FP-R03010,bbox_lon_span_deg=high,relative_grid_revisit_ratio_3x3=medium,1,1,2,659,0.24516369047619047,895,0.33296130952380953,1576,0.5863095238095238,0.7363128491620111,1.255843235118963,0.04994530364229022
RAW-FP-R03011,acceleration_quant_95=low,angles_quant_05=low,1,1,2,594,0.22098214285714285,896,0.3333333333333333,1421,0.5286458333333334,0.6629464285714286,1.2540464461646728,0.04476686507936506
RAW-FP-R03012,distance_geometry_4_3=high,relative_grid_revisit_ratio_3x3=medium,1,1,2,658,0.24479166666666666,896,0.3333333333333333,1576,0.5863095238095238,0.734375,1.2525380710659897,0.04935515873015872
RAW-FP-R03013,bbox_width_m=high,relative_grid_revisit_ratio_3x3=medium,1,1,2,657,0.24441964285714285,896,0.3333333333333333,1576,0.5863095238095238,0.7332589285714286,1.2506345177664975,0.04898313492063491
RAW-FP-R03014,angles_iqr=high,sampling_gap_mean_seconds=medium,1,1,2,731,0.27194940476190477,896,0.3333333333333333,1754,0.6525297619047619,0.8158482142857143,1.2502850627137971,0.054439484126984156
RAW-FP-R03015,angles_iqr=high,duration_total_seconds=medium,1,1,2,731,0.27194940476190477,896,0.3333333333333333,1754,0.6525297619047619,0.8158482142857143,1.2502850627137971,0.054439484126984156
RAW-FP-R03016,distance_geometry_5_3=high,relative_grid_revisit_ratio_3x3=medium,1,1,2,656,0.24404761904761904,896,0.3333333333333333,1576,0.5863095238095238,0.7321428571428571,1.248730964467005,0.048611111111111105
RAW-FP-R03017,acceleration_meanse=low,angles_quant_min=low,1,1,2,601,0.22358630952380953,896,0.3333333333333333,1446,0.5379464285714286,0.6707589285714286,1.2468879668049793,0.04427083333333334
RAW-FP-R03018,acceleration_sd=low,angles_quant_min=low,1,1,2,601,0.22358630952380953,896,0.3333333333333333,1446,0.5379464285714286,0.6707589285714286,1.2468879668049793,0.04427083333333334
RAW-FP-R03019,bbox_width_m=high,relative_grid_unique_cells_3x3=low,1,1,2,712,0.2648809523809524,896,0.3333333333333333,1715,0.6380208333333334,0.7946428571428571,1.245481049562682,0.05220734126984128
RAW-FP-R03020,distance_geometry_4_3=high,relative_grid_unique_cells_3x3=low,1,1,2,712,0.2648809523809524,896,0.3333333333333333,1715,0.6380208333333334,0.7946428571428571,1.245481049562682,0.05220734126984128
RAW-FP-R03021,distance_geometry_2_2=high,relative_grid_revisit_ratio_3x3=medium,1,1,2,654,0.24330357142857142,896,0.3333333333333333,1576,0.5863095238095238,0.7299107142857143,1.2449238578680202,0.04786706349206349
RAW-FP-R03022,distance_geometry_2_2=high,relative_grid_unique_cells_3x3=low,1,1,2,711,0.26450892857142855,896,0.3333333333333333,1715,0.6380208333333334,0.7935267857142857,1.2437317784256559,0.05183531746031744
RAW-FP-R03023,bbox_lon_span_deg=high,relative_grid_unique_cells_3x3=low,1,1,2,710,0.26413690476190477,895,0.33296130952380953,1715,0.6380208333333334,0.7932960893854749,1.2433701972409075,0.05170065259176587
RAW-FP-R03024,acceleration_quant_90=low,angles_quant_min=low,1,1,2,599,0.22284226190476192,896,0.3333333333333333,1446,0.5379464285714286,0.6685267857142857,1.242738589211618,0.043526785714285726
RAW-FP-R03025,radius_of_gyration_m=high,relative_grid_revisit_ratio_3x3=medium,1,1,2,652,0.2425595238095238,896,0.3333333333333333,1576,0.5863095238095238,0.7276785714285714,1.2411167512690353,0.04712301587301587
RAW-FP-R03026,median_distance_to_centroid_m=high,relative_grid_revisit_ratio_3x3=medium,1,1,2,651,0.2421875,896,0.3333333333333333,1576,0.5863095238095238,0.7265625,1.239213197969543,0.046750992063492064
RAW-FP-R03027,acceleration_quant_95=low,angles_quant_min=low,1,1,2,597,0.22209821428571427,896,0.3333333333333333,1446,0.5379464285714286,0.6662946428571429,1.2385892116182573,0.04278273809523808
RAW-FP-R03028,path_length_m=high,duration_total_seconds=medium,1,1,2,724,0.2693452380952381,896,0.3333333333333333,1754,0.6525297619047619,0.8080357142857143,1.2383124287343217,0.05183531746031747
RAW-FP-R03029,path_length_m=high,sampling_gap_mean_seconds=medium,1,1,2,724,0.2693452380952381,896,0.3333333333333333,1754,0.6525297619047619,0.8080357142857143,1.2383124287343217,0.05183531746031747
RAW-FP-R03030,distance_geometry_5_3=high,relative_grid_unique_cells_3x3=low,1,1,2,707,0.2630208333333333,896,0.3333333333333333,1715,0.6380208333333334,0.7890625,1.236734693877551,0.05034722222222221
RAW-FP-R03031,acceleration_quant_10=high,angles_quant_05=low,1,1,2,585,0.21763392857142858,896,0.3333333333333333,1421,0.5286458333333334,0.6529017857142857,1.2350457424349048,0.041418650793650785
RAW-FP-R03032,bbox_width_m=high,angles_quant_min=low,1,1,2,595,0.22135416666666666,896,0.3333333333333333,1446,0.5379464285714286,0.6640625,1.234439834024896,0.042038690476190466
RAW-FP-R03033,median_distance_to_centroid_m=high,relative_grid_unique_cells_3x3=low,1,1,2,705,0.2622767857142857,896,0.3333333333333333,1715,0.6380208333333334,0.7868303571428571,1.2332361516034984,0.049603174603174593
RAW-FP-R03034,bbox_width_m=high,angles_quant_05=low,1,1,2,584,0.21726190476190477,896,0.3333333333333333,1421,0.5286458333333334,0.6517857142857143,1.2329345531315974,0.04104662698412698
RAW-FP-R03035,angles_quant_95=high,angles_quant_min=low,1,1,2,594,0.22098214285714285,896,0.3333333333333333,1446,0.5379464285714286,0.6629464285714286,1.2323651452282158,0.04166666666666666
RAW-FP-R03036,bbox_diagonal_m=high,relative_grid_revisit_ratio_3x3=medium,1,1,2,647,0.24069940476190477,896,0.3333333333333333,1576,0.5863095238095238,0.7220982142857143,1.2315989847715736,0.04526289682539683
RAW-FP-R03037,radius_of_gyration_m=high,relative_grid_unique_cells_3x3=low,1,1,2,704,0.2619047619047619,896,0.3333333333333333,1715,0.6380208333333334,0.7857142857142857,1.2314868804664723,0.04923115079365081
RAW-FP-R03038,angles_quant_95=high,angles_quant_05=low,1,1,2,583,0.21688988095238096,896,0.3333333333333333,1421,0.5286458333333334,0.6506696428571429,1.23082336382829,0.04067460317460317
RAW-FP-R03039,bbox_diagonal_m=high,relative_grid_unique_cells_3x3=low,1,1,2,701,0.26078869047619047,896,0.3333333333333333,1715,0.6380208333333334,0.7823660714285714,1.2262390670553935,0.04811507936507936
RAW-FP-R03040,distance_geometry_2_1=high,relative_grid_unique_cells_3x3=low,1,1,2,701,0.26078869047619047,896,0.3333333333333333,1715,0.6380208333333334,0.7823660714285714,1.2262390670553935,0.04811507936507936
RAW-FP-R03041,angles_quant_75=high,duration_total_seconds=medium,1,1,2,716,0.2663690476190476,896,0.3333333333333333,1754,0.6525297619047619,0.7991071428571429,1.224629418472064,0.048859126984127005
RAW-FP-R03042,angles_quant_75=high,sampling_gap_mean_seconds=medium,1,1,2,716,0.2663690476190476,896,0.3333333333333333,1754,0.6525297619047619,0.7991071428571429,1.224629418472064,0.048859126984127005
RAW-FP-R03043,mean_distance_to_centroid_m=high,relative_grid_revisit_ratio_3x3=medium,1,1,2,643,0.23921130952380953,896,0.3333333333333333,1576,0.5863095238095238,0.7176339285714286,1.223984771573604,0.0437748015873016
RAW-FP-R03044,acceleration_meanse=low,sampling_gap_mean_seconds=medium,1,1,2,715,0.26599702380952384,896,0.3333333333333333,1754,0.6525297619047619,0.7979910714285714,1.2229190421892817,0.048487103174603224
RAW-FP-R03045,acceleration_meanse=low,duration_total_seconds=medium,1,1,2,715,0.26599702380952384,896,0.3333333333333333,1754,0.6525297619047619,0.7979910714285714,1.2229190421892817,0.048487103174603224
RAW-FP-R03046,acceleration_sd=low,duration_total_seconds=medium,1,1,2,715,0.26599702380952384,896,0.3333333333333333,1754,0.6525297619047619,0.7979910714285714,1.2229190421892817,0.048487103174603224
RAW-FP-R03047,acceleration_sd=low,sampling_gap_mean_seconds=medium,1,1,2,715,0.26599702380952384,896,0.3333333333333333,1754,0.6525297619047619,0.7979910714285714,1.2229190421892817,0.048487103174603224
RAW-FP-R03048,acceleration_quant_90=low,sampling_gap_cv=low,1,1,2,621,0.23102678571428573,896,0.3333333333333333,1526,0.5677083333333334,0.6930803571428571,1.2208387942332894,0.04179067460317462
RAW-FP-R03049,acceleration_quant_90=low,sampling_gap_sd_seconds=low,1,1,2,621,0.23102678571428573,896,0.3333333333333333,1526,0.5677083333333334,0.6930803571428571,1.2208387942332894,0.04179067460317462
RAW-FP-R03050,path_length_m=high,angles_quant_min=low,1,1,2,588,0.21875,896,0.3333333333333333,1446,0.5379464285714286,0.65625,1.2199170124481327,0.03943452380952381
RAW-FP-R03051,distance_geometry_4_2=high,relative_grid_unique_cells_3x3=low,1,1,2,697,0.25930059523809523,896,0.3333333333333333,1715,0.6380208333333334,0.7779017857142857,1.2192419825072884,0.04662698412698413
RAW-FP-R03052,bbox_width_m=high,sampling_gap_cv=low,1,1,2,620,0.23065476190476192,896,0.3333333333333333,1526,0.5677083333333334,0.6919642857142857,1.218872870249017,0.04141865079365081
RAW-FP-R03053,bbox_width_m=high,sampling_gap_sd_seconds=low,1,1,2,620,0.23065476190476192,896,0.3333333333333333,1526,0.5677083333333334,0.6919642857142857,1.218872870249017,0.04141865079365081
RAW-FP-R03054,angles_quant_95=high,sampling_gap_sd_seconds=low,1,1,2,619,0.23028273809523808,896,0.3333333333333333,1526,0.5677083333333334,0.6908482142857143,1.2169069462647444,0.04104662698412698
RAW-FP-R03055,angles_quant_95=high,sampling_gap_cv=low,1,1,2,619,0.23028273809523808,896,0.3333333333333333,1526,0.5677083333333334,0.6908482142857143,1.2169069462647444,0.04104662698412698
RAW-FP-R03056,distance_geometry_2_1=high,relative_grid_revisit_ratio_3x3=medium,1,1,2,639,0.23772321428571427,896,0.3333333333333333,1576,0.5863095238095238,0.7131696428571429,1.2163705583756346,0.04228670634920634
RAW-FP-R03057,angles_quant_75=low,relative_grid_unique_cells_3x3=low,1,1,2,695,0.2585565476190476,896,0.3333333333333333,1715,0.6380208333333334,0.7756696428571429,1.215743440233236,0.04588293650793651
RAW-FP-R03058,acceleration_meanse=low,sampling_gap_cv=low,1,1,2,618,0.22991071428571427,896,0.3333333333333333,1526,0.5677083333333334,0.6897321428571429,1.2149410222804717,0.04067460317460317
RAW-FP-R03059,acceleration_meanse=low,sampling_gap_sd_seconds=low,1,1,2,618,0.22991071428571427,896,0.3333333333333333,1526,0.5677083333333334,0.6897321428571429,1.2149410222804717,0.04067460317460317
RAW-FP-R03060,acceleration_sd=low,sampling_gap_cv=low,1,1,2,618,0.22991071428571427,896,0.3333333333333333,1526,0.5677083333333334,0.6897321428571429,1.2149410222804717,0.04067460317460317
RAW-FP-R03061,acceleration_sd=low,sampling_gap_sd_seconds=low,1,1,2,618,0.22991071428571427,896,0.3333333333333333,1526,0.5677083333333334,0.6897321428571429,1.2149410222804717,0.04067460317460317
RAW-FP-R03062,max_distance_to_centroid_m=high,relative_grid_revisit_ratio_3x3=medium,1,1,2,638,0.23735119047619047,896,0.3333333333333333,1576,0.5863095238095238,0.7120535714285714,1.214467005076142,0.04191468253968253
RAW-FP-R03063,mean_distance_to_centroid_m=high,relative_grid_unique_cells_3x3=low,1,1,2,694,0.25818452380952384,896,0.3333333333333333,1715,0.6380208333333334,0.7745535714285714,1.2139941690962097,0.04551091269841273
RAW-FP-R03064,acceleration_range=low,angles_quant_05=low,1,1,2,575,0.21391369047619047,896,0.3333333333333333,1421,0.5286458333333334,0.6417410714285714,1.2139338494018295,0.037698412698412676
RAW-FP-R03065,acceleration_quant_10=high,angles_quant_min=low,1,1,2,585,0.21763392857142858,896,0.3333333333333333,1446,0.5379464285714286,0.6529017857142857,1.2136929460580912,0.038318452380952384
RAW-FP-R03066,angles_quant_75=low,relative_grid_revisit_ratio_3x3=medium,1,1,2,637,0.23697916666666666,896,0.3333333333333333,1576,0.5863095238095238,0.7109375,1.2125634517766497,0.04154265873015872
RAW-FP-R03067,distance_geometry_5_4=high,relative_grid_revisit_ratio_3x3=medium,1,1,2,637,0.23697916666666666,896,0.3333333333333333,1576,0.5863095238095238,0.7109375,1.2125634517766497,0.04154265873015872
RAW-FP-R03068,bbox_lon_span_deg=high,angles_quant_min=low,1,1,2,583,0.21688988095238096,895,0.33296130952380953,1446,0.5379464285714286,0.6513966480446928,1.2108950137926238,0.03777453364158162
RAW-FP-R03069,angles_quant_95=low,relative_grid_revisit_ratio_3x3=medium,1,1,2,636,0.23660714285714285,896,0.3333333333333333,1576,0.5863095238095238,0.7098214285714286,1.2106598984771573,0.04117063492063491
RAW-FP-R03070,max_distance_to_centroid_m=high,relative_grid_unique_cells_3x3=low,1,1,2,692,0.25744047619047616,896,0.3333333333333333,1715,0.6380208333333334,0.7723214285714286,1.2104956268221574,0.04476686507936506
RAW-FP-R03071,acceleration_quant_05=high,angles_quant_05=low,1,1,2,573,0.21316964285714285,896,0.3333333333333333,1421,0.5286458333333334,0.6395089285714286,1.2097114707952146,0.03695436507936506
RAW-FP-R03072,acceleration_quant_90=low,sampling_gap_mean_seconds=medium,1,1,2,707,0.2630208333333333,896,0.3333333333333333,1754,0.6525297619047619,0.7890625,1.2092360319270241,0.0455109126984127
RAW-FP-R03073,acceleration_quant_90=low,duration_total_seconds=medium,1,1,2,707,0.2630208333333333,896,0.3333333333333333,1754,0.6525297619047619,0.7890625,1.2092360319270241,0.0455109126984127
RAW-FP-R03074,acceleration_quant_95=low,sampling_gap_sd_seconds=low,1,1,2,615,0.22879464285714285,896,0.3333333333333333,1526,0.5677083333333334,0.6863839285714286,1.209043250327654,0.039558531746031744
RAW-FP-R03075,acceleration_quant_95=low,sampling_gap_cv=low,1,1,2,615,0.22879464285714285,896,0.3333333333333333,1526,0.5677083333333334,0.6863839285714286,1.209043250327654,0.039558531746031744
RAW-FP-R03076,path_length_m=high,angles_quant_05=low,1,1,2,572,0.21279761904761904,896,0.3333333333333333,1421,0.5286458333333334,0.6383928571428571,1.207600281491907,0.03658234126984125
RAW-FP-R03077,acceleration_quant_10=high,duration_total_seconds=medium,1,1,2,706,0.26264880952380953,896,0.3333333333333333,1754,0.6525297619047619,0.7879464285714286,1.207525655644242,0.04513888888888892
RAW-FP-R03078,acceleration_quant_10=high,sampling_gap_mean_seconds=medium,1,1,2,706,0.26264880952380953,896,0.3333333333333333,1754,0.6525297619047619,0.7879464285714286,1.207525655644242,0.04513888888888892
RAW-FP-R03079,path_length_m=high,sampling_gap_cv=low,1,1,2,614,0.22842261904761904,896,0.3333333333333333,1526,0.5677083333333334,0.6852678571428571,1.2070773263433812,0.039186507936507936
RAW-FP-R03080,path_length_m=high,sampling_gap_sd_seconds=low,1,1,2,614,0.22842261904761904,896,0.3333333333333333,1526,0.5677083333333334,0.6852678571428571,1.2070773263433812,0.039186507936507936
RAW-FP-R03081,bbox_lon_span_deg=high,angles_quant_05=low,1,1,2,571,0.21242559523809523,895,0.33296130952380953,1421,0.5286458333333334,0.6379888268156425,1.2068360073754025,0.036406986297122995
RAW-FP-R03082,bbox_width_m=high,duration_total_seconds=medium,1,1,2,705,0.2622767857142857,896,0.3333333333333333,1754,0.6525297619047619,0.7868303571428571,1.2058152793614596,0.04476686507936509
RAW-FP-R03083,bbox_width_m=high,sampling_gap_mean_seconds=medium,1,1,2,705,0.2622767857142857,896,0.3333333333333333,1754,0.6525297619047619,0.7868303571428571,1.2058152793614596,0.04476686507936509
RAW-FP-R03084,mean_distance_to_centroid_m=high,sampling_gap_mean_seconds=medium,1,1,2,705,0.2622767857142857,896,0.3333333333333333,1754,0.6525297619047619,0.7868303571428571,1.2058152793614596,0.04476686507936509
RAW-FP-R03085,mean_distance_to_centroid_m=high,duration_total_seconds=medium,1,1,2,705,0.2622767857142857,896,0.3333333333333333,1754,0.6525297619047619,0.7868303571428571,1.2058152793614596,0.04476686507936509
RAW-FP-R03086,max_distance_to_centroid_m=high,duration_total_seconds=medium,1,1,2,704,0.2619047619047619,896,0.3333333333333333,1754,0.6525297619047619,0.7857142857142857,1.2041049030786775,0.044394841269841306
RAW-FP-R03087,max_distance_to_centroid_m=high,sampling_gap_mean_seconds=medium,1,1,2,704,0.2619047619047619,896,0.3333333333333333,1754,0.6525297619047619,0.7857142857142857,1.2041049030786775,0.044394841269841306
RAW-FP-R03088,bbox_diagonal_m=high,duration_total_seconds=medium,1,1,2,703,0.2615327380952381,896,0.3333333333333333,1754,0.6525297619047619,0.7845982142857143,1.202394526795895,0.04402281746031747
RAW-FP-R03089,bbox_diagonal_m=high,sampling_gap_mean_seconds=medium,1,1,2,703,0.2615327380952381,896,0.3333333333333333,1754,0.6525297619047619,0.7845982142857143,1.202394526795895,0.04402281746031747
RAW-FP-R03090,angles_quant_median=low,relative_grid_unique_cells_3x3=low,1,1,2,687,0.25558035714285715,896,0.3333333333333333,1715,0.6380208333333334,0.7667410714285714,1.2017492711370261,0.042906746031746046
RAW-FP-R03091,acceleration_range=low,angles_quant_min=low,1,1,2,579,0.21540178571428573,896,0.3333333333333333,1446,0.5379464285714286,0.6462053571428571,1.2012448132780082,0.036086309523809534
RAW-FP-R03092,mean_distance_to_centroid_m=high,angles_quant_min=low,1,1,2,579,0.21540178571428573,896,0.3333333333333333,1446,0.5379464285714286,0.6462053571428571,1.2012448132780082,0.036086309523809534
RAW-FP-R03093,median_distance_to_centroid_m=high,angles_quant_min=low,1,1,2,579,0.21540178571428573,896,0.3333333333333333,1446,0.5379464285714286,0.6462053571428571,1.2012448132780082,0.036086309523809534
RAW-FP-R03094,acceleration_quant_95=low,duration_total_seconds=medium,1,1,2,702,0.2611607142857143,896,0.3333333333333333,1754,0.6525297619047619,0.7834821428571429,1.200684150513113,0.04365079365079369
RAW-FP-R03095,acceleration_quant_95=low,sampling_gap_mean_seconds=medium,1,1,2,702,0.2611607142857143,896,0.3333333333333333,1754,0.6525297619047619,0.7834821428571429,1.200684150513113,0.04365079365079369
RAW-FP-R03096,angles_quant_median=high,duration_total_seconds=medium,1,1,2,702,0.2611607142857143,896,0.3333333333333333,1754,0.6525297619047619,0.7834821428571429,1.200684150513113,0.04365079365079369
RAW-FP-R03097,angles_quant_median=high,sampling_gap_mean_seconds=medium,1,1,2,702,0.2611607142857143,896,0.3333333333333333,1754,0.6525297619047619,0.7834821428571429,1.200684150513113,0.04365079365079369
RAW-FP-R03098,bbox_lon_span_deg=high,sampling_gap_cv=low,1,1,2,610,0.2269345238095238,895,0.33296130952380953,1526,0.5677083333333334,0.6815642458100558,1.2005535339039515,0.03790961371527776
RAW-FP-R03099,bbox_lon_span_deg=high,sampling_gap_sd_seconds=low,1,1,2,610,0.2269345238095238,895,0.33296130952380953,1526,0.5677083333333334,0.6815642458100558,1.2005535339039515,0.03790961371527776
RAW-FP-R03100,distance_geometry_5_4=high,relative_grid_unique_cells_3x3=low,1,1,2,686,0.2552083333333333,896,0.3333333333333333,1715,0.6380208333333334,0.765625,1.2,0.04253472222222221
