meta_pattern_id,contrast_group,contrast_group_label,selection_reason,node_id,pair_id,required_uncommon_count,n_covered,n_contrast,covered_uncommon_count,contrast_uncommon_count,covered_uncommon_ratio,contrast_uncommon_ratio,covered_to_contrast_ratio,covered_to_contrast_ratio_status
MP00001,matched_non_pattern,Matched non-pattern,nearest_nonpattern_rows_by_total_uncommon_hybrid_and_pattern_evidence,Acceleration_Dynamics,Acceleration_Dynamics__x__Spatial_Reach_and_Route,2,228,228,146,34,0.6403508771929824,0.14912280701754385,4.294117647058823,finite
MP00001,matched_non_pattern,Matched non-pattern,nearest_nonpattern_rows_by_total_uncommon_hybrid_and_pattern_evidence,Acceleration_Dynamics,Acceleration_Dynamics__x__Temporal_Sequential_Context,2,228,228,139,30,0.6096491228070176,0.13157894736842105,4.633333333333334,finite
MP00001,matched_non_pattern,Matched non-pattern,nearest_nonpattern_rows_by_total_uncommon_hybrid_and_pattern_evidence,Acceleration_Dynamics,Acceleration_Dynamics__x__Turning_Dynamics,2,228,228,128,46,0.5614035087719298,0.20175438596491227,2.782608695652174,finite
MP00001,matched_non_pattern,Matched non-pattern,nearest_nonpattern_rows_by_total_uncommon_hybrid_and_pattern_evidence,Acceleration_Dynamics,Acceleration_Dynamics__x__Speed_Dynamics,2,228,228,126,35,0.5526315789473685,0.15350877192982457,3.6,finite
MP00001,matched_non_pattern,Matched non-pattern,nearest_nonpattern_rows_by_total_uncommon_hybrid_and_pattern_evidence,Acceleration_Dynamics,Acceleration_Dynamics__x__Curvature_Geometry,2,228,228,0,80,0.0,0.3508771929824561,0.0,finite
MP00001,matched_non_pattern,Matched non-pattern,nearest_nonpattern_rows_by_total_uncommon_hybrid_and_pattern_evidence,Curvature_Geometry,Curvature_Geometry__x__Spatial_Reach_and_Route,1,228,228,124,40,0.543859649122807,0.17543859649122806,3.1000000000000005,finite
MP00001,matched_non_pattern,Matched non-pattern,nearest_nonpattern_rows_by_total_uncommon_hybrid_and_pattern_evidence,Curvature_Geometry,Curvature_Geometry__x__Temporal_Sequential_Context,1,228,228,123,48,0.5394736842105263,0.21052631578947367,2.5625,finite
MP00001,matched_non_pattern,Matched non-pattern,nearest_nonpattern_rows_by_total_uncommon_hybrid_and_pattern_evidence,Curvature_Geometry,Curvature_Geometry__x__Turning_Dynamics,1,228,228,114,34,0.5,0.14912280701754385,3.3529411764705883,finite
MP00001,matched_non_pattern,Matched non-pattern,nearest_nonpattern_rows_by_total_uncommon_hybrid_and_pattern_evidence,Curvature_Geometry,Curvature_Geometry__x__Speed_Dynamics,1,228,228,112,38,0.49122807017543857,0.16666666666666666,2.9473684210526314,finite
MP00001,matched_non_pattern,Matched non-pattern,nearest_nonpattern_rows_by_total_uncommon_hybrid_and_pattern_evidence,Curvature_Geometry,Acceleration_Dynamics__x__Curvature_Geometry,1,228,228,0,64,0.0,0.2807017543859649,0.0,finite
MP00001,near_miss,Near miss,one_missing_uncommonness_count,Acceleration_Dynamics,Acceleration_Dynamics__x__Spatial_Reach_and_Route,2,228,775,146,254,0.6403508771929824,0.327741935483871,1.9538264953722888,finite
MP00001,near_miss,Near miss,one_missing_uncommonness_count,Acceleration_Dynamics,Acceleration_Dynamics__x__Temporal_Sequential_Context,2,228,775,139,268,0.6096491228070176,0.34580645161290324,1.7629778737889499,finite
MP00001,near_miss,Near miss,one_missing_uncommonness_count,Acceleration_Dynamics,Acceleration_Dynamics__x__Turning_Dynamics,2,228,775,128,362,0.5614035087719298,0.4670967741935484,1.2018997770669768,finite
MP00001,near_miss,Near miss,one_missing_uncommonness_count,Acceleration_Dynamics,Acceleration_Dynamics__x__Speed_Dynamics,2,228,775,126,263,0.5526315789473685,0.3393548387096774,1.6284770862517512,finite
MP00001,near_miss,Near miss,one_missing_uncommonness_count,Acceleration_Dynamics,Acceleration_Dynamics__x__Curvature_Geometry,2,228,775,0,381,0.0,0.4916129032258065,0.0,finite
MP00001,near_miss,Near miss,one_missing_uncommonness_count,Curvature_Geometry,Curvature_Geometry__x__Spatial_Reach_and_Route,1,228,775,124,62,0.543859649122807,0.08,6.798245614035088,finite
MP00001,near_miss,Near miss,one_missing_uncommonness_count,Curvature_Geometry,Curvature_Geometry__x__Temporal_Sequential_Context,1,228,775,123,91,0.5394736842105263,0.11741935483870967,4.594418739155581,finite
MP00001,near_miss,Near miss,one_missing_uncommonness_count,Curvature_Geometry,Curvature_Geometry__x__Turning_Dynamics,1,228,775,114,120,0.5,0.15483870967741936,3.2291666666666665,finite
MP00001,near_miss,Near miss,one_missing_uncommonness_count,Curvature_Geometry,Curvature_Geometry__x__Speed_Dynamics,1,228,775,112,85,0.49122807017543857,0.10967741935483871,4.478844169246646,finite
MP00001,near_miss,Near miss,one_missing_uncommonness_count,Curvature_Geometry,Acceleration_Dynamics__x__Curvature_Geometry,1,228,775,0,0,0.0,0.0,,zero_both
MP00001,typical_normal,Typical normal,zero_uncommon_and_zero_hybrid_labels,Acceleration_Dynamics,Acceleration_Dynamics__x__Spatial_Reach_and_Route,2,228,703,146,0,0.6403508771929824,0.0,,zero_contrast
MP00001,typical_normal,Typical normal,zero_uncommon_and_zero_hybrid_labels,Acceleration_Dynamics,Acceleration_Dynamics__x__Temporal_Sequential_Context,2,228,703,139,0,0.6096491228070176,0.0,,zero_contrast
MP00001,typical_normal,Typical normal,zero_uncommon_and_zero_hybrid_labels,Acceleration_Dynamics,Acceleration_Dynamics__x__Turning_Dynamics,2,228,703,128,0,0.5614035087719298,0.0,,zero_contrast
MP00001,typical_normal,Typical normal,zero_uncommon_and_zero_hybrid_labels,Acceleration_Dynamics,Acceleration_Dynamics__x__Speed_Dynamics,2,228,703,126,0,0.5526315789473685,0.0,,zero_contrast
MP00001,typical_normal,Typical normal,zero_uncommon_and_zero_hybrid_labels,Acceleration_Dynamics,Acceleration_Dynamics__x__Curvature_Geometry,2,228,703,0,0,0.0,0.0,,zero_both
MP00001,typical_normal,Typical normal,zero_uncommon_and_zero_hybrid_labels,Curvature_Geometry,Curvature_Geometry__x__Spatial_Reach_and_Route,1,228,703,124,0,0.543859649122807,0.0,,zero_contrast
MP00001,typical_normal,Typical normal,zero_uncommon_and_zero_hybrid_labels,Curvature_Geometry,Curvature_Geometry__x__Temporal_Sequential_Context,1,228,703,123,0,0.5394736842105263,0.0,,zero_contrast
MP00001,typical_normal,Typical normal,zero_uncommon_and_zero_hybrid_labels,Curvature_Geometry,Curvature_Geometry__x__Turning_Dynamics,1,228,703,114,0,0.5,0.0,,zero_contrast
MP00001,typical_normal,Typical normal,zero_uncommon_and_zero_hybrid_labels,Curvature_Geometry,Curvature_Geometry__x__Speed_Dynamics,1,228,703,112,0,0.49122807017543857,0.0,,zero_contrast
MP00001,typical_normal,Typical normal,zero_uncommon_and_zero_hybrid_labels,Curvature_Geometry,Acceleration_Dynamics__x__Curvature_Geometry,1,228,703,0,0,0.0,0.0,,zero_both
MP00002,matched_non_pattern,Matched non-pattern,nearest_nonpattern_rows_by_total_uncommon_hybrid_and_pattern_evidence,Speed_Dynamics,Spatial_Reach_and_Route__x__Speed_Dynamics,2,222,222,137,52,0.6171171171171171,0.23423423423423423,2.6346153846153846,finite
MP00002,matched_non_pattern,Matched non-pattern,nearest_nonpattern_rows_by_total_uncommon_hybrid_and_pattern_evidence,Speed_Dynamics,Acceleration_Dynamics__x__Speed_Dynamics,2,222,222,133,41,0.5990990990990991,0.18468468468468469,3.24390243902439,finite
MP00002,matched_non_pattern,Matched non-pattern,nearest_nonpattern_rows_by_total_uncommon_hybrid_and_pattern_evidence,Speed_Dynamics,Curvature_Geometry__x__Speed_Dynamics,2,222,222,133,54,0.5990990990990991,0.24324324324324326,2.462962962962963,finite
MP00002,matched_non_pattern,Matched non-pattern,nearest_nonpattern_rows_by_total_uncommon_hybrid_and_pattern_evidence,Speed_Dynamics,Speed_Dynamics__x__Temporal_Sequential_Context,2,222,222,128,56,0.5765765765765766,0.25225225225225223,2.285714285714286,finite
MP00002,matched_non_pattern,Matched non-pattern,nearest_nonpattern_rows_by_total_uncommon_hybrid_and_pattern_evidence,Speed_Dynamics,Speed_Dynamics__x__Turning_Dynamics,2,222,222,0,86,0.0,0.38738738738738737,0.0,finite
MP00002,matched_non_pattern,Matched non-pattern,nearest_nonpattern_rows_by_total_uncommon_hybrid_and_pattern_evidence,Turning_Dynamics,Spatial_Reach_and_Route__x__Turning_Dynamics,1,222,222,114,43,0.5135135135135135,0.19369369369369369,2.6511627906976742,finite
MP00002,matched_non_pattern,Matched non-pattern,nearest_nonpattern_rows_by_total_uncommon_hybrid_and_pattern_evidence,Turning_Dynamics,Temporal_Sequential_Context__x__Turning_Dynamics,1,222,222,110,44,0.4954954954954955,0.1981981981981982,2.5,finite
MP00002,matched_non_pattern,Matched non-pattern,nearest_nonpattern_rows_by_total_uncommon_hybrid_and_pattern_evidence,Turning_Dynamics,Acceleration_Dynamics__x__Turning_Dynamics,1,222,222,108,44,0.4864864864864865,0.1981981981981982,2.4545454545454546,finite
MP00002,matched_non_pattern,Matched non-pattern,nearest_nonpattern_rows_by_total_uncommon_hybrid_and_pattern_evidence,Turning_Dynamics,Curvature_Geometry__x__Turning_Dynamics,1,222,222,108,41,0.4864864864864865,0.18468468468468469,2.6341463414634148,finite
MP00002,matched_non_pattern,Matched non-pattern,nearest_nonpattern_rows_by_total_uncommon_hybrid_and_pattern_evidence,Turning_Dynamics,Speed_Dynamics__x__Turning_Dynamics,1,222,222,0,59,0.0,0.26576576576576577,0.0,finite
MP00002,near_miss,Near miss,one_missing_uncommonness_count,Speed_Dynamics,Spatial_Reach_and_Route__x__Speed_Dynamics,2,222,782,137,280,0.6171171171171171,0.35805626598465473,1.7235199485199486,finite
MP00002,near_miss,Near miss,one_missing_uncommonness_count,Speed_Dynamics,Acceleration_Dynamics__x__Speed_Dynamics,2,222,782,133,266,0.5990990990990991,0.340153452685422,1.761261261261261,finite
MP00002,near_miss,Near miss,one_missing_uncommonness_count,Speed_Dynamics,Curvature_Geometry__x__Speed_Dynamics,2,222,782,133,335,0.5990990990990991,0.42838874680306904,1.3984940164044641,finite
MP00002,near_miss,Near miss,one_missing_uncommonness_count,Speed_Dynamics,Speed_Dynamics__x__Temporal_Sequential_Context,2,222,782,128,331,0.5765765765765766,0.42327365728900257,1.3621839362020631,finite
MP00002,near_miss,Near miss,one_missing_uncommonness_count,Speed_Dynamics,Speed_Dynamics__x__Turning_Dynamics,2,222,782,0,372,0.0,0.47570332480818417,0.0,finite
MP00002,near_miss,Near miss,one_missing_uncommonness_count,Turning_Dynamics,Spatial_Reach_and_Route__x__Turning_Dynamics,1,222,782,114,73,0.5135135135135135,0.09335038363171355,5.500925583117364,finite
MP00002,near_miss,Near miss,one_missing_uncommonness_count,Turning_Dynamics,Temporal_Sequential_Context__x__Turning_Dynamics,1,222,782,110,102,0.4954954954954955,0.13043478260869565,3.798798798798799,finite
MP00002,near_miss,Near miss,one_missing_uncommonness_count,Turning_Dynamics,Acceleration_Dynamics__x__Turning_Dynamics,1,222,782,108,77,0.4864864864864865,0.09846547314578005,4.940680940680941,finite
MP00002,near_miss,Near miss,one_missing_uncommonness_count,Turning_Dynamics,Curvature_Geometry__x__Turning_Dynamics,1,222,782,108,106,0.4864864864864865,0.13554987212276215,3.588985211626721,finite
MP00002,near_miss,Near miss,one_missing_uncommonness_count,Turning_Dynamics,Speed_Dynamics__x__Turning_Dynamics,1,222,782,0,0,0.0,0.0,,zero_both
MP00002,typical_normal,Typical normal,zero_uncommon_and_zero_hybrid_labels,Speed_Dynamics,Spatial_Reach_and_Route__x__Speed_Dynamics,2,222,703,137,0,0.6171171171171171,0.0,,zero_contrast
MP00002,typical_normal,Typical normal,zero_uncommon_and_zero_hybrid_labels,Speed_Dynamics,Acceleration_Dynamics__x__Speed_Dynamics,2,222,703,133,0,0.5990990990990991,0.0,,zero_contrast
MP00002,typical_normal,Typical normal,zero_uncommon_and_zero_hybrid_labels,Speed_Dynamics,Curvature_Geometry__x__Speed_Dynamics,2,222,703,133,0,0.5990990990990991,0.0,,zero_contrast
MP00002,typical_normal,Typical normal,zero_uncommon_and_zero_hybrid_labels,Speed_Dynamics,Speed_Dynamics__x__Temporal_Sequential_Context,2,222,703,128,0,0.5765765765765766,0.0,,zero_contrast
MP00002,typical_normal,Typical normal,zero_uncommon_and_zero_hybrid_labels,Speed_Dynamics,Speed_Dynamics__x__Turning_Dynamics,2,222,703,0,0,0.0,0.0,,zero_both
MP00002,typical_normal,Typical normal,zero_uncommon_and_zero_hybrid_labels,Turning_Dynamics,Spatial_Reach_and_Route__x__Turning_Dynamics,1,222,703,114,0,0.5135135135135135,0.0,,zero_contrast
MP00002,typical_normal,Typical normal,zero_uncommon_and_zero_hybrid_labels,Turning_Dynamics,Temporal_Sequential_Context__x__Turning_Dynamics,1,222,703,110,0,0.4954954954954955,0.0,,zero_contrast
MP00002,typical_normal,Typical normal,zero_uncommon_and_zero_hybrid_labels,Turning_Dynamics,Acceleration_Dynamics__x__Turning_Dynamics,1,222,703,108,0,0.4864864864864865,0.0,,zero_contrast
MP00002,typical_normal,Typical normal,zero_uncommon_and_zero_hybrid_labels,Turning_Dynamics,Curvature_Geometry__x__Turning_Dynamics,1,222,703,108,0,0.4864864864864865,0.0,,zero_contrast
MP00002,typical_normal,Typical normal,zero_uncommon_and_zero_hybrid_labels,Turning_Dynamics,Speed_Dynamics__x__Turning_Dynamics,1,222,703,0,0,0.0,0.0,,zero_both
MP00003,matched_non_pattern,Matched non-pattern,nearest_nonpattern_rows_by_total_uncommon_hybrid_and_pattern_evidence,Curvature_Geometry,Curvature_Geometry__x__Spatial_Reach_and_Route,1,228,228,128,36,0.5614035087719298,0.15789473684210525,3.5555555555555554,finite
MP00003,matched_non_pattern,Matched non-pattern,nearest_nonpattern_rows_by_total_uncommon_hybrid_and_pattern_evidence,Curvature_Geometry,Curvature_Geometry__x__Temporal_Sequential_Context,1,228,228,123,45,0.5394736842105263,0.19736842105263158,2.7333333333333334,finite
MP00003,matched_non_pattern,Matched non-pattern,nearest_nonpattern_rows_by_total_uncommon_hybrid_and_pattern_evidence,Curvature_Geometry,Curvature_Geometry__x__Turning_Dynamics,1,228,228,112,44,0.49122807017543857,0.19298245614035087,2.5454545454545454,finite
MP00003,matched_non_pattern,Matched non-pattern,nearest_nonpattern_rows_by_total_uncommon_hybrid_and_pattern_evidence,Curvature_Geometry,Acceleration_Dynamics__x__Curvature_Geometry,1,228,228,108,48,0.47368421052631576,0.21052631578947367,2.25,finite
MP00003,matched_non_pattern,Matched non-pattern,nearest_nonpattern_rows_by_total_uncommon_hybrid_and_pattern_evidence,Curvature_Geometry,Curvature_Geometry__x__Speed_Dynamics,1,228,228,0,64,0.0,0.2807017543859649,0.0,finite
MP00003,matched_non_pattern,Matched non-pattern,nearest_nonpattern_rows_by_total_uncommon_hybrid_and_pattern_evidence,Speed_Dynamics,Spatial_Reach_and_Route__x__Speed_Dynamics,2,228,228,143,43,0.6271929824561403,0.18859649122807018,3.325581395348837,finite
MP00003,matched_non_pattern,Matched non-pattern,nearest_nonpattern_rows_by_total_uncommon_hybrid_and_pattern_evidence,Speed_Dynamics,Speed_Dynamics__x__Temporal_Sequential_Context,2,228,228,138,60,0.6052631578947368,0.2631578947368421,2.3000000000000003,finite
MP00003,matched_non_pattern,Matched non-pattern,nearest_nonpattern_rows_by_total_uncommon_hybrid_and_pattern_evidence,Speed_Dynamics,Speed_Dynamics__x__Turning_Dynamics,2,228,228,133,57,0.5833333333333334,0.25,2.3333333333333335,finite
MP00003,matched_non_pattern,Matched non-pattern,nearest_nonpattern_rows_by_total_uncommon_hybrid_and_pattern_evidence,Speed_Dynamics,Acceleration_Dynamics__x__Speed_Dynamics,2,228,228,129,48,0.5657894736842105,0.21052631578947367,2.6875,finite
MP00003,matched_non_pattern,Matched non-pattern,nearest_nonpattern_rows_by_total_uncommon_hybrid_and_pattern_evidence,Speed_Dynamics,Curvature_Geometry__x__Speed_Dynamics,2,228,228,0,89,0.0,0.39035087719298245,0.0,finite
MP00003,near_miss,Near miss,one_missing_uncommonness_count,Curvature_Geometry,Curvature_Geometry__x__Spatial_Reach_and_Route,1,228,794,128,73,0.5614035087719298,0.09193954659949623,6.106224465272771,finite
MP00003,near_miss,Near miss,one_missing_uncommonness_count,Curvature_Geometry,Curvature_Geometry__x__Temporal_Sequential_Context,1,228,794,123,96,0.5394736842105263,0.12090680100755667,4.461896929824562,finite
MP00003,near_miss,Near miss,one_missing_uncommonness_count,Curvature_Geometry,Curvature_Geometry__x__Turning_Dynamics,1,228,794,112,118,0.49122807017543857,0.1486146095717884,3.3053820993160867,finite
MP00003,near_miss,Near miss,one_missing_uncommonness_count,Curvature_Geometry,Acceleration_Dynamics__x__Curvature_Geometry,1,228,794,108,87,0.47368421052631576,0.10957178841309824,4.323049001814882,finite
MP00003,near_miss,Near miss,one_missing_uncommonness_count,Curvature_Geometry,Curvature_Geometry__x__Speed_Dynamics,1,228,794,0,0,0.0,0.0,,zero_both
MP00003,near_miss,Near miss,one_missing_uncommonness_count,Speed_Dynamics,Spatial_Reach_and_Route__x__Speed_Dynamics,2,228,794,143,277,0.6271929824561403,0.34886649874055414,1.7978022674013554,finite
MP00003,near_miss,Near miss,one_missing_uncommonness_count,Speed_Dynamics,Speed_Dynamics__x__Temporal_Sequential_Context,2,228,794,138,325,0.6052631578947368,0.4093198992443325,1.4787044534412956,finite
MP00003,near_miss,Near miss,one_missing_uncommonness_count,Speed_Dynamics,Speed_Dynamics__x__Turning_Dynamics,2,228,794,133,337,0.5833333333333334,0.4244332493702771,1.3743818001978239,finite
MP00003,near_miss,Near miss,one_missing_uncommonness_count,Speed_Dynamics,Acceleration_Dynamics__x__Speed_Dynamics,2,228,794,129,269,0.5657894736842105,0.33879093198992444,1.6700254353355506,finite
MP00003,near_miss,Near miss,one_missing_uncommonness_count,Speed_Dynamics,Curvature_Geometry__x__Speed_Dynamics,2,228,794,0,382,0.0,0.4811083123425693,0.0,finite
MP00003,typical_normal,Typical normal,zero_uncommon_and_zero_hybrid_labels,Curvature_Geometry,Curvature_Geometry__x__Spatial_Reach_and_Route,1,228,703,128,0,0.5614035087719298,0.0,,zero_contrast
MP00003,typical_normal,Typical normal,zero_uncommon_and_zero_hybrid_labels,Curvature_Geometry,Curvature_Geometry__x__Temporal_Sequential_Context,1,228,703,123,0,0.5394736842105263,0.0,,zero_contrast
MP00003,typical_normal,Typical normal,zero_uncommon_and_zero_hybrid_labels,Curvature_Geometry,Curvature_Geometry__x__Turning_Dynamics,1,228,703,112,0,0.49122807017543857,0.0,,zero_contrast
MP00003,typical_normal,Typical normal,zero_uncommon_and_zero_hybrid_labels,Curvature_Geometry,Acceleration_Dynamics__x__Curvature_Geometry,1,228,703,108,0,0.47368421052631576,0.0,,zero_contrast
MP00003,typical_normal,Typical normal,zero_uncommon_and_zero_hybrid_labels,Curvature_Geometry,Curvature_Geometry__x__Speed_Dynamics,1,228,703,0,0,0.0,0.0,,zero_both
MP00003,typical_normal,Typical normal,zero_uncommon_and_zero_hybrid_labels,Speed_Dynamics,Spatial_Reach_and_Route__x__Speed_Dynamics,2,228,703,143,0,0.6271929824561403,0.0,,zero_contrast
MP00003,typical_normal,Typical normal,zero_uncommon_and_zero_hybrid_labels,Speed_Dynamics,Speed_Dynamics__x__Temporal_Sequential_Context,2,228,703,138,0,0.6052631578947368,0.0,,zero_contrast
MP00003,typical_normal,Typical normal,zero_uncommon_and_zero_hybrid_labels,Speed_Dynamics,Speed_Dynamics__x__Turning_Dynamics,2,228,703,133,0,0.5833333333333334,0.0,,zero_contrast
MP00003,typical_normal,Typical normal,zero_uncommon_and_zero_hybrid_labels,Speed_Dynamics,Acceleration_Dynamics__x__Speed_Dynamics,2,228,703,129,0,0.5657894736842105,0.0,,zero_contrast
MP00003,typical_normal,Typical normal,zero_uncommon_and_zero_hybrid_labels,Speed_Dynamics,Curvature_Geometry__x__Speed_Dynamics,2,228,703,0,0,0.0,0.0,,zero_both
MP00004,matched_non_pattern,Matched non-pattern,nearest_nonpattern_rows_by_total_uncommon_hybrid_and_pattern_evidence,Spatial_Reach_and_Route,Curvature_Geometry__x__Spatial_Reach_and_Route,1,230,230,123,50,0.5347826086956522,0.21739130434782608,2.46,finite
MP00004,matched_non_pattern,Matched non-pattern,nearest_nonpattern_rows_by_total_uncommon_hybrid_and_pattern_evidence,Spatial_Reach_and_Route,Spatial_Reach_and_Route__x__Turning_Dynamics,1,230,230,122,60,0.5304347826086957,0.2608695652173913,2.0333333333333337,finite
MP00004,matched_non_pattern,Matched non-pattern,nearest_nonpattern_rows_by_total_uncommon_hybrid_and_pattern_evidence,Spatial_Reach_and_Route,Spatial_Reach_and_Route__x__Temporal_Sequential_Context,1,230,230,110,35,0.4782608695652174,0.15217391304347827,3.142857142857143,finite
MP00004,matched_non_pattern,Matched non-pattern,nearest_nonpattern_rows_by_total_uncommon_hybrid_and_pattern_evidence,Spatial_Reach_and_Route,Acceleration_Dynamics__x__Spatial_Reach_and_Route,1,230,230,82,39,0.3565217391304348,0.16956521739130434,2.1025641025641026,finite
MP00004,matched_non_pattern,Matched non-pattern,nearest_nonpattern_rows_by_total_uncommon_hybrid_and_pattern_evidence,Spatial_Reach_and_Route,Spatial_Reach_and_Route__x__Speed_Dynamics,1,230,230,0,47,0.0,0.20434782608695654,0.0,finite
MP00004,matched_non_pattern,Matched non-pattern,nearest_nonpattern_rows_by_total_uncommon_hybrid_and_pattern_evidence,Speed_Dynamics,Curvature_Geometry__x__Speed_Dynamics,2,230,230,150,57,0.6521739130434783,0.24782608695652175,2.631578947368421,finite
MP00004,matched_non_pattern,Matched non-pattern,nearest_nonpattern_rows_by_total_uncommon_hybrid_and_pattern_evidence,Speed_Dynamics,Speed_Dynamics__x__Turning_Dynamics,2,230,230,148,52,0.6434782608695652,0.22608695652173913,2.846153846153846,finite
MP00004,matched_non_pattern,Matched non-pattern,nearest_nonpattern_rows_by_total_uncommon_hybrid_and_pattern_evidence,Speed_Dynamics,Speed_Dynamics__x__Temporal_Sequential_Context,2,230,230,134,57,0.5826086956521739,0.24782608695652175,2.350877192982456,finite
MP00004,matched_non_pattern,Matched non-pattern,nearest_nonpattern_rows_by_total_uncommon_hybrid_and_pattern_evidence,Speed_Dynamics,Acceleration_Dynamics__x__Speed_Dynamics,2,230,230,99,54,0.43043478260869567,0.23478260869565218,1.8333333333333333,finite
MP00004,matched_non_pattern,Matched non-pattern,nearest_nonpattern_rows_by_total_uncommon_hybrid_and_pattern_evidence,Speed_Dynamics,Spatial_Reach_and_Route__x__Speed_Dynamics,2,230,230,0,82,0.0,0.3565217391304348,0.0,finite
MP00004,near_miss,Near miss,one_missing_uncommonness_count,Spatial_Reach_and_Route,Curvature_Geometry__x__Spatial_Reach_and_Route,1,230,847,123,121,0.5347826086956522,0.14285714285714285,3.7434782608695656,finite
MP00004,near_miss,Near miss,one_missing_uncommonness_count,Spatial_Reach_and_Route,Spatial_Reach_and_Route__x__Turning_Dynamics,1,230,847,122,157,0.5304347826086957,0.18536009445100354,2.8616449736914986,finite
MP00004,near_miss,Near miss,one_missing_uncommonness_count,Spatial_Reach_and_Route,Spatial_Reach_and_Route__x__Temporal_Sequential_Context,1,230,847,110,98,0.4782608695652174,0.11570247933884298,4.133540372670807,finite
MP00004,near_miss,Near miss,one_missing_uncommonness_count,Spatial_Reach_and_Route,Acceleration_Dynamics__x__Spatial_Reach_and_Route,1,230,847,82,68,0.3565217391304348,0.08028335301062574,4.44079283887468,finite
MP00004,near_miss,Near miss,one_missing_uncommonness_count,Spatial_Reach_and_Route,Spatial_Reach_and_Route__x__Speed_Dynamics,1,230,847,0,0,0.0,0.0,,zero_both
MP00004,near_miss,Near miss,one_missing_uncommonness_count,Speed_Dynamics,Curvature_Geometry__x__Speed_Dynamics,2,230,847,150,333,0.6521739130434783,0.39315230224321135,1.6588327457892675,finite
MP00004,near_miss,Near miss,one_missing_uncommonness_count,Speed_Dynamics,Speed_Dynamics__x__Turning_Dynamics,2,230,847,148,347,0.6434782608695652,0.40968122786304606,1.5706803658689386,finite
MP00004,near_miss,Near miss,one_missing_uncommonness_count,Speed_Dynamics,Speed_Dynamics__x__Temporal_Sequential_Context,2,230,847,134,328,0.5826086956521739,0.3872491145218418,1.5044803817603392,finite
MP00004,near_miss,Near miss,one_missing_uncommonness_count,Speed_Dynamics,Acceleration_Dynamics__x__Speed_Dynamics,2,230,847,99,287,0.43043478260869567,0.33884297520661155,1.2703075291622483,finite
MP00004,near_miss,Near miss,one_missing_uncommonness_count,Speed_Dynamics,Spatial_Reach_and_Route__x__Speed_Dynamics,2,230,847,0,362,0.0,0.42739079102715466,0.0,finite
MP00004,typical_normal,Typical normal,zero_uncommon_and_zero_hybrid_labels,Spatial_Reach_and_Route,Curvature_Geometry__x__Spatial_Reach_and_Route,1,230,703,123,0,0.5347826086956522,0.0,,zero_contrast
MP00004,typical_normal,Typical normal,zero_uncommon_and_zero_hybrid_labels,Spatial_Reach_and_Route,Spatial_Reach_and_Route__x__Turning_Dynamics,1,230,703,122,0,0.5304347826086957,0.0,,zero_contrast
MP00004,typical_normal,Typical normal,zero_uncommon_and_zero_hybrid_labels,Spatial_Reach_and_Route,Spatial_Reach_and_Route__x__Temporal_Sequential_Context,1,230,703,110,0,0.4782608695652174,0.0,,zero_contrast
MP00004,typical_normal,Typical normal,zero_uncommon_and_zero_hybrid_labels,Spatial_Reach_and_Route,Acceleration_Dynamics__x__Spatial_Reach_and_Route,1,230,703,82,0,0.3565217391304348,0.0,,zero_contrast
MP00004,typical_normal,Typical normal,zero_uncommon_and_zero_hybrid_labels,Spatial_Reach_and_Route,Spatial_Reach_and_Route__x__Speed_Dynamics,1,230,703,0,0,0.0,0.0,,zero_both
MP00004,typical_normal,Typical normal,zero_uncommon_and_zero_hybrid_labels,Speed_Dynamics,Curvature_Geometry__x__Speed_Dynamics,2,230,703,150,0,0.6521739130434783,0.0,,zero_contrast
MP00004,typical_normal,Typical normal,zero_uncommon_and_zero_hybrid_labels,Speed_Dynamics,Speed_Dynamics__x__Turning_Dynamics,2,230,703,148,0,0.6434782608695652,0.0,,zero_contrast
MP00004,typical_normal,Typical normal,zero_uncommon_and_zero_hybrid_labels,Speed_Dynamics,Speed_Dynamics__x__Temporal_Sequential_Context,2,230,703,134,0,0.5826086956521739,0.0,,zero_contrast
MP00004,typical_normal,Typical normal,zero_uncommon_and_zero_hybrid_labels,Speed_Dynamics,Acceleration_Dynamics__x__Speed_Dynamics,2,230,703,99,0,0.43043478260869567,0.0,,zero_contrast
MP00004,typical_normal,Typical normal,zero_uncommon_and_zero_hybrid_labels,Speed_Dynamics,Spatial_Reach_and_Route__x__Speed_Dynamics,2,230,703,0,0,0.0,0.0,,zero_both
MP00005,matched_non_pattern,Matched non-pattern,nearest_nonpattern_rows_by_total_uncommon_hybrid_and_pattern_evidence,Curvature_Geometry,Curvature_Geometry__x__Temporal_Sequential_Context,2,237,237,154,58,0.6497890295358649,0.24472573839662448,2.655172413793103,finite
MP00005,matched_non_pattern,Matched non-pattern,nearest_nonpattern_rows_by_total_uncommon_hybrid_and_pattern_evidence,Curvature_Geometry,Acceleration_Dynamics__x__Curvature_Geometry,2,237,237,146,57,0.6160337552742616,0.24050632911392406,2.56140350877193,finite
MP00005,matched_non_pattern,Matched non-pattern,nearest_nonpattern_rows_by_total_uncommon_hybrid_and_pattern_evidence,Curvature_Geometry,Curvature_Geometry__x__Turning_Dynamics,2,237,237,135,41,0.569620253164557,0.1729957805907173,3.2926829268292686,finite
MP00005,matched_non_pattern,Matched non-pattern,nearest_nonpattern_rows_by_total_uncommon_hybrid_and_pattern_evidence,Curvature_Geometry,Curvature_Geometry__x__Speed_Dynamics,2,237,237,127,52,0.5358649789029536,0.21940928270042195,2.442307692307692,finite
MP00005,matched_non_pattern,Matched non-pattern,nearest_nonpattern_rows_by_total_uncommon_hybrid_and_pattern_evidence,Curvature_Geometry,Curvature_Geometry__x__Spatial_Reach_and_Route,2,237,237,0,82,0.0,0.3459915611814346,0.0,finite
MP00005,matched_non_pattern,Matched non-pattern,nearest_nonpattern_rows_by_total_uncommon_hybrid_and_pattern_evidence,Spatial_Reach_and_Route,Acceleration_Dynamics__x__Spatial_Reach_and_Route,1,237,237,124,33,0.5232067510548524,0.13924050632911392,3.7575757575757582,finite
MP00005,matched_non_pattern,Matched non-pattern,nearest_nonpattern_rows_by_total_uncommon_hybrid_and_pattern_evidence,Spatial_Reach_and_Route,Spatial_Reach_and_Route__x__Temporal_Sequential_Context,1,237,237,124,41,0.5232067510548524,0.1729957805907173,3.0243902439024395,finite
MP00005,matched_non_pattern,Matched non-pattern,nearest_nonpattern_rows_by_total_uncommon_hybrid_and_pattern_evidence,Spatial_Reach_and_Route,Spatial_Reach_and_Route__x__Turning_Dynamics,1,237,237,111,64,0.46835443037974683,0.270042194092827,1.7343750000000002,finite
MP00005,matched_non_pattern,Matched non-pattern,nearest_nonpattern_rows_by_total_uncommon_hybrid_and_pattern_evidence,Spatial_Reach_and_Route,Spatial_Reach_and_Route__x__Speed_Dynamics,1,237,237,100,29,0.4219409282700422,0.12236286919831224,3.4482758620689653,finite
MP00005,matched_non_pattern,Matched non-pattern,nearest_nonpattern_rows_by_total_uncommon_hybrid_and_pattern_evidence,Spatial_Reach_and_Route,Curvature_Geometry__x__Spatial_Reach_and_Route,1,237,237,0,78,0.0,0.3291139240506329,0.0,finite
MP00005,near_miss,Near miss,one_missing_uncommonness_count,Curvature_Geometry,Curvature_Geometry__x__Temporal_Sequential_Context,2,237,877,154,369,0.6497890295358649,0.4207525655644242,1.5443495363223672,finite
MP00005,near_miss,Near miss,one_missing_uncommonness_count,Curvature_Geometry,Acceleration_Dynamics__x__Curvature_Geometry,2,237,877,146,356,0.6160337552742616,0.40592930444697833,1.5175887735267626,finite
MP00005,near_miss,Near miss,one_missing_uncommonness_count,Curvature_Geometry,Curvature_Geometry__x__Turning_Dynamics,2,237,877,135,334,0.569620253164557,0.3808437856328392,1.4956795270219057,finite
MP00005,near_miss,Near miss,one_missing_uncommonness_count,Curvature_Geometry,Curvature_Geometry__x__Speed_Dynamics,2,237,877,127,359,0.5358649789029536,0.40935005701254273,1.309062915035906,finite
MP00005,near_miss,Near miss,one_missing_uncommonness_count,Curvature_Geometry,Curvature_Geometry__x__Spatial_Reach_and_Route,2,237,877,0,432,0.0,0.4925883694412771,0.0,finite
MP00005,near_miss,Near miss,one_missing_uncommonness_count,Spatial_Reach_and_Route,Acceleration_Dynamics__x__Spatial_Reach_and_Route,1,237,877,124,78,0.5232067510548524,0.08893956670467502,5.882722059937251,finite
MP00005,near_miss,Near miss,one_missing_uncommonness_count,Spatial_Reach_and_Route,Spatial_Reach_and_Route__x__Temporal_Sequential_Context,1,237,877,124,97,0.5232067510548524,0.11060433295324971,4.730436295619644,finite
MP00005,near_miss,Near miss,one_missing_uncommonness_count,Spatial_Reach_and_Route,Spatial_Reach_and_Route__x__Turning_Dynamics,1,237,877,111,104,0.46835443037974683,0.11858608893956671,3.9494888023369032,finite
MP00005,near_miss,Near miss,one_missing_uncommonness_count,Spatial_Reach_and_Route,Spatial_Reach_and_Route__x__Speed_Dynamics,1,237,877,100,73,0.4219409282700422,0.08323831242873432,5.069071151956535,finite
MP00005,near_miss,Near miss,one_missing_uncommonness_count,Spatial_Reach_and_Route,Curvature_Geometry__x__Spatial_Reach_and_Route,1,237,877,0,0,0.0,0.0,,zero_both
MP00005,typical_normal,Typical normal,zero_uncommon_and_zero_hybrid_labels,Curvature_Geometry,Curvature_Geometry__x__Temporal_Sequential_Context,2,237,703,154,0,0.6497890295358649,0.0,,zero_contrast
MP00005,typical_normal,Typical normal,zero_uncommon_and_zero_hybrid_labels,Curvature_Geometry,Acceleration_Dynamics__x__Curvature_Geometry,2,237,703,146,0,0.6160337552742616,0.0,,zero_contrast
MP00005,typical_normal,Typical normal,zero_uncommon_and_zero_hybrid_labels,Curvature_Geometry,Curvature_Geometry__x__Turning_Dynamics,2,237,703,135,0,0.569620253164557,0.0,,zero_contrast
MP00005,typical_normal,Typical normal,zero_uncommon_and_zero_hybrid_labels,Curvature_Geometry,Curvature_Geometry__x__Speed_Dynamics,2,237,703,127,0,0.5358649789029536,0.0,,zero_contrast
MP00005,typical_normal,Typical normal,zero_uncommon_and_zero_hybrid_labels,Curvature_Geometry,Curvature_Geometry__x__Spatial_Reach_and_Route,2,237,703,0,0,0.0,0.0,,zero_both
MP00005,typical_normal,Typical normal,zero_uncommon_and_zero_hybrid_labels,Spatial_Reach_and_Route,Acceleration_Dynamics__x__Spatial_Reach_and_Route,1,237,703,124,0,0.5232067510548524,0.0,,zero_contrast
MP00005,typical_normal,Typical normal,zero_uncommon_and_zero_hybrid_labels,Spatial_Reach_and_Route,Spatial_Reach_and_Route__x__Temporal_Sequential_Context,1,237,703,124,0,0.5232067510548524,0.0,,zero_contrast
MP00005,typical_normal,Typical normal,zero_uncommon_and_zero_hybrid_labels,Spatial_Reach_and_Route,Spatial_Reach_and_Route__x__Turning_Dynamics,1,237,703,111,0,0.46835443037974683,0.0,,zero_contrast
MP00005,typical_normal,Typical normal,zero_uncommon_and_zero_hybrid_labels,Spatial_Reach_and_Route,Spatial_Reach_and_Route__x__Speed_Dynamics,1,237,703,100,0,0.4219409282700422,0.0,,zero_contrast
MP00005,typical_normal,Typical normal,zero_uncommon_and_zero_hybrid_labels,Spatial_Reach_and_Route,Curvature_Geometry__x__Spatial_Reach_and_Route,1,237,703,0,0,0.0,0.0,,zero_both
MP00006,matched_non_pattern,Matched non-pattern,nearest_nonpattern_rows_by_total_uncommon_hybrid_and_pattern_evidence,Acceleration_Dynamics,Acceleration_Dynamics__x__Curvature_Geometry,1,272,272,148,49,0.5441176470588235,0.1801470588235294,3.020408163265306,finite
MP00006,matched_non_pattern,Matched non-pattern,nearest_nonpattern_rows_by_total_uncommon_hybrid_and_pattern_evidence,Acceleration_Dynamics,Acceleration_Dynamics__x__Turning_Dynamics,1,272,272,147,51,0.5404411764705882,0.1875,2.8823529411764706,finite
MP00006,matched_non_pattern,Matched non-pattern,nearest_nonpattern_rows_by_total_uncommon_hybrid_and_pattern_evidence,Acceleration_Dynamics,Acceleration_Dynamics__x__Temporal_Sequential_Context,1,272,272,102,55,0.375,0.20220588235294118,1.8545454545454545,finite
MP00006,matched_non_pattern,Matched non-pattern,nearest_nonpattern_rows_by_total_uncommon_hybrid_and_pattern_evidence,Acceleration_Dynamics,Acceleration_Dynamics__x__Speed_Dynamics,1,272,272,94,42,0.34558823529411764,0.15441176470588236,2.238095238095238,finite
MP00006,matched_non_pattern,Matched non-pattern,nearest_nonpattern_rows_by_total_uncommon_hybrid_and_pattern_evidence,Acceleration_Dynamics,Acceleration_Dynamics__x__Spatial_Reach_and_Route,1,272,272,0,70,0.0,0.25735294117647056,0.0,finite
MP00006,matched_non_pattern,Matched non-pattern,nearest_nonpattern_rows_by_total_uncommon_hybrid_and_pattern_evidence,Spatial_Reach_and_Route,Curvature_Geometry__x__Spatial_Reach_and_Route,2,272,272,180,40,0.6617647058823529,0.14705882352941177,4.5,finite
MP00006,matched_non_pattern,Matched non-pattern,nearest_nonpattern_rows_by_total_uncommon_hybrid_and_pattern_evidence,Spatial_Reach_and_Route,Spatial_Reach_and_Route__x__Turning_Dynamics,2,272,272,177,47,0.6507352941176471,0.17279411764705882,3.765957446808511,finite
MP00006,matched_non_pattern,Matched non-pattern,nearest_nonpattern_rows_by_total_uncommon_hybrid_and_pattern_evidence,Spatial_Reach_and_Route,Spatial_Reach_and_Route__x__Temporal_Sequential_Context,2,272,272,132,42,0.4852941176470588,0.15441176470588236,3.142857142857143,finite
MP00006,matched_non_pattern,Matched non-pattern,nearest_nonpattern_rows_by_total_uncommon_hybrid_and_pattern_evidence,Spatial_Reach_and_Route,Spatial_Reach_and_Route__x__Speed_Dynamics,2,272,272,120,28,0.4411764705882353,0.10294117647058823,4.285714285714286,finite
MP00006,matched_non_pattern,Matched non-pattern,nearest_nonpattern_rows_by_total_uncommon_hybrid_and_pattern_evidence,Spatial_Reach_and_Route,Acceleration_Dynamics__x__Spatial_Reach_and_Route,2,272,272,0,66,0.0,0.2426470588235294,0.0,finite
MP00006,near_miss,Near miss,one_missing_uncommonness_count,Acceleration_Dynamics,Acceleration_Dynamics__x__Curvature_Geometry,1,272,792,148,124,0.5441176470588235,0.15656565656565657,3.475332068311195,finite
MP00006,near_miss,Near miss,one_missing_uncommonness_count,Acceleration_Dynamics,Acceleration_Dynamics__x__Turning_Dynamics,1,272,792,147,145,0.5404411764705882,0.1830808080808081,2.9519269776876262,finite
MP00006,near_miss,Near miss,one_missing_uncommonness_count,Acceleration_Dynamics,Acceleration_Dynamics__x__Temporal_Sequential_Context,1,272,792,102,92,0.375,0.11616161616161616,3.2282608695652173,finite
MP00006,near_miss,Near miss,one_missing_uncommonness_count,Acceleration_Dynamics,Acceleration_Dynamics__x__Speed_Dynamics,1,272,792,94,76,0.34558823529411764,0.09595959595959595,3.6013931888544892,finite
MP00006,near_miss,Near miss,one_missing_uncommonness_count,Acceleration_Dynamics,Acceleration_Dynamics__x__Spatial_Reach_and_Route,1,272,792,0,0,0.0,0.0,,zero_both
MP00006,near_miss,Near miss,one_missing_uncommonness_count,Spatial_Reach_and_Route,Curvature_Geometry__x__Spatial_Reach_and_Route,2,272,792,180,293,0.6617647058823529,0.369949494949495,1.7887974302348923,finite
MP00006,near_miss,Near miss,one_missing_uncommonness_count,Spatial_Reach_and_Route,Spatial_Reach_and_Route__x__Turning_Dynamics,2,272,792,177,331,0.6507352941176471,0.41792929292929293,1.557046383508086,finite
MP00006,near_miss,Near miss,one_missing_uncommonness_count,Spatial_Reach_and_Route,Spatial_Reach_and_Route__x__Temporal_Sequential_Context,2,272,792,132,280,0.4852941176470588,0.35353535353535354,1.372689075630252,finite
MP00006,near_miss,Near miss,one_missing_uncommonness_count,Spatial_Reach_and_Route,Spatial_Reach_and_Route__x__Speed_Dynamics,2,272,792,120,250,0.4411764705882353,0.31565656565656564,1.3976470588235295,finite
MP00006,near_miss,Near miss,one_missing_uncommonness_count,Spatial_Reach_and_Route,Acceleration_Dynamics__x__Spatial_Reach_and_Route,2,272,792,0,280,0.0,0.35353535353535354,0.0,finite
MP00006,typical_normal,Typical normal,zero_uncommon_and_zero_hybrid_labels,Acceleration_Dynamics,Acceleration_Dynamics__x__Curvature_Geometry,1,272,703,148,0,0.5441176470588235,0.0,,zero_contrast
MP00006,typical_normal,Typical normal,zero_uncommon_and_zero_hybrid_labels,Acceleration_Dynamics,Acceleration_Dynamics__x__Turning_Dynamics,1,272,703,147,0,0.5404411764705882,0.0,,zero_contrast
MP00006,typical_normal,Typical normal,zero_uncommon_and_zero_hybrid_labels,Acceleration_Dynamics,Acceleration_Dynamics__x__Temporal_Sequential_Context,1,272,703,102,0,0.375,0.0,,zero_contrast
MP00006,typical_normal,Typical normal,zero_uncommon_and_zero_hybrid_labels,Acceleration_Dynamics,Acceleration_Dynamics__x__Speed_Dynamics,1,272,703,94,0,0.34558823529411764,0.0,,zero_contrast
MP00006,typical_normal,Typical normal,zero_uncommon_and_zero_hybrid_labels,Acceleration_Dynamics,Acceleration_Dynamics__x__Spatial_Reach_and_Route,1,272,703,0,0,0.0,0.0,,zero_both
MP00006,typical_normal,Typical normal,zero_uncommon_and_zero_hybrid_labels,Spatial_Reach_and_Route,Curvature_Geometry__x__Spatial_Reach_and_Route,2,272,703,180,0,0.6617647058823529,0.0,,zero_contrast
MP00006,typical_normal,Typical normal,zero_uncommon_and_zero_hybrid_labels,Spatial_Reach_and_Route,Spatial_Reach_and_Route__x__Turning_Dynamics,2,272,703,177,0,0.6507352941176471,0.0,,zero_contrast
MP00006,typical_normal,Typical normal,zero_uncommon_and_zero_hybrid_labels,Spatial_Reach_and_Route,Spatial_Reach_and_Route__x__Temporal_Sequential_Context,2,272,703,132,0,0.4852941176470588,0.0,,zero_contrast
MP00006,typical_normal,Typical normal,zero_uncommon_and_zero_hybrid_labels,Spatial_Reach_and_Route,Spatial_Reach_and_Route__x__Speed_Dynamics,2,272,703,120,0,0.4411764705882353,0.0,,zero_contrast
MP00006,typical_normal,Typical normal,zero_uncommon_and_zero_hybrid_labels,Spatial_Reach_and_Route,Acceleration_Dynamics__x__Spatial_Reach_and_Route,2,272,703,0,0,0.0,0.0,,zero_both
MP00007,matched_non_pattern,Matched non-pattern,nearest_nonpattern_rows_by_total_uncommon_hybrid_and_pattern_evidence,Acceleration_Dynamics,Acceleration_Dynamics__x__Temporal_Sequential_Context,1,234,234,123,31,0.5256410256410257,0.13247863247863248,3.967741935483871,finite
MP00007,matched_non_pattern,Matched non-pattern,nearest_nonpattern_rows_by_total_uncommon_hybrid_and_pattern_evidence,Acceleration_Dynamics,Acceleration_Dynamics__x__Spatial_Reach_and_Route,1,234,234,121,32,0.5170940170940171,0.13675213675213677,3.78125,finite
MP00007,matched_non_pattern,Matched non-pattern,nearest_nonpattern_rows_by_total_uncommon_hybrid_and_pattern_evidence,Acceleration_Dynamics,Acceleration_Dynamics__x__Turning_Dynamics,1,234,234,120,38,0.5128205128205128,0.1623931623931624,3.157894736842105,finite
MP00007,matched_non_pattern,Matched non-pattern,nearest_nonpattern_rows_by_total_uncommon_hybrid_and_pattern_evidence,Acceleration_Dynamics,Acceleration_Dynamics__x__Speed_Dynamics,1,234,234,117,30,0.5,0.1282051282051282,3.9000000000000004,finite
MP00007,matched_non_pattern,Matched non-pattern,nearest_nonpattern_rows_by_total_uncommon_hybrid_and_pattern_evidence,Acceleration_Dynamics,Acceleration_Dynamics__x__Curvature_Geometry,1,234,234,0,63,0.0,0.2692307692307692,0.0,finite
MP00007,matched_non_pattern,Matched non-pattern,nearest_nonpattern_rows_by_total_uncommon_hybrid_and_pattern_evidence,Curvature_Geometry,Curvature_Geometry__x__Temporal_Sequential_Context,2,234,234,146,56,0.6239316239316239,0.23931623931623933,2.607142857142857,finite
MP00007,matched_non_pattern,Matched non-pattern,nearest_nonpattern_rows_by_total_uncommon_hybrid_and_pattern_evidence,Curvature_Geometry,Curvature_Geometry__x__Spatial_Reach_and_Route,2,234,234,137,52,0.5854700854700855,0.2222222222222222,2.634615384615385,finite
MP00007,matched_non_pattern,Matched non-pattern,nearest_nonpattern_rows_by_total_uncommon_hybrid_and_pattern_evidence,Curvature_Geometry,Curvature_Geometry__x__Speed_Dynamics,2,234,234,137,40,0.5854700854700855,0.17094017094017094,3.4250000000000003,finite
MP00007,matched_non_pattern,Matched non-pattern,nearest_nonpattern_rows_by_total_uncommon_hybrid_and_pattern_evidence,Curvature_Geometry,Curvature_Geometry__x__Turning_Dynamics,2,234,234,137,41,0.5854700854700855,0.1752136752136752,3.3414634146341466,finite
MP00007,matched_non_pattern,Matched non-pattern,nearest_nonpattern_rows_by_total_uncommon_hybrid_and_pattern_evidence,Curvature_Geometry,Acceleration_Dynamics__x__Curvature_Geometry,2,234,234,0,87,0.0,0.3717948717948718,0.0,finite
MP00007,near_miss,Near miss,one_missing_uncommonness_count,Acceleration_Dynamics,Acceleration_Dynamics__x__Temporal_Sequential_Context,1,234,870,123,84,0.5256410256410257,0.09655172413793103,5.444139194139194,finite
MP00007,near_miss,Near miss,one_missing_uncommonness_count,Acceleration_Dynamics,Acceleration_Dynamics__x__Spatial_Reach_and_Route,1,234,870,121,70,0.5170940170940171,0.08045977011494253,6.426739926739928,finite
MP00007,near_miss,Near miss,one_missing_uncommonness_count,Acceleration_Dynamics,Acceleration_Dynamics__x__Turning_Dynamics,1,234,870,120,111,0.5128205128205128,0.12758620689655173,4.019404019404019,finite
MP00007,near_miss,Near miss,one_missing_uncommonness_count,Acceleration_Dynamics,Acceleration_Dynamics__x__Speed_Dynamics,1,234,870,117,73,0.5,0.0839080459770115,5.9589041095890405,finite
MP00007,near_miss,Near miss,one_missing_uncommonness_count,Acceleration_Dynamics,Acceleration_Dynamics__x__Curvature_Geometry,1,234,870,0,0,0.0,0.0,,zero_both
MP00007,near_miss,Near miss,one_missing_uncommonness_count,Curvature_Geometry,Curvature_Geometry__x__Temporal_Sequential_Context,2,234,870,146,366,0.6239316239316239,0.4206896551724138,1.4831161552473027,finite
MP00007,near_miss,Near miss,one_missing_uncommonness_count,Curvature_Geometry,Curvature_Geometry__x__Spatial_Reach_and_Route,2,234,870,137,344,0.5854700854700855,0.3954022988505747,1.4806946929039952,finite
MP00007,near_miss,Near miss,one_missing_uncommonness_count,Curvature_Geometry,Curvature_Geometry__x__Speed_Dynamics,2,234,870,137,355,0.5854700854700855,0.40804597701149425,1.4348140122788011,finite
MP00007,near_miss,Near miss,one_missing_uncommonness_count,Curvature_Geometry,Curvature_Geometry__x__Turning_Dynamics,2,234,870,137,339,0.5854700854700855,0.3896551724137931,1.502533847666591,finite
MP00007,near_miss,Near miss,one_missing_uncommonness_count,Curvature_Geometry,Acceleration_Dynamics__x__Curvature_Geometry,2,234,870,0,441,0.0,0.506896551724138,0.0,finite
MP00007,typical_normal,Typical normal,zero_uncommon_and_zero_hybrid_labels,Acceleration_Dynamics,Acceleration_Dynamics__x__Temporal_Sequential_Context,1,234,703,123,0,0.5256410256410257,0.0,,zero_contrast
MP00007,typical_normal,Typical normal,zero_uncommon_and_zero_hybrid_labels,Acceleration_Dynamics,Acceleration_Dynamics__x__Spatial_Reach_and_Route,1,234,703,121,0,0.5170940170940171,0.0,,zero_contrast
MP00007,typical_normal,Typical normal,zero_uncommon_and_zero_hybrid_labels,Acceleration_Dynamics,Acceleration_Dynamics__x__Turning_Dynamics,1,234,703,120,0,0.5128205128205128,0.0,,zero_contrast
MP00007,typical_normal,Typical normal,zero_uncommon_and_zero_hybrid_labels,Acceleration_Dynamics,Acceleration_Dynamics__x__Speed_Dynamics,1,234,703,117,0,0.5,0.0,,zero_contrast
MP00007,typical_normal,Typical normal,zero_uncommon_and_zero_hybrid_labels,Acceleration_Dynamics,Acceleration_Dynamics__x__Curvature_Geometry,1,234,703,0,0,0.0,0.0,,zero_both
MP00007,typical_normal,Typical normal,zero_uncommon_and_zero_hybrid_labels,Curvature_Geometry,Curvature_Geometry__x__Temporal_Sequential_Context,2,234,703,146,0,0.6239316239316239,0.0,,zero_contrast
MP00007,typical_normal,Typical normal,zero_uncommon_and_zero_hybrid_labels,Curvature_Geometry,Curvature_Geometry__x__Spatial_Reach_and_Route,2,234,703,137,0,0.5854700854700855,0.0,,zero_contrast
MP00007,typical_normal,Typical normal,zero_uncommon_and_zero_hybrid_labels,Curvature_Geometry,Curvature_Geometry__x__Speed_Dynamics,2,234,703,137,0,0.5854700854700855,0.0,,zero_contrast
MP00007,typical_normal,Typical normal,zero_uncommon_and_zero_hybrid_labels,Curvature_Geometry,Curvature_Geometry__x__Turning_Dynamics,2,234,703,137,0,0.5854700854700855,0.0,,zero_contrast
MP00007,typical_normal,Typical normal,zero_uncommon_and_zero_hybrid_labels,Curvature_Geometry,Acceleration_Dynamics__x__Curvature_Geometry,2,234,703,0,0,0.0,0.0,,zero_both
MP00008,matched_non_pattern,Matched non-pattern,nearest_nonpattern_rows_by_total_uncommon_hybrid_and_pattern_evidence,Speed_Dynamics,Speed_Dynamics__x__Turning_Dynamics,1,220,220,124,48,0.5636363636363636,0.21818181818181817,2.5833333333333335,finite
MP00008,matched_non_pattern,Matched non-pattern,nearest_nonpattern_rows_by_total_uncommon_hybrid_and_pattern_evidence,Speed_Dynamics,Curvature_Geometry__x__Speed_Dynamics,1,220,220,122,51,0.5545454545454546,0.2318181818181818,2.392156862745098,finite
MP00008,matched_non_pattern,Matched non-pattern,nearest_nonpattern_rows_by_total_uncommon_hybrid_and_pattern_evidence,Speed_Dynamics,Acceleration_Dynamics__x__Speed_Dynamics,1,220,220,94,45,0.42727272727272725,0.20454545454545456,2.0888888888888886,finite
MP00008,matched_non_pattern,Matched non-pattern,nearest_nonpattern_rows_by_total_uncommon_hybrid_and_pattern_evidence,Speed_Dynamics,Spatial_Reach_and_Route__x__Speed_Dynamics,1,220,220,87,52,0.39545454545454545,0.23636363636363636,1.6730769230769231,finite
MP00008,matched_non_pattern,Matched non-pattern,nearest_nonpattern_rows_by_total_uncommon_hybrid_and_pattern_evidence,Speed_Dynamics,Speed_Dynamics__x__Temporal_Sequential_Context,1,220,220,0,73,0.0,0.33181818181818185,0.0,finite
MP00008,matched_non_pattern,Matched non-pattern,nearest_nonpattern_rows_by_total_uncommon_hybrid_and_pattern_evidence,Temporal_Sequential_Context,Temporal_Sequential_Context__x__Turning_Dynamics,2,220,220,141,46,0.6409090909090909,0.20909090909090908,3.0652173913043477,finite
MP00008,matched_non_pattern,Matched non-pattern,nearest_nonpattern_rows_by_total_uncommon_hybrid_and_pattern_evidence,Temporal_Sequential_Context,Curvature_Geometry__x__Temporal_Sequential_Context,2,220,220,138,46,0.6272727272727273,0.20909090909090908,3.0000000000000004,finite
MP00008,matched_non_pattern,Matched non-pattern,nearest_nonpattern_rows_by_total_uncommon_hybrid_and_pattern_evidence,Temporal_Sequential_Context,Spatial_Reach_and_Route__x__Temporal_Sequential_Context,2,220,220,119,39,0.5409090909090909,0.17727272727272728,3.051282051282051,finite
MP00008,matched_non_pattern,Matched non-pattern,nearest_nonpattern_rows_by_total_uncommon_hybrid_and_pattern_evidence,Temporal_Sequential_Context,Acceleration_Dynamics__x__Temporal_Sequential_Context,2,220,220,112,44,0.509090909090909,0.2,2.545454545454545,finite
MP00008,matched_non_pattern,Matched non-pattern,nearest_nonpattern_rows_by_total_uncommon_hybrid_and_pattern_evidence,Temporal_Sequential_Context,Speed_Dynamics__x__Temporal_Sequential_Context,2,220,220,0,61,0.0,0.2772727272727273,0.0,finite
MP00008,near_miss,Near miss,one_missing_uncommonness_count,Speed_Dynamics,Speed_Dynamics__x__Turning_Dynamics,1,220,831,124,124,0.5636363636363636,0.14921780986762936,3.777272727272727,finite
MP00008,near_miss,Near miss,one_missing_uncommonness_count,Speed_Dynamics,Curvature_Geometry__x__Speed_Dynamics,1,220,831,122,107,0.5545454545454546,0.12876052948255115,4.306796941376381,finite
MP00008,near_miss,Near miss,one_missing_uncommonness_count,Speed_Dynamics,Acceleration_Dynamics__x__Speed_Dynamics,1,220,831,94,73,0.42727272727272725,0.08784596871239471,4.863885429638854,finite
MP00008,near_miss,Near miss,one_missing_uncommonness_count,Speed_Dynamics,Spatial_Reach_and_Route__x__Speed_Dynamics,1,220,831,87,64,0.39545454545454545,0.07701564380264742,5.134730113636364,finite
MP00008,near_miss,Near miss,one_missing_uncommonness_count,Speed_Dynamics,Speed_Dynamics__x__Temporal_Sequential_Context,1,220,831,0,0,0.0,0.0,,zero_both
MP00008,near_miss,Near miss,one_missing_uncommonness_count,Temporal_Sequential_Context,Temporal_Sequential_Context__x__Turning_Dynamics,2,220,831,141,371,0.6409090909090909,0.4464500601684717,1.4355672629257534,finite
MP00008,near_miss,Near miss,one_missing_uncommonness_count,Temporal_Sequential_Context,Curvature_Geometry__x__Temporal_Sequential_Context,2,220,831,138,343,0.6272727272727273,0.4127557160048135,1.5197190564537504,finite
MP00008,near_miss,Near miss,one_missing_uncommonness_count,Temporal_Sequential_Context,Spatial_Reach_and_Route__x__Temporal_Sequential_Context,2,220,831,119,305,0.5409090909090909,0.36702767749699156,1.4737555886736216,finite
MP00008,near_miss,Near miss,one_missing_uncommonness_count,Temporal_Sequential_Context,Acceleration_Dynamics__x__Temporal_Sequential_Context,2,220,831,112,305,0.509090909090909,0.36702767749699156,1.387064083457526,finite
MP00008,near_miss,Near miss,one_missing_uncommonness_count,Temporal_Sequential_Context,Speed_Dynamics__x__Temporal_Sequential_Context,2,220,831,0,351,0.0,0.4223826714801444,0.0,finite
MP00008,typical_normal,Typical normal,zero_uncommon_and_zero_hybrid_labels,Speed_Dynamics,Speed_Dynamics__x__Turning_Dynamics,1,220,703,124,0,0.5636363636363636,0.0,,zero_contrast
MP00008,typical_normal,Typical normal,zero_uncommon_and_zero_hybrid_labels,Speed_Dynamics,Curvature_Geometry__x__Speed_Dynamics,1,220,703,122,0,0.5545454545454546,0.0,,zero_contrast
MP00008,typical_normal,Typical normal,zero_uncommon_and_zero_hybrid_labels,Speed_Dynamics,Acceleration_Dynamics__x__Speed_Dynamics,1,220,703,94,0,0.42727272727272725,0.0,,zero_contrast
MP00008,typical_normal,Typical normal,zero_uncommon_and_zero_hybrid_labels,Speed_Dynamics,Spatial_Reach_and_Route__x__Speed_Dynamics,1,220,703,87,0,0.39545454545454545,0.0,,zero_contrast
MP00008,typical_normal,Typical normal,zero_uncommon_and_zero_hybrid_labels,Speed_Dynamics,Speed_Dynamics__x__Temporal_Sequential_Context,1,220,703,0,0,0.0,0.0,,zero_both
MP00008,typical_normal,Typical normal,zero_uncommon_and_zero_hybrid_labels,Temporal_Sequential_Context,Temporal_Sequential_Context__x__Turning_Dynamics,2,220,703,141,0,0.6409090909090909,0.0,,zero_contrast
MP00008,typical_normal,Typical normal,zero_uncommon_and_zero_hybrid_labels,Temporal_Sequential_Context,Curvature_Geometry__x__Temporal_Sequential_Context,2,220,703,138,0,0.6272727272727273,0.0,,zero_contrast
MP00008,typical_normal,Typical normal,zero_uncommon_and_zero_hybrid_labels,Temporal_Sequential_Context,Spatial_Reach_and_Route__x__Temporal_Sequential_Context,2,220,703,119,0,0.5409090909090909,0.0,,zero_contrast
MP00008,typical_normal,Typical normal,zero_uncommon_and_zero_hybrid_labels,Temporal_Sequential_Context,Acceleration_Dynamics__x__Temporal_Sequential_Context,2,220,703,112,0,0.509090909090909,0.0,,zero_contrast
MP00008,typical_normal,Typical normal,zero_uncommon_and_zero_hybrid_labels,Temporal_Sequential_Context,Speed_Dynamics__x__Temporal_Sequential_Context,2,220,703,0,0,0.0,0.0,,zero_both
MP00009,matched_non_pattern,Matched non-pattern,nearest_nonpattern_rows_by_total_uncommon_hybrid_and_pattern_evidence,Spatial_Reach_and_Route,Spatial_Reach_and_Route__x__Turning_Dynamics,1,215,215,138,54,0.641860465116279,0.25116279069767444,2.5555555555555554,finite
MP00009,matched_non_pattern,Matched non-pattern,nearest_nonpattern_rows_by_total_uncommon_hybrid_and_pattern_evidence,Spatial_Reach_and_Route,Curvature_Geometry__x__Spatial_Reach_and_Route,1,215,215,117,47,0.5441860465116279,0.2186046511627907,2.4893617021276597,finite
MP00009,matched_non_pattern,Matched non-pattern,nearest_nonpattern_rows_by_total_uncommon_hybrid_and_pattern_evidence,Spatial_Reach_and_Route,Acceleration_Dynamics__x__Spatial_Reach_and_Route,1,215,215,86,43,0.4,0.2,2.0,finite
MP00009,matched_non_pattern,Matched non-pattern,nearest_nonpattern_rows_by_total_uncommon_hybrid_and_pattern_evidence,Spatial_Reach_and_Route,Spatial_Reach_and_Route__x__Speed_Dynamics,1,215,215,75,41,0.3488372093023256,0.19069767441860466,1.8292682926829267,finite
MP00009,matched_non_pattern,Matched non-pattern,nearest_nonpattern_rows_by_total_uncommon_hybrid_and_pattern_evidence,Spatial_Reach_and_Route,Spatial_Reach_and_Route__x__Temporal_Sequential_Context,1,215,215,0,63,0.0,0.2930232558139535,0.0,finite
MP00009,matched_non_pattern,Matched non-pattern,nearest_nonpattern_rows_by_total_uncommon_hybrid_and_pattern_evidence,Temporal_Sequential_Context,Temporal_Sequential_Context__x__Turning_Dynamics,2,215,215,161,43,0.7488372093023256,0.2,3.7441860465116275,finite
MP00009,matched_non_pattern,Matched non-pattern,nearest_nonpattern_rows_by_total_uncommon_hybrid_and_pattern_evidence,Temporal_Sequential_Context,Curvature_Geometry__x__Temporal_Sequential_Context,2,215,215,133,45,0.6186046511627907,0.20930232558139536,2.9555555555555557,finite
MP00009,matched_non_pattern,Matched non-pattern,nearest_nonpattern_rows_by_total_uncommon_hybrid_and_pattern_evidence,Temporal_Sequential_Context,Acceleration_Dynamics__x__Temporal_Sequential_Context,2,215,215,106,47,0.4930232558139535,0.2186046511627907,2.25531914893617,finite
MP00009,matched_non_pattern,Matched non-pattern,nearest_nonpattern_rows_by_total_uncommon_hybrid_and_pattern_evidence,Temporal_Sequential_Context,Speed_Dynamics__x__Temporal_Sequential_Context,2,215,215,97,48,0.4511627906976744,0.22325581395348837,2.0208333333333335,finite
MP00009,matched_non_pattern,Matched non-pattern,nearest_nonpattern_rows_by_total_uncommon_hybrid_and_pattern_evidence,Temporal_Sequential_Context,Spatial_Reach_and_Route__x__Temporal_Sequential_Context,2,215,215,0,69,0.0,0.3209302325581395,0.0,finite
MP00009,near_miss,Near miss,one_missing_uncommonness_count,Spatial_Reach_and_Route,Spatial_Reach_and_Route__x__Turning_Dynamics,1,215,868,138,154,0.641860465116279,0.1774193548387097,3.617758985200845,finite
MP00009,near_miss,Near miss,one_missing_uncommonness_count,Spatial_Reach_and_Route,Curvature_Geometry__x__Spatial_Reach_and_Route,1,215,868,117,135,0.5441860465116279,0.15552995391705068,3.498914728682171,finite
MP00009,near_miss,Near miss,one_missing_uncommonness_count,Spatial_Reach_and_Route,Acceleration_Dynamics__x__Spatial_Reach_and_Route,1,215,868,86,56,0.4,0.06451612903225806,6.2,finite
MP00009,near_miss,Near miss,one_missing_uncommonness_count,Spatial_Reach_and_Route,Spatial_Reach_and_Route__x__Speed_Dynamics,1,215,868,75,71,0.3488372093023256,0.08179723502304148,4.264657713724206,finite
MP00009,near_miss,Near miss,one_missing_uncommonness_count,Spatial_Reach_and_Route,Spatial_Reach_and_Route__x__Temporal_Sequential_Context,1,215,868,0,0,0.0,0.0,,zero_both
MP00009,near_miss,Near miss,one_missing_uncommonness_count,Temporal_Sequential_Context,Temporal_Sequential_Context__x__Turning_Dynamics,2,215,868,161,378,0.7488372093023256,0.43548387096774194,1.7195521102497846,finite
MP00009,near_miss,Near miss,one_missing_uncommonness_count,Temporal_Sequential_Context,Curvature_Geometry__x__Temporal_Sequential_Context,2,215,868,133,367,0.6186046511627907,0.4228110599078341,1.463075850706546,finite
MP00009,near_miss,Near miss,one_missing_uncommonness_count,Temporal_Sequential_Context,Acceleration_Dynamics__x__Temporal_Sequential_Context,2,215,868,106,296,0.4930232558139535,0.34101382488479265,1.445757385292269,finite
MP00009,near_miss,Near miss,one_missing_uncommonness_count,Temporal_Sequential_Context,Speed_Dynamics__x__Temporal_Sequential_Context,2,215,868,97,305,0.4511627906976744,0.3513824884792627,1.2839649256576438,finite
MP00009,near_miss,Near miss,one_missing_uncommonness_count,Temporal_Sequential_Context,Spatial_Reach_and_Route__x__Temporal_Sequential_Context,2,215,868,0,374,0.0,0.4308755760368664,0.0,finite
MP00009,typical_normal,Typical normal,zero_uncommon_and_zero_hybrid_labels,Spatial_Reach_and_Route,Spatial_Reach_and_Route__x__Turning_Dynamics,1,215,703,138,0,0.641860465116279,0.0,,zero_contrast
MP00009,typical_normal,Typical normal,zero_uncommon_and_zero_hybrid_labels,Spatial_Reach_and_Route,Curvature_Geometry__x__Spatial_Reach_and_Route,1,215,703,117,0,0.5441860465116279,0.0,,zero_contrast
MP00009,typical_normal,Typical normal,zero_uncommon_and_zero_hybrid_labels,Spatial_Reach_and_Route,Acceleration_Dynamics__x__Spatial_Reach_and_Route,1,215,703,86,0,0.4,0.0,,zero_contrast
MP00009,typical_normal,Typical normal,zero_uncommon_and_zero_hybrid_labels,Spatial_Reach_and_Route,Spatial_Reach_and_Route__x__Speed_Dynamics,1,215,703,75,0,0.3488372093023256,0.0,,zero_contrast
MP00009,typical_normal,Typical normal,zero_uncommon_and_zero_hybrid_labels,Spatial_Reach_and_Route,Spatial_Reach_and_Route__x__Temporal_Sequential_Context,1,215,703,0,0,0.0,0.0,,zero_both
MP00009,typical_normal,Typical normal,zero_uncommon_and_zero_hybrid_labels,Temporal_Sequential_Context,Temporal_Sequential_Context__x__Turning_Dynamics,2,215,703,161,0,0.7488372093023256,0.0,,zero_contrast
MP00009,typical_normal,Typical normal,zero_uncommon_and_zero_hybrid_labels,Temporal_Sequential_Context,Curvature_Geometry__x__Temporal_Sequential_Context,2,215,703,133,0,0.6186046511627907,0.0,,zero_contrast
MP00009,typical_normal,Typical normal,zero_uncommon_and_zero_hybrid_labels,Temporal_Sequential_Context,Acceleration_Dynamics__x__Temporal_Sequential_Context,2,215,703,106,0,0.4930232558139535,0.0,,zero_contrast
MP00009,typical_normal,Typical normal,zero_uncommon_and_zero_hybrid_labels,Temporal_Sequential_Context,Speed_Dynamics__x__Temporal_Sequential_Context,2,215,703,97,0,0.4511627906976744,0.0,,zero_contrast
MP00009,typical_normal,Typical normal,zero_uncommon_and_zero_hybrid_labels,Temporal_Sequential_Context,Spatial_Reach_and_Route__x__Temporal_Sequential_Context,2,215,703,0,0,0.0,0.0,,zero_both
MP00010,matched_non_pattern,Matched non-pattern,nearest_nonpattern_rows_by_total_uncommon_hybrid_and_pattern_evidence,Acceleration_Dynamics,Acceleration_Dynamics__x__Turning_Dynamics,2,273,273,165,53,0.6043956043956044,0.19413919413919414,3.113207547169811,finite
MP00010,matched_non_pattern,Matched non-pattern,nearest_nonpattern_rows_by_total_uncommon_hybrid_and_pattern_evidence,Acceleration_Dynamics,Acceleration_Dynamics__x__Curvature_Geometry,2,273,273,158,49,0.5787545787545788,0.1794871794871795,3.224489795918368,finite
MP00010,matched_non_pattern,Matched non-pattern,nearest_nonpattern_rows_by_total_uncommon_hybrid_and_pattern_evidence,Acceleration_Dynamics,Acceleration_Dynamics__x__Temporal_Sequential_Context,2,273,273,154,33,0.5641025641025641,0.12087912087912088,4.666666666666667,finite
MP00010,matched_non_pattern,Matched non-pattern,nearest_nonpattern_rows_by_total_uncommon_hybrid_and_pattern_evidence,Acceleration_Dynamics,Acceleration_Dynamics__x__Spatial_Reach_and_Route,2,273,273,147,30,0.5384615384615384,0.10989010989010989,4.8999999999999995,finite
MP00010,matched_non_pattern,Matched non-pattern,nearest_nonpattern_rows_by_total_uncommon_hybrid_and_pattern_evidence,Acceleration_Dynamics,Acceleration_Dynamics__x__Speed_Dynamics,2,273,273,0,63,0.0,0.23076923076923078,0.0,finite
MP00010,matched_non_pattern,Matched non-pattern,nearest_nonpattern_rows_by_total_uncommon_hybrid_and_pattern_evidence,Speed_Dynamics,Speed_Dynamics__x__Turning_Dynamics,1,273,273,143,55,0.5238095238095238,0.20146520146520147,2.6,finite
MP00010,matched_non_pattern,Matched non-pattern,nearest_nonpattern_rows_by_total_uncommon_hybrid_and_pattern_evidence,Speed_Dynamics,Curvature_Geometry__x__Speed_Dynamics,1,273,273,134,60,0.4908424908424908,0.21978021978021978,2.2333333333333334,finite
MP00010,matched_non_pattern,Matched non-pattern,nearest_nonpattern_rows_by_total_uncommon_hybrid_and_pattern_evidence,Speed_Dynamics,Speed_Dynamics__x__Temporal_Sequential_Context,1,273,273,131,56,0.47985347985347987,0.20512820512820512,2.3392857142857144,finite
MP00010,matched_non_pattern,Matched non-pattern,nearest_nonpattern_rows_by_total_uncommon_hybrid_and_pattern_evidence,Speed_Dynamics,Spatial_Reach_and_Route__x__Speed_Dynamics,1,273,273,121,50,0.4432234432234432,0.18315018315018314,2.42,finite
MP00010,matched_non_pattern,Matched non-pattern,nearest_nonpattern_rows_by_total_uncommon_hybrid_and_pattern_evidence,Speed_Dynamics,Acceleration_Dynamics__x__Speed_Dynamics,1,273,273,0,79,0.0,0.2893772893772894,0.0,finite
MP00010,near_miss,Near miss,one_missing_uncommonness_count,Acceleration_Dynamics,Acceleration_Dynamics__x__Turning_Dynamics,2,273,773,165,340,0.6043956043956044,0.4398447606727037,1.3741111829347123,finite
MP00010,near_miss,Near miss,one_missing_uncommonness_count,Acceleration_Dynamics,Acceleration_Dynamics__x__Curvature_Geometry,2,273,773,158,312,0.5787545787545788,0.4036222509702458,1.4339015685169534,finite
MP00010,near_miss,Near miss,one_missing_uncommonness_count,Acceleration_Dynamics,Acceleration_Dynamics__x__Temporal_Sequential_Context,2,273,773,154,259,0.5641025641025641,0.3350582147477361,1.6835956835956836,finite
MP00010,near_miss,Near miss,one_missing_uncommonness_count,Acceleration_Dynamics,Acceleration_Dynamics__x__Spatial_Reach_and_Route,2,273,773,147,250,0.5384615384615384,0.32341526520051744,1.664923076923077,finite
MP00010,near_miss,Near miss,one_missing_uncommonness_count,Acceleration_Dynamics,Acceleration_Dynamics__x__Speed_Dynamics,2,273,773,0,325,0.0,0.4204398447606727,0.0,finite
MP00010,near_miss,Near miss,one_missing_uncommonness_count,Speed_Dynamics,Speed_Dynamics__x__Turning_Dynamics,1,273,773,143,138,0.5238095238095238,0.17852522639068563,2.9340924775707387,finite
MP00010,near_miss,Near miss,one_missing_uncommonness_count,Speed_Dynamics,Curvature_Geometry__x__Speed_Dynamics,1,273,773,134,112,0.4908424908424908,0.1448900388098318,3.38768969126112,finite
MP00010,near_miss,Near miss,one_missing_uncommonness_count,Speed_Dynamics,Speed_Dynamics__x__Temporal_Sequential_Context,1,273,773,131,101,0.47985347985347987,0.13065976714100905,3.672541979472673,finite
MP00010,near_miss,Near miss,one_missing_uncommonness_count,Speed_Dynamics,Spatial_Reach_and_Route__x__Speed_Dynamics,1,273,773,121,57,0.4432234432234432,0.07373868046571798,6.010731958100379,finite
MP00010,near_miss,Near miss,one_missing_uncommonness_count,Speed_Dynamics,Acceleration_Dynamics__x__Speed_Dynamics,1,273,773,0,0,0.0,0.0,,zero_both
MP00010,typical_normal,Typical normal,zero_uncommon_and_zero_hybrid_labels,Acceleration_Dynamics,Acceleration_Dynamics__x__Turning_Dynamics,2,273,703,165,0,0.6043956043956044,0.0,,zero_contrast
MP00010,typical_normal,Typical normal,zero_uncommon_and_zero_hybrid_labels,Acceleration_Dynamics,Acceleration_Dynamics__x__Curvature_Geometry,2,273,703,158,0,0.5787545787545788,0.0,,zero_contrast
MP00010,typical_normal,Typical normal,zero_uncommon_and_zero_hybrid_labels,Acceleration_Dynamics,Acceleration_Dynamics__x__Temporal_Sequential_Context,2,273,703,154,0,0.5641025641025641,0.0,,zero_contrast
MP00010,typical_normal,Typical normal,zero_uncommon_and_zero_hybrid_labels,Acceleration_Dynamics,Acceleration_Dynamics__x__Spatial_Reach_and_Route,2,273,703,147,0,0.5384615384615384,0.0,,zero_contrast
MP00010,typical_normal,Typical normal,zero_uncommon_and_zero_hybrid_labels,Acceleration_Dynamics,Acceleration_Dynamics__x__Speed_Dynamics,2,273,703,0,0,0.0,0.0,,zero_both
MP00010,typical_normal,Typical normal,zero_uncommon_and_zero_hybrid_labels,Speed_Dynamics,Speed_Dynamics__x__Turning_Dynamics,1,273,703,143,0,0.5238095238095238,0.0,,zero_contrast
MP00010,typical_normal,Typical normal,zero_uncommon_and_zero_hybrid_labels,Speed_Dynamics,Curvature_Geometry__x__Speed_Dynamics,1,273,703,134,0,0.4908424908424908,0.0,,zero_contrast
MP00010,typical_normal,Typical normal,zero_uncommon_and_zero_hybrid_labels,Speed_Dynamics,Speed_Dynamics__x__Temporal_Sequential_Context,1,273,703,131,0,0.47985347985347987,0.0,,zero_contrast
MP00010,typical_normal,Typical normal,zero_uncommon_and_zero_hybrid_labels,Speed_Dynamics,Spatial_Reach_and_Route__x__Speed_Dynamics,1,273,703,121,0,0.4432234432234432,0.0,,zero_contrast
MP00010,typical_normal,Typical normal,zero_uncommon_and_zero_hybrid_labels,Speed_Dynamics,Acceleration_Dynamics__x__Speed_Dynamics,1,273,703,0,0,0.0,0.0,,zero_both
MP00011,matched_non_pattern,Matched non-pattern,nearest_nonpattern_rows_by_total_uncommon_hybrid_and_pattern_evidence,Acceleration_Dynamics,Acceleration_Dynamics__x__Turning_Dynamics,2,237,237,157,44,0.6624472573839663,0.18565400843881857,3.568181818181818,finite
MP00011,matched_non_pattern,Matched non-pattern,nearest_nonpattern_rows_by_total_uncommon_hybrid_and_pattern_evidence,Acceleration_Dynamics,Acceleration_Dynamics__x__Curvature_Geometry,2,237,237,154,38,0.6497890295358649,0.16033755274261605,4.052631578947368,finite
MP00011,matched_non_pattern,Matched non-pattern,nearest_nonpattern_rows_by_total_uncommon_hybrid_and_pattern_evidence,Acceleration_Dynamics,Acceleration_Dynamics__x__Spatial_Reach_and_Route,2,237,237,120,44,0.5063291139240507,0.18565400843881857,2.7272727272727275,finite
MP00011,matched_non_pattern,Matched non-pattern,nearest_nonpattern_rows_by_total_uncommon_hybrid_and_pattern_evidence,Acceleration_Dynamics,Acceleration_Dynamics__x__Speed_Dynamics,2,237,237,113,41,0.4767932489451477,0.1729957805907173,2.75609756097561,finite
MP00011,matched_non_pattern,Matched non-pattern,nearest_nonpattern_rows_by_total_uncommon_hybrid_and_pattern_evidence,Acceleration_Dynamics,Acceleration_Dynamics__x__Temporal_Sequential_Context,2,237,237,0,78,0.0,0.3291139240506329,0.0,finite
MP00011,matched_non_pattern,Matched non-pattern,nearest_nonpattern_rows_by_total_uncommon_hybrid_and_pattern_evidence,Temporal_Sequential_Context,Curvature_Geometry__x__Temporal_Sequential_Context,1,237,237,142,25,0.5991561181434599,0.10548523206751055,5.68,finite
MP00011,matched_non_pattern,Matched non-pattern,nearest_nonpattern_rows_by_total_uncommon_hybrid_and_pattern_evidence,Temporal_Sequential_Context,Temporal_Sequential_Context__x__Turning_Dynamics,1,237,237,132,30,0.5569620253164557,0.12658227848101267,4.3999999999999995,finite
MP00011,matched_non_pattern,Matched non-pattern,nearest_nonpattern_rows_by_total_uncommon_hybrid_and_pattern_evidence,Temporal_Sequential_Context,Spatial_Reach_and_Route__x__Temporal_Sequential_Context,1,237,237,105,32,0.4430379746835443,0.1350210970464135,3.28125,finite
MP00011,matched_non_pattern,Matched non-pattern,nearest_nonpattern_rows_by_total_uncommon_hybrid_and_pattern_evidence,Temporal_Sequential_Context,Speed_Dynamics__x__Temporal_Sequential_Context,1,237,237,98,33,0.41350210970464135,0.13924050632911392,2.9696969696969697,finite
MP00011,matched_non_pattern,Matched non-pattern,nearest_nonpattern_rows_by_total_uncommon_hybrid_and_pattern_evidence,Temporal_Sequential_Context,Acceleration_Dynamics__x__Temporal_Sequential_Context,1,237,237,0,51,0.0,0.21518987341772153,0.0,finite
MP00011,near_miss,Near miss,one_missing_uncommonness_count,Acceleration_Dynamics,Acceleration_Dynamics__x__Turning_Dynamics,2,237,804,157,349,0.6624472573839663,0.43407960199004975,1.5260962605636357,finite
MP00011,near_miss,Near miss,one_missing_uncommonness_count,Acceleration_Dynamics,Acceleration_Dynamics__x__Curvature_Geometry,2,237,804,154,325,0.6497890295358649,0.40422885572139305,1.6074780915287243,finite
MP00011,near_miss,Near miss,one_missing_uncommonness_count,Acceleration_Dynamics,Acceleration_Dynamics__x__Spatial_Reach_and_Route,2,237,804,120,273,0.5063291139240507,0.33955223880597013,1.4911670607873142,finite
MP00011,near_miss,Near miss,one_missing_uncommonness_count,Acceleration_Dynamics,Acceleration_Dynamics__x__Speed_Dynamics,2,237,804,113,275,0.4767932489451477,0.3420398009950249,1.393970080552359,finite
MP00011,near_miss,Near miss,one_missing_uncommonness_count,Acceleration_Dynamics,Acceleration_Dynamics__x__Temporal_Sequential_Context,2,237,804,0,339,0.0,0.4216417910447761,0.0,finite
MP00011,near_miss,Near miss,one_missing_uncommonness_count,Temporal_Sequential_Context,Curvature_Geometry__x__Temporal_Sequential_Context,1,237,804,142,112,0.5991561181434599,0.13930348258706468,4.301084990958409,finite
MP00011,near_miss,Near miss,one_missing_uncommonness_count,Temporal_Sequential_Context,Temporal_Sequential_Context__x__Turning_Dynamics,1,237,804,132,139,0.5569620253164557,0.17288557213930347,3.22156452053547,finite
MP00011,near_miss,Near miss,one_missing_uncommonness_count,Temporal_Sequential_Context,Spatial_Reach_and_Route__x__Temporal_Sequential_Context,1,237,804,105,53,0.4430379746835443,0.06592039800995025,6.720802483878671,finite
MP00011,near_miss,Near miss,one_missing_uncommonness_count,Temporal_Sequential_Context,Speed_Dynamics__x__Temporal_Sequential_Context,1,237,804,98,75,0.41350210970464135,0.09328358208955224,4.432742616033755,finite
MP00011,near_miss,Near miss,one_missing_uncommonness_count,Temporal_Sequential_Context,Acceleration_Dynamics__x__Temporal_Sequential_Context,1,237,804,0,0,0.0,0.0,,zero_both
MP00011,typical_normal,Typical normal,zero_uncommon_and_zero_hybrid_labels,Acceleration_Dynamics,Acceleration_Dynamics__x__Turning_Dynamics,2,237,703,157,0,0.6624472573839663,0.0,,zero_contrast
MP00011,typical_normal,Typical normal,zero_uncommon_and_zero_hybrid_labels,Acceleration_Dynamics,Acceleration_Dynamics__x__Curvature_Geometry,2,237,703,154,0,0.6497890295358649,0.0,,zero_contrast
MP00011,typical_normal,Typical normal,zero_uncommon_and_zero_hybrid_labels,Acceleration_Dynamics,Acceleration_Dynamics__x__Spatial_Reach_and_Route,2,237,703,120,0,0.5063291139240507,0.0,,zero_contrast
MP00011,typical_normal,Typical normal,zero_uncommon_and_zero_hybrid_labels,Acceleration_Dynamics,Acceleration_Dynamics__x__Speed_Dynamics,2,237,703,113,0,0.4767932489451477,0.0,,zero_contrast
MP00011,typical_normal,Typical normal,zero_uncommon_and_zero_hybrid_labels,Acceleration_Dynamics,Acceleration_Dynamics__x__Temporal_Sequential_Context,2,237,703,0,0,0.0,0.0,,zero_both
MP00011,typical_normal,Typical normal,zero_uncommon_and_zero_hybrid_labels,Temporal_Sequential_Context,Curvature_Geometry__x__Temporal_Sequential_Context,1,237,703,142,0,0.5991561181434599,0.0,,zero_contrast
MP00011,typical_normal,Typical normal,zero_uncommon_and_zero_hybrid_labels,Temporal_Sequential_Context,Temporal_Sequential_Context__x__Turning_Dynamics,1,237,703,132,0,0.5569620253164557,0.0,,zero_contrast
MP00011,typical_normal,Typical normal,zero_uncommon_and_zero_hybrid_labels,Temporal_Sequential_Context,Spatial_Reach_and_Route__x__Temporal_Sequential_Context,1,237,703,105,0,0.4430379746835443,0.0,,zero_contrast
MP00011,typical_normal,Typical normal,zero_uncommon_and_zero_hybrid_labels,Temporal_Sequential_Context,Speed_Dynamics__x__Temporal_Sequential_Context,1,237,703,98,0,0.41350210970464135,0.0,,zero_contrast
MP00011,typical_normal,Typical normal,zero_uncommon_and_zero_hybrid_labels,Temporal_Sequential_Context,Acceleration_Dynamics__x__Temporal_Sequential_Context,1,237,703,0,0,0.0,0.0,,zero_both
MP00012,matched_non_pattern,Matched non-pattern,nearest_nonpattern_rows_by_total_uncommon_hybrid_and_pattern_evidence,Acceleration_Dynamics,Acceleration_Dynamics__x__Turning_Dynamics,1,251,251,135,65,0.5378486055776892,0.2589641434262948,2.0769230769230766,finite
MP00012,matched_non_pattern,Matched non-pattern,nearest_nonpattern_rows_by_total_uncommon_hybrid_and_pattern_evidence,Acceleration_Dynamics,Acceleration_Dynamics__x__Curvature_Geometry,1,251,251,128,63,0.5099601593625498,0.250996015936255,2.0317460317460316,finite
MP00012,matched_non_pattern,Matched non-pattern,nearest_nonpattern_rows_by_total_uncommon_hybrid_and_pattern_evidence,Acceleration_Dynamics,Acceleration_Dynamics__x__Temporal_Sequential_Context,1,251,251,124,46,0.4940239043824701,0.18326693227091634,2.6956521739130435,finite
MP00012,matched_non_pattern,Matched non-pattern,nearest_nonpattern_rows_by_total_uncommon_hybrid_and_pattern_evidence,Acceleration_Dynamics,Acceleration_Dynamics__x__Spatial_Reach_and_Route,1,251,251,112,42,0.44621513944223107,0.16733067729083664,2.666666666666667,finite
MP00012,matched_non_pattern,Matched non-pattern,nearest_nonpattern_rows_by_total_uncommon_hybrid_and_pattern_evidence,Acceleration_Dynamics,Acceleration_Dynamics__x__Speed_Dynamics,1,251,251,0,63,0.0,0.250996015936255,0.0,finite
MP00012,matched_non_pattern,Matched non-pattern,nearest_nonpattern_rows_by_total_uncommon_hybrid_and_pattern_evidence,Speed_Dynamics,Speed_Dynamics__x__Turning_Dynamics,2,251,251,157,54,0.6254980079681275,0.2151394422310757,2.9074074074074074,finite
MP00012,matched_non_pattern,Matched non-pattern,nearest_nonpattern_rows_by_total_uncommon_hybrid_and_pattern_evidence,Speed_Dynamics,Curvature_Geometry__x__Speed_Dynamics,2,251,251,154,65,0.6135458167330677,0.2589641434262948,2.3692307692307693,finite
MP00012,matched_non_pattern,Matched non-pattern,nearest_nonpattern_rows_by_total_uncommon_hybrid_and_pattern_evidence,Speed_Dynamics,Speed_Dynamics__x__Temporal_Sequential_Context,2,251,251,153,55,0.6095617529880478,0.21912350597609562,2.7818181818181817,finite
MP00012,matched_non_pattern,Matched non-pattern,nearest_nonpattern_rows_by_total_uncommon_hybrid_and_pattern_evidence,Speed_Dynamics,Spatial_Reach_and_Route__x__Speed_Dynamics,2,251,251,128,53,0.5099601593625498,0.21115537848605578,2.4150943396226414,finite
MP00012,matched_non_pattern,Matched non-pattern,nearest_nonpattern_rows_by_total_uncommon_hybrid_and_pattern_evidence,Speed_Dynamics,Acceleration_Dynamics__x__Speed_Dynamics,2,251,251,0,79,0.0,0.3147410358565737,0.0,finite
MP00012,near_miss,Near miss,one_missing_uncommonness_count,Acceleration_Dynamics,Acceleration_Dynamics__x__Turning_Dynamics,1,251,822,135,148,0.5378486055776892,0.18004866180048662,2.9872402282760846,finite
MP00012,near_miss,Near miss,one_missing_uncommonness_count,Acceleration_Dynamics,Acceleration_Dynamics__x__Curvature_Geometry,1,251,822,128,119,0.5099601593625498,0.14476885644768855,3.5225819411429913,finite
MP00012,near_miss,Near miss,one_missing_uncommonness_count,Acceleration_Dynamics,Acceleration_Dynamics__x__Temporal_Sequential_Context,1,251,822,124,104,0.4940239043824701,0.12652068126520682,3.9046889365614463,finite
MP00012,near_miss,Near miss,one_missing_uncommonness_count,Acceleration_Dynamics,Acceleration_Dynamics__x__Spatial_Reach_and_Route,1,251,822,112,77,0.44621513944223107,0.09367396593673966,4.76349148859109,finite
MP00012,near_miss,Near miss,one_missing_uncommonness_count,Acceleration_Dynamics,Acceleration_Dynamics__x__Speed_Dynamics,1,251,822,0,0,0.0,0.0,,zero_both
MP00012,near_miss,Near miss,one_missing_uncommonness_count,Speed_Dynamics,Speed_Dynamics__x__Turning_Dynamics,2,251,822,157,339,0.6254980079681275,0.4124087591240876,1.5166942848076719,finite
MP00012,near_miss,Near miss,one_missing_uncommonness_count,Speed_Dynamics,Curvature_Geometry__x__Speed_Dynamics,2,251,822,154,320,0.6135458167330677,0.38929440389294406,1.5760458167330678,finite
MP00012,near_miss,Near miss,one_missing_uncommonness_count,Speed_Dynamics,Speed_Dynamics__x__Temporal_Sequential_Context,2,251,822,153,314,0.6095617529880478,0.3819951338199513,1.5957317227903673,finite
MP00012,near_miss,Near miss,one_missing_uncommonness_count,Speed_Dynamics,Spatial_Reach_and_Route__x__Speed_Dynamics,2,251,822,128,284,0.5099601593625498,0.34549878345498786,1.4760114471690702,finite
MP00012,near_miss,Near miss,one_missing_uncommonness_count,Speed_Dynamics,Acceleration_Dynamics__x__Speed_Dynamics,2,251,822,0,335,0.0,0.4075425790754258,0.0,finite
MP00012,typical_normal,Typical normal,zero_uncommon_and_zero_hybrid_labels,Acceleration_Dynamics,Acceleration_Dynamics__x__Turning_Dynamics,1,251,703,135,0,0.5378486055776892,0.0,,zero_contrast
MP00012,typical_normal,Typical normal,zero_uncommon_and_zero_hybrid_labels,Acceleration_Dynamics,Acceleration_Dynamics__x__Curvature_Geometry,1,251,703,128,0,0.5099601593625498,0.0,,zero_contrast
MP00012,typical_normal,Typical normal,zero_uncommon_and_zero_hybrid_labels,Acceleration_Dynamics,Acceleration_Dynamics__x__Temporal_Sequential_Context,1,251,703,124,0,0.4940239043824701,0.0,,zero_contrast
MP00012,typical_normal,Typical normal,zero_uncommon_and_zero_hybrid_labels,Acceleration_Dynamics,Acceleration_Dynamics__x__Spatial_Reach_and_Route,1,251,703,112,0,0.44621513944223107,0.0,,zero_contrast
MP00012,typical_normal,Typical normal,zero_uncommon_and_zero_hybrid_labels,Acceleration_Dynamics,Acceleration_Dynamics__x__Speed_Dynamics,1,251,703,0,0,0.0,0.0,,zero_both
MP00012,typical_normal,Typical normal,zero_uncommon_and_zero_hybrid_labels,Speed_Dynamics,Speed_Dynamics__x__Turning_Dynamics,2,251,703,157,0,0.6254980079681275,0.0,,zero_contrast
MP00012,typical_normal,Typical normal,zero_uncommon_and_zero_hybrid_labels,Speed_Dynamics,Curvature_Geometry__x__Speed_Dynamics,2,251,703,154,0,0.6135458167330677,0.0,,zero_contrast
MP00012,typical_normal,Typical normal,zero_uncommon_and_zero_hybrid_labels,Speed_Dynamics,Speed_Dynamics__x__Temporal_Sequential_Context,2,251,703,153,0,0.6095617529880478,0.0,,zero_contrast
MP00012,typical_normal,Typical normal,zero_uncommon_and_zero_hybrid_labels,Speed_Dynamics,Spatial_Reach_and_Route__x__Speed_Dynamics,2,251,703,128,0,0.5099601593625498,0.0,,zero_contrast
MP00012,typical_normal,Typical normal,zero_uncommon_and_zero_hybrid_labels,Speed_Dynamics,Acceleration_Dynamics__x__Speed_Dynamics,2,251,703,0,0,0.0,0.0,,zero_both
MP00013,matched_non_pattern,Matched non-pattern,nearest_nonpattern_rows_by_total_uncommon_hybrid_and_pattern_evidence,Spatial_Reach_and_Route,Spatial_Reach_and_Route__x__Turning_Dynamics,2,245,245,160,52,0.6530612244897959,0.21224489795918366,3.0769230769230766,finite
MP00013,matched_non_pattern,Matched non-pattern,nearest_nonpattern_rows_by_total_uncommon_hybrid_and_pattern_evidence,Spatial_Reach_and_Route,Curvature_Geometry__x__Spatial_Reach_and_Route,2,245,245,152,42,0.6204081632653061,0.17142857142857143,3.619047619047619,finite
MP00013,matched_non_pattern,Matched non-pattern,nearest_nonpattern_rows_by_total_uncommon_hybrid_and_pattern_evidence,Spatial_Reach_and_Route,Spatial_Reach_and_Route__x__Temporal_Sequential_Context,2,245,245,137,34,0.5591836734693878,0.13877551020408163,4.029411764705883,finite
MP00013,matched_non_pattern,Matched non-pattern,nearest_nonpattern_rows_by_total_uncommon_hybrid_and_pattern_evidence,Spatial_Reach_and_Route,Acceleration_Dynamics__x__Spatial_Reach_and_Route,2,245,245,98,40,0.4,0.16326530612244897,2.45,finite
MP00013,matched_non_pattern,Matched non-pattern,nearest_nonpattern_rows_by_total_uncommon_hybrid_and_pattern_evidence,Spatial_Reach_and_Route,Spatial_Reach_and_Route__x__Speed_Dynamics,2,245,245,0,54,0.0,0.22040816326530613,0.0,finite
MP00013,matched_non_pattern,Matched non-pattern,nearest_nonpattern_rows_by_total_uncommon_hybrid_and_pattern_evidence,Speed_Dynamics,Curvature_Geometry__x__Speed_Dynamics,1,245,245,137,56,0.5591836734693878,0.22857142857142856,2.4464285714285716,finite
MP00013,matched_non_pattern,Matched non-pattern,nearest_nonpattern_rows_by_total_uncommon_hybrid_and_pattern_evidence,Speed_Dynamics,Speed_Dynamics__x__Turning_Dynamics,1,245,245,129,53,0.5265306122448979,0.2163265306122449,2.433962264150943,finite
MP00013,matched_non_pattern,Matched non-pattern,nearest_nonpattern_rows_by_total_uncommon_hybrid_and_pattern_evidence,Speed_Dynamics,Speed_Dynamics__x__Temporal_Sequential_Context,1,245,245,116,61,0.47346938775510206,0.24897959183673468,1.9016393442622952,finite
MP00013,matched_non_pattern,Matched non-pattern,nearest_nonpattern_rows_by_total_uncommon_hybrid_and_pattern_evidence,Speed_Dynamics,Acceleration_Dynamics__x__Speed_Dynamics,1,245,245,84,57,0.34285714285714286,0.23265306122448978,1.473684210526316,finite
MP00013,matched_non_pattern,Matched non-pattern,nearest_nonpattern_rows_by_total_uncommon_hybrid_and_pattern_evidence,Speed_Dynamics,Spatial_Reach_and_Route__x__Speed_Dynamics,1,245,245,0,83,0.0,0.33877551020408164,0.0,finite
MP00013,near_miss,Near miss,one_missing_uncommonness_count,Spatial_Reach_and_Route,Spatial_Reach_and_Route__x__Turning_Dynamics,2,245,796,160,339,0.6530612244897959,0.4258793969849246,1.5334416952621757,finite
MP00013,near_miss,Near miss,one_missing_uncommonness_count,Spatial_Reach_and_Route,Curvature_Geometry__x__Spatial_Reach_and_Route,2,245,796,152,314,0.6204081632653061,0.3944723618090452,1.572754452099311,finite
MP00013,near_miss,Near miss,one_missing_uncommonness_count,Spatial_Reach_and_Route,Spatial_Reach_and_Route__x__Temporal_Sequential_Context,2,245,796,137,273,0.5591836734693878,0.34296482412060303,1.6304403079913286,finite
MP00013,near_miss,Near miss,one_missing_uncommonness_count,Spatial_Reach_and_Route,Acceleration_Dynamics__x__Spatial_Reach_and_Route,2,245,796,98,234,0.4,0.29396984924623115,1.3606837606837607,finite
MP00013,near_miss,Near miss,one_missing_uncommonness_count,Spatial_Reach_and_Route,Spatial_Reach_and_Route__x__Speed_Dynamics,2,245,796,0,313,0.0,0.39321608040201006,0.0,finite
MP00013,near_miss,Near miss,one_missing_uncommonness_count,Speed_Dynamics,Curvature_Geometry__x__Speed_Dynamics,1,245,796,137,114,0.5591836734693878,0.14321608040201006,3.9044754744002863,finite
MP00013,near_miss,Near miss,one_missing_uncommonness_count,Speed_Dynamics,Speed_Dynamics__x__Turning_Dynamics,1,245,796,129,142,0.5265306122448979,0.17839195979899497,2.9515377982178785,finite
MP00013,near_miss,Near miss,one_missing_uncommonness_count,Speed_Dynamics,Speed_Dynamics__x__Temporal_Sequential_Context,1,245,796,116,92,0.47346938775510206,0.11557788944723618,4.0965394853593615,finite
MP00013,near_miss,Near miss,one_missing_uncommonness_count,Speed_Dynamics,Acceleration_Dynamics__x__Speed_Dynamics,1,245,796,84,66,0.34285714285714286,0.0829145728643216,4.1350649350649356,finite
MP00013,near_miss,Near miss,one_missing_uncommonness_count,Speed_Dynamics,Spatial_Reach_and_Route__x__Speed_Dynamics,1,245,796,0,0,0.0,0.0,,zero_both
MP00013,typical_normal,Typical normal,zero_uncommon_and_zero_hybrid_labels,Spatial_Reach_and_Route,Spatial_Reach_and_Route__x__Turning_Dynamics,2,245,703,160,0,0.6530612244897959,0.0,,zero_contrast
MP00013,typical_normal,Typical normal,zero_uncommon_and_zero_hybrid_labels,Spatial_Reach_and_Route,Curvature_Geometry__x__Spatial_Reach_and_Route,2,245,703,152,0,0.6204081632653061,0.0,,zero_contrast
MP00013,typical_normal,Typical normal,zero_uncommon_and_zero_hybrid_labels,Spatial_Reach_and_Route,Spatial_Reach_and_Route__x__Temporal_Sequential_Context,2,245,703,137,0,0.5591836734693878,0.0,,zero_contrast
MP00013,typical_normal,Typical normal,zero_uncommon_and_zero_hybrid_labels,Spatial_Reach_and_Route,Acceleration_Dynamics__x__Spatial_Reach_and_Route,2,245,703,98,0,0.4,0.0,,zero_contrast
MP00013,typical_normal,Typical normal,zero_uncommon_and_zero_hybrid_labels,Spatial_Reach_and_Route,Spatial_Reach_and_Route__x__Speed_Dynamics,2,245,703,0,0,0.0,0.0,,zero_both
MP00013,typical_normal,Typical normal,zero_uncommon_and_zero_hybrid_labels,Speed_Dynamics,Curvature_Geometry__x__Speed_Dynamics,1,245,703,137,0,0.5591836734693878,0.0,,zero_contrast
MP00013,typical_normal,Typical normal,zero_uncommon_and_zero_hybrid_labels,Speed_Dynamics,Speed_Dynamics__x__Turning_Dynamics,1,245,703,129,0,0.5265306122448979,0.0,,zero_contrast
MP00013,typical_normal,Typical normal,zero_uncommon_and_zero_hybrid_labels,Speed_Dynamics,Speed_Dynamics__x__Temporal_Sequential_Context,1,245,703,116,0,0.47346938775510206,0.0,,zero_contrast
MP00013,typical_normal,Typical normal,zero_uncommon_and_zero_hybrid_labels,Speed_Dynamics,Acceleration_Dynamics__x__Speed_Dynamics,1,245,703,84,0,0.34285714285714286,0.0,,zero_contrast
MP00013,typical_normal,Typical normal,zero_uncommon_and_zero_hybrid_labels,Speed_Dynamics,Spatial_Reach_and_Route__x__Speed_Dynamics,1,245,703,0,0,0.0,0.0,,zero_both
MP00014,matched_non_pattern,Matched non-pattern,nearest_nonpattern_rows_by_total_uncommon_hybrid_and_pattern_evidence,Acceleration_Dynamics,Acceleration_Dynamics__x__Turning_Dynamics,1,225,225,134,57,0.5955555555555555,0.25333333333333335,2.350877192982456,finite
MP00014,matched_non_pattern,Matched non-pattern,nearest_nonpattern_rows_by_total_uncommon_hybrid_and_pattern_evidence,Acceleration_Dynamics,Acceleration_Dynamics__x__Curvature_Geometry,1,225,225,133,51,0.5911111111111111,0.22666666666666666,2.607843137254902,finite
MP00014,matched_non_pattern,Matched non-pattern,nearest_nonpattern_rows_by_total_uncommon_hybrid_and_pattern_evidence,Acceleration_Dynamics,Acceleration_Dynamics__x__Spatial_Reach_and_Route,1,225,225,99,45,0.44,0.2,2.1999999999999997,finite
MP00014,matched_non_pattern,Matched non-pattern,nearest_nonpattern_rows_by_total_uncommon_hybrid_and_pattern_evidence,Acceleration_Dynamics,Acceleration_Dynamics__x__Speed_Dynamics,1,225,225,97,42,0.4311111111111111,0.18666666666666668,2.3095238095238093,finite
MP00014,matched_non_pattern,Matched non-pattern,nearest_nonpattern_rows_by_total_uncommon_hybrid_and_pattern_evidence,Acceleration_Dynamics,Acceleration_Dynamics__x__Temporal_Sequential_Context,1,225,225,0,77,0.0,0.3422222222222222,0.0,finite
MP00014,matched_non_pattern,Matched non-pattern,nearest_nonpattern_rows_by_total_uncommon_hybrid_and_pattern_evidence,Temporal_Sequential_Context,Temporal_Sequential_Context__x__Turning_Dynamics,2,225,225,151,43,0.6711111111111111,0.19111111111111112,3.5116279069767438,finite
MP00014,matched_non_pattern,Matched non-pattern,nearest_nonpattern_rows_by_total_uncommon_hybrid_and_pattern_evidence,Temporal_Sequential_Context,Curvature_Geometry__x__Temporal_Sequential_Context,2,225,225,146,44,0.6488888888888888,0.19555555555555557,3.318181818181818,finite
MP00014,matched_non_pattern,Matched non-pattern,nearest_nonpattern_rows_by_total_uncommon_hybrid_and_pattern_evidence,Temporal_Sequential_Context,Spatial_Reach_and_Route__x__Temporal_Sequential_Context,2,225,225,116,42,0.5155555555555555,0.18666666666666668,2.761904761904762,finite
MP00014,matched_non_pattern,Matched non-pattern,nearest_nonpattern_rows_by_total_uncommon_hybrid_and_pattern_evidence,Temporal_Sequential_Context,Speed_Dynamics__x__Temporal_Sequential_Context,2,225,225,113,39,0.5022222222222222,0.17333333333333334,2.8974358974358974,finite
MP00014,matched_non_pattern,Matched non-pattern,nearest_nonpattern_rows_by_total_uncommon_hybrid_and_pattern_evidence,Temporal_Sequential_Context,Acceleration_Dynamics__x__Temporal_Sequential_Context,2,225,225,0,72,0.0,0.32,0.0,finite
MP00014,near_miss,Near miss,one_missing_uncommonness_count,Acceleration_Dynamics,Acceleration_Dynamics__x__Turning_Dynamics,1,225,848,134,142,0.5955555555555555,0.16745283018867924,3.5565571205007824,finite
MP00014,near_miss,Near miss,one_missing_uncommonness_count,Acceleration_Dynamics,Acceleration_Dynamics__x__Curvature_Geometry,1,225,848,133,119,0.5911111111111111,0.1403301886792453,4.212287581699346,finite
MP00014,near_miss,Near miss,one_missing_uncommonness_count,Acceleration_Dynamics,Acceleration_Dynamics__x__Spatial_Reach_and_Route,1,225,848,99,59,0.44,0.0695754716981132,6.324067796610169,finite
MP00014,near_miss,Near miss,one_missing_uncommonness_count,Acceleration_Dynamics,Acceleration_Dynamics__x__Speed_Dynamics,1,225,848,97,79,0.4311111111111111,0.09316037735849056,4.627623066104079,finite
MP00014,near_miss,Near miss,one_missing_uncommonness_count,Acceleration_Dynamics,Acceleration_Dynamics__x__Temporal_Sequential_Context,1,225,848,0,0,0.0,0.0,,zero_both
MP00014,near_miss,Near miss,one_missing_uncommonness_count,Temporal_Sequential_Context,Temporal_Sequential_Context__x__Turning_Dynamics,2,225,848,151,376,0.6711111111111111,0.44339622641509435,1.5135697399527186,finite
MP00014,near_miss,Near miss,one_missing_uncommonness_count,Temporal_Sequential_Context,Curvature_Geometry__x__Temporal_Sequential_Context,2,225,848,146,349,0.6488888888888888,0.4115566037735849,1.5766698503661254,finite
MP00014,near_miss,Near miss,one_missing_uncommonness_count,Temporal_Sequential_Context,Spatial_Reach_and_Route__x__Temporal_Sequential_Context,2,225,848,116,300,0.5155555555555555,0.35377358490566035,1.4573037037037038,finite
MP00014,near_miss,Near miss,one_missing_uncommonness_count,Temporal_Sequential_Context,Speed_Dynamics__x__Temporal_Sequential_Context,2,225,848,113,298,0.5022222222222222,0.35141509433962265,1.4291424310216256,finite
MP00014,near_miss,Near miss,one_missing_uncommonness_count,Temporal_Sequential_Context,Acceleration_Dynamics__x__Temporal_Sequential_Context,2,225,848,0,358,0.0,0.4221698113207547,0.0,finite
MP00014,typical_normal,Typical normal,zero_uncommon_and_zero_hybrid_labels,Acceleration_Dynamics,Acceleration_Dynamics__x__Turning_Dynamics,1,225,703,134,0,0.5955555555555555,0.0,,zero_contrast
MP00014,typical_normal,Typical normal,zero_uncommon_and_zero_hybrid_labels,Acceleration_Dynamics,Acceleration_Dynamics__x__Curvature_Geometry,1,225,703,133,0,0.5911111111111111,0.0,,zero_contrast
MP00014,typical_normal,Typical normal,zero_uncommon_and_zero_hybrid_labels,Acceleration_Dynamics,Acceleration_Dynamics__x__Spatial_Reach_and_Route,1,225,703,99,0,0.44,0.0,,zero_contrast
MP00014,typical_normal,Typical normal,zero_uncommon_and_zero_hybrid_labels,Acceleration_Dynamics,Acceleration_Dynamics__x__Speed_Dynamics,1,225,703,97,0,0.4311111111111111,0.0,,zero_contrast
MP00014,typical_normal,Typical normal,zero_uncommon_and_zero_hybrid_labels,Acceleration_Dynamics,Acceleration_Dynamics__x__Temporal_Sequential_Context,1,225,703,0,0,0.0,0.0,,zero_both
MP00014,typical_normal,Typical normal,zero_uncommon_and_zero_hybrid_labels,Temporal_Sequential_Context,Temporal_Sequential_Context__x__Turning_Dynamics,2,225,703,151,0,0.6711111111111111,0.0,,zero_contrast
MP00014,typical_normal,Typical normal,zero_uncommon_and_zero_hybrid_labels,Temporal_Sequential_Context,Curvature_Geometry__x__Temporal_Sequential_Context,2,225,703,146,0,0.6488888888888888,0.0,,zero_contrast
MP00014,typical_normal,Typical normal,zero_uncommon_and_zero_hybrid_labels,Temporal_Sequential_Context,Spatial_Reach_and_Route__x__Temporal_Sequential_Context,2,225,703,116,0,0.5155555555555555,0.0,,zero_contrast
MP00014,typical_normal,Typical normal,zero_uncommon_and_zero_hybrid_labels,Temporal_Sequential_Context,Speed_Dynamics__x__Temporal_Sequential_Context,2,225,703,113,0,0.5022222222222222,0.0,,zero_contrast
MP00014,typical_normal,Typical normal,zero_uncommon_and_zero_hybrid_labels,Temporal_Sequential_Context,Acceleration_Dynamics__x__Temporal_Sequential_Context,2,225,703,0,0,0.0,0.0,,zero_both
MP00015,matched_non_pattern,Matched non-pattern,nearest_nonpattern_rows_by_total_uncommon_hybrid_and_pattern_evidence,Curvature_Geometry,Curvature_Geometry__x__Temporal_Sequential_Context,1,223,223,127,49,0.5695067264573991,0.21973094170403587,2.5918367346938775,finite
MP00015,matched_non_pattern,Matched non-pattern,nearest_nonpattern_rows_by_total_uncommon_hybrid_and_pattern_evidence,Curvature_Geometry,Acceleration_Dynamics__x__Curvature_Geometry,1,223,223,122,53,0.547085201793722,0.23766816143497757,2.3018867924528306,finite
MP00015,matched_non_pattern,Matched non-pattern,nearest_nonpattern_rows_by_total_uncommon_hybrid_and_pattern_evidence,Curvature_Geometry,Curvature_Geometry__x__Turning_Dynamics,1,223,223,113,40,0.5067264573991032,0.17937219730941703,2.825,finite
MP00015,matched_non_pattern,Matched non-pattern,nearest_nonpattern_rows_by_total_uncommon_hybrid_and_pattern_evidence,Curvature_Geometry,Curvature_Geometry__x__Speed_Dynamics,1,223,223,99,46,0.4439461883408072,0.2062780269058296,2.152173913043478,finite
MP00015,matched_non_pattern,Matched non-pattern,nearest_nonpattern_rows_by_total_uncommon_hybrid_and_pattern_evidence,Curvature_Geometry,Curvature_Geometry__x__Spatial_Reach_and_Route,1,223,223,0,68,0.0,0.30493273542600896,0.0,finite
MP00015,matched_non_pattern,Matched non-pattern,nearest_nonpattern_rows_by_total_uncommon_hybrid_and_pattern_evidence,Spatial_Reach_and_Route,Acceleration_Dynamics__x__Spatial_Reach_and_Route,2,223,223,140,35,0.6278026905829597,0.15695067264573992,4.0,finite
MP00015,matched_non_pattern,Matched non-pattern,nearest_nonpattern_rows_by_total_uncommon_hybrid_and_pattern_evidence,Spatial_Reach_and_Route,Spatial_Reach_and_Route__x__Temporal_Sequential_Context,2,223,223,140,38,0.6278026905829597,0.17040358744394618,3.68421052631579,finite
MP00015,matched_non_pattern,Matched non-pattern,nearest_nonpattern_rows_by_total_uncommon_hybrid_and_pattern_evidence,Spatial_Reach_and_Route,Spatial_Reach_and_Route__x__Turning_Dynamics,2,223,223,119,66,0.5336322869955157,0.29596412556053814,1.8030303030303028,finite
MP00015,matched_non_pattern,Matched non-pattern,nearest_nonpattern_rows_by_total_uncommon_hybrid_and_pattern_evidence,Spatial_Reach_and_Route,Spatial_Reach_and_Route__x__Speed_Dynamics,2,223,223,114,26,0.5112107623318386,0.11659192825112108,4.384615384615385,finite
MP00015,matched_non_pattern,Matched non-pattern,nearest_nonpattern_rows_by_total_uncommon_hybrid_and_pattern_evidence,Spatial_Reach_and_Route,Curvature_Geometry__x__Spatial_Reach_and_Route,2,223,223,0,82,0.0,0.36771300448430494,0.0,finite
MP00015,near_miss,Near miss,one_missing_uncommonness_count,Curvature_Geometry,Curvature_Geometry__x__Temporal_Sequential_Context,1,223,782,127,106,0.5695067264573991,0.13554987212276215,4.201455283864963,finite
MP00015,near_miss,Near miss,one_missing_uncommonness_count,Curvature_Geometry,Acceleration_Dynamics__x__Curvature_Geometry,1,223,782,122,85,0.547085201793722,0.10869565217391304,5.033183856502243,finite
MP00015,near_miss,Near miss,one_missing_uncommonness_count,Curvature_Geometry,Curvature_Geometry__x__Turning_Dynamics,1,223,782,113,112,0.5067264573991032,0.1432225063938619,3.5380365150544524,finite
MP00015,near_miss,Near miss,one_missing_uncommonness_count,Curvature_Geometry,Curvature_Geometry__x__Speed_Dynamics,1,223,782,99,82,0.4439461883408072,0.10485933503836317,4.2337307229574535,finite
MP00015,near_miss,Near miss,one_missing_uncommonness_count,Curvature_Geometry,Curvature_Geometry__x__Spatial_Reach_and_Route,1,223,782,0,0,0.0,0.0,,zero_both
MP00015,near_miss,Near miss,one_missing_uncommonness_count,Spatial_Reach_and_Route,Acceleration_Dynamics__x__Spatial_Reach_and_Route,2,223,782,140,202,0.6278026905829597,0.25831202046035806,2.4304044754251213,finite
MP00015,near_miss,Near miss,one_missing_uncommonness_count,Spatial_Reach_and_Route,Spatial_Reach_and_Route__x__Temporal_Sequential_Context,2,223,782,140,280,0.6278026905829597,0.35805626598465473,1.7533632286995517,finite
MP00015,near_miss,Near miss,one_missing_uncommonness_count,Spatial_Reach_and_Route,Spatial_Reach_and_Route__x__Turning_Dynamics,2,223,782,119,357,0.5336322869955157,0.45652173913043476,1.1689088191330343,finite
MP00015,near_miss,Near miss,one_missing_uncommonness_count,Spatial_Reach_and_Route,Spatial_Reach_and_Route__x__Speed_Dynamics,2,223,782,114,258,0.5112107623318386,0.329923273657289,1.5494837835019293,finite
MP00015,near_miss,Near miss,one_missing_uncommonness_count,Spatial_Reach_and_Route,Curvature_Geometry__x__Spatial_Reach_and_Route,2,223,782,0,374,0.0,0.4782608695652174,0.0,finite
MP00015,typical_normal,Typical normal,zero_uncommon_and_zero_hybrid_labels,Curvature_Geometry,Curvature_Geometry__x__Temporal_Sequential_Context,1,223,703,127,0,0.5695067264573991,0.0,,zero_contrast
MP00015,typical_normal,Typical normal,zero_uncommon_and_zero_hybrid_labels,Curvature_Geometry,Acceleration_Dynamics__x__Curvature_Geometry,1,223,703,122,0,0.547085201793722,0.0,,zero_contrast
MP00015,typical_normal,Typical normal,zero_uncommon_and_zero_hybrid_labels,Curvature_Geometry,Curvature_Geometry__x__Turning_Dynamics,1,223,703,113,0,0.5067264573991032,0.0,,zero_contrast
MP00015,typical_normal,Typical normal,zero_uncommon_and_zero_hybrid_labels,Curvature_Geometry,Curvature_Geometry__x__Speed_Dynamics,1,223,703,99,0,0.4439461883408072,0.0,,zero_contrast
MP00015,typical_normal,Typical normal,zero_uncommon_and_zero_hybrid_labels,Curvature_Geometry,Curvature_Geometry__x__Spatial_Reach_and_Route,1,223,703,0,0,0.0,0.0,,zero_both
MP00015,typical_normal,Typical normal,zero_uncommon_and_zero_hybrid_labels,Spatial_Reach_and_Route,Acceleration_Dynamics__x__Spatial_Reach_and_Route,2,223,703,140,0,0.6278026905829597,0.0,,zero_contrast
MP00015,typical_normal,Typical normal,zero_uncommon_and_zero_hybrid_labels,Spatial_Reach_and_Route,Spatial_Reach_and_Route__x__Temporal_Sequential_Context,2,223,703,140,0,0.6278026905829597,0.0,,zero_contrast
MP00015,typical_normal,Typical normal,zero_uncommon_and_zero_hybrid_labels,Spatial_Reach_and_Route,Spatial_Reach_and_Route__x__Turning_Dynamics,2,223,703,119,0,0.5336322869955157,0.0,,zero_contrast
MP00015,typical_normal,Typical normal,zero_uncommon_and_zero_hybrid_labels,Spatial_Reach_and_Route,Spatial_Reach_and_Route__x__Speed_Dynamics,2,223,703,114,0,0.5112107623318386,0.0,,zero_contrast
MP00015,typical_normal,Typical normal,zero_uncommon_and_zero_hybrid_labels,Spatial_Reach_and_Route,Curvature_Geometry__x__Spatial_Reach_and_Route,2,223,703,0,0,0.0,0.0,,zero_both
MP00016,matched_non_pattern,Matched non-pattern,nearest_nonpattern_rows_by_total_uncommon_hybrid_and_pattern_evidence,Curvature_Geometry,Curvature_Geometry__x__Temporal_Sequential_Context,1,284,284,153,56,0.5387323943661971,0.19718309859154928,2.732142857142857,finite
MP00016,matched_non_pattern,Matched non-pattern,nearest_nonpattern_rows_by_total_uncommon_hybrid_and_pattern_evidence,Curvature_Geometry,Curvature_Geometry__x__Speed_Dynamics,1,284,284,149,48,0.5246478873239436,0.16901408450704225,3.1041666666666665,finite
MP00016,matched_non_pattern,Matched non-pattern,nearest_nonpattern_rows_by_total_uncommon_hybrid_and_pattern_evidence,Curvature_Geometry,Acceleration_Dynamics__x__Curvature_Geometry,1,284,284,147,54,0.5176056338028169,0.19014084507042253,2.7222222222222223,finite
MP00016,matched_non_pattern,Matched non-pattern,nearest_nonpattern_rows_by_total_uncommon_hybrid_and_pattern_evidence,Curvature_Geometry,Curvature_Geometry__x__Spatial_Reach_and_Route,1,284,284,146,47,0.5140845070422535,0.16549295774647887,3.106382978723404,finite
MP00016,matched_non_pattern,Matched non-pattern,nearest_nonpattern_rows_by_total_uncommon_hybrid_and_pattern_evidence,Curvature_Geometry,Curvature_Geometry__x__Turning_Dynamics,1,284,284,0,74,0.0,0.2605633802816901,0.0,finite
MP00016,matched_non_pattern,Matched non-pattern,nearest_nonpattern_rows_by_total_uncommon_hybrid_and_pattern_evidence,Turning_Dynamics,Speed_Dynamics__x__Turning_Dynamics,2,284,284,178,38,0.6267605633802817,0.13380281690140844,4.68421052631579,finite
MP00016,matched_non_pattern,Matched non-pattern,nearest_nonpattern_rows_by_total_uncommon_hybrid_and_pattern_evidence,Turning_Dynamics,Temporal_Sequential_Context__x__Turning_Dynamics,2,284,284,176,53,0.6197183098591549,0.18661971830985916,3.320754716981132,finite
MP00016,matched_non_pattern,Matched non-pattern,nearest_nonpattern_rows_by_total_uncommon_hybrid_and_pattern_evidence,Turning_Dynamics,Spatial_Reach_and_Route__x__Turning_Dynamics,2,284,284,173,42,0.6091549295774648,0.14788732394366197,4.119047619047619,finite
MP00016,matched_non_pattern,Matched non-pattern,nearest_nonpattern_rows_by_total_uncommon_hybrid_and_pattern_evidence,Turning_Dynamics,Acceleration_Dynamics__x__Turning_Dynamics,2,284,284,172,48,0.6056338028169014,0.16901408450704225,3.583333333333333,finite
MP00016,matched_non_pattern,Matched non-pattern,nearest_nonpattern_rows_by_total_uncommon_hybrid_and_pattern_evidence,Turning_Dynamics,Curvature_Geometry__x__Turning_Dynamics,2,284,284,0,79,0.0,0.27816901408450706,0.0,finite
MP00016,near_miss,Near miss,one_missing_uncommonness_count,Curvature_Geometry,Curvature_Geometry__x__Temporal_Sequential_Context,1,284,832,153,94,0.5387323943661971,0.11298076923076923,4.76835480970932,finite
MP00016,near_miss,Near miss,one_missing_uncommonness_count,Curvature_Geometry,Curvature_Geometry__x__Speed_Dynamics,1,284,832,149,84,0.5246478873239436,0.10096153846153846,5.196512407780013,finite
MP00016,near_miss,Near miss,one_missing_uncommonness_count,Curvature_Geometry,Acceleration_Dynamics__x__Curvature_Geometry,1,284,832,147,84,0.5176056338028169,0.10096153846153846,5.126760563380281,finite
MP00016,near_miss,Near miss,one_missing_uncommonness_count,Curvature_Geometry,Curvature_Geometry__x__Spatial_Reach_and_Route,1,284,832,146,89,0.5140845070422535,0.10697115384615384,4.80582370628264,finite
MP00016,near_miss,Near miss,one_missing_uncommonness_count,Curvature_Geometry,Curvature_Geometry__x__Turning_Dynamics,1,284,832,0,0,0.0,0.0,,zero_both
MP00016,near_miss,Near miss,one_missing_uncommonness_count,Turning_Dynamics,Speed_Dynamics__x__Turning_Dynamics,2,284,832,178,359,0.6267605633802817,0.43149038461538464,1.4525481580289537,finite
MP00016,near_miss,Near miss,one_missing_uncommonness_count,Turning_Dynamics,Temporal_Sequential_Context__x__Turning_Dynamics,2,284,832,176,369,0.6197183098591549,0.44350961538461536,1.3973052406580404,finite
MP00016,near_miss,Near miss,one_missing_uncommonness_count,Turning_Dynamics,Spatial_Reach_and_Route__x__Turning_Dynamics,2,284,832,173,359,0.6091549295774648,0.43149038461538464,1.4117462434775785,finite
MP00016,near_miss,Near miss,one_missing_uncommonness_count,Turning_Dynamics,Acceleration_Dynamics__x__Turning_Dynamics,2,284,832,172,336,0.6056338028169014,0.40384615384615385,1.499664654594232,finite
MP00016,near_miss,Near miss,one_missing_uncommonness_count,Turning_Dynamics,Curvature_Geometry__x__Turning_Dynamics,2,284,832,0,412,0.0,0.4951923076923077,0.0,finite
MP00016,typical_normal,Typical normal,zero_uncommon_and_zero_hybrid_labels,Curvature_Geometry,Curvature_Geometry__x__Temporal_Sequential_Context,1,284,703,153,0,0.5387323943661971,0.0,,zero_contrast
MP00016,typical_normal,Typical normal,zero_uncommon_and_zero_hybrid_labels,Curvature_Geometry,Curvature_Geometry__x__Speed_Dynamics,1,284,703,149,0,0.5246478873239436,0.0,,zero_contrast
MP00016,typical_normal,Typical normal,zero_uncommon_and_zero_hybrid_labels,Curvature_Geometry,Acceleration_Dynamics__x__Curvature_Geometry,1,284,703,147,0,0.5176056338028169,0.0,,zero_contrast
MP00016,typical_normal,Typical normal,zero_uncommon_and_zero_hybrid_labels,Curvature_Geometry,Curvature_Geometry__x__Spatial_Reach_and_Route,1,284,703,146,0,0.5140845070422535,0.0,,zero_contrast
MP00016,typical_normal,Typical normal,zero_uncommon_and_zero_hybrid_labels,Curvature_Geometry,Curvature_Geometry__x__Turning_Dynamics,1,284,703,0,0,0.0,0.0,,zero_both
MP00016,typical_normal,Typical normal,zero_uncommon_and_zero_hybrid_labels,Turning_Dynamics,Speed_Dynamics__x__Turning_Dynamics,2,284,703,178,0,0.6267605633802817,0.0,,zero_contrast
MP00016,typical_normal,Typical normal,zero_uncommon_and_zero_hybrid_labels,Turning_Dynamics,Temporal_Sequential_Context__x__Turning_Dynamics,2,284,703,176,0,0.6197183098591549,0.0,,zero_contrast
MP00016,typical_normal,Typical normal,zero_uncommon_and_zero_hybrid_labels,Turning_Dynamics,Spatial_Reach_and_Route__x__Turning_Dynamics,2,284,703,173,0,0.6091549295774648,0.0,,zero_contrast
MP00016,typical_normal,Typical normal,zero_uncommon_and_zero_hybrid_labels,Turning_Dynamics,Acceleration_Dynamics__x__Turning_Dynamics,2,284,703,172,0,0.6056338028169014,0.0,,zero_contrast
MP00016,typical_normal,Typical normal,zero_uncommon_and_zero_hybrid_labels,Turning_Dynamics,Curvature_Geometry__x__Turning_Dynamics,2,284,703,0,0,0.0,0.0,,zero_both
MP00017,matched_non_pattern,Matched non-pattern,nearest_nonpattern_rows_by_total_uncommon_hybrid_and_pattern_evidence,Acceleration_Dynamics,Acceleration_Dynamics__x__Curvature_Geometry,2,220,220,128,50,0.5818181818181818,0.22727272727272727,2.56,finite
MP00017,matched_non_pattern,Matched non-pattern,nearest_nonpattern_rows_by_total_uncommon_hybrid_and_pattern_evidence,Acceleration_Dynamics,Acceleration_Dynamics__x__Spatial_Reach_and_Route,2,220,220,128,43,0.5818181818181818,0.19545454545454546,2.976744186046511,finite
MP00017,matched_non_pattern,Matched non-pattern,nearest_nonpattern_rows_by_total_uncommon_hybrid_and_pattern_evidence,Acceleration_Dynamics,Acceleration_Dynamics__x__Temporal_Sequential_Context,2,220,220,125,45,0.5681818181818182,0.20454545454545456,2.7777777777777777,finite
MP00017,matched_non_pattern,Matched non-pattern,nearest_nonpattern_rows_by_total_uncommon_hybrid_and_pattern_evidence,Acceleration_Dynamics,Acceleration_Dynamics__x__Speed_Dynamics,2,220,220,118,39,0.5363636363636364,0.17727272727272728,3.0256410256410255,finite
MP00017,matched_non_pattern,Matched non-pattern,nearest_nonpattern_rows_by_total_uncommon_hybrid_and_pattern_evidence,Acceleration_Dynamics,Acceleration_Dynamics__x__Turning_Dynamics,2,220,220,0,93,0.0,0.42272727272727273,0.0,finite
MP00017,matched_non_pattern,Matched non-pattern,nearest_nonpattern_rows_by_total_uncommon_hybrid_and_pattern_evidence,Turning_Dynamics,Spatial_Reach_and_Route__x__Turning_Dynamics,1,220,220,111,49,0.5045454545454545,0.22272727272727272,2.2653061224489797,finite
MP00017,matched_non_pattern,Matched non-pattern,nearest_nonpattern_rows_by_total_uncommon_hybrid_and_pattern_evidence,Turning_Dynamics,Temporal_Sequential_Context__x__Turning_Dynamics,1,220,220,111,49,0.5045454545454545,0.22272727272727272,2.2653061224489797,finite
MP00017,matched_non_pattern,Matched non-pattern,nearest_nonpattern_rows_by_total_uncommon_hybrid_and_pattern_evidence,Turning_Dynamics,Curvature_Geometry__x__Turning_Dynamics,1,220,220,109,43,0.4954545454545455,0.19545454545454546,2.5348837209302326,finite
MP00017,matched_non_pattern,Matched non-pattern,nearest_nonpattern_rows_by_total_uncommon_hybrid_and_pattern_evidence,Turning_Dynamics,Speed_Dynamics__x__Turning_Dynamics,1,220,220,108,43,0.4909090909090909,0.19545454545454546,2.511627906976744,finite
MP00017,matched_non_pattern,Matched non-pattern,nearest_nonpattern_rows_by_total_uncommon_hybrid_and_pattern_evidence,Turning_Dynamics,Acceleration_Dynamics__x__Turning_Dynamics,1,220,220,0,67,0.0,0.30454545454545456,0.0,finite
MP00017,near_miss,Near miss,one_missing_uncommonness_count,Acceleration_Dynamics,Acceleration_Dynamics__x__Curvature_Geometry,2,220,769,128,341,0.5818181818181818,0.4434330299089727,1.3120767795254598,finite
MP00017,near_miss,Near miss,one_missing_uncommonness_count,Acceleration_Dynamics,Acceleration_Dynamics__x__Spatial_Reach_and_Route,2,220,769,128,268,0.5818181818181818,0.34850455136540964,1.6694708276797827,finite
MP00017,near_miss,Near miss,one_missing_uncommonness_count,Acceleration_Dynamics,Acceleration_Dynamics__x__Temporal_Sequential_Context,2,220,769,125,281,0.5681818181818182,0.36540962288686607,1.5549175024263993,finite
MP00017,near_miss,Near miss,one_missing_uncommonness_count,Acceleration_Dynamics,Acceleration_Dynamics__x__Speed_Dynamics,2,220,769,118,277,0.5363636363636364,0.3602080624187256,1.48903839842468,finite
MP00017,near_miss,Near miss,one_missing_uncommonness_count,Acceleration_Dynamics,Acceleration_Dynamics__x__Turning_Dynamics,2,220,769,0,387,0.0,0.5032509752925878,0.0,finite
MP00017,near_miss,Near miss,one_missing_uncommonness_count,Turning_Dynamics,Spatial_Reach_and_Route__x__Turning_Dynamics,1,220,769,111,64,0.5045454545454545,0.08322496749024708,6.0624289772727264,finite
MP00017,near_miss,Near miss,one_missing_uncommonness_count,Turning_Dynamics,Temporal_Sequential_Context__x__Turning_Dynamics,1,220,769,111,85,0.5045454545454545,0.11053315994798439,4.564652406417112,finite
MP00017,near_miss,Near miss,one_missing_uncommonness_count,Turning_Dynamics,Curvature_Geometry__x__Turning_Dynamics,1,220,769,109,108,0.4954545454545455,0.14044213263979194,3.5278198653198656,finite
MP00017,near_miss,Near miss,one_missing_uncommonness_count,Turning_Dynamics,Speed_Dynamics__x__Turning_Dynamics,1,220,769,108,94,0.4909090909090909,0.1222366710013004,4.01605415860735,finite
MP00017,near_miss,Near miss,one_missing_uncommonness_count,Turning_Dynamics,Acceleration_Dynamics__x__Turning_Dynamics,1,220,769,0,0,0.0,0.0,,zero_both
MP00017,typical_normal,Typical normal,zero_uncommon_and_zero_hybrid_labels,Acceleration_Dynamics,Acceleration_Dynamics__x__Curvature_Geometry,2,220,703,128,0,0.5818181818181818,0.0,,zero_contrast
MP00017,typical_normal,Typical normal,zero_uncommon_and_zero_hybrid_labels,Acceleration_Dynamics,Acceleration_Dynamics__x__Spatial_Reach_and_Route,2,220,703,128,0,0.5818181818181818,0.0,,zero_contrast
MP00017,typical_normal,Typical normal,zero_uncommon_and_zero_hybrid_labels,Acceleration_Dynamics,Acceleration_Dynamics__x__Temporal_Sequential_Context,2,220,703,125,0,0.5681818181818182,0.0,,zero_contrast
MP00017,typical_normal,Typical normal,zero_uncommon_and_zero_hybrid_labels,Acceleration_Dynamics,Acceleration_Dynamics__x__Speed_Dynamics,2,220,703,118,0,0.5363636363636364,0.0,,zero_contrast
MP00017,typical_normal,Typical normal,zero_uncommon_and_zero_hybrid_labels,Acceleration_Dynamics,Acceleration_Dynamics__x__Turning_Dynamics,2,220,703,0,0,0.0,0.0,,zero_both
MP00017,typical_normal,Typical normal,zero_uncommon_and_zero_hybrid_labels,Turning_Dynamics,Spatial_Reach_and_Route__x__Turning_Dynamics,1,220,703,111,0,0.5045454545454545,0.0,,zero_contrast
MP00017,typical_normal,Typical normal,zero_uncommon_and_zero_hybrid_labels,Turning_Dynamics,Temporal_Sequential_Context__x__Turning_Dynamics,1,220,703,111,0,0.5045454545454545,0.0,,zero_contrast
MP00017,typical_normal,Typical normal,zero_uncommon_and_zero_hybrid_labels,Turning_Dynamics,Curvature_Geometry__x__Turning_Dynamics,1,220,703,109,0,0.4954545454545455,0.0,,zero_contrast
MP00017,typical_normal,Typical normal,zero_uncommon_and_zero_hybrid_labels,Turning_Dynamics,Speed_Dynamics__x__Turning_Dynamics,1,220,703,108,0,0.4909090909090909,0.0,,zero_contrast
MP00017,typical_normal,Typical normal,zero_uncommon_and_zero_hybrid_labels,Turning_Dynamics,Acceleration_Dynamics__x__Turning_Dynamics,1,220,703,0,0,0.0,0.0,,zero_both
MP00018,matched_non_pattern,Matched non-pattern,nearest_nonpattern_rows_by_total_uncommon_hybrid_and_pattern_evidence,Curvature_Geometry,Curvature_Geometry__x__Temporal_Sequential_Context,2,276,276,177,54,0.6413043478260869,0.1956521739130435,3.2777777777777772,finite
MP00018,matched_non_pattern,Matched non-pattern,nearest_nonpattern_rows_by_total_uncommon_hybrid_and_pattern_evidence,Curvature_Geometry,Curvature_Geometry__x__Spatial_Reach_and_Route,2,276,276,165,46,0.5978260869565217,0.16666666666666666,3.5869565217391304,finite
MP00018,matched_non_pattern,Matched non-pattern,nearest_nonpattern_rows_by_total_uncommon_hybrid_and_pattern_evidence,Curvature_Geometry,Curvature_Geometry__x__Speed_Dynamics,2,276,276,165,46,0.5978260869565217,0.16666666666666666,3.5869565217391304,finite
MP00018,matched_non_pattern,Matched non-pattern,nearest_nonpattern_rows_by_total_uncommon_hybrid_and_pattern_evidence,Curvature_Geometry,Acceleration_Dynamics__x__Curvature_Geometry,2,276,276,163,52,0.5905797101449275,0.18840579710144928,3.134615384615384,finite
MP00018,matched_non_pattern,Matched non-pattern,nearest_nonpattern_rows_by_total_uncommon_hybrid_and_pattern_evidence,Curvature_Geometry,Curvature_Geometry__x__Turning_Dynamics,2,276,276,0,74,0.0,0.26811594202898553,0.0,finite
MP00018,matched_non_pattern,Matched non-pattern,nearest_nonpattern_rows_by_total_uncommon_hybrid_and_pattern_evidence,Turning_Dynamics,Temporal_Sequential_Context__x__Turning_Dynamics,1,276,276,151,57,0.5471014492753623,0.20652173913043478,2.6491228070175437,finite
MP00018,matched_non_pattern,Matched non-pattern,nearest_nonpattern_rows_by_total_uncommon_hybrid_and_pattern_evidence,Turning_Dynamics,Speed_Dynamics__x__Turning_Dynamics,1,276,276,149,40,0.5398550724637681,0.14492753623188406,3.7249999999999996,finite
MP00018,matched_non_pattern,Matched non-pattern,nearest_nonpattern_rows_by_total_uncommon_hybrid_and_pattern_evidence,Turning_Dynamics,Spatial_Reach_and_Route__x__Turning_Dynamics,1,276,276,146,47,0.5289855072463768,0.17028985507246377,3.106382978723404,finite
MP00018,matched_non_pattern,Matched non-pattern,nearest_nonpattern_rows_by_total_uncommon_hybrid_and_pattern_evidence,Turning_Dynamics,Acceleration_Dynamics__x__Turning_Dynamics,1,276,276,140,50,0.5072463768115942,0.18115942028985507,2.8000000000000003,finite
MP00018,matched_non_pattern,Matched non-pattern,nearest_nonpattern_rows_by_total_uncommon_hybrid_and_pattern_evidence,Turning_Dynamics,Curvature_Geometry__x__Turning_Dynamics,1,276,276,0,79,0.0,0.286231884057971,0.0,finite
MP00018,near_miss,Near miss,one_missing_uncommonness_count,Curvature_Geometry,Curvature_Geometry__x__Temporal_Sequential_Context,2,276,830,177,337,0.6413043478260869,0.40602409638554215,1.579473616307573,finite
MP00018,near_miss,Near miss,one_missing_uncommonness_count,Curvature_Geometry,Curvature_Geometry__x__Spatial_Reach_and_Route,2,276,830,165,337,0.5978260869565217,0.40602409638554215,1.4723906592697718,finite
MP00018,near_miss,Near miss,one_missing_uncommonness_count,Curvature_Geometry,Curvature_Geometry__x__Speed_Dynamics,2,276,830,165,335,0.5978260869565217,0.4036144578313253,1.481181051265412,finite
MP00018,near_miss,Near miss,one_missing_uncommonness_count,Curvature_Geometry,Acceleration_Dynamics__x__Curvature_Geometry,2,276,830,163,346,0.5905797101449275,0.41686746987951806,1.4167085532378318,finite
MP00018,near_miss,Near miss,one_missing_uncommonness_count,Curvature_Geometry,Curvature_Geometry__x__Turning_Dynamics,2,276,830,0,379,0.0,0.4566265060240964,0.0,finite
MP00018,near_miss,Near miss,one_missing_uncommonness_count,Turning_Dynamics,Temporal_Sequential_Context__x__Turning_Dynamics,1,276,830,151,99,0.5471014492753623,0.11927710843373494,4.586810130288391,finite
MP00018,near_miss,Near miss,one_missing_uncommonness_count,Turning_Dynamics,Speed_Dynamics__x__Turning_Dynamics,1,276,830,149,95,0.5398550724637681,0.1144578313253012,4.716628527841342,finite
MP00018,near_miss,Near miss,one_missing_uncommonness_count,Turning_Dynamics,Spatial_Reach_and_Route__x__Turning_Dynamics,1,276,830,146,95,0.5289855072463768,0.1144578313253012,4.621662852784135,finite
MP00018,near_miss,Near miss,one_missing_uncommonness_count,Turning_Dynamics,Acceleration_Dynamics__x__Turning_Dynamics,1,276,830,140,92,0.5072463768115942,0.1108433734939759,4.576244486452427,finite
MP00018,near_miss,Near miss,one_missing_uncommonness_count,Turning_Dynamics,Curvature_Geometry__x__Turning_Dynamics,1,276,830,0,0,0.0,0.0,,zero_both
MP00018,typical_normal,Typical normal,zero_uncommon_and_zero_hybrid_labels,Curvature_Geometry,Curvature_Geometry__x__Temporal_Sequential_Context,2,276,703,177,0,0.6413043478260869,0.0,,zero_contrast
MP00018,typical_normal,Typical normal,zero_uncommon_and_zero_hybrid_labels,Curvature_Geometry,Curvature_Geometry__x__Spatial_Reach_and_Route,2,276,703,165,0,0.5978260869565217,0.0,,zero_contrast
MP00018,typical_normal,Typical normal,zero_uncommon_and_zero_hybrid_labels,Curvature_Geometry,Curvature_Geometry__x__Speed_Dynamics,2,276,703,165,0,0.5978260869565217,0.0,,zero_contrast
MP00018,typical_normal,Typical normal,zero_uncommon_and_zero_hybrid_labels,Curvature_Geometry,Acceleration_Dynamics__x__Curvature_Geometry,2,276,703,163,0,0.5905797101449275,0.0,,zero_contrast
MP00018,typical_normal,Typical normal,zero_uncommon_and_zero_hybrid_labels,Curvature_Geometry,Curvature_Geometry__x__Turning_Dynamics,2,276,703,0,0,0.0,0.0,,zero_both
MP00018,typical_normal,Typical normal,zero_uncommon_and_zero_hybrid_labels,Turning_Dynamics,Temporal_Sequential_Context__x__Turning_Dynamics,1,276,703,151,0,0.5471014492753623,0.0,,zero_contrast
MP00018,typical_normal,Typical normal,zero_uncommon_and_zero_hybrid_labels,Turning_Dynamics,Speed_Dynamics__x__Turning_Dynamics,1,276,703,149,0,0.5398550724637681,0.0,,zero_contrast
MP00018,typical_normal,Typical normal,zero_uncommon_and_zero_hybrid_labels,Turning_Dynamics,Spatial_Reach_and_Route__x__Turning_Dynamics,1,276,703,146,0,0.5289855072463768,0.0,,zero_contrast
MP00018,typical_normal,Typical normal,zero_uncommon_and_zero_hybrid_labels,Turning_Dynamics,Acceleration_Dynamics__x__Turning_Dynamics,1,276,703,140,0,0.5072463768115942,0.0,,zero_contrast
MP00018,typical_normal,Typical normal,zero_uncommon_and_zero_hybrid_labels,Turning_Dynamics,Curvature_Geometry__x__Turning_Dynamics,1,276,703,0,0,0.0,0.0,,zero_both
MP00019,matched_non_pattern,Matched non-pattern,nearest_nonpattern_rows_by_total_uncommon_hybrid_and_pattern_evidence,Temporal_Sequential_Context,Spatial_Reach_and_Route__x__Temporal_Sequential_Context,1,213,213,110,37,0.5164319248826291,0.17370892018779344,2.972972972972973,finite
MP00019,matched_non_pattern,Matched non-pattern,nearest_nonpattern_rows_by_total_uncommon_hybrid_and_pattern_evidence,Temporal_Sequential_Context,Speed_Dynamics__x__Temporal_Sequential_Context,1,213,213,106,26,0.49765258215962443,0.12206572769953052,4.0769230769230775,finite
MP00019,matched_non_pattern,Matched non-pattern,nearest_nonpattern_rows_by_total_uncommon_hybrid_and_pattern_evidence,Temporal_Sequential_Context,Acceleration_Dynamics__x__Temporal_Sequential_Context,1,213,213,101,33,0.47417840375586856,0.15492957746478872,3.060606060606061,finite
MP00019,matched_non_pattern,Matched non-pattern,nearest_nonpattern_rows_by_total_uncommon_hybrid_and_pattern_evidence,Temporal_Sequential_Context,Curvature_Geometry__x__Temporal_Sequential_Context,1,213,213,98,42,0.460093896713615,0.19718309859154928,2.3333333333333335,finite
MP00019,matched_non_pattern,Matched non-pattern,nearest_nonpattern_rows_by_total_uncommon_hybrid_and_pattern_evidence,Temporal_Sequential_Context,Temporal_Sequential_Context__x__Turning_Dynamics,1,213,213,0,59,0.0,0.27699530516431925,0.0,finite
MP00019,matched_non_pattern,Matched non-pattern,nearest_nonpattern_rows_by_total_uncommon_hybrid_and_pattern_evidence,Turning_Dynamics,Spatial_Reach_and_Route__x__Turning_Dynamics,2,213,213,141,57,0.6619718309859155,0.2676056338028169,2.473684210526316,finite
MP00019,matched_non_pattern,Matched non-pattern,nearest_nonpattern_rows_by_total_uncommon_hybrid_and_pattern_evidence,Turning_Dynamics,Speed_Dynamics__x__Turning_Dynamics,2,213,213,140,46,0.6572769953051644,0.215962441314554,3.0434782608695654,finite
MP00019,matched_non_pattern,Matched non-pattern,nearest_nonpattern_rows_by_total_uncommon_hybrid_and_pattern_evidence,Turning_Dynamics,Curvature_Geometry__x__Turning_Dynamics,2,213,213,125,54,0.5868544600938967,0.2535211267605634,2.314814814814815,finite
MP00019,matched_non_pattern,Matched non-pattern,nearest_nonpattern_rows_by_total_uncommon_hybrid_and_pattern_evidence,Turning_Dynamics,Acceleration_Dynamics__x__Turning_Dynamics,2,213,213,119,62,0.5586854460093896,0.29107981220657275,1.9193548387096775,finite
MP00019,matched_non_pattern,Matched non-pattern,nearest_nonpattern_rows_by_total_uncommon_hybrid_and_pattern_evidence,Turning_Dynamics,Temporal_Sequential_Context__x__Turning_Dynamics,2,213,213,0,89,0.0,0.41784037558685444,0.0,finite
MP00019,near_miss,Near miss,one_missing_uncommonness_count,Temporal_Sequential_Context,Spatial_Reach_and_Route__x__Temporal_Sequential_Context,1,213,899,110,81,0.5164319248826291,0.09010011123470522,5.731756795919551,finite
MP00019,near_miss,Near miss,one_missing_uncommonness_count,Temporal_Sequential_Context,Speed_Dynamics__x__Temporal_Sequential_Context,1,213,899,106,68,0.49765258215962443,0.07563959955506118,6.57925987296327,finite
MP00019,near_miss,Near miss,one_missing_uncommonness_count,Temporal_Sequential_Context,Acceleration_Dynamics__x__Temporal_Sequential_Context,1,213,899,101,75,0.47417840375586856,0.08342602892102335,5.683818466353678,finite
MP00019,near_miss,Near miss,one_missing_uncommonness_count,Temporal_Sequential_Context,Curvature_Geometry__x__Temporal_Sequential_Context,1,213,899,98,111,0.460093896713615,0.12347052280311457,3.726346064374233,finite
MP00019,near_miss,Near miss,one_missing_uncommonness_count,Temporal_Sequential_Context,Temporal_Sequential_Context__x__Turning_Dynamics,1,213,899,0,0,0.0,0.0,,zero_both
MP00019,near_miss,Near miss,one_missing_uncommonness_count,Turning_Dynamics,Spatial_Reach_and_Route__x__Turning_Dynamics,2,213,899,141,383,0.6619718309859155,0.42602892102335926,1.5538189975361307,finite
MP00019,near_miss,Near miss,one_missing_uncommonness_count,Turning_Dynamics,Speed_Dynamics__x__Turning_Dynamics,2,213,899,140,385,0.6572769953051644,0.42825361512791993,1.5347844643619293,finite
MP00019,near_miss,Near miss,one_missing_uncommonness_count,Turning_Dynamics,Curvature_Geometry__x__Turning_Dynamics,2,213,899,125,380,0.5868544600938967,0.42269187986651835,1.3883741042747715,finite
MP00019,near_miss,Near miss,one_missing_uncommonness_count,Turning_Dynamics,Acceleration_Dynamics__x__Turning_Dynamics,2,213,899,119,386,0.5586854460093896,0.42936596218020023,1.3011870879855991,finite
MP00019,near_miss,Near miss,one_missing_uncommonness_count,Turning_Dynamics,Temporal_Sequential_Context__x__Turning_Dynamics,2,213,899,0,471,0.0,0.5239154616240267,0.0,finite
MP00019,typical_normal,Typical normal,zero_uncommon_and_zero_hybrid_labels,Temporal_Sequential_Context,Spatial_Reach_and_Route__x__Temporal_Sequential_Context,1,213,703,110,0,0.5164319248826291,0.0,,zero_contrast
MP00019,typical_normal,Typical normal,zero_uncommon_and_zero_hybrid_labels,Temporal_Sequential_Context,Speed_Dynamics__x__Temporal_Sequential_Context,1,213,703,106,0,0.49765258215962443,0.0,,zero_contrast
MP00019,typical_normal,Typical normal,zero_uncommon_and_zero_hybrid_labels,Temporal_Sequential_Context,Acceleration_Dynamics__x__Temporal_Sequential_Context,1,213,703,101,0,0.47417840375586856,0.0,,zero_contrast
MP00019,typical_normal,Typical normal,zero_uncommon_and_zero_hybrid_labels,Temporal_Sequential_Context,Curvature_Geometry__x__Temporal_Sequential_Context,1,213,703,98,0,0.460093896713615,0.0,,zero_contrast
MP00019,typical_normal,Typical normal,zero_uncommon_and_zero_hybrid_labels,Temporal_Sequential_Context,Temporal_Sequential_Context__x__Turning_Dynamics,1,213,703,0,0,0.0,0.0,,zero_both
MP00019,typical_normal,Typical normal,zero_uncommon_and_zero_hybrid_labels,Turning_Dynamics,Spatial_Reach_and_Route__x__Turning_Dynamics,2,213,703,141,0,0.6619718309859155,0.0,,zero_contrast
MP00019,typical_normal,Typical normal,zero_uncommon_and_zero_hybrid_labels,Turning_Dynamics,Speed_Dynamics__x__Turning_Dynamics,2,213,703,140,0,0.6572769953051644,0.0,,zero_contrast
MP00019,typical_normal,Typical normal,zero_uncommon_and_zero_hybrid_labels,Turning_Dynamics,Curvature_Geometry__x__Turning_Dynamics,2,213,703,125,0,0.5868544600938967,0.0,,zero_contrast
MP00019,typical_normal,Typical normal,zero_uncommon_and_zero_hybrid_labels,Turning_Dynamics,Acceleration_Dynamics__x__Turning_Dynamics,2,213,703,119,0,0.5586854460093896,0.0,,zero_contrast
MP00019,typical_normal,Typical normal,zero_uncommon_and_zero_hybrid_labels,Turning_Dynamics,Temporal_Sequential_Context__x__Turning_Dynamics,2,213,703,0,0,0.0,0.0,,zero_both
MP00020,matched_non_pattern,Matched non-pattern,nearest_nonpattern_rows_by_total_uncommon_hybrid_and_pattern_evidence,Spatial_Reach_and_Route,Spatial_Reach_and_Route__x__Turning_Dynamics,2,223,223,168,46,0.7533632286995515,0.2062780269058296,3.6521739130434776,finite
MP00020,matched_non_pattern,Matched non-pattern,nearest_nonpattern_rows_by_total_uncommon_hybrid_and_pattern_evidence,Spatial_Reach_and_Route,Curvature_Geometry__x__Spatial_Reach_and_Route,2,223,223,152,41,0.6816143497757847,0.18385650224215247,3.7073170731707314,finite
MP00020,matched_non_pattern,Matched non-pattern,nearest_nonpattern_rows_by_total_uncommon_hybrid_and_pattern_evidence,Spatial_Reach_and_Route,Spatial_Reach_and_Route__x__Speed_Dynamics,2,223,223,97,35,0.4349775784753363,0.15695067264573992,2.7714285714285714,finite
MP00020,matched_non_pattern,Matched non-pattern,nearest_nonpattern_rows_by_total_uncommon_hybrid_and_pattern_evidence,Spatial_Reach_and_Route,Acceleration_Dynamics__x__Spatial_Reach_and_Route,2,223,223,83,46,0.3721973094170404,0.2062780269058296,1.8043478260869565,finite
MP00020,matched_non_pattern,Matched non-pattern,nearest_nonpattern_rows_by_total_uncommon_hybrid_and_pattern_evidence,Spatial_Reach_and_Route,Spatial_Reach_and_Route__x__Temporal_Sequential_Context,2,223,223,0,69,0.0,0.3094170403587444,0.0,finite
MP00020,matched_non_pattern,Matched non-pattern,nearest_nonpattern_rows_by_total_uncommon_hybrid_and_pattern_evidence,Temporal_Sequential_Context,Temporal_Sequential_Context__x__Turning_Dynamics,1,223,223,146,44,0.6547085201793722,0.19730941704035873,3.3181818181818183,finite
MP00020,matched_non_pattern,Matched non-pattern,nearest_nonpattern_rows_by_total_uncommon_hybrid_and_pattern_evidence,Temporal_Sequential_Context,Curvature_Geometry__x__Temporal_Sequential_Context,1,223,223,126,46,0.5650224215246636,0.2062780269058296,2.7391304347826084,finite
MP00020,matched_non_pattern,Matched non-pattern,nearest_nonpattern_rows_by_total_uncommon_hybrid_and_pattern_evidence,Temporal_Sequential_Context,Speed_Dynamics__x__Temporal_Sequential_Context,1,223,223,81,46,0.3632286995515695,0.2062780269058296,1.7608695652173911,finite
MP00020,matched_non_pattern,Matched non-pattern,nearest_nonpattern_rows_by_total_uncommon_hybrid_and_pattern_evidence,Temporal_Sequential_Context,Acceleration_Dynamics__x__Temporal_Sequential_Context,1,223,223,74,52,0.33183856502242154,0.23318385650224216,1.4230769230769231,finite
MP00020,matched_non_pattern,Matched non-pattern,nearest_nonpattern_rows_by_total_uncommon_hybrid_and_pattern_evidence,Temporal_Sequential_Context,Spatial_Reach_and_Route__x__Temporal_Sequential_Context,1,223,223,0,69,0.0,0.3094170403587444,0.0,finite
MP00020,near_miss,Near miss,one_missing_uncommonness_count,Spatial_Reach_and_Route,Spatial_Reach_and_Route__x__Turning_Dynamics,2,223,816,168,336,0.7533632286995515,0.4117647058823529,1.8295964125560538,finite
MP00020,near_miss,Near miss,one_missing_uncommonness_count,Spatial_Reach_and_Route,Curvature_Geometry__x__Spatial_Reach_and_Route,2,223,816,152,322,0.6816143497757847,0.3946078431372549,1.727320836698883,finite
MP00020,near_miss,Near miss,one_missing_uncommonness_count,Spatial_Reach_and_Route,Spatial_Reach_and_Route__x__Speed_Dynamics,2,223,816,97,265,0.4349775784753363,0.3247549019607843,1.3394026567391488,finite
MP00020,near_miss,Near miss,one_missing_uncommonness_count,Spatial_Reach_and_Route,Acceleration_Dynamics__x__Spatial_Reach_and_Route,2,223,816,83,256,0.3721973094170404,0.3137254901960784,1.1863789237668163,finite
MP00020,near_miss,Near miss,one_missing_uncommonness_count,Spatial_Reach_and_Route,Spatial_Reach_and_Route__x__Temporal_Sequential_Context,2,223,816,0,339,0.0,0.41544117647058826,0.0,finite
MP00020,near_miss,Near miss,one_missing_uncommonness_count,Temporal_Sequential_Context,Temporal_Sequential_Context__x__Turning_Dynamics,1,223,816,146,147,0.6547085201793722,0.1801470588235294,3.634300356914066,finite
MP00020,near_miss,Near miss,one_missing_uncommonness_count,Temporal_Sequential_Context,Curvature_Geometry__x__Temporal_Sequential_Context,1,223,816,126,120,0.5650224215246636,0.14705882352941177,3.8421524663677125,finite
MP00020,near_miss,Near miss,one_missing_uncommonness_count,Temporal_Sequential_Context,Speed_Dynamics__x__Temporal_Sequential_Context,1,223,816,81,67,0.3632286995515695,0.0821078431372549,4.423800281105683,finite
MP00020,near_miss,Near miss,one_missing_uncommonness_count,Temporal_Sequential_Context,Acceleration_Dynamics__x__Temporal_Sequential_Context,1,223,816,74,76,0.33183856502242154,0.09313725490196079,3.5628982770828417,finite
MP00020,near_miss,Near miss,one_missing_uncommonness_count,Temporal_Sequential_Context,Spatial_Reach_and_Route__x__Temporal_Sequential_Context,1,223,816,0,0,0.0,0.0,,zero_both
MP00020,typical_normal,Typical normal,zero_uncommon_and_zero_hybrid_labels,Spatial_Reach_and_Route,Spatial_Reach_and_Route__x__Turning_Dynamics,2,223,703,168,0,0.7533632286995515,0.0,,zero_contrast
MP00020,typical_normal,Typical normal,zero_uncommon_and_zero_hybrid_labels,Spatial_Reach_and_Route,Curvature_Geometry__x__Spatial_Reach_and_Route,2,223,703,152,0,0.6816143497757847,0.0,,zero_contrast
MP00020,typical_normal,Typical normal,zero_uncommon_and_zero_hybrid_labels,Spatial_Reach_and_Route,Spatial_Reach_and_Route__x__Speed_Dynamics,2,223,703,97,0,0.4349775784753363,0.0,,zero_contrast
MP00020,typical_normal,Typical normal,zero_uncommon_and_zero_hybrid_labels,Spatial_Reach_and_Route,Acceleration_Dynamics__x__Spatial_Reach_and_Route,2,223,703,83,0,0.3721973094170404,0.0,,zero_contrast
MP00020,typical_normal,Typical normal,zero_uncommon_and_zero_hybrid_labels,Spatial_Reach_and_Route,Spatial_Reach_and_Route__x__Temporal_Sequential_Context,2,223,703,0,0,0.0,0.0,,zero_both
MP00020,typical_normal,Typical normal,zero_uncommon_and_zero_hybrid_labels,Temporal_Sequential_Context,Temporal_Sequential_Context__x__Turning_Dynamics,1,223,703,146,0,0.6547085201793722,0.0,,zero_contrast
MP00020,typical_normal,Typical normal,zero_uncommon_and_zero_hybrid_labels,Temporal_Sequential_Context,Curvature_Geometry__x__Temporal_Sequential_Context,1,223,703,126,0,0.5650224215246636,0.0,,zero_contrast
MP00020,typical_normal,Typical normal,zero_uncommon_and_zero_hybrid_labels,Temporal_Sequential_Context,Speed_Dynamics__x__Temporal_Sequential_Context,1,223,703,81,0,0.3632286995515695,0.0,,zero_contrast
MP00020,typical_normal,Typical normal,zero_uncommon_and_zero_hybrid_labels,Temporal_Sequential_Context,Acceleration_Dynamics__x__Temporal_Sequential_Context,1,223,703,74,0,0.33183856502242154,0.0,,zero_contrast
MP00020,typical_normal,Typical normal,zero_uncommon_and_zero_hybrid_labels,Temporal_Sequential_Context,Spatial_Reach_and_Route__x__Temporal_Sequential_Context,1,223,703,0,0,0.0,0.0,,zero_both
MP00021,matched_non_pattern,Matched non-pattern,nearest_nonpattern_rows_by_total_uncommon_hybrid_and_pattern_evidence,Curvature_Geometry,Curvature_Geometry__x__Speed_Dynamics,1,211,211,111,45,0.5260663507109005,0.2132701421800948,2.4666666666666663,finite
MP00021,matched_non_pattern,Matched non-pattern,nearest_nonpattern_rows_by_total_uncommon_hybrid_and_pattern_evidence,Curvature_Geometry,Acceleration_Dynamics__x__Curvature_Geometry,1,211,211,108,47,0.5118483412322274,0.22274881516587677,2.2978723404255317,finite
MP00021,matched_non_pattern,Matched non-pattern,nearest_nonpattern_rows_by_total_uncommon_hybrid_and_pattern_evidence,Curvature_Geometry,Curvature_Geometry__x__Spatial_Reach_and_Route,1,211,211,105,41,0.4976303317535545,0.1943127962085308,2.560975609756097,finite
MP00021,matched_non_pattern,Matched non-pattern,nearest_nonpattern_rows_by_total_uncommon_hybrid_and_pattern_evidence,Curvature_Geometry,Curvature_Geometry__x__Turning_Dynamics,1,211,211,98,42,0.46445497630331756,0.1990521327014218,2.3333333333333335,finite
MP00021,matched_non_pattern,Matched non-pattern,nearest_nonpattern_rows_by_total_uncommon_hybrid_and_pattern_evidence,Curvature_Geometry,Curvature_Geometry__x__Temporal_Sequential_Context,1,211,211,0,63,0.0,0.2985781990521327,0.0,finite
MP00021,matched_non_pattern,Matched non-pattern,nearest_nonpattern_rows_by_total_uncommon_hybrid_and_pattern_evidence,Temporal_Sequential_Context,Speed_Dynamics__x__Temporal_Sequential_Context,2,211,211,129,37,0.6113744075829384,0.17535545023696683,3.4864864864864864,finite
MP00021,matched_non_pattern,Matched non-pattern,nearest_nonpattern_rows_by_total_uncommon_hybrid_and_pattern_evidence,Temporal_Sequential_Context,Acceleration_Dynamics__x__Temporal_Sequential_Context,2,211,211,128,44,0.6066350710900474,0.20853080568720378,2.9090909090909096,finite
MP00021,matched_non_pattern,Matched non-pattern,nearest_nonpattern_rows_by_total_uncommon_hybrid_and_pattern_evidence,Temporal_Sequential_Context,Spatial_Reach_and_Route__x__Temporal_Sequential_Context,2,211,211,125,37,0.5924170616113744,0.17535545023696683,3.3783783783783785,finite
MP00021,matched_non_pattern,Matched non-pattern,nearest_nonpattern_rows_by_total_uncommon_hybrid_and_pattern_evidence,Temporal_Sequential_Context,Temporal_Sequential_Context__x__Turning_Dynamics,2,211,211,113,57,0.5355450236966824,0.27014218009478674,1.982456140350877,finite
MP00021,matched_non_pattern,Matched non-pattern,nearest_nonpattern_rows_by_total_uncommon_hybrid_and_pattern_evidence,Temporal_Sequential_Context,Curvature_Geometry__x__Temporal_Sequential_Context,2,211,211,0,82,0.0,0.3886255924170616,0.0,finite
MP00021,near_miss,Near miss,one_missing_uncommonness_count,Curvature_Geometry,Curvature_Geometry__x__Speed_Dynamics,1,211,821,111,81,0.5260663507109005,0.09866017052375152,5.3321046164648065,finite
MP00021,near_miss,Near miss,one_missing_uncommonness_count,Curvature_Geometry,Acceleration_Dynamics__x__Curvature_Geometry,1,211,821,108,81,0.5118483412322274,0.09866017052375152,5.187993680884676,finite
MP00021,near_miss,Near miss,one_missing_uncommonness_count,Curvature_Geometry,Curvature_Geometry__x__Spatial_Reach_and_Route,1,211,821,105,80,0.4976303317535545,0.09744214372716199,5.106931279620853,finite
MP00021,near_miss,Near miss,one_missing_uncommonness_count,Curvature_Geometry,Curvature_Geometry__x__Turning_Dynamics,1,211,821,98,125,0.46445497630331756,0.15225334957369063,3.0505402843601894,finite
MP00021,near_miss,Near miss,one_missing_uncommonness_count,Curvature_Geometry,Curvature_Geometry__x__Temporal_Sequential_Context,1,211,821,0,0,0.0,0.0,,zero_both
MP00021,near_miss,Near miss,one_missing_uncommonness_count,Temporal_Sequential_Context,Speed_Dynamics__x__Temporal_Sequential_Context,2,211,821,129,281,0.6113744075829384,0.34226552984165654,1.7862576107672326,finite
MP00021,near_miss,Near miss,one_missing_uncommonness_count,Temporal_Sequential_Context,Acceleration_Dynamics__x__Temporal_Sequential_Context,2,211,821,128,294,0.6066350710900474,0.35809987819732036,1.6940387529419352,finite
MP00021,near_miss,Near miss,one_missing_uncommonness_count,Temporal_Sequential_Context,Spatial_Reach_and_Route__x__Temporal_Sequential_Context,2,211,821,125,310,0.5924170616113744,0.37758830694275275,1.5689497018804464,finite
MP00021,near_miss,Near miss,one_missing_uncommonness_count,Temporal_Sequential_Context,Temporal_Sequential_Context__x__Turning_Dynamics,2,211,821,113,399,0.5355450236966824,0.48599269183922045,1.101961063796933,finite
MP00021,near_miss,Near miss,one_missing_uncommonness_count,Temporal_Sequential_Context,Curvature_Geometry__x__Temporal_Sequential_Context,2,211,821,0,387,0.0,0.4713763702801462,0.0,finite
MP00021,typical_normal,Typical normal,zero_uncommon_and_zero_hybrid_labels,Curvature_Geometry,Curvature_Geometry__x__Speed_Dynamics,1,211,703,111,0,0.5260663507109005,0.0,,zero_contrast
MP00021,typical_normal,Typical normal,zero_uncommon_and_zero_hybrid_labels,Curvature_Geometry,Acceleration_Dynamics__x__Curvature_Geometry,1,211,703,108,0,0.5118483412322274,0.0,,zero_contrast
MP00021,typical_normal,Typical normal,zero_uncommon_and_zero_hybrid_labels,Curvature_Geometry,Curvature_Geometry__x__Spatial_Reach_and_Route,1,211,703,105,0,0.4976303317535545,0.0,,zero_contrast
MP00021,typical_normal,Typical normal,zero_uncommon_and_zero_hybrid_labels,Curvature_Geometry,Curvature_Geometry__x__Turning_Dynamics,1,211,703,98,0,0.46445497630331756,0.0,,zero_contrast
MP00021,typical_normal,Typical normal,zero_uncommon_and_zero_hybrid_labels,Curvature_Geometry,Curvature_Geometry__x__Temporal_Sequential_Context,1,211,703,0,0,0.0,0.0,,zero_both
MP00021,typical_normal,Typical normal,zero_uncommon_and_zero_hybrid_labels,Temporal_Sequential_Context,Speed_Dynamics__x__Temporal_Sequential_Context,2,211,703,129,0,0.6113744075829384,0.0,,zero_contrast
MP00021,typical_normal,Typical normal,zero_uncommon_and_zero_hybrid_labels,Temporal_Sequential_Context,Acceleration_Dynamics__x__Temporal_Sequential_Context,2,211,703,128,0,0.6066350710900474,0.0,,zero_contrast
MP00021,typical_normal,Typical normal,zero_uncommon_and_zero_hybrid_labels,Temporal_Sequential_Context,Spatial_Reach_and_Route__x__Temporal_Sequential_Context,2,211,703,125,0,0.5924170616113744,0.0,,zero_contrast
MP00021,typical_normal,Typical normal,zero_uncommon_and_zero_hybrid_labels,Temporal_Sequential_Context,Temporal_Sequential_Context__x__Turning_Dynamics,2,211,703,113,0,0.5355450236966824,0.0,,zero_contrast
MP00021,typical_normal,Typical normal,zero_uncommon_and_zero_hybrid_labels,Temporal_Sequential_Context,Curvature_Geometry__x__Temporal_Sequential_Context,2,211,703,0,0,0.0,0.0,,zero_both
MP00022,matched_non_pattern,Matched non-pattern,nearest_nonpattern_rows_by_total_uncommon_hybrid_and_pattern_evidence,Acceleration_Dynamics,Acceleration_Dynamics__x__Speed_Dynamics,1,220,220,113,33,0.5136363636363637,0.15,3.4242424242424248,finite
MP00022,matched_non_pattern,Matched non-pattern,nearest_nonpattern_rows_by_total_uncommon_hybrid_and_pattern_evidence,Acceleration_Dynamics,Acceleration_Dynamics__x__Curvature_Geometry,1,220,220,105,44,0.4772727272727273,0.2,2.3863636363636362,finite
MP00022,matched_non_pattern,Matched non-pattern,nearest_nonpattern_rows_by_total_uncommon_hybrid_and_pattern_evidence,Acceleration_Dynamics,Acceleration_Dynamics__x__Temporal_Sequential_Context,1,220,220,103,39,0.4681818181818182,0.17727272727272728,2.641025641025641,finite
MP00022,matched_non_pattern,Matched non-pattern,nearest_nonpattern_rows_by_total_uncommon_hybrid_and_pattern_evidence,Acceleration_Dynamics,Acceleration_Dynamics__x__Spatial_Reach_and_Route,1,220,220,102,38,0.4636363636363636,0.17272727272727273,2.6842105263157894,finite
MP00022,matched_non_pattern,Matched non-pattern,nearest_nonpattern_rows_by_total_uncommon_hybrid_and_pattern_evidence,Acceleration_Dynamics,Acceleration_Dynamics__x__Turning_Dynamics,1,220,220,0,67,0.0,0.30454545454545456,0.0,finite
MP00022,matched_non_pattern,Matched non-pattern,nearest_nonpattern_rows_by_total_uncommon_hybrid_and_pattern_evidence,Turning_Dynamics,Speed_Dynamics__x__Turning_Dynamics,2,220,220,140,50,0.6363636363636364,0.22727272727272727,2.8000000000000003,finite
MP00022,matched_non_pattern,Matched non-pattern,nearest_nonpattern_rows_by_total_uncommon_hybrid_and_pattern_evidence,Turning_Dynamics,Spatial_Reach_and_Route__x__Turning_Dynamics,2,220,220,130,62,0.5909090909090909,0.2818181818181818,2.0967741935483875,finite
MP00022,matched_non_pattern,Matched non-pattern,nearest_nonpattern_rows_by_total_uncommon_hybrid_and_pattern_evidence,Turning_Dynamics,Curvature_Geometry__x__Turning_Dynamics,2,220,220,128,51,0.5818181818181818,0.2318181818181818,2.5098039215686274,finite
MP00022,matched_non_pattern,Matched non-pattern,nearest_nonpattern_rows_by_total_uncommon_hybrid_and_pattern_evidence,Turning_Dynamics,Temporal_Sequential_Context__x__Turning_Dynamics,2,220,220,126,63,0.5727272727272728,0.2863636363636364,2.0,finite
MP00022,matched_non_pattern,Matched non-pattern,nearest_nonpattern_rows_by_total_uncommon_hybrid_and_pattern_evidence,Turning_Dynamics,Acceleration_Dynamics__x__Turning_Dynamics,2,220,220,0,88,0.0,0.4,0.0,finite
MP00022,near_miss,Near miss,one_missing_uncommonness_count,Acceleration_Dynamics,Acceleration_Dynamics__x__Speed_Dynamics,1,220,894,113,75,0.5136363636363637,0.08389261744966443,6.122545454545454,finite
MP00022,near_miss,Near miss,one_missing_uncommonness_count,Acceleration_Dynamics,Acceleration_Dynamics__x__Curvature_Geometry,1,220,894,105,111,0.4772727272727273,0.12416107382550336,3.843980343980344,finite
MP00022,near_miss,Near miss,one_missing_uncommonness_count,Acceleration_Dynamics,Acceleration_Dynamics__x__Temporal_Sequential_Context,1,220,894,103,89,0.4681818181818182,0.09955257270693513,4.702860061287027,finite
MP00022,near_miss,Near miss,one_missing_uncommonness_count,Acceleration_Dynamics,Acceleration_Dynamics__x__Spatial_Reach_and_Route,1,220,894,102,67,0.4636363636363636,0.07494407158836688,6.186431478968792,finite
MP00022,near_miss,Near miss,one_missing_uncommonness_count,Acceleration_Dynamics,Acceleration_Dynamics__x__Turning_Dynamics,1,220,894,0,0,0.0,0.0,,zero_both
MP00022,near_miss,Near miss,one_missing_uncommonness_count,Turning_Dynamics,Speed_Dynamics__x__Turning_Dynamics,2,220,894,140,393,0.6363636363636364,0.4395973154362416,1.4476058292852187,finite
MP00022,near_miss,Near miss,one_missing_uncommonness_count,Turning_Dynamics,Spatial_Reach_and_Route__x__Turning_Dynamics,2,220,894,130,379,0.5909090909090909,0.42393736017897093,1.39385943871432,finite
MP00022,near_miss,Near miss,one_missing_uncommonness_count,Turning_Dynamics,Curvature_Geometry__x__Turning_Dynamics,2,220,894,128,373,0.5818181818181818,0.4172259507829978,1.3944918352425053,finite
MP00022,near_miss,Near miss,one_missing_uncommonness_count,Turning_Dynamics,Temporal_Sequential_Context__x__Turning_Dynamics,2,220,894,126,415,0.5727272727272728,0.46420581655480986,1.2337787513691127,finite
MP00022,near_miss,Near miss,one_missing_uncommonness_count,Turning_Dynamics,Acceleration_Dynamics__x__Turning_Dynamics,2,220,894,0,448,0.0,0.5011185682326622,0.0,finite
MP00022,typical_normal,Typical normal,zero_uncommon_and_zero_hybrid_labels,Acceleration_Dynamics,Acceleration_Dynamics__x__Speed_Dynamics,1,220,703,113,0,0.5136363636363637,0.0,,zero_contrast
MP00022,typical_normal,Typical normal,zero_uncommon_and_zero_hybrid_labels,Acceleration_Dynamics,Acceleration_Dynamics__x__Curvature_Geometry,1,220,703,105,0,0.4772727272727273,0.0,,zero_contrast
MP00022,typical_normal,Typical normal,zero_uncommon_and_zero_hybrid_labels,Acceleration_Dynamics,Acceleration_Dynamics__x__Temporal_Sequential_Context,1,220,703,103,0,0.4681818181818182,0.0,,zero_contrast
MP00022,typical_normal,Typical normal,zero_uncommon_and_zero_hybrid_labels,Acceleration_Dynamics,Acceleration_Dynamics__x__Spatial_Reach_and_Route,1,220,703,102,0,0.4636363636363636,0.0,,zero_contrast
MP00022,typical_normal,Typical normal,zero_uncommon_and_zero_hybrid_labels,Acceleration_Dynamics,Acceleration_Dynamics__x__Turning_Dynamics,1,220,703,0,0,0.0,0.0,,zero_both
MP00022,typical_normal,Typical normal,zero_uncommon_and_zero_hybrid_labels,Turning_Dynamics,Speed_Dynamics__x__Turning_Dynamics,2,220,703,140,0,0.6363636363636364,0.0,,zero_contrast
MP00022,typical_normal,Typical normal,zero_uncommon_and_zero_hybrid_labels,Turning_Dynamics,Spatial_Reach_and_Route__x__Turning_Dynamics,2,220,703,130,0,0.5909090909090909,0.0,,zero_contrast
MP00022,typical_normal,Typical normal,zero_uncommon_and_zero_hybrid_labels,Turning_Dynamics,Curvature_Geometry__x__Turning_Dynamics,2,220,703,128,0,0.5818181818181818,0.0,,zero_contrast
MP00022,typical_normal,Typical normal,zero_uncommon_and_zero_hybrid_labels,Turning_Dynamics,Temporal_Sequential_Context__x__Turning_Dynamics,2,220,703,126,0,0.5727272727272728,0.0,,zero_contrast
MP00022,typical_normal,Typical normal,zero_uncommon_and_zero_hybrid_labels,Turning_Dynamics,Acceleration_Dynamics__x__Turning_Dynamics,2,220,703,0,0,0.0,0.0,,zero_both
MP00023,matched_non_pattern,Matched non-pattern,nearest_nonpattern_rows_by_total_uncommon_hybrid_and_pattern_evidence,Curvature_Geometry,Curvature_Geometry__x__Spatial_Reach_and_Route,2,240,240,147,48,0.6125,0.2,3.0625,finite
MP00023,matched_non_pattern,Matched non-pattern,nearest_nonpattern_rows_by_total_uncommon_hybrid_and_pattern_evidence,Curvature_Geometry,Curvature_Geometry__x__Temporal_Sequential_Context,2,240,240,147,60,0.6125,0.25,2.45,finite
MP00023,matched_non_pattern,Matched non-pattern,nearest_nonpattern_rows_by_total_uncommon_hybrid_and_pattern_evidence,Curvature_Geometry,Acceleration_Dynamics__x__Curvature_Geometry,2,240,240,139,61,0.5791666666666667,0.25416666666666665,2.2786885245901645,finite
MP00023,matched_non_pattern,Matched non-pattern,nearest_nonpattern_rows_by_total_uncommon_hybrid_and_pattern_evidence,Curvature_Geometry,Curvature_Geometry__x__Turning_Dynamics,2,240,240,130,47,0.5416666666666666,0.19583333333333333,2.7659574468085104,finite
MP00023,matched_non_pattern,Matched non-pattern,nearest_nonpattern_rows_by_total_uncommon_hybrid_and_pattern_evidence,Curvature_Geometry,Curvature_Geometry__x__Speed_Dynamics,2,240,240,0,81,0.0,0.3375,0.0,finite
MP00023,matched_non_pattern,Matched non-pattern,nearest_nonpattern_rows_by_total_uncommon_hybrid_and_pattern_evidence,Speed_Dynamics,Spatial_Reach_and_Route__x__Speed_Dynamics,1,240,240,131,44,0.5458333333333333,0.18333333333333332,2.977272727272727,finite
MP00023,matched_non_pattern,Matched non-pattern,nearest_nonpattern_rows_by_total_uncommon_hybrid_and_pattern_evidence,Speed_Dynamics,Speed_Dynamics__x__Temporal_Sequential_Context,1,240,240,125,54,0.5208333333333334,0.225,2.314814814814815,finite
MP00023,matched_non_pattern,Matched non-pattern,nearest_nonpattern_rows_by_total_uncommon_hybrid_and_pattern_evidence,Speed_Dynamics,Acceleration_Dynamics__x__Speed_Dynamics,1,240,240,114,43,0.475,0.17916666666666667,2.6511627906976742,finite
MP00023,matched_non_pattern,Matched non-pattern,nearest_nonpattern_rows_by_total_uncommon_hybrid_and_pattern_evidence,Speed_Dynamics,Speed_Dynamics__x__Turning_Dynamics,1,240,240,112,54,0.4666666666666667,0.225,2.074074074074074,finite
MP00023,matched_non_pattern,Matched non-pattern,nearest_nonpattern_rows_by_total_uncommon_hybrid_and_pattern_evidence,Speed_Dynamics,Curvature_Geometry__x__Speed_Dynamics,1,240,240,0,73,0.0,0.30416666666666664,0.0,finite
MP00023,near_miss,Near miss,one_missing_uncommonness_count,Curvature_Geometry,Curvature_Geometry__x__Spatial_Reach_and_Route,2,240,872,147,339,0.6125,0.38876146788990823,1.5755162241887908,finite
MP00023,near_miss,Near miss,one_missing_uncommonness_count,Curvature_Geometry,Curvature_Geometry__x__Temporal_Sequential_Context,2,240,872,147,369,0.6125,0.4231651376146789,1.4474254742547428,finite
MP00023,near_miss,Near miss,one_missing_uncommonness_count,Curvature_Geometry,Acceleration_Dynamics__x__Curvature_Geometry,2,240,872,139,358,0.5791666666666667,0.4105504587155963,1.410707635009311,finite
MP00023,near_miss,Near miss,one_missing_uncommonness_count,Curvature_Geometry,Curvature_Geometry__x__Turning_Dynamics,2,240,872,130,349,0.5416666666666666,0.40022935779816515,1.353390639923591,finite
MP00023,near_miss,Near miss,one_missing_uncommonness_count,Curvature_Geometry,Curvature_Geometry__x__Speed_Dynamics,2,240,872,0,432,0.0,0.4954128440366973,0.0,finite
MP00023,near_miss,Near miss,one_missing_uncommonness_count,Speed_Dynamics,Spatial_Reach_and_Route__x__Speed_Dynamics,1,240,872,131,70,0.5458333333333333,0.08027522935779817,6.799523809523809,finite
MP00023,near_miss,Near miss,one_missing_uncommonness_count,Speed_Dynamics,Speed_Dynamics__x__Temporal_Sequential_Context,1,240,872,125,88,0.5208333333333334,0.10091743119266056,5.160984848484849,finite
MP00023,near_miss,Near miss,one_missing_uncommonness_count,Speed_Dynamics,Acceleration_Dynamics__x__Speed_Dynamics,1,240,872,114,78,0.475,0.08944954128440367,5.31025641025641,finite
MP00023,near_miss,Near miss,one_missing_uncommonness_count,Speed_Dynamics,Speed_Dynamics__x__Turning_Dynamics,1,240,872,112,119,0.4666666666666667,0.13646788990825687,3.419607843137255,finite
MP00023,near_miss,Near miss,one_missing_uncommonness_count,Speed_Dynamics,Curvature_Geometry__x__Speed_Dynamics,1,240,872,0,0,0.0,0.0,,zero_both
MP00023,typical_normal,Typical normal,zero_uncommon_and_zero_hybrid_labels,Curvature_Geometry,Curvature_Geometry__x__Spatial_Reach_and_Route,2,240,703,147,0,0.6125,0.0,,zero_contrast
MP00023,typical_normal,Typical normal,zero_uncommon_and_zero_hybrid_labels,Curvature_Geometry,Curvature_Geometry__x__Temporal_Sequential_Context,2,240,703,147,0,0.6125,0.0,,zero_contrast
MP00023,typical_normal,Typical normal,zero_uncommon_and_zero_hybrid_labels,Curvature_Geometry,Acceleration_Dynamics__x__Curvature_Geometry,2,240,703,139,0,0.5791666666666667,0.0,,zero_contrast
MP00023,typical_normal,Typical normal,zero_uncommon_and_zero_hybrid_labels,Curvature_Geometry,Curvature_Geometry__x__Turning_Dynamics,2,240,703,130,0,0.5416666666666666,0.0,,zero_contrast
MP00023,typical_normal,Typical normal,zero_uncommon_and_zero_hybrid_labels,Curvature_Geometry,Curvature_Geometry__x__Speed_Dynamics,2,240,703,0,0,0.0,0.0,,zero_both
MP00023,typical_normal,Typical normal,zero_uncommon_and_zero_hybrid_labels,Speed_Dynamics,Spatial_Reach_and_Route__x__Speed_Dynamics,1,240,703,131,0,0.5458333333333333,0.0,,zero_contrast
MP00023,typical_normal,Typical normal,zero_uncommon_and_zero_hybrid_labels,Speed_Dynamics,Speed_Dynamics__x__Temporal_Sequential_Context,1,240,703,125,0,0.5208333333333334,0.0,,zero_contrast
MP00023,typical_normal,Typical normal,zero_uncommon_and_zero_hybrid_labels,Speed_Dynamics,Acceleration_Dynamics__x__Speed_Dynamics,1,240,703,114,0,0.475,0.0,,zero_contrast
MP00023,typical_normal,Typical normal,zero_uncommon_and_zero_hybrid_labels,Speed_Dynamics,Speed_Dynamics__x__Turning_Dynamics,1,240,703,112,0,0.4666666666666667,0.0,,zero_contrast
MP00023,typical_normal,Typical normal,zero_uncommon_and_zero_hybrid_labels,Speed_Dynamics,Curvature_Geometry__x__Speed_Dynamics,1,240,703,0,0,0.0,0.0,,zero_both
MP00024,matched_non_pattern,Matched non-pattern,nearest_nonpattern_rows_by_total_uncommon_hybrid_and_pattern_evidence,Curvature_Geometry,Curvature_Geometry__x__Spatial_Reach_and_Route,2,219,219,131,54,0.5981735159817352,0.2465753424657534,2.425925925925926,finite
MP00024,matched_non_pattern,Matched non-pattern,nearest_nonpattern_rows_by_total_uncommon_hybrid_and_pattern_evidence,Curvature_Geometry,Curvature_Geometry__x__Speed_Dynamics,2,219,219,130,56,0.593607305936073,0.2557077625570776,2.3214285714285716,finite
MP00024,matched_non_pattern,Matched non-pattern,nearest_nonpattern_rows_by_total_uncommon_hybrid_and_pattern_evidence,Curvature_Geometry,Acceleration_Dynamics__x__Curvature_Geometry,2,219,219,125,62,0.5707762557077626,0.2831050228310502,2.0161290322580645,finite
MP00024,matched_non_pattern,Matched non-pattern,nearest_nonpattern_rows_by_total_uncommon_hybrid_and_pattern_evidence,Curvature_Geometry,Curvature_Geometry__x__Turning_Dynamics,2,219,219,122,45,0.5570776255707762,0.2054794520547945,2.7111111111111112,finite
MP00024,matched_non_pattern,Matched non-pattern,nearest_nonpattern_rows_by_total_uncommon_hybrid_and_pattern_evidence,Curvature_Geometry,Curvature_Geometry__x__Temporal_Sequential_Context,2,219,219,0,88,0.0,0.4018264840182648,0.0,finite
MP00024,matched_non_pattern,Matched non-pattern,nearest_nonpattern_rows_by_total_uncommon_hybrid_and_pattern_evidence,Temporal_Sequential_Context,Spatial_Reach_and_Route__x__Temporal_Sequential_Context,1,219,219,111,33,0.5068493150684932,0.1506849315068493,3.363636363636364,finite
MP00024,matched_non_pattern,Matched non-pattern,nearest_nonpattern_rows_by_total_uncommon_hybrid_and_pattern_evidence,Temporal_Sequential_Context,Acceleration_Dynamics__x__Temporal_Sequential_Context,1,219,219,109,36,0.4977168949771689,0.1643835616438356,3.0277777777777777,finite
MP00024,matched_non_pattern,Matched non-pattern,nearest_nonpattern_rows_by_total_uncommon_hybrid_and_pattern_evidence,Temporal_Sequential_Context,Speed_Dynamics__x__Temporal_Sequential_Context,1,219,219,107,31,0.4885844748858447,0.1415525114155251,3.4516129032258065,finite
MP00024,matched_non_pattern,Matched non-pattern,nearest_nonpattern_rows_by_total_uncommon_hybrid_and_pattern_evidence,Temporal_Sequential_Context,Temporal_Sequential_Context__x__Turning_Dynamics,1,219,219,100,49,0.45662100456621,0.2237442922374429,2.0408163265306123,finite
MP00024,matched_non_pattern,Matched non-pattern,nearest_nonpattern_rows_by_total_uncommon_hybrid_and_pattern_evidence,Temporal_Sequential_Context,Curvature_Geometry__x__Temporal_Sequential_Context,1,219,219,0,67,0.0,0.3059360730593607,0.0,finite
MP00024,near_miss,Near miss,one_missing_uncommonness_count,Curvature_Geometry,Curvature_Geometry__x__Spatial_Reach_and_Route,2,219,892,131,355,0.5981735159817352,0.39798206278026904,1.503016271142839,finite
MP00024,near_miss,Near miss,one_missing_uncommonness_count,Curvature_Geometry,Curvature_Geometry__x__Speed_Dynamics,2,219,892,130,364,0.593607305936073,0.4080717488789238,1.4546640574037832,finite
MP00024,near_miss,Near miss,one_missing_uncommonness_count,Curvature_Geometry,Acceleration_Dynamics__x__Curvature_Geometry,2,219,892,125,380,0.5707762557077626,0.4260089686098655,1.3398221581350638,finite
MP00024,near_miss,Near miss,one_missing_uncommonness_count,Curvature_Geometry,Curvature_Geometry__x__Turning_Dynamics,2,219,892,122,358,0.5570776255707762,0.4013452914798206,1.3880258156679677,finite
MP00024,near_miss,Near miss,one_missing_uncommonness_count,Curvature_Geometry,Curvature_Geometry__x__Temporal_Sequential_Context,2,219,892,0,444,0.0,0.4977578475336323,0.0,finite
MP00024,near_miss,Near miss,one_missing_uncommonness_count,Temporal_Sequential_Context,Spatial_Reach_and_Route__x__Temporal_Sequential_Context,1,219,892,111,75,0.5068493150684932,0.08408071748878924,6.028127853881278,finite
MP00024,near_miss,Near miss,one_missing_uncommonness_count,Temporal_Sequential_Context,Acceleration_Dynamics__x__Temporal_Sequential_Context,1,219,892,109,83,0.4977168949771689,0.0930493273542601,5.348957473730538,finite
MP00024,near_miss,Near miss,one_missing_uncommonness_count,Temporal_Sequential_Context,Speed_Dynamics__x__Temporal_Sequential_Context,1,219,892,107,81,0.4885844748858447,0.09080717488789238,5.380461130841648,finite
MP00024,near_miss,Near miss,one_missing_uncommonness_count,Temporal_Sequential_Context,Temporal_Sequential_Context__x__Turning_Dynamics,1,219,892,100,118,0.45662100456621,0.13228699551569506,3.4517452209581303,finite
MP00024,near_miss,Near miss,one_missing_uncommonness_count,Temporal_Sequential_Context,Curvature_Geometry__x__Temporal_Sequential_Context,1,219,892,0,0,0.0,0.0,,zero_both
MP00024,typical_normal,Typical normal,zero_uncommon_and_zero_hybrid_labels,Curvature_Geometry,Curvature_Geometry__x__Spatial_Reach_and_Route,2,219,703,131,0,0.5981735159817352,0.0,,zero_contrast
MP00024,typical_normal,Typical normal,zero_uncommon_and_zero_hybrid_labels,Curvature_Geometry,Curvature_Geometry__x__Speed_Dynamics,2,219,703,130,0,0.593607305936073,0.0,,zero_contrast
MP00024,typical_normal,Typical normal,zero_uncommon_and_zero_hybrid_labels,Curvature_Geometry,Acceleration_Dynamics__x__Curvature_Geometry,2,219,703,125,0,0.5707762557077626,0.0,,zero_contrast
MP00024,typical_normal,Typical normal,zero_uncommon_and_zero_hybrid_labels,Curvature_Geometry,Curvature_Geometry__x__Turning_Dynamics,2,219,703,122,0,0.5570776255707762,0.0,,zero_contrast
MP00024,typical_normal,Typical normal,zero_uncommon_and_zero_hybrid_labels,Curvature_Geometry,Curvature_Geometry__x__Temporal_Sequential_Context,2,219,703,0,0,0.0,0.0,,zero_both
MP00024,typical_normal,Typical normal,zero_uncommon_and_zero_hybrid_labels,Temporal_Sequential_Context,Spatial_Reach_and_Route__x__Temporal_Sequential_Context,1,219,703,111,0,0.5068493150684932,0.0,,zero_contrast
MP00024,typical_normal,Typical normal,zero_uncommon_and_zero_hybrid_labels,Temporal_Sequential_Context,Acceleration_Dynamics__x__Temporal_Sequential_Context,1,219,703,109,0,0.4977168949771689,0.0,,zero_contrast
MP00024,typical_normal,Typical normal,zero_uncommon_and_zero_hybrid_labels,Temporal_Sequential_Context,Speed_Dynamics__x__Temporal_Sequential_Context,1,219,703,107,0,0.4885844748858447,0.0,,zero_contrast
MP00024,typical_normal,Typical normal,zero_uncommon_and_zero_hybrid_labels,Temporal_Sequential_Context,Temporal_Sequential_Context__x__Turning_Dynamics,1,219,703,100,0,0.45662100456621,0.0,,zero_contrast
MP00024,typical_normal,Typical normal,zero_uncommon_and_zero_hybrid_labels,Temporal_Sequential_Context,Curvature_Geometry__x__Temporal_Sequential_Context,1,219,703,0,0,0.0,0.0,,zero_both
MP00025,matched_non_pattern,Matched non-pattern,nearest_nonpattern_rows_by_total_uncommon_hybrid_and_pattern_evidence,Speed_Dynamics,Speed_Dynamics__x__Turning_Dynamics,2,207,207,131,33,0.6328502415458938,0.15942028985507245,3.96969696969697,finite
MP00025,matched_non_pattern,Matched non-pattern,nearest_nonpattern_rows_by_total_uncommon_hybrid_and_pattern_evidence,Speed_Dynamics,Curvature_Geometry__x__Speed_Dynamics,2,207,207,127,35,0.6135265700483091,0.16908212560386474,3.628571428571428,finite
MP00025,matched_non_pattern,Matched non-pattern,nearest_nonpattern_rows_by_total_uncommon_hybrid_and_pattern_evidence,Speed_Dynamics,Acceleration_Dynamics__x__Speed_Dynamics,2,207,207,111,35,0.5362318840579711,0.16908212560386474,3.1714285714285717,finite
MP00025,matched_non_pattern,Matched non-pattern,nearest_nonpattern_rows_by_total_uncommon_hybrid_and_pattern_evidence,Speed_Dynamics,Spatial_Reach_and_Route__x__Speed_Dynamics,2,207,207,105,30,0.5072463768115942,0.14492753623188406,3.5,finite
MP00025,matched_non_pattern,Matched non-pattern,nearest_nonpattern_rows_by_total_uncommon_hybrid_and_pattern_evidence,Speed_Dynamics,Speed_Dynamics__x__Temporal_Sequential_Context,2,207,207,0,57,0.0,0.2753623188405797,0.0,finite
MP00025,matched_non_pattern,Matched non-pattern,nearest_nonpattern_rows_by_total_uncommon_hybrid_and_pattern_evidence,Temporal_Sequential_Context,Curvature_Geometry__x__Temporal_Sequential_Context,1,207,207,111,34,0.5362318840579711,0.1642512077294686,3.264705882352941,finite
MP00025,matched_non_pattern,Matched non-pattern,nearest_nonpattern_rows_by_total_uncommon_hybrid_and_pattern_evidence,Temporal_Sequential_Context,Temporal_Sequential_Context__x__Turning_Dynamics,1,207,207,109,38,0.5265700483091788,0.18357487922705315,2.8684210526315788,finite
MP00025,matched_non_pattern,Matched non-pattern,nearest_nonpattern_rows_by_total_uncommon_hybrid_and_pattern_evidence,Temporal_Sequential_Context,Spatial_Reach_and_Route__x__Temporal_Sequential_Context,1,207,207,100,35,0.4830917874396135,0.16908212560386474,2.857142857142857,finite
MP00025,matched_non_pattern,Matched non-pattern,nearest_nonpattern_rows_by_total_uncommon_hybrid_and_pattern_evidence,Temporal_Sequential_Context,Acceleration_Dynamics__x__Temporal_Sequential_Context,1,207,207,99,28,0.4782608695652174,0.13526570048309178,3.535714285714286,finite
MP00025,matched_non_pattern,Matched non-pattern,nearest_nonpattern_rows_by_total_uncommon_hybrid_and_pattern_evidence,Temporal_Sequential_Context,Speed_Dynamics__x__Temporal_Sequential_Context,1,207,207,0,56,0.0,0.27053140096618356,0.0,finite
MP00025,near_miss,Near miss,one_missing_uncommonness_count,Speed_Dynamics,Speed_Dynamics__x__Turning_Dynamics,2,207,842,131,358,0.6328502415458938,0.4251781472684085,1.4884354843062642,finite
MP00025,near_miss,Near miss,one_missing_uncommonness_count,Speed_Dynamics,Curvature_Geometry__x__Speed_Dynamics,2,207,842,127,357,0.6135265700483091,0.42399049881235157,1.4470290531671604,finite
MP00025,near_miss,Near miss,one_missing_uncommonness_count,Speed_Dynamics,Acceleration_Dynamics__x__Speed_Dynamics,2,207,842,111,280,0.5362318840579711,0.332541567695962,1.6125258799171844,finite
MP00025,near_miss,Near miss,one_missing_uncommonness_count,Speed_Dynamics,Spatial_Reach_and_Route__x__Speed_Dynamics,2,207,842,105,303,0.5072463768115942,0.35985748218527314,1.409575740182714,finite
MP00025,near_miss,Near miss,one_missing_uncommonness_count,Speed_Dynamics,Speed_Dynamics__x__Temporal_Sequential_Context,2,207,842,0,388,0.0,0.46080760095011875,0.0,finite
MP00025,near_miss,Near miss,one_missing_uncommonness_count,Temporal_Sequential_Context,Curvature_Geometry__x__Temporal_Sequential_Context,1,207,842,111,121,0.5362318840579711,0.14370546318289787,3.7314648460893522,finite
MP00025,near_miss,Near miss,one_missing_uncommonness_count,Temporal_Sequential_Context,Temporal_Sequential_Context__x__Turning_Dynamics,1,207,842,109,137,0.5265700483091788,0.16270783847980996,3.236291829754223,finite
MP00025,near_miss,Near miss,one_missing_uncommonness_count,Temporal_Sequential_Context,Spatial_Reach_and_Route__x__Temporal_Sequential_Context,1,207,842,100,69,0.4830917874396135,0.08194774346793349,5.895120072813834,finite
MP00025,near_miss,Near miss,one_missing_uncommonness_count,Temporal_Sequential_Context,Acceleration_Dynamics__x__Temporal_Sequential_Context,1,207,842,99,72,0.4782608695652174,0.0855106888361045,5.592995169082126,finite
MP00025,near_miss,Near miss,one_missing_uncommonness_count,Temporal_Sequential_Context,Speed_Dynamics__x__Temporal_Sequential_Context,1,207,842,0,0,0.0,0.0,,zero_both
MP00025,typical_normal,Typical normal,zero_uncommon_and_zero_hybrid_labels,Speed_Dynamics,Speed_Dynamics__x__Turning_Dynamics,2,207,703,131,0,0.6328502415458938,0.0,,zero_contrast
MP00025,typical_normal,Typical normal,zero_uncommon_and_zero_hybrid_labels,Speed_Dynamics,Curvature_Geometry__x__Speed_Dynamics,2,207,703,127,0,0.6135265700483091,0.0,,zero_contrast
MP00025,typical_normal,Typical normal,zero_uncommon_and_zero_hybrid_labels,Speed_Dynamics,Acceleration_Dynamics__x__Speed_Dynamics,2,207,703,111,0,0.5362318840579711,0.0,,zero_contrast
MP00025,typical_normal,Typical normal,zero_uncommon_and_zero_hybrid_labels,Speed_Dynamics,Spatial_Reach_and_Route__x__Speed_Dynamics,2,207,703,105,0,0.5072463768115942,0.0,,zero_contrast
MP00025,typical_normal,Typical normal,zero_uncommon_and_zero_hybrid_labels,Speed_Dynamics,Speed_Dynamics__x__Temporal_Sequential_Context,2,207,703,0,0,0.0,0.0,,zero_both
MP00025,typical_normal,Typical normal,zero_uncommon_and_zero_hybrid_labels,Temporal_Sequential_Context,Curvature_Geometry__x__Temporal_Sequential_Context,1,207,703,111,0,0.5362318840579711,0.0,,zero_contrast
MP00025,typical_normal,Typical normal,zero_uncommon_and_zero_hybrid_labels,Temporal_Sequential_Context,Temporal_Sequential_Context__x__Turning_Dynamics,1,207,703,109,0,0.5265700483091788,0.0,,zero_contrast
MP00025,typical_normal,Typical normal,zero_uncommon_and_zero_hybrid_labels,Temporal_Sequential_Context,Spatial_Reach_and_Route__x__Temporal_Sequential_Context,1,207,703,100,0,0.4830917874396135,0.0,,zero_contrast
MP00025,typical_normal,Typical normal,zero_uncommon_and_zero_hybrid_labels,Temporal_Sequential_Context,Acceleration_Dynamics__x__Temporal_Sequential_Context,1,207,703,99,0,0.4782608695652174,0.0,,zero_contrast
MP00025,typical_normal,Typical normal,zero_uncommon_and_zero_hybrid_labels,Temporal_Sequential_Context,Speed_Dynamics__x__Temporal_Sequential_Context,1,207,703,0,0,0.0,0.0,,zero_both
MP00026,matched_non_pattern,Matched non-pattern,nearest_nonpattern_rows_by_total_uncommon_hybrid_and_pattern_evidence,Spatial_Reach_and_Route,Spatial_Reach_and_Route__x__Temporal_Sequential_Context,1,205,205,113,32,0.551219512195122,0.15609756097560976,3.5312500000000004,finite
MP00026,matched_non_pattern,Matched non-pattern,nearest_nonpattern_rows_by_total_uncommon_hybrid_and_pattern_evidence,Spatial_Reach_and_Route,Curvature_Geometry__x__Spatial_Reach_and_Route,1,205,205,93,32,0.45365853658536587,0.15609756097560976,2.90625,finite
MP00026,matched_non_pattern,Matched non-pattern,nearest_nonpattern_rows_by_total_uncommon_hybrid_and_pattern_evidence,Spatial_Reach_and_Route,Spatial_Reach_and_Route__x__Speed_Dynamics,1,205,205,93,27,0.45365853658536587,0.13170731707317074,3.444444444444444,finite
MP00026,matched_non_pattern,Matched non-pattern,nearest_nonpattern_rows_by_total_uncommon_hybrid_and_pattern_evidence,Spatial_Reach_and_Route,Acceleration_Dynamics__x__Spatial_Reach_and_Route,1,205,205,87,27,0.424390243902439,0.13170731707317074,3.222222222222222,finite
MP00026,matched_non_pattern,Matched non-pattern,nearest_nonpattern_rows_by_total_uncommon_hybrid_and_pattern_evidence,Spatial_Reach_and_Route,Spatial_Reach_and_Route__x__Turning_Dynamics,1,205,205,0,56,0.0,0.2731707317073171,0.0,finite
MP00026,matched_non_pattern,Matched non-pattern,nearest_nonpattern_rows_by_total_uncommon_hybrid_and_pattern_evidence,Turning_Dynamics,Temporal_Sequential_Context__x__Turning_Dynamics,2,205,205,136,62,0.6634146341463415,0.3024390243902439,2.1935483870967745,finite
MP00026,matched_non_pattern,Matched non-pattern,nearest_nonpattern_rows_by_total_uncommon_hybrid_and_pattern_evidence,Turning_Dynamics,Speed_Dynamics__x__Turning_Dynamics,2,205,205,120,52,0.5853658536585366,0.25365853658536586,2.3076923076923075,finite
MP00026,matched_non_pattern,Matched non-pattern,nearest_nonpattern_rows_by_total_uncommon_hybrid_and_pattern_evidence,Turning_Dynamics,Curvature_Geometry__x__Turning_Dynamics,2,205,205,114,55,0.5560975609756098,0.2682926829268293,2.0727272727272728,finite
MP00026,matched_non_pattern,Matched non-pattern,nearest_nonpattern_rows_by_total_uncommon_hybrid_and_pattern_evidence,Turning_Dynamics,Acceleration_Dynamics__x__Turning_Dynamics,2,205,205,108,65,0.526829268292683,0.3170731707317073,1.6615384615384616,finite
MP00026,matched_non_pattern,Matched non-pattern,nearest_nonpattern_rows_by_total_uncommon_hybrid_and_pattern_evidence,Turning_Dynamics,Spatial_Reach_and_Route__x__Turning_Dynamics,2,205,205,0,81,0.0,0.3951219512195122,0.0,finite
MP00026,near_miss,Near miss,one_missing_uncommonness_count,Spatial_Reach_and_Route,Spatial_Reach_and_Route__x__Temporal_Sequential_Context,1,205,922,113,90,0.551219512195122,0.09761388286334056,5.646937669376694,finite
MP00026,near_miss,Near miss,one_missing_uncommonness_count,Spatial_Reach_and_Route,Curvature_Geometry__x__Spatial_Reach_and_Route,1,205,922,93,111,0.45365853658536587,0.12039045553145336,3.7682267633487148,finite
MP00026,near_miss,Near miss,one_missing_uncommonness_count,Spatial_Reach_and_Route,Spatial_Reach_and_Route__x__Speed_Dynamics,1,205,922,93,80,0.45365853658536587,0.08676789587852494,5.2284146341463416,finite
MP00026,near_miss,Near miss,one_missing_uncommonness_count,Spatial_Reach_and_Route,Acceleration_Dynamics__x__Spatial_Reach_and_Route,1,205,922,87,67,0.424390243902439,0.07266811279826464,5.840116490717146,finite
MP00026,near_miss,Near miss,one_missing_uncommonness_count,Spatial_Reach_and_Route,Spatial_Reach_and_Route__x__Turning_Dynamics,1,205,922,0,0,0.0,0.0,,zero_both
MP00026,near_miss,Near miss,one_missing_uncommonness_count,Turning_Dynamics,Temporal_Sequential_Context__x__Turning_Dynamics,2,205,922,136,403,0.6634146341463415,0.4370932754880694,1.5177873267566424,finite
MP00026,near_miss,Near miss,one_missing_uncommonness_count,Turning_Dynamics,Speed_Dynamics__x__Turning_Dynamics,2,205,922,120,417,0.5853658536585366,0.4522776572668113,1.294262151254606,finite
MP00026,near_miss,Near miss,one_missing_uncommonness_count,Turning_Dynamics,Curvature_Geometry__x__Turning_Dynamics,2,205,922,114,392,0.5560975609756098,0.42516268980477223,1.3079641612742658,finite
MP00026,near_miss,Near miss,one_missing_uncommonness_count,Turning_Dynamics,Acceleration_Dynamics__x__Turning_Dynamics,2,205,922,108,391,0.526829268292683,0.4240780911062907,1.2422930572016717,finite
MP00026,near_miss,Near miss,one_missing_uncommonness_count,Turning_Dynamics,Spatial_Reach_and_Route__x__Turning_Dynamics,2,205,922,0,464,0.0,0.5032537960954447,0.0,finite
MP00026,typical_normal,Typical normal,zero_uncommon_and_zero_hybrid_labels,Spatial_Reach_and_Route,Spatial_Reach_and_Route__x__Temporal_Sequential_Context,1,205,703,113,0,0.551219512195122,0.0,,zero_contrast
MP00026,typical_normal,Typical normal,zero_uncommon_and_zero_hybrid_labels,Spatial_Reach_and_Route,Curvature_Geometry__x__Spatial_Reach_and_Route,1,205,703,93,0,0.45365853658536587,0.0,,zero_contrast
MP00026,typical_normal,Typical normal,zero_uncommon_and_zero_hybrid_labels,Spatial_Reach_and_Route,Spatial_Reach_and_Route__x__Speed_Dynamics,1,205,703,93,0,0.45365853658536587,0.0,,zero_contrast
MP00026,typical_normal,Typical normal,zero_uncommon_and_zero_hybrid_labels,Spatial_Reach_and_Route,Acceleration_Dynamics__x__Spatial_Reach_and_Route,1,205,703,87,0,0.424390243902439,0.0,,zero_contrast
MP00026,typical_normal,Typical normal,zero_uncommon_and_zero_hybrid_labels,Spatial_Reach_and_Route,Spatial_Reach_and_Route__x__Turning_Dynamics,1,205,703,0,0,0.0,0.0,,zero_both
MP00026,typical_normal,Typical normal,zero_uncommon_and_zero_hybrid_labels,Turning_Dynamics,Temporal_Sequential_Context__x__Turning_Dynamics,2,205,703,136,0,0.6634146341463415,0.0,,zero_contrast
MP00026,typical_normal,Typical normal,zero_uncommon_and_zero_hybrid_labels,Turning_Dynamics,Speed_Dynamics__x__Turning_Dynamics,2,205,703,120,0,0.5853658536585366,0.0,,zero_contrast
MP00026,typical_normal,Typical normal,zero_uncommon_and_zero_hybrid_labels,Turning_Dynamics,Curvature_Geometry__x__Turning_Dynamics,2,205,703,114,0,0.5560975609756098,0.0,,zero_contrast
MP00026,typical_normal,Typical normal,zero_uncommon_and_zero_hybrid_labels,Turning_Dynamics,Acceleration_Dynamics__x__Turning_Dynamics,2,205,703,108,0,0.526829268292683,0.0,,zero_contrast
MP00026,typical_normal,Typical normal,zero_uncommon_and_zero_hybrid_labels,Turning_Dynamics,Spatial_Reach_and_Route__x__Turning_Dynamics,2,205,703,0,0,0.0,0.0,,zero_both
MP00027,matched_non_pattern,Matched non-pattern,nearest_nonpattern_rows_by_total_uncommon_hybrid_and_pattern_evidence,Speed_Dynamics,Acceleration_Dynamics__x__Speed_Dynamics,1,219,219,114,35,0.5205479452054794,0.1598173515981735,3.257142857142857,finite
MP00027,matched_non_pattern,Matched non-pattern,nearest_nonpattern_rows_by_total_uncommon_hybrid_and_pattern_evidence,Speed_Dynamics,Spatial_Reach_and_Route__x__Speed_Dynamics,1,219,219,111,43,0.5068493150684932,0.1963470319634703,2.5813953488372094,finite
MP00027,matched_non_pattern,Matched non-pattern,nearest_nonpattern_rows_by_total_uncommon_hybrid_and_pattern_evidence,Speed_Dynamics,Speed_Dynamics__x__Temporal_Sequential_Context,1,219,219,105,51,0.4794520547945205,0.2328767123287671,2.0588235294117645,finite
MP00027,matched_non_pattern,Matched non-pattern,nearest_nonpattern_rows_by_total_uncommon_hybrid_and_pattern_evidence,Speed_Dynamics,Curvature_Geometry__x__Speed_Dynamics,1,219,219,104,44,0.4748858447488584,0.2009132420091324,2.3636363636363638,finite
MP00027,matched_non_pattern,Matched non-pattern,nearest_nonpattern_rows_by_total_uncommon_hybrid_and_pattern_evidence,Speed_Dynamics,Speed_Dynamics__x__Turning_Dynamics,1,219,219,0,70,0.0,0.319634703196347,0.0,finite
MP00027,matched_non_pattern,Matched non-pattern,nearest_nonpattern_rows_by_total_uncommon_hybrid_and_pattern_evidence,Turning_Dynamics,Temporal_Sequential_Context__x__Turning_Dynamics,2,219,219,137,49,0.6255707762557078,0.2237442922374429,2.795918367346939,finite
MP00027,matched_non_pattern,Matched non-pattern,nearest_nonpattern_rows_by_total_uncommon_hybrid_and_pattern_evidence,Turning_Dynamics,Spatial_Reach_and_Route__x__Turning_Dynamics,2,219,219,132,48,0.6027397260273972,0.2191780821917808,2.75,finite
MP00027,matched_non_pattern,Matched non-pattern,nearest_nonpattern_rows_by_total_uncommon_hybrid_and_pattern_evidence,Turning_Dynamics,Acceleration_Dynamics__x__Turning_Dynamics,2,219,219,126,51,0.5753424657534246,0.2328767123287671,2.4705882352941178,finite
MP00027,matched_non_pattern,Matched non-pattern,nearest_nonpattern_rows_by_total_uncommon_hybrid_and_pattern_evidence,Turning_Dynamics,Curvature_Geometry__x__Turning_Dynamics,2,219,219,124,42,0.5662100456621004,0.1917808219178082,2.9523809523809526,finite
MP00027,matched_non_pattern,Matched non-pattern,nearest_nonpattern_rows_by_total_uncommon_hybrid_and_pattern_evidence,Turning_Dynamics,Speed_Dynamics__x__Turning_Dynamics,2,219,219,0,72,0.0,0.3287671232876712,0.0,finite
MP00027,near_miss,Near miss,one_missing_uncommonness_count,Speed_Dynamics,Acceleration_Dynamics__x__Speed_Dynamics,1,219,908,114,83,0.5205479452054794,0.09140969162995595,5.694669087308136,finite
MP00027,near_miss,Near miss,one_missing_uncommonness_count,Speed_Dynamics,Spatial_Reach_and_Route__x__Speed_Dynamics,1,219,908,111,81,0.5068493150684932,0.08920704845814978,5.681718247928294,finite
MP00027,near_miss,Near miss,one_missing_uncommonness_count,Speed_Dynamics,Speed_Dynamics__x__Temporal_Sequential_Context,1,219,908,105,94,0.4794520547945205,0.10352422907488987,4.631302827164092,finite
MP00027,near_miss,Near miss,one_missing_uncommonness_count,Speed_Dynamics,Curvature_Geometry__x__Speed_Dynamics,1,219,908,104,115,0.4748858447488584,0.12665198237885464,3.7495334524518555,finite
MP00027,near_miss,Near miss,one_missing_uncommonness_count,Speed_Dynamics,Speed_Dynamics__x__Turning_Dynamics,1,219,908,0,0,0.0,0.0,,zero_both
MP00027,near_miss,Near miss,one_missing_uncommonness_count,Turning_Dynamics,Temporal_Sequential_Context__x__Turning_Dynamics,2,219,908,137,409,0.6255707762557078,0.45044052863436124,1.3887977135456788,finite
MP00027,near_miss,Near miss,one_missing_uncommonness_count,Turning_Dynamics,Spatial_Reach_and_Route__x__Turning_Dynamics,2,219,908,132,387,0.6027397260273972,0.4262114537444934,1.4141800290255213,finite
MP00027,near_miss,Near miss,one_missing_uncommonness_count,Turning_Dynamics,Acceleration_Dynamics__x__Turning_Dynamics,2,219,908,126,381,0.5753424657534246,0.4196035242290749,1.3711573724517312,finite
MP00027,near_miss,Near miss,one_missing_uncommonness_count,Turning_Dynamics,Curvature_Geometry__x__Turning_Dynamics,2,219,908,124,378,0.5662100456621004,0.41629955947136565,1.3601024377280084,finite
MP00027,near_miss,Near miss,one_missing_uncommonness_count,Turning_Dynamics,Speed_Dynamics__x__Turning_Dynamics,2,219,908,0,471,0.0,0.5187224669603524,0.0,finite
MP00027,typical_normal,Typical normal,zero_uncommon_and_zero_hybrid_labels,Speed_Dynamics,Acceleration_Dynamics__x__Speed_Dynamics,1,219,703,114,0,0.5205479452054794,0.0,,zero_contrast
MP00027,typical_normal,Typical normal,zero_uncommon_and_zero_hybrid_labels,Speed_Dynamics,Spatial_Reach_and_Route__x__Speed_Dynamics,1,219,703,111,0,0.5068493150684932,0.0,,zero_contrast
MP00027,typical_normal,Typical normal,zero_uncommon_and_zero_hybrid_labels,Speed_Dynamics,Speed_Dynamics__x__Temporal_Sequential_Context,1,219,703,105,0,0.4794520547945205,0.0,,zero_contrast
MP00027,typical_normal,Typical normal,zero_uncommon_and_zero_hybrid_labels,Speed_Dynamics,Curvature_Geometry__x__Speed_Dynamics,1,219,703,104,0,0.4748858447488584,0.0,,zero_contrast
MP00027,typical_normal,Typical normal,zero_uncommon_and_zero_hybrid_labels,Speed_Dynamics,Speed_Dynamics__x__Turning_Dynamics,1,219,703,0,0,0.0,0.0,,zero_both
MP00027,typical_normal,Typical normal,zero_uncommon_and_zero_hybrid_labels,Turning_Dynamics,Temporal_Sequential_Context__x__Turning_Dynamics,2,219,703,137,0,0.6255707762557078,0.0,,zero_contrast
MP00027,typical_normal,Typical normal,zero_uncommon_and_zero_hybrid_labels,Turning_Dynamics,Spatial_Reach_and_Route__x__Turning_Dynamics,2,219,703,132,0,0.6027397260273972,0.0,,zero_contrast
MP00027,typical_normal,Typical normal,zero_uncommon_and_zero_hybrid_labels,Turning_Dynamics,Acceleration_Dynamics__x__Turning_Dynamics,2,219,703,126,0,0.5753424657534246,0.0,,zero_contrast
MP00027,typical_normal,Typical normal,zero_uncommon_and_zero_hybrid_labels,Turning_Dynamics,Curvature_Geometry__x__Turning_Dynamics,2,219,703,124,0,0.5662100456621004,0.0,,zero_contrast
MP00027,typical_normal,Typical normal,zero_uncommon_and_zero_hybrid_labels,Turning_Dynamics,Speed_Dynamics__x__Turning_Dynamics,2,219,703,0,0,0.0,0.0,,zero_both
MP00028,matched_non_pattern,Matched non-pattern,nearest_nonpattern_rows_by_total_uncommon_hybrid_and_pattern_evidence,Temporal_Sequential_Context,Spatial_Reach_and_Route__x__Temporal_Sequential_Context,2,205,205,132,41,0.6439024390243903,0.2,3.219512195121951,finite
MP00028,matched_non_pattern,Matched non-pattern,nearest_nonpattern_rows_by_total_uncommon_hybrid_and_pattern_evidence,Temporal_Sequential_Context,Acceleration_Dynamics__x__Temporal_Sequential_Context,2,205,205,119,40,0.5804878048780487,0.1951219512195122,2.9749999999999996,finite
MP00028,matched_non_pattern,Matched non-pattern,nearest_nonpattern_rows_by_total_uncommon_hybrid_and_pattern_evidence,Temporal_Sequential_Context,Curvature_Geometry__x__Temporal_Sequential_Context,2,205,205,116,53,0.5658536585365853,0.25853658536585367,2.1886792452830184,finite
MP00028,matched_non_pattern,Matched non-pattern,nearest_nonpattern_rows_by_total_uncommon_hybrid_and_pattern_evidence,Temporal_Sequential_Context,Speed_Dynamics__x__Temporal_Sequential_Context,2,205,205,111,37,0.5414634146341464,0.18048780487804877,3.0000000000000004,finite
MP00028,matched_non_pattern,Matched non-pattern,nearest_nonpattern_rows_by_total_uncommon_hybrid_and_pattern_evidence,Temporal_Sequential_Context,Temporal_Sequential_Context__x__Turning_Dynamics,2,205,205,0,85,0.0,0.4146341463414634,0.0,finite
MP00028,matched_non_pattern,Matched non-pattern,nearest_nonpattern_rows_by_total_uncommon_hybrid_and_pattern_evidence,Turning_Dynamics,Spatial_Reach_and_Route__x__Turning_Dynamics,1,205,205,112,41,0.5463414634146342,0.2,2.731707317073171,finite
MP00028,matched_non_pattern,Matched non-pattern,nearest_nonpattern_rows_by_total_uncommon_hybrid_and_pattern_evidence,Turning_Dynamics,Curvature_Geometry__x__Turning_Dynamics,1,205,205,105,42,0.5121951219512195,0.2048780487804878,2.5,finite
MP00028,matched_non_pattern,Matched non-pattern,nearest_nonpattern_rows_by_total_uncommon_hybrid_and_pattern_evidence,Turning_Dynamics,Acceleration_Dynamics__x__Turning_Dynamics,1,205,205,104,42,0.5073170731707317,0.2048780487804878,2.4761904761904763,finite
MP00028,matched_non_pattern,Matched non-pattern,nearest_nonpattern_rows_by_total_uncommon_hybrid_and_pattern_evidence,Turning_Dynamics,Speed_Dynamics__x__Turning_Dynamics,1,205,205,102,38,0.4975609756097561,0.18536585365853658,2.6842105263157894,finite
MP00028,matched_non_pattern,Matched non-pattern,nearest_nonpattern_rows_by_total_uncommon_hybrid_and_pattern_evidence,Turning_Dynamics,Temporal_Sequential_Context__x__Turning_Dynamics,1,205,205,0,63,0.0,0.3073170731707317,0.0,finite
MP00028,near_miss,Near miss,one_missing_uncommonness_count,Temporal_Sequential_Context,Spatial_Reach_and_Route__x__Temporal_Sequential_Context,2,205,810,132,301,0.6439024390243903,0.37160493827160496,1.732760716311482,finite
MP00028,near_miss,Near miss,one_missing_uncommonness_count,Temporal_Sequential_Context,Acceleration_Dynamics__x__Temporal_Sequential_Context,2,205,810,119,296,0.5804878048780487,0.3654320987654321,1.5884970336189848,finite
MP00028,near_miss,Near miss,one_missing_uncommonness_count,Temporal_Sequential_Context,Curvature_Geometry__x__Temporal_Sequential_Context,2,205,810,116,364,0.5658536585365853,0.44938271604938274,1.259179844545698,finite
MP00028,near_miss,Near miss,one_missing_uncommonness_count,Temporal_Sequential_Context,Speed_Dynamics__x__Temporal_Sequential_Context,2,205,810,111,303,0.5414634146341464,0.37407407407407406,1.4474764549625696,finite
MP00028,near_miss,Near miss,one_missing_uncommonness_count,Temporal_Sequential_Context,Temporal_Sequential_Context__x__Turning_Dynamics,2,205,810,0,407,0.0,0.5024691358024691,0.0,finite
MP00028,near_miss,Near miss,one_missing_uncommonness_count,Turning_Dynamics,Spatial_Reach_and_Route__x__Turning_Dynamics,1,205,810,112,89,0.5463414634146342,0.10987654320987654,4.972321183885997,finite
MP00028,near_miss,Near miss,one_missing_uncommonness_count,Turning_Dynamics,Curvature_Geometry__x__Turning_Dynamics,1,205,810,105,113,0.5121951219512195,0.13950617283950617,3.67148715734945,finite
MP00028,near_miss,Near miss,one_missing_uncommonness_count,Turning_Dynamics,Acceleration_Dynamics__x__Turning_Dynamics,1,205,810,104,72,0.5073170731707317,0.08888888888888889,5.7073170731707314,finite
MP00028,near_miss,Near miss,one_missing_uncommonness_count,Turning_Dynamics,Speed_Dynamics__x__Turning_Dynamics,1,205,810,102,92,0.4975609756097561,0.11358024691358025,4.3806998939554616,finite
MP00028,near_miss,Near miss,one_missing_uncommonness_count,Turning_Dynamics,Temporal_Sequential_Context__x__Turning_Dynamics,1,205,810,0,0,0.0,0.0,,zero_both
MP00028,typical_normal,Typical normal,zero_uncommon_and_zero_hybrid_labels,Temporal_Sequential_Context,Spatial_Reach_and_Route__x__Temporal_Sequential_Context,2,205,703,132,0,0.6439024390243903,0.0,,zero_contrast
MP00028,typical_normal,Typical normal,zero_uncommon_and_zero_hybrid_labels,Temporal_Sequential_Context,Acceleration_Dynamics__x__Temporal_Sequential_Context,2,205,703,119,0,0.5804878048780487,0.0,,zero_contrast
MP00028,typical_normal,Typical normal,zero_uncommon_and_zero_hybrid_labels,Temporal_Sequential_Context,Curvature_Geometry__x__Temporal_Sequential_Context,2,205,703,116,0,0.5658536585365853,0.0,,zero_contrast
MP00028,typical_normal,Typical normal,zero_uncommon_and_zero_hybrid_labels,Temporal_Sequential_Context,Speed_Dynamics__x__Temporal_Sequential_Context,2,205,703,111,0,0.5414634146341464,0.0,,zero_contrast
MP00028,typical_normal,Typical normal,zero_uncommon_and_zero_hybrid_labels,Temporal_Sequential_Context,Temporal_Sequential_Context__x__Turning_Dynamics,2,205,703,0,0,0.0,0.0,,zero_both
MP00028,typical_normal,Typical normal,zero_uncommon_and_zero_hybrid_labels,Turning_Dynamics,Spatial_Reach_and_Route__x__Turning_Dynamics,1,205,703,112,0,0.5463414634146342,0.0,,zero_contrast
MP00028,typical_normal,Typical normal,zero_uncommon_and_zero_hybrid_labels,Turning_Dynamics,Curvature_Geometry__x__Turning_Dynamics,1,205,703,105,0,0.5121951219512195,0.0,,zero_contrast
MP00028,typical_normal,Typical normal,zero_uncommon_and_zero_hybrid_labels,Turning_Dynamics,Acceleration_Dynamics__x__Turning_Dynamics,1,205,703,104,0,0.5073170731707317,0.0,,zero_contrast
MP00028,typical_normal,Typical normal,zero_uncommon_and_zero_hybrid_labels,Turning_Dynamics,Speed_Dynamics__x__Turning_Dynamics,1,205,703,102,0,0.4975609756097561,0.0,,zero_contrast
MP00028,typical_normal,Typical normal,zero_uncommon_and_zero_hybrid_labels,Turning_Dynamics,Temporal_Sequential_Context__x__Turning_Dynamics,1,205,703,0,0,0.0,0.0,,zero_both
MP00029,matched_non_pattern,Matched non-pattern,nearest_nonpattern_rows_by_total_uncommon_hybrid_and_pattern_evidence,Acceleration_Dynamics,Acceleration_Dynamics__x__Curvature_Geometry,2,240,240,160,46,0.6666666666666666,0.19166666666666668,3.478260869565217,finite
MP00029,matched_non_pattern,Matched non-pattern,nearest_nonpattern_rows_by_total_uncommon_hybrid_and_pattern_evidence,Acceleration_Dynamics,Acceleration_Dynamics__x__Turning_Dynamics,2,240,240,157,53,0.6541666666666667,0.22083333333333333,2.9622641509433962,finite
MP00029,matched_non_pattern,Matched non-pattern,nearest_nonpattern_rows_by_total_uncommon_hybrid_and_pattern_evidence,Acceleration_Dynamics,Acceleration_Dynamics__x__Temporal_Sequential_Context,2,240,240,114,52,0.475,0.21666666666666667,2.192307692307692,finite
MP00029,matched_non_pattern,Matched non-pattern,nearest_nonpattern_rows_by_total_uncommon_hybrid_and_pattern_evidence,Acceleration_Dynamics,Acceleration_Dynamics__x__Speed_Dynamics,2,240,240,108,43,0.45,0.17916666666666667,2.511627906976744,finite
MP00029,matched_non_pattern,Matched non-pattern,nearest_nonpattern_rows_by_total_uncommon_hybrid_and_pattern_evidence,Acceleration_Dynamics,Acceleration_Dynamics__x__Spatial_Reach_and_Route,2,240,240,0,70,0.0,0.2916666666666667,0.0,finite
MP00029,matched_non_pattern,Matched non-pattern,nearest_nonpattern_rows_by_total_uncommon_hybrid_and_pattern_evidence,Spatial_Reach_and_Route,Spatial_Reach_and_Route__x__Turning_Dynamics,1,240,240,139,57,0.5791666666666667,0.2375,2.4385964912280707,finite
MP00029,matched_non_pattern,Matched non-pattern,nearest_nonpattern_rows_by_total_uncommon_hybrid_and_pattern_evidence,Spatial_Reach_and_Route,Curvature_Geometry__x__Spatial_Reach_and_Route,1,240,240,135,50,0.5625,0.20833333333333334,2.6999999999999997,finite
MP00029,matched_non_pattern,Matched non-pattern,nearest_nonpattern_rows_by_total_uncommon_hybrid_and_pattern_evidence,Spatial_Reach_and_Route,Spatial_Reach_and_Route__x__Temporal_Sequential_Context,1,240,240,99,45,0.4125,0.1875,2.1999999999999997,finite
MP00029,matched_non_pattern,Matched non-pattern,nearest_nonpattern_rows_by_total_uncommon_hybrid_and_pattern_evidence,Spatial_Reach_and_Route,Spatial_Reach_and_Route__x__Speed_Dynamics,1,240,240,89,33,0.37083333333333335,0.1375,2.696969696969697,finite
MP00029,matched_non_pattern,Matched non-pattern,nearest_nonpattern_rows_by_total_uncommon_hybrid_and_pattern_evidence,Spatial_Reach_and_Route,Acceleration_Dynamics__x__Spatial_Reach_and_Route,1,240,240,0,66,0.0,0.275,0.0,finite
MP00029,near_miss,Near miss,one_missing_uncommonness_count,Acceleration_Dynamics,Acceleration_Dynamics__x__Curvature_Geometry,2,240,872,160,333,0.6666666666666666,0.38188073394495414,1.7457457457457455,finite
MP00029,near_miss,Near miss,one_missing_uncommonness_count,Acceleration_Dynamics,Acceleration_Dynamics__x__Turning_Dynamics,2,240,872,157,365,0.6541666666666667,0.41857798165137616,1.5628310502283105,finite
MP00029,near_miss,Near miss,one_missing_uncommonness_count,Acceleration_Dynamics,Acceleration_Dynamics__x__Temporal_Sequential_Context,2,240,872,114,305,0.475,0.34977064220183485,1.358032786885246,finite
MP00029,near_miss,Near miss,one_missing_uncommonness_count,Acceleration_Dynamics,Acceleration_Dynamics__x__Speed_Dynamics,2,240,872,108,279,0.45,0.31995412844036697,1.4064516129032258,finite
MP00029,near_miss,Near miss,one_missing_uncommonness_count,Acceleration_Dynamics,Acceleration_Dynamics__x__Spatial_Reach_and_Route,2,240,872,0,355,0.0,0.40711009174311924,0.0,finite
MP00029,near_miss,Near miss,one_missing_uncommonness_count,Spatial_Reach_and_Route,Spatial_Reach_and_Route__x__Turning_Dynamics,1,240,872,139,166,0.5791666666666667,0.19036697247706422,3.042369477911647,finite
MP00029,near_miss,Near miss,one_missing_uncommonness_count,Spatial_Reach_and_Route,Curvature_Geometry__x__Spatial_Reach_and_Route,1,240,872,135,144,0.5625,0.1651376146788991,3.40625,finite
MP00029,near_miss,Near miss,one_missing_uncommonness_count,Spatial_Reach_and_Route,Spatial_Reach_and_Route__x__Temporal_Sequential_Context,1,240,872,99,106,0.4125,0.12155963302752294,3.393396226415094,finite
MP00029,near_miss,Near miss,one_missing_uncommonness_count,Spatial_Reach_and_Route,Spatial_Reach_and_Route__x__Speed_Dynamics,1,240,872,89,88,0.37083333333333335,0.10091743119266056,3.674621212121212,finite
MP00029,near_miss,Near miss,one_missing_uncommonness_count,Spatial_Reach_and_Route,Acceleration_Dynamics__x__Spatial_Reach_and_Route,1,240,872,0,0,0.0,0.0,,zero_both
MP00029,typical_normal,Typical normal,zero_uncommon_and_zero_hybrid_labels,Acceleration_Dynamics,Acceleration_Dynamics__x__Curvature_Geometry,2,240,703,160,0,0.6666666666666666,0.0,,zero_contrast
MP00029,typical_normal,Typical normal,zero_uncommon_and_zero_hybrid_labels,Acceleration_Dynamics,Acceleration_Dynamics__x__Turning_Dynamics,2,240,703,157,0,0.6541666666666667,0.0,,zero_contrast
MP00029,typical_normal,Typical normal,zero_uncommon_and_zero_hybrid_labels,Acceleration_Dynamics,Acceleration_Dynamics__x__Temporal_Sequential_Context,2,240,703,114,0,0.475,0.0,,zero_contrast
MP00029,typical_normal,Typical normal,zero_uncommon_and_zero_hybrid_labels,Acceleration_Dynamics,Acceleration_Dynamics__x__Speed_Dynamics,2,240,703,108,0,0.45,0.0,,zero_contrast
MP00029,typical_normal,Typical normal,zero_uncommon_and_zero_hybrid_labels,Acceleration_Dynamics,Acceleration_Dynamics__x__Spatial_Reach_and_Route,2,240,703,0,0,0.0,0.0,,zero_both
MP00029,typical_normal,Typical normal,zero_uncommon_and_zero_hybrid_labels,Spatial_Reach_and_Route,Spatial_Reach_and_Route__x__Turning_Dynamics,1,240,703,139,0,0.5791666666666667,0.0,,zero_contrast
MP00029,typical_normal,Typical normal,zero_uncommon_and_zero_hybrid_labels,Spatial_Reach_and_Route,Curvature_Geometry__x__Spatial_Reach_and_Route,1,240,703,135,0,0.5625,0.0,,zero_contrast
MP00029,typical_normal,Typical normal,zero_uncommon_and_zero_hybrid_labels,Spatial_Reach_and_Route,Spatial_Reach_and_Route__x__Temporal_Sequential_Context,1,240,703,99,0,0.4125,0.0,,zero_contrast
MP00029,typical_normal,Typical normal,zero_uncommon_and_zero_hybrid_labels,Spatial_Reach_and_Route,Spatial_Reach_and_Route__x__Speed_Dynamics,1,240,703,89,0,0.37083333333333335,0.0,,zero_contrast
MP00029,typical_normal,Typical normal,zero_uncommon_and_zero_hybrid_labels,Spatial_Reach_and_Route,Acceleration_Dynamics__x__Spatial_Reach_and_Route,1,240,703,0,0,0.0,0.0,,zero_both
MP00030,matched_non_pattern,Matched non-pattern,nearest_nonpattern_rows_by_total_uncommon_hybrid_and_pattern_evidence,Spatial_Reach_and_Route,Spatial_Reach_and_Route__x__Temporal_Sequential_Context,2,197,197,129,42,0.6548223350253807,0.2131979695431472,3.071428571428571,finite
MP00030,matched_non_pattern,Matched non-pattern,nearest_nonpattern_rows_by_total_uncommon_hybrid_and_pattern_evidence,Spatial_Reach_and_Route,Curvature_Geometry__x__Spatial_Reach_and_Route,2,197,197,112,57,0.5685279187817259,0.2893401015228426,1.9649122807017547,finite
MP00030,matched_non_pattern,Matched non-pattern,nearest_nonpattern_rows_by_total_uncommon_hybrid_and_pattern_evidence,Spatial_Reach_and_Route,Spatial_Reach_and_Route__x__Speed_Dynamics,2,197,197,109,36,0.5532994923857868,0.18274111675126903,3.0277777777777777,finite
MP00030,matched_non_pattern,Matched non-pattern,nearest_nonpattern_rows_by_total_uncommon_hybrid_and_pattern_evidence,Spatial_Reach_and_Route,Acceleration_Dynamics__x__Spatial_Reach_and_Route,2,197,197,97,43,0.49238578680203043,0.2182741116751269,2.255813953488372,finite
MP00030,matched_non_pattern,Matched non-pattern,nearest_nonpattern_rows_by_total_uncommon_hybrid_and_pattern_evidence,Spatial_Reach_and_Route,Spatial_Reach_and_Route__x__Turning_Dynamics,2,197,197,0,91,0.0,0.4619289340101523,0.0,finite
MP00030,matched_non_pattern,Matched non-pattern,nearest_nonpattern_rows_by_total_uncommon_hybrid_and_pattern_evidence,Turning_Dynamics,Temporal_Sequential_Context__x__Turning_Dynamics,1,197,197,112,37,0.5685279187817259,0.18781725888324874,3.027027027027027,finite
MP00030,matched_non_pattern,Matched non-pattern,nearest_nonpattern_rows_by_total_uncommon_hybrid_and_pattern_evidence,Turning_Dynamics,Speed_Dynamics__x__Turning_Dynamics,1,197,197,99,38,0.5025380710659898,0.19289340101522842,2.6052631578947367,finite
MP00030,matched_non_pattern,Matched non-pattern,nearest_nonpattern_rows_by_total_uncommon_hybrid_and_pattern_evidence,Turning_Dynamics,Curvature_Geometry__x__Turning_Dynamics,1,197,197,95,38,0.48223350253807107,0.19289340101522842,2.5,finite
MP00030,matched_non_pattern,Matched non-pattern,nearest_nonpattern_rows_by_total_uncommon_hybrid_and_pattern_evidence,Turning_Dynamics,Acceleration_Dynamics__x__Turning_Dynamics,1,197,197,81,45,0.41116751269035534,0.22842639593908629,1.8,finite
MP00030,matched_non_pattern,Matched non-pattern,nearest_nonpattern_rows_by_total_uncommon_hybrid_and_pattern_evidence,Turning_Dynamics,Spatial_Reach_and_Route__x__Turning_Dynamics,1,197,197,0,41,0.0,0.20812182741116753,0.0,finite
MP00030,near_miss,Near miss,one_missing_uncommonness_count,Spatial_Reach_and_Route,Spatial_Reach_and_Route__x__Temporal_Sequential_Context,2,197,797,129,284,0.6548223350253807,0.35633626097867,1.8376528204761564,finite
MP00030,near_miss,Near miss,one_missing_uncommonness_count,Spatial_Reach_and_Route,Curvature_Geometry__x__Spatial_Reach_and_Route,2,197,797,112,354,0.5685279187817259,0.44416562107904645,1.2799908227938857,finite
MP00030,near_miss,Near miss,one_missing_uncommonness_count,Spatial_Reach_and_Route,Spatial_Reach_and_Route__x__Speed_Dynamics,2,197,797,109,268,0.5532994923857868,0.33626097867001253,1.645446624744299,finite
MP00030,near_miss,Near miss,one_missing_uncommonness_count,Spatial_Reach_and_Route,Acceleration_Dynamics__x__Spatial_Reach_and_Route,2,197,797,97,240,0.49238578680203043,0.30112923462986196,1.635131133671743,finite
MP00030,near_miss,Near miss,one_missing_uncommonness_count,Spatial_Reach_and_Route,Spatial_Reach_and_Route__x__Turning_Dynamics,2,197,797,0,380,0.0,0.4767879548306148,0.0,finite
MP00030,near_miss,Near miss,one_missing_uncommonness_count,Turning_Dynamics,Temporal_Sequential_Context__x__Turning_Dynamics,1,197,797,112,92,0.5685279187817259,0.11543287327478043,4.925182079011257,finite
MP00030,near_miss,Near miss,one_missing_uncommonness_count,Turning_Dynamics,Speed_Dynamics__x__Turning_Dynamics,1,197,797,99,87,0.5025380710659898,0.10915934755332497,4.603710834937861,finite
MP00030,near_miss,Near miss,one_missing_uncommonness_count,Turning_Dynamics,Curvature_Geometry__x__Turning_Dynamics,1,197,797,95,113,0.48223350253807107,0.14178168130489335,3.401239836485333,finite
MP00030,near_miss,Near miss,one_missing_uncommonness_count,Turning_Dynamics,Acceleration_Dynamics__x__Turning_Dynamics,1,197,797,81,78,0.41116751269035534,0.09786700125470514,4.20128855915658,finite
MP00030,near_miss,Near miss,one_missing_uncommonness_count,Turning_Dynamics,Spatial_Reach_and_Route__x__Turning_Dynamics,1,197,797,0,0,0.0,0.0,,zero_both
MP00030,typical_normal,Typical normal,zero_uncommon_and_zero_hybrid_labels,Spatial_Reach_and_Route,Spatial_Reach_and_Route__x__Temporal_Sequential_Context,2,197,703,129,0,0.6548223350253807,0.0,,zero_contrast
MP00030,typical_normal,Typical normal,zero_uncommon_and_zero_hybrid_labels,Spatial_Reach_and_Route,Curvature_Geometry__x__Spatial_Reach_and_Route,2,197,703,112,0,0.5685279187817259,0.0,,zero_contrast
MP00030,typical_normal,Typical normal,zero_uncommon_and_zero_hybrid_labels,Spatial_Reach_and_Route,Spatial_Reach_and_Route__x__Speed_Dynamics,2,197,703,109,0,0.5532994923857868,0.0,,zero_contrast
MP00030,typical_normal,Typical normal,zero_uncommon_and_zero_hybrid_labels,Spatial_Reach_and_Route,Acceleration_Dynamics__x__Spatial_Reach_and_Route,2,197,703,97,0,0.49238578680203043,0.0,,zero_contrast
MP00030,typical_normal,Typical normal,zero_uncommon_and_zero_hybrid_labels,Spatial_Reach_and_Route,Spatial_Reach_and_Route__x__Turning_Dynamics,2,197,703,0,0,0.0,0.0,,zero_both
MP00030,typical_normal,Typical normal,zero_uncommon_and_zero_hybrid_labels,Turning_Dynamics,Temporal_Sequential_Context__x__Turning_Dynamics,1,197,703,112,0,0.5685279187817259,0.0,,zero_contrast
MP00030,typical_normal,Typical normal,zero_uncommon_and_zero_hybrid_labels,Turning_Dynamics,Speed_Dynamics__x__Turning_Dynamics,1,197,703,99,0,0.5025380710659898,0.0,,zero_contrast
MP00030,typical_normal,Typical normal,zero_uncommon_and_zero_hybrid_labels,Turning_Dynamics,Curvature_Geometry__x__Turning_Dynamics,1,197,703,95,0,0.48223350253807107,0.0,,zero_contrast
MP00030,typical_normal,Typical normal,zero_uncommon_and_zero_hybrid_labels,Turning_Dynamics,Acceleration_Dynamics__x__Turning_Dynamics,1,197,703,81,0,0.41116751269035534,0.0,,zero_contrast
MP00030,typical_normal,Typical normal,zero_uncommon_and_zero_hybrid_labels,Turning_Dynamics,Spatial_Reach_and_Route__x__Turning_Dynamics,1,197,703,0,0,0.0,0.0,,zero_both
