rule_id,target_item,target_pair,target_label,antecedent_items,antecedent_length,n_total,n_target,rule_support_count,rule_support_ratio,target_coverage,antecedent_support_count,antecedent_support_ratio,confidence,target_base_rate,lift,growth_rate,growth_rate_status,leverage
R00001,Curvature_Geometry__x__Speed_Dynamics=Uncommon Speed_Dynamics,Curvature_Geometry__x__Speed_Dynamics,Uncommon Speed_Dynamics,Acceleration_Dynamics__x__Speed_Dynamics=Uncommon Speed_Dynamics;Curvature_Geometry__x__Temporal_Sequential_Context=Uncommon Temporal_Sequential_Context,2,4670,557,43,0.009207708779443255,0.07719928186714542,44,0.009421841541755889,0.9772727272727273,0.11927194860813704,8.193651052717481,317.5206463195691,finite,0.008083947379280936
R00002,Curvature_Geometry__x__Speed_Dynamics=Uncommon Curvature_Geometry,Curvature_Geometry__x__Speed_Dynamics,Uncommon Curvature_Geometry,Curvature_Geometry__x__Spatial_Reach_and_Route=Uncommon Curvature_Geometry;Speed_Dynamics__x__Temporal_Sequential_Context=Uncommon Temporal_Sequential_Context,2,4670,563,60,0.01284796573875803,0.10657193605683836,62,0.013276231263383297,0.967741935483871,0.12055674518201284,8.02727324815218,218.84547069271758,finite,0.011247426509360857
R00003,Curvature_Geometry__x__Spatial_Reach_and_Route=Uncommon Spatial_Reach_and_Route,Curvature_Geometry__x__Spatial_Reach_and_Route,Uncommon Spatial_Reach_and_Route,Curvature_Geometry__x__Temporal_Sequential_Context=Uncommon Temporal_Sequential_Context;Spatial_Reach_and_Route__x__Speed_Dynamics=Uncommon Spatial_Reach_and_Route,2,4670,565,40,0.008565310492505354,0.07079646017699115,42,0.008993576017130621,0.9523809523809523,0.12098501070663811,7.87189211967973,145.30973451327432,finite,0.007477222601781842
R00004,Curvature_Geometry__x__Speed_Dynamics=Uncommon Speed_Dynamics,Curvature_Geometry__x__Speed_Dynamics,Uncommon Speed_Dynamics,Curvature_Geometry__x__Spatial_Reach_and_Route=Uncommon Spatial_Reach_and_Route;Speed_Dynamics__x__Temporal_Sequential_Context=Uncommon Speed_Dynamics,2,4670,557,57,0.012205567451820129,0.10233393177737882,60,0.01284796573875803,0.95,0.11927194860813704,7.9649910233393175,140.29982046678634,finite,0.010673165542507876
R00005,Acceleration_Dynamics__x__Curvature_Geometry=Uncommon Acceleration_Dynamics,Acceleration_Dynamics__x__Curvature_Geometry,Uncommon Acceleration_Dynamics,Acceleration_Dynamics__x__Spatial_Reach_and_Route=Uncommon Acceleration_Dynamics;Curvature_Geometry__x__Speed_Dynamics=Uncommon Speed_Dynamics,2,4670,565,50,0.010706638115631691,0.08849557522123894,53,0.011349036402569594,0.9433962264150944,0.12098501070663811,7.797628986475205,121.0914454277286,finite,0.009333574824956782
R00006,Curvature_Geometry__x__Speed_Dynamics=Uncommon Curvature_Geometry,Curvature_Geometry__x__Speed_Dynamics,Uncommon Curvature_Geometry,Curvature_Geometry__x__Turning_Dynamics=Uncommon Curvature_Geometry;Spatial_Reach_and_Route__x__Speed_Dynamics=Uncommon Spatial_Reach_and_Route,2,4670,563,48,0.010278372591006424,0.0852575488454707,51,0.010920770877944325,0.9411764705882353,0.12055674518201284,7.806916727614669,116.71758436944938,finite,0.008961799999082943
R00007,Acceleration_Dynamics__x__Speed_Dynamics=Uncommon Acceleration_Dynamics,Acceleration_Dynamics__x__Speed_Dynamics,Uncommon Acceleration_Dynamics,Acceleration_Dynamics__x__Spatial_Reach_and_Route=Uncommon Acceleration_Dynamics;Curvature_Geometry__x__Speed_Dynamics=Uncommon Curvature_Geometry,2,4670,452,60,0.01284796573875803,0.13274336283185842,64,0.013704496788008565,0.9375,0.09678800856531049,9.686117256637168,139.9778761061947,finite,0.011521534786256987
R00008,Acceleration_Dynamics__x__Spatial_Reach_and_Route=Uncommon Acceleration_Dynamics,Acceleration_Dynamics__x__Spatial_Reach_and_Route,Uncommon Acceleration_Dynamics,Acceleration_Dynamics__x__Turning_Dynamics=Uncommon Acceleration_Dynamics;Curvature_Geometry__x__Spatial_Reach_and_Route=Uncommon Curvature_Geometry,2,4670,449,55,0.011777301927194861,0.12249443207126949,59,0.012633832976445396,0.9322033898305084,0.0961456102783726,9.695745724963194,129.2622494432071,finite,0.01056261434551949
R00009,Acceleration_Dynamics__x__Curvature_Geometry=Uncommon Curvature_Geometry,Acceleration_Dynamics__x__Curvature_Geometry,Uncommon Curvature_Geometry,Acceleration_Dynamics__x__Spatial_Reach_and_Route=Uncommon Spatial_Reach_and_Route;Curvature_Geometry__x__Speed_Dynamics=Uncommon Curvature_Geometry,2,4670,574,55,0.011777301927194861,0.09581881533101046,59,0.012633832976445396,0.9322033898305084,0.12291220556745182,7.584302840607099,98.11846689895471,finite,0.010224449651289153
R00010,Curvature_Geometry__x__Speed_Dynamics=Uncommon Curvature_Geometry,Curvature_Geometry__x__Speed_Dynamics,Uncommon Curvature_Geometry,Acceleration_Dynamics__x__Speed_Dynamics=Uncommon Acceleration_Dynamics;Curvature_Geometry__x__Turning_Dynamics=Uncommon Curvature_Geometry,2,4670,563,53,0.011349036402569594,0.0941385435168739,57,0.012205567451820129,0.9298245614035088,0.12055674518201284,7.712754354803528,96.65674955595027,finite,0.009877572917478645
R00011,Curvature_Geometry__x__Temporal_Sequential_Context=Uncommon Temporal_Sequential_Context,Curvature_Geometry__x__Temporal_Sequential_Context,Uncommon Temporal_Sequential_Context,Acceleration_Dynamics__x__Curvature_Geometry=Uncommon Acceleration_Dynamics;Spatial_Reach_and_Route__x__Temporal_Sequential_Context=Uncommon Temporal_Sequential_Context,2,4670,580,52,0.01113490364025696,0.0896551724137931,56,0.011991434689507495,0.9285714285714286,0.12419700214132762,7.476600985221675,91.67241379310346,finite,0.009645603400446607
R00012,Speed_Dynamics__x__Turning_Dynamics=Uncommon Turning_Dynamics,Speed_Dynamics__x__Turning_Dynamics,Uncommon Turning_Dynamics,Spatial_Reach_and_Route__x__Speed_Dynamics=Uncommon Spatial_Reach_and_Route;Temporal_Sequential_Context__x__Turning_Dynamics=Uncommon Turning_Dynamics,2,4670,604,51,0.010920770877944325,0.08443708609271523,55,0.011777301927194861,0.9272727272727272,0.12933618843683084,7.169476219145093,85.83029801324504,finite,0.0093975395366112
R00013,Temporal_Sequential_Context__x__Turning_Dynamics=Uncommon Temporal_Sequential_Context,Temporal_Sequential_Context__x__Turning_Dynamics,Uncommon Temporal_Sequential_Context,Acceleration_Dynamics__x__Temporal_Sequential_Context=Uncommon Temporal_Sequential_Context;Spatial_Reach_and_Route__x__Turning_Dynamics=Uncommon Spatial_Reach_and_Route,2,4670,626,51,0.010920770877944325,0.08146964856230032,55,0.011777301927194861,0.9272727272727272,0.1340471092077088,6.917513796108045,82.36581469648563,finite,0.009342057600337475
R00014,Temporal_Sequential_Context__x__Turning_Dynamics=Uncommon Temporal_Sequential_Context,Temporal_Sequential_Context__x__Turning_Dynamics,Uncommon Temporal_Sequential_Context,Spatial_Reach_and_Route__x__Turning_Dynamics=Uncommon Spatial_Reach_and_Route;Speed_Dynamics__x__Temporal_Sequential_Context=Uncommon Temporal_Sequential_Context,2,4670,626,51,0.010920770877944325,0.08146964856230032,55,0.011777301927194861,0.9272727272727272,0.1340471092077088,6.917513796108045,82.36581469648563,finite,0.009342057600337475
R00015,Acceleration_Dynamics__x__Temporal_Sequential_Context=Uncommon Temporal_Sequential_Context,Acceleration_Dynamics__x__Temporal_Sequential_Context,Uncommon Temporal_Sequential_Context,Acceleration_Dynamics__x__Spatial_Reach_and_Route=Uncommon Spatial_Reach_and_Route;Curvature_Geometry__x__Temporal_Sequential_Context=Uncommon Temporal_Sequential_Context,2,4670,474,37,0.007922912205567453,0.07805907172995781,40,0.008565310492505354,0.925,0.10149892933618844,9.113396624472575,109.17862165963433,finite,0.0070535423611461385
R00016,Acceleration_Dynamics__x__Speed_Dynamics=Uncommon Acceleration_Dynamics,Acceleration_Dynamics__x__Speed_Dynamics,Uncommon Acceleration_Dynamics,Acceleration_Dynamics__x__Spatial_Reach_and_Route=Uncommon Acceleration_Dynamics;Speed_Dynamics__x__Temporal_Sequential_Context=Uncommon Temporal_Sequential_Context,2,4670,452,49,0.010492505353319057,0.1084070796460177,53,0.011349036402569594,0.9245283018867925,0.09678800856531049,9.552095508432126,114.31526548672566,finite,0.009394054720779131
R00017,Speed_Dynamics__x__Turning_Dynamics=Uncommon Turning_Dynamics,Speed_Dynamics__x__Turning_Dynamics,Uncommon Turning_Dynamics,Spatial_Reach_and_Route__x__Turning_Dynamics=Uncommon Turning_Dynamics;Speed_Dynamics__x__Temporal_Sequential_Context=Uncommon Temporal_Sequential_Context,2,4670,604,61,0.013062098501070664,0.10099337748344371,66,0.014132762312633832,0.9242424242424242,0.12933618843683084,7.146046558298213,82.12781456953643,finite,0.011234220891470912
R00018,Curvature_Geometry__x__Temporal_Sequential_Context=Uncommon Curvature_Geometry,Curvature_Geometry__x__Temporal_Sequential_Context,Uncommon Curvature_Geometry,Acceleration_Dynamics__x__Curvature_Geometry=Uncommon Curvature_Geometry;Speed_Dynamics__x__Temporal_Sequential_Context=Uncommon Speed_Dynamics,2,4670,578,59,0.012633832976445396,0.10207612456747404,64,0.013704496788008565,0.921875,0.12376873661670236,7.448367214532872,83.53910034602076,finite,0.01093764472302592
R00019,Curvature_Geometry__x__Temporal_Sequential_Context=Uncommon Temporal_Sequential_Context,Curvature_Geometry__x__Temporal_Sequential_Context,Uncommon Temporal_Sequential_Context,Acceleration_Dynamics__x__Temporal_Sequential_Context=Uncommon Temporal_Sequential_Context;Curvature_Geometry__x__Spatial_Reach_and_Route=Uncommon Spatial_Reach_and_Route,2,4670,580,35,0.007494646680942184,0.0603448275862069,38,0.008137044967880086,0.9210526315789473,0.12419700214132762,7.416061705989111,82.27011494252874,finite,0.006484050089642302
R00020,Spatial_Reach_and_Route__x__Turning_Dynamics=Uncommon Spatial_Reach_and_Route,Spatial_Reach_and_Route__x__Turning_Dynamics,Uncommon Spatial_Reach_and_Route,Curvature_Geometry__x__Spatial_Reach_and_Route=Uncommon Spatial_Reach_and_Route;Temporal_Sequential_Context__x__Turning_Dynamics=Uncommon Temporal_Sequential_Context,2,4670,599,93,0.019914346895074948,0.15525876460767946,101,0.021627408993576017,0.9207920792079208,0.12826552462526766,7.17879634374122,79.00730383973288,finite,0.017140295934228687
R00021,Curvature_Geometry__x__Speed_Dynamics=Uncommon Speed_Dynamics,Curvature_Geometry__x__Speed_Dynamics,Uncommon Speed_Dynamics,Acceleration_Dynamics__x__Speed_Dynamics=Uncommon Speed_Dynamics;Curvature_Geometry__x__Spatial_Reach_and_Route=Uncommon Spatial_Reach_and_Route,2,4670,557,34,0.007280513918629551,0.06104129263913824,37,0.007922912205567453,0.918918918918919,0.11927194860813704,7.7044009898588,83.68761220825853,finite,0.006335532741220328
R00022,Curvature_Geometry__x__Turning_Dynamics=Uncommon Curvature_Geometry,Curvature_Geometry__x__Turning_Dynamics,Uncommon Curvature_Geometry,Curvature_Geometry__x__Speed_Dynamics=Uncommon Curvature_Geometry;Spatial_Reach_and_Route__x__Turning_Dynamics=Uncommon Spatial_Reach_and_Route,2,4670,545,45,0.009635974304068522,0.08256880733944955,49,0.010492505353319057,0.9183673469387755,0.11670235546038545,7.869312862759783,85.14908256880734,finite,0.008411474214655485
R00023,Acceleration_Dynamics__x__Spatial_Reach_and_Route=Uncommon Acceleration_Dynamics,Acceleration_Dynamics__x__Spatial_Reach_and_Route,Uncommon Acceleration_Dynamics,Acceleration_Dynamics__x__Temporal_Sequential_Context=Uncommon Acceleration_Dynamics;Curvature_Geometry__x__Spatial_Reach_and_Route=Uncommon Curvature_Geometry,2,4670,449,66,0.014132762312633832,0.14699331848552338,72,0.015417558886509636,0.9166666666666666,0.0961456102783726,9.534149962880475,103.40979955456571,finite,0.012650431704487616
R00024,Speed_Dynamics__x__Temporal_Sequential_Context=Uncommon Temporal_Sequential_Context,Speed_Dynamics__x__Temporal_Sequential_Context,Uncommon Temporal_Sequential_Context,Acceleration_Dynamics__x__Temporal_Sequential_Context=Uncommon Temporal_Sequential_Context;Spatial_Reach_and_Route__x__Speed_Dynamics=Uncommon Spatial_Reach_and_Route,2,4670,471,33,0.007066381156316916,0.07006369426751592,36,0.007708779443254818,0.9166666666666666,0.10085653104925053,9.088818117480537,98.06581740976645,finite,0.006288900403046463
R00025,Curvature_Geometry__x__Speed_Dynamics=Uncommon Curvature_Geometry,Curvature_Geometry__x__Speed_Dynamics,Uncommon Curvature_Geometry,Acceleration_Dynamics__x__Speed_Dynamics=Uncommon Acceleration_Dynamics;Curvature_Geometry__x__Spatial_Reach_and_Route=Uncommon Curvature_Geometry,2,4670,563,65,0.013918629550321198,0.11545293072824156,71,0.015203426124197002,0.9154929577464789,0.12055674518201284,7.593875866209692,79.02753108348135,finite,0.012085753981172823
R00026,Acceleration_Dynamics__x__Curvature_Geometry=Uncommon Acceleration_Dynamics,Acceleration_Dynamics__x__Curvature_Geometry,Uncommon Acceleration_Dynamics,Acceleration_Dynamics__x__Spatial_Reach_and_Route=Uncommon Acceleration_Dynamics;Curvature_Geometry__x__Temporal_Sequential_Context=Uncommon Temporal_Sequential_Context,2,4670,565,53,0.011349036402569594,0.09380530973451327,58,0.012419700214132762,0.9137931034482759,0.12098501070663811,7.552944766554776,77.0141592920354,finite,0.009846438839189505
R00027,Curvature_Geometry__x__Turning_Dynamics=Uncommon Curvature_Geometry,Curvature_Geometry__x__Turning_Dynamics,Uncommon Curvature_Geometry,Curvature_Geometry__x__Spatial_Reach_and_Route=Uncommon Curvature_Geometry;Temporal_Sequential_Context__x__Turning_Dynamics=Uncommon Temporal_Sequential_Context,2,4670,545,42,0.008993576017130621,0.07706422018348624,46,0.009850107066381156,0.9130434782608695,0.11670235546038545,7.823693657758276,79.47247706422019,finite,0.007844045320946954
R00028,Speed_Dynamics__x__Turning_Dynamics=Uncommon Turning_Dynamics,Speed_Dynamics__x__Turning_Dynamics,Uncommon Turning_Dynamics,Curvature_Geometry__x__Speed_Dynamics=Uncommon Curvature_Geometry;Spatial_Reach_and_Route__x__Turning_Dynamics=Uncommon Turning_Dynamics,2,4670,604,84,0.017987152034261242,0.1390728476821192,92,0.019700214132762312,0.9130434782608695,0.12933618843683084,7.059458681255398,70.68377483443709,finite,0.015439201426940379
R00029,Curvature_Geometry__x__Turning_Dynamics=Uncommon Curvature_Geometry,Curvature_Geometry__x__Turning_Dynamics,Uncommon Curvature_Geometry,Acceleration_Dynamics__x__Curvature_Geometry=Uncommon Curvature_Geometry;Spatial_Reach_and_Route__x__Turning_Dynamics=Uncommon Spatial_Reach_and_Route,2,4670,545,52,0.01113490364025696,0.09541284403669725,57,0.012205567451820129,0.9122807017543859,0.11670235546038545,7.817157572831159,78.71559633027523,finite,0.009710485168898936
R00030,Curvature_Geometry__x__Turning_Dynamics=Uncommon Curvature_Geometry,Curvature_Geometry__x__Turning_Dynamics,Uncommon Curvature_Geometry,Acceleration_Dynamics__x__Turning_Dynamics=Uncommon Acceleration_Dynamics;Curvature_Geometry__x__Speed_Dynamics=Uncommon Curvature_Geometry,2,4670,545,52,0.01113490364025696,0.09541284403669725,57,0.012205567451820129,0.9122807017543859,0.11670235546038545,7.817157572831159,78.71559633027523,finite,0.009710485168898936
R00031,Curvature_Geometry__x__Temporal_Sequential_Context=Uncommon Curvature_Geometry,Curvature_Geometry__x__Temporal_Sequential_Context,Uncommon Curvature_Geometry,Curvature_Geometry__x__Speed_Dynamics=Uncommon Curvature_Geometry;Temporal_Sequential_Context__x__Turning_Dynamics=Uncommon Turning_Dynamics,2,4670,578,82,0.017558886509635975,0.14186851211072665,90,0.019271948608137045,0.9111111111111111,0.12376873661670236,7.361399461745482,72.56574394463668,finite,0.015173621778264838
R00032,Acceleration_Dynamics__x__Speed_Dynamics=Uncommon Speed_Dynamics,Acceleration_Dynamics__x__Speed_Dynamics,Uncommon Speed_Dynamics,Acceleration_Dynamics__x__Turning_Dynamics=Uncommon Turning_Dynamics;Curvature_Geometry__x__Speed_Dynamics=Uncommon Speed_Dynamics,2,4670,457,51,0.010920770877944325,0.11159737417943107,56,0.011991434689507495,0.9107142857142857,0.09785867237687366,9.30642388246327,94.03194748358862,finite,0.009747304999335134
R00033,Acceleration_Dynamics__x__Temporal_Sequential_Context=Uncommon Temporal_Sequential_Context,Acceleration_Dynamics__x__Temporal_Sequential_Context,Uncommon Temporal_Sequential_Context,Acceleration_Dynamics__x__Spatial_Reach_and_Route=Uncommon Spatial_Reach_and_Route;Temporal_Sequential_Context__x__Turning_Dynamics=Uncommon Temporal_Sequential_Context,2,4670,474,51,0.010920770877944325,0.10759493670886076,56,0.011991434689507495,0.9107142857142857,0.10149892933618844,8.972649186256781,90.29367088607594,finite,0.009703653095754484
R00034,Acceleration_Dynamics__x__Turning_Dynamics=Uncommon Turning_Dynamics,Acceleration_Dynamics__x__Turning_Dynamics,Uncommon Turning_Dynamics,Acceleration_Dynamics__x__Temporal_Sequential_Context=Uncommon Temporal_Sequential_Context;Spatial_Reach_and_Route__x__Turning_Dynamics=Uncommon Turning_Dynamics,2,4670,569,61,0.013062098501070664,0.10720562390158173,67,0.014346895074946468,0.9104477611940298,0.12184154175588865,7.472391994334129,73.27504393673111,finite,0.01131405068572922
R00035,Speed_Dynamics__x__Turning_Dynamics=Uncommon Turning_Dynamics,Speed_Dynamics__x__Turning_Dynamics,Uncommon Turning_Dynamics,Acceleration_Dynamics__x__Speed_Dynamics=Uncommon Acceleration_Dynamics;Spatial_Reach_and_Route__x__Turning_Dynamics=Uncommon Turning_Dynamics,2,4670,604,61,0.013062098501070664,0.10099337748344371,67,0.014346895074946468,0.9104477611940298,0.12933618843683084,7.03938914698033,68.43984547461369,finite,0.011206525776173946
R00036,Acceleration_Dynamics__x__Turning_Dynamics=Uncommon Acceleration_Dynamics,Acceleration_Dynamics__x__Turning_Dynamics,Uncommon Acceleration_Dynamics,Acceleration_Dynamics__x__Spatial_Reach_and_Route=Uncommon Acceleration_Dynamics;Speed_Dynamics__x__Turning_Dynamics=Uncommon Speed_Dynamics,2,4670,593,59,0.012633832976445396,0.09949409780775717,65,0.013918629550321198,0.9076923076923077,0.12698072805139185,7.1482682578804,67.606239460371,finite,0.010866435262667994
R00037,Temporal_Sequential_Context__x__Turning_Dynamics=Uncommon Temporal_Sequential_Context,Temporal_Sequential_Context__x__Turning_Dynamics,Uncommon Temporal_Sequential_Context,Curvature_Geometry__x__Turning_Dynamics=Uncommon Curvature_Geometry;Speed_Dynamics__x__Temporal_Sequential_Context=Uncommon Temporal_Sequential_Context,2,4670,626,49,0.010492505353319057,0.07827476038338659,54,0.011563169164882228,0.9074074074074074,0.1340471092077088,6.769317240563247,63.308626198083076,finite,0.008942495953486878
R00038,Curvature_Geometry__x__Spatial_Reach_and_Route=Uncommon Curvature_Geometry,Curvature_Geometry__x__Spatial_Reach_and_Route,Uncommon Curvature_Geometry,Acceleration_Dynamics__x__Spatial_Reach_and_Route=Uncommon Acceleration_Dynamics;Curvature_Geometry__x__Speed_Dynamics=Uncommon Curvature_Geometry,2,4670,557,58,0.012419700214132762,0.10412926391382406,64,0.013704496788008565,0.90625,0.11927194860813704,7.59818222621185,71.38061041292639,finite,0.010785138177533026
R00039,Acceleration_Dynamics__x__Turning_Dynamics=Uncommon Acceleration_Dynamics,Acceleration_Dynamics__x__Turning_Dynamics,Uncommon Acceleration_Dynamics,Acceleration_Dynamics__x__Speed_Dynamics=Uncommon Acceleration_Dynamics;Spatial_Reach_and_Route__x__Turning_Dynamics=Uncommon Spatial_Reach_and_Route,2,4670,593,48,0.010278372591006424,0.08094435075885328,53,0.011349036402569594,0.9056603773584906,0.12698072805139185,7.1322663781857525,66.00202360876897,finite,0.008837263685926387
R00040,Acceleration_Dynamics__x__Temporal_Sequential_Context=Uncommon Temporal_Sequential_Context,Acceleration_Dynamics__x__Temporal_Sequential_Context,Uncommon Temporal_Sequential_Context,Acceleration_Dynamics__x__Spatial_Reach_and_Route=Uncommon Spatial_Reach_and_Route;Speed_Dynamics__x__Temporal_Sequential_Context=Uncommon Temporal_Sequential_Context,2,4670,474,38,0.008137044967880086,0.08016877637130802,42,0.008993576017130621,0.9047619047619048,0.10149892933618844,8.914004420333534,84.09704641350211,finite,0.007224206631237707
R00041,Acceleration_Dynamics__x__Curvature_Geometry=Uncommon Acceleration_Dynamics,Acceleration_Dynamics__x__Curvature_Geometry,Uncommon Acceleration_Dynamics,Acceleration_Dynamics__x__Speed_Dynamics=Uncommon Acceleration_Dynamics;Curvature_Geometry__x__Temporal_Sequential_Context=Uncommon Temporal_Sequential_Context,2,4670,565,47,0.01006423982869379,0.0831858407079646,52,0.01113490364025696,0.9038461538461539,0.12098501070663811,7.470728386657591,68.29557522123893,finite,0.008717083392559917
R00042,Curvature_Geometry__x__Spatial_Reach_and_Route=Uncommon Curvature_Geometry,Curvature_Geometry__x__Spatial_Reach_and_Route,Uncommon Curvature_Geometry,Curvature_Geometry__x__Temporal_Sequential_Context=Uncommon Curvature_Geometry;Spatial_Reach_and_Route__x__Speed_Dynamics=Uncommon Speed_Dynamics,2,4670,557,65,0.013918629550321198,0.11669658886894076,72,0.015417558886509636,0.9027777777777778,0.11927194860813704,7.569070416916018,68.56758143113619,finite,0.012079747259146494
R00043,Acceleration_Dynamics__x__Speed_Dynamics=Uncommon Speed_Dynamics,Acceleration_Dynamics__x__Speed_Dynamics,Uncommon Speed_Dynamics,Acceleration_Dynamics__x__Spatial_Reach_and_Route=Uncommon Spatial_Reach_and_Route;Speed_Dynamics__x__Turning_Dynamics=Uncommon Speed_Dynamics,2,4670,457,37,0.007922912205567453,0.08096280087527352,41,0.008779443254817988,0.9024390243902439,0.09785867237687366,9.221860489939692,85.27407002188183,finite,0.007063767544442866
R00044,Spatial_Reach_and_Route__x__Turning_Dynamics=Uncommon Spatial_Reach_and_Route,Spatial_Reach_and_Route__x__Turning_Dynamics,Uncommon Spatial_Reach_and_Route,Acceleration_Dynamics__x__Turning_Dynamics=Uncommon Acceleration_Dynamics;Spatial_Reach_and_Route__x__Speed_Dynamics=Uncommon Spatial_Reach_and_Route,2,4670,599,46,0.009850107066381156,0.07679465776293823,51,0.010920770877944325,0.9019607843137255,0.12826552462526766,7.03198140692003,62.5262103505843,finite,0.008449348660409282
R00045,Temporal_Sequential_Context__x__Turning_Dynamics=Uncommon Temporal_Sequential_Context,Temporal_Sequential_Context__x__Turning_Dynamics,Uncommon Temporal_Sequential_Context,Acceleration_Dynamics__x__Turning_Dynamics=Uncommon Acceleration_Dynamics;Speed_Dynamics__x__Temporal_Sequential_Context=Uncommon Temporal_Sequential_Context,2,4670,626,55,0.011777301927194861,0.0878594249201278,61,0.013062098501070664,0.9016393442622951,0.1340471092077088,6.726287120934373,59.21725239616613,finite,0.010026365382939993
R00046,Acceleration_Dynamics__x__Temporal_Sequential_Context=Uncommon Acceleration_Dynamics,Acceleration_Dynamics__x__Temporal_Sequential_Context,Uncommon Acceleration_Dynamics,Acceleration_Dynamics__x__Spatial_Reach_and_Route=Uncommon Acceleration_Dynamics;Speed_Dynamics__x__Temporal_Sequential_Context=Uncommon Speed_Dynamics,2,4670,477,63,0.013490364025695931,0.1320754716981132,70,0.014989293361884369,0.9,0.10214132762312633,8.811320754716983,79.11320754716981,finite,0.011959337701580548
R00047,Acceleration_Dynamics__x__Curvature_Geometry=Uncommon Acceleration_Dynamics,Acceleration_Dynamics__x__Curvature_Geometry,Uncommon Acceleration_Dynamics,Acceleration_Dynamics__x__Turning_Dynamics=Uncommon Acceleration_Dynamics;Curvature_Geometry__x__Temporal_Sequential_Context=Uncommon Temporal_Sequential_Context,2,4670,565,90,0.019271948608137045,0.1592920353982301,100,0.021413276231263382,0.9,0.12098501070663811,7.4389380530973455,65.38938053097345,finite,0.016681263154033444
R00048,Acceleration_Dynamics__x__Turning_Dynamics=Uncommon Turning_Dynamics,Acceleration_Dynamics__x__Turning_Dynamics,Uncommon Turning_Dynamics,Acceleration_Dynamics__x__Temporal_Sequential_Context=Uncommon Temporal_Sequential_Context;Speed_Dynamics__x__Turning_Dynamics=Uncommon Turning_Dynamics,2,4670,569,54,0.011563169164882228,0.09490333919156414,60,0.01284796573875803,0.9,0.12184154175588865,7.38664323374341,64.86643233743409,finite,0.009997753210845114
R00049,Curvature_Geometry__x__Temporal_Sequential_Context=Uncommon Temporal_Sequential_Context,Curvature_Geometry__x__Temporal_Sequential_Context,Uncommon Temporal_Sequential_Context,Acceleration_Dynamics__x__Curvature_Geometry=Uncommon Acceleration_Dynamics;Speed_Dynamics__x__Temporal_Sequential_Context=Uncommon Temporal_Sequential_Context,2,4670,580,45,0.009635974304068522,0.07758620689655173,50,0.010706638115631691,0.9,0.12419700214132762,7.246551724137931,63.46551724137931,finite,0.008306241947094993
R00050,Speed_Dynamics__x__Temporal_Sequential_Context=Uncommon Temporal_Sequential_Context,Speed_Dynamics__x__Temporal_Sequential_Context,Uncommon Temporal_Sequential_Context,Acceleration_Dynamics__x__Speed_Dynamics=Uncommon Acceleration_Dynamics;Spatial_Reach_and_Route__x__Temporal_Sequential_Context=Uncommon Temporal_Sequential_Context,2,4670,471,53,0.011349036402569594,0.11252653927813164,59,0.012633832976445396,0.8983050847457628,0.10085653104925053,8.906761668286013,78.74982307147913,finite,0.010074831834709683
R00051,Curvature_Geometry__x__Turning_Dynamics=Uncommon Curvature_Geometry,Curvature_Geometry__x__Turning_Dynamics,Uncommon Curvature_Geometry,Acceleration_Dynamics__x__Turning_Dynamics=Uncommon Acceleration_Dynamics;Curvature_Geometry__x__Spatial_Reach_and_Route=Uncommon Curvature_Geometry,2,4670,545,53,0.011349036402569594,0.09724770642201835,59,0.012633832976445396,0.8983050847457628,0.11670235546038545,7.697403203234334,66.85779816513762,finite,0.009874638335725324
R00052,Temporal_Sequential_Context__x__Turning_Dynamics=Uncommon Turning_Dynamics,Temporal_Sequential_Context__x__Turning_Dynamics,Uncommon Turning_Dynamics,Acceleration_Dynamics__x__Temporal_Sequential_Context=Uncommon Acceleration_Dynamics;Speed_Dynamics__x__Turning_Dynamics=Uncommon Turning_Dynamics,2,4670,611,53,0.011349036402569594,0.0867430441898527,59,0.012633832976445396,0.8983050847457628,0.13083511777301926,6.865932480790037,58.681669394435346,finite,0.009696087377171706
R00053,Acceleration_Dynamics__x__Spatial_Reach_and_Route=Uncommon Spatial_Reach_and_Route,Acceleration_Dynamics__x__Spatial_Reach_and_Route,Uncommon Spatial_Reach_and_Route,Acceleration_Dynamics__x__Speed_Dynamics=Uncommon Speed_Dynamics;Spatial_Reach_and_Route__x__Temporal_Sequential_Context=Uncommon Spatial_Reach_and_Route,2,4670,394,44,0.009421841541755889,0.1116751269035533,49,0.010492505353319057,0.8979591836734694,0.08436830835117773,10.643323319175385,95.50456852791879,finite,0.008536606614730683
R00054,Spatial_Reach_and_Route__x__Speed_Dynamics=Uncommon Spatial_Reach_and_Route,Spatial_Reach_and_Route__x__Speed_Dynamics,Uncommon Spatial_Reach_and_Route,Curvature_Geometry__x__Speed_Dynamics=Uncommon Curvature_Geometry;Spatial_Reach_and_Route__x__Turning_Dynamics=Uncommon Spatial_Reach_and_Route,2,4670,428,44,0.009421841541755889,0.102803738317757,49,0.010492505353319057,0.8979591836734694,0.09164882226980728,9.797825672325004,87.21869158878503,finite,0.008460215783464549
R00055,Curvature_Geometry__x__Temporal_Sequential_Context=Uncommon Curvature_Geometry,Curvature_Geometry__x__Temporal_Sequential_Context,Uncommon Curvature_Geometry,Acceleration_Dynamics__x__Curvature_Geometry=Uncommon Curvature_Geometry;Spatial_Reach_and_Route__x__Temporal_Sequential_Context=Uncommon Spatial_Reach_and_Route,2,4670,578,70,0.014989293361884369,0.12110726643598616,78,0.01670235546038544,0.8974358974358975,0.12376873661670236,7.250909413539171,61.94636678200692,finite,0.012922063928029384
R00056,Acceleration_Dynamics__x__Speed_Dynamics=Uncommon Speed_Dynamics,Acceleration_Dynamics__x__Speed_Dynamics,Uncommon Speed_Dynamics,Acceleration_Dynamics__x__Temporal_Sequential_Context=Uncommon Temporal_Sequential_Context;Spatial_Reach_and_Route__x__Speed_Dynamics=Uncommon Speed_Dynamics,2,4670,457,43,0.009207708779443255,0.09409190371991247,48,0.010278372591006424,0.8958333333333334,0.09785867237687366,9.154358132749818,79.28183807439825,finite,0.008201880883492519
R00057,Curvature_Geometry__x__Temporal_Sequential_Context=Uncommon Temporal_Sequential_Context,Curvature_Geometry__x__Temporal_Sequential_Context,Uncommon Temporal_Sequential_Context,Curvature_Geometry__x__Speed_Dynamics=Uncommon Speed_Dynamics;Temporal_Sequential_Context__x__Turning_Dynamics=Uncommon Temporal_Sequential_Context,2,4670,580,68,0.014561027837259101,0.11724137931034483,76,0.016274089935760173,0.8947368421052632,0.12419700214132762,7.204174228675137,59.9396551724138,finite,0.012539834654659337
R00058,Curvature_Geometry__x__Turning_Dynamics=Uncommon Turning_Dynamics,Curvature_Geometry__x__Turning_Dynamics,Uncommon Turning_Dynamics,Curvature_Geometry__x__Temporal_Sequential_Context=Uncommon Temporal_Sequential_Context;Spatial_Reach_and_Route__x__Turning_Dynamics=Uncommon Turning_Dynamics,2,4670,589,51,0.010920770877944325,0.0865874363327674,57,0.012205567451820129,0.8947368421052632,0.12612419700214134,7.094093467965329,58.89388794567063,finite,0.009381353484128038
R00059,Curvature_Geometry__x__Spatial_Reach_and_Route=Uncommon Curvature_Geometry,Curvature_Geometry__x__Spatial_Reach_and_Route,Uncommon Curvature_Geometry,Curvature_Geometry__x__Speed_Dynamics=Uncommon Curvature_Geometry;Spatial_Reach_and_Route__x__Temporal_Sequential_Context=Uncommon Temporal_Sequential_Context,2,4670,557,59,0.012633832976445396,0.1059245960502693,66,0.014132762312633832,0.8939393939393939,0.11927194860813704,7.494967629617539,62.23826622210823,finite,0.010948190876201918
R00060,Curvature_Geometry__x__Temporal_Sequential_Context=Uncommon Temporal_Sequential_Context,Curvature_Geometry__x__Temporal_Sequential_Context,Uncommon Temporal_Sequential_Context,Acceleration_Dynamics__x__Curvature_Geometry=Uncommon Acceleration_Dynamics;Temporal_Sequential_Context__x__Turning_Dynamics=Uncommon Temporal_Sequential_Context,2,4670,580,84,0.017987152034261242,0.14482758620689656,94,0.02012847965738758,0.8936170212765957,0.12419700214132762,7.1951577402787965,59.23448275862069,finite,0.015487255203151008
R00061,Acceleration_Dynamics__x__Turning_Dynamics=Uncommon Acceleration_Dynamics,Acceleration_Dynamics__x__Turning_Dynamics,Uncommon Acceleration_Dynamics,Acceleration_Dynamics__x__Speed_Dynamics=Uncommon Acceleration_Dynamics;Temporal_Sequential_Context__x__Turning_Dynamics=Uncommon Temporal_Sequential_Context,2,4670,593,50,0.010706638115631691,0.08431703204047218,56,0.011991434689507495,0.8928571428571429,0.12698072805139185,7.0314382076608055,57.29342327150085,finite,0.009183957008377314
R00062,Speed_Dynamics__x__Turning_Dynamics=Uncommon Turning_Dynamics,Speed_Dynamics__x__Turning_Dynamics,Uncommon Turning_Dynamics,Acceleration_Dynamics__x__Speed_Dynamics=Uncommon Acceleration_Dynamics;Temporal_Sequential_Context__x__Turning_Dynamics=Uncommon Turning_Dynamics,2,4670,604,50,0.010706638115631691,0.08278145695364239,56,0.011991434689507495,0.8928571428571429,0.12933618843683084,6.9033822138126775,56.098233995585,finite,0.0091557116590016
R00063,Acceleration_Dynamics__x__Speed_Dynamics=Uncommon Speed_Dynamics,Acceleration_Dynamics__x__Speed_Dynamics,Uncommon Speed_Dynamics,Acceleration_Dynamics__x__Curvature_Geometry=Uncommon Curvature_Geometry;Spatial_Reach_and_Route__x__Speed_Dynamics=Uncommon Speed_Dynamics,2,4670,457,58,0.012419700214132762,0.12691466083150985,65,0.013918629550321198,0.8923076923076924,0.09785867237687366,9.118330247433093,76.38449515473584,finite,0.011057641605032809
R00064,Speed_Dynamics__x__Temporal_Sequential_Context=Uncommon Speed_Dynamics,Speed_Dynamics__x__Temporal_Sequential_Context,Uncommon Speed_Dynamics,Spatial_Reach_and_Route__x__Temporal_Sequential_Context=Uncommon Spatial_Reach_and_Route;Speed_Dynamics__x__Turning_Dynamics=Uncommon Speed_Dynamics,2,4670,528,58,0.012419700214132762,0.10984848484848485,65,0.013918629550321198,0.8923076923076924,0.11306209850107066,7.892191142191143,64.99891774891775,finite,0.010846030748914434
R00065,Curvature_Geometry__x__Turning_Dynamics=Uncommon Turning_Dynamics,Curvature_Geometry__x__Turning_Dynamics,Uncommon Turning_Dynamics,Acceleration_Dynamics__x__Turning_Dynamics=Uncommon Turning_Dynamics;Curvature_Geometry__x__Temporal_Sequential_Context=Uncommon Temporal_Sequential_Context,2,4670,589,49,0.010492505353319057,0.0831918505942275,55,0.011777301927194861,0.8909090909090909,0.12612419700214134,7.063744405000771,56.58432371250707,finite,0.009007102604899835
R00066,Curvature_Geometry__x__Spatial_Reach_and_Route=Uncommon Curvature_Geometry,Curvature_Geometry__x__Spatial_Reach_and_Route,Uncommon Curvature_Geometry,Curvature_Geometry__x__Temporal_Sequential_Context=Uncommon Curvature_Geometry;Spatial_Reach_and_Route__x__Turning_Dynamics=Uncommon Turning_Dynamics,2,4670,557,73,0.01563169164882227,0.1310592459605027,82,0.017558886509635975,0.8902439024390244,0.11927194860813704,7.463983885799361,59.894075403949735,finite,0.013537409039428856
R00067,Spatial_Reach_and_Route__x__Turning_Dynamics=Uncommon Turning_Dynamics,Spatial_Reach_and_Route__x__Turning_Dynamics,Uncommon Turning_Dynamics,Curvature_Geometry__x__Spatial_Reach_and_Route=Uncommon Curvature_Geometry;Temporal_Sequential_Context__x__Turning_Dynamics=Uncommon Turning_Dynamics,2,4670,593,73,0.01563169164882227,0.12310286677908938,82,0.017558886509635975,0.8902439024390244,0.12698072805139185,7.010858388516432,55.76559865092749,finite,0.013402051456056932
R00068,Acceleration_Dynamics__x__Spatial_Reach_and_Route=Uncommon Acceleration_Dynamics,Acceleration_Dynamics__x__Spatial_Reach_and_Route,Uncommon Acceleration_Dynamics,Acceleration_Dynamics__x__Temporal_Sequential_Context=Uncommon Acceleration_Dynamics;Spatial_Reach_and_Route__x__Speed_Dynamics=Uncommon Speed_Dynamics,2,4670,449,64,0.013704496788008565,0.14253897550111358,72,0.015417558886509636,0.8888888888888888,0.0961456102783726,9.245236327641672,75.20712694877504,finite,0.012222166179862349
R00069,Acceleration_Dynamics__x__Temporal_Sequential_Context=Uncommon Temporal_Sequential_Context,Acceleration_Dynamics__x__Temporal_Sequential_Context,Uncommon Temporal_Sequential_Context,Acceleration_Dynamics__x__Turning_Dynamics=Uncommon Turning_Dynamics;Spatial_Reach_and_Route__x__Temporal_Sequential_Context=Uncommon Temporal_Sequential_Context,2,4670,474,56,0.011991434689507495,0.11814345991561181,63,0.013490364025695931,0.8888888888888888,0.10149892933618844,8.757618377871541,70.81856540084388,finite,0.010622177184543925
R00070,Acceleration_Dynamics__x__Temporal_Sequential_Context=Uncommon Temporal_Sequential_Context,Acceleration_Dynamics__x__Temporal_Sequential_Context,Uncommon Temporal_Sequential_Context,Acceleration_Dynamics__x__Speed_Dynamics=Uncommon Speed_Dynamics;Temporal_Sequential_Context__x__Turning_Dynamics=Uncommon Temporal_Sequential_Context,2,4670,474,40,0.008565310492505354,0.08438818565400844,45,0.009635974304068522,0.8888888888888888,0.10149892933618844,8.757618377871541,70.81856540084388,finite,0.007587269417531376
R00071,Curvature_Geometry__x__Turning_Dynamics=Uncommon Curvature_Geometry,Curvature_Geometry__x__Turning_Dynamics,Uncommon Curvature_Geometry,Curvature_Geometry__x__Temporal_Sequential_Context=Uncommon Curvature_Geometry;Spatial_Reach_and_Route__x__Turning_Dynamics=Uncommon Spatial_Reach_and_Route,2,4670,545,56,0.011991434689507495,0.10275229357798166,63,0.013490364025695931,0.8888888888888888,0.11670235546038545,7.616717635066258,60.550458715596335,finite,0.010417077431690732
R00072,Speed_Dynamics__x__Turning_Dynamics=Uncommon Speed_Dynamics,Speed_Dynamics__x__Turning_Dynamics,Uncommon Speed_Dynamics,Acceleration_Dynamics__x__Speed_Dynamics=Uncommon Speed_Dynamics;Temporal_Sequential_Context__x__Turning_Dynamics=Uncommon Temporal_Sequential_Context,2,4670,553,40,0.008565310492505354,0.07233273056057866,45,0.009635974304068522,0.8888888888888888,0.11841541755888652,7.506530038175607,59.55877034358047,finite,0.007424262571702379
R00073,Curvature_Geometry__x__Speed_Dynamics=Uncommon Curvature_Geometry,Curvature_Geometry__x__Speed_Dynamics,Uncommon Curvature_Geometry,Acceleration_Dynamics__x__Speed_Dynamics=Uncommon Acceleration_Dynamics;Curvature_Geometry__x__Temporal_Sequential_Context=Uncommon Curvature_Geometry,2,4670,563,56,0.011991434689507495,0.0994671403197158,63,0.013490364025695931,0.8888888888888888,0.12055674518201284,7.373199131636077,58.358792184724685,finite,0.010365080311249077
R00074,Curvature_Geometry__x__Spatial_Reach_and_Route=Uncommon Spatial_Reach_and_Route,Curvature_Geometry__x__Spatial_Reach_and_Route,Uncommon Spatial_Reach_and_Route,Acceleration_Dynamics__x__Curvature_Geometry=Uncommon Acceleration_Dynamics;Spatial_Reach_and_Route__x__Speed_Dynamics=Uncommon Spatial_Reach_and_Route,2,4670,565,48,0.010278372591006424,0.08495575221238938,54,0.011563169164882228,0.8888888888888888,0.12098501070663811,7.347099311701081,58.123893805309734,finite,0.008879402445790479
R00075,Acceleration_Dynamics__x__Turning_Dynamics=Uncommon Turning_Dynamics,Acceleration_Dynamics__x__Turning_Dynamics,Uncommon Turning_Dynamics,Acceleration_Dynamics__x__Curvature_Geometry=Uncommon Curvature_Geometry;Spatial_Reach_and_Route__x__Turning_Dynamics=Uncommon Turning_Dynamics,2,4670,569,71,0.015203426124197002,0.12478031634446397,80,0.017130620985010708,0.8875,0.12184154175588865,7.284050966608084,56.85823081429409,finite,0.013116204852147519
R00076,Spatial_Reach_and_Route__x__Speed_Dynamics=Uncommon Speed_Dynamics,Spatial_Reach_and_Route__x__Speed_Dynamics,Uncommon Speed_Dynamics,Spatial_Reach_and_Route__x__Turning_Dynamics=Uncommon Turning_Dynamics;Speed_Dynamics__x__Temporal_Sequential_Context=Uncommon Speed_Dynamics,2,4670,468,55,0.011777301927194861,0.11752136752136752,62,0.013276231263383297,0.8870967741935484,0.10021413276231263,8.852012682657845,70.54639804639804,finite,0.010446835924783002
R00077,Curvature_Geometry__x__Temporal_Sequential_Context=Uncommon Curvature_Geometry,Curvature_Geometry__x__Temporal_Sequential_Context,Uncommon Curvature_Geometry,Acceleration_Dynamics__x__Temporal_Sequential_Context=Uncommon Acceleration_Dynamics;Curvature_Geometry__x__Speed_Dynamics=Uncommon Curvature_Geometry,2,4670,578,54,0.011563169164882228,0.09342560553633218,61,0.013062098501070664,0.8852459016393442,0.12376873661670236,7.152419309092972,54.61393969352447,finite,0.00994648973584179
R00078,Spatial_Reach_and_Route__x__Turning_Dynamics=Uncommon Turning_Dynamics,Spatial_Reach_and_Route__x__Turning_Dynamics,Uncommon Turning_Dynamics,Acceleration_Dynamics__x__Spatial_Reach_and_Route=Uncommon Acceleration_Dynamics;Speed_Dynamics__x__Turning_Dynamics=Uncommon Turning_Dynamics,2,4670,593,54,0.011563169164882228,0.09106239460370995,61,0.013062098501070664,0.8852459016393442,0.12698072805139185,6.971498078677468,53.03734039990364,finite,0.00990453438733728
R00079,Speed_Dynamics__x__Turning_Dynamics=Uncommon Turning_Dynamics,Speed_Dynamics__x__Turning_Dynamics,Uncommon Turning_Dynamics,Acceleration_Dynamics__x__Speed_Dynamics=Uncommon Acceleration_Dynamics;Curvature_Geometry__x__Turning_Dynamics=Uncommon Turning_Dynamics,2,4670,604,54,0.011563169164882228,0.08940397350993377,61,0.013062098501070664,0.8852459016393442,0.12933618843683084,6.84453370969493,51.93093661305582,finite,0.009873767131767307
R00080,Curvature_Geometry__x__Temporal_Sequential_Context=Uncommon Temporal_Sequential_Context,Curvature_Geometry__x__Temporal_Sequential_Context,Uncommon Temporal_Sequential_Context,Acceleration_Dynamics__x__Temporal_Sequential_Context=Uncommon Temporal_Sequential_Context;Curvature_Geometry__x__Speed_Dynamics=Uncommon Speed_Dynamics,2,4670,580,46,0.009850107066381156,0.07931034482758621,52,0.01113490364025696,0.8846153846153846,0.12419700214132762,7.122679045092839,54.0632183908046,finite,0.008467185415128685
R00081,Temporal_Sequential_Context__x__Turning_Dynamics=Uncommon Turning_Dynamics,Temporal_Sequential_Context__x__Turning_Dynamics,Uncommon Turning_Dynamics,Curvature_Geometry__x__Temporal_Sequential_Context=Uncommon Curvature_Geometry;Speed_Dynamics__x__Turning_Dynamics=Uncommon Turning_Dynamics,2,4670,611,84,0.017987152034261242,0.13747954173486088,95,0.020342612419700215,0.8842105263157894,0.13083511777301926,6.758204841071583,50.729950900163665,finite,0.01532562394251888
R00082,Speed_Dynamics__x__Turning_Dynamics=Uncommon Speed_Dynamics,Speed_Dynamics__x__Turning_Dynamics,Uncommon Speed_Dynamics,Spatial_Reach_and_Route__x__Speed_Dynamics=Uncommon Speed_Dynamics;Temporal_Sequential_Context__x__Turning_Dynamics=Uncommon Temporal_Sequential_Context,2,4670,553,38,0.008137044967880086,0.06871609403254973,43,0.009207708779443255,0.8837209302325582,0.11841541755888652,7.462887421674586,56.58083182640145,finite,0.007046710288001688
R00083,Curvature_Geometry__x__Temporal_Sequential_Context=Uncommon Temporal_Sequential_Context,Curvature_Geometry__x__Temporal_Sequential_Context,Uncommon Temporal_Sequential_Context,Curvature_Geometry__x__Speed_Dynamics=Uncommon Speed_Dynamics;Spatial_Reach_and_Route__x__Temporal_Sequential_Context=Uncommon Temporal_Sequential_Context,2,4670,580,53,0.011349036402569594,0.09137931034482759,60,0.01284796573875803,0.8833333333333333,0.12419700214132762,7.112356321839081,53.39162561576355,finite,0.009753357574201359
R00084,Curvature_Geometry__x__Spatial_Reach_and_Route=Uncommon Spatial_Reach_and_Route,Curvature_Geometry__x__Spatial_Reach_and_Route,Uncommon Spatial_Reach_and_Route,Curvature_Geometry__x__Temporal_Sequential_Context=Uncommon Temporal_Sequential_Context;Spatial_Reach_and_Route__x__Turning_Dynamics=Uncommon Spatial_Reach_and_Route,2,4670,565,90,0.019271948608137045,0.1592920353982301,102,0.02184154175588865,0.8823529411764706,0.12098501070663811,7.293076522644456,54.491150442477874,finite,0.016629449444951372
R00085,Curvature_Geometry__x__Temporal_Sequential_Context=Uncommon Curvature_Geometry,Curvature_Geometry__x__Temporal_Sequential_Context,Uncommon Curvature_Geometry,Acceleration_Dynamics__x__Temporal_Sequential_Context=Uncommon Acceleration_Dynamics;Curvature_Geometry__x__Turning_Dynamics=Uncommon Curvature_Geometry,2,4670,578,60,0.01284796573875803,0.10380622837370242,68,0.014561027837259101,0.8823529411764706,0.12376873661670236,7.12904538978221,53.09688581314879,finite,0.011045765719499837
R00086,Acceleration_Dynamics__x__Turning_Dynamics=Uncommon Acceleration_Dynamics,Acceleration_Dynamics__x__Turning_Dynamics,Uncommon Acceleration_Dynamics,Acceleration_Dynamics__x__Spatial_Reach_and_Route=Uncommon Acceleration_Dynamics;Temporal_Sequential_Context__x__Turning_Dynamics=Uncommon Temporal_Sequential_Context,2,4670,593,45,0.009635974304068522,0.07588532883642496,51,0.010920770877944325,0.8823529411764706,0.12698072805139185,6.948715405217737,51.564080944350756,finite,0.008249246867104714
R00087,Temporal_Sequential_Context__x__Turning_Dynamics=Uncommon Turning_Dynamics,Temporal_Sequential_Context__x__Turning_Dynamics,Uncommon Turning_Dynamics,Acceleration_Dynamics__x__Turning_Dynamics=Uncommon Turning_Dynamics;Spatial_Reach_and_Route__x__Temporal_Sequential_Context=Uncommon Spatial_Reach_and_Route,2,4670,611,52,0.01113490364025696,0.0851063829787234,59,0.012633832976445396,0.8813559322033898,0.13083511777301926,6.736386584926073,49.349544072948326,finite,0.009481954614859072
R00088,Spatial_Reach_and_Route__x__Temporal_Sequential_Context=Uncommon Spatial_Reach_and_Route,Spatial_Reach_and_Route__x__Temporal_Sequential_Context,Uncommon Spatial_Reach_and_Route,Acceleration_Dynamics__x__Spatial_Reach_and_Route=Uncommon Spatial_Reach_and_Route;Speed_Dynamics__x__Temporal_Sequential_Context=Uncommon Speed_Dynamics,2,4670,483,44,0.009421841541755889,0.09109730848861283,50,0.010706638115631691,0.88,0.10342612419700214,8.50848861283644,63.57073844030365,finite,0.008314495458276209
R00089,Speed_Dynamics__x__Turning_Dynamics=Uncommon Turning_Dynamics,Speed_Dynamics__x__Turning_Dynamics,Uncommon Turning_Dynamics,Curvature_Geometry__x__Turning_Dynamics=Uncommon Turning_Dynamics;Spatial_Reach_and_Route__x__Speed_Dynamics=Uncommon Spatial_Reach_and_Route,2,4670,604,44,0.009421841541755889,0.0728476821192053,50,0.010706638115631691,0.88,0.12933618843683084,6.803973509933774,49.36644591611479,finite,0.008037085776907593
R00090,Acceleration_Dynamics__x__Spatial_Reach_and_Route=Uncommon Spatial_Reach_and_Route,Acceleration_Dynamics__x__Spatial_Reach_and_Route,Uncommon Spatial_Reach_and_Route,Acceleration_Dynamics__x__Curvature_Geometry=Uncommon Curvature_Geometry;Spatial_Reach_and_Route__x__Speed_Dynamics=Uncommon Spatial_Reach_and_Route,2,4670,394,51,0.010920770877944325,0.12944162436548223,58,0.012419700214132762,0.8793103448275862,0.08436830835117773,10.422282513565552,79.070340826686,finite,0.009872941780649184
R00091,Speed_Dynamics__x__Temporal_Sequential_Context=Uncommon Temporal_Sequential_Context,Speed_Dynamics__x__Temporal_Sequential_Context,Uncommon Temporal_Sequential_Context,Curvature_Geometry__x__Speed_Dynamics=Uncommon Curvature_Geometry;Spatial_Reach_and_Route__x__Temporal_Sequential_Context=Uncommon Temporal_Sequential_Context,2,4670,471,58,0.012419700214132762,0.12314225053078556,66,0.014132762312633832,0.8787878787878788,0.10085653104925053,8.713247120890433,64.63428874734608,finite,0.01099431883313693
R00092,Speed_Dynamics__x__Turning_Dynamics=Uncommon Speed_Dynamics,Speed_Dynamics__x__Turning_Dynamics,Uncommon Speed_Dynamics,Acceleration_Dynamics__x__Turning_Dynamics=Uncommon Acceleration_Dynamics;Curvature_Geometry__x__Speed_Dynamics=Uncommon Speed_Dynamics,2,4670,553,72,0.015417558886509636,0.1301989150090416,82,0.017558886509635975,0.8780487804878049,0.11841541755888652,7.414986988929564,53.602893309222424,finite,0.013338316008601993
R00093,Acceleration_Dynamics__x__Speed_Dynamics=Uncommon Speed_Dynamics,Acceleration_Dynamics__x__Speed_Dynamics,Uncommon Speed_Dynamics,Acceleration_Dynamics__x__Turning_Dynamics=Uncommon Turning_Dynamics;Speed_Dynamics__x__Temporal_Sequential_Context=Uncommon Speed_Dynamics,2,4670,457,43,0.009207708779443255,0.09409190371991247,49,0.010492505353319057,0.8775510204081632,0.09785867237687366,8.967534497387575,66.06819839533188,finite,0.008180926135660212
R00094,Acceleration_Dynamics__x__Speed_Dynamics=Uncommon Acceleration_Dynamics,Acceleration_Dynamics__x__Speed_Dynamics,Uncommon Acceleration_Dynamics,Acceleration_Dynamics__x__Turning_Dynamics=Uncommon Acceleration_Dynamics;Curvature_Geometry__x__Speed_Dynamics=Uncommon Curvature_Geometry,2,4670,452,50,0.010706638115631691,0.11061946902654868,57,0.012205567451820129,0.8771929824561403,0.09678800856531049,9.063033690420742,66.65613147914033,finite,0.009525285548560448
R00095,Curvature_Geometry__x__Turning_Dynamics=Uncommon Turning_Dynamics,Curvature_Geometry__x__Turning_Dynamics,Uncommon Turning_Dynamics,Acceleration_Dynamics__x__Curvature_Geometry=Uncommon Acceleration_Dynamics;Spatial_Reach_and_Route__x__Turning_Dynamics=Uncommon Turning_Dynamics,2,4670,589,50,0.010706638115631691,0.08488964346349745,57,0.012205567451820129,0.8771929824561403,0.12612419700214134,6.95499359604444,49.49066213921901,finite,0.009167220721815405
R00096,Acceleration_Dynamics__x__Spatial_Reach_and_Route=Uncommon Acceleration_Dynamics,Acceleration_Dynamics__x__Spatial_Reach_and_Route,Uncommon Acceleration_Dynamics,Acceleration_Dynamics__x__Turning_Dynamics=Uncommon Acceleration_Dynamics;Spatial_Reach_and_Route__x__Speed_Dynamics=Uncommon Speed_Dynamics,2,4670,449,57,0.012205567451820129,0.12694877505567928,65,0.013918629550321198,0.8769230769230769,0.0961456102783726,9.120781223231111,66.98134743875278,finite,0.010867352319465905
R00097,Curvature_Geometry__x__Spatial_Reach_and_Route=Uncommon Curvature_Geometry,Curvature_Geometry__x__Spatial_Reach_and_Route,Uncommon Curvature_Geometry,Acceleration_Dynamics__x__Curvature_Geometry=Uncommon Curvature_Geometry;Spatial_Reach_and_Route__x__Speed_Dynamics=Uncommon Speed_Dynamics,2,4670,557,57,0.012205567451820129,0.10233393177737882,65,0.013918629550321198,0.8769230769230769,0.11927194860813704,7.3522994061593705,52.612432675044886,finite,0.010545465383398522
R00098,Curvature_Geometry__x__Temporal_Sequential_Context=Uncommon Curvature_Geometry,Curvature_Geometry__x__Temporal_Sequential_Context,Uncommon Curvature_Geometry,Curvature_Geometry__x__Spatial_Reach_and_Route=Uncommon Curvature_Geometry;Speed_Dynamics__x__Temporal_Sequential_Context=Uncommon Speed_Dynamics,2,4670,578,64,0.013704496788008565,0.11072664359861592,73,0.01563169164882227,0.8767123287671232,0.12376873661670236,7.0834715836374835,50.3437139561707,finite,0.011769782061451975
R00099,Curvature_Geometry__x__Speed_Dynamics=Uncommon Curvature_Geometry,Curvature_Geometry__x__Speed_Dynamics,Uncommon Curvature_Geometry,Curvature_Geometry__x__Spatial_Reach_and_Route=Uncommon Curvature_Geometry;Speed_Dynamics__x__Turning_Dynamics=Uncommon Turning_Dynamics,2,4670,563,78,0.01670235546038544,0.13854351687388988,89,0.019057815845824413,0.8764044943820225,0.12055674518201284,7.269642964056919,51.727111254642345,finite,0.01440480721173466
R00100,Spatial_Reach_and_Route__x__Turning_Dynamics=Uncommon Turning_Dynamics,Spatial_Reach_and_Route__x__Turning_Dynamics,Uncommon Turning_Dynamics,Curvature_Geometry__x__Spatial_Reach_and_Route=Uncommon Curvature_Geometry;Speed_Dynamics__x__Turning_Dynamics=Uncommon Turning_Dynamics,2,4670,593,78,0.01670235546038544,0.1315345699831366,89,0.019057815845824413,0.8764044943820225,0.12698072805139185,6.901870132823011,48.75149471102254,finite,0.014282380129213304
R00101,Acceleration_Dynamics__x__Spatial_Reach_and_Route=Uncommon Acceleration_Dynamics,Acceleration_Dynamics__x__Spatial_Reach_and_Route,Uncommon Acceleration_Dynamics,Acceleration_Dynamics__x__Curvature_Geometry=Uncommon Acceleration_Dynamics;Spatial_Reach_and_Route__x__Temporal_Sequential_Context=Uncommon Temporal_Sequential_Context,2,4670,449,49,0.010492505353319057,0.1091314031180401,56,0.011991434689507495,0.875,0.0961456102783726,9.10077951002227,65.80623608017818,finite,0.009339581546983111
R00102,Spatial_Reach_and_Route__x__Temporal_Sequential_Context=Uncommon Temporal_Sequential_Context,Spatial_Reach_and_Route__x__Temporal_Sequential_Context,Uncommon Temporal_Sequential_Context,Curvature_Geometry__x__Temporal_Sequential_Context=Uncommon Temporal_Sequential_Context;Spatial_Reach_and_Route__x__Speed_Dynamics=Uncommon Speed_Dynamics,2,4670,490,42,0.008993576017130621,0.08571428571428572,48,0.010278372591006424,0.875,0.10492505353319058,8.339285714285714,59.714285714285715,finite,0.007915117222785194
R00103,Curvature_Geometry__x__Turning_Dynamics=Uncommon Turning_Dynamics,Curvature_Geometry__x__Turning_Dynamics,Uncommon Turning_Dynamics,Acceleration_Dynamics__x__Curvature_Geometry=Uncommon Acceleration_Dynamics;Speed_Dynamics__x__Turning_Dynamics=Uncommon Turning_Dynamics,2,4670,589,49,0.010492505353319057,0.0831918505942275,56,0.011991434689507495,0.875,0.12612419700214134,6.937606112054329,48.50084889643463,finite,0.008980095282201303
R00104,Acceleration_Dynamics__x__Turning_Dynamics=Uncommon Acceleration_Dynamics,Acceleration_Dynamics__x__Turning_Dynamics,Uncommon Acceleration_Dynamics,Acceleration_Dynamics__x__Curvature_Geometry=Uncommon Acceleration_Dynamics;Temporal_Sequential_Context__x__Turning_Dynamics=Uncommon Temporal_Sequential_Context,2,4670,593,82,0.017558886509635975,0.13827993254637436,94,0.02012847965738758,0.8723404255319149,0.12698072805139185,6.869864733952856,46.98060708263069,finite,0.01500295750817327
R00105,Temporal_Sequential_Context__x__Turning_Dynamics=Uncommon Temporal_Sequential_Context,Temporal_Sequential_Context__x__Turning_Dynamics,Uncommon Temporal_Sequential_Context,Curvature_Geometry__x__Temporal_Sequential_Context=Uncommon Temporal_Sequential_Context;Speed_Dynamics__x__Turning_Dynamics=Uncommon Speed_Dynamics,2,4670,626,67,0.014346895074946468,0.10702875399361023,77,0.016488222698072805,0.8701298701298701,0.1340471092077088,6.491224430521554,43.28242811501598,finite,0.01213669648629688
R00106,Speed_Dynamics__x__Temporal_Sequential_Context=Uncommon Speed_Dynamics,Speed_Dynamics__x__Temporal_Sequential_Context,Uncommon Speed_Dynamics,Curvature_Geometry__x__Temporal_Sequential_Context=Uncommon Curvature_Geometry;Speed_Dynamics__x__Turning_Dynamics=Uncommon Speed_Dynamics,2,4670,528,60,0.01284796573875803,0.11363636363636363,69,0.014775160599571735,0.8695652173913043,0.11306209850107066,7.691040843214757,52.2979797979798,finite,0.011177455075680113
R00107,Spatial_Reach_and_Route__x__Turning_Dynamics=Uncommon Turning_Dynamics,Spatial_Reach_and_Route__x__Turning_Dynamics,Uncommon Turning_Dynamics,Acceleration_Dynamics__x__Turning_Dynamics=Uncommon Turning_Dynamics;Curvature_Geometry__x__Spatial_Reach_and_Route=Uncommon Curvature_Geometry,2,4670,593,73,0.01563169164882227,0.12310286677908938,84,0.017987152034261242,0.8690476190476191,0.12698072805139185,6.843933188789851,45.6263988962134,finite,0.013347669987940703
R00108,Spatial_Reach_and_Route__x__Speed_Dynamics=Uncommon Speed_Dynamics,Spatial_Reach_and_Route__x__Speed_Dynamics,Uncommon Speed_Dynamics,Curvature_Geometry__x__Speed_Dynamics=Uncommon Speed_Dynamics;Spatial_Reach_and_Route__x__Turning_Dynamics=Uncommon Turning_Dynamics,2,4670,468,53,0.011349036402569594,0.11324786324786325,61,0.013062098501070664,0.8688524590163934,0.10021413276231263,8.66995936668068,59.48344017094017,finite,0.010040029529228894
R00109,Acceleration_Dynamics__x__Temporal_Sequential_Context=Uncommon Temporal_Sequential_Context,Acceleration_Dynamics__x__Temporal_Sequential_Context,Uncommon Temporal_Sequential_Context,Acceleration_Dynamics__x__Curvature_Geometry=Uncommon Curvature_Geometry;Spatial_Reach_and_Route__x__Temporal_Sequential_Context=Uncommon Temporal_Sequential_Context,2,4670,474,53,0.011349036402569594,0.11181434599156118,61,0.013062098501070664,0.8688524590163934,0.10149892933618844,8.560213045583454,58.64662447257384,finite,0.01002324738982709
R00110,Curvature_Geometry__x__Speed_Dynamics=Uncommon Speed_Dynamics,Curvature_Geometry__x__Speed_Dynamics,Uncommon Speed_Dynamics,Acceleration_Dynamics__x__Speed_Dynamics=Uncommon Speed_Dynamics;Curvature_Geometry__x__Turning_Dynamics=Uncommon Turning_Dynamics,2,4670,557,53,0.011349036402569594,0.09515260323159784,61,0.013062098501070664,0.8688524590163934,0.11927194860813704,7.28463372281249,48.92033213644524,finite,0.00979109446143547
R00111,Curvature_Geometry__x__Speed_Dynamics=Uncommon Speed_Dynamics,Curvature_Geometry__x__Speed_Dynamics,Uncommon Speed_Dynamics,Curvature_Geometry__x__Turning_Dynamics=Uncommon Turning_Dynamics;Speed_Dynamics__x__Temporal_Sequential_Context=Uncommon Speed_Dynamics,2,4670,557,53,0.011349036402569594,0.09515260323159784,61,0.013062098501070664,0.8688524590163934,0.11927194860813704,7.28463372281249,48.92033213644524,finite,0.00979109446143547
R00112,Acceleration_Dynamics__x__Temporal_Sequential_Context=Uncommon Temporal_Sequential_Context,Acceleration_Dynamics__x__Temporal_Sequential_Context,Uncommon Temporal_Sequential_Context,Acceleration_Dynamics__x__Turning_Dynamics=Uncommon Turning_Dynamics;Speed_Dynamics__x__Temporal_Sequential_Context=Uncommon Temporal_Sequential_Context,2,4670,474,46,0.009850107066381156,0.0970464135021097,53,0.011349036402569594,0.8679245283018868,0.10149892933618844,8.551070774619856,58.17239300783604,finite,0.008698192022522915
R00113,Spatial_Reach_and_Route__x__Speed_Dynamics=Uncommon Speed_Dynamics,Spatial_Reach_and_Route__x__Speed_Dynamics,Uncommon Speed_Dynamics,Acceleration_Dynamics__x__Speed_Dynamics=Uncommon Speed_Dynamics;Curvature_Geometry__x__Spatial_Reach_and_Route=Uncommon Curvature_Geometry,2,4670,468,59,0.012633832976445396,0.12606837606837606,68,0.014561027837259101,0.8676470588235294,0.10021413276231263,8.657931121166417,58.85992402659069,finite,0.011174612199606582
R00114,Acceleration_Dynamics__x__Curvature_Geometry=Uncommon Curvature_Geometry,Acceleration_Dynamics__x__Curvature_Geometry,Uncommon Curvature_Geometry,Acceleration_Dynamics__x__Speed_Dynamics=Uncommon Speed_Dynamics;Curvature_Geometry__x__Spatial_Reach_and_Route=Uncommon Curvature_Geometry,2,4670,574,59,0.012633832976445396,0.10278745644599303,68,0.014561027837259101,0.8676470588235294,0.12291220556745182,7.059079729452757,46.77971351142083,finite,0.010844104929638818
R00115,Acceleration_Dynamics__x__Turning_Dynamics=Uncommon Acceleration_Dynamics,Acceleration_Dynamics__x__Turning_Dynamics,Uncommon Acceleration_Dynamics,Acceleration_Dynamics__x__Spatial_Reach_and_Route=Uncommon Acceleration_Dynamics;Curvature_Geometry__x__Turning_Dynamics=Uncommon Curvature_Geometry,2,4670,593,59,0.012633832976445396,0.09949409780775717,68,0.014561027837259101,0.8676470588235294,0.12698072805139185,6.832903481797442,45.070826306914,finite,0.010784863060493652
R00116,Acceleration_Dynamics__x__Turning_Dynamics=Uncommon Acceleration_Dynamics,Acceleration_Dynamics__x__Turning_Dynamics,Uncommon Acceleration_Dynamics,Acceleration_Dynamics__x__Temporal_Sequential_Context=Uncommon Acceleration_Dynamics;Curvature_Geometry__x__Turning_Dynamics=Uncommon Curvature_Geometry,2,4670,593,59,0.012633832976445396,0.09949409780775717,68,0.014561027837259101,0.8676470588235294,0.12698072805139185,6.832903481797442,45.070826306914,finite,0.010784863060493652
R00117,Curvature_Geometry__x__Turning_Dynamics=Uncommon Curvature_Geometry,Curvature_Geometry__x__Turning_Dynamics,Uncommon Curvature_Geometry,Curvature_Geometry__x__Speed_Dynamics=Uncommon Curvature_Geometry;Temporal_Sequential_Context__x__Turning_Dynamics=Uncommon Temporal_Sequential_Context,2,4670,545,52,0.01113490364025696,0.09541284403669725,60,0.01284796573875803,0.8666666666666667,0.11670235546038545,7.426299694189602,49.197247706422026,finite,0.009635515775669568
R00118,Curvature_Geometry__x__Speed_Dynamics=Uncommon Speed_Dynamics,Curvature_Geometry__x__Speed_Dynamics,Uncommon Speed_Dynamics,Curvature_Geometry__x__Turning_Dynamics=Uncommon Turning_Dynamics;Spatial_Reach_and_Route__x__Speed_Dynamics=Uncommon Speed_Dynamics,2,4670,557,52,0.01113490364025696,0.0933572710951526,60,0.01284796573875803,0.8666666666666667,0.11927194860813704,7.266307600239378,47.997307001795335,finite,0.009602501730944707
R00119,Spatial_Reach_and_Route__x__Turning_Dynamics=Uncommon Turning_Dynamics,Spatial_Reach_and_Route__x__Turning_Dynamics,Uncommon Turning_Dynamics,Curvature_Geometry__x__Turning_Dynamics=Uncommon Turning_Dynamics;Spatial_Reach_and_Route__x__Speed_Dynamics=Uncommon Speed_Dynamics,2,4670,593,52,0.01113490364025696,0.08768971332209106,60,0.01284796573875803,0.8666666666666667,0.12698072805139185,6.825182686902755,44.688870151770665,finite,0.009503459596770127
R00120,Curvature_Geometry__x__Turning_Dynamics=Uncommon Turning_Dynamics,Curvature_Geometry__x__Turning_Dynamics,Uncommon Turning_Dynamics,Acceleration_Dynamics__x__Turning_Dynamics=Uncommon Turning_Dynamics;Curvature_Geometry__x__Spatial_Reach_and_Route=Uncommon Spatial_Reach_and_Route,2,4670,589,32,0.006852248394004282,0.05432937181663837,37,0.007922912205567453,0.8648648648648649,0.12612419700214134,6.857247740100032,44.343633276740235,finite,0.005852977454158623
R00121,Speed_Dynamics__x__Turning_Dynamics=Uncommon Turning_Dynamics,Speed_Dynamics__x__Turning_Dynamics,Uncommon Turning_Dynamics,Curvature_Geometry__x__Turning_Dynamics=Uncommon Turning_Dynamics;Speed_Dynamics__x__Temporal_Sequential_Context=Uncommon Temporal_Sequential_Context,2,4670,604,51,0.010920770877944325,0.08443708609271523,59,0.012633832976445396,0.864406779661017,0.12933618843683084,6.683410034796274,42.91514900662252,finite,0.009286759075423336
R00122,Spatial_Reach_and_Route__x__Speed_Dynamics=Uncommon Speed_Dynamics,Spatial_Reach_and_Route__x__Speed_Dynamics,Uncommon Speed_Dynamics,Curvature_Geometry__x__Spatial_Reach_and_Route=Uncommon Curvature_Geometry;Speed_Dynamics__x__Turning_Dynamics=Uncommon Speed_Dynamics,2,4670,468,57,0.012205567451820129,0.12179487179487179,66,0.014132762312633832,0.8636363636363636,0.10021413276231263,8.61790986790987,56.864672364672366,finite,0.010789264933123634
R00123,Spatial_Reach_and_Route__x__Speed_Dynamics=Uncommon Speed_Dynamics,Spatial_Reach_and_Route__x__Speed_Dynamics,Uncommon Speed_Dynamics,Curvature_Geometry__x__Spatial_Reach_and_Route=Uncommon Curvature_Geometry;Speed_Dynamics__x__Temporal_Sequential_Context=Uncommon Speed_Dynamics,2,4670,468,63,0.013490364025695931,0.1346153846153846,73,0.01563169164882227,0.863013698630137,0.10021413276231263,8.611696522655427,56.565384615384616,finite,0.011923847603501323
R00124,Acceleration_Dynamics__x__Temporal_Sequential_Context=Uncommon Acceleration_Dynamics,Acceleration_Dynamics__x__Temporal_Sequential_Context,Uncommon Acceleration_Dynamics,Acceleration_Dynamics__x__Turning_Dynamics=Uncommon Acceleration_Dynamics;Curvature_Geometry__x__Temporal_Sequential_Context=Uncommon Curvature_Geometry,2,4670,477,63,0.013490364025695931,0.1320754716981132,73,0.01563169164882227,0.863013698630137,0.10214132762312633,8.449211682605325,55.37924528301887,finite,0.011893722287689888
R00125,Spatial_Reach_and_Route__x__Temporal_Sequential_Context=Uncommon Temporal_Sequential_Context,Spatial_Reach_and_Route__x__Temporal_Sequential_Context,Uncommon Temporal_Sequential_Context,Acceleration_Dynamics__x__Spatial_Reach_and_Route=Uncommon Acceleration_Dynamics;Curvature_Geometry__x__Temporal_Sequential_Context=Uncommon Temporal_Sequential_Context,2,4670,490,50,0.010706638115631691,0.10204081632653061,58,0.012419700214132762,0.8620689655172413,0.10492505353319058,8.216045038705136,53.316326530612244,finite,0.009403500405797632
R00126,Acceleration_Dynamics__x__Curvature_Geometry=Uncommon Acceleration_Dynamics,Acceleration_Dynamics__x__Curvature_Geometry,Uncommon Acceleration_Dynamics,Acceleration_Dynamics__x__Temporal_Sequential_Context=Uncommon Acceleration_Dynamics;Curvature_Geometry__x__Turning_Dynamics=Uncommon Turning_Dynamics,2,4670,565,50,0.010706638115631691,0.08849557522123894,58,0.012419700214132762,0.8620689655172413,0.12098501070663811,7.125419591089411,45.40929203539823,finite,0.009204040552251602
R00127,Curvature_Geometry__x__Turning_Dynamics=Uncommon Turning_Dynamics,Curvature_Geometry__x__Turning_Dynamics,Uncommon Turning_Dynamics,Curvature_Geometry__x__Temporal_Sequential_Context=Uncommon Temporal_Sequential_Context;Speed_Dynamics__x__Turning_Dynamics=Uncommon Turning_Dynamics,2,4670,589,50,0.010706638115631691,0.08488964346349745,58,0.012419700214132762,0.8620689655172413,0.12612419700214134,6.8350799133540185,43.304329371816635,finite,0.009140213399116873
R00128,Speed_Dynamics__x__Turning_Dynamics=Uncommon Speed_Dynamics,Speed_Dynamics__x__Turning_Dynamics,Uncommon Speed_Dynamics,Acceleration_Dynamics__x__Turning_Dynamics=Uncommon Acceleration_Dynamics;Spatial_Reach_and_Route__x__Speed_Dynamics=Uncommon Speed_Dynamics,2,4670,553,56,0.011991434689507495,0.10126582278481013,65,0.013918629550321198,0.8615384615384616,0.11841541755888652,7.27555988315482,46.32348804500703,finite,0.010343254359458754
R00129,Curvature_Geometry__x__Temporal_Sequential_Context=Uncommon Curvature_Geometry,Curvature_Geometry__x__Temporal_Sequential_Context,Uncommon Curvature_Geometry,Curvature_Geometry__x__Turning_Dynamics=Uncommon Curvature_Geometry;Spatial_Reach_and_Route__x__Temporal_Sequential_Context=Uncommon Spatial_Reach_and_Route,2,4670,578,56,0.011991434689507495,0.09688581314878893,65,0.013918629550321198,0.8615384615384616,0.12376873661670236,6.960873036997604,44.05074971164936,finite,0.01026874349462834
R00130,Spatial_Reach_and_Route__x__Temporal_Sequential_Context=Uncommon Temporal_Sequential_Context,Spatial_Reach_and_Route__x__Temporal_Sequential_Context,Uncommon Temporal_Sequential_Context,Spatial_Reach_and_Route__x__Speed_Dynamics=Uncommon Speed_Dynamics;Temporal_Sequential_Context__x__Turning_Dynamics=Uncommon Temporal_Sequential_Context,2,4670,490,37,0.007922912205567453,0.07551020408163266,43,0.009207708779443255,0.8604651162790697,0.10492505353319058,8.20075937351685,52.60544217687075,finite,0.0069567928689663406
R00131,Speed_Dynamics__x__Turning_Dynamics=Uncommon Speed_Dynamics,Speed_Dynamics__x__Turning_Dynamics,Uncommon Speed_Dynamics,Acceleration_Dynamics__x__Speed_Dynamics=Uncommon Speed_Dynamics;Spatial_Reach_and_Route__x__Turning_Dynamics=Uncommon Spatial_Reach_and_Route,2,4670,553,37,0.007922912205567453,0.06690777576853527,43,0.009207708779443255,0.8604651162790697,0.11841541755888652,7.266495647419992,45.909885473176615,finite,0.006832577525689054
R00132,Spatial_Reach_and_Route__x__Temporal_Sequential_Context=Uncommon Temporal_Sequential_Context,Spatial_Reach_and_Route__x__Temporal_Sequential_Context,Uncommon Temporal_Sequential_Context,Curvature_Geometry__x__Temporal_Sequential_Context=Uncommon Temporal_Sequential_Context;Spatial_Reach_and_Route__x__Turning_Dynamics=Uncommon Turning_Dynamics,2,4670,490,49,0.010492505353319057,0.1,57,0.012205567451820129,0.8596491228070176,0.10492505353319058,8.192982456140351,52.25,finite,0.009211835535033863
R00133,Acceleration_Dynamics__x__Curvature_Geometry=Uncommon Acceleration_Dynamics,Acceleration_Dynamics__x__Curvature_Geometry,Uncommon Acceleration_Dynamics,Acceleration_Dynamics__x__Spatial_Reach_and_Route=Uncommon Acceleration_Dynamics;Curvature_Geometry__x__Turning_Dynamics=Uncommon Turning_Dynamics,2,4670,565,49,0.010492505353319057,0.08672566371681416,57,0.012205567451820129,0.8596491228070176,0.12098501070663811,7.105418413289862,44.501106194690266,finite,0.009015814644480005
R00134,Acceleration_Dynamics__x__Turning_Dynamics=Uncommon Acceleration_Dynamics,Acceleration_Dynamics__x__Turning_Dynamics,Uncommon Acceleration_Dynamics,Acceleration_Dynamics__x__Speed_Dynamics=Uncommon Acceleration_Dynamics;Curvature_Geometry__x__Turning_Dynamics=Uncommon Curvature_Geometry,2,4670,593,49,0.010492505353319057,0.08263069139966273,57,0.012205567451820129,0.8596491228070176,0.12698072805139185,6.769918049761842,42.11066610455312,finite,0.008942633512006566
R00135,Acceleration_Dynamics__x__Curvature_Geometry=Uncommon Curvature_Geometry,Acceleration_Dynamics__x__Curvature_Geometry,Uncommon Curvature_Geometry,Acceleration_Dynamics__x__Spatial_Reach_and_Route=Uncommon Spatial_Reach_and_Route;Curvature_Geometry__x__Turning_Dynamics=Uncommon Curvature_Geometry,2,4670,574,55,0.011777301927194861,0.09581881533101046,64,0.013704496788008565,0.859375,0.12291220556745182,6.991779181184669,43.60820751064654,finite,0.010092852000788669
R00136,Acceleration_Dynamics__x__Speed_Dynamics=Uncommon Acceleration_Dynamics,Acceleration_Dynamics__x__Speed_Dynamics,Uncommon Acceleration_Dynamics,Acceleration_Dynamics__x__Curvature_Geometry=Uncommon Acceleration_Dynamics;Speed_Dynamics__x__Turning_Dynamics=Uncommon Turning_Dynamics,2,4670,452,48,0.010278372591006424,0.10619469026548672,56,0.011991434689507495,0.8571428571428571,0.09678800856531049,8.855878634639696,55.991150442477874,finite,0.00911774550756801
R00137,Speed_Dynamics__x__Temporal_Sequential_Context=Uncommon Temporal_Sequential_Context,Speed_Dynamics__x__Temporal_Sequential_Context,Uncommon Temporal_Sequential_Context,Acceleration_Dynamics__x__Speed_Dynamics=Uncommon Acceleration_Dynamics;Temporal_Sequential_Context__x__Turning_Dynamics=Uncommon Temporal_Sequential_Context,2,4670,471,48,0.010278372591006424,0.10191082802547771,56,0.011991434689507495,0.8571428571428571,0.10085653104925053,8.498635122838945,53.490445859872615,finite,0.009068958085919052
R00138,Spatial_Reach_and_Route__x__Temporal_Sequential_Context=Uncommon Spatial_Reach_and_Route,Spatial_Reach_and_Route__x__Temporal_Sequential_Context,Uncommon Spatial_Reach_and_Route,Acceleration_Dynamics__x__Temporal_Sequential_Context=Uncommon Acceleration_Dynamics;Spatial_Reach_and_Route__x__Turning_Dynamics=Uncommon Spatial_Reach_and_Route,2,4670,483,48,0.010278372591006424,0.09937888198757763,56,0.011991434689507495,0.8571428571428571,0.10342612419700214,8.287488908606921,52.01242236024844,finite,0.009038144977509181
R00139,Spatial_Reach_and_Route__x__Temporal_Sequential_Context=Uncommon Spatial_Reach_and_Route,Spatial_Reach_and_Route__x__Temporal_Sequential_Context,Uncommon Spatial_Reach_and_Route,Acceleration_Dynamics__x__Temporal_Sequential_Context=Uncommon Acceleration_Dynamics;Curvature_Geometry__x__Spatial_Reach_and_Route=Uncommon Spatial_Reach_and_Route,2,4670,483,42,0.008993576017130621,0.08695652173913043,49,0.010492505353319057,0.8571428571428571,0.10342612419700214,8.287488908606921,52.01242236024844,finite,0.007908376855320535
R00140,Curvature_Geometry__x__Speed_Dynamics=Uncommon Speed_Dynamics,Curvature_Geometry__x__Speed_Dynamics,Uncommon Speed_Dynamics,Acceleration_Dynamics__x__Curvature_Geometry=Uncommon Acceleration_Dynamics;Spatial_Reach_and_Route__x__Speed_Dynamics=Uncommon Speed_Dynamics,2,4670,557,48,0.010278372591006424,0.08617594254937164,56,0.011991434689507495,0.8571428571428571,0.11927194860813704,7.186458066170813,44.305206463195695,finite,0.008848130808981653
R00141,Curvature_Geometry__x__Speed_Dynamics=Uncommon Curvature_Geometry,Curvature_Geometry__x__Speed_Dynamics,Uncommon Curvature_Geometry,Curvature_Geometry__x__Temporal_Sequential_Context=Uncommon Curvature_Geometry;Spatial_Reach_and_Route__x__Speed_Dynamics=Uncommon Spatial_Reach_and_Route,2,4670,563,54,0.011563169164882228,0.09591474245115453,63,0.013490364025695931,0.8571428571428571,0.12055674518201284,7.109870591220503,43.769094138543515,finite,0.00993681478662381
R00142,Spatial_Reach_and_Route__x__Turning_Dynamics=Uncommon Turning_Dynamics,Spatial_Reach_and_Route__x__Turning_Dynamics,Uncommon Turning_Dynamics,Acceleration_Dynamics__x__Turning_Dynamics=Uncommon Turning_Dynamics;Spatial_Reach_and_Route__x__Temporal_Sequential_Context=Uncommon Temporal_Sequential_Context,2,4670,593,54,0.011563169164882228,0.09106239460370995,63,0.013490364025695931,0.8571428571428571,0.12698072805139185,6.750180679354373,41.251264755480605,finite,0.009850152919221053
R00143,Spatial_Reach_and_Route__x__Turning_Dynamics=Uncommon Turning_Dynamics,Spatial_Reach_and_Route__x__Turning_Dynamics,Uncommon Turning_Dynamics,Spatial_Reach_and_Route__x__Speed_Dynamics=Uncommon Speed_Dynamics;Temporal_Sequential_Context__x__Turning_Dynamics=Uncommon Turning_Dynamics,2,4670,593,54,0.011563169164882228,0.09106239460370995,63,0.013490364025695931,0.8571428571428571,0.12698072805139185,6.750180679354373,41.251264755480605,finite,0.009850152919221053
R00144,Spatial_Reach_and_Route__x__Turning_Dynamics=Uncommon Spatial_Reach_and_Route,Spatial_Reach_and_Route__x__Turning_Dynamics,Uncommon Spatial_Reach_and_Route,Acceleration_Dynamics__x__Turning_Dynamics=Uncommon Acceleration_Dynamics;Curvature_Geometry__x__Spatial_Reach_and_Route=Uncommon Spatial_Reach_and_Route,2,4670,599,84,0.017987152034261242,0.14023372287145242,98,0.020985010706638114,0.8571428571428571,0.12826552462526766,6.682566181731457,40.777963272120196,finite,0.015295498626707446
R00145,Spatial_Reach_and_Route__x__Turning_Dynamics=Uncommon Spatial_Reach_and_Route,Spatial_Reach_and_Route__x__Turning_Dynamics,Uncommon Spatial_Reach_and_Route,Acceleration_Dynamics__x__Turning_Dynamics=Uncommon Acceleration_Dynamics;Spatial_Reach_and_Route__x__Temporal_Sequential_Context=Uncommon Spatial_Reach_and_Route,2,4670,599,48,0.010278372591006424,0.08013355592654424,56,0.011991434689507495,0.8571428571428571,0.12826552462526766,6.682566181731457,40.7779632721202,finite,0.00874028492954711
R00146,Spatial_Reach_and_Route__x__Turning_Dynamics=Uncommon Spatial_Reach_and_Route,Spatial_Reach_and_Route__x__Turning_Dynamics,Uncommon Spatial_Reach_and_Route,Spatial_Reach_and_Route__x__Speed_Dynamics=Uncommon Spatial_Reach_and_Route;Temporal_Sequential_Context__x__Turning_Dynamics=Uncommon Temporal_Sequential_Context,2,4670,599,48,0.010278372591006424,0.08013355592654424,56,0.011991434689507495,0.8571428571428571,0.12826552462526766,6.682566181731457,40.7779632721202,finite,0.00874028492954711
R00147,Temporal_Sequential_Context__x__Turning_Dynamics=Uncommon Turning_Dynamics,Temporal_Sequential_Context__x__Turning_Dynamics,Uncommon Turning_Dynamics,Acceleration_Dynamics__x__Turning_Dynamics=Uncommon Turning_Dynamics;Speed_Dynamics__x__Temporal_Sequential_Context=Uncommon Speed_Dynamics,2,4670,611,42,0.008993576017130621,0.06873977086743044,49,0.010492505353319057,0.8571428571428571,0.13083511777301926,6.551321019406126,39.85924713584288,finite,0.0076207878434950875
R00148,Speed_Dynamics__x__Turning_Dynamics=Uncommon Turning_Dynamics,Speed_Dynamics__x__Turning_Dynamics,Uncommon Turning_Dynamics,Curvature_Geometry__x__Speed_Dynamics=Uncommon Curvature_Geometry;Temporal_Sequential_Context__x__Turning_Dynamics=Uncommon Turning_Dynamics,2,4670,604,77,0.016488222698072805,0.12748344370860928,90,0.019271948608137045,0.8555555555555555,0.12933618843683084,6.6149742457689475,39.87289862455426,finite,0.013995662321345873
R00149,Curvature_Geometry__x__Temporal_Sequential_Context=Uncommon Curvature_Geometry,Curvature_Geometry__x__Temporal_Sequential_Context,Uncommon Curvature_Geometry,Curvature_Geometry__x__Turning_Dynamics=Uncommon Curvature_Geometry;Speed_Dynamics__x__Temporal_Sequential_Context=Uncommon Speed_Dynamics,2,4670,578,59,0.012633832976445396,0.10207612456747404,69,0.014775160599571735,0.855072463768116,0.12376873661670236,6.908630459856576,41.76955017301038,finite,0.010805130015727523
R00150,Spatial_Reach_and_Route__x__Temporal_Sequential_Context=Uncommon Temporal_Sequential_Context,Spatial_Reach_and_Route__x__Temporal_Sequential_Context,Uncommon Temporal_Sequential_Context,Curvature_Geometry__x__Spatial_Reach_and_Route=Uncommon Curvature_Geometry;Speed_Dynamics__x__Temporal_Sequential_Context=Uncommon Temporal_Sequential_Context,2,4670,490,53,0.011349036402569594,0.10816326530612246,62,0.013276231263383297,0.8548387096774194,0.10492505353319058,8.147136273864385,50.235827664399096,finite,0.009956027126540083
R00151,Acceleration_Dynamics__x__Spatial_Reach_and_Route=Uncommon Acceleration_Dynamics,Acceleration_Dynamics__x__Spatial_Reach_and_Route,Uncommon Acceleration_Dynamics,Acceleration_Dynamics__x__Temporal_Sequential_Context=Uncommon Acceleration_Dynamics;Spatial_Reach_and_Route__x__Turning_Dynamics=Uncommon Turning_Dynamics,2,4670,449,47,0.01006423982869379,0.10467706013363029,55,0.011777301927194861,0.8545454545454545,0.0961456102783726,8.88803401498279,55.23023385300668,finite,0.008931903947470987
R00152,Curvature_Geometry__x__Speed_Dynamics=Uncommon Speed_Dynamics,Curvature_Geometry__x__Speed_Dynamics,Uncommon Speed_Dynamics,Curvature_Geometry__x__Temporal_Sequential_Context=Uncommon Temporal_Sequential_Context;Spatial_Reach_and_Route__x__Speed_Dynamics=Uncommon Speed_Dynamics,2,4670,557,41,0.008779443254817988,0.07360861759425494,48,0.010278372591006424,0.8541666666666666,0.11927194860813704,7.161505086774387,43.25032059502437,finite,0.007553521727368185
R00153,Acceleration_Dynamics__x__Temporal_Sequential_Context=Uncommon Acceleration_Dynamics,Acceleration_Dynamics__x__Temporal_Sequential_Context,Uncommon Acceleration_Dynamics,Acceleration_Dynamics__x__Spatial_Reach_and_Route=Uncommon Acceleration_Dynamics;Curvature_Geometry__x__Temporal_Sequential_Context=Uncommon Curvature_Geometry,2,4670,477,64,0.013704496788008565,0.13417190775681342,75,0.016059957173447537,0.8533333333333334,0.10214132762312633,8.35443745632425,51.143891747665336,finite,0.012064111440742082
R00154,Speed_Dynamics__x__Turning_Dynamics=Uncommon Speed_Dynamics,Speed_Dynamics__x__Turning_Dynamics,Uncommon Speed_Dynamics,Acceleration_Dynamics__x__Turning_Dynamics=Uncommon Acceleration_Dynamics;Speed_Dynamics__x__Temporal_Sequential_Context=Uncommon Speed_Dynamics,2,4670,553,64,0.013704496788008565,0.11573236889692586,75,0.016059957173447537,0.8533333333333334,0.11841541755888652,7.206268836648584,43.315469340785796,finite,0.011802750253336939
R00155,Curvature_Geometry__x__Spatial_Reach_and_Route=Uncommon Curvature_Geometry,Curvature_Geometry__x__Spatial_Reach_and_Route,Uncommon Curvature_Geometry,Acceleration_Dynamics__x__Spatial_Reach_and_Route=Uncommon Acceleration_Dynamics;Curvature_Geometry__x__Temporal_Sequential_Context=Uncommon Curvature_Geometry,2,4670,557,64,0.013704496788008565,0.11490125673249552,75,0.016059957173447537,0.8533333333333334,0.11927194860813704,7.1545182525433875,42.96262444915946,finite,0.011788994401368248
R00156,Acceleration_Dynamics__x__Curvature_Geometry=Uncommon Curvature_Geometry,Acceleration_Dynamics__x__Curvature_Geometry,Uncommon Curvature_Geometry,Acceleration_Dynamics__x__Turning_Dynamics=Uncommon Turning_Dynamics;Curvature_Geometry__x__Speed_Dynamics=Uncommon Curvature_Geometry,2,4670,574,64,0.013704496788008565,0.11149825783972125,75,0.016059957173447537,0.8533333333333334,0.12291220556745182,6.942624854819977,41.51789673740893,finite,0.011730532030501308
R00157,Speed_Dynamics__x__Turning_Dynamics=Uncommon Turning_Dynamics,Speed_Dynamics__x__Turning_Dynamics,Uncommon Turning_Dynamics,Acceleration_Dynamics__x__Turning_Dynamics=Uncommon Turning_Dynamics;Curvature_Geometry__x__Speed_Dynamics=Uncommon Curvature_Geometry,2,4670,604,64,0.013704496788008565,0.10596026490066225,75,0.016059957173447537,0.8533333333333334,0.12933618843683084,6.5977924944812365,39.16676700782661,finite,0.01162736314073612
R00158,Acceleration_Dynamics__x__Speed_Dynamics=Uncommon Speed_Dynamics,Acceleration_Dynamics__x__Speed_Dynamics,Uncommon Speed_Dynamics,Acceleration_Dynamics__x__Turning_Dynamics=Uncommon Turning_Dynamics;Spatial_Reach_and_Route__x__Speed_Dynamics=Uncommon Speed_Dynamics,2,4670,457,58,0.012419700214132762,0.12691466083150985,68,0.014561027837259101,0.8529411764705882,0.09785867237687366,8.716050971811043,53.4691466083151,finite,0.010994777361535887
R00159,Speed_Dynamics__x__Temporal_Sequential_Context=Uncommon Speed_Dynamics,Speed_Dynamics__x__Temporal_Sequential_Context,Uncommon Speed_Dynamics,Acceleration_Dynamics__x__Temporal_Sequential_Context=Uncommon Acceleration_Dynamics;Speed_Dynamics__x__Turning_Dynamics=Uncommon Speed_Dynamics,2,4670,528,58,0.012419700214132762,0.10984848484848485,68,0.014561027837259101,0.8529411764705882,0.11306209850107066,7.54400623885918,45.499242424242425,finite,0.010773399850519743
R00160,Curvature_Geometry__x__Spatial_Reach_and_Route=Uncommon Curvature_Geometry,Curvature_Geometry__x__Spatial_Reach_and_Route,Uncommon Curvature_Geometry,Acceleration_Dynamics__x__Spatial_Reach_and_Route=Uncommon Acceleration_Dynamics;Curvature_Geometry__x__Turning_Dynamics=Uncommon Curvature_Geometry,2,4670,557,58,0.012419700214132762,0.10412926391382406,68,0.014561027837259101,0.8529411764705882,0.11927194860813704,7.151230330552329,42.82836624775583,finite,0.010682978050245541
R00161,Acceleration_Dynamics__x__Temporal_Sequential_Context=Uncommon Temporal_Sequential_Context,Acceleration_Dynamics__x__Temporal_Sequential_Context,Uncommon Temporal_Sequential_Context,Acceleration_Dynamics__x__Speed_Dynamics=Uncommon Speed_Dynamics;Spatial_Reach_and_Route__x__Temporal_Sequential_Context=Uncommon Temporal_Sequential_Context,2,4670,474,52,0.01113490364025696,0.10970464135021098,61,0.013062098501070664,0.8524590163934426,0.10149892933618844,8.3986995918932,51.14674167838725,finite,0.009809114627514456
R00162,Curvature_Geometry__x__Turning_Dynamics=Uncommon Turning_Dynamics,Curvature_Geometry__x__Turning_Dynamics,Uncommon Turning_Dynamics,Curvature_Geometry__x__Speed_Dynamics=Uncommon Speed_Dynamics;Spatial_Reach_and_Route__x__Turning_Dynamics=Uncommon Turning_Dynamics,2,4670,589,52,0.01113490364025696,0.08828522920203735,61,0.013062098501070664,0.8524590163934426,0.12612419700214134,6.758885579893678,40.03244670816827,finite,0.009487456955646548
R00163,Temporal_Sequential_Context__x__Turning_Dynamics=Uncommon Turning_Dynamics,Temporal_Sequential_Context__x__Turning_Dynamics,Uncommon Turning_Dynamics,Curvature_Geometry__x__Turning_Dynamics=Uncommon Turning_Dynamics;Speed_Dynamics__x__Temporal_Sequential_Context=Uncommon Speed_Dynamics,2,4670,611,52,0.01113490364025696,0.0851063829787234,61,0.013062098501070664,0.8524590163934426,0.13083511777301926,6.51552145099407,38.38297872340426,finite,0.009425922444506601
R00164,Speed_Dynamics__x__Turning_Dynamics=Uncommon Speed_Dynamics,Speed_Dynamics__x__Turning_Dynamics,Uncommon Speed_Dynamics,Acceleration_Dynamics__x__Speed_Dynamics=Uncommon Speed_Dynamics;Curvature_Geometry__x__Turning_Dynamics=Uncommon Curvature_Geometry,2,4670,553,46,0.009850107066381156,0.08318264014466546,54,0.011563169164882228,0.8518518518518519,0.11841541755888652,7.193757953251624,42.807866184448464,finite,0.008480849561417586
R00165,Temporal_Sequential_Context__x__Turning_Dynamics=Uncommon Temporal_Sequential_Context,Temporal_Sequential_Context__x__Turning_Dynamics,Uncommon Temporal_Sequential_Context,Acceleration_Dynamics__x__Temporal_Sequential_Context=Uncommon Temporal_Sequential_Context;Speed_Dynamics__x__Turning_Dynamics=Uncommon Speed_Dynamics,2,4670,626,46,0.009850107066381156,0.07348242811501597,54,0.011563169164882228,0.8518518518518519,0.1340471092077088,6.354869246243048,37.14536741214057,finite,0.008300097666548977
R00166,Acceleration_Dynamics__x__Curvature_Geometry=Uncommon Curvature_Geometry,Acceleration_Dynamics__x__Curvature_Geometry,Uncommon Curvature_Geometry,Acceleration_Dynamics__x__Temporal_Sequential_Context=Uncommon Temporal_Sequential_Context;Curvature_Geometry__x__Turning_Dynamics=Uncommon Curvature_Geometry,2,4670,574,51,0.010920770877944325,0.08885017421602788,60,0.01284796573875803,0.85,0.12291220556745182,6.915505226480836,40.43670150987224,finite,0.00934159907193852
R00167,Curvature_Geometry__x__Temporal_Sequential_Context=Uncommon Curvature_Geometry,Curvature_Geometry__x__Temporal_Sequential_Context,Uncommon Curvature_Geometry,Curvature_Geometry__x__Speed_Dynamics=Uncommon Curvature_Geometry;Spatial_Reach_and_Route__x__Temporal_Sequential_Context=Uncommon Spatial_Reach_and_Route,2,4670,578,51,0.010920770877944325,0.08823529411764706,60,0.01284796573875803,0.85,0.12376873661670236,6.867647058823529,40.11764705882353,finite,0.009330594390363565
R00168,Curvature_Geometry__x__Spatial_Reach_and_Route=Uncommon Spatial_Reach_and_Route,Curvature_Geometry__x__Spatial_Reach_and_Route,Uncommon Spatial_Reach_and_Route,Curvature_Geometry__x__Speed_Dynamics=Uncommon Speed_Dynamics;Spatial_Reach_and_Route__x__Turning_Dynamics=Uncommon Spatial_Reach_and_Route,2,4670,565,79,0.016916488222698072,0.13982300884955753,93,0.019914346895074948,0.8494623655913979,0.12098501070663811,7.021219906746598,40.998103666245264,finite,0.014507150750381724
R00169,Spatial_Reach_and_Route__x__Speed_Dynamics=Uncommon Spatial_Reach_and_Route,Spatial_Reach_and_Route__x__Speed_Dynamics,Uncommon Spatial_Reach_and_Route,Curvature_Geometry__x__Spatial_Reach_and_Route=Uncommon Spatial_Reach_and_Route;Speed_Dynamics__x__Turning_Dynamics=Uncommon Turning_Dynamics,2,4670,428,45,0.009635974304068522,0.10514018691588785,53,0.011349036402569594,0.8490566037735849,0.09164882226980728,9.264239111267855,55.75058411214953,finite,0.008595848483875849
R00170,Acceleration_Dynamics__x__Turning_Dynamics=Uncommon Turning_Dynamics,Acceleration_Dynamics__x__Turning_Dynamics,Uncommon Turning_Dynamics,Acceleration_Dynamics__x__Curvature_Geometry=Uncommon Curvature_Geometry;Speed_Dynamics__x__Turning_Dynamics=Uncommon Turning_Dynamics,2,4670,569,73,0.01563169164882227,0.1282952548330404,86,0.01841541755888651,0.8488372093023255,0.12184154175588865,6.966730698491846,40.47221846694606,finite,0.013387928781369074
R00171,Acceleration_Dynamics__x__Temporal_Sequential_Context=Uncommon Temporal_Sequential_Context,Acceleration_Dynamics__x__Temporal_Sequential_Context,Uncommon Temporal_Sequential_Context,Acceleration_Dynamics__x__Curvature_Geometry=Uncommon Curvature_Geometry;Speed_Dynamics__x__Temporal_Sequential_Context=Uncommon Temporal_Sequential_Context,2,4670,474,50,0.010706638115631691,0.10548523206751055,59,0.012633832976445396,0.847457627118644,0.10149892933618844,8.349424300936851,49.179559306141584,finite,0.009424317595110253
R00172,Curvature_Geometry__x__Turning_Dynamics=Uncommon Curvature_Geometry,Curvature_Geometry__x__Turning_Dynamics,Uncommon Curvature_Geometry,Acceleration_Dynamics__x__Curvature_Geometry=Uncommon Curvature_Geometry;Temporal_Sequential_Context__x__Turning_Dynamics=Uncommon Temporal_Sequential_Context,2,4670,545,50,0.010706638115631691,0.09174311926605505,59,0.012633832976445396,0.847457627118644,0.11670235546038545,7.261701135126729,42.04892966360856,finite,0.009232240048787421
R00173,Curvature_Geometry__x__Turning_Dynamics=Uncommon Turning_Dynamics,Curvature_Geometry__x__Turning_Dynamics,Uncommon Turning_Dynamics,Curvature_Geometry__x__Spatial_Reach_and_Route=Uncommon Spatial_Reach_and_Route;Temporal_Sequential_Context__x__Turning_Dynamics=Uncommon Turning_Dynamics,2,4670,589,50,0.010706638115631691,0.08488964346349745,59,0.012633832976445396,0.847457627118644,0.12612419700214134,6.719231101263272,38.492737219392566,finite,0.009113206076418343
R00174,Speed_Dynamics__x__Temporal_Sequential_Context=Uncommon Speed_Dynamics,Speed_Dynamics__x__Temporal_Sequential_Context,Uncommon Speed_Dynamics,Curvature_Geometry__x__Temporal_Sequential_Context=Uncommon Curvature_Geometry;Spatial_Reach_and_Route__x__Speed_Dynamics=Uncommon Speed_Dynamics,2,4670,528,61,0.013062098501070664,0.11553030303030302,72,0.015417558886509636,0.8472222222222222,0.11306209850107066,7.493423821548822,43.50241046831956,finite,0.011318956939598054
R00175,Acceleration_Dynamics__x__Spatial_Reach_and_Route=Uncommon Spatial_Reach_and_Route,Acceleration_Dynamics__x__Spatial_Reach_and_Route,Uncommon Spatial_Reach_and_Route,Acceleration_Dynamics__x__Curvature_Geometry=Uncommon Curvature_Geometry;Spatial_Reach_and_Route__x__Temporal_Sequential_Context=Uncommon Spatial_Reach_and_Route,2,4670,394,66,0.014132762312633832,0.16751269035532995,78,0.01670235546038544,0.8461538461538461,0.08436830835117773,10.029285435376806,59.69035532994924,finite,0.012723612836961056
R00176,Curvature_Geometry__x__Speed_Dynamics=Uncommon Speed_Dynamics,Curvature_Geometry__x__Speed_Dynamics,Uncommon Speed_Dynamics,Acceleration_Dynamics__x__Curvature_Geometry=Uncommon Acceleration_Dynamics;Speed_Dynamics__x__Temporal_Sequential_Context=Uncommon Speed_Dynamics,2,4670,557,55,0.011777301927194861,0.09874326750448834,65,0.013918629550321198,0.8461538461538461,0.11927194860813704,7.094323988399393,40.61310592459605,finite,0.010117199858773254
R00177,Curvature_Geometry__x__Spatial_Reach_and_Route=Uncommon Spatial_Reach_and_Route,Curvature_Geometry__x__Spatial_Reach_and_Route,Uncommon Spatial_Reach_and_Route,Acceleration_Dynamics__x__Curvature_Geometry=Uncommon Acceleration_Dynamics;Spatial_Reach_and_Route__x__Turning_Dynamics=Uncommon Spatial_Reach_and_Route,2,4670,565,88,0.018843683083511777,0.15575221238938053,104,0.02226980728051392,0.8461538461538461,0.12098501070663811,6.993873383253915,39.96017699115044,finite,0.016149370211244032
R00178,Spatial_Reach_and_Route__x__Temporal_Sequential_Context=Uncommon Spatial_Reach_and_Route,Spatial_Reach_and_Route__x__Temporal_Sequential_Context,Uncommon Spatial_Reach_and_Route,Acceleration_Dynamics__x__Spatial_Reach_and_Route=Uncommon Spatial_Reach_and_Route;Curvature_Geometry__x__Temporal_Sequential_Context=Uncommon Curvature_Geometry,2,4670,483,71,0.015203426124197002,0.14699792960662525,84,0.017987152034261242,0.8452380952380952,0.10342612419700214,8.17238489598738,47.34464086637999,finite,0.013343084703951139
R00179,Acceleration_Dynamics__x__Curvature_Geometry=Uncommon Curvature_Geometry,Acceleration_Dynamics__x__Curvature_Geometry,Uncommon Curvature_Geometry,Acceleration_Dynamics__x__Spatial_Reach_and_Route=Uncommon Spatial_Reach_and_Route;Curvature_Geometry__x__Temporal_Sequential_Context=Uncommon Curvature_Geometry,2,4670,574,71,0.015203426124197002,0.12369337979094076,84,0.017987152034261242,0.8452380952380952,0.12291220556745182,6.876762900282064,38.97292950951488,finite,0.012992585595788876
R00180,Acceleration_Dynamics__x__Spatial_Reach_and_Route=Uncommon Acceleration_Dynamics,Acceleration_Dynamics__x__Spatial_Reach_and_Route,Uncommon Acceleration_Dynamics,Acceleration_Dynamics__x__Speed_Dynamics=Uncommon Acceleration_Dynamics;Curvature_Geometry__x__Spatial_Reach_and_Route=Uncommon Curvature_Geometry,2,4670,449,60,0.01284796573875803,0.133630289532294,71,0.015203426124197002,0.8450704225352113,0.0961456102783726,8.789485241067787,51.27758655598299,finite,0.011386223055724957
R00181,Curvature_Geometry__x__Speed_Dynamics=Uncommon Curvature_Geometry,Curvature_Geometry__x__Speed_Dynamics,Uncommon Curvature_Geometry,Acceleration_Dynamics__x__Curvature_Geometry=Uncommon Curvature_Geometry;Spatial_Reach_and_Route__x__Speed_Dynamics=Uncommon Spatial_Reach_and_Route,2,4670,563,49,0.010492505353319057,0.08703374777975133,58,0.012419700214132762,0.8448275862068966,0.12055674518201284,7.007717278128254,39.71640023682652,finite,0.008995226719366863
R00182,Acceleration_Dynamics__x__Turning_Dynamics=Uncommon Turning_Dynamics,Acceleration_Dynamics__x__Turning_Dynamics,Uncommon Turning_Dynamics,Acceleration_Dynamics__x__Spatial_Reach_and_Route=Uncommon Spatial_Reach_and_Route;Temporal_Sequential_Context__x__Turning_Dynamics=Uncommon Turning_Dynamics,2,4670,569,49,0.010492505353319057,0.08611599297012303,58,0.012419700214132762,0.8448275862068966,0.12184154175588865,6.933822192594389,39.240187463386064,finite,0.00897926993108318
R00183,Spatial_Reach_and_Route__x__Turning_Dynamics=Uncommon Turning_Dynamics,Spatial_Reach_and_Route__x__Turning_Dynamics,Uncommon Turning_Dynamics,Acceleration_Dynamics__x__Spatial_Reach_and_Route=Uncommon Acceleration_Dynamics;Temporal_Sequential_Context__x__Turning_Dynamics=Uncommon Turning_Dynamics,2,4670,593,49,0.010492505353319057,0.08263069139966273,58,0.012419700214132762,0.8448275862068966,0.12698072805139185,6.6531953247659485,37.43170320404722,finite,0.008915442777948451
R00184,Acceleration_Dynamics__x__Turning_Dynamics=Uncommon Turning_Dynamics,Acceleration_Dynamics__x__Turning_Dynamics,Uncommon Turning_Dynamics,Acceleration_Dynamics__x__Spatial_Reach_and_Route=Uncommon Spatial_Reach_and_Route;Speed_Dynamics__x__Turning_Dynamics=Uncommon Turning_Dynamics,2,4670,569,38,0.008137044967880086,0.06678383128295255,45,0.009635974304068522,0.8444444444444444,0.12184154175588865,6.930677602030853,39.12578458448406,finite,0.006962983002352251
R00185,Speed_Dynamics__x__Temporal_Sequential_Context=Uncommon Speed_Dynamics,Speed_Dynamics__x__Temporal_Sequential_Context,Uncommon Speed_Dynamics,Acceleration_Dynamics__x__Temporal_Sequential_Context=Uncommon Acceleration_Dynamics;Curvature_Geometry__x__Speed_Dynamics=Uncommon Speed_Dynamics,2,4670,528,54,0.011563169164882228,0.10227272727272728,64,0.013704496788008565,0.84375,0.11306209850107066,7.462713068181818,42.36136363636364,finite,0.010013709999128796
R00186,Curvature_Geometry__x__Speed_Dynamics=Uncommon Speed_Dynamics,Curvature_Geometry__x__Speed_Dynamics,Uncommon Speed_Dynamics,Acceleration_Dynamics__x__Curvature_Geometry=Uncommon Acceleration_Dynamics;Speed_Dynamics__x__Turning_Dynamics=Uncommon Speed_Dynamics,2,4670,557,70,0.014989293361884369,0.12567324955116696,83,0.017773019271948607,0.8433734939759037,0.11927194860813704,7.071012956674093,39.76108272338075,finite,0.012869470720669084
R00187,Acceleration_Dynamics__x__Turning_Dynamics=Uncommon Acceleration_Dynamics,Acceleration_Dynamics__x__Turning_Dynamics,Uncommon Acceleration_Dynamics,Acceleration_Dynamics__x__Curvature_Geometry=Uncommon Acceleration_Dynamics;Speed_Dynamics__x__Turning_Dynamics=Uncommon Speed_Dynamics,2,4670,593,70,0.014989293361884369,0.11804384485666104,83,0.017773019271948607,0.8433734939759037,0.12698072805139185,6.641744041935026,37.020365806200545,finite,0.012732462435060916
R00188,Spatial_Reach_and_Route__x__Turning_Dynamics=Uncommon Spatial_Reach_and_Route,Spatial_Reach_and_Route__x__Turning_Dynamics,Uncommon Spatial_Reach_and_Route,Curvature_Geometry__x__Turning_Dynamics=Uncommon Curvature_Geometry;Spatial_Reach_and_Route__x__Speed_Dynamics=Uncommon Spatial_Reach_and_Route,2,4670,599,43,0.009207708779443255,0.07178631051752922,51,0.010920770877944325,0.8431372549019608,0.12826552462526766,6.573373923860029,36.53025876460768,finite,0.007806950373471381
R00189,Curvature_Geometry__x__Speed_Dynamics=Uncommon Curvature_Geometry,Curvature_Geometry__x__Speed_Dynamics,Uncommon Curvature_Geometry,Curvature_Geometry__x__Temporal_Sequential_Context=Uncommon Curvature_Geometry;Speed_Dynamics__x__Turning_Dynamics=Uncommon Turning_Dynamics,2,4670,563,80,0.017130620985010708,0.14209591474245115,95,0.020342612419700215,0.8421052631578947,0.12055674518201284,6.985136019444704,38.90586145648312,finite,0.014678181843192459
R00190,Curvature_Geometry__x__Temporal_Sequential_Context=Uncommon Curvature_Geometry,Curvature_Geometry__x__Temporal_Sequential_Context,Uncommon Curvature_Geometry,Curvature_Geometry__x__Spatial_Reach_and_Route=Uncommon Curvature_Geometry;Temporal_Sequential_Context__x__Turning_Dynamics=Uncommon Turning_Dynamics,2,4670,578,69,0.014775160599571735,0.11937716262975778,82,0.017558886509635975,0.8414634146341463,0.12376873661670236,6.798674993670351,37.57625765238222,finite,0.012601919399878031
R00191,Temporal_Sequential_Context__x__Turning_Dynamics=Uncommon Turning_Dynamics,Temporal_Sequential_Context__x__Turning_Dynamics,Uncommon Turning_Dynamics,Curvature_Geometry__x__Temporal_Sequential_Context=Uncommon Curvature_Geometry;Spatial_Reach_and_Route__x__Turning_Dynamics=Uncommon Turning_Dynamics,2,4670,611,69,0.014775160599571735,0.11292962356792144,82,0.017558886509635975,0.8414634146341463,0.13083511777301926,6.431479781246258,35.260103235553316,finite,0.012477841615120434
R00192,Curvature_Geometry__x__Temporal_Sequential_Context=Uncommon Temporal_Sequential_Context,Curvature_Geometry__x__Temporal_Sequential_Context,Uncommon Temporal_Sequential_Context,Curvature_Geometry__x__Turning_Dynamics=Uncommon Turning_Dynamics;Spatial_Reach_and_Route__x__Temporal_Sequential_Context=Uncommon Temporal_Sequential_Context,2,4670,580,53,0.011349036402569594,0.09137931034482759,63,0.013490364025695931,0.8412698412698413,0.12419700214132762,6.773672687465791,37.37413793103448,finite,0.009673573632782947
R00193,Spatial_Reach_and_Route__x__Turning_Dynamics=Uncommon Turning_Dynamics,Spatial_Reach_and_Route__x__Turning_Dynamics,Uncommon Turning_Dynamics,Curvature_Geometry__x__Turning_Dynamics=Uncommon Turning_Dynamics;Spatial_Reach_and_Route__x__Temporal_Sequential_Context=Uncommon Temporal_Sequential_Context,2,4670,593,53,0.011349036402569594,0.0893760539629005,63,0.013490364025695931,0.8412698412698413,0.12698072805139185,6.625177333440403,36.438617200674535,finite,0.009636020156908419
R00194,Acceleration_Dynamics__x__Temporal_Sequential_Context=Uncommon Temporal_Sequential_Context,Acceleration_Dynamics__x__Temporal_Sequential_Context,Uncommon Temporal_Sequential_Context,Acceleration_Dynamics__x__Speed_Dynamics=Uncommon Speed_Dynamics;Curvature_Geometry__x__Temporal_Sequential_Context=Uncommon Temporal_Sequential_Context,2,4670,474,37,0.007922912205567453,0.07805907172995781,44,0.009421841541755889,0.8409090909090909,0.10149892933618844,8.284906022247794,46.790837854128995,finite,0.006966605376704007
R00195,Speed_Dynamics__x__Turning_Dynamics=Uncommon Turning_Dynamics,Speed_Dynamics__x__Turning_Dynamics,Uncommon Turning_Dynamics,Acceleration_Dynamics__x__Turning_Dynamics=Uncommon Turning_Dynamics;Spatial_Reach_and_Route__x__Speed_Dynamics=Uncommon Spatial_Reach_and_Route,2,4670,604,37,0.007922912205567453,0.061258278145695365,44,0.009421841541755889,0.8409090909090909,0.12933618843683084,6.501730885009031,35.58230842005676,finite,0.006704327132500952
R00196,Acceleration_Dynamics__x__Turning_Dynamics=Uncommon Turning_Dynamics,Acceleration_Dynamics__x__Turning_Dynamics,Uncommon Turning_Dynamics,Acceleration_Dynamics__x__Speed_Dynamics=Uncommon Speed_Dynamics;Spatial_Reach_and_Route__x__Turning_Dynamics=Uncommon Turning_Dynamics,2,4670,569,58,0.012419700214132762,0.10193321616871705,69,0.014775160599571735,0.8405797101449275,0.12184154175588865,6.898958253737805,38.00255631890079,finite,0.010619471866990082
R00197,Acceleration_Dynamics__x__Speed_Dynamics=Uncommon Speed_Dynamics,Acceleration_Dynamics__x__Speed_Dynamics,Uncommon Speed_Dynamics,Acceleration_Dynamics__x__Spatial_Reach_and_Route=Uncommon Spatial_Reach_and_Route;Speed_Dynamics__x__Temporal_Sequential_Context=Uncommon Speed_Dynamics,2,4670,457,42,0.008993576017130621,0.09190371991247265,50,0.010706638115631691,0.84,0.09785867237687366,8.583807439824945,48.39879649890591,finite,0.007945838625515272
R00198,Curvature_Geometry__x__Spatial_Reach_and_Route=Uncommon Spatial_Reach_and_Route,Curvature_Geometry__x__Spatial_Reach_and_Route,Uncommon Spatial_Reach_and_Route,Curvature_Geometry__x__Turning_Dynamics=Uncommon Turning_Dynamics;Spatial_Reach_and_Route__x__Speed_Dynamics=Uncommon Spatial_Reach_and_Route,2,4670,565,42,0.008993576017130621,0.0743362831858407,50,0.010706638115631691,0.84,0.12098501070663811,6.943008849557522,38.14380530973451,finite,0.007698233290078821
R00199,Curvature_Geometry__x__Turning_Dynamics=Uncommon Turning_Dynamics,Curvature_Geometry__x__Turning_Dynamics,Uncommon Turning_Dynamics,Acceleration_Dynamics__x__Turning_Dynamics=Uncommon Turning_Dynamics;Curvature_Geometry__x__Speed_Dynamics=Uncommon Speed_Dynamics,2,4670,589,47,0.01006423982869379,0.07979626485568761,56,0.011991434689507495,0.8392857142857143,0.12612419700214134,6.654438515643948,36.18317298622902,finite,0.008551829757576035
R00200,Spatial_Reach_and_Route__x__Turning_Dynamics=Uncommon Spatial_Reach_and_Route,Spatial_Reach_and_Route__x__Turning_Dynamics,Uncommon Spatial_Reach_and_Route,Acceleration_Dynamics__x__Spatial_Reach_and_Route=Uncommon Spatial_Reach_and_Route;Temporal_Sequential_Context__x__Turning_Dynamics=Uncommon Temporal_Sequential_Context,2,4670,599,47,0.01006423982869379,0.07846410684474124,56,0.011991434689507495,0.8392857142857143,0.12826552462526766,6.5433460529453855,35.49193099610462,finite,0.008526152167234477
R00201,Spatial_Reach_and_Route__x__Temporal_Sequential_Context=Uncommon Temporal_Sequential_Context,Spatial_Reach_and_Route__x__Temporal_Sequential_Context,Uncommon Temporal_Sequential_Context,Acceleration_Dynamics__x__Temporal_Sequential_Context=Uncommon Temporal_Sequential_Context;Curvature_Geometry__x__Spatial_Reach_and_Route=Uncommon Curvature_Geometry,2,4670,490,52,0.01113490364025696,0.10612244897959183,62,0.013276231263383297,0.8387096774193549,0.10492505353319058,7.99341672152732,44.35918367346939,finite,0.00974189436422745
R00202,Acceleration_Dynamics__x__Curvature_Geometry=Uncommon Curvature_Geometry,Acceleration_Dynamics__x__Curvature_Geometry,Uncommon Curvature_Geometry,Acceleration_Dynamics__x__Temporal_Sequential_Context=Uncommon Temporal_Sequential_Context;Curvature_Geometry__x__Spatial_Reach_and_Route=Uncommon Curvature_Geometry,2,4670,574,52,0.01113490364025696,0.09059233449477352,62,0.013276231263383297,0.8387096774193549,0.12291220556745182,6.8236484208160055,37.10662020905924,finite,0.009503092774050962
R00203,Curvature_Geometry__x__Temporal_Sequential_Context=Uncommon Curvature_Geometry,Curvature_Geometry__x__Temporal_Sequential_Context,Uncommon Curvature_Geometry,Acceleration_Dynamics__x__Curvature_Geometry=Uncommon Curvature_Geometry;Temporal_Sequential_Context__x__Turning_Dynamics=Uncommon Turning_Dynamics,2,4670,578,78,0.01670235546038544,0.13494809688581316,93,0.019914346895074948,0.8387096774193549,0.12376873661670236,6.776425940395133,36.81384083044983,finite,0.014237581904635265
R00204,Curvature_Geometry__x__Turning_Dynamics=Uncommon Turning_Dynamics,Curvature_Geometry__x__Turning_Dynamics,Uncommon Turning_Dynamics,Acceleration_Dynamics__x__Curvature_Geometry=Uncommon Acceleration_Dynamics;Temporal_Sequential_Context__x__Turning_Dynamics=Uncommon Turning_Dynamics,2,4670,589,52,0.01113490364025696,0.08828522920203735,62,0.013276231263383297,0.8387096774193549,0.12612419700214134,6.649871296347007,36.02920203735144,finite,0.009460449632948018
R00205,Speed_Dynamics__x__Temporal_Sequential_Context=Uncommon Speed_Dynamics,Speed_Dynamics__x__Temporal_Sequential_Context,Uncommon Speed_Dynamics,Curvature_Geometry__x__Speed_Dynamics=Uncommon Speed_Dynamics;Spatial_Reach_and_Route__x__Temporal_Sequential_Context=Uncommon Spatial_Reach_and_Route,2,4670,528,57,0.012205567451820129,0.10795454545454546,68,0.014561027837259101,0.8382352941176471,0.11306209850107066,7.413937165775402,40.64979338842976,finite,0.010559267088207109
R00206,Curvature_Geometry__x__Spatial_Reach_and_Route=Uncommon Spatial_Reach_and_Route,Curvature_Geometry__x__Spatial_Reach_and_Route,Uncommon Spatial_Reach_and_Route,Curvature_Geometry__x__Speed_Dynamics=Uncommon Speed_Dynamics;Spatial_Reach_and_Route__x__Temporal_Sequential_Context=Uncommon Spatial_Reach_and_Route,2,4670,565,57,0.012205567451820129,0.10088495575221239,68,0.014561027837259101,0.8382352941176471,0.12098501070663811,6.928422696512233,37.64843121480289,finite,0.010443901343029681
R00207,Acceleration_Dynamics__x__Turning_Dynamics=Uncommon Acceleration_Dynamics,Acceleration_Dynamics__x__Turning_Dynamics,Uncommon Acceleration_Dynamics,Acceleration_Dynamics__x__Temporal_Sequential_Context=Uncommon Acceleration_Dynamics;Speed_Dynamics__x__Turning_Dynamics=Uncommon Speed_Dynamics,2,4670,593,57,0.012205567451820129,0.09612141652613827,68,0.014561027837259101,0.8382352941176471,0.12698072805139185,6.6012796349568506,35.62609228882416,finite,0.010356597535868385
R00208,Curvature_Geometry__x__Spatial_Reach_and_Route=Uncommon Curvature_Geometry,Curvature_Geometry__x__Spatial_Reach_and_Route,Uncommon Curvature_Geometry,Acceleration_Dynamics__x__Curvature_Geometry=Uncommon Curvature_Geometry;Spatial_Reach_and_Route__x__Turning_Dynamics=Uncommon Turning_Dynamics,2,4670,557,67,0.014346895074946468,0.12028725314183124,80,0.017130620985010708,0.8375,0.11927194860813704,7.0217684021543985,38.05703632095015,finite,0.012303692529196796
R00209,Acceleration_Dynamics__x__Spatial_Reach_and_Route=Uncommon Spatial_Reach_and_Route,Acceleration_Dynamics__x__Spatial_Reach_and_Route,Uncommon Spatial_Reach_and_Route,Acceleration_Dynamics__x__Speed_Dynamics=Uncommon Speed_Dynamics;Spatial_Reach_and_Route__x__Turning_Dynamics=Uncommon Spatial_Reach_and_Route,2,4670,394,36,0.007708779443254818,0.09137055837563451,43,0.009207708779443255,0.8372093023255814,0.08436830835117773,9.923267618935192,55.81435823060188,finite,0.006931940629742903
R00210,Spatial_Reach_and_Route__x__Speed_Dynamics=Uncommon Spatial_Reach_and_Route,Spatial_Reach_and_Route__x__Speed_Dynamics,Uncommon Spatial_Reach_and_Route,Acceleration_Dynamics__x__Speed_Dynamics=Uncommon Acceleration_Dynamics;Spatial_Reach_and_Route__x__Temporal_Sequential_Context=Uncommon Spatial_Reach_and_Route,2,4670,428,36,0.007708779443254818,0.08411214953271028,43,0.009207708779443255,0.8372093023255814,0.09164882226980728,9.13497065855249,50.971962616822424,finite,0.006864903777815479
R00211,Spatial_Reach_and_Route__x__Turning_Dynamics=Uncommon Spatial_Reach_and_Route,Spatial_Reach_and_Route__x__Turning_Dynamics,Uncommon Spatial_Reach_and_Route,Curvature_Geometry__x__Spatial_Reach_and_Route=Uncommon Spatial_Reach_and_Route;Speed_Dynamics__x__Turning_Dynamics=Uncommon Speed_Dynamics,2,4670,599,72,0.015417558886509636,0.12020033388981637,86,0.01841541755888651,0.8372093023255814,0.12826552462526766,6.527157665877238,34.952539947531605,finite,0.013055495692125692
R00212,Speed_Dynamics__x__Temporal_Sequential_Context=Uncommon Speed_Dynamics,Speed_Dynamics__x__Temporal_Sequential_Context,Uncommon Speed_Dynamics,Acceleration_Dynamics__x__Speed_Dynamics=Uncommon Speed_Dynamics;Spatial_Reach_and_Route__x__Temporal_Sequential_Context=Uncommon Spatial_Reach_and_Route,2,4670,528,41,0.008779443254817988,0.07765151515151515,49,0.010492505353319057,0.8367346938775511,0.11306209850107066,7.400664811379098,40.20407196969697,finite,0.007593138581038017
R00213,Acceleration_Dynamics__x__Spatial_Reach_and_Route=Uncommon Spatial_Reach_and_Route,Acceleration_Dynamics__x__Spatial_Reach_and_Route,Uncommon Spatial_Reach_and_Route,Acceleration_Dynamics__x__Temporal_Sequential_Context=Uncommon Temporal_Sequential_Context;Spatial_Reach_and_Route__x__Turning_Dynamics=Uncommon Spatial_Reach_and_Route,2,4670,394,46,0.009850107066381156,0.116751269035533,55,0.011777301927194861,0.8363636363636363,0.08436830835117773,9.913244116289802,55.46982515510434,finite,0.00885647602584266
R00214,Acceleration_Dynamics__x__Speed_Dynamics=Uncommon Speed_Dynamics,Acceleration_Dynamics__x__Speed_Dynamics,Uncommon Speed_Dynamics,Acceleration_Dynamics__x__Curvature_Geometry=Uncommon Curvature_Geometry;Speed_Dynamics__x__Turning_Dynamics=Uncommon Speed_Dynamics,2,4670,457,46,0.009850107066381156,0.10065645514223195,55,0.011777301927194861,0.8363636363636363,0.09785867237687366,8.546648100258603,47.11840505713591,finite,0.008697595935604272
R00215,Curvature_Geometry__x__Turning_Dynamics=Uncommon Curvature_Geometry,Curvature_Geometry__x__Turning_Dynamics,Uncommon Curvature_Geometry,Acceleration_Dynamics__x__Curvature_Geometry=Uncommon Curvature_Geometry;Speed_Dynamics__x__Turning_Dynamics=Uncommon Speed_Dynamics,2,4670,545,46,0.009850107066381156,0.08440366972477065,55,0.011777301927194861,0.8363636363636363,0.11670235546038545,7.166638865721434,38.68501529051988,finite,0.00847566819050938
R00216,Temporal_Sequential_Context__x__Turning_Dynamics=Uncommon Turning_Dynamics,Temporal_Sequential_Context__x__Turning_Dynamics,Uncommon Turning_Dynamics,Acceleration_Dynamics__x__Temporal_Sequential_Context=Uncommon Acceleration_Dynamics;Spatial_Reach_and_Route__x__Turning_Dynamics=Uncommon Turning_Dynamics,2,4670,611,46,0.009850107066381156,0.07528641571194762,55,0.011777301927194861,0.8363636363636363,0.13083511777301926,6.392501115905372,33.95417348608838,finite,0.00830922238168821
R00217,Spatial_Reach_and_Route__x__Turning_Dynamics=Uncommon Turning_Dynamics,Spatial_Reach_and_Route__x__Turning_Dynamics,Uncommon Turning_Dynamics,Spatial_Reach_and_Route__x__Temporal_Sequential_Context=Uncommon Temporal_Sequential_Context;Speed_Dynamics__x__Turning_Dynamics=Uncommon Turning_Dynamics,2,4670,593,56,0.011991434689507495,0.09443507588532883,67,0.014346895074946468,0.835820895522388,0.12698072805139185,6.582265737081876,35.001073125862334,finite,0.010169655507613864
R00218,Curvature_Geometry__x__Turning_Dynamics=Uncommon Curvature_Geometry,Curvature_Geometry__x__Turning_Dynamics,Uncommon Curvature_Geometry,Acceleration_Dynamics__x__Turning_Dynamics=Uncommon Acceleration_Dynamics;Curvature_Geometry__x__Temporal_Sequential_Context=Uncommon Curvature_Geometry,2,4670,545,61,0.013062098501070664,0.11192660550458716,73,0.01563169164882227,0.8356164383561644,0.11670235546038545,7.160236269950986,38.47477064220184,finite,0.011237843265822669
R00219,Temporal_Sequential_Context__x__Turning_Dynamics=Uncommon Turning_Dynamics,Temporal_Sequential_Context__x__Turning_Dynamics,Uncommon Turning_Dynamics,Acceleration_Dynamics__x__Turning_Dynamics=Uncommon Turning_Dynamics;Curvature_Geometry__x__Temporal_Sequential_Context=Uncommon Curvature_Geometry,2,4670,611,76,0.016274089935760173,0.12438625204582651,91,0.01948608137044968,0.8351648351648352,0.13083511777301926,6.383338429164944,33.658919803600654,finite,0.013724626184722753
R00220,Acceleration_Dynamics__x__Spatial_Reach_and_Route=Uncommon Spatial_Reach_and_Route,Acceleration_Dynamics__x__Spatial_Reach_and_Route,Uncommon Spatial_Reach_and_Route,Acceleration_Dynamics__x__Temporal_Sequential_Context=Uncommon Temporal_Sequential_Context;Spatial_Reach_and_Route__x__Speed_Dynamics=Uncommon Spatial_Reach_and_Route,2,4670,394,30,0.006423982869379015,0.07614213197969544,36,0.007708779443254818,0.8333333333333334,0.08436830835117773,9.877326565143825,54.26395939086295,finite,0.005773606188299273
R00221,Spatial_Reach_and_Route__x__Temporal_Sequential_Context=Uncommon Temporal_Sequential_Context,Spatial_Reach_and_Route__x__Temporal_Sequential_Context,Uncommon Temporal_Sequential_Context,Acceleration_Dynamics__x__Temporal_Sequential_Context=Uncommon Temporal_Sequential_Context;Spatial_Reach_and_Route__x__Speed_Dynamics=Uncommon Speed_Dynamics,2,4670,490,40,0.008565310492505354,0.08163265306122448,48,0.010278372591006424,0.8333333333333334,0.10492505353319058,7.9421768707483,42.65306122448979,finite,0.007486851698159926
R00222,Speed_Dynamics__x__Temporal_Sequential_Context=Uncommon Speed_Dynamics,Speed_Dynamics__x__Temporal_Sequential_Context,Uncommon Speed_Dynamics,Curvature_Geometry__x__Speed_Dynamics=Uncommon Speed_Dynamics;Temporal_Sequential_Context__x__Turning_Dynamics=Uncommon Turning_Dynamics,2,4670,528,55,0.011777301927194861,0.10416666666666667,66,0.014132762312633832,0.8333333333333334,0.11306209850107066,7.370580808080809,39.22348484848485,finite,0.010179422162511637
R00223,Curvature_Geometry__x__Speed_Dynamics=Uncommon Curvature_Geometry,Curvature_Geometry__x__Speed_Dynamics,Uncommon Curvature_Geometry,Curvature_Geometry__x__Turning_Dynamics=Uncommon Curvature_Geometry;Speed_Dynamics__x__Temporal_Sequential_Context=Uncommon Temporal_Sequential_Context,2,4670,563,45,0.009635974304068522,0.07992895204262877,54,0.011563169164882228,0.8333333333333334,0.12055674518201284,6.912374185908822,36.47424511545293,finite,0.008241956265561307
R00224,Curvature_Geometry__x__Spatial_Reach_and_Route=Uncommon Spatial_Reach_and_Route,Curvature_Geometry__x__Spatial_Reach_and_Route,Uncommon Spatial_Reach_and_Route,Curvature_Geometry__x__Turning_Dynamics=Uncommon Turning_Dynamics;Spatial_Reach_and_Route__x__Temporal_Sequential_Context=Uncommon Spatial_Reach_and_Route,2,4670,565,45,0.009635974304068522,0.07964601769911504,54,0.011563169164882228,0.8333333333333334,0.12098501070663811,6.887905604719765,36.32743362831859,finite,0.008237004158852578
R00225,Acceleration_Dynamics__x__Curvature_Geometry=Uncommon Curvature_Geometry,Acceleration_Dynamics__x__Curvature_Geometry,Uncommon Curvature_Geometry,Acceleration_Dynamics__x__Speed_Dynamics=Uncommon Speed_Dynamics;Curvature_Geometry__x__Turning_Dynamics=Uncommon Curvature_Geometry,2,4670,574,45,0.009635974304068522,0.078397212543554,54,0.011563169164882228,0.8333333333333334,0.12291220556745182,6.779907084785134,35.6794425087108,finite,0.008214719678663298
R00226,Curvature_Geometry__x__Turning_Dynamics=Uncommon Turning_Dynamics,Curvature_Geometry__x__Turning_Dynamics,Uncommon Turning_Dynamics,Curvature_Geometry__x__Speed_Dynamics=Uncommon Speed_Dynamics;Temporal_Sequential_Context__x__Turning_Dynamics=Uncommon Turning_Dynamics,2,4670,589,55,0.011777301927194861,0.0933786078098472,66,0.014132762312633832,0.8333333333333334,0.12612419700214134,6.6072439162422185,34.64346349745331,finite,0.009994818629091793
R00227,Temporal_Sequential_Context__x__Turning_Dynamics=Uncommon Turning_Dynamics,Temporal_Sequential_Context__x__Turning_Dynamics,Uncommon Turning_Dynamics,Curvature_Geometry__x__Turning_Dynamics=Uncommon Turning_Dynamics;Spatial_Reach_and_Route__x__Temporal_Sequential_Context=Uncommon Spatial_Reach_and_Route,2,4670,611,45,0.009635974304068522,0.07364975450081833,54,0.011563169164882228,0.8333333333333334,0.13083511777301926,6.369339879978178,33.216039279869065,finite,0.008123105704551811
R00228,Temporal_Sequential_Context__x__Turning_Dynamics=Uncommon Temporal_Sequential_Context,Temporal_Sequential_Context__x__Turning_Dynamics,Uncommon Temporal_Sequential_Context,Curvature_Geometry__x__Temporal_Sequential_Context=Uncommon Temporal_Sequential_Context;Spatial_Reach_and_Route__x__Turning_Dynamics=Uncommon Spatial_Reach_and_Route,2,4670,626,85,0.018201284796573874,0.13578274760383385,102,0.02184154175588865,0.8333333333333334,0.1340471092077088,6.216719914802981,32.30031948881789,finite,0.015273489263557536
R00229,Curvature_Geometry__x__Speed_Dynamics=Uncommon Speed_Dynamics,Curvature_Geometry__x__Speed_Dynamics,Uncommon Speed_Dynamics,Curvature_Geometry__x__Temporal_Sequential_Context=Uncommon Temporal_Sequential_Context;Speed_Dynamics__x__Turning_Dynamics=Uncommon Speed_Dynamics,2,4670,557,64,0.013704496788008565,0.11490125673249552,77,0.016488222698072805,0.8311688311688312,0.11927194860813704,6.968686609620183,36.35298991851955,finite,0.011737914337724507
R00230,Spatial_Reach_and_Route__x__Speed_Dynamics=Uncommon Speed_Dynamics,Spatial_Reach_and_Route__x__Speed_Dynamics,Uncommon Speed_Dynamics,Acceleration_Dynamics__x__Spatial_Reach_and_Route=Uncommon Acceleration_Dynamics;Speed_Dynamics__x__Turning_Dynamics=Uncommon Speed_Dynamics,2,4670,468,54,0.011563169164882228,0.11538461538461539,65,0.013918629550321198,0.8307692307692308,0.10021413276231263,8.289940828402369,44.07692307692308,finite,0.01016832577525689
R00231,Speed_Dynamics__x__Temporal_Sequential_Context=Uncommon Speed_Dynamics,Speed_Dynamics__x__Temporal_Sequential_Context,Uncommon Speed_Dynamics,Acceleration_Dynamics__x__Speed_Dynamics=Uncommon Speed_Dynamics;Curvature_Geometry__x__Temporal_Sequential_Context=Uncommon Curvature_Geometry,2,4670,528,54,0.011563169164882228,0.10227272727272728,65,0.013918629550321198,0.8307692307692308,0.11306209850107066,7.347902097902098,38.5103305785124,finite,0.009989499699663899
R00232,Acceleration_Dynamics__x__Curvature_Geometry=Uncommon Curvature_Geometry,Acceleration_Dynamics__x__Curvature_Geometry,Uncommon Curvature_Geometry,Acceleration_Dynamics__x__Speed_Dynamics=Uncommon Speed_Dynamics;Curvature_Geometry__x__Temporal_Sequential_Context=Uncommon Curvature_Geometry,2,4670,574,54,0.011563169164882228,0.09407665505226481,65,0.013918629550321198,0.8307692307692308,0.12291220556745182,6.7590458322165645,35.03072537218879,finite,0.009852399708375939
R00233,Acceleration_Dynamics__x__Temporal_Sequential_Context=Uncommon Temporal_Sequential_Context,Acceleration_Dynamics__x__Temporal_Sequential_Context,Uncommon Temporal_Sequential_Context,Acceleration_Dynamics__x__Curvature_Geometry=Uncommon Curvature_Geometry;Temporal_Sequential_Context__x__Turning_Dynamics=Uncommon Temporal_Sequential_Context,2,4670,474,49,0.010492505353319057,0.10337552742616034,59,0.012633832976445396,0.8305084745762712,0.10149892933618844,8.182435814918115,43.37637130801688,finite,0.009210184832797619
R00234,Acceleration_Dynamics__x__Turning_Dynamics=Uncommon Turning_Dynamics,Acceleration_Dynamics__x__Turning_Dynamics,Uncommon Turning_Dynamics,Acceleration_Dynamics__x__Temporal_Sequential_Context=Uncommon Temporal_Sequential_Context;Curvature_Geometry__x__Turning_Dynamics=Uncommon Turning_Dynamics,2,4670,569,49,0.010492505353319057,0.08611599297012303,59,0.012633832976445396,0.8305084745762712,0.12184154175588865,6.8162997825504155,35.316168717047454,finite,0.008953179665182562
R00235,Spatial_Reach_and_Route__x__Temporal_Sequential_Context=Uncommon Temporal_Sequential_Context,Spatial_Reach_and_Route__x__Temporal_Sequential_Context,Uncommon Temporal_Sequential_Context,Acceleration_Dynamics__x__Spatial_Reach_and_Route=Uncommon Acceleration_Dynamics;Speed_Dynamics__x__Temporal_Sequential_Context=Uncommon Temporal_Sequential_Context,2,4670,490,44,0.009421841541755889,0.08979591836734693,53,0.011349036402569594,0.8301886792452831,0.10492505353319058,7.912206391990759,41.70521541950114,finite,0.008231043289666146
R00236,Curvature_Geometry__x__Turning_Dynamics=Uncommon Turning_Dynamics,Curvature_Geometry__x__Turning_Dynamics,Uncommon Turning_Dynamics,Curvature_Geometry__x__Spatial_Reach_and_Route=Uncommon Spatial_Reach_and_Route;Speed_Dynamics__x__Turning_Dynamics=Uncommon Turning_Dynamics,2,4670,589,44,0.009421841541755889,0.07470288624787776,53,0.011349036402569594,0.8301886792452831,0.12612419700214134,6.58231092033187,33.87360875306546,finite,0.007990453438733728
R00237,Speed_Dynamics__x__Turning_Dynamics=Uncommon Turning_Dynamics,Speed_Dynamics__x__Turning_Dynamics,Uncommon Turning_Dynamics,Acceleration_Dynamics__x__Turning_Dynamics=Uncommon Turning_Dynamics;Speed_Dynamics__x__Temporal_Sequential_Context=Uncommon Temporal_Sequential_Context,2,4670,604,44,0.009421841541755889,0.0728476821192053,53,0.011349036402569594,0.8301886792452831,0.12933618843683084,6.418842933899787,32.91096394407653,finite,0.007954000431016696
R00238,Spatial_Reach_and_Route__x__Turning_Dynamics=Uncommon Spatial_Reach_and_Route,Spatial_Reach_and_Route__x__Turning_Dynamics,Uncommon Spatial_Reach_and_Route,Acceleration_Dynamics__x__Spatial_Reach_and_Route=Uncommon Spatial_Reach_and_Route;Speed_Dynamics__x__Turning_Dynamics=Uncommon Speed_Dynamics,2,4670,599,34,0.007280513918629551,0.05676126878130217,41,0.008779443254817988,0.8292682926829268,0.12826552462526766,6.465246956309296,33.01073217266874,finite,0.006154414023632554
R00239,Speed_Dynamics__x__Turning_Dynamics=Uncommon Speed_Dynamics,Speed_Dynamics__x__Turning_Dynamics,Uncommon Speed_Dynamics,Curvature_Geometry__x__Turning_Dynamics=Uncommon Curvature_Geometry;Spatial_Reach_and_Route__x__Speed_Dynamics=Uncommon Speed_Dynamics,2,4670,553,53,0.011349036402569594,0.09584086799276673,64,0.013704496788008565,0.828125,0.11841541755888652,6.993388336347197,35.87062304783824,finite,0.009726212692983141
R00240,Curvature_Geometry__x__Spatial_Reach_and_Route=Uncommon Curvature_Geometry,Curvature_Geometry__x__Spatial_Reach_and_Route,Uncommon Curvature_Geometry,Curvature_Geometry__x__Turning_Dynamics=Uncommon Curvature_Geometry;Spatial_Reach_and_Route__x__Speed_Dynamics=Uncommon Speed_Dynamics,2,4670,557,53,0.011349036402569594,0.09515260323159784,64,0.013704496788008565,0.828125,0.11927194860813704,6.943166517055656,35.57842337196018,finite,0.009714474365969858
R00241,Spatial_Reach_and_Route__x__Speed_Dynamics=Uncommon Spatial_Reach_and_Route,Spatial_Reach_and_Route__x__Speed_Dynamics,Uncommon Spatial_Reach_and_Route,Acceleration_Dynamics__x__Speed_Dynamics=Uncommon Acceleration_Dynamics;Curvature_Geometry__x__Spatial_Reach_and_Route=Uncommon Spatial_Reach_and_Route,2,4670,428,48,0.010278372591006424,0.11214953271028037,58,0.012419700214132762,0.8275862068965517,0.09164882226980728,9.029970995810507,47.57383177570093,finite,0.009140121693437083
R00242,Spatial_Reach_and_Route__x__Temporal_Sequential_Context=Uncommon Spatial_Reach_and_Route,Spatial_Reach_and_Route__x__Temporal_Sequential_Context,Uncommon Spatial_Reach_and_Route,Acceleration_Dynamics__x__Spatial_Reach_and_Route=Uncommon Spatial_Reach_and_Route;Temporal_Sequential_Context__x__Turning_Dynamics=Uncommon Turning_Dynamics,2,4670,483,48,0.010278372591006424,0.09937888198757763,58,0.012419700214132762,0.8275862068965517,0.10342612419700214,8.001713428999786,41.60993788819876,finite,0.008993851134169995
R00243,Temporal_Sequential_Context__x__Turning_Dynamics=Uncommon Turning_Dynamics,Temporal_Sequential_Context__x__Turning_Dynamics,Uncommon Turning_Dynamics,Acceleration_Dynamics__x__Temporal_Sequential_Context=Uncommon Acceleration_Dynamics;Curvature_Geometry__x__Turning_Dynamics=Uncommon Turning_Dynamics,2,4670,611,48,0.010278372591006424,0.07855973813420622,58,0.012419700214132762,0.8275862068965517,0.13083511777301926,6.325413398047294,31.887397708674303,finite,0.00865343965078477
R00244,Acceleration_Dynamics__x__Curvature_Geometry=Uncommon Acceleration_Dynamics,Acceleration_Dynamics__x__Curvature_Geometry,Uncommon Acceleration_Dynamics,Acceleration_Dynamics__x__Turning_Dynamics=Uncommon Acceleration_Dynamics;Curvature_Geometry__x__Spatial_Reach_and_Route=Uncommon Spatial_Reach_and_Route,2,4670,565,81,0.01734475374732334,0.1433628318584071,98,0.020985010706638114,0.826530612244898,0.12098501070663811,6.831677803864909,34.61790733992713,finite,0.014805882002301811
R00245,Acceleration_Dynamics__x__Spatial_Reach_and_Route=Uncommon Spatial_Reach_and_Route,Acceleration_Dynamics__x__Spatial_Reach_and_Route,Uncommon Spatial_Reach_and_Route,Acceleration_Dynamics__x__Curvature_Geometry=Uncommon Curvature_Geometry;Spatial_Reach_and_Route__x__Turning_Dynamics=Uncommon Spatial_Reach_and_Route,2,4670,394,47,0.01006423982869379,0.11928934010152284,57,0.012205567451820129,0.8245614035087719,0.08436830835117773,9.773354706563364,51.008121827411166,finite,0.00903447675031753
R00246,Spatial_Reach_and_Route__x__Turning_Dynamics=Uncommon Turning_Dynamics,Spatial_Reach_and_Route__x__Turning_Dynamics,Uncommon Turning_Dynamics,Acceleration_Dynamics__x__Spatial_Reach_and_Route=Uncommon Acceleration_Dynamics;Curvature_Geometry__x__Turning_Dynamics=Uncommon Turning_Dynamics,2,4670,593,47,0.01006423982869379,0.07925801011804384,57,0.012205567451820129,0.8245614035087719,0.12698072805139185,6.493594864057277,32.31349072512647,finite,0.008514367987381298
R00247,Spatial_Reach_and_Route__x__Temporal_Sequential_Context=Uncommon Spatial_Reach_and_Route,Spatial_Reach_and_Route__x__Temporal_Sequential_Context,Uncommon Spatial_Reach_and_Route,Spatial_Reach_and_Route__x__Turning_Dynamics=Uncommon Spatial_Reach_and_Route;Speed_Dynamics__x__Temporal_Sequential_Context=Uncommon Speed_Dynamics,2,4670,483,56,0.011991434689507495,0.11594202898550725,68,0.014561027837259101,0.8235294117647058,0.10342612419700214,7.962489343563512,40.45410628019324,finite,0.01048544401597513
R00248,Speed_Dynamics__x__Turning_Dynamics=Uncommon Speed_Dynamics,Speed_Dynamics__x__Turning_Dynamics,Uncommon Speed_Dynamics,Spatial_Reach_and_Route__x__Turning_Dynamics=Uncommon Spatial_Reach_and_Route;Speed_Dynamics__x__Temporal_Sequential_Context=Uncommon Speed_Dynamics,2,4670,553,56,0.011991434689507495,0.10126582278481013,68,0.014561027837259101,0.8235294117647058,0.11841541755888652,6.954579300074459,34.742616033755276,finite,0.010267184498071888
R00249,Acceleration_Dynamics__x__Curvature_Geometry=Uncommon Curvature_Geometry,Acceleration_Dynamics__x__Curvature_Geometry,Uncommon Curvature_Geometry,Acceleration_Dynamics__x__Turning_Dynamics=Uncommon Turning_Dynamics;Curvature_Geometry__x__Spatial_Reach_and_Route=Uncommon Curvature_Geometry,2,4670,574,69,0.014775160599571735,0.12020905923344948,84,0.017987152034261242,0.8214285714285714,0.12291220556745182,6.683051269288203,32.82508710801394,finite,0.012564320071163608
R00250,Temporal_Sequential_Context__x__Turning_Dynamics=Uncommon Temporal_Sequential_Context,Temporal_Sequential_Context__x__Turning_Dynamics,Uncommon Temporal_Sequential_Context,Acceleration_Dynamics__x__Turning_Dynamics=Uncommon Acceleration_Dynamics;Spatial_Reach_and_Route__x__Temporal_Sequential_Context=Uncommon Temporal_Sequential_Context,2,4670,626,46,0.009850107066381156,0.07348242811501597,56,0.011991434689507495,0.8214285714285714,0.1340471092077088,6.127909630305796,29.71629392971246,finite,0.008242689910999638
R00251,Acceleration_Dynamics__x__Speed_Dynamics=Uncommon Speed_Dynamics,Acceleration_Dynamics__x__Speed_Dynamics,Uncommon Speed_Dynamics,Acceleration_Dynamics__x__Spatial_Reach_and_Route=Uncommon Spatial_Reach_and_Route;Curvature_Geometry__x__Speed_Dynamics=Uncommon Speed_Dynamics,2,4670,457,32,0.006852248394004282,0.0700218818380744,39,0.00835117773019272,0.8205128205128205,0.09785867237687366,8.384671491892497,42.14316974054392,finite,0.006035013228544309
R00252,Acceleration_Dynamics__x__Speed_Dynamics=Uncommon Acceleration_Dynamics,Acceleration_Dynamics__x__Speed_Dynamics,Uncommon Acceleration_Dynamics,Acceleration_Dynamics__x__Curvature_Geometry=Uncommon Acceleration_Dynamics;Speed_Dynamics__x__Temporal_Sequential_Context=Uncommon Temporal_Sequential_Context,2,4670,452,41,0.008779443254817988,0.09070796460176991,50,0.010706638115631691,0.82,0.09678800856531049,8.47212389380531,42.5117994100295,finite,0.0077431690731765476
R00253,Temporal_Sequential_Context__x__Turning_Dynamics=Uncommon Temporal_Sequential_Context,Temporal_Sequential_Context__x__Turning_Dynamics,Uncommon Temporal_Sequential_Context,Acceleration_Dynamics__x__Turning_Dynamics=Uncommon Acceleration_Dynamics;Curvature_Geometry__x__Temporal_Sequential_Context=Uncommon Temporal_Sequential_Context,2,4670,626,82,0.017558886509635975,0.13099041533546327,100,0.021413276231263382,0.82,0.1340471092077088,6.117252396166133,29.429179978700745,finite,0.014688498732168978
R00254,Curvature_Geometry__x__Spatial_Reach_and_Route=Uncommon Curvature_Geometry,Curvature_Geometry__x__Spatial_Reach_and_Route,Uncommon Curvature_Geometry,Acceleration_Dynamics__x__Curvature_Geometry=Uncommon Curvature_Geometry;Spatial_Reach_and_Route__x__Temporal_Sequential_Context=Uncommon Temporal_Sequential_Context,2,4670,557,50,0.010706638115631691,0.08976660682226212,61,0.013062098501070664,0.819672131147541,0.11927194860813704,6.872295964917444,33.564550350905826,finite,0.009148696174497567
R00255,Acceleration_Dynamics__x__Turning_Dynamics=Uncommon Turning_Dynamics,Acceleration_Dynamics__x__Turning_Dynamics,Uncommon Turning_Dynamics,Acceleration_Dynamics__x__Speed_Dynamics=Uncommon Speed_Dynamics;Curvature_Geometry__x__Turning_Dynamics=Uncommon Turning_Dynamics,2,4670,569,50,0.010706638115631691,0.08787346221441125,61,0.013062098501070664,0.819672131147541,0.12184154175588865,6.727361779365582,32.76082441284551,finite,0.009115131895693959
R00256,Curvature_Geometry__x__Temporal_Sequential_Context=Uncommon Curvature_Geometry,Curvature_Geometry__x__Temporal_Sequential_Context,Uncommon Curvature_Geometry,Acceleration_Dynamics__x__Temporal_Sequential_Context=Uncommon Acceleration_Dynamics;Curvature_Geometry__x__Spatial_Reach_and_Route=Uncommon Curvature_Geometry,2,4670,578,59,0.012633832976445396,0.10207612456747404,72,0.015417558886509636,0.8194444444444444,0.12376873661670236,6.620770857362553,32.13042321000798,finite,0.010725621191348487
R00257,Temporal_Sequential_Context__x__Turning_Dynamics=Uncommon Turning_Dynamics,Temporal_Sequential_Context__x__Turning_Dynamics,Uncommon Turning_Dynamics,Spatial_Reach_and_Route__x__Temporal_Sequential_Context=Uncommon Spatial_Reach_and_Route;Speed_Dynamics__x__Turning_Dynamics=Uncommon Turning_Dynamics,2,4670,611,54,0.011563169164882228,0.088379705400982,66,0.014132762312633832,0.8181818181818182,0.13083511777301926,6.253533700342212,29.894435351882162,finite,0.009714107543250692
R00258,Acceleration_Dynamics__x__Curvature_Geometry=Uncommon Acceleration_Dynamics,Acceleration_Dynamics__x__Curvature_Geometry,Uncommon Acceleration_Dynamics,Acceleration_Dynamics__x__Turning_Dynamics=Uncommon Acceleration_Dynamics;Curvature_Geometry__x__Speed_Dynamics=Uncommon Speed_Dynamics,2,4670,565,67,0.014346895074946468,0.11858407079646018,82,0.017558886509635975,0.8170731707317073,0.12098501070663811,6.75350744657889,32.45250737463127,finite,0.012222533002581516
R00259,Spatial_Reach_and_Route__x__Temporal_Sequential_Context=Uncommon Spatial_Reach_and_Route,Spatial_Reach_and_Route__x__Temporal_Sequential_Context,Uncommon Spatial_Reach_and_Route,Curvature_Geometry__x__Spatial_Reach_and_Route=Uncommon Spatial_Reach_and_Route;Speed_Dynamics__x__Temporal_Sequential_Context=Uncommon Speed_Dynamics,2,4670,483,49,0.010492505353319057,0.10144927536231885,60,0.01284796573875803,0.8166666666666667,0.10342612419700214,7.896135265700483,38.61528326745718,finite,0.009163690053143441
R00260,Curvature_Geometry__x__Spatial_Reach_and_Route=Uncommon Spatial_Reach_and_Route,Curvature_Geometry__x__Spatial_Reach_and_Route,Uncommon Spatial_Reach_and_Route,Acceleration_Dynamics__x__Curvature_Geometry=Uncommon Acceleration_Dynamics;Spatial_Reach_and_Route__x__Temporal_Sequential_Context=Uncommon Spatial_Reach_and_Route,2,4670,565,49,0.010492505353319057,0.08672566371681416,60,0.01284796573875803,0.8166666666666667,0.12098501070663811,6.750147492625369,32.36444086886564,finite,0.008938094080856898
R00261,Temporal_Sequential_Context__x__Turning_Dynamics=Uncommon Temporal_Sequential_Context,Temporal_Sequential_Context__x__Turning_Dynamics,Uncommon Temporal_Sequential_Context,Acceleration_Dynamics__x__Temporal_Sequential_Context=Uncommon Temporal_Sequential_Context;Curvature_Geometry__x__Turning_Dynamics=Uncommon Curvature_Geometry,2,4670,626,49,0.010492505353319057,0.07827476038338659,60,0.01284796573875803,0.8166666666666667,0.1340471092077088,6.092385516506922,28.77664827185594,finite,0.00877027268683886
R00262,Spatial_Reach_and_Route__x__Temporal_Sequential_Context=Uncommon Spatial_Reach_and_Route,Spatial_Reach_and_Route__x__Temporal_Sequential_Context,Uncommon Spatial_Reach_and_Route,Acceleration_Dynamics__x__Temporal_Sequential_Context=Uncommon Acceleration_Dynamics;Spatial_Reach_and_Route__x__Speed_Dynamics=Uncommon Spatial_Reach_and_Route,2,4670,483,40,0.008565310492505354,0.08281573498964803,49,0.010492505353319057,0.8163265306122449,0.10342612419700214,7.892846579625639,38.52772026685071,finite,0.007480111330695267
R00263,Acceleration_Dynamics__x__Curvature_Geometry=Uncommon Acceleration_Dynamics,Acceleration_Dynamics__x__Curvature_Geometry,Uncommon Acceleration_Dynamics,Acceleration_Dynamics__x__Temporal_Sequential_Context=Uncommon Acceleration_Dynamics;Curvature_Geometry__x__Spatial_Reach_and_Route=Uncommon Spatial_Reach_and_Route,2,4670,565,40,0.008565310492505354,0.07079646017699115,49,0.010492505353319057,0.8163265306122449,0.12098501070663811,6.747336102582627,32.29105211406096,finite,0.0072958746199945895
R00264,Speed_Dynamics__x__Turning_Dynamics=Uncommon Speed_Dynamics,Speed_Dynamics__x__Turning_Dynamics,Uncommon Speed_Dynamics,Curvature_Geometry__x__Speed_Dynamics=Uncommon Speed_Dynamics;Temporal_Sequential_Context__x__Turning_Dynamics=Uncommon Temporal_Sequential_Context,2,4670,553,62,0.013276231263383297,0.11211573236889692,76,0.016274089935760173,0.8157894736842105,0.11841541755888652,6.889216712667745,32.97003358305347,finite,0.011349128108249383
R00265,Curvature_Geometry__x__Spatial_Reach_and_Route=Uncommon Curvature_Geometry,Curvature_Geometry__x__Spatial_Reach_and_Route,Uncommon Curvature_Geometry,Curvature_Geometry__x__Speed_Dynamics=Uncommon Curvature_Geometry;Spatial_Reach_and_Route__x__Turning_Dynamics=Uncommon Turning_Dynamics,2,4670,557,75,0.016059957173447537,0.13464991023339318,92,0.019700214132762312,0.8152173913043478,0.11927194860813704,6.834946530325501,32.577357693526245,finite,0.013710274245835416
R00266,Spatial_Reach_and_Route__x__Speed_Dynamics=Uncommon Speed_Dynamics,Spatial_Reach_and_Route__x__Speed_Dynamics,Uncommon Speed_Dynamics,Acceleration_Dynamics__x__Spatial_Reach_and_Route=Uncommon Acceleration_Dynamics;Speed_Dynamics__x__Temporal_Sequential_Context=Uncommon Speed_Dynamics,2,4670,468,57,0.012205567451820129,0.12179487179487179,70,0.014989293361884369,0.8142857142857143,0.10021413276231263,8.125457875457876,39.36785009861933,finite,0.010703428416838997
R00267,Acceleration_Dynamics__x__Temporal_Sequential_Context=Uncommon Acceleration_Dynamics,Acceleration_Dynamics__x__Temporal_Sequential_Context,Uncommon Acceleration_Dynamics,Acceleration_Dynamics__x__Speed_Dynamics=Uncommon Acceleration_Dynamics;Spatial_Reach_and_Route__x__Temporal_Sequential_Context=Uncommon Spatial_Reach_and_Route,2,4670,477,35,0.007494646680942184,0.07337526205450734,43,0.009207708779443255,0.813953488372093,0.10214132762312633,7.968894739408123,38.45780922431866,finite,0.006554159081842734
R00268,Curvature_Geometry__x__Speed_Dynamics=Uncommon Speed_Dynamics,Curvature_Geometry__x__Speed_Dynamics,Uncommon Speed_Dynamics,Curvature_Geometry__x__Spatial_Reach_and_Route=Uncommon Spatial_Reach_and_Route;Speed_Dynamics__x__Turning_Dynamics=Uncommon Speed_Dynamics,2,4670,557,70,0.014989293361884369,0.12567324955116696,86,0.01841541755888651,0.813953488372093,0.11927194860813704,6.824349713999416,32.30587971274686,finite,0.012792850625203472
R00269,Curvature_Geometry__x__Temporal_Sequential_Context=Uncommon Temporal_Sequential_Context,Curvature_Geometry__x__Temporal_Sequential_Context,Uncommon Temporal_Sequential_Context,Acceleration_Dynamics__x__Temporal_Sequential_Context=Uncommon Temporal_Sequential_Context;Curvature_Geometry__x__Turning_Dynamics=Uncommon Turning_Dynamics,2,4670,580,48,0.010278372591006424,0.08275862068965517,59,0.012633832976445396,0.8135593220338984,0.12419700214132762,6.550555230859147,30.77115987460815,finite,0.008709288409777659
R00270,Acceleration_Dynamics__x__Curvature_Geometry=Uncommon Curvature_Geometry,Acceleration_Dynamics__x__Curvature_Geometry,Uncommon Curvature_Geometry,Acceleration_Dynamics__x__Turning_Dynamics=Uncommon Turning_Dynamics;Curvature_Geometry__x__Temporal_Sequential_Context=Uncommon Curvature_Geometry,2,4670,574,74,0.015845824411134905,0.1289198606271777,91,0.01948608137044968,0.8131868131868132,0.12291220556745182,6.615997243174943,31.06210288993646,finite,0.0134507471720261
R00271,Spatial_Reach_and_Route__x__Speed_Dynamics=Uncommon Speed_Dynamics,Spatial_Reach_and_Route__x__Speed_Dynamics,Uncommon Speed_Dynamics,Acceleration_Dynamics__x__Speed_Dynamics=Uncommon Speed_Dynamics;Spatial_Reach_and_Route__x__Turning_Dynamics=Uncommon Turning_Dynamics,2,4670,468,56,0.011991434689507495,0.11965811965811966,69,0.014775160599571735,0.8115942028985508,0.10021413276231263,8.098600272513318,38.67718606180145,finite,0.010510754783597523
R00272,Speed_Dynamics__x__Turning_Dynamics=Uncommon Speed_Dynamics,Speed_Dynamics__x__Turning_Dynamics,Uncommon Speed_Dynamics,Curvature_Geometry__x__Turning_Dynamics=Uncommon Curvature_Geometry;Speed_Dynamics__x__Temporal_Sequential_Context=Uncommon Speed_Dynamics,2,4670,553,56,0.011991434689507495,0.10126582278481013,69,0.014775160599571735,0.8115942028985508,0.11841541755888652,6.853788295725555,32.07010710808179,finite,0.0102418278776096
R00273,Acceleration_Dynamics__x__Turning_Dynamics=Uncommon Turning_Dynamics,Acceleration_Dynamics__x__Turning_Dynamics,Uncommon Turning_Dynamics,Acceleration_Dynamics__x__Speed_Dynamics=Uncommon Speed_Dynamics;Temporal_Sequential_Context__x__Turning_Dynamics=Uncommon Turning_Dynamics,2,4670,569,56,0.011991434689507495,0.0984182776801406,69,0.014775160599571735,0.8115942028985508,0.12184154175588865,6.661063141539951,31.047181289712046,finite,0.010191206342364815
R00274,Acceleration_Dynamics__x__Temporal_Sequential_Context=Uncommon Acceleration_Dynamics,Acceleration_Dynamics__x__Temporal_Sequential_Context,Uncommon Acceleration_Dynamics,Acceleration_Dynamics__x__Spatial_Reach_and_Route=Uncommon Acceleration_Dynamics;Temporal_Sequential_Context__x__Turning_Dynamics=Uncommon Turning_Dynamics,2,4670,477,47,0.01006423982869379,0.09853249475890985,58,0.012419700214132762,0.8103448275862069,0.10214132762312633,7.9335646642087765,37.55879550219173,finite,0.008795675160141042
R00275,Spatial_Reach_and_Route__x__Turning_Dynamics=Uncommon Turning_Dynamics,Spatial_Reach_and_Route__x__Turning_Dynamics,Uncommon Turning_Dynamics,Acceleration_Dynamics__x__Turning_Dynamics=Uncommon Turning_Dynamics;Spatial_Reach_and_Route__x__Speed_Dynamics=Uncommon Speed_Dynamics,2,4670,593,55,0.011777301927194861,0.09274873524451939,68,0.014561027837259101,0.8088235294117647,0.12698072805139185,6.369655788116259,29.087430276300427,finite,0.009928332011243117
R00276,Acceleration_Dynamics__x__Speed_Dynamics=Uncommon Speed_Dynamics,Acceleration_Dynamics__x__Speed_Dynamics,Uncommon Speed_Dynamics,Acceleration_Dynamics__x__Temporal_Sequential_Context=Uncommon Temporal_Sequential_Context;Curvature_Geometry__x__Speed_Dynamics=Uncommon Speed_Dynamics,2,4670,457,42,0.008993576017130621,0.09190371991247265,52,0.01113490364025696,0.8076923076923077,0.09785867237687366,8.253660999831679,38.71903719912473,finite,0.007903929129850657
R00277,Acceleration_Dynamics__x__Spatial_Reach_and_Route=Uncommon Acceleration_Dynamics,Acceleration_Dynamics__x__Spatial_Reach_and_Route,Uncommon Acceleration_Dynamics,Acceleration_Dynamics__x__Curvature_Geometry=Uncommon Acceleration_Dynamics;Spatial_Reach_and_Route__x__Turning_Dynamics=Uncommon Turning_Dynamics,2,4670,449,46,0.009850107066381156,0.10244988864142539,57,0.012205567451820129,0.8070175438596491,0.0961456102783726,8.393701402727308,39.31281635958696,finite,0.008676595334932069
R00278,Acceleration_Dynamics__x__Curvature_Geometry=Uncommon Curvature_Geometry,Acceleration_Dynamics__x__Curvature_Geometry,Uncommon Curvature_Geometry,Acceleration_Dynamics__x__Temporal_Sequential_Context=Uncommon Temporal_Sequential_Context;Curvature_Geometry__x__Speed_Dynamics=Uncommon Curvature_Geometry,2,4670,574,46,0.009850107066381156,0.08013937282229965,57,0.012205567451820129,0.8070175438596491,0.12291220556745182,6.565804755791919,29.840988280012667,finite,0.008349893850675642
R00279,Temporal_Sequential_Context__x__Turning_Dynamics=Uncommon Temporal_Sequential_Context,Temporal_Sequential_Context__x__Turning_Dynamics,Uncommon Temporal_Sequential_Context,Spatial_Reach_and_Route__x__Temporal_Sequential_Context=Uncommon Temporal_Sequential_Context;Speed_Dynamics__x__Turning_Dynamics=Uncommon Speed_Dynamics,2,4670,626,46,0.009850107066381156,0.07348242811501597,57,0.012205567451820129,0.8070175438596491,0.1340471092077088,6.0204024438092025,27.014812663374965,finite,0.008213986033224967
R00280,Acceleration_Dynamics__x__Temporal_Sequential_Context=Uncommon Acceleration_Dynamics,Acceleration_Dynamics__x__Temporal_Sequential_Context,Uncommon Acceleration_Dynamics,Acceleration_Dynamics__x__Curvature_Geometry=Uncommon Acceleration_Dynamics;Temporal_Sequential_Context__x__Turning_Dynamics=Uncommon Turning_Dynamics,2,4670,477,50,0.010706638115631691,0.10482180293501048,62,0.013276231263383297,0.8064516129032258,0.10214132762312633,7.895448704943531,36.62648497554157,finite,0.009350586228558066
R00281,Speed_Dynamics__x__Temporal_Sequential_Context=Uncommon Temporal_Sequential_Context,Speed_Dynamics__x__Temporal_Sequential_Context,Uncommon Temporal_Sequential_Context,Spatial_Reach_and_Route__x__Temporal_Sequential_Context=Uncommon Temporal_Sequential_Context;Speed_Dynamics__x__Turning_Dynamics=Uncommon Turning_Dynamics,2,4670,471,54,0.011563169164882228,0.11464968152866242,67,0.014346895074946468,0.8059701492537313,0.10085653104925053,7.991253921475425,37.031847133757964,finite,0.01011619109629555
R00282,Speed_Dynamics__x__Temporal_Sequential_Context=Uncommon Speed_Dynamics,Speed_Dynamics__x__Temporal_Sequential_Context,Uncommon Speed_Dynamics,Acceleration_Dynamics__x__Temporal_Sequential_Context=Uncommon Acceleration_Dynamics;Spatial_Reach_and_Route__x__Speed_Dynamics=Uncommon Speed_Dynamics,2,4670,528,58,0.012419700214132762,0.10984848484848485,72,0.015417558886509636,0.8055555555555556,0.11306209850107066,7.124894781144782,32.499458874458874,finite,0.010676558652660153
R00283,Spatial_Reach_and_Route__x__Speed_Dynamics=Uncommon Spatial_Reach_and_Route,Spatial_Reach_and_Route__x__Speed_Dynamics,Uncommon Spatial_Reach_and_Route,Curvature_Geometry__x__Spatial_Reach_and_Route=Uncommon Spatial_Reach_and_Route;Speed_Dynamics__x__Temporal_Sequential_Context=Uncommon Temporal_Sequential_Context,2,4670,428,37,0.007922912205567453,0.08644859813084112,46,0.009850107066381156,0.8043478260869565,0.09164882226980728,8.776412027631045,40.746105919003114,finite,0.0070201614937021135
R00284,Acceleration_Dynamics__x__Speed_Dynamics=Uncommon Acceleration_Dynamics,Acceleration_Dynamics__x__Speed_Dynamics,Uncommon Acceleration_Dynamics,Acceleration_Dynamics__x__Turning_Dynamics=Uncommon Acceleration_Dynamics;Spatial_Reach_and_Route__x__Speed_Dynamics=Uncommon Spatial_Reach_and_Route,2,4670,452,41,0.008779443254817988,0.09070796460176991,51,0.010920770877944325,0.803921568627451,0.09678800856531049,8.306003817456187,38.260619469026544,finite,0.007722443589543718
R00285,Acceleration_Dynamics__x__Spatial_Reach_and_Route=Uncommon Acceleration_Dynamics,Acceleration_Dynamics__x__Spatial_Reach_and_Route,Uncommon Acceleration_Dynamics,Acceleration_Dynamics__x__Curvature_Geometry=Uncommon Acceleration_Dynamics;Spatial_Reach_and_Route__x__Speed_Dynamics=Uncommon Speed_Dynamics,2,4670,449,45,0.009635974304068522,0.10022271714922049,56,0.011991434689507495,0.8035714285714286,0.0961456102783726,8.357858733693924,38.458189916987244,finite,0.008483050497732576
R00286,Speed_Dynamics__x__Temporal_Sequential_Context=Uncommon Temporal_Sequential_Context,Speed_Dynamics__x__Temporal_Sequential_Context,Uncommon Temporal_Sequential_Context,Spatial_Reach_and_Route__x__Speed_Dynamics=Uncommon Spatial_Reach_and_Route;Temporal_Sequential_Context__x__Turning_Dynamics=Uncommon Temporal_Sequential_Context,2,4670,471,45,0.009635974304068522,0.09554140127388536,56,0.011991434689507495,0.8035714285714286,0.10085653104925053,7.967470427661511,36.47075854082224,finite,0.00842655979898115
R00287,Acceleration_Dynamics__x__Temporal_Sequential_Context=Uncommon Acceleration_Dynamics,Acceleration_Dynamics__x__Temporal_Sequential_Context,Uncommon Acceleration_Dynamics,Acceleration_Dynamics__x__Speed_Dynamics=Uncommon Acceleration_Dynamics;Temporal_Sequential_Context__x__Turning_Dynamics=Uncommon Turning_Dynamics,2,4670,477,45,0.009635974304068522,0.09433962264150944,56,0.011991434689507495,0.8035714285714286,0.10214132762312633,7.867250673854448,35.96054888507719,finite,0.008411153244776214
R00288,Acceleration_Dynamics__x__Speed_Dynamics=Uncommon Acceleration_Dynamics,Acceleration_Dynamics__x__Speed_Dynamics,Uncommon Acceleration_Dynamics,Acceleration_Dynamics__x__Spatial_Reach_and_Route=Uncommon Acceleration_Dynamics;Speed_Dynamics__x__Turning_Dynamics=Uncommon Turning_Dynamics,2,4670,452,49,0.010492505353319057,0.1084070796460177,61,0.013062098501070664,0.8032786885245902,0.09678800856531049,8.2993616712607,38.10508849557522,finite,0.0092282508517165
R00289,Acceleration_Dynamics__x__Speed_Dynamics=Uncommon Acceleration_Dynamics,Acceleration_Dynamics__x__Speed_Dynamics,Uncommon Acceleration_Dynamics,Acceleration_Dynamics__x__Temporal_Sequential_Context=Uncommon Acceleration_Dynamics;Curvature_Geometry__x__Speed_Dynamics=Uncommon Curvature_Geometry,2,4670,452,49,0.010492505353319057,0.1084070796460177,61,0.013062098501070664,0.8032786885245902,0.09678800856531049,8.2993616712607,38.10508849557522,finite,0.0092282508517165
R00290,Curvature_Geometry__x__Temporal_Sequential_Context=Uncommon Temporal_Sequential_Context,Curvature_Geometry__x__Temporal_Sequential_Context,Uncommon Temporal_Sequential_Context,Curvature_Geometry__x__Spatial_Reach_and_Route=Uncommon Spatial_Reach_and_Route;Temporal_Sequential_Context__x__Turning_Dynamics=Uncommon Temporal_Sequential_Context,2,4670,580,81,0.01734475374732334,0.1396551724137931,101,0.021627408993576017,0.801980198019802,0.12419700214132762,6.4573233185387515,28.55948275862069,finite,0.01465869438623681
R00291,Speed_Dynamics__x__Temporal_Sequential_Context=Uncommon Temporal_Sequential_Context,Speed_Dynamics__x__Temporal_Sequential_Context,Uncommon Temporal_Sequential_Context,Curvature_Geometry__x__Speed_Dynamics=Uncommon Curvature_Geometry;Temporal_Sequential_Context__x__Turning_Dynamics=Uncommon Temporal_Sequential_Context,2,4670,471,48,0.010278372591006424,0.10191082802547771,60,0.01284796573875803,0.8,0.10085653104925053,7.932059447983016,35.660297239915074,finite,0.008982571335555667
R00292,Acceleration_Dynamics__x__Temporal_Sequential_Context=Uncommon Temporal_Sequential_Context,Acceleration_Dynamics__x__Temporal_Sequential_Context,Uncommon Temporal_Sequential_Context,Acceleration_Dynamics__x__Turning_Dynamics=Uncommon Turning_Dynamics;Curvature_Geometry__x__Temporal_Sequential_Context=Uncommon Temporal_Sequential_Context,2,4670,474,44,0.009421841541755889,0.09282700421940929,55,0.011777301927194861,0.8,0.10149892933618844,7.881856540084389,35.40928270042195,finite,0.008226458005676581
R00293,Spatial_Reach_and_Route__x__Turning_Dynamics=Uncommon Spatial_Reach_and_Route,Spatial_Reach_and_Route__x__Turning_Dynamics,Uncommon Spatial_Reach_and_Route,Curvature_Geometry__x__Turning_Dynamics=Uncommon Curvature_Geometry;Spatial_Reach_and_Route__x__Temporal_Sequential_Context=Uncommon Spatial_Reach_and_Route,2,4670,599,52,0.01113490364025696,0.08681135225375626,65,0.013918629550321198,0.8,0.12826552462526766,6.2370617696160275,27.185308848080133,finite,0.009349623318920258
