meta_pattern_id,rule_id,target_item,target_pair,target_label,antecedent_items,rule_support_count,target_coverage,confidence,lift
MP00001,R00007,Acceleration_Dynamics__x__Speed_Dynamics=Uncommon Acceleration_Dynamics,Acceleration_Dynamics__x__Speed_Dynamics,Uncommon Acceleration_Dynamics,Acceleration_Dynamics__x__Spatial_Reach_and_Route=Uncommon Acceleration_Dynamics;Curvature_Geometry__x__Speed_Dynamics=Uncommon Curvature_Geometry,60,0.13274336283185842,0.9375,9.686117256637168
MP00001,R00008,Acceleration_Dynamics__x__Spatial_Reach_and_Route=Uncommon Acceleration_Dynamics,Acceleration_Dynamics__x__Spatial_Reach_and_Route,Uncommon Acceleration_Dynamics,Acceleration_Dynamics__x__Turning_Dynamics=Uncommon Acceleration_Dynamics;Curvature_Geometry__x__Spatial_Reach_and_Route=Uncommon Curvature_Geometry,55,0.12249443207126949,0.9322033898305084,9.695745724963194
MP00001,R00023,Acceleration_Dynamics__x__Spatial_Reach_and_Route=Uncommon Acceleration_Dynamics,Acceleration_Dynamics__x__Spatial_Reach_and_Route,Uncommon Acceleration_Dynamics,Acceleration_Dynamics__x__Temporal_Sequential_Context=Uncommon Acceleration_Dynamics;Curvature_Geometry__x__Spatial_Reach_and_Route=Uncommon Curvature_Geometry,66,0.14699331848552338,0.9166666666666666,9.534149962880475
MP00001,R00094,Acceleration_Dynamics__x__Speed_Dynamics=Uncommon Acceleration_Dynamics,Acceleration_Dynamics__x__Speed_Dynamics,Uncommon Acceleration_Dynamics,Acceleration_Dynamics__x__Turning_Dynamics=Uncommon Acceleration_Dynamics;Curvature_Geometry__x__Speed_Dynamics=Uncommon Curvature_Geometry,50,0.11061946902654868,0.8771929824561403,9.063033690420742
MP00001,R00115,Acceleration_Dynamics__x__Turning_Dynamics=Uncommon Acceleration_Dynamics,Acceleration_Dynamics__x__Turning_Dynamics,Uncommon Acceleration_Dynamics,Acceleration_Dynamics__x__Spatial_Reach_and_Route=Uncommon Acceleration_Dynamics;Curvature_Geometry__x__Turning_Dynamics=Uncommon Curvature_Geometry,59,0.09949409780775717,0.8676470588235294,6.832903481797442
MP00001,R00116,Acceleration_Dynamics__x__Turning_Dynamics=Uncommon Acceleration_Dynamics,Acceleration_Dynamics__x__Turning_Dynamics,Uncommon Acceleration_Dynamics,Acceleration_Dynamics__x__Temporal_Sequential_Context=Uncommon Acceleration_Dynamics;Curvature_Geometry__x__Turning_Dynamics=Uncommon Curvature_Geometry,59,0.09949409780775717,0.8676470588235294,6.832903481797442
MP00001,R00124,Acceleration_Dynamics__x__Temporal_Sequential_Context=Uncommon Acceleration_Dynamics,Acceleration_Dynamics__x__Temporal_Sequential_Context,Uncommon Acceleration_Dynamics,Acceleration_Dynamics__x__Turning_Dynamics=Uncommon Acceleration_Dynamics;Curvature_Geometry__x__Temporal_Sequential_Context=Uncommon Curvature_Geometry,63,0.1320754716981132,0.863013698630137,8.449211682605325
MP00001,R00134,Acceleration_Dynamics__x__Turning_Dynamics=Uncommon Acceleration_Dynamics,Acceleration_Dynamics__x__Turning_Dynamics,Uncommon Acceleration_Dynamics,Acceleration_Dynamics__x__Speed_Dynamics=Uncommon Acceleration_Dynamics;Curvature_Geometry__x__Turning_Dynamics=Uncommon Curvature_Geometry,49,0.08263069139966273,0.8596491228070176,6.769918049761842
MP00001,R00153,Acceleration_Dynamics__x__Temporal_Sequential_Context=Uncommon Acceleration_Dynamics,Acceleration_Dynamics__x__Temporal_Sequential_Context,Uncommon Acceleration_Dynamics,Acceleration_Dynamics__x__Spatial_Reach_and_Route=Uncommon Acceleration_Dynamics;Curvature_Geometry__x__Temporal_Sequential_Context=Uncommon Curvature_Geometry,64,0.13417190775681342,0.8533333333333334,8.35443745632425
MP00001,R00180,Acceleration_Dynamics__x__Spatial_Reach_and_Route=Uncommon Acceleration_Dynamics,Acceleration_Dynamics__x__Spatial_Reach_and_Route,Uncommon Acceleration_Dynamics,Acceleration_Dynamics__x__Speed_Dynamics=Uncommon Acceleration_Dynamics;Curvature_Geometry__x__Spatial_Reach_and_Route=Uncommon Curvature_Geometry,60,0.133630289532294,0.8450704225352113,8.789485241067787
MP00001,R00289,Acceleration_Dynamics__x__Speed_Dynamics=Uncommon Acceleration_Dynamics,Acceleration_Dynamics__x__Speed_Dynamics,Uncommon Acceleration_Dynamics,Acceleration_Dynamics__x__Temporal_Sequential_Context=Uncommon Acceleration_Dynamics;Curvature_Geometry__x__Speed_Dynamics=Uncommon Curvature_Geometry,49,0.1084070796460177,0.8032786885245902,8.2993616712607
MP00002,R00032,Acceleration_Dynamics__x__Speed_Dynamics=Uncommon Speed_Dynamics,Acceleration_Dynamics__x__Speed_Dynamics,Uncommon Speed_Dynamics,Acceleration_Dynamics__x__Turning_Dynamics=Uncommon Turning_Dynamics;Curvature_Geometry__x__Speed_Dynamics=Uncommon Speed_Dynamics,51,0.11159737417943107,0.9107142857142857,9.30642388246327
MP00002,R00076,Spatial_Reach_and_Route__x__Speed_Dynamics=Uncommon Speed_Dynamics,Spatial_Reach_and_Route__x__Speed_Dynamics,Uncommon Speed_Dynamics,Spatial_Reach_and_Route__x__Turning_Dynamics=Uncommon Turning_Dynamics;Speed_Dynamics__x__Temporal_Sequential_Context=Uncommon Speed_Dynamics,55,0.11752136752136752,0.8870967741935484,8.852012682657845
MP00002,R00093,Acceleration_Dynamics__x__Speed_Dynamics=Uncommon Speed_Dynamics,Acceleration_Dynamics__x__Speed_Dynamics,Uncommon Speed_Dynamics,Acceleration_Dynamics__x__Turning_Dynamics=Uncommon Turning_Dynamics;Speed_Dynamics__x__Temporal_Sequential_Context=Uncommon Speed_Dynamics,43,0.09409190371991247,0.8775510204081632,8.967534497387575
MP00002,R00108,Spatial_Reach_and_Route__x__Speed_Dynamics=Uncommon Speed_Dynamics,Spatial_Reach_and_Route__x__Speed_Dynamics,Uncommon Speed_Dynamics,Curvature_Geometry__x__Speed_Dynamics=Uncommon Speed_Dynamics;Spatial_Reach_and_Route__x__Turning_Dynamics=Uncommon Turning_Dynamics,53,0.11324786324786325,0.8688524590163934,8.66995936668068
MP00002,R00110,Curvature_Geometry__x__Speed_Dynamics=Uncommon Speed_Dynamics,Curvature_Geometry__x__Speed_Dynamics,Uncommon Speed_Dynamics,Acceleration_Dynamics__x__Speed_Dynamics=Uncommon Speed_Dynamics;Curvature_Geometry__x__Turning_Dynamics=Uncommon Turning_Dynamics,53,0.09515260323159784,0.8688524590163934,7.28463372281249
MP00002,R00111,Curvature_Geometry__x__Speed_Dynamics=Uncommon Speed_Dynamics,Curvature_Geometry__x__Speed_Dynamics,Uncommon Speed_Dynamics,Curvature_Geometry__x__Turning_Dynamics=Uncommon Turning_Dynamics;Speed_Dynamics__x__Temporal_Sequential_Context=Uncommon Speed_Dynamics,53,0.09515260323159784,0.8688524590163934,7.28463372281249
MP00002,R00118,Curvature_Geometry__x__Speed_Dynamics=Uncommon Speed_Dynamics,Curvature_Geometry__x__Speed_Dynamics,Uncommon Speed_Dynamics,Curvature_Geometry__x__Turning_Dynamics=Uncommon Turning_Dynamics;Spatial_Reach_and_Route__x__Speed_Dynamics=Uncommon Speed_Dynamics,52,0.0933572710951526,0.8666666666666667,7.266307600239378
MP00002,R00158,Acceleration_Dynamics__x__Speed_Dynamics=Uncommon Speed_Dynamics,Acceleration_Dynamics__x__Speed_Dynamics,Uncommon Speed_Dynamics,Acceleration_Dynamics__x__Turning_Dynamics=Uncommon Turning_Dynamics;Spatial_Reach_and_Route__x__Speed_Dynamics=Uncommon Speed_Dynamics,58,0.12691466083150985,0.8529411764705882,8.716050971811043
MP00002,R00222,Speed_Dynamics__x__Temporal_Sequential_Context=Uncommon Speed_Dynamics,Speed_Dynamics__x__Temporal_Sequential_Context,Uncommon Speed_Dynamics,Curvature_Geometry__x__Speed_Dynamics=Uncommon Speed_Dynamics;Temporal_Sequential_Context__x__Turning_Dynamics=Uncommon Turning_Dynamics,55,0.10416666666666667,0.8333333333333334,7.370580808080809
MP00002,R00271,Spatial_Reach_and_Route__x__Speed_Dynamics=Uncommon Speed_Dynamics,Spatial_Reach_and_Route__x__Speed_Dynamics,Uncommon Speed_Dynamics,Acceleration_Dynamics__x__Speed_Dynamics=Uncommon Speed_Dynamics;Spatial_Reach_and_Route__x__Turning_Dynamics=Uncommon Turning_Dynamics,56,0.11965811965811966,0.8115942028985508,8.098600272513318
MP00003,R00063,Acceleration_Dynamics__x__Speed_Dynamics=Uncommon Speed_Dynamics,Acceleration_Dynamics__x__Speed_Dynamics,Uncommon Speed_Dynamics,Acceleration_Dynamics__x__Curvature_Geometry=Uncommon Curvature_Geometry;Spatial_Reach_and_Route__x__Speed_Dynamics=Uncommon Speed_Dynamics,58,0.12691466083150985,0.8923076923076924,9.118330247433093
MP00003,R00106,Speed_Dynamics__x__Temporal_Sequential_Context=Uncommon Speed_Dynamics,Speed_Dynamics__x__Temporal_Sequential_Context,Uncommon Speed_Dynamics,Curvature_Geometry__x__Temporal_Sequential_Context=Uncommon Curvature_Geometry;Speed_Dynamics__x__Turning_Dynamics=Uncommon Speed_Dynamics,60,0.11363636363636363,0.8695652173913043,7.691040843214757
MP00003,R00113,Spatial_Reach_and_Route__x__Speed_Dynamics=Uncommon Speed_Dynamics,Spatial_Reach_and_Route__x__Speed_Dynamics,Uncommon Speed_Dynamics,Acceleration_Dynamics__x__Speed_Dynamics=Uncommon Speed_Dynamics;Curvature_Geometry__x__Spatial_Reach_and_Route=Uncommon Curvature_Geometry,59,0.12606837606837606,0.8676470588235294,8.657931121166417
MP00003,R00122,Spatial_Reach_and_Route__x__Speed_Dynamics=Uncommon Speed_Dynamics,Spatial_Reach_and_Route__x__Speed_Dynamics,Uncommon Speed_Dynamics,Curvature_Geometry__x__Spatial_Reach_and_Route=Uncommon Curvature_Geometry;Speed_Dynamics__x__Turning_Dynamics=Uncommon Speed_Dynamics,57,0.12179487179487179,0.8636363636363636,8.61790986790987
MP00003,R00123,Spatial_Reach_and_Route__x__Speed_Dynamics=Uncommon Speed_Dynamics,Spatial_Reach_and_Route__x__Speed_Dynamics,Uncommon Speed_Dynamics,Curvature_Geometry__x__Spatial_Reach_and_Route=Uncommon Curvature_Geometry;Speed_Dynamics__x__Temporal_Sequential_Context=Uncommon Speed_Dynamics,63,0.1346153846153846,0.863013698630137,8.611696522655427
MP00003,R00164,Speed_Dynamics__x__Turning_Dynamics=Uncommon Speed_Dynamics,Speed_Dynamics__x__Turning_Dynamics,Uncommon Speed_Dynamics,Acceleration_Dynamics__x__Speed_Dynamics=Uncommon Speed_Dynamics;Curvature_Geometry__x__Turning_Dynamics=Uncommon Curvature_Geometry,46,0.08318264014466546,0.8518518518518519,7.193757953251624
MP00003,R00174,Speed_Dynamics__x__Temporal_Sequential_Context=Uncommon Speed_Dynamics,Speed_Dynamics__x__Temporal_Sequential_Context,Uncommon Speed_Dynamics,Curvature_Geometry__x__Temporal_Sequential_Context=Uncommon Curvature_Geometry;Spatial_Reach_and_Route__x__Speed_Dynamics=Uncommon Speed_Dynamics,61,0.11553030303030302,0.8472222222222222,7.493423821548822
MP00003,R00214,Acceleration_Dynamics__x__Speed_Dynamics=Uncommon Speed_Dynamics,Acceleration_Dynamics__x__Speed_Dynamics,Uncommon Speed_Dynamics,Acceleration_Dynamics__x__Curvature_Geometry=Uncommon Curvature_Geometry;Speed_Dynamics__x__Turning_Dynamics=Uncommon Speed_Dynamics,46,0.10065645514223195,0.8363636363636363,8.546648100258603
MP00003,R00231,Speed_Dynamics__x__Temporal_Sequential_Context=Uncommon Speed_Dynamics,Speed_Dynamics__x__Temporal_Sequential_Context,Uncommon Speed_Dynamics,Acceleration_Dynamics__x__Speed_Dynamics=Uncommon Speed_Dynamics;Curvature_Geometry__x__Temporal_Sequential_Context=Uncommon Curvature_Geometry,54,0.10227272727272728,0.8307692307692308,7.347902097902098
MP00003,R00239,Speed_Dynamics__x__Turning_Dynamics=Uncommon Speed_Dynamics,Speed_Dynamics__x__Turning_Dynamics,Uncommon Speed_Dynamics,Curvature_Geometry__x__Turning_Dynamics=Uncommon Curvature_Geometry;Spatial_Reach_and_Route__x__Speed_Dynamics=Uncommon Speed_Dynamics,53,0.09584086799276673,0.828125,6.993388336347197
MP00003,R00272,Speed_Dynamics__x__Turning_Dynamics=Uncommon Speed_Dynamics,Speed_Dynamics__x__Turning_Dynamics,Uncommon Speed_Dynamics,Curvature_Geometry__x__Turning_Dynamics=Uncommon Curvature_Geometry;Speed_Dynamics__x__Temporal_Sequential_Context=Uncommon Speed_Dynamics,56,0.10126582278481013,0.8115942028985508,6.853788295725555
MP00004,R00004,Curvature_Geometry__x__Speed_Dynamics=Uncommon Speed_Dynamics,Curvature_Geometry__x__Speed_Dynamics,Uncommon Speed_Dynamics,Curvature_Geometry__x__Spatial_Reach_and_Route=Uncommon Spatial_Reach_and_Route;Speed_Dynamics__x__Temporal_Sequential_Context=Uncommon Speed_Dynamics,57,0.10233393177737882,0.95,7.9649910233393175
MP00004,R00021,Curvature_Geometry__x__Speed_Dynamics=Uncommon Speed_Dynamics,Curvature_Geometry__x__Speed_Dynamics,Uncommon Speed_Dynamics,Acceleration_Dynamics__x__Speed_Dynamics=Uncommon Speed_Dynamics;Curvature_Geometry__x__Spatial_Reach_and_Route=Uncommon Spatial_Reach_and_Route,34,0.06104129263913824,0.918918918918919,7.7044009898588
MP00004,R00043,Acceleration_Dynamics__x__Speed_Dynamics=Uncommon Speed_Dynamics,Acceleration_Dynamics__x__Speed_Dynamics,Uncommon Speed_Dynamics,Acceleration_Dynamics__x__Spatial_Reach_and_Route=Uncommon Spatial_Reach_and_Route;Speed_Dynamics__x__Turning_Dynamics=Uncommon Speed_Dynamics,37,0.08096280087527352,0.9024390243902439,9.221860489939692
MP00004,R00064,Speed_Dynamics__x__Temporal_Sequential_Context=Uncommon Speed_Dynamics,Speed_Dynamics__x__Temporal_Sequential_Context,Uncommon Speed_Dynamics,Spatial_Reach_and_Route__x__Temporal_Sequential_Context=Uncommon Spatial_Reach_and_Route;Speed_Dynamics__x__Turning_Dynamics=Uncommon Speed_Dynamics,58,0.10984848484848485,0.8923076923076924,7.892191142191143
MP00004,R00131,Speed_Dynamics__x__Turning_Dynamics=Uncommon Speed_Dynamics,Speed_Dynamics__x__Turning_Dynamics,Uncommon Speed_Dynamics,Acceleration_Dynamics__x__Speed_Dynamics=Uncommon Speed_Dynamics;Spatial_Reach_and_Route__x__Turning_Dynamics=Uncommon Spatial_Reach_and_Route,37,0.06690777576853527,0.8604651162790697,7.266495647419992
MP00004,R00197,Acceleration_Dynamics__x__Speed_Dynamics=Uncommon Speed_Dynamics,Acceleration_Dynamics__x__Speed_Dynamics,Uncommon Speed_Dynamics,Acceleration_Dynamics__x__Spatial_Reach_and_Route=Uncommon Spatial_Reach_and_Route;Speed_Dynamics__x__Temporal_Sequential_Context=Uncommon Speed_Dynamics,42,0.09190371991247265,0.84,8.583807439824945
MP00004,R00205,Speed_Dynamics__x__Temporal_Sequential_Context=Uncommon Speed_Dynamics,Speed_Dynamics__x__Temporal_Sequential_Context,Uncommon Speed_Dynamics,Curvature_Geometry__x__Speed_Dynamics=Uncommon Speed_Dynamics;Spatial_Reach_and_Route__x__Temporal_Sequential_Context=Uncommon Spatial_Reach_and_Route,57,0.10795454545454546,0.8382352941176471,7.413937165775402
MP00004,R00212,Speed_Dynamics__x__Temporal_Sequential_Context=Uncommon Speed_Dynamics,Speed_Dynamics__x__Temporal_Sequential_Context,Uncommon Speed_Dynamics,Acceleration_Dynamics__x__Speed_Dynamics=Uncommon Speed_Dynamics;Spatial_Reach_and_Route__x__Temporal_Sequential_Context=Uncommon Spatial_Reach_and_Route,41,0.07765151515151515,0.8367346938775511,7.400664811379098
MP00004,R00248,Speed_Dynamics__x__Turning_Dynamics=Uncommon Speed_Dynamics,Speed_Dynamics__x__Turning_Dynamics,Uncommon Speed_Dynamics,Spatial_Reach_and_Route__x__Turning_Dynamics=Uncommon Spatial_Reach_and_Route;Speed_Dynamics__x__Temporal_Sequential_Context=Uncommon Speed_Dynamics,56,0.10126582278481013,0.8235294117647058,6.954579300074459
MP00004,R00251,Acceleration_Dynamics__x__Speed_Dynamics=Uncommon Speed_Dynamics,Acceleration_Dynamics__x__Speed_Dynamics,Uncommon Speed_Dynamics,Acceleration_Dynamics__x__Spatial_Reach_and_Route=Uncommon Spatial_Reach_and_Route;Curvature_Geometry__x__Speed_Dynamics=Uncommon Speed_Dynamics,32,0.0700218818380744,0.8205128205128205,8.384671491892497
MP00004,R00268,Curvature_Geometry__x__Speed_Dynamics=Uncommon Speed_Dynamics,Curvature_Geometry__x__Speed_Dynamics,Uncommon Speed_Dynamics,Curvature_Geometry__x__Spatial_Reach_and_Route=Uncommon Spatial_Reach_and_Route;Speed_Dynamics__x__Turning_Dynamics=Uncommon Speed_Dynamics,70,0.12567324955116696,0.813953488372093,6.824349713999416
MP00005,R00006,Curvature_Geometry__x__Speed_Dynamics=Uncommon Curvature_Geometry,Curvature_Geometry__x__Speed_Dynamics,Uncommon Curvature_Geometry,Curvature_Geometry__x__Turning_Dynamics=Uncommon Curvature_Geometry;Spatial_Reach_and_Route__x__Speed_Dynamics=Uncommon Spatial_Reach_and_Route,48,0.0852575488454707,0.9411764705882353,7.806916727614669
MP00005,R00009,Acceleration_Dynamics__x__Curvature_Geometry=Uncommon Curvature_Geometry,Acceleration_Dynamics__x__Curvature_Geometry,Uncommon Curvature_Geometry,Acceleration_Dynamics__x__Spatial_Reach_and_Route=Uncommon Spatial_Reach_and_Route;Curvature_Geometry__x__Speed_Dynamics=Uncommon Curvature_Geometry,55,0.09581881533101046,0.9322033898305084,7.584302840607099
MP00005,R00022,Curvature_Geometry__x__Turning_Dynamics=Uncommon Curvature_Geometry,Curvature_Geometry__x__Turning_Dynamics,Uncommon Curvature_Geometry,Curvature_Geometry__x__Speed_Dynamics=Uncommon Curvature_Geometry;Spatial_Reach_and_Route__x__Turning_Dynamics=Uncommon Spatial_Reach_and_Route,45,0.08256880733944955,0.9183673469387755,7.869312862759783
MP00005,R00029,Curvature_Geometry__x__Turning_Dynamics=Uncommon Curvature_Geometry,Curvature_Geometry__x__Turning_Dynamics,Uncommon Curvature_Geometry,Acceleration_Dynamics__x__Curvature_Geometry=Uncommon Curvature_Geometry;Spatial_Reach_and_Route__x__Turning_Dynamics=Uncommon Spatial_Reach_and_Route,52,0.09541284403669725,0.9122807017543859,7.817157572831159
MP00005,R00055,Curvature_Geometry__x__Temporal_Sequential_Context=Uncommon Curvature_Geometry,Curvature_Geometry__x__Temporal_Sequential_Context,Uncommon Curvature_Geometry,Acceleration_Dynamics__x__Curvature_Geometry=Uncommon Curvature_Geometry;Spatial_Reach_and_Route__x__Temporal_Sequential_Context=Uncommon Spatial_Reach_and_Route,70,0.12110726643598616,0.8974358974358975,7.250909413539171
MP00005,R00071,Curvature_Geometry__x__Turning_Dynamics=Uncommon Curvature_Geometry,Curvature_Geometry__x__Turning_Dynamics,Uncommon Curvature_Geometry,Curvature_Geometry__x__Temporal_Sequential_Context=Uncommon Curvature_Geometry;Spatial_Reach_and_Route__x__Turning_Dynamics=Uncommon Spatial_Reach_and_Route,56,0.10275229357798166,0.8888888888888888,7.616717635066258
MP00005,R00129,Curvature_Geometry__x__Temporal_Sequential_Context=Uncommon Curvature_Geometry,Curvature_Geometry__x__Temporal_Sequential_Context,Uncommon Curvature_Geometry,Curvature_Geometry__x__Turning_Dynamics=Uncommon Curvature_Geometry;Spatial_Reach_and_Route__x__Temporal_Sequential_Context=Uncommon Spatial_Reach_and_Route,56,0.09688581314878893,0.8615384615384616,6.960873036997604
MP00005,R00135,Acceleration_Dynamics__x__Curvature_Geometry=Uncommon Curvature_Geometry,Acceleration_Dynamics__x__Curvature_Geometry,Uncommon Curvature_Geometry,Acceleration_Dynamics__x__Spatial_Reach_and_Route=Uncommon Spatial_Reach_and_Route;Curvature_Geometry__x__Turning_Dynamics=Uncommon Curvature_Geometry,55,0.09581881533101046,0.859375,6.991779181184669
MP00005,R00141,Curvature_Geometry__x__Speed_Dynamics=Uncommon Curvature_Geometry,Curvature_Geometry__x__Speed_Dynamics,Uncommon Curvature_Geometry,Curvature_Geometry__x__Temporal_Sequential_Context=Uncommon Curvature_Geometry;Spatial_Reach_and_Route__x__Speed_Dynamics=Uncommon Spatial_Reach_and_Route,54,0.09591474245115453,0.8571428571428571,7.109870591220503
MP00005,R00167,Curvature_Geometry__x__Temporal_Sequential_Context=Uncommon Curvature_Geometry,Curvature_Geometry__x__Temporal_Sequential_Context,Uncommon Curvature_Geometry,Curvature_Geometry__x__Speed_Dynamics=Uncommon Curvature_Geometry;Spatial_Reach_and_Route__x__Temporal_Sequential_Context=Uncommon Spatial_Reach_and_Route,51,0.08823529411764706,0.85,6.867647058823529
MP00005,R00179,Acceleration_Dynamics__x__Curvature_Geometry=Uncommon Curvature_Geometry,Acceleration_Dynamics__x__Curvature_Geometry,Uncommon Curvature_Geometry,Acceleration_Dynamics__x__Spatial_Reach_and_Route=Uncommon Spatial_Reach_and_Route;Curvature_Geometry__x__Temporal_Sequential_Context=Uncommon Curvature_Geometry,71,0.12369337979094076,0.8452380952380952,6.876762900282064
MP00005,R00181,Curvature_Geometry__x__Speed_Dynamics=Uncommon Curvature_Geometry,Curvature_Geometry__x__Speed_Dynamics,Uncommon Curvature_Geometry,Acceleration_Dynamics__x__Curvature_Geometry=Uncommon Curvature_Geometry;Spatial_Reach_and_Route__x__Speed_Dynamics=Uncommon Spatial_Reach_and_Route,49,0.08703374777975133,0.8448275862068966,7.007717278128254
MP00006,R00044,Spatial_Reach_and_Route__x__Turning_Dynamics=Uncommon Spatial_Reach_and_Route,Spatial_Reach_and_Route__x__Turning_Dynamics,Uncommon Spatial_Reach_and_Route,Acceleration_Dynamics__x__Turning_Dynamics=Uncommon Acceleration_Dynamics;Spatial_Reach_and_Route__x__Speed_Dynamics=Uncommon Spatial_Reach_and_Route,46,0.07679465776293823,0.9019607843137255,7.03198140692003
MP00006,R00074,Curvature_Geometry__x__Spatial_Reach_and_Route=Uncommon Spatial_Reach_and_Route,Curvature_Geometry__x__Spatial_Reach_and_Route,Uncommon Spatial_Reach_and_Route,Acceleration_Dynamics__x__Curvature_Geometry=Uncommon Acceleration_Dynamics;Spatial_Reach_and_Route__x__Speed_Dynamics=Uncommon Spatial_Reach_and_Route,48,0.08495575221238938,0.8888888888888888,7.347099311701081
MP00006,R00138,Spatial_Reach_and_Route__x__Temporal_Sequential_Context=Uncommon Spatial_Reach_and_Route,Spatial_Reach_and_Route__x__Temporal_Sequential_Context,Uncommon Spatial_Reach_and_Route,Acceleration_Dynamics__x__Temporal_Sequential_Context=Uncommon Acceleration_Dynamics;Spatial_Reach_and_Route__x__Turning_Dynamics=Uncommon Spatial_Reach_and_Route,48,0.09937888198757763,0.8571428571428571,8.287488908606921
MP00006,R00139,Spatial_Reach_and_Route__x__Temporal_Sequential_Context=Uncommon Spatial_Reach_and_Route,Spatial_Reach_and_Route__x__Temporal_Sequential_Context,Uncommon Spatial_Reach_and_Route,Acceleration_Dynamics__x__Temporal_Sequential_Context=Uncommon Acceleration_Dynamics;Curvature_Geometry__x__Spatial_Reach_and_Route=Uncommon Spatial_Reach_and_Route,42,0.08695652173913043,0.8571428571428571,8.287488908606921
MP00006,R00144,Spatial_Reach_and_Route__x__Turning_Dynamics=Uncommon Spatial_Reach_and_Route,Spatial_Reach_and_Route__x__Turning_Dynamics,Uncommon Spatial_Reach_and_Route,Acceleration_Dynamics__x__Turning_Dynamics=Uncommon Acceleration_Dynamics;Curvature_Geometry__x__Spatial_Reach_and_Route=Uncommon Spatial_Reach_and_Route,84,0.14023372287145242,0.8571428571428571,6.682566181731457
MP00006,R00145,Spatial_Reach_and_Route__x__Turning_Dynamics=Uncommon Spatial_Reach_and_Route,Spatial_Reach_and_Route__x__Turning_Dynamics,Uncommon Spatial_Reach_and_Route,Acceleration_Dynamics__x__Turning_Dynamics=Uncommon Acceleration_Dynamics;Spatial_Reach_and_Route__x__Temporal_Sequential_Context=Uncommon Spatial_Reach_and_Route,48,0.08013355592654424,0.8571428571428571,6.682566181731457
MP00006,R00177,Curvature_Geometry__x__Spatial_Reach_and_Route=Uncommon Spatial_Reach_and_Route,Curvature_Geometry__x__Spatial_Reach_and_Route,Uncommon Spatial_Reach_and_Route,Acceleration_Dynamics__x__Curvature_Geometry=Uncommon Acceleration_Dynamics;Spatial_Reach_and_Route__x__Turning_Dynamics=Uncommon Spatial_Reach_and_Route,88,0.15575221238938053,0.8461538461538461,6.993873383253915
MP00006,R00210,Spatial_Reach_and_Route__x__Speed_Dynamics=Uncommon Spatial_Reach_and_Route,Spatial_Reach_and_Route__x__Speed_Dynamics,Uncommon Spatial_Reach_and_Route,Acceleration_Dynamics__x__Speed_Dynamics=Uncommon Acceleration_Dynamics;Spatial_Reach_and_Route__x__Temporal_Sequential_Context=Uncommon Spatial_Reach_and_Route,36,0.08411214953271028,0.8372093023255814,9.13497065855249
MP00006,R00241,Spatial_Reach_and_Route__x__Speed_Dynamics=Uncommon Spatial_Reach_and_Route,Spatial_Reach_and_Route__x__Speed_Dynamics,Uncommon Spatial_Reach_and_Route,Acceleration_Dynamics__x__Speed_Dynamics=Uncommon Acceleration_Dynamics;Curvature_Geometry__x__Spatial_Reach_and_Route=Uncommon Spatial_Reach_and_Route,48,0.11214953271028037,0.8275862068965517,9.029970995810507
MP00006,R00260,Curvature_Geometry__x__Spatial_Reach_and_Route=Uncommon Spatial_Reach_and_Route,Curvature_Geometry__x__Spatial_Reach_and_Route,Uncommon Spatial_Reach_and_Route,Acceleration_Dynamics__x__Curvature_Geometry=Uncommon Acceleration_Dynamics;Spatial_Reach_and_Route__x__Temporal_Sequential_Context=Uncommon Spatial_Reach_and_Route,49,0.08672566371681416,0.8166666666666667,6.750147492625369
MP00006,R00262,Spatial_Reach_and_Route__x__Temporal_Sequential_Context=Uncommon Spatial_Reach_and_Route,Spatial_Reach_and_Route__x__Temporal_Sequential_Context,Uncommon Spatial_Reach_and_Route,Acceleration_Dynamics__x__Temporal_Sequential_Context=Uncommon Acceleration_Dynamics;Spatial_Reach_and_Route__x__Speed_Dynamics=Uncommon Spatial_Reach_and_Route,40,0.08281573498964803,0.8163265306122449,7.892846579625639
MP00007,R00010,Curvature_Geometry__x__Speed_Dynamics=Uncommon Curvature_Geometry,Curvature_Geometry__x__Speed_Dynamics,Uncommon Curvature_Geometry,Acceleration_Dynamics__x__Speed_Dynamics=Uncommon Acceleration_Dynamics;Curvature_Geometry__x__Turning_Dynamics=Uncommon Curvature_Geometry,53,0.0941385435168739,0.9298245614035088,7.712754354803528
MP00007,R00025,Curvature_Geometry__x__Speed_Dynamics=Uncommon Curvature_Geometry,Curvature_Geometry__x__Speed_Dynamics,Uncommon Curvature_Geometry,Acceleration_Dynamics__x__Speed_Dynamics=Uncommon Acceleration_Dynamics;Curvature_Geometry__x__Spatial_Reach_and_Route=Uncommon Curvature_Geometry,65,0.11545293072824156,0.9154929577464789,7.593875866209692
MP00007,R00030,Curvature_Geometry__x__Turning_Dynamics=Uncommon Curvature_Geometry,Curvature_Geometry__x__Turning_Dynamics,Uncommon Curvature_Geometry,Acceleration_Dynamics__x__Turning_Dynamics=Uncommon Acceleration_Dynamics;Curvature_Geometry__x__Speed_Dynamics=Uncommon Curvature_Geometry,52,0.09541284403669725,0.9122807017543859,7.817157572831159
MP00007,R00038,Curvature_Geometry__x__Spatial_Reach_and_Route=Uncommon Curvature_Geometry,Curvature_Geometry__x__Spatial_Reach_and_Route,Uncommon Curvature_Geometry,Acceleration_Dynamics__x__Spatial_Reach_and_Route=Uncommon Acceleration_Dynamics;Curvature_Geometry__x__Speed_Dynamics=Uncommon Curvature_Geometry,58,0.10412926391382406,0.90625,7.59818222621185
MP00007,R00051,Curvature_Geometry__x__Turning_Dynamics=Uncommon Curvature_Geometry,Curvature_Geometry__x__Turning_Dynamics,Uncommon Curvature_Geometry,Acceleration_Dynamics__x__Turning_Dynamics=Uncommon Acceleration_Dynamics;Curvature_Geometry__x__Spatial_Reach_and_Route=Uncommon Curvature_Geometry,53,0.09724770642201835,0.8983050847457628,7.697403203234334
MP00007,R00073,Curvature_Geometry__x__Speed_Dynamics=Uncommon Curvature_Geometry,Curvature_Geometry__x__Speed_Dynamics,Uncommon Curvature_Geometry,Acceleration_Dynamics__x__Speed_Dynamics=Uncommon Acceleration_Dynamics;Curvature_Geometry__x__Temporal_Sequential_Context=Uncommon Curvature_Geometry,56,0.0994671403197158,0.8888888888888888,7.373199131636077
MP00007,R00077,Curvature_Geometry__x__Temporal_Sequential_Context=Uncommon Curvature_Geometry,Curvature_Geometry__x__Temporal_Sequential_Context,Uncommon Curvature_Geometry,Acceleration_Dynamics__x__Temporal_Sequential_Context=Uncommon Acceleration_Dynamics;Curvature_Geometry__x__Speed_Dynamics=Uncommon Curvature_Geometry,54,0.09342560553633218,0.8852459016393442,7.152419309092972
MP00007,R00085,Curvature_Geometry__x__Temporal_Sequential_Context=Uncommon Curvature_Geometry,Curvature_Geometry__x__Temporal_Sequential_Context,Uncommon Curvature_Geometry,Acceleration_Dynamics__x__Temporal_Sequential_Context=Uncommon Acceleration_Dynamics;Curvature_Geometry__x__Turning_Dynamics=Uncommon Curvature_Geometry,60,0.10380622837370242,0.8823529411764706,7.12904538978221
MP00007,R00155,Curvature_Geometry__x__Spatial_Reach_and_Route=Uncommon Curvature_Geometry,Curvature_Geometry__x__Spatial_Reach_and_Route,Uncommon Curvature_Geometry,Acceleration_Dynamics__x__Spatial_Reach_and_Route=Uncommon Acceleration_Dynamics;Curvature_Geometry__x__Temporal_Sequential_Context=Uncommon Curvature_Geometry,64,0.11490125673249552,0.8533333333333334,7.1545182525433875
MP00007,R00160,Curvature_Geometry__x__Spatial_Reach_and_Route=Uncommon Curvature_Geometry,Curvature_Geometry__x__Spatial_Reach_and_Route,Uncommon Curvature_Geometry,Acceleration_Dynamics__x__Spatial_Reach_and_Route=Uncommon Acceleration_Dynamics;Curvature_Geometry__x__Turning_Dynamics=Uncommon Curvature_Geometry,58,0.10412926391382406,0.8529411764705882,7.151230330552329
MP00007,R00218,Curvature_Geometry__x__Turning_Dynamics=Uncommon Curvature_Geometry,Curvature_Geometry__x__Turning_Dynamics,Uncommon Curvature_Geometry,Acceleration_Dynamics__x__Turning_Dynamics=Uncommon Acceleration_Dynamics;Curvature_Geometry__x__Temporal_Sequential_Context=Uncommon Curvature_Geometry,61,0.11192660550458716,0.8356164383561644,7.160236269950986
MP00007,R00256,Curvature_Geometry__x__Temporal_Sequential_Context=Uncommon Curvature_Geometry,Curvature_Geometry__x__Temporal_Sequential_Context,Uncommon Curvature_Geometry,Acceleration_Dynamics__x__Temporal_Sequential_Context=Uncommon Acceleration_Dynamics;Curvature_Geometry__x__Spatial_Reach_and_Route=Uncommon Curvature_Geometry,59,0.10207612456747404,0.8194444444444444,6.620770857362553
MP00008,R00057,Curvature_Geometry__x__Temporal_Sequential_Context=Uncommon Temporal_Sequential_Context,Curvature_Geometry__x__Temporal_Sequential_Context,Uncommon Temporal_Sequential_Context,Curvature_Geometry__x__Speed_Dynamics=Uncommon Speed_Dynamics;Temporal_Sequential_Context__x__Turning_Dynamics=Uncommon Temporal_Sequential_Context,68,0.11724137931034483,0.8947368421052632,7.204174228675137
MP00008,R00070,Acceleration_Dynamics__x__Temporal_Sequential_Context=Uncommon Temporal_Sequential_Context,Acceleration_Dynamics__x__Temporal_Sequential_Context,Uncommon Temporal_Sequential_Context,Acceleration_Dynamics__x__Speed_Dynamics=Uncommon Speed_Dynamics;Temporal_Sequential_Context__x__Turning_Dynamics=Uncommon Temporal_Sequential_Context,40,0.08438818565400844,0.8888888888888888,8.757618377871541
MP00008,R00080,Curvature_Geometry__x__Temporal_Sequential_Context=Uncommon Temporal_Sequential_Context,Curvature_Geometry__x__Temporal_Sequential_Context,Uncommon Temporal_Sequential_Context,Acceleration_Dynamics__x__Temporal_Sequential_Context=Uncommon Temporal_Sequential_Context;Curvature_Geometry__x__Speed_Dynamics=Uncommon Speed_Dynamics,46,0.07931034482758621,0.8846153846153846,7.122679045092839
MP00008,R00083,Curvature_Geometry__x__Temporal_Sequential_Context=Uncommon Temporal_Sequential_Context,Curvature_Geometry__x__Temporal_Sequential_Context,Uncommon Temporal_Sequential_Context,Curvature_Geometry__x__Speed_Dynamics=Uncommon Speed_Dynamics;Spatial_Reach_and_Route__x__Temporal_Sequential_Context=Uncommon Temporal_Sequential_Context,53,0.09137931034482759,0.8833333333333333,7.112356321839081
MP00008,R00102,Spatial_Reach_and_Route__x__Temporal_Sequential_Context=Uncommon Temporal_Sequential_Context,Spatial_Reach_and_Route__x__Temporal_Sequential_Context,Uncommon Temporal_Sequential_Context,Curvature_Geometry__x__Temporal_Sequential_Context=Uncommon Temporal_Sequential_Context;Spatial_Reach_and_Route__x__Speed_Dynamics=Uncommon Speed_Dynamics,42,0.08571428571428572,0.875,8.339285714285714
MP00008,R00105,Temporal_Sequential_Context__x__Turning_Dynamics=Uncommon Temporal_Sequential_Context,Temporal_Sequential_Context__x__Turning_Dynamics,Uncommon Temporal_Sequential_Context,Curvature_Geometry__x__Temporal_Sequential_Context=Uncommon Temporal_Sequential_Context;Speed_Dynamics__x__Turning_Dynamics=Uncommon Speed_Dynamics,67,0.10702875399361023,0.8701298701298701,6.491224430521554
MP00008,R00130,Spatial_Reach_and_Route__x__Temporal_Sequential_Context=Uncommon Temporal_Sequential_Context,Spatial_Reach_and_Route__x__Temporal_Sequential_Context,Uncommon Temporal_Sequential_Context,Spatial_Reach_and_Route__x__Speed_Dynamics=Uncommon Speed_Dynamics;Temporal_Sequential_Context__x__Turning_Dynamics=Uncommon Temporal_Sequential_Context,37,0.07551020408163266,0.8604651162790697,8.20075937351685
MP00008,R00161,Acceleration_Dynamics__x__Temporal_Sequential_Context=Uncommon Temporal_Sequential_Context,Acceleration_Dynamics__x__Temporal_Sequential_Context,Uncommon Temporal_Sequential_Context,Acceleration_Dynamics__x__Speed_Dynamics=Uncommon Speed_Dynamics;Spatial_Reach_and_Route__x__Temporal_Sequential_Context=Uncommon Temporal_Sequential_Context,52,0.10970464135021098,0.8524590163934426,8.3986995918932
MP00008,R00165,Temporal_Sequential_Context__x__Turning_Dynamics=Uncommon Temporal_Sequential_Context,Temporal_Sequential_Context__x__Turning_Dynamics,Uncommon Temporal_Sequential_Context,Acceleration_Dynamics__x__Temporal_Sequential_Context=Uncommon Temporal_Sequential_Context;Speed_Dynamics__x__Turning_Dynamics=Uncommon Speed_Dynamics,46,0.07348242811501597,0.8518518518518519,6.354869246243048
MP00008,R00194,Acceleration_Dynamics__x__Temporal_Sequential_Context=Uncommon Temporal_Sequential_Context,Acceleration_Dynamics__x__Temporal_Sequential_Context,Uncommon Temporal_Sequential_Context,Acceleration_Dynamics__x__Speed_Dynamics=Uncommon Speed_Dynamics;Curvature_Geometry__x__Temporal_Sequential_Context=Uncommon Temporal_Sequential_Context,37,0.07805907172995781,0.8409090909090909,8.284906022247794
MP00008,R00221,Spatial_Reach_and_Route__x__Temporal_Sequential_Context=Uncommon Temporal_Sequential_Context,Spatial_Reach_and_Route__x__Temporal_Sequential_Context,Uncommon Temporal_Sequential_Context,Acceleration_Dynamics__x__Temporal_Sequential_Context=Uncommon Temporal_Sequential_Context;Spatial_Reach_and_Route__x__Speed_Dynamics=Uncommon Speed_Dynamics,40,0.08163265306122448,0.8333333333333334,7.9421768707483
MP00008,R00279,Temporal_Sequential_Context__x__Turning_Dynamics=Uncommon Temporal_Sequential_Context,Temporal_Sequential_Context__x__Turning_Dynamics,Uncommon Temporal_Sequential_Context,Spatial_Reach_and_Route__x__Temporal_Sequential_Context=Uncommon Temporal_Sequential_Context;Speed_Dynamics__x__Turning_Dynamics=Uncommon Speed_Dynamics,46,0.07348242811501597,0.8070175438596491,6.0204024438092025
MP00009,R00013,Temporal_Sequential_Context__x__Turning_Dynamics=Uncommon Temporal_Sequential_Context,Temporal_Sequential_Context__x__Turning_Dynamics,Uncommon Temporal_Sequential_Context,Acceleration_Dynamics__x__Temporal_Sequential_Context=Uncommon Temporal_Sequential_Context;Spatial_Reach_and_Route__x__Turning_Dynamics=Uncommon Spatial_Reach_and_Route,51,0.08146964856230032,0.9272727272727272,6.917513796108045
MP00009,R00014,Temporal_Sequential_Context__x__Turning_Dynamics=Uncommon Temporal_Sequential_Context,Temporal_Sequential_Context__x__Turning_Dynamics,Uncommon Temporal_Sequential_Context,Spatial_Reach_and_Route__x__Turning_Dynamics=Uncommon Spatial_Reach_and_Route;Speed_Dynamics__x__Temporal_Sequential_Context=Uncommon Temporal_Sequential_Context,51,0.08146964856230032,0.9272727272727272,6.917513796108045
MP00009,R00015,Acceleration_Dynamics__x__Temporal_Sequential_Context=Uncommon Temporal_Sequential_Context,Acceleration_Dynamics__x__Temporal_Sequential_Context,Uncommon Temporal_Sequential_Context,Acceleration_Dynamics__x__Spatial_Reach_and_Route=Uncommon Spatial_Reach_and_Route;Curvature_Geometry__x__Temporal_Sequential_Context=Uncommon Temporal_Sequential_Context,37,0.07805907172995781,0.925,9.113396624472575
MP00009,R00019,Curvature_Geometry__x__Temporal_Sequential_Context=Uncommon Temporal_Sequential_Context,Curvature_Geometry__x__Temporal_Sequential_Context,Uncommon Temporal_Sequential_Context,Acceleration_Dynamics__x__Temporal_Sequential_Context=Uncommon Temporal_Sequential_Context;Curvature_Geometry__x__Spatial_Reach_and_Route=Uncommon Spatial_Reach_and_Route,35,0.0603448275862069,0.9210526315789473,7.416061705989111
MP00009,R00024,Speed_Dynamics__x__Temporal_Sequential_Context=Uncommon Temporal_Sequential_Context,Speed_Dynamics__x__Temporal_Sequential_Context,Uncommon Temporal_Sequential_Context,Acceleration_Dynamics__x__Temporal_Sequential_Context=Uncommon Temporal_Sequential_Context;Spatial_Reach_and_Route__x__Speed_Dynamics=Uncommon Spatial_Reach_and_Route,33,0.07006369426751592,0.9166666666666666,9.088818117480537
MP00009,R00033,Acceleration_Dynamics__x__Temporal_Sequential_Context=Uncommon Temporal_Sequential_Context,Acceleration_Dynamics__x__Temporal_Sequential_Context,Uncommon Temporal_Sequential_Context,Acceleration_Dynamics__x__Spatial_Reach_and_Route=Uncommon Spatial_Reach_and_Route;Temporal_Sequential_Context__x__Turning_Dynamics=Uncommon Temporal_Sequential_Context,51,0.10759493670886076,0.9107142857142857,8.972649186256781
MP00009,R00040,Acceleration_Dynamics__x__Temporal_Sequential_Context=Uncommon Temporal_Sequential_Context,Acceleration_Dynamics__x__Temporal_Sequential_Context,Uncommon Temporal_Sequential_Context,Acceleration_Dynamics__x__Spatial_Reach_and_Route=Uncommon Spatial_Reach_and_Route;Speed_Dynamics__x__Temporal_Sequential_Context=Uncommon Temporal_Sequential_Context,38,0.08016877637130802,0.9047619047619048,8.914004420333534
MP00009,R00228,Temporal_Sequential_Context__x__Turning_Dynamics=Uncommon Temporal_Sequential_Context,Temporal_Sequential_Context__x__Turning_Dynamics,Uncommon Temporal_Sequential_Context,Curvature_Geometry__x__Temporal_Sequential_Context=Uncommon Temporal_Sequential_Context;Spatial_Reach_and_Route__x__Turning_Dynamics=Uncommon Spatial_Reach_and_Route,85,0.13578274760383385,0.8333333333333334,6.216719914802981
MP00009,R00286,Speed_Dynamics__x__Temporal_Sequential_Context=Uncommon Temporal_Sequential_Context,Speed_Dynamics__x__Temporal_Sequential_Context,Uncommon Temporal_Sequential_Context,Spatial_Reach_and_Route__x__Speed_Dynamics=Uncommon Spatial_Reach_and_Route;Temporal_Sequential_Context__x__Turning_Dynamics=Uncommon Temporal_Sequential_Context,45,0.09554140127388536,0.8035714285714286,7.967470427661511
MP00009,R00290,Curvature_Geometry__x__Temporal_Sequential_Context=Uncommon Temporal_Sequential_Context,Curvature_Geometry__x__Temporal_Sequential_Context,Uncommon Temporal_Sequential_Context,Curvature_Geometry__x__Spatial_Reach_and_Route=Uncommon Spatial_Reach_and_Route;Temporal_Sequential_Context__x__Turning_Dynamics=Uncommon Temporal_Sequential_Context,81,0.1396551724137931,0.801980198019802,6.4573233185387515
MP00010,R00005,Acceleration_Dynamics__x__Curvature_Geometry=Uncommon Acceleration_Dynamics,Acceleration_Dynamics__x__Curvature_Geometry,Uncommon Acceleration_Dynamics,Acceleration_Dynamics__x__Spatial_Reach_and_Route=Uncommon Acceleration_Dynamics;Curvature_Geometry__x__Speed_Dynamics=Uncommon Speed_Dynamics,50,0.08849557522123894,0.9433962264150944,7.797628986475205
MP00010,R00036,Acceleration_Dynamics__x__Turning_Dynamics=Uncommon Acceleration_Dynamics,Acceleration_Dynamics__x__Turning_Dynamics,Uncommon Acceleration_Dynamics,Acceleration_Dynamics__x__Spatial_Reach_and_Route=Uncommon Acceleration_Dynamics;Speed_Dynamics__x__Turning_Dynamics=Uncommon Speed_Dynamics,59,0.09949409780775717,0.9076923076923077,7.1482682578804
MP00010,R00046,Acceleration_Dynamics__x__Temporal_Sequential_Context=Uncommon Acceleration_Dynamics,Acceleration_Dynamics__x__Temporal_Sequential_Context,Uncommon Acceleration_Dynamics,Acceleration_Dynamics__x__Spatial_Reach_and_Route=Uncommon Acceleration_Dynamics;Speed_Dynamics__x__Temporal_Sequential_Context=Uncommon Speed_Dynamics,63,0.1320754716981132,0.9,8.811320754716983
MP00010,R00068,Acceleration_Dynamics__x__Spatial_Reach_and_Route=Uncommon Acceleration_Dynamics,Acceleration_Dynamics__x__Spatial_Reach_and_Route,Uncommon Acceleration_Dynamics,Acceleration_Dynamics__x__Temporal_Sequential_Context=Uncommon Acceleration_Dynamics;Spatial_Reach_and_Route__x__Speed_Dynamics=Uncommon Speed_Dynamics,64,0.14253897550111358,0.8888888888888888,9.245236327641672
MP00010,R00096,Acceleration_Dynamics__x__Spatial_Reach_and_Route=Uncommon Acceleration_Dynamics,Acceleration_Dynamics__x__Spatial_Reach_and_Route,Uncommon Acceleration_Dynamics,Acceleration_Dynamics__x__Turning_Dynamics=Uncommon Acceleration_Dynamics;Spatial_Reach_and_Route__x__Speed_Dynamics=Uncommon Speed_Dynamics,57,0.12694877505567928,0.8769230769230769,9.120781223231111
MP00010,R00187,Acceleration_Dynamics__x__Turning_Dynamics=Uncommon Acceleration_Dynamics,Acceleration_Dynamics__x__Turning_Dynamics,Uncommon Acceleration_Dynamics,Acceleration_Dynamics__x__Curvature_Geometry=Uncommon Acceleration_Dynamics;Speed_Dynamics__x__Turning_Dynamics=Uncommon Speed_Dynamics,70,0.11804384485666104,0.8433734939759037,6.641744041935026
MP00010,R00207,Acceleration_Dynamics__x__Turning_Dynamics=Uncommon Acceleration_Dynamics,Acceleration_Dynamics__x__Turning_Dynamics,Uncommon Acceleration_Dynamics,Acceleration_Dynamics__x__Temporal_Sequential_Context=Uncommon Acceleration_Dynamics;Speed_Dynamics__x__Turning_Dynamics=Uncommon Speed_Dynamics,57,0.09612141652613827,0.8382352941176471,6.6012796349568506
MP00010,R00258,Acceleration_Dynamics__x__Curvature_Geometry=Uncommon Acceleration_Dynamics,Acceleration_Dynamics__x__Curvature_Geometry,Uncommon Acceleration_Dynamics,Acceleration_Dynamics__x__Turning_Dynamics=Uncommon Acceleration_Dynamics;Curvature_Geometry__x__Speed_Dynamics=Uncommon Speed_Dynamics,67,0.11858407079646018,0.8170731707317073,6.75350744657889
MP00010,R00285,Acceleration_Dynamics__x__Spatial_Reach_and_Route=Uncommon Acceleration_Dynamics,Acceleration_Dynamics__x__Spatial_Reach_and_Route,Uncommon Acceleration_Dynamics,Acceleration_Dynamics__x__Curvature_Geometry=Uncommon Acceleration_Dynamics;Spatial_Reach_and_Route__x__Speed_Dynamics=Uncommon Speed_Dynamics,45,0.10022271714922049,0.8035714285714286,8.357858733693924
MP00011,R00016,Acceleration_Dynamics__x__Speed_Dynamics=Uncommon Acceleration_Dynamics,Acceleration_Dynamics__x__Speed_Dynamics,Uncommon Acceleration_Dynamics,Acceleration_Dynamics__x__Spatial_Reach_and_Route=Uncommon Acceleration_Dynamics;Speed_Dynamics__x__Temporal_Sequential_Context=Uncommon Temporal_Sequential_Context,49,0.1084070796460177,0.9245283018867925,9.552095508432126
MP00011,R00026,Acceleration_Dynamics__x__Curvature_Geometry=Uncommon Acceleration_Dynamics,Acceleration_Dynamics__x__Curvature_Geometry,Uncommon Acceleration_Dynamics,Acceleration_Dynamics__x__Spatial_Reach_and_Route=Uncommon Acceleration_Dynamics;Curvature_Geometry__x__Temporal_Sequential_Context=Uncommon Temporal_Sequential_Context,53,0.09380530973451327,0.9137931034482759,7.552944766554776
MP00011,R00041,Acceleration_Dynamics__x__Curvature_Geometry=Uncommon Acceleration_Dynamics,Acceleration_Dynamics__x__Curvature_Geometry,Uncommon Acceleration_Dynamics,Acceleration_Dynamics__x__Speed_Dynamics=Uncommon Acceleration_Dynamics;Curvature_Geometry__x__Temporal_Sequential_Context=Uncommon Temporal_Sequential_Context,47,0.0831858407079646,0.9038461538461539,7.470728386657591
MP00011,R00047,Acceleration_Dynamics__x__Curvature_Geometry=Uncommon Acceleration_Dynamics,Acceleration_Dynamics__x__Curvature_Geometry,Uncommon Acceleration_Dynamics,Acceleration_Dynamics__x__Turning_Dynamics=Uncommon Acceleration_Dynamics;Curvature_Geometry__x__Temporal_Sequential_Context=Uncommon Temporal_Sequential_Context,90,0.1592920353982301,0.9,7.4389380530973455
MP00011,R00061,Acceleration_Dynamics__x__Turning_Dynamics=Uncommon Acceleration_Dynamics,Acceleration_Dynamics__x__Turning_Dynamics,Uncommon Acceleration_Dynamics,Acceleration_Dynamics__x__Speed_Dynamics=Uncommon Acceleration_Dynamics;Temporal_Sequential_Context__x__Turning_Dynamics=Uncommon Temporal_Sequential_Context,50,0.08431703204047218,0.8928571428571429,7.0314382076608055
MP00011,R00086,Acceleration_Dynamics__x__Turning_Dynamics=Uncommon Acceleration_Dynamics,Acceleration_Dynamics__x__Turning_Dynamics,Uncommon Acceleration_Dynamics,Acceleration_Dynamics__x__Spatial_Reach_and_Route=Uncommon Acceleration_Dynamics;Temporal_Sequential_Context__x__Turning_Dynamics=Uncommon Temporal_Sequential_Context,45,0.07588532883642496,0.8823529411764706,6.948715405217737
MP00011,R00101,Acceleration_Dynamics__x__Spatial_Reach_and_Route=Uncommon Acceleration_Dynamics,Acceleration_Dynamics__x__Spatial_Reach_and_Route,Uncommon Acceleration_Dynamics,Acceleration_Dynamics__x__Curvature_Geometry=Uncommon Acceleration_Dynamics;Spatial_Reach_and_Route__x__Temporal_Sequential_Context=Uncommon Temporal_Sequential_Context,49,0.1091314031180401,0.875,9.10077951002227
MP00011,R00104,Acceleration_Dynamics__x__Turning_Dynamics=Uncommon Acceleration_Dynamics,Acceleration_Dynamics__x__Turning_Dynamics,Uncommon Acceleration_Dynamics,Acceleration_Dynamics__x__Curvature_Geometry=Uncommon Acceleration_Dynamics;Temporal_Sequential_Context__x__Turning_Dynamics=Uncommon Temporal_Sequential_Context,82,0.13827993254637436,0.8723404255319149,6.869864733952856
MP00011,R00252,Acceleration_Dynamics__x__Speed_Dynamics=Uncommon Acceleration_Dynamics,Acceleration_Dynamics__x__Speed_Dynamics,Uncommon Acceleration_Dynamics,Acceleration_Dynamics__x__Curvature_Geometry=Uncommon Acceleration_Dynamics;Speed_Dynamics__x__Temporal_Sequential_Context=Uncommon Temporal_Sequential_Context,41,0.09070796460176991,0.82,8.47212389380531
MP00012,R00092,Speed_Dynamics__x__Turning_Dynamics=Uncommon Speed_Dynamics,Speed_Dynamics__x__Turning_Dynamics,Uncommon Speed_Dynamics,Acceleration_Dynamics__x__Turning_Dynamics=Uncommon Acceleration_Dynamics;Curvature_Geometry__x__Speed_Dynamics=Uncommon Speed_Dynamics,72,0.1301989150090416,0.8780487804878049,7.414986988929564
MP00012,R00128,Speed_Dynamics__x__Turning_Dynamics=Uncommon Speed_Dynamics,Speed_Dynamics__x__Turning_Dynamics,Uncommon Speed_Dynamics,Acceleration_Dynamics__x__Turning_Dynamics=Uncommon Acceleration_Dynamics;Spatial_Reach_and_Route__x__Speed_Dynamics=Uncommon Speed_Dynamics,56,0.10126582278481013,0.8615384615384616,7.27555988315482
MP00012,R00140,Curvature_Geometry__x__Speed_Dynamics=Uncommon Speed_Dynamics,Curvature_Geometry__x__Speed_Dynamics,Uncommon Speed_Dynamics,Acceleration_Dynamics__x__Curvature_Geometry=Uncommon Acceleration_Dynamics;Spatial_Reach_and_Route__x__Speed_Dynamics=Uncommon Speed_Dynamics,48,0.08617594254937164,0.8571428571428571,7.186458066170813
MP00012,R00154,Speed_Dynamics__x__Turning_Dynamics=Uncommon Speed_Dynamics,Speed_Dynamics__x__Turning_Dynamics,Uncommon Speed_Dynamics,Acceleration_Dynamics__x__Turning_Dynamics=Uncommon Acceleration_Dynamics;Speed_Dynamics__x__Temporal_Sequential_Context=Uncommon Speed_Dynamics,64,0.11573236889692586,0.8533333333333334,7.206268836648584
MP00012,R00159,Speed_Dynamics__x__Temporal_Sequential_Context=Uncommon Speed_Dynamics,Speed_Dynamics__x__Temporal_Sequential_Context,Uncommon Speed_Dynamics,Acceleration_Dynamics__x__Temporal_Sequential_Context=Uncommon Acceleration_Dynamics;Speed_Dynamics__x__Turning_Dynamics=Uncommon Speed_Dynamics,58,0.10984848484848485,0.8529411764705882,7.54400623885918
MP00012,R00176,Curvature_Geometry__x__Speed_Dynamics=Uncommon Speed_Dynamics,Curvature_Geometry__x__Speed_Dynamics,Uncommon Speed_Dynamics,Acceleration_Dynamics__x__Curvature_Geometry=Uncommon Acceleration_Dynamics;Speed_Dynamics__x__Temporal_Sequential_Context=Uncommon Speed_Dynamics,55,0.09874326750448834,0.8461538461538461,7.094323988399393
MP00012,R00185,Speed_Dynamics__x__Temporal_Sequential_Context=Uncommon Speed_Dynamics,Speed_Dynamics__x__Temporal_Sequential_Context,Uncommon Speed_Dynamics,Acceleration_Dynamics__x__Temporal_Sequential_Context=Uncommon Acceleration_Dynamics;Curvature_Geometry__x__Speed_Dynamics=Uncommon Speed_Dynamics,54,0.10227272727272728,0.84375,7.462713068181818
MP00012,R00186,Curvature_Geometry__x__Speed_Dynamics=Uncommon Speed_Dynamics,Curvature_Geometry__x__Speed_Dynamics,Uncommon Speed_Dynamics,Acceleration_Dynamics__x__Curvature_Geometry=Uncommon Acceleration_Dynamics;Speed_Dynamics__x__Turning_Dynamics=Uncommon Speed_Dynamics,70,0.12567324955116696,0.8433734939759037,7.071012956674093
MP00012,R00230,Spatial_Reach_and_Route__x__Speed_Dynamics=Uncommon Speed_Dynamics,Spatial_Reach_and_Route__x__Speed_Dynamics,Uncommon Speed_Dynamics,Acceleration_Dynamics__x__Spatial_Reach_and_Route=Uncommon Acceleration_Dynamics;Speed_Dynamics__x__Turning_Dynamics=Uncommon Speed_Dynamics,54,0.11538461538461539,0.8307692307692308,8.289940828402369
MP00012,R00266,Spatial_Reach_and_Route__x__Speed_Dynamics=Uncommon Speed_Dynamics,Spatial_Reach_and_Route__x__Speed_Dynamics,Uncommon Speed_Dynamics,Acceleration_Dynamics__x__Spatial_Reach_and_Route=Uncommon Acceleration_Dynamics;Speed_Dynamics__x__Temporal_Sequential_Context=Uncommon Speed_Dynamics,57,0.12179487179487179,0.8142857142857143,8.125457875457876
MP00012,R00282,Speed_Dynamics__x__Temporal_Sequential_Context=Uncommon Speed_Dynamics,Speed_Dynamics__x__Temporal_Sequential_Context,Uncommon Speed_Dynamics,Acceleration_Dynamics__x__Temporal_Sequential_Context=Uncommon Acceleration_Dynamics;Spatial_Reach_and_Route__x__Speed_Dynamics=Uncommon Speed_Dynamics,58,0.10984848484848485,0.8055555555555556,7.124894781144782
MP00013,R00053,Acceleration_Dynamics__x__Spatial_Reach_and_Route=Uncommon Spatial_Reach_and_Route,Acceleration_Dynamics__x__Spatial_Reach_and_Route,Uncommon Spatial_Reach_and_Route,Acceleration_Dynamics__x__Speed_Dynamics=Uncommon Speed_Dynamics;Spatial_Reach_and_Route__x__Temporal_Sequential_Context=Uncommon Spatial_Reach_and_Route,44,0.1116751269035533,0.8979591836734694,10.643323319175385
MP00013,R00088,Spatial_Reach_and_Route__x__Temporal_Sequential_Context=Uncommon Spatial_Reach_and_Route,Spatial_Reach_and_Route__x__Temporal_Sequential_Context,Uncommon Spatial_Reach_and_Route,Acceleration_Dynamics__x__Spatial_Reach_and_Route=Uncommon Spatial_Reach_and_Route;Speed_Dynamics__x__Temporal_Sequential_Context=Uncommon Speed_Dynamics,44,0.09109730848861283,0.88,8.50848861283644
MP00013,R00168,Curvature_Geometry__x__Spatial_Reach_and_Route=Uncommon Spatial_Reach_and_Route,Curvature_Geometry__x__Spatial_Reach_and_Route,Uncommon Spatial_Reach_and_Route,Curvature_Geometry__x__Speed_Dynamics=Uncommon Speed_Dynamics;Spatial_Reach_and_Route__x__Turning_Dynamics=Uncommon Spatial_Reach_and_Route,79,0.13982300884955753,0.8494623655913979,7.021219906746598
MP00013,R00206,Curvature_Geometry__x__Spatial_Reach_and_Route=Uncommon Spatial_Reach_and_Route,Curvature_Geometry__x__Spatial_Reach_and_Route,Uncommon Spatial_Reach_and_Route,Curvature_Geometry__x__Speed_Dynamics=Uncommon Speed_Dynamics;Spatial_Reach_and_Route__x__Temporal_Sequential_Context=Uncommon Spatial_Reach_and_Route,57,0.10088495575221239,0.8382352941176471,6.928422696512233
MP00013,R00209,Acceleration_Dynamics__x__Spatial_Reach_and_Route=Uncommon Spatial_Reach_and_Route,Acceleration_Dynamics__x__Spatial_Reach_and_Route,Uncommon Spatial_Reach_and_Route,Acceleration_Dynamics__x__Speed_Dynamics=Uncommon Speed_Dynamics;Spatial_Reach_and_Route__x__Turning_Dynamics=Uncommon Spatial_Reach_and_Route,36,0.09137055837563451,0.8372093023255814,9.923267618935192
MP00013,R00211,Spatial_Reach_and_Route__x__Turning_Dynamics=Uncommon Spatial_Reach_and_Route,Spatial_Reach_and_Route__x__Turning_Dynamics,Uncommon Spatial_Reach_and_Route,Curvature_Geometry__x__Spatial_Reach_and_Route=Uncommon Spatial_Reach_and_Route;Speed_Dynamics__x__Turning_Dynamics=Uncommon Speed_Dynamics,72,0.12020033388981637,0.8372093023255814,6.527157665877238
MP00013,R00238,Spatial_Reach_and_Route__x__Turning_Dynamics=Uncommon Spatial_Reach_and_Route,Spatial_Reach_and_Route__x__Turning_Dynamics,Uncommon Spatial_Reach_and_Route,Acceleration_Dynamics__x__Spatial_Reach_and_Route=Uncommon Spatial_Reach_and_Route;Speed_Dynamics__x__Turning_Dynamics=Uncommon Speed_Dynamics,34,0.05676126878130217,0.8292682926829268,6.465246956309296
MP00013,R00247,Spatial_Reach_and_Route__x__Temporal_Sequential_Context=Uncommon Spatial_Reach_and_Route,Spatial_Reach_and_Route__x__Temporal_Sequential_Context,Uncommon Spatial_Reach_and_Route,Spatial_Reach_and_Route__x__Turning_Dynamics=Uncommon Spatial_Reach_and_Route;Speed_Dynamics__x__Temporal_Sequential_Context=Uncommon Speed_Dynamics,56,0.11594202898550725,0.8235294117647058,7.962489343563512
MP00013,R00259,Spatial_Reach_and_Route__x__Temporal_Sequential_Context=Uncommon Spatial_Reach_and_Route,Spatial_Reach_and_Route__x__Temporal_Sequential_Context,Uncommon Spatial_Reach_and_Route,Curvature_Geometry__x__Spatial_Reach_and_Route=Uncommon Spatial_Reach_and_Route;Speed_Dynamics__x__Temporal_Sequential_Context=Uncommon Speed_Dynamics,49,0.10144927536231885,0.8166666666666667,7.896135265700483
MP00014,R00011,Curvature_Geometry__x__Temporal_Sequential_Context=Uncommon Temporal_Sequential_Context,Curvature_Geometry__x__Temporal_Sequential_Context,Uncommon Temporal_Sequential_Context,Acceleration_Dynamics__x__Curvature_Geometry=Uncommon Acceleration_Dynamics;Spatial_Reach_and_Route__x__Temporal_Sequential_Context=Uncommon Temporal_Sequential_Context,52,0.0896551724137931,0.9285714285714286,7.476600985221675
MP00014,R00045,Temporal_Sequential_Context__x__Turning_Dynamics=Uncommon Temporal_Sequential_Context,Temporal_Sequential_Context__x__Turning_Dynamics,Uncommon Temporal_Sequential_Context,Acceleration_Dynamics__x__Turning_Dynamics=Uncommon Acceleration_Dynamics;Speed_Dynamics__x__Temporal_Sequential_Context=Uncommon Temporal_Sequential_Context,55,0.0878594249201278,0.9016393442622951,6.726287120934373
MP00014,R00049,Curvature_Geometry__x__Temporal_Sequential_Context=Uncommon Temporal_Sequential_Context,Curvature_Geometry__x__Temporal_Sequential_Context,Uncommon Temporal_Sequential_Context,Acceleration_Dynamics__x__Curvature_Geometry=Uncommon Acceleration_Dynamics;Speed_Dynamics__x__Temporal_Sequential_Context=Uncommon Temporal_Sequential_Context,45,0.07758620689655173,0.9,7.246551724137931
MP00014,R00050,Speed_Dynamics__x__Temporal_Sequential_Context=Uncommon Temporal_Sequential_Context,Speed_Dynamics__x__Temporal_Sequential_Context,Uncommon Temporal_Sequential_Context,Acceleration_Dynamics__x__Speed_Dynamics=Uncommon Acceleration_Dynamics;Spatial_Reach_and_Route__x__Temporal_Sequential_Context=Uncommon Temporal_Sequential_Context,53,0.11252653927813164,0.8983050847457628,8.906761668286013
MP00014,R00060,Curvature_Geometry__x__Temporal_Sequential_Context=Uncommon Temporal_Sequential_Context,Curvature_Geometry__x__Temporal_Sequential_Context,Uncommon Temporal_Sequential_Context,Acceleration_Dynamics__x__Curvature_Geometry=Uncommon Acceleration_Dynamics;Temporal_Sequential_Context__x__Turning_Dynamics=Uncommon Temporal_Sequential_Context,84,0.14482758620689656,0.8936170212765957,7.1951577402787965
MP00014,R00125,Spatial_Reach_and_Route__x__Temporal_Sequential_Context=Uncommon Temporal_Sequential_Context,Spatial_Reach_and_Route__x__Temporal_Sequential_Context,Uncommon Temporal_Sequential_Context,Acceleration_Dynamics__x__Spatial_Reach_and_Route=Uncommon Acceleration_Dynamics;Curvature_Geometry__x__Temporal_Sequential_Context=Uncommon Temporal_Sequential_Context,50,0.10204081632653061,0.8620689655172413,8.216045038705136
MP00014,R00137,Speed_Dynamics__x__Temporal_Sequential_Context=Uncommon Temporal_Sequential_Context,Speed_Dynamics__x__Temporal_Sequential_Context,Uncommon Temporal_Sequential_Context,Acceleration_Dynamics__x__Speed_Dynamics=Uncommon Acceleration_Dynamics;Temporal_Sequential_Context__x__Turning_Dynamics=Uncommon Temporal_Sequential_Context,48,0.10191082802547771,0.8571428571428571,8.498635122838945
MP00014,R00235,Spatial_Reach_and_Route__x__Temporal_Sequential_Context=Uncommon Temporal_Sequential_Context,Spatial_Reach_and_Route__x__Temporal_Sequential_Context,Uncommon Temporal_Sequential_Context,Acceleration_Dynamics__x__Spatial_Reach_and_Route=Uncommon Acceleration_Dynamics;Speed_Dynamics__x__Temporal_Sequential_Context=Uncommon Temporal_Sequential_Context,44,0.08979591836734693,0.8301886792452831,7.912206391990759
MP00014,R00250,Temporal_Sequential_Context__x__Turning_Dynamics=Uncommon Temporal_Sequential_Context,Temporal_Sequential_Context__x__Turning_Dynamics,Uncommon Temporal_Sequential_Context,Acceleration_Dynamics__x__Turning_Dynamics=Uncommon Acceleration_Dynamics;Spatial_Reach_and_Route__x__Temporal_Sequential_Context=Uncommon Temporal_Sequential_Context,46,0.07348242811501597,0.8214285714285714,6.127909630305796
MP00014,R00253,Temporal_Sequential_Context__x__Turning_Dynamics=Uncommon Temporal_Sequential_Context,Temporal_Sequential_Context__x__Turning_Dynamics,Uncommon Temporal_Sequential_Context,Acceleration_Dynamics__x__Turning_Dynamics=Uncommon Acceleration_Dynamics;Curvature_Geometry__x__Temporal_Sequential_Context=Uncommon Temporal_Sequential_Context,82,0.13099041533546327,0.82,6.117252396166133
MP00015,R00054,Spatial_Reach_and_Route__x__Speed_Dynamics=Uncommon Spatial_Reach_and_Route,Spatial_Reach_and_Route__x__Speed_Dynamics,Uncommon Spatial_Reach_and_Route,Curvature_Geometry__x__Speed_Dynamics=Uncommon Curvature_Geometry;Spatial_Reach_and_Route__x__Turning_Dynamics=Uncommon Spatial_Reach_and_Route,44,0.102803738317757,0.8979591836734694,9.797825672325004
MP00015,R00090,Acceleration_Dynamics__x__Spatial_Reach_and_Route=Uncommon Spatial_Reach_and_Route,Acceleration_Dynamics__x__Spatial_Reach_and_Route,Uncommon Spatial_Reach_and_Route,Acceleration_Dynamics__x__Curvature_Geometry=Uncommon Curvature_Geometry;Spatial_Reach_and_Route__x__Speed_Dynamics=Uncommon Spatial_Reach_and_Route,51,0.12944162436548223,0.8793103448275862,10.422282513565552
MP00015,R00175,Acceleration_Dynamics__x__Spatial_Reach_and_Route=Uncommon Spatial_Reach_and_Route,Acceleration_Dynamics__x__Spatial_Reach_and_Route,Uncommon Spatial_Reach_and_Route,Acceleration_Dynamics__x__Curvature_Geometry=Uncommon Curvature_Geometry;Spatial_Reach_and_Route__x__Temporal_Sequential_Context=Uncommon Spatial_Reach_and_Route,66,0.16751269035532995,0.8461538461538461,10.029285435376806
MP00015,R00178,Spatial_Reach_and_Route__x__Temporal_Sequential_Context=Uncommon Spatial_Reach_and_Route,Spatial_Reach_and_Route__x__Temporal_Sequential_Context,Uncommon Spatial_Reach_and_Route,Acceleration_Dynamics__x__Spatial_Reach_and_Route=Uncommon Spatial_Reach_and_Route;Curvature_Geometry__x__Temporal_Sequential_Context=Uncommon Curvature_Geometry,71,0.14699792960662525,0.8452380952380952,8.17238489598738
MP00015,R00188,Spatial_Reach_and_Route__x__Turning_Dynamics=Uncommon Spatial_Reach_and_Route,Spatial_Reach_and_Route__x__Turning_Dynamics,Uncommon Spatial_Reach_and_Route,Curvature_Geometry__x__Turning_Dynamics=Uncommon Curvature_Geometry;Spatial_Reach_and_Route__x__Speed_Dynamics=Uncommon Spatial_Reach_and_Route,43,0.07178631051752922,0.8431372549019608,6.573373923860029
MP00015,R00245,Acceleration_Dynamics__x__Spatial_Reach_and_Route=Uncommon Spatial_Reach_and_Route,Acceleration_Dynamics__x__Spatial_Reach_and_Route,Uncommon Spatial_Reach_and_Route,Acceleration_Dynamics__x__Curvature_Geometry=Uncommon Curvature_Geometry;Spatial_Reach_and_Route__x__Turning_Dynamics=Uncommon Spatial_Reach_and_Route,47,0.11928934010152284,0.8245614035087719,9.773354706563364
MP00015,R00293,Spatial_Reach_and_Route__x__Turning_Dynamics=Uncommon Spatial_Reach_and_Route,Spatial_Reach_and_Route__x__Turning_Dynamics,Uncommon Spatial_Reach_and_Route,Curvature_Geometry__x__Turning_Dynamics=Uncommon Curvature_Geometry;Spatial_Reach_and_Route__x__Temporal_Sequential_Context=Uncommon Spatial_Reach_and_Route,52,0.08681135225375626,0.8,6.2370617696160275
MP00016,R00028,Speed_Dynamics__x__Turning_Dynamics=Uncommon Turning_Dynamics,Speed_Dynamics__x__Turning_Dynamics,Uncommon Turning_Dynamics,Curvature_Geometry__x__Speed_Dynamics=Uncommon Curvature_Geometry;Spatial_Reach_and_Route__x__Turning_Dynamics=Uncommon Turning_Dynamics,84,0.1390728476821192,0.9130434782608695,7.059458681255398
MP00016,R00067,Spatial_Reach_and_Route__x__Turning_Dynamics=Uncommon Turning_Dynamics,Spatial_Reach_and_Route__x__Turning_Dynamics,Uncommon Turning_Dynamics,Curvature_Geometry__x__Spatial_Reach_and_Route=Uncommon Curvature_Geometry;Temporal_Sequential_Context__x__Turning_Dynamics=Uncommon Turning_Dynamics,73,0.12310286677908938,0.8902439024390244,7.010858388516432
MP00016,R00075,Acceleration_Dynamics__x__Turning_Dynamics=Uncommon Turning_Dynamics,Acceleration_Dynamics__x__Turning_Dynamics,Uncommon Turning_Dynamics,Acceleration_Dynamics__x__Curvature_Geometry=Uncommon Curvature_Geometry;Spatial_Reach_and_Route__x__Turning_Dynamics=Uncommon Turning_Dynamics,71,0.12478031634446397,0.8875,7.284050966608084
MP00016,R00081,Temporal_Sequential_Context__x__Turning_Dynamics=Uncommon Turning_Dynamics,Temporal_Sequential_Context__x__Turning_Dynamics,Uncommon Turning_Dynamics,Curvature_Geometry__x__Temporal_Sequential_Context=Uncommon Curvature_Geometry;Speed_Dynamics__x__Turning_Dynamics=Uncommon Turning_Dynamics,84,0.13747954173486088,0.8842105263157894,6.758204841071583
MP00016,R00100,Spatial_Reach_and_Route__x__Turning_Dynamics=Uncommon Turning_Dynamics,Spatial_Reach_and_Route__x__Turning_Dynamics,Uncommon Turning_Dynamics,Curvature_Geometry__x__Spatial_Reach_and_Route=Uncommon Curvature_Geometry;Speed_Dynamics__x__Turning_Dynamics=Uncommon Turning_Dynamics,78,0.1315345699831366,0.8764044943820225,6.901870132823011
MP00016,R00107,Spatial_Reach_and_Route__x__Turning_Dynamics=Uncommon Turning_Dynamics,Spatial_Reach_and_Route__x__Turning_Dynamics,Uncommon Turning_Dynamics,Acceleration_Dynamics__x__Turning_Dynamics=Uncommon Turning_Dynamics;Curvature_Geometry__x__Spatial_Reach_and_Route=Uncommon Curvature_Geometry,73,0.12310286677908938,0.8690476190476191,6.843933188789851
MP00016,R00148,Speed_Dynamics__x__Turning_Dynamics=Uncommon Turning_Dynamics,Speed_Dynamics__x__Turning_Dynamics,Uncommon Turning_Dynamics,Curvature_Geometry__x__Speed_Dynamics=Uncommon Curvature_Geometry;Temporal_Sequential_Context__x__Turning_Dynamics=Uncommon Turning_Dynamics,77,0.12748344370860928,0.8555555555555555,6.6149742457689475
MP00016,R00157,Speed_Dynamics__x__Turning_Dynamics=Uncommon Turning_Dynamics,Speed_Dynamics__x__Turning_Dynamics,Uncommon Turning_Dynamics,Acceleration_Dynamics__x__Turning_Dynamics=Uncommon Turning_Dynamics;Curvature_Geometry__x__Speed_Dynamics=Uncommon Curvature_Geometry,64,0.10596026490066225,0.8533333333333334,6.5977924944812365
MP00016,R00170,Acceleration_Dynamics__x__Turning_Dynamics=Uncommon Turning_Dynamics,Acceleration_Dynamics__x__Turning_Dynamics,Uncommon Turning_Dynamics,Acceleration_Dynamics__x__Curvature_Geometry=Uncommon Curvature_Geometry;Speed_Dynamics__x__Turning_Dynamics=Uncommon Turning_Dynamics,73,0.1282952548330404,0.8488372093023255,6.966730698491846
MP00016,R00191,Temporal_Sequential_Context__x__Turning_Dynamics=Uncommon Turning_Dynamics,Temporal_Sequential_Context__x__Turning_Dynamics,Uncommon Turning_Dynamics,Curvature_Geometry__x__Temporal_Sequential_Context=Uncommon Curvature_Geometry;Spatial_Reach_and_Route__x__Turning_Dynamics=Uncommon Turning_Dynamics,69,0.11292962356792144,0.8414634146341463,6.431479781246258
MP00016,R00219,Temporal_Sequential_Context__x__Turning_Dynamics=Uncommon Turning_Dynamics,Temporal_Sequential_Context__x__Turning_Dynamics,Uncommon Turning_Dynamics,Acceleration_Dynamics__x__Turning_Dynamics=Uncommon Turning_Dynamics;Curvature_Geometry__x__Temporal_Sequential_Context=Uncommon Curvature_Geometry,76,0.12438625204582651,0.8351648351648352,6.383338429164944
MP00017,R00126,Acceleration_Dynamics__x__Curvature_Geometry=Uncommon Acceleration_Dynamics,Acceleration_Dynamics__x__Curvature_Geometry,Uncommon Acceleration_Dynamics,Acceleration_Dynamics__x__Temporal_Sequential_Context=Uncommon Acceleration_Dynamics;Curvature_Geometry__x__Turning_Dynamics=Uncommon Turning_Dynamics,50,0.08849557522123894,0.8620689655172413,7.125419591089411
MP00017,R00133,Acceleration_Dynamics__x__Curvature_Geometry=Uncommon Acceleration_Dynamics,Acceleration_Dynamics__x__Curvature_Geometry,Uncommon Acceleration_Dynamics,Acceleration_Dynamics__x__Spatial_Reach_and_Route=Uncommon Acceleration_Dynamics;Curvature_Geometry__x__Turning_Dynamics=Uncommon Turning_Dynamics,49,0.08672566371681416,0.8596491228070176,7.105418413289862
MP00017,R00136,Acceleration_Dynamics__x__Speed_Dynamics=Uncommon Acceleration_Dynamics,Acceleration_Dynamics__x__Speed_Dynamics,Uncommon Acceleration_Dynamics,Acceleration_Dynamics__x__Curvature_Geometry=Uncommon Acceleration_Dynamics;Speed_Dynamics__x__Turning_Dynamics=Uncommon Turning_Dynamics,48,0.10619469026548672,0.8571428571428571,8.855878634639696
MP00017,R00151,Acceleration_Dynamics__x__Spatial_Reach_and_Route=Uncommon Acceleration_Dynamics,Acceleration_Dynamics__x__Spatial_Reach_and_Route,Uncommon Acceleration_Dynamics,Acceleration_Dynamics__x__Temporal_Sequential_Context=Uncommon Acceleration_Dynamics;Spatial_Reach_and_Route__x__Turning_Dynamics=Uncommon Turning_Dynamics,47,0.10467706013363029,0.8545454545454545,8.88803401498279
MP00017,R00274,Acceleration_Dynamics__x__Temporal_Sequential_Context=Uncommon Acceleration_Dynamics,Acceleration_Dynamics__x__Temporal_Sequential_Context,Uncommon Acceleration_Dynamics,Acceleration_Dynamics__x__Spatial_Reach_and_Route=Uncommon Acceleration_Dynamics;Temporal_Sequential_Context__x__Turning_Dynamics=Uncommon Turning_Dynamics,47,0.09853249475890985,0.8103448275862069,7.9335646642087765
MP00017,R00277,Acceleration_Dynamics__x__Spatial_Reach_and_Route=Uncommon Acceleration_Dynamics,Acceleration_Dynamics__x__Spatial_Reach_and_Route,Uncommon Acceleration_Dynamics,Acceleration_Dynamics__x__Curvature_Geometry=Uncommon Acceleration_Dynamics;Spatial_Reach_and_Route__x__Turning_Dynamics=Uncommon Turning_Dynamics,46,0.10244988864142539,0.8070175438596491,8.393701402727308
MP00017,R00280,Acceleration_Dynamics__x__Temporal_Sequential_Context=Uncommon Acceleration_Dynamics,Acceleration_Dynamics__x__Temporal_Sequential_Context,Uncommon Acceleration_Dynamics,Acceleration_Dynamics__x__Curvature_Geometry=Uncommon Acceleration_Dynamics;Temporal_Sequential_Context__x__Turning_Dynamics=Uncommon Turning_Dynamics,50,0.10482180293501048,0.8064516129032258,7.895448704943531
MP00017,R00287,Acceleration_Dynamics__x__Temporal_Sequential_Context=Uncommon Acceleration_Dynamics,Acceleration_Dynamics__x__Temporal_Sequential_Context,Uncommon Acceleration_Dynamics,Acceleration_Dynamics__x__Speed_Dynamics=Uncommon Acceleration_Dynamics;Temporal_Sequential_Context__x__Turning_Dynamics=Uncommon Turning_Dynamics,45,0.09433962264150944,0.8035714285714286,7.867250673854448
MP00017,R00288,Acceleration_Dynamics__x__Speed_Dynamics=Uncommon Acceleration_Dynamics,Acceleration_Dynamics__x__Speed_Dynamics,Uncommon Acceleration_Dynamics,Acceleration_Dynamics__x__Spatial_Reach_and_Route=Uncommon Acceleration_Dynamics;Speed_Dynamics__x__Turning_Dynamics=Uncommon Turning_Dynamics,49,0.1084070796460177,0.8032786885245902,8.2993616712607
MP00018,R00031,Curvature_Geometry__x__Temporal_Sequential_Context=Uncommon Curvature_Geometry,Curvature_Geometry__x__Temporal_Sequential_Context,Uncommon Curvature_Geometry,Curvature_Geometry__x__Speed_Dynamics=Uncommon Curvature_Geometry;Temporal_Sequential_Context__x__Turning_Dynamics=Uncommon Turning_Dynamics,82,0.14186851211072665,0.9111111111111111,7.361399461745482
MP00018,R00066,Curvature_Geometry__x__Spatial_Reach_and_Route=Uncommon Curvature_Geometry,Curvature_Geometry__x__Spatial_Reach_and_Route,Uncommon Curvature_Geometry,Curvature_Geometry__x__Temporal_Sequential_Context=Uncommon Curvature_Geometry;Spatial_Reach_and_Route__x__Turning_Dynamics=Uncommon Turning_Dynamics,73,0.1310592459605027,0.8902439024390244,7.463983885799361
MP00018,R00099,Curvature_Geometry__x__Speed_Dynamics=Uncommon Curvature_Geometry,Curvature_Geometry__x__Speed_Dynamics,Uncommon Curvature_Geometry,Curvature_Geometry__x__Spatial_Reach_and_Route=Uncommon Curvature_Geometry;Speed_Dynamics__x__Turning_Dynamics=Uncommon Turning_Dynamics,78,0.13854351687388988,0.8764044943820225,7.269642964056919
MP00018,R00156,Acceleration_Dynamics__x__Curvature_Geometry=Uncommon Curvature_Geometry,Acceleration_Dynamics__x__Curvature_Geometry,Uncommon Curvature_Geometry,Acceleration_Dynamics__x__Turning_Dynamics=Uncommon Turning_Dynamics;Curvature_Geometry__x__Speed_Dynamics=Uncommon Curvature_Geometry,64,0.11149825783972125,0.8533333333333334,6.942624854819977
MP00018,R00189,Curvature_Geometry__x__Speed_Dynamics=Uncommon Curvature_Geometry,Curvature_Geometry__x__Speed_Dynamics,Uncommon Curvature_Geometry,Curvature_Geometry__x__Temporal_Sequential_Context=Uncommon Curvature_Geometry;Speed_Dynamics__x__Turning_Dynamics=Uncommon Turning_Dynamics,80,0.14209591474245115,0.8421052631578947,6.985136019444704
MP00018,R00190,Curvature_Geometry__x__Temporal_Sequential_Context=Uncommon Curvature_Geometry,Curvature_Geometry__x__Temporal_Sequential_Context,Uncommon Curvature_Geometry,Curvature_Geometry__x__Spatial_Reach_and_Route=Uncommon Curvature_Geometry;Temporal_Sequential_Context__x__Turning_Dynamics=Uncommon Turning_Dynamics,69,0.11937716262975778,0.8414634146341463,6.798674993670351
MP00018,R00203,Curvature_Geometry__x__Temporal_Sequential_Context=Uncommon Curvature_Geometry,Curvature_Geometry__x__Temporal_Sequential_Context,Uncommon Curvature_Geometry,Acceleration_Dynamics__x__Curvature_Geometry=Uncommon Curvature_Geometry;Temporal_Sequential_Context__x__Turning_Dynamics=Uncommon Turning_Dynamics,78,0.13494809688581316,0.8387096774193549,6.776425940395133
MP00018,R00208,Curvature_Geometry__x__Spatial_Reach_and_Route=Uncommon Curvature_Geometry,Curvature_Geometry__x__Spatial_Reach_and_Route,Uncommon Curvature_Geometry,Acceleration_Dynamics__x__Curvature_Geometry=Uncommon Curvature_Geometry;Spatial_Reach_and_Route__x__Turning_Dynamics=Uncommon Turning_Dynamics,67,0.12028725314183124,0.8375,7.0217684021543985
MP00018,R00249,Acceleration_Dynamics__x__Curvature_Geometry=Uncommon Curvature_Geometry,Acceleration_Dynamics__x__Curvature_Geometry,Uncommon Curvature_Geometry,Acceleration_Dynamics__x__Turning_Dynamics=Uncommon Turning_Dynamics;Curvature_Geometry__x__Spatial_Reach_and_Route=Uncommon Curvature_Geometry,69,0.12020905923344948,0.8214285714285714,6.683051269288203
MP00018,R00265,Curvature_Geometry__x__Spatial_Reach_and_Route=Uncommon Curvature_Geometry,Curvature_Geometry__x__Spatial_Reach_and_Route,Uncommon Curvature_Geometry,Curvature_Geometry__x__Speed_Dynamics=Uncommon Curvature_Geometry;Spatial_Reach_and_Route__x__Turning_Dynamics=Uncommon Turning_Dynamics,75,0.13464991023339318,0.8152173913043478,6.834946530325501
MP00018,R00270,Acceleration_Dynamics__x__Curvature_Geometry=Uncommon Curvature_Geometry,Acceleration_Dynamics__x__Curvature_Geometry,Uncommon Curvature_Geometry,Acceleration_Dynamics__x__Turning_Dynamics=Uncommon Turning_Dynamics;Curvature_Geometry__x__Temporal_Sequential_Context=Uncommon Curvature_Geometry,74,0.1289198606271777,0.8131868131868132,6.615997243174943
MP00019,R00017,Speed_Dynamics__x__Turning_Dynamics=Uncommon Turning_Dynamics,Speed_Dynamics__x__Turning_Dynamics,Uncommon Turning_Dynamics,Spatial_Reach_and_Route__x__Turning_Dynamics=Uncommon Turning_Dynamics;Speed_Dynamics__x__Temporal_Sequential_Context=Uncommon Temporal_Sequential_Context,61,0.10099337748344371,0.9242424242424242,7.146046558298213
MP00019,R00034,Acceleration_Dynamics__x__Turning_Dynamics=Uncommon Turning_Dynamics,Acceleration_Dynamics__x__Turning_Dynamics,Uncommon Turning_Dynamics,Acceleration_Dynamics__x__Temporal_Sequential_Context=Uncommon Temporal_Sequential_Context;Spatial_Reach_and_Route__x__Turning_Dynamics=Uncommon Turning_Dynamics,61,0.10720562390158173,0.9104477611940298,7.472391994334129
MP00019,R00048,Acceleration_Dynamics__x__Turning_Dynamics=Uncommon Turning_Dynamics,Acceleration_Dynamics__x__Turning_Dynamics,Uncommon Turning_Dynamics,Acceleration_Dynamics__x__Temporal_Sequential_Context=Uncommon Temporal_Sequential_Context;Speed_Dynamics__x__Turning_Dynamics=Uncommon Turning_Dynamics,54,0.09490333919156414,0.9,7.38664323374341
MP00019,R00058,Curvature_Geometry__x__Turning_Dynamics=Uncommon Turning_Dynamics,Curvature_Geometry__x__Turning_Dynamics,Uncommon Turning_Dynamics,Curvature_Geometry__x__Temporal_Sequential_Context=Uncommon Temporal_Sequential_Context;Spatial_Reach_and_Route__x__Turning_Dynamics=Uncommon Turning_Dynamics,51,0.0865874363327674,0.8947368421052632,7.094093467965329
MP00019,R00065,Curvature_Geometry__x__Turning_Dynamics=Uncommon Turning_Dynamics,Curvature_Geometry__x__Turning_Dynamics,Uncommon Turning_Dynamics,Acceleration_Dynamics__x__Turning_Dynamics=Uncommon Turning_Dynamics;Curvature_Geometry__x__Temporal_Sequential_Context=Uncommon Temporal_Sequential_Context,49,0.0831918505942275,0.8909090909090909,7.063744405000771
MP00019,R00121,Speed_Dynamics__x__Turning_Dynamics=Uncommon Turning_Dynamics,Speed_Dynamics__x__Turning_Dynamics,Uncommon Turning_Dynamics,Curvature_Geometry__x__Turning_Dynamics=Uncommon Turning_Dynamics;Speed_Dynamics__x__Temporal_Sequential_Context=Uncommon Temporal_Sequential_Context,51,0.08443708609271523,0.864406779661017,6.683410034796274
MP00019,R00127,Curvature_Geometry__x__Turning_Dynamics=Uncommon Turning_Dynamics,Curvature_Geometry__x__Turning_Dynamics,Uncommon Turning_Dynamics,Curvature_Geometry__x__Temporal_Sequential_Context=Uncommon Temporal_Sequential_Context;Speed_Dynamics__x__Turning_Dynamics=Uncommon Turning_Dynamics,50,0.08488964346349745,0.8620689655172413,6.8350799133540185
MP00019,R00142,Spatial_Reach_and_Route__x__Turning_Dynamics=Uncommon Turning_Dynamics,Spatial_Reach_and_Route__x__Turning_Dynamics,Uncommon Turning_Dynamics,Acceleration_Dynamics__x__Turning_Dynamics=Uncommon Turning_Dynamics;Spatial_Reach_and_Route__x__Temporal_Sequential_Context=Uncommon Temporal_Sequential_Context,54,0.09106239460370995,0.8571428571428571,6.750180679354373
MP00019,R00193,Spatial_Reach_and_Route__x__Turning_Dynamics=Uncommon Turning_Dynamics,Spatial_Reach_and_Route__x__Turning_Dynamics,Uncommon Turning_Dynamics,Curvature_Geometry__x__Turning_Dynamics=Uncommon Turning_Dynamics;Spatial_Reach_and_Route__x__Temporal_Sequential_Context=Uncommon Temporal_Sequential_Context,53,0.0893760539629005,0.8412698412698413,6.625177333440403
MP00019,R00217,Spatial_Reach_and_Route__x__Turning_Dynamics=Uncommon Turning_Dynamics,Spatial_Reach_and_Route__x__Turning_Dynamics,Uncommon Turning_Dynamics,Spatial_Reach_and_Route__x__Temporal_Sequential_Context=Uncommon Temporal_Sequential_Context;Speed_Dynamics__x__Turning_Dynamics=Uncommon Turning_Dynamics,56,0.09443507588532883,0.835820895522388,6.582265737081876
MP00019,R00234,Acceleration_Dynamics__x__Turning_Dynamics=Uncommon Turning_Dynamics,Acceleration_Dynamics__x__Turning_Dynamics,Uncommon Turning_Dynamics,Acceleration_Dynamics__x__Temporal_Sequential_Context=Uncommon Temporal_Sequential_Context;Curvature_Geometry__x__Turning_Dynamics=Uncommon Turning_Dynamics,49,0.08611599297012303,0.8305084745762712,6.8162997825504155
MP00019,R00237,Speed_Dynamics__x__Turning_Dynamics=Uncommon Turning_Dynamics,Speed_Dynamics__x__Turning_Dynamics,Uncommon Turning_Dynamics,Acceleration_Dynamics__x__Turning_Dynamics=Uncommon Turning_Dynamics;Speed_Dynamics__x__Temporal_Sequential_Context=Uncommon Temporal_Sequential_Context,44,0.0728476821192053,0.8301886792452831,6.418842933899787
MP00020,R00003,Curvature_Geometry__x__Spatial_Reach_and_Route=Uncommon Spatial_Reach_and_Route,Curvature_Geometry__x__Spatial_Reach_and_Route,Uncommon Spatial_Reach_and_Route,Curvature_Geometry__x__Temporal_Sequential_Context=Uncommon Temporal_Sequential_Context;Spatial_Reach_and_Route__x__Speed_Dynamics=Uncommon Spatial_Reach_and_Route,40,0.07079646017699115,0.9523809523809523,7.87189211967973
MP00020,R00020,Spatial_Reach_and_Route__x__Turning_Dynamics=Uncommon Spatial_Reach_and_Route,Spatial_Reach_and_Route__x__Turning_Dynamics,Uncommon Spatial_Reach_and_Route,Curvature_Geometry__x__Spatial_Reach_and_Route=Uncommon Spatial_Reach_and_Route;Temporal_Sequential_Context__x__Turning_Dynamics=Uncommon Temporal_Sequential_Context,93,0.15525876460767946,0.9207920792079208,7.17879634374122
MP00020,R00084,Curvature_Geometry__x__Spatial_Reach_and_Route=Uncommon Spatial_Reach_and_Route,Curvature_Geometry__x__Spatial_Reach_and_Route,Uncommon Spatial_Reach_and_Route,Curvature_Geometry__x__Temporal_Sequential_Context=Uncommon Temporal_Sequential_Context;Spatial_Reach_and_Route__x__Turning_Dynamics=Uncommon Spatial_Reach_and_Route,90,0.1592920353982301,0.8823529411764706,7.293076522644456
MP00020,R00146,Spatial_Reach_and_Route__x__Turning_Dynamics=Uncommon Spatial_Reach_and_Route,Spatial_Reach_and_Route__x__Turning_Dynamics,Uncommon Spatial_Reach_and_Route,Spatial_Reach_and_Route__x__Speed_Dynamics=Uncommon Spatial_Reach_and_Route;Temporal_Sequential_Context__x__Turning_Dynamics=Uncommon Temporal_Sequential_Context,48,0.08013355592654424,0.8571428571428571,6.682566181731457
MP00020,R00200,Spatial_Reach_and_Route__x__Turning_Dynamics=Uncommon Spatial_Reach_and_Route,Spatial_Reach_and_Route__x__Turning_Dynamics,Uncommon Spatial_Reach_and_Route,Acceleration_Dynamics__x__Spatial_Reach_and_Route=Uncommon Spatial_Reach_and_Route;Temporal_Sequential_Context__x__Turning_Dynamics=Uncommon Temporal_Sequential_Context,47,0.07846410684474124,0.8392857142857143,6.5433460529453855
MP00020,R00213,Acceleration_Dynamics__x__Spatial_Reach_and_Route=Uncommon Spatial_Reach_and_Route,Acceleration_Dynamics__x__Spatial_Reach_and_Route,Uncommon Spatial_Reach_and_Route,Acceleration_Dynamics__x__Temporal_Sequential_Context=Uncommon Temporal_Sequential_Context;Spatial_Reach_and_Route__x__Turning_Dynamics=Uncommon Spatial_Reach_and_Route,46,0.116751269035533,0.8363636363636363,9.913244116289802
MP00020,R00220,Acceleration_Dynamics__x__Spatial_Reach_and_Route=Uncommon Spatial_Reach_and_Route,Acceleration_Dynamics__x__Spatial_Reach_and_Route,Uncommon Spatial_Reach_and_Route,Acceleration_Dynamics__x__Temporal_Sequential_Context=Uncommon Temporal_Sequential_Context;Spatial_Reach_and_Route__x__Speed_Dynamics=Uncommon Spatial_Reach_and_Route,30,0.07614213197969544,0.8333333333333334,9.877326565143825
MP00020,R00283,Spatial_Reach_and_Route__x__Speed_Dynamics=Uncommon Spatial_Reach_and_Route,Spatial_Reach_and_Route__x__Speed_Dynamics,Uncommon Spatial_Reach_and_Route,Curvature_Geometry__x__Spatial_Reach_and_Route=Uncommon Spatial_Reach_and_Route;Speed_Dynamics__x__Temporal_Sequential_Context=Uncommon Temporal_Sequential_Context,37,0.08644859813084112,0.8043478260869565,8.776412027631045
MP00021,R00037,Temporal_Sequential_Context__x__Turning_Dynamics=Uncommon Temporal_Sequential_Context,Temporal_Sequential_Context__x__Turning_Dynamics,Uncommon Temporal_Sequential_Context,Curvature_Geometry__x__Turning_Dynamics=Uncommon Curvature_Geometry;Speed_Dynamics__x__Temporal_Sequential_Context=Uncommon Temporal_Sequential_Context,49,0.07827476038338659,0.9074074074074074,6.769317240563247
MP00021,R00091,Speed_Dynamics__x__Temporal_Sequential_Context=Uncommon Temporal_Sequential_Context,Speed_Dynamics__x__Temporal_Sequential_Context,Uncommon Temporal_Sequential_Context,Curvature_Geometry__x__Speed_Dynamics=Uncommon Curvature_Geometry;Spatial_Reach_and_Route__x__Temporal_Sequential_Context=Uncommon Temporal_Sequential_Context,58,0.12314225053078556,0.8787878787878788,8.713247120890433
MP00021,R00109,Acceleration_Dynamics__x__Temporal_Sequential_Context=Uncommon Temporal_Sequential_Context,Acceleration_Dynamics__x__Temporal_Sequential_Context,Uncommon Temporal_Sequential_Context,Acceleration_Dynamics__x__Curvature_Geometry=Uncommon Curvature_Geometry;Spatial_Reach_and_Route__x__Temporal_Sequential_Context=Uncommon Temporal_Sequential_Context,53,0.11181434599156118,0.8688524590163934,8.560213045583454
MP00021,R00150,Spatial_Reach_and_Route__x__Temporal_Sequential_Context=Uncommon Temporal_Sequential_Context,Spatial_Reach_and_Route__x__Temporal_Sequential_Context,Uncommon Temporal_Sequential_Context,Curvature_Geometry__x__Spatial_Reach_and_Route=Uncommon Curvature_Geometry;Speed_Dynamics__x__Temporal_Sequential_Context=Uncommon Temporal_Sequential_Context,53,0.10816326530612246,0.8548387096774194,8.147136273864385
MP00021,R00171,Acceleration_Dynamics__x__Temporal_Sequential_Context=Uncommon Temporal_Sequential_Context,Acceleration_Dynamics__x__Temporal_Sequential_Context,Uncommon Temporal_Sequential_Context,Acceleration_Dynamics__x__Curvature_Geometry=Uncommon Curvature_Geometry;Speed_Dynamics__x__Temporal_Sequential_Context=Uncommon Temporal_Sequential_Context,50,0.10548523206751055,0.847457627118644,8.349424300936851
MP00021,R00201,Spatial_Reach_and_Route__x__Temporal_Sequential_Context=Uncommon Temporal_Sequential_Context,Spatial_Reach_and_Route__x__Temporal_Sequential_Context,Uncommon Temporal_Sequential_Context,Acceleration_Dynamics__x__Temporal_Sequential_Context=Uncommon Temporal_Sequential_Context;Curvature_Geometry__x__Spatial_Reach_and_Route=Uncommon Curvature_Geometry,52,0.10612244897959183,0.8387096774193549,7.99341672152732
MP00021,R00233,Acceleration_Dynamics__x__Temporal_Sequential_Context=Uncommon Temporal_Sequential_Context,Acceleration_Dynamics__x__Temporal_Sequential_Context,Uncommon Temporal_Sequential_Context,Acceleration_Dynamics__x__Curvature_Geometry=Uncommon Curvature_Geometry;Temporal_Sequential_Context__x__Turning_Dynamics=Uncommon Temporal_Sequential_Context,49,0.10337552742616034,0.8305084745762712,8.182435814918115
MP00021,R00261,Temporal_Sequential_Context__x__Turning_Dynamics=Uncommon Temporal_Sequential_Context,Temporal_Sequential_Context__x__Turning_Dynamics,Uncommon Temporal_Sequential_Context,Acceleration_Dynamics__x__Temporal_Sequential_Context=Uncommon Temporal_Sequential_Context;Curvature_Geometry__x__Turning_Dynamics=Uncommon Curvature_Geometry,49,0.07827476038338659,0.8166666666666667,6.092385516506922
MP00021,R00291,Speed_Dynamics__x__Temporal_Sequential_Context=Uncommon Temporal_Sequential_Context,Speed_Dynamics__x__Temporal_Sequential_Context,Uncommon Temporal_Sequential_Context,Curvature_Geometry__x__Speed_Dynamics=Uncommon Curvature_Geometry;Temporal_Sequential_Context__x__Turning_Dynamics=Uncommon Temporal_Sequential_Context,48,0.10191082802547771,0.8,7.932059447983016
MP00022,R00035,Speed_Dynamics__x__Turning_Dynamics=Uncommon Turning_Dynamics,Speed_Dynamics__x__Turning_Dynamics,Uncommon Turning_Dynamics,Acceleration_Dynamics__x__Speed_Dynamics=Uncommon Acceleration_Dynamics;Spatial_Reach_and_Route__x__Turning_Dynamics=Uncommon Turning_Dynamics,61,0.10099337748344371,0.9104477611940298,7.03938914698033
MP00022,R00052,Temporal_Sequential_Context__x__Turning_Dynamics=Uncommon Turning_Dynamics,Temporal_Sequential_Context__x__Turning_Dynamics,Uncommon Turning_Dynamics,Acceleration_Dynamics__x__Temporal_Sequential_Context=Uncommon Acceleration_Dynamics;Speed_Dynamics__x__Turning_Dynamics=Uncommon Turning_Dynamics,53,0.0867430441898527,0.8983050847457628,6.865932480790037
MP00022,R00062,Speed_Dynamics__x__Turning_Dynamics=Uncommon Turning_Dynamics,Speed_Dynamics__x__Turning_Dynamics,Uncommon Turning_Dynamics,Acceleration_Dynamics__x__Speed_Dynamics=Uncommon Acceleration_Dynamics;Temporal_Sequential_Context__x__Turning_Dynamics=Uncommon Turning_Dynamics,50,0.08278145695364239,0.8928571428571429,6.9033822138126775
MP00022,R00078,Spatial_Reach_and_Route__x__Turning_Dynamics=Uncommon Turning_Dynamics,Spatial_Reach_and_Route__x__Turning_Dynamics,Uncommon Turning_Dynamics,Acceleration_Dynamics__x__Spatial_Reach_and_Route=Uncommon Acceleration_Dynamics;Speed_Dynamics__x__Turning_Dynamics=Uncommon Turning_Dynamics,54,0.09106239460370995,0.8852459016393442,6.971498078677468
MP00022,R00079,Speed_Dynamics__x__Turning_Dynamics=Uncommon Turning_Dynamics,Speed_Dynamics__x__Turning_Dynamics,Uncommon Turning_Dynamics,Acceleration_Dynamics__x__Speed_Dynamics=Uncommon Acceleration_Dynamics;Curvature_Geometry__x__Turning_Dynamics=Uncommon Turning_Dynamics,54,0.08940397350993377,0.8852459016393442,6.84453370969493
MP00022,R00095,Curvature_Geometry__x__Turning_Dynamics=Uncommon Turning_Dynamics,Curvature_Geometry__x__Turning_Dynamics,Uncommon Turning_Dynamics,Acceleration_Dynamics__x__Curvature_Geometry=Uncommon Acceleration_Dynamics;Spatial_Reach_and_Route__x__Turning_Dynamics=Uncommon Turning_Dynamics,50,0.08488964346349745,0.8771929824561403,6.95499359604444
MP00022,R00103,Curvature_Geometry__x__Turning_Dynamics=Uncommon Turning_Dynamics,Curvature_Geometry__x__Turning_Dynamics,Uncommon Turning_Dynamics,Acceleration_Dynamics__x__Curvature_Geometry=Uncommon Acceleration_Dynamics;Speed_Dynamics__x__Turning_Dynamics=Uncommon Turning_Dynamics,49,0.0831918505942275,0.875,6.937606112054329
MP00022,R00183,Spatial_Reach_and_Route__x__Turning_Dynamics=Uncommon Turning_Dynamics,Spatial_Reach_and_Route__x__Turning_Dynamics,Uncommon Turning_Dynamics,Acceleration_Dynamics__x__Spatial_Reach_and_Route=Uncommon Acceleration_Dynamics;Temporal_Sequential_Context__x__Turning_Dynamics=Uncommon Turning_Dynamics,49,0.08263069139966273,0.8448275862068966,6.6531953247659485
MP00022,R00204,Curvature_Geometry__x__Turning_Dynamics=Uncommon Turning_Dynamics,Curvature_Geometry__x__Turning_Dynamics,Uncommon Turning_Dynamics,Acceleration_Dynamics__x__Curvature_Geometry=Uncommon Acceleration_Dynamics;Temporal_Sequential_Context__x__Turning_Dynamics=Uncommon Turning_Dynamics,52,0.08828522920203735,0.8387096774193549,6.649871296347007
MP00022,R00216,Temporal_Sequential_Context__x__Turning_Dynamics=Uncommon Turning_Dynamics,Temporal_Sequential_Context__x__Turning_Dynamics,Uncommon Turning_Dynamics,Acceleration_Dynamics__x__Temporal_Sequential_Context=Uncommon Acceleration_Dynamics;Spatial_Reach_and_Route__x__Turning_Dynamics=Uncommon Turning_Dynamics,46,0.07528641571194762,0.8363636363636363,6.392501115905372
MP00022,R00243,Temporal_Sequential_Context__x__Turning_Dynamics=Uncommon Turning_Dynamics,Temporal_Sequential_Context__x__Turning_Dynamics,Uncommon Turning_Dynamics,Acceleration_Dynamics__x__Temporal_Sequential_Context=Uncommon Acceleration_Dynamics;Curvature_Geometry__x__Turning_Dynamics=Uncommon Turning_Dynamics,48,0.07855973813420622,0.8275862068965517,6.325413398047294
MP00022,R00246,Spatial_Reach_and_Route__x__Turning_Dynamics=Uncommon Turning_Dynamics,Spatial_Reach_and_Route__x__Turning_Dynamics,Uncommon Turning_Dynamics,Acceleration_Dynamics__x__Spatial_Reach_and_Route=Uncommon Acceleration_Dynamics;Curvature_Geometry__x__Turning_Dynamics=Uncommon Turning_Dynamics,47,0.07925801011804384,0.8245614035087719,6.493594864057277
MP00023,R00018,Curvature_Geometry__x__Temporal_Sequential_Context=Uncommon Curvature_Geometry,Curvature_Geometry__x__Temporal_Sequential_Context,Uncommon Curvature_Geometry,Acceleration_Dynamics__x__Curvature_Geometry=Uncommon Curvature_Geometry;Speed_Dynamics__x__Temporal_Sequential_Context=Uncommon Speed_Dynamics,59,0.10207612456747404,0.921875,7.448367214532872
MP00023,R00042,Curvature_Geometry__x__Spatial_Reach_and_Route=Uncommon Curvature_Geometry,Curvature_Geometry__x__Spatial_Reach_and_Route,Uncommon Curvature_Geometry,Curvature_Geometry__x__Temporal_Sequential_Context=Uncommon Curvature_Geometry;Spatial_Reach_and_Route__x__Speed_Dynamics=Uncommon Speed_Dynamics,65,0.11669658886894076,0.9027777777777778,7.569070416916018
MP00023,R00097,Curvature_Geometry__x__Spatial_Reach_and_Route=Uncommon Curvature_Geometry,Curvature_Geometry__x__Spatial_Reach_and_Route,Uncommon Curvature_Geometry,Acceleration_Dynamics__x__Curvature_Geometry=Uncommon Curvature_Geometry;Spatial_Reach_and_Route__x__Speed_Dynamics=Uncommon Speed_Dynamics,57,0.10233393177737882,0.8769230769230769,7.3522994061593705
MP00023,R00098,Curvature_Geometry__x__Temporal_Sequential_Context=Uncommon Curvature_Geometry,Curvature_Geometry__x__Temporal_Sequential_Context,Uncommon Curvature_Geometry,Curvature_Geometry__x__Spatial_Reach_and_Route=Uncommon Curvature_Geometry;Speed_Dynamics__x__Temporal_Sequential_Context=Uncommon Speed_Dynamics,64,0.11072664359861592,0.8767123287671232,7.0834715836374835
MP00023,R00114,Acceleration_Dynamics__x__Curvature_Geometry=Uncommon Curvature_Geometry,Acceleration_Dynamics__x__Curvature_Geometry,Uncommon Curvature_Geometry,Acceleration_Dynamics__x__Speed_Dynamics=Uncommon Speed_Dynamics;Curvature_Geometry__x__Spatial_Reach_and_Route=Uncommon Curvature_Geometry,59,0.10278745644599303,0.8676470588235294,7.059079729452757
MP00023,R00149,Curvature_Geometry__x__Temporal_Sequential_Context=Uncommon Curvature_Geometry,Curvature_Geometry__x__Temporal_Sequential_Context,Uncommon Curvature_Geometry,Curvature_Geometry__x__Turning_Dynamics=Uncommon Curvature_Geometry;Speed_Dynamics__x__Temporal_Sequential_Context=Uncommon Speed_Dynamics,59,0.10207612456747404,0.855072463768116,6.908630459856576
MP00023,R00215,Curvature_Geometry__x__Turning_Dynamics=Uncommon Curvature_Geometry,Curvature_Geometry__x__Turning_Dynamics,Uncommon Curvature_Geometry,Acceleration_Dynamics__x__Curvature_Geometry=Uncommon Curvature_Geometry;Speed_Dynamics__x__Turning_Dynamics=Uncommon Speed_Dynamics,46,0.08440366972477065,0.8363636363636363,7.166638865721434
MP00023,R00225,Acceleration_Dynamics__x__Curvature_Geometry=Uncommon Curvature_Geometry,Acceleration_Dynamics__x__Curvature_Geometry,Uncommon Curvature_Geometry,Acceleration_Dynamics__x__Speed_Dynamics=Uncommon Speed_Dynamics;Curvature_Geometry__x__Turning_Dynamics=Uncommon Curvature_Geometry,45,0.078397212543554,0.8333333333333334,6.779907084785134
MP00023,R00232,Acceleration_Dynamics__x__Curvature_Geometry=Uncommon Curvature_Geometry,Acceleration_Dynamics__x__Curvature_Geometry,Uncommon Curvature_Geometry,Acceleration_Dynamics__x__Speed_Dynamics=Uncommon Speed_Dynamics;Curvature_Geometry__x__Temporal_Sequential_Context=Uncommon Curvature_Geometry,54,0.09407665505226481,0.8307692307692308,6.7590458322165645
MP00023,R00240,Curvature_Geometry__x__Spatial_Reach_and_Route=Uncommon Curvature_Geometry,Curvature_Geometry__x__Spatial_Reach_and_Route,Uncommon Curvature_Geometry,Curvature_Geometry__x__Turning_Dynamics=Uncommon Curvature_Geometry;Spatial_Reach_and_Route__x__Speed_Dynamics=Uncommon Speed_Dynamics,53,0.09515260323159784,0.828125,6.943166517055656
MP00024,R00002,Curvature_Geometry__x__Speed_Dynamics=Uncommon Curvature_Geometry,Curvature_Geometry__x__Speed_Dynamics,Uncommon Curvature_Geometry,Curvature_Geometry__x__Spatial_Reach_and_Route=Uncommon Curvature_Geometry;Speed_Dynamics__x__Temporal_Sequential_Context=Uncommon Temporal_Sequential_Context,60,0.10657193605683836,0.967741935483871,8.02727324815218
MP00024,R00027,Curvature_Geometry__x__Turning_Dynamics=Uncommon Curvature_Geometry,Curvature_Geometry__x__Turning_Dynamics,Uncommon Curvature_Geometry,Curvature_Geometry__x__Spatial_Reach_and_Route=Uncommon Curvature_Geometry;Temporal_Sequential_Context__x__Turning_Dynamics=Uncommon Temporal_Sequential_Context,42,0.07706422018348624,0.9130434782608695,7.823693657758276
MP00024,R00059,Curvature_Geometry__x__Spatial_Reach_and_Route=Uncommon Curvature_Geometry,Curvature_Geometry__x__Spatial_Reach_and_Route,Uncommon Curvature_Geometry,Curvature_Geometry__x__Speed_Dynamics=Uncommon Curvature_Geometry;Spatial_Reach_and_Route__x__Temporal_Sequential_Context=Uncommon Temporal_Sequential_Context,59,0.1059245960502693,0.8939393939393939,7.494967629617539
MP00024,R00117,Curvature_Geometry__x__Turning_Dynamics=Uncommon Curvature_Geometry,Curvature_Geometry__x__Turning_Dynamics,Uncommon Curvature_Geometry,Curvature_Geometry__x__Speed_Dynamics=Uncommon Curvature_Geometry;Temporal_Sequential_Context__x__Turning_Dynamics=Uncommon Temporal_Sequential_Context,52,0.09541284403669725,0.8666666666666667,7.426299694189602
MP00024,R00166,Acceleration_Dynamics__x__Curvature_Geometry=Uncommon Curvature_Geometry,Acceleration_Dynamics__x__Curvature_Geometry,Uncommon Curvature_Geometry,Acceleration_Dynamics__x__Temporal_Sequential_Context=Uncommon Temporal_Sequential_Context;Curvature_Geometry__x__Turning_Dynamics=Uncommon Curvature_Geometry,51,0.08885017421602788,0.85,6.915505226480836
MP00024,R00172,Curvature_Geometry__x__Turning_Dynamics=Uncommon Curvature_Geometry,Curvature_Geometry__x__Turning_Dynamics,Uncommon Curvature_Geometry,Acceleration_Dynamics__x__Curvature_Geometry=Uncommon Curvature_Geometry;Temporal_Sequential_Context__x__Turning_Dynamics=Uncommon Temporal_Sequential_Context,50,0.09174311926605505,0.847457627118644,7.261701135126729
MP00024,R00202,Acceleration_Dynamics__x__Curvature_Geometry=Uncommon Curvature_Geometry,Acceleration_Dynamics__x__Curvature_Geometry,Uncommon Curvature_Geometry,Acceleration_Dynamics__x__Temporal_Sequential_Context=Uncommon Temporal_Sequential_Context;Curvature_Geometry__x__Spatial_Reach_and_Route=Uncommon Curvature_Geometry,52,0.09059233449477352,0.8387096774193549,6.8236484208160055
MP00024,R00223,Curvature_Geometry__x__Speed_Dynamics=Uncommon Curvature_Geometry,Curvature_Geometry__x__Speed_Dynamics,Uncommon Curvature_Geometry,Curvature_Geometry__x__Turning_Dynamics=Uncommon Curvature_Geometry;Speed_Dynamics__x__Temporal_Sequential_Context=Uncommon Temporal_Sequential_Context,45,0.07992895204262877,0.8333333333333334,6.912374185908822
MP00024,R00254,Curvature_Geometry__x__Spatial_Reach_and_Route=Uncommon Curvature_Geometry,Curvature_Geometry__x__Spatial_Reach_and_Route,Uncommon Curvature_Geometry,Acceleration_Dynamics__x__Curvature_Geometry=Uncommon Curvature_Geometry;Spatial_Reach_and_Route__x__Temporal_Sequential_Context=Uncommon Temporal_Sequential_Context,50,0.08976660682226212,0.819672131147541,6.872295964917444
MP00024,R00278,Acceleration_Dynamics__x__Curvature_Geometry=Uncommon Curvature_Geometry,Acceleration_Dynamics__x__Curvature_Geometry,Uncommon Curvature_Geometry,Acceleration_Dynamics__x__Temporal_Sequential_Context=Uncommon Temporal_Sequential_Context;Curvature_Geometry__x__Speed_Dynamics=Uncommon Curvature_Geometry,46,0.08013937282229965,0.8070175438596491,6.565804755791919
MP00025,R00001,Curvature_Geometry__x__Speed_Dynamics=Uncommon Speed_Dynamics,Curvature_Geometry__x__Speed_Dynamics,Uncommon Speed_Dynamics,Acceleration_Dynamics__x__Speed_Dynamics=Uncommon Speed_Dynamics;Curvature_Geometry__x__Temporal_Sequential_Context=Uncommon Temporal_Sequential_Context,43,0.07719928186714542,0.9772727272727273,8.193651052717481
MP00025,R00056,Acceleration_Dynamics__x__Speed_Dynamics=Uncommon Speed_Dynamics,Acceleration_Dynamics__x__Speed_Dynamics,Uncommon Speed_Dynamics,Acceleration_Dynamics__x__Temporal_Sequential_Context=Uncommon Temporal_Sequential_Context;Spatial_Reach_and_Route__x__Speed_Dynamics=Uncommon Speed_Dynamics,43,0.09409190371991247,0.8958333333333334,9.154358132749818
MP00025,R00072,Speed_Dynamics__x__Turning_Dynamics=Uncommon Speed_Dynamics,Speed_Dynamics__x__Turning_Dynamics,Uncommon Speed_Dynamics,Acceleration_Dynamics__x__Speed_Dynamics=Uncommon Speed_Dynamics;Temporal_Sequential_Context__x__Turning_Dynamics=Uncommon Temporal_Sequential_Context,40,0.07233273056057866,0.8888888888888888,7.506530038175607
MP00025,R00082,Speed_Dynamics__x__Turning_Dynamics=Uncommon Speed_Dynamics,Speed_Dynamics__x__Turning_Dynamics,Uncommon Speed_Dynamics,Spatial_Reach_and_Route__x__Speed_Dynamics=Uncommon Speed_Dynamics;Temporal_Sequential_Context__x__Turning_Dynamics=Uncommon Temporal_Sequential_Context,38,0.06871609403254973,0.8837209302325582,7.462887421674586
MP00025,R00152,Curvature_Geometry__x__Speed_Dynamics=Uncommon Speed_Dynamics,Curvature_Geometry__x__Speed_Dynamics,Uncommon Speed_Dynamics,Curvature_Geometry__x__Temporal_Sequential_Context=Uncommon Temporal_Sequential_Context;Spatial_Reach_and_Route__x__Speed_Dynamics=Uncommon Speed_Dynamics,41,0.07360861759425494,0.8541666666666666,7.161505086774387
MP00025,R00229,Curvature_Geometry__x__Speed_Dynamics=Uncommon Speed_Dynamics,Curvature_Geometry__x__Speed_Dynamics,Uncommon Speed_Dynamics,Curvature_Geometry__x__Temporal_Sequential_Context=Uncommon Temporal_Sequential_Context;Speed_Dynamics__x__Turning_Dynamics=Uncommon Speed_Dynamics,64,0.11490125673249552,0.8311688311688312,6.968686609620183
MP00025,R00264,Speed_Dynamics__x__Turning_Dynamics=Uncommon Speed_Dynamics,Speed_Dynamics__x__Turning_Dynamics,Uncommon Speed_Dynamics,Curvature_Geometry__x__Speed_Dynamics=Uncommon Speed_Dynamics;Temporal_Sequential_Context__x__Turning_Dynamics=Uncommon Temporal_Sequential_Context,62,0.11211573236889692,0.8157894736842105,6.889216712667745
MP00025,R00276,Acceleration_Dynamics__x__Speed_Dynamics=Uncommon Speed_Dynamics,Acceleration_Dynamics__x__Speed_Dynamics,Uncommon Speed_Dynamics,Acceleration_Dynamics__x__Temporal_Sequential_Context=Uncommon Temporal_Sequential_Context;Curvature_Geometry__x__Speed_Dynamics=Uncommon Speed_Dynamics,42,0.09190371991247265,0.8076923076923077,8.253660999831679
MP00026,R00012,Speed_Dynamics__x__Turning_Dynamics=Uncommon Turning_Dynamics,Speed_Dynamics__x__Turning_Dynamics,Uncommon Turning_Dynamics,Spatial_Reach_and_Route__x__Speed_Dynamics=Uncommon Spatial_Reach_and_Route;Temporal_Sequential_Context__x__Turning_Dynamics=Uncommon Turning_Dynamics,51,0.08443708609271523,0.9272727272727272,7.169476219145093
MP00026,R00087,Temporal_Sequential_Context__x__Turning_Dynamics=Uncommon Turning_Dynamics,Temporal_Sequential_Context__x__Turning_Dynamics,Uncommon Turning_Dynamics,Acceleration_Dynamics__x__Turning_Dynamics=Uncommon Turning_Dynamics;Spatial_Reach_and_Route__x__Temporal_Sequential_Context=Uncommon Spatial_Reach_and_Route,52,0.0851063829787234,0.8813559322033898,6.736386584926073
MP00026,R00089,Speed_Dynamics__x__Turning_Dynamics=Uncommon Turning_Dynamics,Speed_Dynamics__x__Turning_Dynamics,Uncommon Turning_Dynamics,Curvature_Geometry__x__Turning_Dynamics=Uncommon Turning_Dynamics;Spatial_Reach_and_Route__x__Speed_Dynamics=Uncommon Spatial_Reach_and_Route,44,0.0728476821192053,0.88,6.803973509933774
MP00026,R00120,Curvature_Geometry__x__Turning_Dynamics=Uncommon Turning_Dynamics,Curvature_Geometry__x__Turning_Dynamics,Uncommon Turning_Dynamics,Acceleration_Dynamics__x__Turning_Dynamics=Uncommon Turning_Dynamics;Curvature_Geometry__x__Spatial_Reach_and_Route=Uncommon Spatial_Reach_and_Route,32,0.05432937181663837,0.8648648648648649,6.857247740100032
MP00026,R00173,Curvature_Geometry__x__Turning_Dynamics=Uncommon Turning_Dynamics,Curvature_Geometry__x__Turning_Dynamics,Uncommon Turning_Dynamics,Curvature_Geometry__x__Spatial_Reach_and_Route=Uncommon Spatial_Reach_and_Route;Temporal_Sequential_Context__x__Turning_Dynamics=Uncommon Turning_Dynamics,50,0.08488964346349745,0.847457627118644,6.719231101263272
MP00026,R00182,Acceleration_Dynamics__x__Turning_Dynamics=Uncommon Turning_Dynamics,Acceleration_Dynamics__x__Turning_Dynamics,Uncommon Turning_Dynamics,Acceleration_Dynamics__x__Spatial_Reach_and_Route=Uncommon Spatial_Reach_and_Route;Temporal_Sequential_Context__x__Turning_Dynamics=Uncommon Turning_Dynamics,49,0.08611599297012303,0.8448275862068966,6.933822192594389
MP00026,R00184,Acceleration_Dynamics__x__Turning_Dynamics=Uncommon Turning_Dynamics,Acceleration_Dynamics__x__Turning_Dynamics,Uncommon Turning_Dynamics,Acceleration_Dynamics__x__Spatial_Reach_and_Route=Uncommon Spatial_Reach_and_Route;Speed_Dynamics__x__Turning_Dynamics=Uncommon Turning_Dynamics,38,0.06678383128295255,0.8444444444444444,6.930677602030853
MP00026,R00195,Speed_Dynamics__x__Turning_Dynamics=Uncommon Turning_Dynamics,Speed_Dynamics__x__Turning_Dynamics,Uncommon Turning_Dynamics,Acceleration_Dynamics__x__Turning_Dynamics=Uncommon Turning_Dynamics;Spatial_Reach_and_Route__x__Speed_Dynamics=Uncommon Spatial_Reach_and_Route,37,0.061258278145695365,0.8409090909090909,6.501730885009031
MP00026,R00227,Temporal_Sequential_Context__x__Turning_Dynamics=Uncommon Turning_Dynamics,Temporal_Sequential_Context__x__Turning_Dynamics,Uncommon Turning_Dynamics,Curvature_Geometry__x__Turning_Dynamics=Uncommon Turning_Dynamics;Spatial_Reach_and_Route__x__Temporal_Sequential_Context=Uncommon Spatial_Reach_and_Route,45,0.07364975450081833,0.8333333333333334,6.369339879978178
MP00026,R00236,Curvature_Geometry__x__Turning_Dynamics=Uncommon Turning_Dynamics,Curvature_Geometry__x__Turning_Dynamics,Uncommon Turning_Dynamics,Curvature_Geometry__x__Spatial_Reach_and_Route=Uncommon Spatial_Reach_and_Route;Speed_Dynamics__x__Turning_Dynamics=Uncommon Turning_Dynamics,44,0.07470288624787776,0.8301886792452831,6.58231092033187
MP00026,R00257,Temporal_Sequential_Context__x__Turning_Dynamics=Uncommon Turning_Dynamics,Temporal_Sequential_Context__x__Turning_Dynamics,Uncommon Turning_Dynamics,Spatial_Reach_and_Route__x__Temporal_Sequential_Context=Uncommon Spatial_Reach_and_Route;Speed_Dynamics__x__Turning_Dynamics=Uncommon Turning_Dynamics,54,0.088379705400982,0.8181818181818182,6.253533700342212
MP00027,R00119,Spatial_Reach_and_Route__x__Turning_Dynamics=Uncommon Turning_Dynamics,Spatial_Reach_and_Route__x__Turning_Dynamics,Uncommon Turning_Dynamics,Curvature_Geometry__x__Turning_Dynamics=Uncommon Turning_Dynamics;Spatial_Reach_and_Route__x__Speed_Dynamics=Uncommon Speed_Dynamics,52,0.08768971332209106,0.8666666666666667,6.825182686902755
MP00027,R00143,Spatial_Reach_and_Route__x__Turning_Dynamics=Uncommon Turning_Dynamics,Spatial_Reach_and_Route__x__Turning_Dynamics,Uncommon Turning_Dynamics,Spatial_Reach_and_Route__x__Speed_Dynamics=Uncommon Speed_Dynamics;Temporal_Sequential_Context__x__Turning_Dynamics=Uncommon Turning_Dynamics,54,0.09106239460370995,0.8571428571428571,6.750180679354373
MP00027,R00147,Temporal_Sequential_Context__x__Turning_Dynamics=Uncommon Turning_Dynamics,Temporal_Sequential_Context__x__Turning_Dynamics,Uncommon Turning_Dynamics,Acceleration_Dynamics__x__Turning_Dynamics=Uncommon Turning_Dynamics;Speed_Dynamics__x__Temporal_Sequential_Context=Uncommon Speed_Dynamics,42,0.06873977086743044,0.8571428571428571,6.551321019406126
MP00027,R00162,Curvature_Geometry__x__Turning_Dynamics=Uncommon Turning_Dynamics,Curvature_Geometry__x__Turning_Dynamics,Uncommon Turning_Dynamics,Curvature_Geometry__x__Speed_Dynamics=Uncommon Speed_Dynamics;Spatial_Reach_and_Route__x__Turning_Dynamics=Uncommon Turning_Dynamics,52,0.08828522920203735,0.8524590163934426,6.758885579893678
MP00027,R00163,Temporal_Sequential_Context__x__Turning_Dynamics=Uncommon Turning_Dynamics,Temporal_Sequential_Context__x__Turning_Dynamics,Uncommon Turning_Dynamics,Curvature_Geometry__x__Turning_Dynamics=Uncommon Turning_Dynamics;Speed_Dynamics__x__Temporal_Sequential_Context=Uncommon Speed_Dynamics,52,0.0851063829787234,0.8524590163934426,6.51552145099407
MP00027,R00196,Acceleration_Dynamics__x__Turning_Dynamics=Uncommon Turning_Dynamics,Acceleration_Dynamics__x__Turning_Dynamics,Uncommon Turning_Dynamics,Acceleration_Dynamics__x__Speed_Dynamics=Uncommon Speed_Dynamics;Spatial_Reach_and_Route__x__Turning_Dynamics=Uncommon Turning_Dynamics,58,0.10193321616871705,0.8405797101449275,6.898958253737805
MP00027,R00199,Curvature_Geometry__x__Turning_Dynamics=Uncommon Turning_Dynamics,Curvature_Geometry__x__Turning_Dynamics,Uncommon Turning_Dynamics,Acceleration_Dynamics__x__Turning_Dynamics=Uncommon Turning_Dynamics;Curvature_Geometry__x__Speed_Dynamics=Uncommon Speed_Dynamics,47,0.07979626485568761,0.8392857142857143,6.654438515643948
MP00027,R00226,Curvature_Geometry__x__Turning_Dynamics=Uncommon Turning_Dynamics,Curvature_Geometry__x__Turning_Dynamics,Uncommon Turning_Dynamics,Curvature_Geometry__x__Speed_Dynamics=Uncommon Speed_Dynamics;Temporal_Sequential_Context__x__Turning_Dynamics=Uncommon Turning_Dynamics,55,0.0933786078098472,0.8333333333333334,6.6072439162422185
MP00027,R00255,Acceleration_Dynamics__x__Turning_Dynamics=Uncommon Turning_Dynamics,Acceleration_Dynamics__x__Turning_Dynamics,Uncommon Turning_Dynamics,Acceleration_Dynamics__x__Speed_Dynamics=Uncommon Speed_Dynamics;Curvature_Geometry__x__Turning_Dynamics=Uncommon Turning_Dynamics,50,0.08787346221441125,0.819672131147541,6.727361779365582
MP00027,R00273,Acceleration_Dynamics__x__Turning_Dynamics=Uncommon Turning_Dynamics,Acceleration_Dynamics__x__Turning_Dynamics,Uncommon Turning_Dynamics,Acceleration_Dynamics__x__Speed_Dynamics=Uncommon Speed_Dynamics;Temporal_Sequential_Context__x__Turning_Dynamics=Uncommon Turning_Dynamics,56,0.0984182776801406,0.8115942028985508,6.661063141539951
MP00027,R00275,Spatial_Reach_and_Route__x__Turning_Dynamics=Uncommon Turning_Dynamics,Spatial_Reach_and_Route__x__Turning_Dynamics,Uncommon Turning_Dynamics,Acceleration_Dynamics__x__Turning_Dynamics=Uncommon Turning_Dynamics;Spatial_Reach_and_Route__x__Speed_Dynamics=Uncommon Speed_Dynamics,55,0.09274873524451939,0.8088235294117647,6.369655788116259
MP00028,R00069,Acceleration_Dynamics__x__Temporal_Sequential_Context=Uncommon Temporal_Sequential_Context,Acceleration_Dynamics__x__Temporal_Sequential_Context,Uncommon Temporal_Sequential_Context,Acceleration_Dynamics__x__Turning_Dynamics=Uncommon Turning_Dynamics;Spatial_Reach_and_Route__x__Temporal_Sequential_Context=Uncommon Temporal_Sequential_Context,56,0.11814345991561181,0.8888888888888888,8.757618377871541
MP00028,R00112,Acceleration_Dynamics__x__Temporal_Sequential_Context=Uncommon Temporal_Sequential_Context,Acceleration_Dynamics__x__Temporal_Sequential_Context,Uncommon Temporal_Sequential_Context,Acceleration_Dynamics__x__Turning_Dynamics=Uncommon Turning_Dynamics;Speed_Dynamics__x__Temporal_Sequential_Context=Uncommon Temporal_Sequential_Context,46,0.0970464135021097,0.8679245283018868,8.551070774619856
MP00028,R00132,Spatial_Reach_and_Route__x__Temporal_Sequential_Context=Uncommon Temporal_Sequential_Context,Spatial_Reach_and_Route__x__Temporal_Sequential_Context,Uncommon Temporal_Sequential_Context,Curvature_Geometry__x__Temporal_Sequential_Context=Uncommon Temporal_Sequential_Context;Spatial_Reach_and_Route__x__Turning_Dynamics=Uncommon Turning_Dynamics,49,0.1,0.8596491228070176,8.192982456140351
MP00028,R00192,Curvature_Geometry__x__Temporal_Sequential_Context=Uncommon Temporal_Sequential_Context,Curvature_Geometry__x__Temporal_Sequential_Context,Uncommon Temporal_Sequential_Context,Curvature_Geometry__x__Turning_Dynamics=Uncommon Turning_Dynamics;Spatial_Reach_and_Route__x__Temporal_Sequential_Context=Uncommon Temporal_Sequential_Context,53,0.09137931034482759,0.8412698412698413,6.773672687465791
MP00028,R00269,Curvature_Geometry__x__Temporal_Sequential_Context=Uncommon Temporal_Sequential_Context,Curvature_Geometry__x__Temporal_Sequential_Context,Uncommon Temporal_Sequential_Context,Acceleration_Dynamics__x__Temporal_Sequential_Context=Uncommon Temporal_Sequential_Context;Curvature_Geometry__x__Turning_Dynamics=Uncommon Turning_Dynamics,48,0.08275862068965517,0.8135593220338984,6.550555230859147
MP00028,R00281,Speed_Dynamics__x__Temporal_Sequential_Context=Uncommon Temporal_Sequential_Context,Speed_Dynamics__x__Temporal_Sequential_Context,Uncommon Temporal_Sequential_Context,Spatial_Reach_and_Route__x__Temporal_Sequential_Context=Uncommon Temporal_Sequential_Context;Speed_Dynamics__x__Turning_Dynamics=Uncommon Turning_Dynamics,54,0.11464968152866242,0.8059701492537313,7.991253921475425
MP00028,R00292,Acceleration_Dynamics__x__Temporal_Sequential_Context=Uncommon Temporal_Sequential_Context,Acceleration_Dynamics__x__Temporal_Sequential_Context,Uncommon Temporal_Sequential_Context,Acceleration_Dynamics__x__Turning_Dynamics=Uncommon Turning_Dynamics;Curvature_Geometry__x__Temporal_Sequential_Context=Uncommon Temporal_Sequential_Context,44,0.09282700421940929,0.8,7.881856540084389
MP00029,R00039,Acceleration_Dynamics__x__Turning_Dynamics=Uncommon Acceleration_Dynamics,Acceleration_Dynamics__x__Turning_Dynamics,Uncommon Acceleration_Dynamics,Acceleration_Dynamics__x__Speed_Dynamics=Uncommon Acceleration_Dynamics;Spatial_Reach_and_Route__x__Turning_Dynamics=Uncommon Spatial_Reach_and_Route,48,0.08094435075885328,0.9056603773584906,7.1322663781857525
MP00029,R00244,Acceleration_Dynamics__x__Curvature_Geometry=Uncommon Acceleration_Dynamics,Acceleration_Dynamics__x__Curvature_Geometry,Uncommon Acceleration_Dynamics,Acceleration_Dynamics__x__Turning_Dynamics=Uncommon Acceleration_Dynamics;Curvature_Geometry__x__Spatial_Reach_and_Route=Uncommon Spatial_Reach_and_Route,81,0.1433628318584071,0.826530612244898,6.831677803864909
MP00029,R00263,Acceleration_Dynamics__x__Curvature_Geometry=Uncommon Acceleration_Dynamics,Acceleration_Dynamics__x__Curvature_Geometry,Uncommon Acceleration_Dynamics,Acceleration_Dynamics__x__Temporal_Sequential_Context=Uncommon Acceleration_Dynamics;Curvature_Geometry__x__Spatial_Reach_and_Route=Uncommon Spatial_Reach_and_Route,40,0.07079646017699115,0.8163265306122449,6.747336102582627
MP00029,R00267,Acceleration_Dynamics__x__Temporal_Sequential_Context=Uncommon Acceleration_Dynamics,Acceleration_Dynamics__x__Temporal_Sequential_Context,Uncommon Acceleration_Dynamics,Acceleration_Dynamics__x__Speed_Dynamics=Uncommon Acceleration_Dynamics;Spatial_Reach_and_Route__x__Temporal_Sequential_Context=Uncommon Spatial_Reach_and_Route,35,0.07337526205450734,0.813953488372093,7.968894739408123
MP00029,R00284,Acceleration_Dynamics__x__Speed_Dynamics=Uncommon Acceleration_Dynamics,Acceleration_Dynamics__x__Speed_Dynamics,Uncommon Acceleration_Dynamics,Acceleration_Dynamics__x__Turning_Dynamics=Uncommon Acceleration_Dynamics;Spatial_Reach_and_Route__x__Speed_Dynamics=Uncommon Spatial_Reach_and_Route,41,0.09070796460176991,0.803921568627451,8.306003817456187
MP00030,R00169,Spatial_Reach_and_Route__x__Speed_Dynamics=Uncommon Spatial_Reach_and_Route,Spatial_Reach_and_Route__x__Speed_Dynamics,Uncommon Spatial_Reach_and_Route,Curvature_Geometry__x__Spatial_Reach_and_Route=Uncommon Spatial_Reach_and_Route;Speed_Dynamics__x__Turning_Dynamics=Uncommon Turning_Dynamics,45,0.10514018691588785,0.8490566037735849,9.264239111267855
MP00030,R00198,Curvature_Geometry__x__Spatial_Reach_and_Route=Uncommon Spatial_Reach_and_Route,Curvature_Geometry__x__Spatial_Reach_and_Route,Uncommon Spatial_Reach_and_Route,Curvature_Geometry__x__Turning_Dynamics=Uncommon Turning_Dynamics;Spatial_Reach_and_Route__x__Speed_Dynamics=Uncommon Spatial_Reach_and_Route,42,0.0743362831858407,0.84,6.943008849557522
MP00030,R00224,Curvature_Geometry__x__Spatial_Reach_and_Route=Uncommon Spatial_Reach_and_Route,Curvature_Geometry__x__Spatial_Reach_and_Route,Uncommon Spatial_Reach_and_Route,Curvature_Geometry__x__Turning_Dynamics=Uncommon Turning_Dynamics;Spatial_Reach_and_Route__x__Temporal_Sequential_Context=Uncommon Spatial_Reach_and_Route,45,0.07964601769911504,0.8333333333333334,6.887905604719765
MP00030,R00242,Spatial_Reach_and_Route__x__Temporal_Sequential_Context=Uncommon Spatial_Reach_and_Route,Spatial_Reach_and_Route__x__Temporal_Sequential_Context,Uncommon Spatial_Reach_and_Route,Acceleration_Dynamics__x__Spatial_Reach_and_Route=Uncommon Spatial_Reach_and_Route;Temporal_Sequential_Context__x__Turning_Dynamics=Uncommon Turning_Dynamics,48,0.09937888198757763,0.8275862068965517,8.001713428999786
