trajectory_id,n_pair_labels,n_normal,n_hybrid,n_uncommon,non_normal_count,non_normal_ratio,hybrid_ratio,uncommon_ratio,dominant_uncommon_node,dominant_uncommon_node_count,dominant_uncommon_node_ratio,fingerprint_entropy,count_uncommon_Acceleration_Dynamics,count_uncommon_Curvature_Geometry,count_uncommon_Spatial_Reach_and_Route,count_uncommon_Speed_Dynamics,count_uncommon_Temporal_Sequential_Context,count_uncommon_Turning_Dynamics
1,15,10,4,1,5,0.3333333333333333,0.26666666666666666,0.06666666666666667,Spatial_Reach_and_Route,1,1.0,1.158938532350277,0,0,1,0,0,0
2,15,3,5,7,12,0.8,0.3333333333333333,0.4666666666666667,Turning_Dynamics,3,0.42857142857142855,2.181937063546704,0,1,3,0,0,3
3,15,0,15,0,15,1.0,1.0,0.0,,0,0.0,0.0,0,0,0,0,0,0
4,15,1,12,2,14,0.9333333333333333,0.8,0.13333333333333333,Speed_Dynamics,2,1.0,0.9055872616982603,0,0,0,2,0,0
5,15,1,7,7,14,0.9333333333333333,0.4666666666666667,0.4666666666666667,Turning_Dynamics,2,0.2857142857142857,2.196791631981637,2,1,2,0,0,2
6,15,10,1,4,5,0.3333333333333333,0.06666666666666667,0.26666666666666666,Speed_Dynamics,4,1.0,1.158938532350277,0,0,0,4,0,0
7,15,1,8,6,14,0.9333333333333333,0.5333333333333333,0.4,Spatial_Reach_and_Route,2,0.3333333333333333,2.040223928941852,2,0,2,0,1,1
8,15,6,6,3,9,0.6,0.4,0.2,Speed_Dynamics,2,0.6666666666666666,1.7055872616982601,0,1,0,2,0,0
9,15,1,10,4,14,0.9333333333333333,0.6666666666666666,0.26666666666666666,Turning_Dynamics,1,0.25,1.6922718656836107,0,1,1,0,1,1
10,15,0,15,0,15,1.0,1.0,0.0,,0,0.0,0.0,0,0,0,0,0,0
11,15,0,12,3,15,1.0,0.8,0.2,Turning_Dynamics,1,0.3333333333333333,1.0389205950315936,1,0,0,0,1,1
12,15,1,6,8,14,0.9333333333333333,0.4,0.5333333333333333,Temporal_Sequential_Context,2,0.25,2.3395722619867225,2,0,2,2,2,0
13,15,3,8,4,12,0.8,0.5333333333333333,0.26666666666666666,Spatial_Reach_and_Route,2,0.5,1.856564762130954,1,0,2,1,0,0
14,15,1,6,8,14,0.9333333333333333,0.4,0.5333333333333333,Temporal_Sequential_Context,2,0.25,2.3395722619867225,2,0,2,2,2,0
15,15,6,3,6,9,0.6,0.2,0.4,Speed_Dynamics,3,0.5,1.9219280948873623,0,0,3,3,0,0
16,15,0,12,3,15,1.0,0.8,0.2,Turning_Dynamics,1,0.3333333333333333,1.0389205950315936,1,0,0,0,1,1
17,15,1,9,5,14,0.9333333333333333,0.6,0.3333333333333333,Temporal_Sequential_Context,2,0.4,1.7382689280764647,2,0,0,0,2,1
18,15,1,8,6,14,0.9333333333333333,0.5333333333333333,0.4,Spatial_Reach_and_Route,2,0.3333333333333333,2.040223928941852,2,1,2,1,0,0
19,15,3,12,0,12,0.8,0.8,0.0,,0,0.0,0.7219280948873623,0,0,0,0,0,0
20,15,6,8,1,9,0.6,0.5333333333333333,0.06666666666666667,Curvature_Geometry,1,1.0,1.272905595320056,0,1,0,0,0,0
21,15,6,9,0,9,0.6,0.6,0.0,,0,0.0,0.9709505944546686,0,0,0,0,0,0
22,15,1,11,3,14,0.9333333333333333,0.7333333333333333,0.2,Temporal_Sequential_Context,1,0.3333333333333333,1.3699740752745009,0,1,0,1,1,0
23,15,1,7,7,14,0.9333333333333333,0.4666666666666667,0.4666666666666667,Turning_Dynamics,2,0.2857142857142857,2.1967916319816365,1,0,2,2,0,2
24,15,3,6,6,12,0.8,0.4,0.4,Speed_Dynamics,3,0.5,1.9219280948873623,3,0,0,3,0,0
25,15,6,5,4,9,0.6,0.3333333333333333,0.26666666666666666,Speed_Dynamics,3,0.75,1.781937063546704,0,1,0,3,0,0
26,15,6,5,4,9,0.6,0.3333333333333333,0.26666666666666666,Temporal_Sequential_Context,4,1.0,1.5655962303576019,0,0,0,0,4,0
27,15,6,4,5,9,0.6,0.26666666666666666,0.3333333333333333,Turning_Dynamics,4,0.8,1.8062389286533893,1,0,0,0,0,4
28,15,6,4,5,9,0.6,0.26666666666666666,0.3333333333333333,Spatial_Reach_and_Route,4,0.8,1.8062389286533895,0,0,4,1,0,0
29,15,6,2,7,9,0.6,0.13333333333333333,0.4666666666666667,Spatial_Reach_and_Route,4,0.5714285714285714,1.8892464285091581,0,0,4,3,0,0
30,15,6,6,3,9,0.6,0.4,0.2,Speed_Dynamics,3,1.0,1.5219280948873621,0,0,0,3,0,0
31,15,6,2,7,9,0.6,0.13333333333333333,0.4666666666666667,Turning_Dynamics,4,0.5714285714285714,1.889246428509158,3,0,0,0,0,4
32,15,6,8,1,9,0.6,0.5333333333333333,0.06666666666666667,Turning_Dynamics,1,1.0,1.272905595320056,0,0,0,0,0,1
33,15,3,10,2,12,0.8,0.6666666666666666,0.13333333333333333,Temporal_Sequential_Context,2,1.0,1.2419460322060458,0,0,0,0,2,0
34,15,3,11,1,12,0.8,0.7333333333333333,0.06666666666666667,Speed_Dynamics,1,1.0,1.0529815751302694,0,0,0,1,0,0
35,15,1,10,4,14,0.9333333333333333,0.6666666666666666,0.26666666666666666,Temporal_Sequential_Context,1,0.25,1.6922718656836107,1,1,1,0,1,0
36,15,6,3,6,9,0.6,0.2,0.4,Temporal_Sequential_Context,4,0.6666666666666666,1.8892464285091581,0,0,0,2,4,0
37,15,6,7,2,9,0.6,0.4666666666666667,0.13333333333333333,Turning_Dynamics,1,0.5,1.562806631693174,0,0,0,1,0,1
38,15,1,12,2,14,0.9333333333333333,0.8,0.13333333333333333,Curvature_Geometry,2,1.0,0.9055872616982603,0,2,0,0,0,0
39,15,1,8,6,14,0.9333333333333333,0.5333333333333333,0.4,Turning_Dynamics,2,0.3333333333333333,2.040223928941852,1,0,2,0,1,2
40,15,1,8,6,14,0.9333333333333333,0.5333333333333333,0.4,Temporal_Sequential_Context,2,0.3333333333333333,2.040223928941852,2,0,1,1,2,0
41,15,6,5,4,9,0.6,0.3333333333333333,0.26666666666666666,Speed_Dynamics,4,1.0,1.5655962303576019,0,0,0,4,0,0
42,15,3,10,2,12,0.8,0.6666666666666666,0.13333333333333333,Temporal_Sequential_Context,1,0.5,1.3752793655393791,0,0,0,1,1,0
43,15,0,14,1,15,1.0,0.9333333333333333,0.06666666666666667,Turning_Dynamics,1,1.0,0.35335933502142136,0,0,0,0,0,1
44,15,1,9,5,14,0.9333333333333333,0.6,0.3333333333333333,Turning_Dynamics,2,0.4,1.7382689280764645,1,0,2,0,0,2
45,15,1,10,4,14,0.9333333333333333,0.6666666666666666,0.26666666666666666,Temporal_Sequential_Context,2,0.5,1.5589385323502771,1,0,1,0,2,0
46,15,1,10,4,14,0.9333333333333333,0.6666666666666666,0.26666666666666666,Temporal_Sequential_Context,2,0.5,1.4256051990169438,0,0,0,2,2,0
47,15,1,9,5,14,0.9333333333333333,0.6,0.3333333333333333,Speed_Dynamics,2,0.4,1.7382689280764647,2,0,0,2,1,0
48,15,0,13,2,15,1.0,0.8666666666666667,0.13333333333333333,Spatial_Reach_and_Route,1,0.5,0.6998428398862386,1,0,1,0,0,0
49,15,1,14,0,14,0.9333333333333333,0.9333333333333333,0.0,,0,0.0,0.35335933502142136,0,0,0,0,0,0
50,15,3,3,9,12,0.8,0.2,0.6,Turning_Dynamics,3,0.3333333333333333,2.321928094887362,0,0,3,3,0,3
51,15,3,3,9,12,0.8,0.2,0.6,Temporal_Sequential_Context,3,0.3333333333333333,2.321928094887362,0,3,0,3,3,0
52,15,10,1,4,5,0.3333333333333333,0.06666666666666667,0.26666666666666666,Acceleration_Dynamics,4,1.0,1.1589385323502772,4,0,0,0,0,0
53,15,6,4,5,9,0.6,0.26666666666666666,0.3333333333333333,Speed_Dynamics,3,0.6,1.889246428509158,2,0,0,3,0,0
54,15,10,0,5,5,0.3333333333333333,0.0,0.3333333333333333,Turning_Dynamics,5,1.0,0.9182958340544896,0,0,0,0,0,5
55,15,10,2,3,5,0.3333333333333333,0.13333333333333333,0.2,Temporal_Sequential_Context,3,1.0,1.2419460322060458,0,0,0,0,3,0
56,15,6,3,6,9,0.6,0.2,0.4,Temporal_Sequential_Context,3,0.5,1.9219280948873623,0,0,3,0,3,0
57,15,1,6,8,14,0.9333333333333333,0.4,0.5333333333333333,Turning_Dynamics,2,0.25,2.339572261986723,2,0,0,2,2,2
58,15,6,7,2,9,0.6,0.4666666666666667,0.13333333333333333,Temporal_Sequential_Context,2,1.0,1.4294732983598406,0,0,0,0,2,0
59,15,10,4,1,5,0.3333333333333333,0.26666666666666666,0.06666666666666667,Speed_Dynamics,1,1.0,1.158938532350277,0,0,0,1,0,0
60,15,10,3,2,5,0.3333333333333333,0.2,0.13333333333333333,Acceleration_Dynamics,2,1.0,1.2419460322060458,2,0,0,0,0,0
61,15,10,1,4,5,0.3333333333333333,0.06666666666666667,0.26666666666666666,Turning_Dynamics,4,1.0,1.158938532350277,0,0,0,0,0,4
62,15,10,0,5,5,0.3333333333333333,0.0,0.3333333333333333,Turning_Dynamics,5,1.0,0.9182958340544896,0,0,0,0,0,5
63,15,3,10,2,12,0.8,0.6666666666666666,0.13333333333333333,Curvature_Geometry,1,0.5,1.3752793655393791,1,1,0,0,0,0
64,15,6,6,3,9,0.6,0.4,0.2,Temporal_Sequential_Context,3,1.0,1.5219280948873621,0,0,0,0,3,0
65,15,0,14,1,15,1.0,0.9333333333333333,0.06666666666666667,Spatial_Reach_and_Route,1,1.0,0.35335933502142136,0,0,1,0,0,0
66,15,1,6,8,14,0.9333333333333333,0.4,0.5333333333333333,Turning_Dynamics,2,0.25,2.339572261986723,2,0,0,2,2,2
67,15,15,0,0,0,0.0,0.0,0.0,,0,0.0,0.0,0,0,0,0,0,0
68,15,15,0,0,0,0.0,0.0,0.0,,0,0.0,0.0,0,0,0,0,0,0
69,15,6,5,4,9,0.6,0.3333333333333333,0.26666666666666666,Temporal_Sequential_Context,2,0.5,1.8322628970242685,0,2,0,0,2,0
70,15,6,5,4,9,0.6,0.3333333333333333,0.26666666666666666,Spatial_Reach_and_Route,3,0.75,1.781937063546704,0,1,3,0,0,0
71,15,0,14,1,15,1.0,0.9333333333333333,0.06666666666666667,Curvature_Geometry,1,1.0,0.35335933502142136,0,1,0,0,0,0
72,15,6,5,4,9,0.6,0.3333333333333333,0.26666666666666666,Curvature_Geometry,4,1.0,1.565596230357602,0,4,0,0,0,0
73,15,1,10,4,14,0.9333333333333333,0.6666666666666666,0.26666666666666666,Temporal_Sequential_Context,1,0.25,1.6922718656836104,0,1,1,1,1,0
74,15,6,7,2,9,0.6,0.4666666666666667,0.13333333333333333,Turning_Dynamics,1,0.5,1.562806631693174,0,0,1,0,0,1
75,15,6,7,2,9,0.6,0.4666666666666667,0.13333333333333333,Temporal_Sequential_Context,1,0.5,1.562806631693174,0,1,0,0,1,0
76,15,10,3,2,5,0.3333333333333333,0.2,0.13333333333333333,Acceleration_Dynamics,2,1.0,1.2419460322060458,2,0,0,0,0,0
77,15,3,11,1,12,0.8,0.7333333333333333,0.06666666666666667,Spatial_Reach_and_Route,1,1.0,1.0529815751302694,0,0,1,0,0,0
78,15,3,6,6,12,0.8,0.4,0.4,Temporal_Sequential_Context,2,0.3333333333333333,2.155913095175825,0,2,2,0,2,0
79,15,0,10,5,15,1.0,0.6666666666666666,0.3333333333333333,Temporal_Sequential_Context,1,0.2,1.6922718656836107,1,1,1,1,1,0
80,15,6,7,2,9,0.6,0.4666666666666667,0.13333333333333333,Turning_Dynamics,2,1.0,1.4294732983598406,0,0,0,0,0,2
81,15,0,10,5,15,1.0,0.6666666666666666,0.3333333333333333,Temporal_Sequential_Context,1,0.2,1.6922718656836107,1,1,1,1,1,0
82,15,6,8,1,9,0.6,0.5333333333333333,0.06666666666666667,Spatial_Reach_and_Route,1,1.0,1.272905595320056,0,0,1,0,0,0
83,15,3,7,5,12,0.8,0.4666666666666667,0.3333333333333333,Turning_Dynamics,2,0.4,2.0131324651707385,1,2,0,0,0,2
84,15,3,12,0,12,0.8,0.8,0.0,,0,0.0,0.7219280948873623,0,0,0,0,0,0
85,15,6,9,0,9,0.6,0.6,0.0,,0,0.0,0.9709505944546686,0,0,0,0,0,0
86,15,10,5,0,5,0.3333333333333333,0.3333333333333333,0.0,,0,0.0,0.9182958340544896,0,0,0,0,0,0
87,15,3,10,2,12,0.8,0.6666666666666666,0.13333333333333333,Temporal_Sequential_Context,1,0.5,1.3752793655393791,1,0,0,0,1,0
88,15,0,12,3,15,1.0,0.8,0.2,Turning_Dynamics,1,0.3333333333333333,1.0389205950315936,0,0,1,0,1,1
89,15,6,9,0,9,0.6,0.6,0.0,,0,0.0,0.9709505944546686,0,0,0,0,0,0
90,15,1,8,6,14,0.9333333333333333,0.5333333333333333,0.4,Turning_Dynamics,2,0.3333333333333333,2.040223928941852,1,2,1,0,0,2
91,15,3,12,0,12,0.8,0.8,0.0,,0,0.0,0.7219280948873623,0,0,0,0,0,0
92,15,3,6,6,12,0.8,0.4,0.4,Speed_Dynamics,3,0.5,2.1055872616982603,1,0,2,3,0,0
93,15,6,5,4,9,0.6,0.3333333333333333,0.26666666666666666,Temporal_Sequential_Context,2,0.5,1.8322628970242685,0,0,2,0,2,0
94,15,10,1,4,5,0.3333333333333333,0.06666666666666667,0.26666666666666666,Spatial_Reach_and_Route,4,1.0,1.158938532350277,0,0,4,0,0,0
95,15,6,6,3,9,0.6,0.4,0.2,Spatial_Reach_and_Route,3,1.0,1.5219280948873621,0,0,3,0,0,0
96,15,1,9,5,14,0.9333333333333333,0.6,0.3333333333333333,Speed_Dynamics,2,0.4,1.7382689280764647,0,2,1,2,0,0
97,15,0,13,2,15,1.0,0.8666666666666667,0.13333333333333333,Temporal_Sequential_Context,1,0.5,0.6998428398862386,1,0,0,0,1,0
98,15,0,10,5,15,1.0,0.6666666666666666,0.3333333333333333,Temporal_Sequential_Context,1,0.2,1.6922718656836107,1,1,1,1,1,0
99,15,10,5,0,5,0.3333333333333333,0.3333333333333333,0.0,,0,0.0,0.9182958340544896,0,0,0,0,0,0
100,15,6,5,4,9,0.6,0.3333333333333333,0.26666666666666666,Temporal_Sequential_Context,3,0.75,1.781937063546704,1,0,0,0,3,0
101,15,3,7,5,12,0.8,0.4666666666666667,0.3333333333333333,Turning_Dynamics,2,0.4,2.0131324651707385,0,0,0,2,1,2
102,15,1,10,4,14,0.9333333333333333,0.6666666666666666,0.26666666666666666,Turning_Dynamics,2,0.5,1.5589385323502771,0,0,0,1,1,2
103,15,10,5,0,5,0.3333333333333333,0.3333333333333333,0.0,,0,0.0,0.9182958340544896,0,0,0,0,0,0
104,15,6,7,2,9,0.6,0.4666666666666667,0.13333333333333333,Spatial_Reach_and_Route,2,1.0,1.4294732983598406,0,0,2,0,0,0
105,15,1,13,1,14,0.9333333333333333,0.8666666666666667,0.06666666666666667,Curvature_Geometry,1,1.0,0.6998428398862386,0,1,0,0,0,0
106,15,6,8,1,9,0.6,0.5333333333333333,0.06666666666666667,Turning_Dynamics,1,1.0,1.272905595320056,0,0,0,0,0,1
107,15,6,5,4,9,0.6,0.3333333333333333,0.26666666666666666,Spatial_Reach_and_Route,3,0.75,1.781937063546704,0,0,3,1,0,0
108,15,10,4,1,5,0.3333333333333333,0.26666666666666666,0.06666666666666667,Spatial_Reach_and_Route,1,1.0,1.158938532350277,0,0,1,0,0,0
109,15,6,8,1,9,0.6,0.5333333333333333,0.06666666666666667,Spatial_Reach_and_Route,1,1.0,1.272905595320056,0,0,1,0,0,0
110,15,1,10,4,14,0.9333333333333333,0.6666666666666666,0.26666666666666666,Turning_Dynamics,1,0.25,1.6922718656836104,0,0,1,1,1,1
111,15,6,3,6,9,0.6,0.2,0.4,Turning_Dynamics,4,0.6666666666666666,1.8892464285091581,0,0,0,0,2,4
112,15,3,9,3,12,0.8,0.6,0.2,Turning_Dynamics,2,0.6666666666666666,1.5546097612655665,0,0,1,0,0,2
113,15,1,10,4,14,0.9333333333333333,0.6666666666666666,0.26666666666666666,Turning_Dynamics,1,0.25,1.6922718656836104,0,0,1,1,1,1
114,15,3,9,3,12,0.8,0.6,0.2,Temporal_Sequential_Context,2,0.6666666666666666,1.5546097612655667,0,1,0,0,2,0
115,15,3,9,3,12,0.8,0.6,0.2,Turning_Dynamics,2,0.6666666666666666,1.5546097612655667,0,0,1,0,0,2
116,15,1,11,3,14,0.9333333333333333,0.7333333333333333,0.2,Spatial_Reach_and_Route,2,0.6666666666666666,1.2366407419411674,1,0,2,0,0,0
117,15,0,15,0,15,1.0,1.0,0.0,,0,0.0,0.0,0,0,0,0,0,0
118,15,6,1,8,9,0.6,0.06666666666666667,0.5333333333333333,Curvature_Geometry,4,0.5,1.8062389286533893,4,4,0,0,0,0
119,15,1,9,5,14,0.9333333333333333,0.6,0.3333333333333333,Speed_Dynamics,2,0.4,1.7382689280764645,1,0,2,2,0,0
120,15,1,6,8,14,0.9333333333333333,0.4,0.5333333333333333,Turning_Dynamics,2,0.25,2.339572261986723,2,0,0,2,2,2
121,15,1,12,2,14,0.9333333333333333,0.8,0.13333333333333333,Turning_Dynamics,1,0.5,1.0389205950315936,1,0,0,0,0,1
122,15,6,6,3,9,0.6,0.4,0.2,Turning_Dynamics,3,1.0,1.5219280948873621,0,0,0,0,0,3
123,15,3,9,3,12,0.8,0.6,0.2,Curvature_Geometry,3,1.0,1.3709505944546687,0,3,0,0,0,0
124,15,6,2,7,9,0.6,0.13333333333333333,0.4666666666666667,Speed_Dynamics,4,0.5714285714285714,1.8892464285091581,0,0,3,4,0,0
125,15,0,13,2,15,1.0,0.8666666666666667,0.13333333333333333,Spatial_Reach_and_Route,1,0.5,0.6998428398862386,1,0,1,0,0,0
126,15,3,8,4,12,0.8,0.5333333333333333,0.26666666666666666,Speed_Dynamics,2,0.5,1.856564762130954,0,1,1,2,0,0
127,15,1,9,5,14,0.9333333333333333,0.6,0.3333333333333333,Turning_Dynamics,2,0.4,1.7382689280764645,1,0,2,0,0,2
128,15,3,8,4,12,0.8,0.5333333333333333,0.26666666666666666,Acceleration_Dynamics,3,0.75,1.6729055953200562,3,0,1,0,0,0
129,15,1,10,4,14,0.9333333333333333,0.6666666666666666,0.26666666666666666,Turning_Dynamics,1,0.25,1.6922718656836107,0,0,1,1,1,1
130,15,0,14,1,15,1.0,0.9333333333333333,0.06666666666666667,Speed_Dynamics,1,1.0,0.35335933502142136,0,0,0,1,0,0
131,15,3,8,4,12,0.8,0.5333333333333333,0.26666666666666666,Speed_Dynamics,3,0.75,1.6729055953200562,0,0,1,3,0,0
132,15,0,10,5,15,1.0,0.6666666666666666,0.3333333333333333,Turning_Dynamics,1,0.2,1.6922718656836107,1,0,1,1,1,1
133,15,1,8,6,14,0.9333333333333333,0.5333333333333333,0.4,Temporal_Sequential_Context,2,0.3333333333333333,2.040223928941852,1,0,2,1,2,0
134,15,3,7,5,12,0.8,0.4666666666666667,0.3333333333333333,Spatial_Reach_and_Route,3,0.6,1.962806631693174,1,1,3,0,0,0
135,15,0,10,5,15,1.0,0.6666666666666666,0.3333333333333333,Temporal_Sequential_Context,1,0.2,1.6922718656836107,1,1,1,1,1,0
136,15,0,13,2,15,1.0,0.8666666666666667,0.13333333333333333,Turning_Dynamics,1,0.5,0.6998428398862386,0,0,0,1,0,1
137,15,3,3,9,12,0.8,0.2,0.6,Turning_Dynamics,3,0.3333333333333333,2.321928094887362,3,0,3,0,0,3
138,15,1,12,2,14,0.9333333333333333,0.8,0.13333333333333333,Spatial_Reach_and_Route,1,0.5,1.0389205950315936,0,1,1,0,0,0
139,15,1,11,3,14,0.9333333333333333,0.7333333333333333,0.2,Turning_Dynamics,1,0.3333333333333333,1.3699740752745009,0,0,1,0,1,1
140,15,1,11,3,14,0.9333333333333333,0.7333333333333333,0.2,Spatial_Reach_and_Route,2,0.6666666666666666,1.2366407419411674,1,0,2,0,0,0
141,15,0,13,2,15,1.0,0.8666666666666667,0.13333333333333333,Turning_Dynamics,1,0.5,0.6998428398862386,0,0,1,0,0,1
142,15,6,7,2,9,0.6,0.4666666666666667,0.13333333333333333,Turning_Dynamics,1,0.5,1.5628066316931741,0,0,0,1,0,1
143,15,3,7,5,12,0.8,0.4666666666666667,0.3333333333333333,Turning_Dynamics,2,0.4,2.013132465170739,0,2,0,1,0,2
144,15,6,9,0,9,0.6,0.6,0.0,,0,0.0,0.9709505944546686,0,0,0,0,0,0
145,15,3,8,4,12,0.8,0.5333333333333333,0.26666666666666666,Spatial_Reach_and_Route,2,0.5,1.856564762130954,0,1,2,0,0,1
146,15,6,9,0,9,0.6,0.6,0.0,,0,0.0,0.9709505944546686,0,0,0,0,0,0
147,15,10,0,5,5,0.3333333333333333,0.0,0.3333333333333333,Turning_Dynamics,5,1.0,0.9182958340544896,0,0,0,0,0,5
148,15,1,12,2,14,0.9333333333333333,0.8,0.13333333333333333,Turning_Dynamics,1,0.5,1.0389205950315936,0,0,0,0,1,1
149,15,1,10,4,14,0.9333333333333333,0.6666666666666666,0.26666666666666666,Turning_Dynamics,2,0.5,1.4256051990169438,0,0,2,0,0,2
150,15,6,8,1,9,0.6,0.5333333333333333,0.06666666666666667,Spatial_Reach_and_Route,1,1.0,1.272905595320056,0,0,1,0,0,0
151,15,3,5,7,12,0.8,0.3333333333333333,0.4666666666666667,Speed_Dynamics,3,0.42857142857142855,2.2322628970242686,2,0,0,3,2,0
152,15,6,5,4,9,0.6,0.3333333333333333,0.26666666666666666,Temporal_Sequential_Context,4,1.0,1.5655962303576019,0,0,0,0,4,0
153,15,6,4,5,9,0.6,0.26666666666666666,0.3333333333333333,Turning_Dynamics,4,0.8,1.8062389286533893,1,0,0,0,0,4
154,15,10,2,3,5,0.3333333333333333,0.13333333333333333,0.2,Spatial_Reach_and_Route,3,1.0,1.2419460322060458,0,0,3,0,0,0
155,15,3,6,6,12,0.8,0.4,0.4,Speed_Dynamics,3,0.5,1.9219280948873623,0,0,3,3,0,0
156,15,6,8,1,9,0.6,0.5333333333333333,0.06666666666666667,Speed_Dynamics,1,1.0,1.272905595320056,0,0,0,1,0,0
157,15,10,5,0,5,0.3333333333333333,0.3333333333333333,0.0,,0,0.0,0.9182958340544896,0,0,0,0,0,0
158,15,1,11,3,14,0.9333333333333333,0.7333333333333333,0.2,Speed_Dynamics,2,0.6666666666666666,1.2366407419411674,0,0,0,2,1,0
159,15,3,7,5,12,0.8,0.4666666666666667,0.3333333333333333,Temporal_Sequential_Context,3,0.6,1.962806631693174,1,0,0,0,3,1
160,15,0,13,2,15,1.0,0.8666666666666667,0.13333333333333333,Turning_Dynamics,1,0.5,0.6998428398862386,0,0,1,0,0,1
161,15,1,9,5,14,0.9333333333333333,0.6,0.3333333333333333,Temporal_Sequential_Context,2,0.4,1.871602261409798,0,0,1,1,2,1
162,15,1,8,6,14,0.9333333333333333,0.5333333333333333,0.4,Speed_Dynamics,2,0.3333333333333333,1.9068905956085187,2,0,2,2,0,0
163,15,6,6,3,9,0.6,0.4,0.2,Speed_Dynamics,3,1.0,1.5219280948873621,0,0,0,3,0,0
164,15,6,6,3,9,0.6,0.4,0.2,Acceleration_Dynamics,3,1.0,1.5219280948873621,3,0,0,0,0,0
165,15,6,3,6,9,0.6,0.2,0.4,Acceleration_Dynamics,4,0.6666666666666666,1.8892464285091581,4,0,0,0,2,0
166,15,6,2,7,9,0.6,0.13333333333333333,0.4666666666666667,Temporal_Sequential_Context,4,0.5714285714285714,1.8892464285091581,0,0,0,3,4,0
167,15,6,8,1,9,0.6,0.5333333333333333,0.06666666666666667,Curvature_Geometry,1,1.0,1.272905595320056,0,1,0,0,0,0
168,15,1,14,0,14,0.9333333333333333,0.9333333333333333,0.0,,0,0.0,0.35335933502142136,0,0,0,0,0,0
169,15,6,4,5,9,0.6,0.26666666666666666,0.3333333333333333,Turning_Dynamics,4,0.8,1.8062389286533893,1,0,0,0,0,4
170,15,1,11,3,14,0.9333333333333333,0.7333333333333333,0.2,Temporal_Sequential_Context,2,0.6666666666666666,1.2366407419411674,0,1,0,0,2,0
171,15,1,13,1,14,0.9333333333333333,0.8666666666666667,0.06666666666666667,Temporal_Sequential_Context,1,1.0,0.6998428398862386,0,0,0,0,1,0
172,15,1,10,4,14,0.9333333333333333,0.6666666666666666,0.26666666666666666,Speed_Dynamics,2,0.5,1.5589385323502771,0,0,1,2,1,0
173,15,3,5,7,12,0.8,0.3333333333333333,0.4666666666666667,Temporal_Sequential_Context,3,0.42857142857142855,2.181937063546704,3,1,0,0,3,0
174,15,3,7,5,12,0.8,0.4666666666666667,0.3333333333333333,Turning_Dynamics,2,0.4,2.0131324651707385,2,0,0,0,1,2
175,15,6,1,8,9,0.6,0.06666666666666667,0.5333333333333333,Turning_Dynamics,4,0.5,1.8062389286533895,0,0,0,4,0,4
176,15,6,4,5,9,0.6,0.26666666666666666,0.3333333333333333,Acceleration_Dynamics,3,0.6,1.8892464285091581,3,0,0,0,0,2
177,15,6,5,4,9,0.6,0.3333333333333333,0.26666666666666666,Temporal_Sequential_Context,4,1.0,1.565596230357602,0,0,0,0,4,0
178,15,6,7,2,9,0.6,0.4666666666666667,0.13333333333333333,Speed_Dynamics,2,1.0,1.4294732983598406,0,0,0,2,0,0
179,15,0,12,3,15,1.0,0.8,0.2,Temporal_Sequential_Context,1,0.3333333333333333,1.0389205950315936,1,0,0,1,1,0
180,15,6,6,3,9,0.6,0.4,0.2,Speed_Dynamics,3,1.0,1.5219280948873621,0,0,0,3,0,0
181,15,1,6,8,14,0.9333333333333333,0.4,0.5333333333333333,Turning_Dynamics,2,0.25,2.339572261986723,2,0,2,0,2,2
182,15,6,3,6,9,0.6,0.2,0.4,Turning_Dynamics,4,0.6666666666666666,1.8892464285091581,0,0,0,0,2,4
183,15,6,7,2,9,0.6,0.4666666666666667,0.13333333333333333,Spatial_Reach_and_Route,2,1.0,1.4294732983598406,0,0,2,0,0,0
184,15,15,0,0,0,0.0,0.0,0.0,,0,0.0,0.0,0,0,0,0,0,0
185,15,10,0,5,5,0.3333333333333333,0.0,0.3333333333333333,Curvature_Geometry,5,1.0,0.9182958340544896,0,5,0,0,0,0
186,15,3,9,3,12,0.8,0.6,0.2,Turning_Dynamics,1,0.3333333333333333,1.6879430945989,0,1,1,0,0,1
187,15,1,6,8,14,0.9333333333333333,0.4,0.5333333333333333,Temporal_Sequential_Context,2,0.25,2.339572261986723,0,2,2,2,2,0
188,15,6,5,4,9,0.6,0.3333333333333333,0.26666666666666666,Temporal_Sequential_Context,2,0.5,1.8322628970242687,0,2,0,0,2,0
189,15,6,1,8,9,0.6,0.06666666666666667,0.5333333333333333,Turning_Dynamics,4,0.5,1.8062389286533895,0,0,0,4,0,4
190,15,6,7,2,9,0.6,0.4666666666666667,0.13333333333333333,Turning_Dynamics,1,0.5,1.5628066316931741,0,1,0,0,0,1
191,15,3,11,1,12,0.8,0.7333333333333333,0.06666666666666667,Speed_Dynamics,1,1.0,1.0529815751302694,0,0,0,1,0,0
192,15,3,5,7,12,0.8,0.3333333333333333,0.4666666666666667,Spatial_Reach_and_Route,3,0.42857142857142855,2.2322628970242686,0,2,3,2,0,0
193,15,0,10,5,15,1.0,0.6666666666666666,0.3333333333333333,Temporal_Sequential_Context,1,0.2,1.6922718656836107,1,1,1,1,1,0
194,15,0,15,0,15,1.0,1.0,0.0,,0,0.0,0.0,0,0,0,0,0,0
195,15,0,15,0,15,1.0,1.0,0.0,,0,0.0,0.0,0,0,0,0,0,0
196,15,6,7,2,9,0.6,0.4666666666666667,0.13333333333333333,Turning_Dynamics,2,1.0,1.4294732983598406,0,0,0,0,0,2
197,15,6,9,0,9,0.6,0.6,0.0,,0,0.0,0.9709505944546686,0,0,0,0,0,0
198,15,3,6,6,12,0.8,0.4,0.4,Speed_Dynamics,3,0.5,2.1055872616982603,0,1,2,3,0,0
199,15,3,3,9,12,0.8,0.2,0.6,Turning_Dynamics,3,0.3333333333333333,2.321928094887362,0,0,0,3,3,3
200,15,1,8,6,14,0.9333333333333333,0.5333333333333333,0.4,Temporal_Sequential_Context,2,0.3333333333333333,1.9068905956085187,2,0,0,2,2,0
201,15,3,6,6,12,0.8,0.4,0.4,Curvature_Geometry,3,0.5,2.1055872616982603,1,3,0,2,0,0
202,15,0,11,4,15,1.0,0.7333333333333333,0.26666666666666666,Speed_Dynamics,1,0.25,1.3699740752745009,1,1,1,1,0,0
203,15,3,9,3,12,0.8,0.6,0.2,Turning_Dynamics,3,1.0,1.3709505944546687,0,0,0,0,0,3
204,15,3,9,3,12,0.8,0.6,0.2,Speed_Dynamics,3,1.0,1.3709505944546687,0,0,0,3,0,0
205,15,0,14,1,15,1.0,0.9333333333333333,0.06666666666666667,Temporal_Sequential_Context,1,1.0,0.35335933502142136,0,0,0,0,1,0
206,15,1,10,4,14,0.9333333333333333,0.6666666666666666,0.26666666666666666,Turning_Dynamics,2,0.5,1.4256051990169438,2,0,0,0,0,2
207,15,3,5,7,12,0.8,0.3333333333333333,0.4666666666666667,Spatial_Reach_and_Route,3,0.42857142857142855,2.181937063546704,1,3,3,0,0,0
208,15,10,5,0,5,0.3333333333333333,0.3333333333333333,0.0,,0,0.0,0.9182958340544896,0,0,0,0,0,0
209,15,3,10,2,12,0.8,0.6666666666666666,0.13333333333333333,Curvature_Geometry,1,0.5,1.3752793655393791,1,1,0,0,0,0
210,15,10,2,3,5,0.3333333333333333,0.13333333333333333,0.2,Turning_Dynamics,3,1.0,1.2419460322060458,0,0,0,0,0,3
211,15,1,6,8,14,0.9333333333333333,0.4,0.5333333333333333,Turning_Dynamics,2,0.25,2.339572261986723,2,2,2,0,0,2
212,15,3,6,6,12,0.8,0.4,0.4,Turning_Dynamics,3,0.5,1.9219280948873623,0,3,0,0,0,3
213,15,1,7,7,14,0.9333333333333333,0.4666666666666667,0.4666666666666667,Turning_Dynamics,2,0.2857142857142857,2.196791631981637,2,2,1,0,0,2
214,15,3,9,3,12,0.8,0.6,0.2,Turning_Dynamics,2,0.6666666666666666,1.5546097612655665,0,1,0,0,0,2
215,15,1,8,6,14,0.9333333333333333,0.5333333333333333,0.4,Turning_Dynamics,2,0.3333333333333333,1.9068905956085187,2,0,2,0,0,2
216,15,10,0,5,5,0.3333333333333333,0.0,0.3333333333333333,Turning_Dynamics,5,1.0,0.9182958340544896,0,0,0,0,0,5
217,15,0,10,5,15,1.0,0.6666666666666666,0.3333333333333333,Turning_Dynamics,1,0.2,1.6922718656836107,1,1,0,1,1,1
218,15,10,2,3,5,0.3333333333333333,0.13333333333333333,0.2,Acceleration_Dynamics,3,1.0,1.2419460322060458,3,0,0,0,0,0
219,15,6,8,1,9,0.6,0.5333333333333333,0.06666666666666667,Curvature_Geometry,1,1.0,1.272905595320056,0,1,0,0,0,0
220,15,3,4,8,12,0.8,0.26666666666666666,0.5333333333333333,Turning_Dynamics,3,0.375,2.2892464285091583,0,0,0,2,3,3
221,15,6,5,4,9,0.6,0.3333333333333333,0.26666666666666666,Speed_Dynamics,3,0.75,1.781937063546704,0,0,0,3,0,1
222,15,15,0,0,0,0.0,0.0,0.0,,0,0.0,0.0,0,0,0,0,0,0
223,15,6,1,8,9,0.6,0.06666666666666667,0.5333333333333333,Turning_Dynamics,4,0.5,1.8062389286533893,4,0,0,0,0,4
224,15,6,3,6,9,0.6,0.2,0.4,Turning_Dynamics,3,0.5,1.9219280948873623,0,0,0,3,0,3
225,15,15,0,0,0,0.0,0.0,0.0,,0,0.0,0.0,0,0,0,0,0,0
226,15,3,7,5,12,0.8,0.4666666666666667,0.3333333333333333,Speed_Dynamics,3,0.6,1.9628066316931743,0,0,0,3,1,1
227,15,10,0,5,5,0.3333333333333333,0.0,0.3333333333333333,Turning_Dynamics,5,1.0,0.9182958340544896,0,0,0,0,0,5
228,15,10,0,5,5,0.3333333333333333,0.0,0.3333333333333333,Speed_Dynamics,5,1.0,0.9182958340544896,0,0,0,5,0,0
229,15,3,9,3,12,0.8,0.6,0.2,Temporal_Sequential_Context,3,1.0,1.3709505944546687,0,0,0,0,3,0
230,15,10,4,1,5,0.3333333333333333,0.26666666666666666,0.06666666666666667,Curvature_Geometry,1,1.0,1.158938532350277,0,1,0,0,0,0
231,15,10,1,4,5,0.3333333333333333,0.06666666666666667,0.26666666666666666,Turning_Dynamics,4,1.0,1.158938532350277,0,0,0,0,0,4
232,15,1,6,8,14,0.9333333333333333,0.4,0.5333333333333333,Turning_Dynamics,2,0.25,2.339572261986723,2,2,0,0,2,2
233,15,3,4,8,12,0.8,0.26666666666666666,0.5333333333333333,Curvature_Geometry,3,0.375,2.2892464285091583,3,3,0,2,0,0
234,15,6,2,7,9,0.6,0.13333333333333333,0.4666666666666667,Curvature_Geometry,4,0.5714285714285714,1.8892464285091581,0,4,0,0,3,0
235,15,6,1,8,9,0.6,0.06666666666666667,0.5333333333333333,Turning_Dynamics,4,0.5,1.8062389286533895,0,4,0,0,0,4
236,15,1,9,5,14,0.9333333333333333,0.6,0.3333333333333333,Speed_Dynamics,2,0.4,1.7382689280764647,0,2,0,2,1,0
237,15,3,7,5,12,0.8,0.4666666666666667,0.3333333333333333,Turning_Dynamics,2,0.4,2.013132465170739,0,2,0,0,1,2
238,15,3,3,9,12,0.8,0.2,0.6,Turning_Dynamics,3,0.3333333333333333,2.321928094887362,3,3,0,0,0,3
239,15,1,9,5,14,0.9333333333333333,0.6,0.3333333333333333,Temporal_Sequential_Context,2,0.4,1.7382689280764647,0,2,0,0,2,1
240,15,3,3,9,12,0.8,0.2,0.6,Speed_Dynamics,3,0.3333333333333333,2.321928094887362,3,3,0,3,0,0
241,15,3,6,6,12,0.8,0.4,0.4,Temporal_Sequential_Context,2,0.3333333333333333,2.155913095175825,2,2,0,0,2,0
242,15,1,7,7,14,0.9333333333333333,0.4666666666666667,0.4666666666666667,Temporal_Sequential_Context,2,0.2857142857142857,2.1967916319816365,2,2,1,0,2,0
243,15,3,3,9,12,0.8,0.2,0.6,Turning_Dynamics,3,0.3333333333333333,2.321928094887362,3,3,0,0,0,3
244,15,1,6,8,14,0.9333333333333333,0.4,0.5333333333333333,Temporal_Sequential_Context,2,0.25,2.3395722619867225,2,2,0,2,2,0
245,15,1,8,6,14,0.9333333333333333,0.5333333333333333,0.4,Turning_Dynamics,2,0.3333333333333333,1.9068905956085187,2,0,0,2,0,2
246,15,6,3,6,9,0.6,0.2,0.4,Temporal_Sequential_Context,4,0.6666666666666666,1.8892464285091581,0,0,0,0,4,2
247,15,3,10,2,12,0.8,0.6666666666666666,0.13333333333333333,Speed_Dynamics,2,1.0,1.2419460322060458,0,0,0,2,0,0
248,15,6,3,6,9,0.6,0.2,0.4,Turning_Dynamics,3,0.5,1.9219280948873623,0,0,0,0,3,3
249,15,3,10,2,12,0.8,0.6666666666666666,0.13333333333333333,Speed_Dynamics,2,1.0,1.2419460322060458,0,0,0,2,0,0
250,15,10,4,1,5,0.3333333333333333,0.26666666666666666,0.06666666666666667,Temporal_Sequential_Context,1,1.0,1.158938532350277,0,0,0,0,1,0
251,15,3,8,4,12,0.8,0.5333333333333333,0.26666666666666666,Speed_Dynamics,3,0.75,1.6729055953200562,0,0,0,3,0,1
252,15,3,9,3,12,0.8,0.6,0.2,Acceleration_Dynamics,3,1.0,1.3709505944546687,3,0,0,0,0,0
253,15,6,2,7,9,0.6,0.13333333333333333,0.4666666666666667,Turning_Dynamics,4,0.5714285714285714,1.8892464285091581,0,0,0,0,3,4
254,15,3,9,3,12,0.8,0.6,0.2,Turning_Dynamics,2,0.6666666666666666,1.5546097612655665,0,0,0,1,0,2
255,15,10,0,5,5,0.3333333333333333,0.0,0.3333333333333333,Temporal_Sequential_Context,5,1.0,0.9182958340544896,0,0,0,0,5,0
256,15,6,7,2,9,0.6,0.4666666666666667,0.13333333333333333,Speed_Dynamics,2,1.0,1.4294732983598406,0,0,0,2,0,0
257,15,10,4,1,5,0.3333333333333333,0.26666666666666666,0.06666666666666667,Curvature_Geometry,1,1.0,1.158938532350277,0,1,0,0,0,0
258,15,10,5,0,5,0.3333333333333333,0.3333333333333333,0.0,,0,0.0,0.9182958340544896,0,0,0,0,0,0
259,15,1,10,4,14,0.9333333333333333,0.6666666666666666,0.26666666666666666,Temporal_Sequential_Context,2,0.5,1.5589385323502771,1,0,0,0,2,1
260,15,3,6,6,12,0.8,0.4,0.4,Turning_Dynamics,3,0.5,1.9219280948873623,0,0,0,3,0,3
261,15,3,7,5,12,0.8,0.4666666666666667,0.3333333333333333,Acceleration_Dynamics,3,0.6,1.9628066316931743,3,0,0,1,0,1
262,15,10,1,4,5,0.3333333333333333,0.06666666666666667,0.26666666666666666,Temporal_Sequential_Context,4,1.0,1.158938532350277,0,0,0,0,4,0
263,15,3,7,5,12,0.8,0.4666666666666667,0.3333333333333333,Turning_Dynamics,3,0.6,1.8294732983598407,2,0,0,0,0,3
264,15,3,6,6,12,0.8,0.4,0.4,Temporal_Sequential_Context,3,0.5,2.1055872616982603,2,0,0,0,3,1
265,15,3,3,9,12,0.8,0.2,0.6,Temporal_Sequential_Context,3,0.3333333333333333,2.321928094887362,3,3,0,0,3,0
266,15,3,11,1,12,0.8,0.7333333333333333,0.06666666666666667,Turning_Dynamics,1,1.0,1.0529815751302694,0,0,0,0,0,1
267,15,1,14,0,14,0.9333333333333333,0.9333333333333333,0.0,,0,0.0,0.35335933502142136,0,0,0,0,0,0
268,15,6,1,8,9,0.6,0.06666666666666667,0.5333333333333333,Curvature_Geometry,4,0.5,1.8062389286533893,4,4,0,0,0,0
269,15,3,7,5,12,0.8,0.4666666666666667,0.3333333333333333,Acceleration_Dynamics,3,0.6,1.9628066316931743,3,0,0,1,0,1
270,15,3,9,3,12,0.8,0.6,0.2,Turning_Dynamics,1,0.3333333333333333,1.6879430945989,1,1,0,0,0,1
271,15,6,5,4,9,0.6,0.3333333333333333,0.26666666666666666,Curvature_Geometry,2,0.5,1.8322628970242687,2,2,0,0,0,0
272,15,6,2,7,9,0.6,0.13333333333333333,0.4666666666666667,Speed_Dynamics,4,0.5714285714285714,1.889246428509158,3,0,0,4,0,0
273,15,3,6,6,12,0.8,0.4,0.4,Temporal_Sequential_Context,2,0.3333333333333333,2.155913095175825,2,2,0,0,2,0
274,15,1,6,8,14,0.9333333333333333,0.4,0.5333333333333333,Turning_Dynamics,2,0.25,2.339572261986723,2,0,0,2,2,2
275,15,0,11,4,15,1.0,0.7333333333333333,0.26666666666666666,Turning_Dynamics,1,0.25,1.3699740752745009,1,0,1,0,1,1
276,15,1,8,6,14,0.9333333333333333,0.5333333333333333,0.4,Spatial_Reach_and_Route,2,0.3333333333333333,2.040223928941852,2,0,2,1,0,1
277,15,1,10,4,14,0.9333333333333333,0.6666666666666666,0.26666666666666666,Acceleration_Dynamics,2,0.5,1.5589385323502774,2,0,1,0,1,0
278,15,1,10,4,14,0.9333333333333333,0.6666666666666666,0.26666666666666666,Acceleration_Dynamics,2,0.5,1.5589385323502774,2,0,1,1,0,0
279,15,0,13,2,15,1.0,0.8666666666666667,0.13333333333333333,Turning_Dynamics,1,0.5,0.6998428398862386,0,1,0,0,0,1
280,15,3,9,3,12,0.8,0.6,0.2,Speed_Dynamics,3,1.0,1.3709505944546687,0,0,0,3,0,0
281,15,3,10,2,12,0.8,0.6666666666666666,0.13333333333333333,Temporal_Sequential_Context,2,1.0,1.2419460322060458,0,0,0,0,2,0
282,15,3,11,1,12,0.8,0.7333333333333333,0.06666666666666667,Turning_Dynamics,1,1.0,1.0529815751302694,0,0,0,0,0,1
283,15,6,5,4,9,0.6,0.3333333333333333,0.26666666666666666,Temporal_Sequential_Context,3,0.75,1.781937063546704,0,0,0,1,3,0
284,15,3,9,3,12,0.8,0.6,0.2,Turning_Dynamics,1,0.3333333333333333,1.6879430945989,0,0,0,1,1,1
285,15,6,5,4,9,0.6,0.3333333333333333,0.26666666666666666,Temporal_Sequential_Context,3,0.75,1.781937063546704,0,0,0,1,3,0
286,15,6,6,3,9,0.6,0.4,0.2,Turning_Dynamics,2,0.6666666666666666,1.7055872616982601,0,0,0,0,1,2
287,15,6,5,4,9,0.6,0.3333333333333333,0.26666666666666666,Speed_Dynamics,4,1.0,1.565596230357602,0,0,0,4,0,0
288,15,1,11,3,14,0.9333333333333333,0.7333333333333333,0.2,Turning_Dynamics,1,0.3333333333333333,1.3699740752745009,0,0,0,1,1,1
289,15,3,6,6,12,0.8,0.4,0.4,Turning_Dynamics,2,0.3333333333333333,2.1559130951758245,0,0,0,2,2,2
290,15,10,3,2,5,0.3333333333333333,0.2,0.13333333333333333,Temporal_Sequential_Context,2,1.0,1.2419460322060458,0,0,0,0,2,0
291,15,6,4,5,9,0.6,0.26666666666666666,0.3333333333333333,Turning_Dynamics,3,0.6,1.8892464285091581,0,0,0,0,2,3
292,15,10,1,4,5,0.3333333333333333,0.06666666666666667,0.26666666666666666,Temporal_Sequential_Context,4,1.0,1.158938532350277,0,0,0,0,4,0
293,15,6,5,4,9,0.6,0.3333333333333333,0.26666666666666666,Turning_Dynamics,2,0.5,1.8322628970242685,0,2,0,0,0,2
294,15,3,3,9,12,0.8,0.2,0.6,Speed_Dynamics,3,0.3333333333333333,2.321928094887362,3,3,0,3,0,0
295,15,1,12,2,14,0.9333333333333333,0.8,0.13333333333333333,Temporal_Sequential_Context,1,0.5,1.0389205950315936,0,0,1,0,1,0
296,15,0,10,5,15,1.0,0.6666666666666666,0.3333333333333333,Turning_Dynamics,1,0.2,1.6922718656836107,1,1,0,1,1,1
297,15,0,11,4,15,1.0,0.7333333333333333,0.26666666666666666,Turning_Dynamics,1,0.25,1.3699740752745009,0,0,1,1,1,1
298,15,1,8,6,14,0.9333333333333333,0.5333333333333333,0.4,Speed_Dynamics,2,0.3333333333333333,2.040223928941852,1,2,0,2,1,0
299,15,3,3,9,12,0.8,0.2,0.6,Speed_Dynamics,3,0.3333333333333333,2.321928094887362,3,3,0,3,0,0
300,15,1,9,5,14,0.9333333333333333,0.6,0.3333333333333333,Temporal_Sequential_Context,2,0.4,1.7382689280764647,0,0,2,0,2,1
301,15,3,3,9,12,0.8,0.2,0.6,Speed_Dynamics,3,0.3333333333333333,2.321928094887362,3,3,0,3,0,0
302,15,0,12,3,15,1.0,0.8,0.2,Turning_Dynamics,1,0.3333333333333333,1.0389205950315936,0,0,1,0,1,1
303,15,0,11,4,15,1.0,0.7333333333333333,0.26666666666666666,Turning_Dynamics,1,0.25,1.3699740752745009,1,0,0,1,1,1
304,15,3,6,6,12,0.8,0.4,0.4,Speed_Dynamics,2,0.3333333333333333,2.1559130951758245,2,2,0,2,0,0
305,15,3,7,5,12,0.8,0.4666666666666667,0.3333333333333333,Turning_Dynamics,3,0.6,1.9628066316931743,0,0,1,0,1,3
306,15,1,6,8,14,0.9333333333333333,0.4,0.5333333333333333,Turning_Dynamics,2,0.25,2.339572261986723,2,2,0,2,0,2
307,15,6,1,8,9,0.6,0.06666666666666667,0.5333333333333333,Turning_Dynamics,4,0.5,1.8062389286533893,4,0,0,0,0,4
308,15,1,10,4,14,0.9333333333333333,0.6666666666666666,0.26666666666666666,Turning_Dynamics,1,0.25,1.6922718656836107,0,1,0,1,1,1
309,15,0,15,0,15,1.0,1.0,0.0,,0,0.0,0.0,0,0,0,0,0,0
310,15,6,1,8,9,0.6,0.06666666666666667,0.5333333333333333,Turning_Dynamics,4,0.5,1.8062389286533895,0,4,0,0,0,4
311,15,6,1,8,9,0.6,0.06666666666666667,0.5333333333333333,Turning_Dynamics,4,0.5,1.8062389286533893,4,0,0,0,0,4
312,15,0,12,3,15,1.0,0.8,0.2,Turning_Dynamics,1,0.3333333333333333,1.0389205950315936,1,1,0,0,0,1
313,15,6,1,8,9,0.6,0.06666666666666667,0.5333333333333333,Turning_Dynamics,4,0.5,1.8062389286533895,0,4,0,0,0,4
314,15,3,5,7,12,0.8,0.3333333333333333,0.4666666666666667,Temporal_Sequential_Context,3,0.42857142857142855,2.181937063546704,3,0,0,0,3,1
315,15,6,5,4,9,0.6,0.3333333333333333,0.26666666666666666,Curvature_Geometry,4,1.0,1.565596230357602,0,4,0,0,0,0
316,15,6,2,7,9,0.6,0.13333333333333333,0.4666666666666667,Acceleration_Dynamics,4,0.5714285714285714,1.889246428509158,4,0,0,3,0,0
317,15,6,4,5,9,0.6,0.26666666666666666,0.3333333333333333,Curvature_Geometry,4,0.8,1.8062389286533895,0,4,0,0,0,1
318,15,3,3,9,12,0.8,0.2,0.6,Turning_Dynamics,3,0.3333333333333333,2.321928094887362,3,0,0,0,3,3
319,15,15,0,0,0,0.0,0.0,0.0,,0,0.0,0.0,0,0,0,0,0,0
320,15,6,3,6,9,0.6,0.2,0.4,Turning_Dynamics,3,0.5,1.9219280948873623,3,0,0,0,0,3
321,15,0,13,2,15,1.0,0.8666666666666667,0.13333333333333333,Turning_Dynamics,1,0.5,0.6998428398862386,1,0,0,0,0,1
322,15,0,14,1,15,1.0,0.9333333333333333,0.06666666666666667,Acceleration_Dynamics,1,1.0,0.35335933502142136,1,0,0,0,0,0
323,15,1,14,0,14,0.9333333333333333,0.9333333333333333,0.0,,0,0.0,0.35335933502142136,0,0,0,0,0,0
324,15,3,5,7,12,0.8,0.3333333333333333,0.4666666666666667,Turning_Dynamics,3,0.42857142857142855,2.181937063546704,1,0,3,0,0,3
325,15,0,14,1,15,1.0,0.9333333333333333,0.06666666666666667,Temporal_Sequential_Context,1,1.0,0.35335933502142136,0,0,0,0,1,0
326,15,3,7,5,12,0.8,0.4666666666666667,0.3333333333333333,Speed_Dynamics,2,0.4,2.013132465170739,2,0,1,2,0,0
327,15,3,8,4,12,0.8,0.5333333333333333,0.26666666666666666,Spatial_Reach_and_Route,3,0.75,1.672905595320056,1,0,3,0,0,0
328,15,0,14,1,15,1.0,0.9333333333333333,0.06666666666666667,Turning_Dynamics,1,1.0,0.35335933502142136,0,0,0,0,0,1
329,15,3,5,7,12,0.8,0.3333333333333333,0.4666666666666667,Spatial_Reach_and_Route,3,0.42857142857142855,2.2322628970242686,2,0,3,0,0,2
330,15,1,12,2,14,0.9333333333333333,0.8,0.13333333333333333,Temporal_Sequential_Context,2,1.0,0.9055872616982603,0,0,0,0,2,0
331,15,3,7,5,12,0.8,0.4666666666666667,0.3333333333333333,Spatial_Reach_and_Route,3,0.6,1.962806631693174,1,0,3,0,0,1
332,15,3,7,5,12,0.8,0.4666666666666667,0.3333333333333333,Temporal_Sequential_Context,3,0.6,1.9628066316931743,0,0,1,1,3,0
333,15,1,11,3,14,0.9333333333333333,0.7333333333333333,0.2,Acceleration_Dynamics,2,0.6666666666666666,1.2366407419411674,2,0,1,0,0,0
334,15,1,10,4,14,0.9333333333333333,0.6666666666666666,0.26666666666666666,Temporal_Sequential_Context,2,0.5,1.5589385323502771,0,0,0,1,2,1
335,15,10,0,5,5,0.3333333333333333,0.0,0.3333333333333333,Acceleration_Dynamics,5,1.0,0.9182958340544896,5,0,0,0,0,0
336,15,1,8,6,14,0.9333333333333333,0.5333333333333333,0.4,Turning_Dynamics,2,0.3333333333333333,1.9068905956085187,2,0,0,0,2,2
337,15,15,0,0,0,0.0,0.0,0.0,,0,0.0,0.0,0,0,0,0,0,0
338,15,3,3,9,12,0.8,0.2,0.6,Temporal_Sequential_Context,3,0.3333333333333333,2.321928094887362,3,0,0,3,3,0
339,15,3,10,2,12,0.8,0.6666666666666666,0.13333333333333333,Turning_Dynamics,1,0.5,1.3752793655393791,0,0,0,0,1,1
340,15,1,10,4,14,0.9333333333333333,0.6666666666666666,0.26666666666666666,Speed_Dynamics,2,0.5,1.4256051990169438,2,0,0,2,0,0
341,15,6,2,7,9,0.6,0.13333333333333333,0.4666666666666667,Acceleration_Dynamics,4,0.5714285714285714,1.889246428509158,4,0,0,0,3,0
342,15,1,8,6,14,0.9333333333333333,0.5333333333333333,0.4,Temporal_Sequential_Context,2,0.3333333333333333,2.040223928941852,2,0,0,1,2,1
343,15,6,4,5,9,0.6,0.26666666666666666,0.3333333333333333,Turning_Dynamics,4,0.8,1.8062389286533895,0,0,0,0,1,4
344,15,1,7,7,14,0.9333333333333333,0.4666666666666667,0.4666666666666667,Turning_Dynamics,2,0.2857142857142857,2.1967916319816365,2,0,0,1,2,2
345,15,10,4,1,5,0.3333333333333333,0.26666666666666666,0.06666666666666667,Temporal_Sequential_Context,1,1.0,1.158938532350277,0,0,0,0,1,0
346,15,6,7,2,9,0.6,0.4666666666666667,0.13333333333333333,Acceleration_Dynamics,2,1.0,1.4294732983598406,2,0,0,0,0,0
347,15,1,9,5,14,0.9333333333333333,0.6,0.3333333333333333,Turning_Dynamics,2,0.4,1.871602261409798,1,0,0,1,1,2
348,15,10,5,0,5,0.3333333333333333,0.3333333333333333,0.0,,0,0.0,0.9182958340544896,0,0,0,0,0,0
349,15,1,7,7,14,0.9333333333333333,0.4666666666666667,0.4666666666666667,Turning_Dynamics,2,0.2857142857142857,2.196791631981637,2,0,0,1,2,2
350,15,15,0,0,0,0.0,0.0,0.0,,0,0.0,0.0,0,0,0,0,0,0
351,15,1,10,4,14,0.9333333333333333,0.6666666666666666,0.26666666666666666,Speed_Dynamics,2,0.5,1.4256051990169438,2,0,0,2,0,0
352,15,10,2,3,5,0.3333333333333333,0.13333333333333333,0.2,Temporal_Sequential_Context,3,1.0,1.2419460322060458,0,0,0,0,3,0
353,15,1,11,3,14,0.9333333333333333,0.7333333333333333,0.2,Turning_Dynamics,1,0.3333333333333333,1.3699740752745009,1,0,0,0,1,1
354,15,6,6,3,9,0.6,0.4,0.2,Turning_Dynamics,2,0.6666666666666666,1.7055872616982601,0,0,0,0,1,2
355,15,6,1,8,9,0.6,0.06666666666666667,0.5333333333333333,Temporal_Sequential_Context,4,0.5,1.8062389286533895,0,4,0,0,4,0
356,15,3,5,7,12,0.8,0.3333333333333333,0.4666666666666667,Speed_Dynamics,3,0.42857142857142855,2.2322628970242686,0,2,2,3,0,0
357,15,6,6,3,9,0.6,0.4,0.2,Acceleration_Dynamics,2,0.6666666666666666,1.7055872616982601,2,0,0,1,0,0
358,15,6,2,7,9,0.6,0.13333333333333333,0.4666666666666667,Curvature_Geometry,4,0.5714285714285714,1.8892464285091581,0,4,0,0,3,0
359,15,6,1,8,9,0.6,0.06666666666666667,0.5333333333333333,Curvature_Geometry,4,0.5,1.8062389286533893,4,4,0,0,0,0
360,15,1,10,4,14,0.9333333333333333,0.6666666666666666,0.26666666666666666,Speed_Dynamics,1,0.25,1.6922718656836107,1,1,1,1,0,0
361,15,0,14,1,15,1.0,0.9333333333333333,0.06666666666666667,Speed_Dynamics,1,1.0,0.35335933502142136,0,0,0,1,0,0
362,15,6,6,3,9,0.6,0.4,0.2,Spatial_Reach_and_Route,2,0.6666666666666666,1.7055872616982601,1,0,2,0,0,0
363,15,3,10,2,12,0.8,0.6666666666666666,0.13333333333333333,Temporal_Sequential_Context,1,0.5,1.3752793655393791,1,0,0,0,1,0
364,15,0,11,4,15,1.0,0.7333333333333333,0.26666666666666666,Turning_Dynamics,1,0.25,1.3699740752745009,0,0,1,1,1,1
365,15,3,10,2,12,0.8,0.6666666666666666,0.13333333333333333,Temporal_Sequential_Context,1,0.5,1.3752793655393791,0,0,0,1,1,0
366,15,10,3,2,5,0.3333333333333333,0.2,0.13333333333333333,Spatial_Reach_and_Route,2,1.0,1.2419460322060458,0,0,2,0,0,0
367,15,1,11,3,14,0.9333333333333333,0.7333333333333333,0.2,Turning_Dynamics,1,0.3333333333333333,1.3699740752745009,0,0,1,0,1,1
368,15,1,14,0,14,0.9333333333333333,0.9333333333333333,0.0,,0,0.0,0.35335933502142136,0,0,0,0,0,0
369,15,1,9,5,14,0.9333333333333333,0.6,0.3333333333333333,Acceleration_Dynamics,2,0.4,1.8716022614097982,2,0,1,0,1,1
370,15,0,11,4,15,1.0,0.7333333333333333,0.26666666666666666,Turning_Dynamics,1,0.25,1.3699740752745009,0,0,1,1,1,1
371,15,3,7,5,12,0.8,0.4666666666666667,0.3333333333333333,Temporal_Sequential_Context,3,0.6,1.8294732983598407,0,0,2,0,3,0
372,15,0,13,2,15,1.0,0.8666666666666667,0.13333333333333333,Turning_Dynamics,1,0.5,0.6998428398862386,0,0,1,0,0,1
373,15,3,11,1,12,0.8,0.7333333333333333,0.06666666666666667,Temporal_Sequential_Context,1,1.0,1.0529815751302694,0,0,0,0,1,0
374,15,1,10,4,14,0.9333333333333333,0.6666666666666666,0.26666666666666666,Temporal_Sequential_Context,1,0.25,1.6922718656836107,0,1,1,1,1,0
375,15,3,9,3,12,0.8,0.6,0.2,Turning_Dynamics,3,1.0,1.3709505944546687,0,0,0,0,0,3
376,15,0,14,1,15,1.0,0.9333333333333333,0.06666666666666667,Turning_Dynamics,1,1.0,0.35335933502142136,0,0,0,0,0,1
377,15,1,10,4,14,0.9333333333333333,0.6666666666666666,0.26666666666666666,Temporal_Sequential_Context,2,0.5,1.5589385323502771,1,0,0,0,2,1
378,15,6,6,3,9,0.6,0.4,0.2,Spatial_Reach_and_Route,3,1.0,1.5219280948873621,0,0,3,0,0,0
379,15,6,9,0,9,0.6,0.6,0.0,,0,0.0,0.9709505944546686,0,0,0,0,0,0
380,15,0,15,0,15,1.0,1.0,0.0,,0,0.0,0.0,0,0,0,0,0,0
381,15,3,7,5,12,0.8,0.4666666666666667,0.3333333333333333,Temporal_Sequential_Context,3,0.6,1.8294732983598407,0,0,0,0,3,2
382,15,6,1,8,9,0.6,0.06666666666666667,0.5333333333333333,Temporal_Sequential_Context,4,0.5,1.8062389286533895,0,4,0,0,4,0
383,15,3,7,5,12,0.8,0.4666666666666667,0.3333333333333333,Turning_Dynamics,2,0.4,2.013132465170739,2,0,0,1,0,2
384,15,0,12,3,15,1.0,0.8,0.2,Turning_Dynamics,1,0.3333333333333333,1.0389205950315936,1,0,0,1,0,1
385,15,3,5,7,12,0.8,0.3333333333333333,0.4666666666666667,Temporal_Sequential_Context,3,0.42857142857142855,2.181937063546704,0,0,0,3,3,1
386,15,3,6,6,12,0.8,0.4,0.4,Turning_Dynamics,3,0.5,1.9219280948873623,3,0,0,0,0,3
387,15,1,9,5,14,0.9333333333333333,0.6,0.3333333333333333,Temporal_Sequential_Context,2,0.4,1.7382689280764647,0,2,0,1,2,0
388,15,6,7,2,9,0.6,0.4666666666666667,0.13333333333333333,Turning_Dynamics,1,0.5,1.562806631693174,0,0,0,1,0,1
389,15,1,7,7,14,0.9333333333333333,0.4666666666666667,0.4666666666666667,Speed_Dynamics,2,0.2857142857142857,2.196791631981637,0,2,2,2,1,0
390,15,3,5,7,12,0.8,0.3333333333333333,0.4666666666666667,Curvature_Geometry,3,0.42857142857142855,2.2322628970242686,0,3,0,2,0,2
391,15,0,12,3,15,1.0,0.8,0.2,Turning_Dynamics,1,0.3333333333333333,1.0389205950315936,0,1,1,0,0,1
392,15,1,11,3,14,0.9333333333333333,0.7333333333333333,0.2,Speed_Dynamics,1,0.3333333333333333,1.3699740752745007,0,1,1,1,0,0
393,15,1,6,8,14,0.9333333333333333,0.4,0.5333333333333333,Turning_Dynamics,2,0.25,2.339572261986723,2,0,0,2,2,2
394,15,0,10,5,15,1.0,0.6666666666666666,0.3333333333333333,Temporal_Sequential_Context,1,0.2,1.6922718656836107,1,1,1,1,1,0
395,15,0,15,0,15,1.0,1.0,0.0,,0,0.0,0.0,0,0,0,0,0,0
396,15,3,3,9,12,0.8,0.2,0.6,Speed_Dynamics,3,0.3333333333333333,2.321928094887362,0,3,3,3,0,0
397,15,0,11,4,15,1.0,0.7333333333333333,0.26666666666666666,Turning_Dynamics,1,0.25,1.3699740752745009,1,0,1,1,0,1
398,15,3,8,4,12,0.8,0.5333333333333333,0.26666666666666666,Curvature_Geometry,2,0.5,1.856564762130954,0,2,0,1,1,0
399,15,10,5,0,5,0.3333333333333333,0.3333333333333333,0.0,,0,0.0,0.9182958340544896,0,0,0,0,0,0
400,15,6,3,6,9,0.6,0.2,0.4,Turning_Dynamics,4,0.6666666666666666,1.8892464285091581,0,0,2,0,0,4
401,15,1,9,5,14,0.9333333333333333,0.6,0.3333333333333333,Acceleration_Dynamics,2,0.4,1.8716022614097982,2,1,0,1,0,1
402,15,3,10,2,12,0.8,0.6666666666666666,0.13333333333333333,Temporal_Sequential_Context,1,0.5,1.3752793655393791,0,1,0,0,1,0
403,15,3,10,2,12,0.8,0.6666666666666666,0.13333333333333333,Temporal_Sequential_Context,1,0.5,1.3752793655393791,0,0,1,0,1,0
404,15,10,4,1,5,0.3333333333333333,0.26666666666666666,0.06666666666666667,Spatial_Reach_and_Route,1,1.0,1.158938532350277,0,0,1,0,0,0
405,15,1,12,2,14,0.9333333333333333,0.8,0.13333333333333333,Turning_Dynamics,1,0.5,1.0389205950315936,0,0,0,1,0,1
406,15,10,2,3,5,0.3333333333333333,0.13333333333333333,0.2,Spatial_Reach_and_Route,3,1.0,1.2419460322060458,0,0,3,0,0,0
407,15,0,12,3,15,1.0,0.8,0.2,Temporal_Sequential_Context,1,0.3333333333333333,1.0389205950315936,0,0,1,1,1,0
408,15,6,9,0,9,0.6,0.6,0.0,,0,0.0,0.9709505944546686,0,0,0,0,0,0
409,15,1,14,0,14,0.9333333333333333,0.9333333333333333,0.0,,0,0.0,0.35335933502142136,0,0,0,0,0,0
410,15,0,15,0,15,1.0,1.0,0.0,,0,0.0,0.0,0,0,0,0,0,0
411,15,6,7,2,9,0.6,0.4666666666666667,0.13333333333333333,Spatial_Reach_and_Route,2,1.0,1.4294732983598406,0,0,2,0,0,0
412,15,6,8,1,9,0.6,0.5333333333333333,0.06666666666666667,Temporal_Sequential_Context,1,1.0,1.272905595320056,0,0,0,0,1,0
413,15,3,6,6,12,0.8,0.4,0.4,Temporal_Sequential_Context,3,0.5,1.9219280948873623,0,0,3,0,3,0
414,15,0,12,3,15,1.0,0.8,0.2,Speed_Dynamics,1,0.3333333333333333,1.0389205950315936,1,0,1,1,0,0
415,15,6,8,1,9,0.6,0.5333333333333333,0.06666666666666667,Turning_Dynamics,1,1.0,1.272905595320056,0,0,0,0,0,1
416,15,0,10,5,15,1.0,0.6666666666666666,0.3333333333333333,Turning_Dynamics,1,0.2,1.6922718656836104,0,1,1,1,1,1
417,15,6,5,4,9,0.6,0.3333333333333333,0.26666666666666666,Temporal_Sequential_Context,4,1.0,1.5655962303576019,0,0,0,0,4,0
418,15,3,10,2,12,0.8,0.6666666666666666,0.13333333333333333,Curvature_Geometry,2,1.0,1.2419460322060458,0,2,0,0,0,0
419,15,3,3,9,12,0.8,0.2,0.6,Turning_Dynamics,3,0.3333333333333333,2.321928094887362,0,3,0,0,3,3
420,15,3,6,6,12,0.8,0.4,0.4,Speed_Dynamics,2,0.3333333333333333,2.155913095175825,2,2,0,2,0,0
421,15,1,12,2,14,0.9333333333333333,0.8,0.13333333333333333,Temporal_Sequential_Context,1,0.5,1.0389205950315936,0,1,0,0,1,0
422,15,0,13,2,15,1.0,0.8666666666666667,0.13333333333333333,Temporal_Sequential_Context,1,0.5,0.6998428398862386,0,1,0,0,1,0
423,15,6,5,4,9,0.6,0.3333333333333333,0.26666666666666666,Curvature_Geometry,3,0.75,1.781937063546704,0,3,0,0,0,1
424,15,6,3,6,9,0.6,0.2,0.4,Curvature_Geometry,4,0.6666666666666666,1.8892464285091581,0,4,0,2,0,0
425,15,10,5,0,5,0.3333333333333333,0.3333333333333333,0.0,,0,0.0,0.9182958340544896,0,0,0,0,0,0
426,15,3,9,3,12,0.8,0.6,0.2,Spatial_Reach_and_Route,3,1.0,1.3709505944546687,0,0,3,0,0,0
427,15,3,3,9,12,0.8,0.2,0.6,Turning_Dynamics,3,0.3333333333333333,2.321928094887362,0,0,0,3,3,3
428,15,6,8,1,9,0.6,0.5333333333333333,0.06666666666666667,Turning_Dynamics,1,1.0,1.272905595320056,0,0,0,0,0,1
429,15,10,2,3,5,0.3333333333333333,0.13333333333333333,0.2,Curvature_Geometry,3,1.0,1.2419460322060458,0,3,0,0,0,0
430,15,1,6,8,14,0.9333333333333333,0.4,0.5333333333333333,Temporal_Sequential_Context,2,0.25,2.339572261986723,0,2,2,2,2,0
431,15,15,0,0,0,0.0,0.0,0.0,,0,0.0,0.0,0,0,0,0,0,0
432,15,0,14,1,15,1.0,0.9333333333333333,0.06666666666666667,Turning_Dynamics,1,1.0,0.35335933502142136,0,0,0,0,0,1
433,15,1,8,6,14,0.9333333333333333,0.5333333333333333,0.4,Turning_Dynamics,2,0.3333333333333333,2.040223928941852,1,1,2,0,0,2
434,15,6,5,4,9,0.6,0.3333333333333333,0.26666666666666666,Spatial_Reach_and_Route,2,0.5,1.8322628970242687,0,2,2,0,0,0
435,15,3,5,7,12,0.8,0.3333333333333333,0.4666666666666667,Spatial_Reach_and_Route,3,0.42857142857142855,2.181937063546704,0,3,3,1,0,0
436,15,1,7,7,14,0.9333333333333333,0.4666666666666667,0.4666666666666667,Temporal_Sequential_Context,2,0.2857142857142857,2.1967916319816365,0,2,0,2,2,1
437,15,0,11,4,15,1.0,0.7333333333333333,0.26666666666666666,Turning_Dynamics,1,0.25,1.3699740752745009,0,1,0,1,1,1
438,15,3,8,4,12,0.8,0.5333333333333333,0.26666666666666666,Temporal_Sequential_Context,2,0.5,1.8565647621309542,0,1,0,0,2,1
439,15,1,13,1,14,0.9333333333333333,0.8666666666666667,0.06666666666666667,Spatial_Reach_and_Route,1,1.0,0.6998428398862386,0,0,1,0,0,0
440,15,6,7,2,9,0.6,0.4666666666666667,0.13333333333333333,Curvature_Geometry,2,1.0,1.4294732983598406,0,2,0,0,0,0
441,15,0,10,5,15,1.0,0.6666666666666666,0.3333333333333333,Turning_Dynamics,1,0.2,1.6922718656836104,0,1,1,1,1,1
442,15,3,9,3,12,0.8,0.6,0.2,Temporal_Sequential_Context,1,0.3333333333333333,1.6879430945989,0,1,1,0,1,0
443,15,10,4,1,5,0.3333333333333333,0.26666666666666666,0.06666666666666667,Curvature_Geometry,1,1.0,1.158938532350277,0,1,0,0,0,0
444,15,6,2,7,9,0.6,0.13333333333333333,0.4666666666666667,Turning_Dynamics,4,0.5714285714285714,1.8892464285091581,0,3,0,0,0,4
445,15,6,3,6,9,0.6,0.2,0.4,Spatial_Reach_and_Route,3,0.5,1.9219280948873623,0,3,3,0,0,0
446,15,3,9,3,12,0.8,0.6,0.2,Temporal_Sequential_Context,1,0.3333333333333333,1.6879430945989,0,1,0,1,1,0
447,15,1,10,4,14,0.9333333333333333,0.6666666666666666,0.26666666666666666,Turning_Dynamics,1,0.25,1.6922718656836104,0,1,1,1,0,1
448,15,10,1,4,5,0.3333333333333333,0.06666666666666667,0.26666666666666666,Curvature_Geometry,4,1.0,1.158938532350277,0,4,0,0,0,0
449,15,3,6,6,12,0.8,0.4,0.4,Turning_Dynamics,2,0.3333333333333333,2.155913095175825,2,0,0,2,0,2
450,15,10,5,0,5,0.3333333333333333,0.3333333333333333,0.0,,0,0.0,0.9182958340544896,0,0,0,0,0,0
451,15,10,1,4,5,0.3333333333333333,0.06666666666666667,0.26666666666666666,Turning_Dynamics,4,1.0,1.158938532350277,0,0,0,0,0,4
452,15,3,7,5,12,0.8,0.4666666666666667,0.3333333333333333,Turning_Dynamics,2,0.4,2.0131324651707385,0,1,0,0,2,2
453,15,10,2,3,5,0.3333333333333333,0.13333333333333333,0.2,Curvature_Geometry,3,1.0,1.2419460322060458,0,3,0,0,0,0
454,15,6,7,2,9,0.6,0.4666666666666667,0.13333333333333333,Turning_Dynamics,1,0.5,1.5628066316931741,1,0,0,0,0,1
455,15,6,4,5,9,0.6,0.26666666666666666,0.3333333333333333,Speed_Dynamics,3,0.6,1.8892464285091581,0,0,0,3,0,2
456,15,10,5,0,5,0.3333333333333333,0.3333333333333333,0.0,,0,0.0,0.9182958340544896,0,0,0,0,0,0
457,15,3,8,4,12,0.8,0.5333333333333333,0.26666666666666666,Temporal_Sequential_Context,2,0.5,1.7232314287976207,0,0,0,2,2,0
458,15,3,9,3,12,0.8,0.6,0.2,Acceleration_Dynamics,2,0.6666666666666666,1.5546097612655667,2,0,0,1,0,0
459,15,15,0,0,0,0.0,0.0,0.0,,0,0.0,0.0,0,0,0,0,0,0
460,15,10,4,1,5,0.3333333333333333,0.26666666666666666,0.06666666666666667,Acceleration_Dynamics,1,1.0,1.1589385323502772,1,0,0,0,0,0
461,15,1,10,4,14,0.9333333333333333,0.6666666666666666,0.26666666666666666,Spatial_Reach_and_Route,2,0.5,1.5589385323502774,0,0,2,0,1,1
462,15,3,11,1,12,0.8,0.7333333333333333,0.06666666666666667,Temporal_Sequential_Context,1,1.0,1.0529815751302694,0,0,0,0,1,0
463,15,10,5,0,5,0.3333333333333333,0.3333333333333333,0.0,,0,0.0,0.9182958340544896,0,0,0,0,0,0
464,15,10,3,2,5,0.3333333333333333,0.2,0.13333333333333333,Turning_Dynamics,2,1.0,1.2419460322060458,0,0,0,0,0,2
465,15,10,2,3,5,0.3333333333333333,0.13333333333333333,0.2,Temporal_Sequential_Context,3,1.0,1.2419460322060458,0,0,0,0,3,0
466,15,3,8,4,12,0.8,0.5333333333333333,0.26666666666666666,Curvature_Geometry,3,0.75,1.672905595320056,1,3,0,0,0,0
467,15,6,6,3,9,0.6,0.4,0.2,Turning_Dynamics,2,0.6666666666666666,1.7055872616982601,0,0,0,1,0,2
468,15,3,6,6,12,0.8,0.4,0.4,Acceleration_Dynamics,3,0.5,2.1055872616982603,3,0,0,0,2,1
469,15,6,7,2,9,0.6,0.4666666666666667,0.13333333333333333,Speed_Dynamics,1,0.5,1.5628066316931741,1,0,0,1,0,0
470,15,6,5,4,9,0.6,0.3333333333333333,0.26666666666666666,Temporal_Sequential_Context,3,0.75,1.781937063546704,0,0,0,1,3,0
471,15,3,9,3,12,0.8,0.6,0.2,Turning_Dynamics,1,0.3333333333333333,1.6879430945989,0,0,1,0,1,1
472,15,10,1,4,5,0.3333333333333333,0.06666666666666667,0.26666666666666666,Turning_Dynamics,4,1.0,1.158938532350277,0,0,0,0,0,4
473,15,15,0,0,0,0.0,0.0,0.0,,0,0.0,0.0,0,0,0,0,0,0
474,15,6,5,4,9,0.6,0.3333333333333333,0.26666666666666666,Turning_Dynamics,2,0.5,1.8322628970242685,0,0,2,0,0,2
475,15,3,9,3,12,0.8,0.6,0.2,Spatial_Reach_and_Route,2,0.6666666666666666,1.5546097612655667,0,0,2,1,0,0
476,15,10,4,1,5,0.3333333333333333,0.26666666666666666,0.06666666666666667,Temporal_Sequential_Context,1,1.0,1.158938532350277,0,0,0,0,1,0
477,15,1,6,8,14,0.9333333333333333,0.4,0.5333333333333333,Temporal_Sequential_Context,2,0.25,2.3395722619867225,2,0,2,2,2,0
478,15,0,10,5,15,1.0,0.6666666666666666,0.3333333333333333,Temporal_Sequential_Context,1,0.2,1.6922718656836107,1,1,1,1,1,0
479,15,0,14,1,15,1.0,0.9333333333333333,0.06666666666666667,Curvature_Geometry,1,1.0,0.35335933502142136,0,1,0,0,0,0
480,15,10,4,1,5,0.3333333333333333,0.26666666666666666,0.06666666666666667,Spatial_Reach_and_Route,1,1.0,1.158938532350277,0,0,1,0,0,0
481,15,1,13,1,14,0.9333333333333333,0.8666666666666667,0.06666666666666667,Curvature_Geometry,1,1.0,0.6998428398862386,0,1,0,0,0,0
482,15,10,5,0,5,0.3333333333333333,0.3333333333333333,0.0,,0,0.0,0.9182958340544896,0,0,0,0,0,0
483,15,0,10,5,15,1.0,0.6666666666666666,0.3333333333333333,Turning_Dynamics,1,0.2,1.6922718656836107,1,1,1,1,0,1
484,15,3,6,6,12,0.8,0.4,0.4,Turning_Dynamics,2,0.3333333333333333,2.155913095175825,2,0,0,0,2,2
485,15,1,11,3,14,0.9333333333333333,0.7333333333333333,0.2,Turning_Dynamics,1,0.3333333333333333,1.3699740752745009,1,0,0,0,1,1
486,15,0,11,4,15,1.0,0.7333333333333333,0.26666666666666666,Turning_Dynamics,1,0.25,1.3699740752745009,1,1,1,0,0,1
487,15,0,15,0,15,1.0,1.0,0.0,,0,0.0,0.0,0,0,0,0,0,0
488,15,3,9,3,12,0.8,0.6,0.2,Spatial_Reach_and_Route,2,0.6666666666666666,1.5546097612655665,1,0,2,0,0,0
489,15,1,10,4,14,0.9333333333333333,0.6666666666666666,0.26666666666666666,Turning_Dynamics,2,0.5,1.4256051990169438,0,2,0,0,0,2
490,15,10,5,0,5,0.3333333333333333,0.3333333333333333,0.0,,0,0.0,0.9182958340544896,0,0,0,0,0,0
491,15,0,11,4,15,1.0,0.7333333333333333,0.26666666666666666,Turning_Dynamics,1,0.25,1.3699740752745009,1,0,1,0,1,1
492,15,0,15,0,15,1.0,1.0,0.0,,0,0.0,0.0,0,0,0,0,0,0
493,15,10,4,1,5,0.3333333333333333,0.26666666666666666,0.06666666666666667,Turning_Dynamics,1,1.0,1.158938532350277,0,0,0,0,0,1
494,15,1,9,5,14,0.9333333333333333,0.6,0.3333333333333333,Curvature_Geometry,2,0.4,1.8716022614097982,0,2,1,1,0,1
495,15,1,14,0,14,0.9333333333333333,0.9333333333333333,0.0,,0,0.0,0.35335933502142136,0,0,0,0,0,0
496,15,3,9,3,12,0.8,0.6,0.2,Turning_Dynamics,1,0.3333333333333333,1.6879430945989,0,0,0,1,1,1
497,15,0,15,0,15,1.0,1.0,0.0,,0,0.0,0.0,0,0,0,0,0,0
498,15,3,7,5,12,0.8,0.4666666666666667,0.3333333333333333,Speed_Dynamics,3,0.6,1.8294732983598407,0,0,0,3,2,0
499,15,3,10,2,12,0.8,0.6666666666666666,0.13333333333333333,Temporal_Sequential_Context,2,1.0,1.2419460322060458,0,0,0,0,2,0
500,15,1,6,8,14,0.9333333333333333,0.4,0.5333333333333333,Turning_Dynamics,2,0.25,2.339572261986723,2,2,0,0,2,2
501,15,1,11,3,14,0.9333333333333333,0.7333333333333333,0.2,Speed_Dynamics,2,0.6666666666666666,1.2366407419411674,0,0,0,2,1,0
502,15,1,8,6,14,0.9333333333333333,0.5333333333333333,0.4,Speed_Dynamics,2,0.3333333333333333,2.040223928941852,2,1,0,2,0,1
503,15,15,0,0,0,0.0,0.0,0.0,,0,0.0,0.0,0,0,0,0,0,0
504,15,3,11,1,12,0.8,0.7333333333333333,0.06666666666666667,Curvature_Geometry,1,1.0,1.0529815751302694,0,1,0,0,0,0
505,15,1,12,2,14,0.9333333333333333,0.8,0.13333333333333333,Turning_Dynamics,1,0.5,1.0389205950315936,0,0,1,0,0,1
506,15,1,13,1,14,0.9333333333333333,0.8666666666666667,0.06666666666666667,Speed_Dynamics,1,1.0,0.6998428398862386,0,0,0,1,0,0
507,15,1,10,4,14,0.9333333333333333,0.6666666666666666,0.26666666666666666,Speed_Dynamics,2,0.5,1.5589385323502771,1,1,0,2,0,0
508,15,0,10,5,15,1.0,0.6666666666666666,0.3333333333333333,Turning_Dynamics,1,0.2,1.6922718656836107,1,1,1,0,1,1
509,15,3,11,1,12,0.8,0.7333333333333333,0.06666666666666667,Spatial_Reach_and_Route,1,1.0,1.0529815751302694,0,0,1,0,0,0
510,15,3,11,1,12,0.8,0.7333333333333333,0.06666666666666667,Temporal_Sequential_Context,1,1.0,1.0529815751302694,0,0,0,0,1,0
511,15,0,10,5,15,1.0,0.6666666666666666,0.3333333333333333,Temporal_Sequential_Context,1,0.2,1.6922718656836107,1,1,1,1,1,0
512,15,6,7,2,9,0.6,0.4666666666666667,0.13333333333333333,Spatial_Reach_and_Route,1,0.5,1.562806631693174,1,0,1,0,0,0
513,15,1,14,0,14,0.9333333333333333,0.9333333333333333,0.0,,0,0.0,0.35335933502142136,0,0,0,0,0,0
514,15,0,15,0,15,1.0,1.0,0.0,,0,0.0,0.0,0,0,0,0,0,0
515,15,6,2,7,9,0.6,0.13333333333333333,0.4666666666666667,Spatial_Reach_and_Route,4,0.5714285714285714,1.889246428509158,3,0,4,0,0,0
516,15,6,4,5,9,0.6,0.26666666666666666,0.3333333333333333,Spatial_Reach_and_Route,3,0.6,1.889246428509158,2,0,3,0,0,0
517,15,1,10,4,14,0.9333333333333333,0.6666666666666666,0.26666666666666666,Turning_Dynamics,1,0.25,1.6922718656836107,1,0,1,1,0,1
518,15,6,3,6,9,0.6,0.2,0.4,Spatial_Reach_and_Route,3,0.5,1.9219280948873623,0,3,3,0,0,0
519,15,3,9,3,12,0.8,0.6,0.2,Turning_Dynamics,2,0.6666666666666666,1.5546097612655665,1,0,0,0,0,2
520,15,3,9,3,12,0.8,0.6,0.2,Curvature_Geometry,2,0.6666666666666666,1.5546097612655665,0,2,0,0,0,1
521,15,3,10,2,12,0.8,0.6666666666666666,0.13333333333333333,Turning_Dynamics,1,0.5,1.3752793655393791,0,0,0,1,0,1
522,15,3,6,6,12,0.8,0.4,0.4,Turning_Dynamics,3,0.5,2.1055872616982603,0,2,1,0,0,3
523,15,6,4,5,9,0.6,0.26666666666666666,0.3333333333333333,Speed_Dynamics,4,0.8,1.8062389286533893,0,0,1,4,0,0
524,15,3,4,8,12,0.8,0.26666666666666666,0.5333333333333333,Temporal_Sequential_Context,3,0.375,2.2892464285091583,0,0,2,3,3,0
525,15,3,10,2,12,0.8,0.6666666666666666,0.13333333333333333,Temporal_Sequential_Context,1,0.5,1.3752793655393791,0,1,0,0,1,0
526,15,10,3,2,5,0.3333333333333333,0.2,0.13333333333333333,Temporal_Sequential_Context,2,1.0,1.2419460322060458,0,0,0,0,2,0
527,15,3,5,7,12,0.8,0.3333333333333333,0.4666666666666667,Curvature_Geometry,3,0.42857142857142855,2.2322628970242686,0,3,2,2,0,0
528,15,1,10,4,14,0.9333333333333333,0.6666666666666666,0.26666666666666666,Speed_Dynamics,2,0.5,1.4256051990169438,0,2,0,2,0,0
529,15,3,9,3,12,0.8,0.6,0.2,Curvature_Geometry,3,1.0,1.3709505944546687,0,3,0,0,0,0
530,15,6,3,6,9,0.6,0.2,0.4,Speed_Dynamics,4,0.6666666666666666,1.889246428509158,2,0,0,4,0,0
531,15,1,11,3,14,0.9333333333333333,0.7333333333333333,0.2,Curvature_Geometry,2,0.6666666666666666,1.2366407419411674,1,2,0,0,0,0
532,15,1,9,5,14,0.9333333333333333,0.6,0.3333333333333333,Temporal_Sequential_Context,2,0.4,1.7382689280764647,2,1,0,0,2,0
533,15,6,5,4,9,0.6,0.3333333333333333,0.26666666666666666,Spatial_Reach_and_Route,3,0.75,1.781937063546704,0,1,3,0,0,0
534,15,0,10,5,15,1.0,0.6666666666666666,0.3333333333333333,Turning_Dynamics,1,0.2,1.6922718656836107,1,1,1,1,0,1
535,15,6,8,1,9,0.6,0.5333333333333333,0.06666666666666667,Speed_Dynamics,1,1.0,1.272905595320056,0,0,0,1,0,0
536,15,6,6,3,9,0.6,0.4,0.2,Temporal_Sequential_Context,3,1.0,1.5219280948873621,0,0,0,0,3,0
537,15,6,9,0,9,0.6,0.6,0.0,,0,0.0,0.9709505944546686,0,0,0,0,0,0
538,15,10,3,2,5,0.3333333333333333,0.2,0.13333333333333333,Speed_Dynamics,2,1.0,1.2419460322060458,0,0,0,2,0,0
539,15,6,5,4,9,0.6,0.3333333333333333,0.26666666666666666,Temporal_Sequential_Context,3,0.75,1.781937063546704,0,1,0,0,3,0
540,15,6,8,1,9,0.6,0.5333333333333333,0.06666666666666667,Speed_Dynamics,1,1.0,1.272905595320056,0,0,0,1,0,0
541,15,6,8,1,9,0.6,0.5333333333333333,0.06666666666666667,Acceleration_Dynamics,1,1.0,1.272905595320056,1,0,0,0,0,0
542,15,3,7,5,12,0.8,0.4666666666666667,0.3333333333333333,Curvature_Geometry,3,0.6,1.9628066316931743,0,3,1,1,0,0
543,15,10,4,1,5,0.3333333333333333,0.26666666666666666,0.06666666666666667,Acceleration_Dynamics,1,1.0,1.1589385323502772,1,0,0,0,0,0
544,15,3,5,7,12,0.8,0.3333333333333333,0.4666666666666667,Curvature_Geometry,3,0.42857142857142855,2.2322628970242686,0,3,2,2,0,0
545,15,3,7,5,12,0.8,0.4666666666666667,0.3333333333333333,Temporal_Sequential_Context,3,0.6,1.962806631693174,1,1,0,0,3,0
546,15,1,14,0,14,0.9333333333333333,0.9333333333333333,0.0,,0,0.0,0.35335933502142136,0,0,0,0,0,0
547,15,1,11,3,14,0.9333333333333333,0.7333333333333333,0.2,Temporal_Sequential_Context,1,0.3333333333333333,1.3699740752745009,1,0,0,1,1,0
548,15,0,15,0,15,1.0,1.0,0.0,,0,0.0,0.0,0,0,0,0,0,0
549,15,1,7,7,14,0.9333333333333333,0.4666666666666667,0.4666666666666667,Turning_Dynamics,2,0.2857142857142857,2.196791631981637,2,0,0,2,1,2
550,15,1,10,4,14,0.9333333333333333,0.6666666666666666,0.26666666666666666,Speed_Dynamics,2,0.5,1.5589385323502774,0,0,1,2,1,0
551,15,1,9,5,14,0.9333333333333333,0.6,0.3333333333333333,Turning_Dynamics,2,0.4,1.871602261409798,0,0,1,1,1,2
552,15,3,10,2,12,0.8,0.6666666666666666,0.13333333333333333,Temporal_Sequential_Context,1,0.5,1.3752793655393791,0,1,0,0,1,0
553,15,3,8,4,12,0.8,0.5333333333333333,0.26666666666666666,Speed_Dynamics,3,0.75,1.6729055953200562,0,0,0,3,1,0
554,15,15,0,0,0,0.0,0.0,0.0,,0,0.0,0.0,0,0,0,0,0,0
555,15,1,10,4,14,0.9333333333333333,0.6666666666666666,0.26666666666666666,Turning_Dynamics,1,0.25,1.6922718656836107,1,0,1,0,1,1
556,15,15,0,0,0,0.0,0.0,0.0,,0,0.0,0.0,0,0,0,0,0,0
557,15,3,8,4,12,0.8,0.5333333333333333,0.26666666666666666,Curvature_Geometry,2,0.5,1.7232314287976207,2,2,0,0,0,0
558,15,10,4,1,5,0.3333333333333333,0.26666666666666666,0.06666666666666667,Temporal_Sequential_Context,1,1.0,1.158938532350277,0,0,0,0,1,0
559,15,3,11,1,12,0.8,0.7333333333333333,0.06666666666666667,Curvature_Geometry,1,1.0,1.0529815751302694,0,1,0,0,0,0
560,15,3,10,2,12,0.8,0.6666666666666666,0.13333333333333333,Temporal_Sequential_Context,2,1.0,1.2419460322060458,0,0,0,0,2,0
561,15,10,1,4,5,0.3333333333333333,0.06666666666666667,0.26666666666666666,Curvature_Geometry,4,1.0,1.158938532350277,0,4,0,0,0,0
562,15,10,2,3,5,0.3333333333333333,0.13333333333333333,0.2,Spatial_Reach_and_Route,3,1.0,1.2419460322060458,0,0,3,0,0,0
563,15,0,10,5,15,1.0,0.6666666666666666,0.3333333333333333,Turning_Dynamics,1,0.2,1.6922718656836107,1,0,1,1,1,1
564,15,6,3,6,9,0.6,0.2,0.4,Turning_Dynamics,3,0.5,1.9219280948873623,0,0,0,3,0,3
565,15,3,10,2,12,0.8,0.6666666666666666,0.13333333333333333,Turning_Dynamics,1,0.5,1.3752793655393791,1,0,0,0,0,1
566,15,15,0,0,0,0.0,0.0,0.0,,0,0.0,0.0,0,0,0,0,0,0
567,15,10,0,5,5,0.3333333333333333,0.0,0.3333333333333333,Turning_Dynamics,5,1.0,0.9182958340544896,0,0,0,0,0,5
568,15,3,8,4,12,0.8,0.5333333333333333,0.26666666666666666,Curvature_Geometry,3,0.75,1.6729055953200562,0,3,0,0,1,0
569,15,1,14,0,14,0.9333333333333333,0.9333333333333333,0.0,,0,0.0,0.35335933502142136,0,0,0,0,0,0
570,15,3,5,7,12,0.8,0.3333333333333333,0.4666666666666667,Temporal_Sequential_Context,3,0.42857142857142855,2.2322628970242686,0,2,0,2,3,0
571,15,10,5,0,5,0.3333333333333333,0.3333333333333333,0.0,,0,0.0,0.9182958340544896,0,0,0,0,0,0
572,15,10,4,1,5,0.3333333333333333,0.26666666666666666,0.06666666666666667,Spatial_Reach_and_Route,1,1.0,1.158938532350277,0,0,1,0,0,0
573,15,6,7,2,9,0.6,0.4666666666666667,0.13333333333333333,Turning_Dynamics,2,1.0,1.4294732983598406,0,0,0,0,0,2
574,15,10,4,1,5,0.3333333333333333,0.26666666666666666,0.06666666666666667,Curvature_Geometry,1,1.0,1.158938532350277,0,1,0,0,0,0
575,15,1,7,7,14,0.9333333333333333,0.4666666666666667,0.4666666666666667,Turning_Dynamics,2,0.2857142857142857,2.1967916319816365,2,0,0,2,1,2
576,15,6,3,6,9,0.6,0.2,0.4,Turning_Dynamics,3,0.5,1.9219280948873623,0,3,0,0,0,3
577,15,6,5,4,9,0.6,0.3333333333333333,0.26666666666666666,Turning_Dynamics,4,1.0,1.5655962303576019,0,0,0,0,0,4
578,15,6,8,1,9,0.6,0.5333333333333333,0.06666666666666667,Turning_Dynamics,1,1.0,1.272905595320056,0,0,0,0,0,1
579,15,0,13,2,15,1.0,0.8666666666666667,0.13333333333333333,Temporal_Sequential_Context,1,0.5,0.6998428398862386,0,0,0,1,1,0
580,15,0,15,0,15,1.0,1.0,0.0,,0,0.0,0.0,0,0,0,0,0,0
581,15,1,10,4,14,0.9333333333333333,0.6666666666666666,0.26666666666666666,Acceleration_Dynamics,2,0.5,1.5589385323502774,2,1,0,1,0,0
582,15,3,3,9,12,0.8,0.2,0.6,Temporal_Sequential_Context,3,0.3333333333333333,2.321928094887362,3,0,0,3,3,0
583,15,10,3,2,5,0.3333333333333333,0.2,0.13333333333333333,Curvature_Geometry,2,1.0,1.2419460322060458,0,2,0,0,0,0
584,15,0,13,2,15,1.0,0.8666666666666667,0.13333333333333333,Turning_Dynamics,1,0.5,0.6998428398862386,0,0,0,0,1,1
585,15,3,4,8,12,0.8,0.26666666666666666,0.5333333333333333,Turning_Dynamics,3,0.375,2.2892464285091583,2,3,0,0,0,3
586,15,1,13,1,14,0.9333333333333333,0.8666666666666667,0.06666666666666667,Temporal_Sequential_Context,1,1.0,0.6998428398862386,0,0,0,0,1,0
587,15,3,5,7,12,0.8,0.3333333333333333,0.4666666666666667,Acceleration_Dynamics,3,0.42857142857142855,2.2322628970242686,3,0,0,2,0,2
588,15,0,13,2,15,1.0,0.8666666666666667,0.13333333333333333,Speed_Dynamics,1,0.5,0.6998428398862386,1,0,0,1,0,0
589,15,1,9,5,14,0.9333333333333333,0.6,0.3333333333333333,Turning_Dynamics,2,0.4,1.871602261409798,1,1,0,1,0,2
590,15,6,5,4,9,0.6,0.3333333333333333,0.26666666666666666,Curvature_Geometry,2,0.5,1.8322628970242687,2,2,0,0,0,0
591,15,1,8,6,14,0.9333333333333333,0.5333333333333333,0.4,Turning_Dynamics,2,0.3333333333333333,2.040223928941852,2,1,0,1,0,2
592,15,1,12,2,14,0.9333333333333333,0.8,0.13333333333333333,Spatial_Reach_and_Route,2,1.0,0.9055872616982603,0,0,2,0,0,0
593,15,6,6,3,9,0.6,0.4,0.2,Turning_Dynamics,2,0.6666666666666666,1.7055872616982601,1,0,0,0,0,2
594,15,3,6,6,12,0.8,0.4,0.4,Spatial_Reach_and_Route,3,0.5,1.9219280948873623,3,0,3,0,0,0
595,15,0,15,0,15,1.0,1.0,0.0,,0,0.0,0.0,0,0,0,0,0,0
596,15,1,13,1,14,0.9333333333333333,0.8666666666666667,0.06666666666666667,Turning_Dynamics,1,1.0,0.6998428398862386,0,0,0,0,0,1
597,15,6,8,1,9,0.6,0.5333333333333333,0.06666666666666667,Acceleration_Dynamics,1,1.0,1.272905595320056,1,0,0,0,0,0
598,15,1,9,5,14,0.9333333333333333,0.6,0.3333333333333333,Curvature_Geometry,2,0.4,1.871602261409798,1,2,1,0,1,0
599,15,0,11,4,15,1.0,0.7333333333333333,0.26666666666666666,Turning_Dynamics,1,0.25,1.3699740752745009,1,0,1,1,0,1
600,15,3,8,4,12,0.8,0.5333333333333333,0.26666666666666666,Speed_Dynamics,2,0.5,1.7232314287976207,2,0,0,2,0,0
601,15,3,5,7,12,0.8,0.3333333333333333,0.4666666666666667,Temporal_Sequential_Context,3,0.42857142857142855,2.181937063546704,3,0,0,0,3,1
602,15,0,15,0,15,1.0,1.0,0.0,,0,0.0,0.0,0,0,0,0,0,0
603,15,3,4,8,12,0.8,0.26666666666666666,0.5333333333333333,Temporal_Sequential_Context,3,0.375,2.2892464285091583,3,0,2,0,3,0
604,15,1,8,6,14,0.9333333333333333,0.5333333333333333,0.4,Turning_Dynamics,2,0.3333333333333333,1.9068905956085187,0,2,0,2,0,2
605,15,1,14,0,14,0.9333333333333333,0.9333333333333333,0.0,,0,0.0,0.35335933502142136,0,0,0,0,0,0
606,15,1,7,7,14,0.9333333333333333,0.4666666666666667,0.4666666666666667,Turning_Dynamics,2,0.2857142857142857,2.1967916319816365,1,0,2,2,0,2
607,15,0,10,5,15,1.0,0.6666666666666666,0.3333333333333333,Temporal_Sequential_Context,1,0.2,1.6922718656836107,1,1,1,1,1,0
608,15,3,6,6,12,0.8,0.4,0.4,Spatial_Reach_and_Route,3,0.5,2.1055872616982603,2,0,3,1,0,0
609,15,1,12,2,14,0.9333333333333333,0.8,0.13333333333333333,Spatial_Reach_and_Route,1,0.5,1.0389205950315936,0,1,1,0,0,0
610,15,0,13,2,15,1.0,0.8666666666666667,0.13333333333333333,Temporal_Sequential_Context,1,0.5,0.6998428398862386,0,0,0,1,1,0
611,15,1,12,2,14,0.9333333333333333,0.8,0.13333333333333333,Spatial_Reach_and_Route,1,0.5,1.0389205950315936,0,1,1,0,0,0
612,15,1,8,6,14,0.9333333333333333,0.5333333333333333,0.4,Spatial_Reach_and_Route,2,0.3333333333333333,2.040223928941852,0,2,2,1,1,0
613,15,0,14,1,15,1.0,0.9333333333333333,0.06666666666666667,Spatial_Reach_and_Route,1,1.0,0.35335933502142136,0,0,1,0,0,0
614,15,0,14,1,15,1.0,0.9333333333333333,0.06666666666666667,Spatial_Reach_and_Route,1,1.0,0.35335933502142136,0,0,1,0,0,0
615,15,3,7,5,12,0.8,0.4666666666666667,0.3333333333333333,Spatial_Reach_and_Route,3,0.6,1.8294732983598407,2,0,3,0,0,0
616,15,0,11,4,15,1.0,0.7333333333333333,0.26666666666666666,Temporal_Sequential_Context,1,0.25,1.3699740752745009,1,1,1,0,1,0
617,15,3,8,4,12,0.8,0.5333333333333333,0.26666666666666666,Spatial_Reach_and_Route,3,0.75,1.6729055953200562,0,0,3,0,1,0
618,15,1,8,6,14,0.9333333333333333,0.5333333333333333,0.4,Speed_Dynamics,2,0.3333333333333333,2.040223928941852,1,0,2,2,1,0
619,15,1,7,7,14,0.9333333333333333,0.4666666666666667,0.4666666666666667,Speed_Dynamics,2,0.2857142857142857,2.1967916319816365,2,0,2,2,1,0
620,15,6,8,1,9,0.6,0.5333333333333333,0.06666666666666667,Turning_Dynamics,1,1.0,1.272905595320056,0,0,0,0,0,1
621,15,10,4,1,5,0.3333333333333333,0.26666666666666666,0.06666666666666667,Turning_Dynamics,1,1.0,1.158938532350277,0,0,0,0,0,1
622,15,15,0,0,0,0.0,0.0,0.0,,0,0.0,0.0,0,0,0,0,0,0
623,15,6,9,0,9,0.6,0.6,0.0,,0,0.0,0.9709505944546686,0,0,0,0,0,0
624,15,3,11,1,12,0.8,0.7333333333333333,0.06666666666666667,Turning_Dynamics,1,1.0,1.0529815751302694,0,0,0,0,0,1
625,15,3,12,0,12,0.8,0.8,0.0,,0,0.0,0.7219280948873623,0,0,0,0,0,0
626,15,3,12,0,12,0.8,0.8,0.0,,0,0.0,0.7219280948873623,0,0,0,0,0,0
627,15,3,9,3,12,0.8,0.6,0.2,Speed_Dynamics,3,1.0,1.3709505944546687,0,0,0,3,0,0
628,15,3,5,7,12,0.8,0.3333333333333333,0.4666666666666667,Speed_Dynamics,3,0.42857142857142855,2.181937063546704,0,3,0,3,0,1
629,15,6,3,6,9,0.6,0.2,0.4,Turning_Dynamics,3,0.5,1.9219280948873623,0,3,0,0,0,3
630,15,6,9,0,9,0.6,0.6,0.0,,0,0.0,0.9709505944546686,0,0,0,0,0,0
631,15,1,10,4,14,0.9333333333333333,0.6666666666666666,0.26666666666666666,Spatial_Reach_and_Route,2,0.5,1.5589385323502774,0,0,2,1,1,0
632,15,10,5,0,5,0.3333333333333333,0.3333333333333333,0.0,,0,0.0,0.9182958340544896,0,0,0,0,0,0
633,15,10,4,1,5,0.3333333333333333,0.26666666666666666,0.06666666666666667,Curvature_Geometry,1,1.0,1.158938532350277,0,1,0,0,0,0
634,15,1,13,1,14,0.9333333333333333,0.8666666666666667,0.06666666666666667,Curvature_Geometry,1,1.0,0.6998428398862386,0,1,0,0,0,0
635,15,3,5,7,12,0.8,0.3333333333333333,0.4666666666666667,Speed_Dynamics,3,0.42857142857142855,2.2322628970242686,0,2,0,3,2,0
636,15,1,11,3,14,0.9333333333333333,0.7333333333333333,0.2,Speed_Dynamics,1,0.3333333333333333,1.3699740752745009,1,0,1,1,0,0
637,15,3,5,7,12,0.8,0.3333333333333333,0.4666666666666667,Speed_Dynamics,3,0.42857142857142855,2.181937063546704,3,0,1,3,0,0
638,15,0,15,0,15,1.0,1.0,0.0,,0,0.0,0.0,0,0,0,0,0,0
639,15,1,12,2,14,0.9333333333333333,0.8,0.13333333333333333,Temporal_Sequential_Context,1,0.5,1.0389205950315936,0,0,0,1,1,0
640,15,3,10,2,12,0.8,0.6666666666666666,0.13333333333333333,Temporal_Sequential_Context,1,0.5,1.3752793655393791,0,0,0,1,1,0
641,15,0,15,0,15,1.0,1.0,0.0,,0,0.0,0.0,0,0,0,0,0,0
642,15,1,10,4,14,0.9333333333333333,0.6666666666666666,0.26666666666666666,Temporal_Sequential_Context,1,0.25,1.6922718656836107,1,1,0,1,1,0
643,15,6,7,2,9,0.6,0.4666666666666667,0.13333333333333333,Speed_Dynamics,1,0.5,1.5628066316931741,0,1,0,1,0,0
644,15,0,13,2,15,1.0,0.8666666666666667,0.13333333333333333,Temporal_Sequential_Context,1,0.5,0.6998428398862386,0,0,0,1,1,0
645,15,0,15,0,15,1.0,1.0,0.0,,0,0.0,0.0,0,0,0,0,0,0
646,15,1,6,8,14,0.9333333333333333,0.4,0.5333333333333333,Turning_Dynamics,2,0.25,2.339572261986723,0,2,2,2,0,2
647,15,0,13,2,15,1.0,0.8666666666666667,0.13333333333333333,Turning_Dynamics,1,0.5,0.6998428398862386,0,1,0,0,0,1
648,15,3,11,1,12,0.8,0.7333333333333333,0.06666666666666667,Turning_Dynamics,1,1.0,1.0529815751302694,0,0,0,0,0,1
649,15,1,9,5,14,0.9333333333333333,0.6,0.3333333333333333,Temporal_Sequential_Context,2,0.4,1.871602261409798,1,0,0,1,2,1
650,15,1,8,6,14,0.9333333333333333,0.5333333333333333,0.4,Turning_Dynamics,2,0.3333333333333333,2.040223928941852,0,1,2,1,0,2
651,15,1,10,4,14,0.9333333333333333,0.6666666666666666,0.26666666666666666,Turning_Dynamics,2,0.5,1.4256051990169436,0,0,0,0,2,2
652,15,3,5,7,12,0.8,0.3333333333333333,0.4666666666666667,Temporal_Sequential_Context,3,0.42857142857142855,2.1819370635467044,3,0,0,1,3,0
653,15,3,8,4,12,0.8,0.5333333333333333,0.26666666666666666,Turning_Dynamics,2,0.5,1.7232314287976207,0,0,0,0,2,2
654,15,6,5,4,9,0.6,0.3333333333333333,0.26666666666666666,Speed_Dynamics,3,0.75,1.781937063546704,0,1,0,3,0,0
655,15,1,12,2,14,0.9333333333333333,0.8,0.13333333333333333,Turning_Dynamics,1,0.5,1.0389205950315936,1,0,0,0,0,1
656,15,6,4,5,9,0.6,0.26666666666666666,0.3333333333333333,Turning_Dynamics,3,0.6,1.8892464285091581,0,0,2,0,0,3
657,15,1,11,3,14,0.9333333333333333,0.7333333333333333,0.2,Turning_Dynamics,1,0.3333333333333333,1.3699740752745009,1,0,0,1,0,1
658,15,6,8,1,9,0.6,0.5333333333333333,0.06666666666666667,Speed_Dynamics,1,1.0,1.272905595320056,0,0,0,1,0,0
659,15,6,9,0,9,0.6,0.6,0.0,,0,0.0,0.9709505944546686,0,0,0,0,0,0
660,15,3,10,2,12,0.8,0.6666666666666666,0.13333333333333333,Turning_Dynamics,2,1.0,1.2419460322060458,0,0,0,0,0,2
661,15,0,15,0,15,1.0,1.0,0.0,,0,0.0,0.0,0,0,0,0,0,0
662,15,3,5,7,12,0.8,0.3333333333333333,0.4666666666666667,Spatial_Reach_and_Route,3,0.42857142857142855,2.2322628970242686,2,0,3,0,2,0
663,15,3,9,3,12,0.8,0.6,0.2,Spatial_Reach_and_Route,3,1.0,1.3709505944546687,0,0,3,0,0,0
664,15,3,10,2,12,0.8,0.6666666666666666,0.13333333333333333,Curvature_Geometry,1,0.5,1.3752793655393791,1,1,0,0,0,0
665,15,3,10,2,12,0.8,0.6666666666666666,0.13333333333333333,Turning_Dynamics,1,0.5,1.3752793655393791,0,0,1,0,0,1
666,15,1,7,7,14,0.9333333333333333,0.4666666666666667,0.4666666666666667,Turning_Dynamics,2,0.2857142857142857,2.1967916319816365,0,2,0,1,2,2
667,15,3,8,4,12,0.8,0.5333333333333333,0.26666666666666666,Temporal_Sequential_Context,2,0.5,1.8565647621309542,0,1,0,1,2,0
668,15,3,9,3,12,0.8,0.6,0.2,Turning_Dynamics,3,1.0,1.3709505944546687,0,0,0,0,0,3
669,15,3,6,6,12,0.8,0.4,0.4,Turning_Dynamics,3,0.5,1.9219280948873623,0,3,0,0,0,3
670,15,6,6,3,9,0.6,0.4,0.2,Curvature_Geometry,3,1.0,1.5219280948873621,0,3,0,0,0,0
671,15,3,12,0,12,0.8,0.8,0.0,,0,0.0,0.7219280948873623,0,0,0,0,0,0
672,15,1,14,0,14,0.9333333333333333,0.9333333333333333,0.0,,0,0.0,0.35335933502142136,0,0,0,0,0,0
673,15,6,3,6,9,0.6,0.2,0.4,Turning_Dynamics,3,0.5,1.9219280948873623,0,3,0,0,0,3
674,15,1,9,5,14,0.9333333333333333,0.6,0.3333333333333333,Temporal_Sequential_Context,2,0.4,1.871602261409798,0,1,1,0,2,1
675,15,1,10,4,14,0.9333333333333333,0.6666666666666666,0.26666666666666666,Speed_Dynamics,2,0.5,1.4256051990169438,0,2,0,2,0,0
676,15,15,0,0,0,0.0,0.0,0.0,,0,0.0,0.0,0,0,0,0,0,0
677,15,3,7,5,12,0.8,0.4666666666666667,0.3333333333333333,Spatial_Reach_and_Route,2,0.4,2.0131324651707385,0,2,2,0,0,1
678,15,3,8,4,12,0.8,0.5333333333333333,0.26666666666666666,Speed_Dynamics,3,0.75,1.6729055953200562,0,0,0,3,1,0
679,15,6,6,3,9,0.6,0.4,0.2,Turning_Dynamics,2,0.6666666666666666,1.7055872616982601,0,0,0,1,0,2
680,15,1,14,0,14,0.9333333333333333,0.9333333333333333,0.0,,0,0.0,0.35335933502142136,0,0,0,0,0,0
681,15,6,6,3,9,0.6,0.4,0.2,Turning_Dynamics,2,0.6666666666666666,1.7055872616982601,0,0,1,0,0,2
682,15,1,8,6,14,0.9333333333333333,0.5333333333333333,0.4,Temporal_Sequential_Context,2,0.3333333333333333,1.9068905956085187,0,0,2,2,2,0
683,15,3,7,5,12,0.8,0.4666666666666667,0.3333333333333333,Spatial_Reach_and_Route,3,0.6,1.8294732983598407,0,0,3,0,0,2
684,15,3,7,5,12,0.8,0.4666666666666667,0.3333333333333333,Temporal_Sequential_Context,2,0.4,2.0131324651707385,0,0,0,2,2,1
685,15,3,10,2,12,0.8,0.6666666666666666,0.13333333333333333,Speed_Dynamics,1,0.5,1.3752793655393791,0,1,0,1,0,0
686,15,6,6,3,9,0.6,0.4,0.2,Acceleration_Dynamics,2,0.6666666666666666,1.7055872616982601,2,0,0,1,0,0
687,15,6,8,1,9,0.6,0.5333333333333333,0.06666666666666667,Acceleration_Dynamics,1,1.0,1.272905595320056,1,0,0,0,0,0
688,15,10,2,3,5,0.3333333333333333,0.13333333333333333,0.2,Curvature_Geometry,3,1.0,1.2419460322060458,0,3,0,0,0,0
689,15,3,12,0,12,0.8,0.8,0.0,,0,0.0,0.7219280948873623,0,0,0,0,0,0
690,15,10,1,4,5,0.3333333333333333,0.06666666666666667,0.26666666666666666,Curvature_Geometry,4,1.0,1.158938532350277,0,4,0,0,0,0
691,15,15,0,0,0,0.0,0.0,0.0,,0,0.0,0.0,0,0,0,0,0,0
692,15,6,6,3,9,0.6,0.4,0.2,Temporal_Sequential_Context,3,1.0,1.5219280948873621,0,0,0,0,3,0
693,15,10,1,4,5,0.3333333333333333,0.06666666666666667,0.26666666666666666,Acceleration_Dynamics,4,1.0,1.1589385323502772,4,0,0,0,0,0
694,15,3,10,2,12,0.8,0.6666666666666666,0.13333333333333333,Turning_Dynamics,1,0.5,1.3752793655393791,0,1,0,0,0,1
695,15,6,6,3,9,0.6,0.4,0.2,Curvature_Geometry,3,1.0,1.5219280948873621,0,3,0,0,0,0
696,15,10,0,5,5,0.3333333333333333,0.0,0.3333333333333333,Speed_Dynamics,5,1.0,0.9182958340544896,0,0,0,5,0,0
697,15,3,7,5,12,0.8,0.4666666666666667,0.3333333333333333,Temporal_Sequential_Context,2,0.4,2.013132465170739,2,1,0,0,2,0
698,15,10,0,5,5,0.3333333333333333,0.0,0.3333333333333333,Turning_Dynamics,5,1.0,0.9182958340544896,0,0,0,0,0,5
699,15,0,11,4,15,1.0,0.7333333333333333,0.26666666666666666,Turning_Dynamics,1,0.25,1.3699740752745009,1,1,1,0,0,1
700,15,1,11,3,14,0.9333333333333333,0.7333333333333333,0.2,Speed_Dynamics,1,0.3333333333333333,1.3699740752745009,1,1,0,1,0,0
701,15,1,10,4,14,0.9333333333333333,0.6666666666666666,0.26666666666666666,Spatial_Reach_and_Route,2,0.5,1.5589385323502774,0,1,2,1,0,0
702,15,15,0,0,0,0.0,0.0,0.0,,0,0.0,0.0,0,0,0,0,0,0
703,15,1,9,5,14,0.9333333333333333,0.6,0.3333333333333333,Turning_Dynamics,2,0.4,1.7382689280764645,0,1,0,0,2,2
704,15,0,10,5,15,1.0,0.6666666666666666,0.3333333333333333,Turning_Dynamics,1,0.2,1.6922718656836107,1,1,1,1,0,1
705,15,6,5,4,9,0.6,0.3333333333333333,0.26666666666666666,Spatial_Reach_and_Route,2,0.5,1.8322628970242687,0,2,2,0,0,0
706,15,1,8,6,14,0.9333333333333333,0.5333333333333333,0.4,Speed_Dynamics,2,0.3333333333333333,1.9068905956085187,0,2,2,2,0,0
707,15,1,11,3,14,0.9333333333333333,0.7333333333333333,0.2,Turning_Dynamics,1,0.3333333333333333,1.3699740752745009,1,0,1,0,0,1
708,15,6,9,0,9,0.6,0.6,0.0,,0,0.0,0.9709505944546686,0,0,0,0,0,0
709,15,3,7,5,12,0.8,0.4666666666666667,0.3333333333333333,Turning_Dynamics,2,0.4,2.0131324651707385,1,0,2,0,0,2
710,15,0,14,1,15,1.0,0.9333333333333333,0.06666666666666667,Temporal_Sequential_Context,1,1.0,0.35335933502142136,0,0,0,0,1,0
711,15,10,0,5,5,0.3333333333333333,0.0,0.3333333333333333,Curvature_Geometry,5,1.0,0.9182958340544896,0,5,0,0,0,0
712,15,6,5,4,9,0.6,0.3333333333333333,0.26666666666666666,Temporal_Sequential_Context,3,0.75,1.781937063546704,0,0,1,0,3,0
713,15,6,8,1,9,0.6,0.5333333333333333,0.06666666666666667,Speed_Dynamics,1,1.0,1.272905595320056,0,0,0,1,0,0
714,15,6,5,4,9,0.6,0.3333333333333333,0.26666666666666666,Temporal_Sequential_Context,3,0.75,1.781937063546704,0,0,1,0,3,0
715,15,1,9,5,14,0.9333333333333333,0.6,0.3333333333333333,Speed_Dynamics,2,0.4,1.7382689280764647,2,0,1,2,0,0
716,15,0,10,5,15,1.0,0.6666666666666666,0.3333333333333333,Temporal_Sequential_Context,1,0.2,1.6922718656836107,1,1,1,1,1,0
717,15,3,10,2,12,0.8,0.6666666666666666,0.13333333333333333,Spatial_Reach_and_Route,1,0.5,1.3752793655393791,1,0,1,0,0,0
718,15,0,10,5,15,1.0,0.6666666666666666,0.3333333333333333,Turning_Dynamics,1,0.2,1.6922718656836104,0,1,1,1,1,1
719,15,3,9,3,12,0.8,0.6,0.2,Acceleration_Dynamics,2,0.6666666666666666,1.5546097612655667,2,0,0,0,0,1
720,15,1,9,5,14,0.9333333333333333,0.6,0.3333333333333333,Spatial_Reach_and_Route,2,0.4,1.7382689280764647,0,2,2,0,1,0
721,15,3,7,5,12,0.8,0.4666666666666667,0.3333333333333333,Acceleration_Dynamics,3,0.6,1.8294732983598407,3,0,0,0,0,2
722,15,6,6,3,9,0.6,0.4,0.2,Spatial_Reach_and_Route,3,1.0,1.5219280948873621,0,0,3,0,0,0
723,15,10,2,3,5,0.3333333333333333,0.13333333333333333,0.2,Turning_Dynamics,3,1.0,1.2419460322060458,0,0,0,0,0,3
724,15,6,4,5,9,0.6,0.26666666666666666,0.3333333333333333,Speed_Dynamics,3,0.6,1.8892464285091581,0,2,0,3,0,0
725,15,6,8,1,9,0.6,0.5333333333333333,0.06666666666666667,Spatial_Reach_and_Route,1,1.0,1.272905595320056,0,0,1,0,0,0
726,15,3,11,1,12,0.8,0.7333333333333333,0.06666666666666667,Turning_Dynamics,1,1.0,1.0529815751302694,0,0,0,0,0,1
727,15,6,7,2,9,0.6,0.4666666666666667,0.13333333333333333,Turning_Dynamics,1,0.5,1.5628066316931741,0,0,1,0,0,1
728,15,10,0,5,5,0.3333333333333333,0.0,0.3333333333333333,Speed_Dynamics,5,1.0,0.9182958340544896,0,0,0,5,0,0
729,15,3,9,3,12,0.8,0.6,0.2,Spatial_Reach_and_Route,3,1.0,1.3709505944546687,0,0,3,0,0,0
730,15,1,11,3,14,0.9333333333333333,0.7333333333333333,0.2,Curvature_Geometry,2,0.6666666666666666,1.2366407419411674,0,2,0,0,1,0
731,15,10,1,4,5,0.3333333333333333,0.06666666666666667,0.26666666666666666,Curvature_Geometry,4,1.0,1.158938532350277,0,4,0,0,0,0
732,15,1,13,1,14,0.9333333333333333,0.8666666666666667,0.06666666666666667,Spatial_Reach_and_Route,1,1.0,0.6998428398862386,0,0,1,0,0,0
733,15,10,1,4,5,0.3333333333333333,0.06666666666666667,0.26666666666666666,Turning_Dynamics,4,1.0,1.158938532350277,0,0,0,0,0,4
734,15,6,7,2,9,0.6,0.4666666666666667,0.13333333333333333,Turning_Dynamics,1,0.5,1.5628066316931741,0,0,0,0,1,1
735,15,3,9,3,12,0.8,0.6,0.2,Temporal_Sequential_Context,2,0.6666666666666666,1.5546097612655667,0,0,0,1,2,0
736,15,6,6,3,9,0.6,0.4,0.2,Acceleration_Dynamics,2,0.6666666666666666,1.7055872616982601,2,0,0,0,1,0
737,15,3,10,2,12,0.8,0.6666666666666666,0.13333333333333333,Turning_Dynamics,1,0.5,1.3752793655393791,0,0,1,0,0,1
738,15,10,3,2,5,0.3333333333333333,0.2,0.13333333333333333,Spatial_Reach_and_Route,2,1.0,1.2419460322060458,0,0,2,0,0,0
739,15,1,11,3,14,0.9333333333333333,0.7333333333333333,0.2,Spatial_Reach_and_Route,2,0.6666666666666666,1.2366407419411674,0,0,2,0,1,0
740,15,1,11,3,14,0.9333333333333333,0.7333333333333333,0.2,Turning_Dynamics,1,0.3333333333333333,1.3699740752745009,0,1,0,0,1,1
741,15,10,5,0,5,0.3333333333333333,0.3333333333333333,0.0,,0,0.0,0.9182958340544896,0,0,0,0,0,0
742,15,6,9,0,9,0.6,0.6,0.0,,0,0.0,0.9709505944546686,0,0,0,0,0,0
743,15,6,7,2,9,0.6,0.4666666666666667,0.13333333333333333,Curvature_Geometry,2,1.0,1.4294732983598406,0,2,0,0,0,0
744,15,6,4,5,9,0.6,0.26666666666666666,0.3333333333333333,Acceleration_Dynamics,3,0.6,1.889246428509158,3,0,2,0,0,0
745,15,1,10,4,14,0.9333333333333333,0.6666666666666666,0.26666666666666666,Turning_Dynamics,1,0.25,1.6922718656836107,1,1,0,0,1,1
746,15,10,4,1,5,0.3333333333333333,0.26666666666666666,0.06666666666666667,Turning_Dynamics,1,1.0,1.158938532350277,0,0,0,0,0,1
747,15,6,5,4,9,0.6,0.3333333333333333,0.26666666666666666,Turning_Dynamics,2,0.5,1.8322628970242685,0,2,0,0,0,2
748,15,0,12,3,15,1.0,0.8,0.2,Temporal_Sequential_Context,1,0.3333333333333333,1.0389205950315936,0,0,1,1,1,0
749,15,10,5,0,5,0.3333333333333333,0.3333333333333333,0.0,,0,0.0,0.9182958340544896,0,0,0,0,0,0
750,15,6,2,7,9,0.6,0.13333333333333333,0.4666666666666667,Temporal_Sequential_Context,4,0.5714285714285714,1.8892464285091581,0,0,0,0,4,3
751,15,0,13,2,15,1.0,0.8666666666666667,0.13333333333333333,Temporal_Sequential_Context,1,0.5,0.6998428398862386,1,0,0,0,1,0
752,15,6,1,8,9,0.6,0.06666666666666667,0.5333333333333333,Speed_Dynamics,4,0.5,1.8062389286533895,0,4,0,4,0,0
753,15,6,5,4,9,0.6,0.3333333333333333,0.26666666666666666,Curvature_Geometry,3,0.75,1.781937063546704,0,3,0,0,0,1
754,15,10,4,1,5,0.3333333333333333,0.26666666666666666,0.06666666666666667,Turning_Dynamics,1,1.0,1.158938532350277,0,0,0,0,0,1
755,15,1,14,0,14,0.9333333333333333,0.9333333333333333,0.0,,0,0.0,0.35335933502142136,0,0,0,0,0,0
756,15,6,5,4,9,0.6,0.3333333333333333,0.26666666666666666,Temporal_Sequential_Context,4,1.0,1.565596230357602,0,0,0,0,4,0
757,15,10,0,5,5,0.3333333333333333,0.0,0.3333333333333333,Turning_Dynamics,5,1.0,0.9182958340544896,0,0,0,0,0,5
758,15,6,7,2,9,0.6,0.4666666666666667,0.13333333333333333,Temporal_Sequential_Context,2,1.0,1.4294732983598406,0,0,0,0,2,0
759,15,1,9,5,14,0.9333333333333333,0.6,0.3333333333333333,Turning_Dynamics,2,0.4,1.7382689280764645,0,1,0,0,2,2
760,15,0,12,3,15,1.0,0.8,0.2,Turning_Dynamics,1,0.3333333333333333,1.0389205950315936,0,1,0,0,1,1
761,15,10,0,5,5,0.3333333333333333,0.0,0.3333333333333333,Turning_Dynamics,5,1.0,0.9182958340544896,0,0,0,0,0,5
762,15,10,5,0,5,0.3333333333333333,0.3333333333333333,0.0,,0,0.0,0.9182958340544896,0,0,0,0,0,0
763,15,6,3,6,9,0.6,0.2,0.4,Curvature_Geometry,4,0.6666666666666666,1.8892464285091581,0,4,0,0,0,2
764,15,10,5,0,5,0.3333333333333333,0.3333333333333333,0.0,,0,0.0,0.9182958340544896,0,0,0,0,0,0
765,15,10,5,0,5,0.3333333333333333,0.3333333333333333,0.0,,0,0.0,0.9182958340544896,0,0,0,0,0,0
766,15,3,10,2,12,0.8,0.6666666666666666,0.13333333333333333,Temporal_Sequential_Context,1,0.5,1.3752793655393791,1,0,0,0,1,0
767,15,10,5,0,5,0.3333333333333333,0.3333333333333333,0.0,,0,0.0,0.9182958340544896,0,0,0,0,0,0
768,15,3,8,4,12,0.8,0.5333333333333333,0.26666666666666666,Turning_Dynamics,3,0.75,1.6729055953200562,0,0,0,0,1,3
769,15,10,3,2,5,0.3333333333333333,0.2,0.13333333333333333,Acceleration_Dynamics,2,1.0,1.2419460322060458,2,0,0,0,0,0
770,15,1,9,5,14,0.9333333333333333,0.6,0.3333333333333333,Acceleration_Dynamics,2,0.4,1.8716022614097982,2,0,1,1,0,1
771,15,1,13,1,14,0.9333333333333333,0.8666666666666667,0.06666666666666667,Temporal_Sequential_Context,1,1.0,0.6998428398862386,0,0,0,0,1,0
772,15,6,3,6,9,0.6,0.2,0.4,Temporal_Sequential_Context,3,0.5,1.9219280948873623,0,3,0,0,3,0
773,15,6,2,7,9,0.6,0.13333333333333333,0.4666666666666667,Acceleration_Dynamics,4,0.5714285714285714,1.889246428509158,4,3,0,0,0,0
774,15,6,7,2,9,0.6,0.4666666666666667,0.13333333333333333,Temporal_Sequential_Context,1,0.5,1.5628066316931741,0,0,1,0,1,0
775,15,6,2,7,9,0.6,0.13333333333333333,0.4666666666666667,Turning_Dynamics,4,0.5714285714285714,1.8892464285091581,0,0,0,0,3,4
776,15,3,9,3,12,0.8,0.6,0.2,Temporal_Sequential_Context,1,0.3333333333333333,1.6879430945989,0,1,0,1,1,0
777,15,10,5,0,5,0.3333333333333333,0.3333333333333333,0.0,,0,0.0,0.9182958340544896,0,0,0,0,0,0
778,15,6,7,2,9,0.6,0.4666666666666667,0.13333333333333333,Temporal_Sequential_Context,2,1.0,1.4294732983598406,0,0,0,0,2,0
779,15,15,0,0,0,0.0,0.0,0.0,,0,0.0,0.0,0,0,0,0,0,0
780,15,6,8,1,9,0.6,0.5333333333333333,0.06666666666666667,Speed_Dynamics,1,1.0,1.272905595320056,0,0,0,1,0,0
781,15,10,2,3,5,0.3333333333333333,0.13333333333333333,0.2,Temporal_Sequential_Context,3,1.0,1.2419460322060458,0,0,0,0,3,0
782,15,6,5,4,9,0.6,0.3333333333333333,0.26666666666666666,Speed_Dynamics,3,0.75,1.781937063546704,0,0,0,3,1,0
783,15,10,0,5,5,0.3333333333333333,0.0,0.3333333333333333,Turning_Dynamics,5,1.0,0.9182958340544896,0,0,0,0,0,5
784,15,10,0,5,5,0.3333333333333333,0.0,0.3333333333333333,Turning_Dynamics,5,1.0,0.9182958340544896,0,0,0,0,0,5
785,15,6,8,1,9,0.6,0.5333333333333333,0.06666666666666667,Curvature_Geometry,1,1.0,1.272905595320056,0,1,0,0,0,0
786,15,3,9,3,12,0.8,0.6,0.2,Temporal_Sequential_Context,2,0.6666666666666666,1.5546097612655667,0,0,0,1,2,0
787,15,0,15,0,15,1.0,1.0,0.0,,0,0.0,0.0,0,0,0,0,0,0
788,15,10,0,5,5,0.3333333333333333,0.0,0.3333333333333333,Turning_Dynamics,5,1.0,0.9182958340544896,0,0,0,0,0,5
789,15,6,6,3,9,0.6,0.4,0.2,Acceleration_Dynamics,2,0.6666666666666666,1.7055872616982601,2,0,0,0,0,1
790,15,10,4,1,5,0.3333333333333333,0.26666666666666666,0.06666666666666667,Turning_Dynamics,1,1.0,1.158938532350277,0,0,0,0,0,1
791,15,6,9,0,9,0.6,0.6,0.0,,0,0.0,0.9709505944546686,0,0,0,0,0,0
792,15,10,0,5,5,0.3333333333333333,0.0,0.3333333333333333,Spatial_Reach_and_Route,5,1.0,0.9182958340544896,0,0,5,0,0,0
793,15,10,0,5,5,0.3333333333333333,0.0,0.3333333333333333,Spatial_Reach_and_Route,5,1.0,0.9182958340544896,0,0,5,0,0,0
794,15,6,5,4,9,0.6,0.3333333333333333,0.26666666666666666,Curvature_Geometry,3,0.75,1.781937063546704,1,3,0,0,0,0
795,15,1,7,7,14,0.9333333333333333,0.4666666666666667,0.4666666666666667,Temporal_Sequential_Context,2,0.2857142857142857,2.1967916319816365,0,2,2,0,2,1
796,15,1,12,2,14,0.9333333333333333,0.8,0.13333333333333333,Speed_Dynamics,1,0.5,1.0389205950315936,1,0,0,1,0,0
797,15,3,6,6,12,0.8,0.4,0.4,Temporal_Sequential_Context,3,0.5,1.9219280948873623,3,0,0,0,3,0
798,15,3,7,5,12,0.8,0.4666666666666667,0.3333333333333333,Spatial_Reach_and_Route,2,0.4,2.0131324651707385,0,2,2,0,0,1
799,15,6,6,3,9,0.6,0.4,0.2,Speed_Dynamics,2,0.6666666666666666,1.7055872616982601,1,0,0,2,0,0
800,15,3,8,4,12,0.8,0.5333333333333333,0.26666666666666666,Temporal_Sequential_Context,2,0.5,1.856564762130954,1,1,0,0,2,0
801,15,1,10,4,14,0.9333333333333333,0.6666666666666666,0.26666666666666666,Temporal_Sequential_Context,2,0.5,1.4256051990169438,0,0,2,0,2,0
802,15,10,2,3,5,0.3333333333333333,0.13333333333333333,0.2,Curvature_Geometry,3,1.0,1.2419460322060458,0,3,0,0,0,0
803,15,10,5,0,5,0.3333333333333333,0.3333333333333333,0.0,,0,0.0,0.9182958340544896,0,0,0,0,0,0
804,15,10,5,0,5,0.3333333333333333,0.3333333333333333,0.0,,0,0.0,0.9182958340544896,0,0,0,0,0,0
805,15,3,9,3,12,0.8,0.6,0.2,Turning_Dynamics,2,0.6666666666666666,1.5546097612655667,0,1,0,0,0,2
806,15,1,10,4,14,0.9333333333333333,0.6666666666666666,0.26666666666666666,Curvature_Geometry,2,0.5,1.5589385323502774,0,2,0,1,1,0
807,15,3,8,4,12,0.8,0.5333333333333333,0.26666666666666666,Spatial_Reach_and_Route,2,0.5,1.8565647621309542,0,1,2,1,0,0
808,15,1,10,4,14,0.9333333333333333,0.6666666666666666,0.26666666666666666,Temporal_Sequential_Context,2,0.5,1.4256051990169438,0,2,0,0,2,0
809,15,3,8,4,12,0.8,0.5333333333333333,0.26666666666666666,Turning_Dynamics,2,0.5,1.8565647621309542,0,1,0,1,0,2
810,15,3,7,5,12,0.8,0.4666666666666667,0.3333333333333333,Curvature_Geometry,3,0.6,1.9628066316931743,0,3,0,1,1,0
811,15,0,11,4,15,1.0,0.7333333333333333,0.26666666666666666,Temporal_Sequential_Context,1,0.25,1.3699740752745007,0,1,1,1,1,0
812,15,0,14,1,15,1.0,0.9333333333333333,0.06666666666666667,Spatial_Reach_and_Route,1,1.0,0.35335933502142136,0,0,1,0,0,0
813,15,0,10,5,15,1.0,0.6666666666666666,0.3333333333333333,Turning_Dynamics,1,0.2,1.6922718656836104,0,1,1,1,1,1
814,15,1,8,6,14,0.9333333333333333,0.5333333333333333,0.4,Turning_Dynamics,2,0.3333333333333333,1.9068905956085187,0,2,2,0,0,2
815,15,3,4,8,12,0.8,0.26666666666666666,0.5333333333333333,Temporal_Sequential_Context,3,0.375,2.2892464285091583,0,3,0,2,3,0
816,15,6,9,0,9,0.6,0.6,0.0,,0,0.0,0.9709505944546686,0,0,0,0,0,0
817,15,10,1,4,5,0.3333333333333333,0.06666666666666667,0.26666666666666666,Spatial_Reach_and_Route,4,1.0,1.158938532350277,0,0,4,0,0,0
818,15,15,0,0,0,0.0,0.0,0.0,,0,0.0,0.0,0,0,0,0,0,0
819,15,3,6,6,12,0.8,0.4,0.4,Speed_Dynamics,3,0.5,2.1055872616982603,0,2,0,3,1,0
820,15,3,10,2,12,0.8,0.6666666666666666,0.13333333333333333,Turning_Dynamics,2,1.0,1.2419460322060458,0,0,0,0,0,2
821,15,6,9,0,9,0.6,0.6,0.0,,0,0.0,0.9709505944546686,0,0,0,0,0,0
822,15,10,3,2,5,0.3333333333333333,0.2,0.13333333333333333,Turning_Dynamics,2,1.0,1.2419460322060458,0,0,0,0,0,2
823,15,6,8,1,9,0.6,0.5333333333333333,0.06666666666666667,Curvature_Geometry,1,1.0,1.272905595320056,0,1,0,0,0,0
824,15,1,11,3,14,0.9333333333333333,0.7333333333333333,0.2,Speed_Dynamics,1,0.3333333333333333,1.3699740752745009,1,0,1,1,0,0
825,15,3,7,5,12,0.8,0.4666666666666667,0.3333333333333333,Speed_Dynamics,3,0.6,1.962806631693174,1,0,1,3,0,0
826,15,3,7,5,12,0.8,0.4666666666666667,0.3333333333333333,Spatial_Reach_and_Route,2,0.4,2.0131324651707385,2,0,2,0,0,1
827,15,6,8,1,9,0.6,0.5333333333333333,0.06666666666666667,Acceleration_Dynamics,1,1.0,1.272905595320056,1,0,0,0,0,0
828,15,10,2,3,5,0.3333333333333333,0.13333333333333333,0.2,Speed_Dynamics,3,1.0,1.2419460322060458,0,0,0,3,0,0
829,15,1,10,4,14,0.9333333333333333,0.6666666666666666,0.26666666666666666,Temporal_Sequential_Context,2,0.5,1.5589385323502771,0,1,0,1,2,0
830,15,0,13,2,15,1.0,0.8666666666666667,0.13333333333333333,Turning_Dynamics,1,0.5,0.6998428398862386,0,1,0,0,0,1
831,15,3,8,4,12,0.8,0.5333333333333333,0.26666666666666666,Speed_Dynamics,2,0.5,1.7232314287976207,0,2,0,2,0,0
832,15,3,6,6,12,0.8,0.4,0.4,Curvature_Geometry,3,0.5,2.1055872616982603,0,3,0,1,0,2
833,15,6,1,8,9,0.6,0.06666666666666667,0.5333333333333333,Turning_Dynamics,4,0.5,1.8062389286533895,0,4,0,0,0,4
834,15,0,10,5,15,1.0,0.6666666666666666,0.3333333333333333,Turning_Dynamics,1,0.2,1.6922718656836107,1,1,1,0,1,1
835,15,3,9,3,12,0.8,0.6,0.2,Turning_Dynamics,1,0.3333333333333333,1.6879430945989,1,0,1,0,0,1
836,15,6,6,3,9,0.6,0.4,0.2,Acceleration_Dynamics,3,1.0,1.5219280948873621,3,0,0,0,0,0
837,15,3,3,9,12,0.8,0.2,0.6,Turning_Dynamics,3,0.3333333333333333,2.321928094887362,0,3,0,3,0,3
838,15,0,14,1,15,1.0,0.9333333333333333,0.06666666666666667,Turning_Dynamics,1,1.0,0.35335933502142136,0,0,0,0,0,1
839,15,6,4,5,9,0.6,0.26666666666666666,0.3333333333333333,Acceleration_Dynamics,4,0.8,1.8062389286533895,4,0,1,0,0,0
840,15,1,12,2,14,0.9333333333333333,0.8,0.13333333333333333,Acceleration_Dynamics,2,1.0,0.9055872616982603,2,0,0,0,0,0
841,15,1,7,7,14,0.9333333333333333,0.4666666666666667,0.4666666666666667,Spatial_Reach_and_Route,2,0.2857142857142857,2.1967916319816365,2,2,2,1,0,0
842,15,0,10,5,15,1.0,0.6666666666666666,0.3333333333333333,Turning_Dynamics,1,0.2,1.6922718656836104,0,1,1,1,1,1
843,15,3,9,3,12,0.8,0.6,0.2,Turning_Dynamics,1,0.3333333333333333,1.6879430945989,0,1,0,1,0,1
844,15,0,10,5,15,1.0,0.6666666666666666,0.3333333333333333,Turning_Dynamics,1,0.2,1.6922718656836107,1,1,0,1,1,1
845,15,1,9,5,14,0.9333333333333333,0.6,0.3333333333333333,Acceleration_Dynamics,2,0.4,1.8716022614097982,2,1,0,1,0,1
846,15,6,6,3,9,0.6,0.4,0.2,Curvature_Geometry,2,0.6666666666666666,1.7055872616982604,0,2,0,1,0,0
847,15,6,3,6,9,0.6,0.2,0.4,Turning_Dynamics,3,0.5,1.9219280948873623,0,0,0,3,0,3
848,15,10,4,1,5,0.3333333333333333,0.26666666666666666,0.06666666666666667,Spatial_Reach_and_Route,1,1.0,1.158938532350277,0,0,1,0,0,0
849,15,1,12,2,14,0.9333333333333333,0.8,0.13333333333333333,Curvature_Geometry,1,0.5,1.0389205950315936,1,1,0,0,0,0
850,15,1,11,3,14,0.9333333333333333,0.7333333333333333,0.2,Temporal_Sequential_Context,1,0.3333333333333333,1.3699740752745009,0,1,0,1,1,0
851,15,1,6,8,14,0.9333333333333333,0.4,0.5333333333333333,Turning_Dynamics,2,0.25,2.3395722619867225,0,2,0,2,2,2
852,15,0,12,3,15,1.0,0.8,0.2,Speed_Dynamics,1,0.3333333333333333,1.0389205950315936,1,0,1,1,0,0
853,15,3,5,7,12,0.8,0.3333333333333333,0.4666666666666667,Speed_Dynamics,3,0.42857142857142855,2.2322628970242686,2,2,0,3,0,0
854,15,1,8,6,14,0.9333333333333333,0.5333333333333333,0.4,Turning_Dynamics,2,0.3333333333333333,2.040223928941852,0,1,2,1,0,2
855,15,3,4,8,12,0.8,0.26666666666666666,0.5333333333333333,Turning_Dynamics,3,0.375,2.2892464285091583,0,3,2,0,0,3
856,15,6,3,6,9,0.6,0.2,0.4,Spatial_Reach_and_Route,3,0.5,1.9219280948873623,0,3,3,0,0,0
857,15,0,15,0,15,1.0,1.0,0.0,,0,0.0,0.0,0,0,0,0,0,0
858,15,1,12,2,14,0.9333333333333333,0.8,0.13333333333333333,Spatial_Reach_and_Route,1,0.5,1.0389205950315936,0,1,1,0,0,0
859,15,1,6,8,14,0.9333333333333333,0.4,0.5333333333333333,Turning_Dynamics,2,0.25,2.339572261986723,0,2,2,2,0,2
860,15,6,3,6,9,0.6,0.2,0.4,Spatial_Reach_and_Route,3,0.5,1.9219280948873623,0,3,3,0,0,0
861,15,6,2,7,9,0.6,0.13333333333333333,0.4666666666666667,Speed_Dynamics,4,0.5714285714285714,1.8892464285091581,0,0,0,4,0,3
862,15,0,12,3,15,1.0,0.8,0.2,Temporal_Sequential_Context,1,0.3333333333333333,1.0389205950315936,0,1,0,1,1,0
863,15,1,14,0,14,0.9333333333333333,0.9333333333333333,0.0,,0,0.0,0.35335933502142136,0,0,0,0,0,0
864,15,3,8,4,12,0.8,0.5333333333333333,0.26666666666666666,Curvature_Geometry,2,0.5,1.856564762130954,0,2,0,0,1,1
865,15,6,3,6,9,0.6,0.2,0.4,Curvature_Geometry,3,0.5,1.9219280948873623,3,3,0,0,0,0
866,15,10,5,0,5,0.3333333333333333,0.3333333333333333,0.0,,0,0.0,0.9182958340544896,0,0,0,0,0,0
867,15,1,11,3,14,0.9333333333333333,0.7333333333333333,0.2,Turning_Dynamics,1,0.3333333333333333,1.3699740752745009,0,1,1,0,0,1
868,15,3,11,1,12,0.8,0.7333333333333333,0.06666666666666667,Turning_Dynamics,1,1.0,1.0529815751302694,0,0,0,0,0,1
869,15,0,14,1,15,1.0,0.9333333333333333,0.06666666666666667,Curvature_Geometry,1,1.0,0.35335933502142136,0,1,0,0,0,0
870,15,1,9,5,14,0.9333333333333333,0.6,0.3333333333333333,Curvature_Geometry,2,0.4,1.871602261409798,1,2,0,1,0,1
871,15,1,8,6,14,0.9333333333333333,0.5333333333333333,0.4,Turning_Dynamics,2,0.3333333333333333,1.9068905956085187,0,2,2,0,0,2
872,15,1,9,5,14,0.9333333333333333,0.6,0.3333333333333333,Acceleration_Dynamics,2,0.4,1.8716022614097982,2,1,0,1,1,0
873,15,10,4,1,5,0.3333333333333333,0.26666666666666666,0.06666666666666667,Turning_Dynamics,1,1.0,1.158938532350277,0,0,0,0,0,1
874,15,1,11,3,14,0.9333333333333333,0.7333333333333333,0.2,Speed_Dynamics,1,0.3333333333333333,1.3699740752745007,0,1,1,1,0,0
875,15,3,8,4,12,0.8,0.5333333333333333,0.26666666666666666,Curvature_Geometry,2,0.5,1.856564762130954,0,2,0,1,0,1
876,15,1,8,6,14,0.9333333333333333,0.5333333333333333,0.4,Speed_Dynamics,2,0.3333333333333333,2.040223928941852,2,0,1,2,0,1
877,15,1,7,7,14,0.9333333333333333,0.4666666666666667,0.4666666666666667,Turning_Dynamics,2,0.2857142857142857,2.196791631981637,2,2,0,0,1,2
878,15,10,3,2,5,0.3333333333333333,0.2,0.13333333333333333,Curvature_Geometry,2,1.0,1.2419460322060458,0,2,0,0,0,0
879,15,6,6,3,9,0.6,0.4,0.2,Curvature_Geometry,2,0.6666666666666666,1.7055872616982601,0,2,0,0,0,1
880,15,0,11,4,15,1.0,0.7333333333333333,0.26666666666666666,Temporal_Sequential_Context,1,0.25,1.3699740752745009,1,1,1,0,1,0
881,15,3,12,0,12,0.8,0.8,0.0,,0,0.0,0.7219280948873623,0,0,0,0,0,0
882,15,1,13,1,14,0.9333333333333333,0.8666666666666667,0.06666666666666667,Acceleration_Dynamics,1,1.0,0.6998428398862386,1,0,0,0,0,0
883,15,1,12,2,14,0.9333333333333333,0.8,0.13333333333333333,Turning_Dynamics,1,0.5,1.0389205950315936,0,0,0,0,1,1
884,15,10,5,0,5,0.3333333333333333,0.3333333333333333,0.0,,0,0.0,0.9182958340544896,0,0,0,0,0,0
885,15,3,9,3,12,0.8,0.6,0.2,Acceleration_Dynamics,3,1.0,1.3709505944546687,3,0,0,0,0,0
886,15,6,6,3,9,0.6,0.4,0.2,Acceleration_Dynamics,2,0.6666666666666666,1.7055872616982601,2,0,0,0,0,1
887,15,0,15,0,15,1.0,1.0,0.0,,0,0.0,0.0,0,0,0,0,0,0
888,15,0,15,0,15,1.0,1.0,0.0,,0,0.0,0.0,0,0,0,0,0,0
889,15,3,10,2,12,0.8,0.6666666666666666,0.13333333333333333,Temporal_Sequential_Context,1,0.5,1.3752793655393791,0,1,0,0,1,0
890,15,0,15,0,15,1.0,1.0,0.0,,0,0.0,0.0,0,0,0,0,0,0
891,15,6,5,4,9,0.6,0.3333333333333333,0.26666666666666666,Temporal_Sequential_Context,2,0.5,1.8322628970242685,2,0,0,0,2,0
892,15,0,12,3,15,1.0,0.8,0.2,Turning_Dynamics,1,0.3333333333333333,1.0389205950315936,1,1,0,0,0,1
893,15,6,4,5,9,0.6,0.26666666666666666,0.3333333333333333,Speed_Dynamics,4,0.8,1.8062389286533895,0,0,1,4,0,0
894,15,6,6,3,9,0.6,0.4,0.2,Turning_Dynamics,3,1.0,1.5219280948873621,0,0,0,0,0,3
895,15,6,5,4,9,0.6,0.3333333333333333,0.26666666666666666,Turning_Dynamics,2,0.5,1.8322628970242685,0,2,0,0,0,2
896,15,6,8,1,9,0.6,0.5333333333333333,0.06666666666666667,Speed_Dynamics,1,1.0,1.272905595320056,0,0,0,1,0,0
897,15,10,4,1,5,0.3333333333333333,0.26666666666666666,0.06666666666666667,Curvature_Geometry,1,1.0,1.158938532350277,0,1,0,0,0,0
898,15,3,10,2,12,0.8,0.6666666666666666,0.13333333333333333,Turning_Dynamics,1,0.5,1.3752793655393791,0,0,0,0,1,1
899,15,10,0,5,5,0.3333333333333333,0.0,0.3333333333333333,Curvature_Geometry,5,1.0,0.9182958340544896,0,5,0,0,0,0
900,15,6,5,4,9,0.6,0.3333333333333333,0.26666666666666666,Speed_Dynamics,2,0.5,1.8322628970242685,0,2,0,2,0,0
901,15,3,6,6,12,0.8,0.4,0.4,Speed_Dynamics,2,0.3333333333333333,2.1559130951758245,2,2,0,2,0,0
902,15,3,10,2,12,0.8,0.6666666666666666,0.13333333333333333,Temporal_Sequential_Context,2,1.0,1.2419460322060458,0,0,0,0,2,0
903,15,6,5,4,9,0.6,0.3333333333333333,0.26666666666666666,Curvature_Geometry,3,0.75,1.781937063546704,0,3,0,0,1,0
904,15,3,5,7,12,0.8,0.3333333333333333,0.4666666666666667,Temporal_Sequential_Context,3,0.42857142857142855,2.2322628970242686,0,2,2,0,3,0
905,15,1,9,5,14,0.9333333333333333,0.6,0.3333333333333333,Spatial_Reach_and_Route,2,0.4,1.7382689280764645,1,2,2,0,0,0
906,15,0,12,3,15,1.0,0.8,0.2,Turning_Dynamics,1,0.3333333333333333,1.0389205950315936,1,0,1,0,0,1
907,15,6,9,0,9,0.6,0.6,0.0,,0,0.0,0.9709505944546686,0,0,0,0,0,0
908,15,3,11,1,12,0.8,0.7333333333333333,0.06666666666666667,Turning_Dynamics,1,1.0,1.0529815751302694,0,0,0,0,0,1
909,15,3,12,0,12,0.8,0.8,0.0,,0,0.0,0.7219280948873623,0,0,0,0,0,0
910,15,3,11,1,12,0.8,0.7333333333333333,0.06666666666666667,Acceleration_Dynamics,1,1.0,1.0529815751302694,1,0,0,0,0,0
911,15,1,10,4,14,0.9333333333333333,0.6666666666666666,0.26666666666666666,Temporal_Sequential_Context,1,0.25,1.6922718656836107,1,0,1,1,1,0
912,15,6,4,5,9,0.6,0.26666666666666666,0.3333333333333333,Turning_Dynamics,3,0.6,1.8892464285091581,0,0,2,0,0,3
913,15,1,7,7,14,0.9333333333333333,0.4666666666666667,0.4666666666666667,Temporal_Sequential_Context,2,0.2857142857142857,2.1967916319816365,0,0,2,2,2,1
914,15,1,14,0,14,0.9333333333333333,0.9333333333333333,0.0,,0,0.0,0.35335933502142136,0,0,0,0,0,0
915,15,1,12,2,14,0.9333333333333333,0.8,0.13333333333333333,Turning_Dynamics,1,0.5,1.0389205950315936,0,0,0,0,1,1
916,15,3,10,2,12,0.8,0.6666666666666666,0.13333333333333333,Temporal_Sequential_Context,2,1.0,1.2419460322060458,0,0,0,0,2,0
917,15,3,5,7,12,0.8,0.3333333333333333,0.4666666666666667,Turning_Dynamics,3,0.42857142857142855,2.181937063546704,0,0,1,3,0,3
918,15,1,14,0,14,0.9333333333333333,0.9333333333333333,0.0,,0,0.0,0.35335933502142136,0,0,0,0,0,0
919,15,3,10,2,12,0.8,0.6666666666666666,0.13333333333333333,Temporal_Sequential_Context,1,0.5,1.3752793655393791,0,0,0,1,1,0
920,15,1,13,1,14,0.9333333333333333,0.8666666666666667,0.06666666666666667,Spatial_Reach_and_Route,1,1.0,0.6998428398862386,0,0,1,0,0,0
921,15,1,9,5,14,0.9333333333333333,0.6,0.3333333333333333,Turning_Dynamics,2,0.4,1.871602261409798,1,0,1,0,1,2
922,15,3,6,6,12,0.8,0.4,0.4,Turning_Dynamics,2,0.3333333333333333,2.1559130951758245,0,2,0,2,0,2
923,15,6,5,4,9,0.6,0.3333333333333333,0.26666666666666666,Curvature_Geometry,3,0.75,1.781937063546704,1,3,0,0,0,0
924,15,10,0,5,5,0.3333333333333333,0.0,0.3333333333333333,Turning_Dynamics,5,1.0,0.9182958340544896,0,0,0,0,0,5
925,15,0,13,2,15,1.0,0.8666666666666667,0.13333333333333333,Turning_Dynamics,1,0.5,0.6998428398862386,0,0,1,0,0,1
926,15,0,11,4,15,1.0,0.7333333333333333,0.26666666666666666,Temporal_Sequential_Context,1,0.25,1.3699740752745007,0,1,1,1,1,0
927,15,6,1,8,9,0.6,0.06666666666666667,0.5333333333333333,Turning_Dynamics,4,0.5,1.8062389286533895,0,0,0,0,4,4
928,15,3,6,6,12,0.8,0.4,0.4,Turning_Dynamics,3,0.5,1.9219280948873623,0,0,0,3,0,3
929,15,6,4,5,9,0.6,0.26666666666666666,0.3333333333333333,Acceleration_Dynamics,4,0.8,1.8062389286533895,4,0,0,1,0,0
930,15,0,13,2,15,1.0,0.8666666666666667,0.13333333333333333,Speed_Dynamics,1,0.5,0.6998428398862386,0,0,1,1,0,0
931,15,6,6,3,9,0.6,0.4,0.2,Speed_Dynamics,2,0.6666666666666666,1.7055872616982601,0,0,0,2,1,0
932,15,3,11,1,12,0.8,0.7333333333333333,0.06666666666666667,Temporal_Sequential_Context,1,1.0,1.0529815751302694,0,0,0,0,1,0
933,15,3,6,6,12,0.8,0.4,0.4,Turning_Dynamics,3,0.5,2.1055872616982603,2,0,0,0,1,3
934,15,6,5,4,9,0.6,0.3333333333333333,0.26666666666666666,Temporal_Sequential_Context,2,0.5,1.8322628970242685,0,2,0,0,2,0
935,15,1,13,1,14,0.9333333333333333,0.8666666666666667,0.06666666666666667,Spatial_Reach_and_Route,1,1.0,0.6998428398862386,0,0,1,0,0,0
936,15,3,9,3,12,0.8,0.6,0.2,Temporal_Sequential_Context,2,0.6666666666666666,1.5546097612655665,0,0,1,0,2,0
937,15,1,9,5,14,0.9333333333333333,0.6,0.3333333333333333,Speed_Dynamics,2,0.4,1.871602261409798,1,1,0,2,0,1
938,15,6,5,4,9,0.6,0.3333333333333333,0.26666666666666666,Turning_Dynamics,4,1.0,1.5655962303576019,0,0,0,0,0,4
939,15,0,15,0,15,1.0,1.0,0.0,,0,0.0,0.0,0,0,0,0,0,0
940,15,3,6,6,12,0.8,0.4,0.4,Speed_Dynamics,2,0.3333333333333333,2.1559130951758245,2,0,2,2,0,0
941,15,1,13,1,14,0.9333333333333333,0.8666666666666667,0.06666666666666667,Temporal_Sequential_Context,1,1.0,0.6998428398862386,0,0,0,0,1,0
942,15,0,11,4,15,1.0,0.7333333333333333,0.26666666666666666,Turning_Dynamics,1,0.25,1.3699740752745009,1,0,1,0,1,1
943,15,3,9,3,12,0.8,0.6,0.2,Spatial_Reach_and_Route,2,0.6666666666666666,1.5546097612655665,1,0,2,0,0,0
944,15,3,8,4,12,0.8,0.5333333333333333,0.26666666666666666,Curvature_Geometry,2,0.5,1.856564762130954,0,2,0,0,1,1
945,15,3,5,7,12,0.8,0.3333333333333333,0.4666666666666667,Temporal_Sequential_Context,3,0.42857142857142855,2.181937063546704,0,3,1,0,3,0
946,15,0,10,5,15,1.0,0.6666666666666666,0.3333333333333333,Turning_Dynamics,1,0.2,1.6922718656836107,1,1,0,1,1,1
947,15,3,8,4,12,0.8,0.5333333333333333,0.26666666666666666,Temporal_Sequential_Context,2,0.5,1.856564762130954,1,0,1,0,2,0
948,15,3,9,3,12,0.8,0.6,0.2,Speed_Dynamics,3,1.0,1.3709505944546687,0,0,0,3,0,0
949,15,3,10,2,12,0.8,0.6666666666666666,0.13333333333333333,Turning_Dynamics,1,0.5,1.3752793655393791,0,0,0,0,1,1
950,15,1,12,2,14,0.9333333333333333,0.8,0.13333333333333333,Temporal_Sequential_Context,1,0.5,1.0389205950315936,0,0,1,0,1,0
951,15,6,4,5,9,0.6,0.26666666666666666,0.3333333333333333,Speed_Dynamics,4,0.8,1.8062389286533895,0,1,0,4,0,0
952,15,15,0,0,0,0.0,0.0,0.0,,0,0.0,0.0,0,0,0,0,0,0
953,15,3,11,1,12,0.8,0.7333333333333333,0.06666666666666667,Speed_Dynamics,1,1.0,1.0529815751302694,0,0,0,1,0,0
954,15,6,7,2,9,0.6,0.4666666666666667,0.13333333333333333,Curvature_Geometry,2,1.0,1.4294732983598406,0,2,0,0,0,0
955,15,1,12,2,14,0.9333333333333333,0.8,0.13333333333333333,Speed_Dynamics,2,1.0,0.9055872616982603,0,0,0,2,0,0
956,15,6,7,2,9,0.6,0.4666666666666667,0.13333333333333333,Speed_Dynamics,1,0.5,1.5628066316931741,0,1,0,1,0,0
957,15,10,2,3,5,0.3333333333333333,0.13333333333333333,0.2,Temporal_Sequential_Context,3,1.0,1.2419460322060458,0,0,0,0,3,0
958,15,15,0,0,0,0.0,0.0,0.0,,0,0.0,0.0,0,0,0,0,0,0
959,15,0,13,2,15,1.0,0.8666666666666667,0.13333333333333333,Speed_Dynamics,1,0.5,0.6998428398862386,0,0,1,1,0,0
960,15,3,10,2,12,0.8,0.6666666666666666,0.13333333333333333,Spatial_Reach_and_Route,2,1.0,1.2419460322060458,0,0,2,0,0,0
961,15,0,15,0,15,1.0,1.0,0.0,,0,0.0,0.0,0,0,0,0,0,0
962,15,3,9,3,12,0.8,0.6,0.2,Spatial_Reach_and_Route,2,0.6666666666666666,1.5546097612655667,0,0,2,0,0,1
963,15,6,4,5,9,0.6,0.26666666666666666,0.3333333333333333,Temporal_Sequential_Context,3,0.6,1.889246428509158,2,0,0,0,3,0
964,15,6,7,2,9,0.6,0.4666666666666667,0.13333333333333333,Turning_Dynamics,2,1.0,1.4294732983598406,0,0,0,0,0,2
965,15,0,11,4,15,1.0,0.7333333333333333,0.26666666666666666,Temporal_Sequential_Context,1,0.25,1.3699740752745009,1,0,1,1,1,0
966,15,0,12,3,15,1.0,0.8,0.2,Turning_Dynamics,1,0.3333333333333333,1.0389205950315936,0,1,1,0,0,1
967,15,3,8,4,12,0.8,0.5333333333333333,0.26666666666666666,Speed_Dynamics,2,0.5,1.856564762130954,1,1,0,2,0,0
968,15,10,3,2,5,0.3333333333333333,0.2,0.13333333333333333,Curvature_Geometry,2,1.0,1.2419460322060458,0,2,0,0,0,0
969,15,6,5,4,9,0.6,0.3333333333333333,0.26666666666666666,Acceleration_Dynamics,4,1.0,1.565596230357602,4,0,0,0,0,0
970,15,10,5,0,5,0.3333333333333333,0.3333333333333333,0.0,,0,0.0,0.9182958340544896,0,0,0,0,0,0
971,15,1,12,2,14,0.9333333333333333,0.8,0.13333333333333333,Spatial_Reach_and_Route,2,1.0,0.9055872616982603,0,0,2,0,0,0
972,15,1,11,3,14,0.9333333333333333,0.7333333333333333,0.2,Acceleration_Dynamics,2,0.6666666666666666,1.2366407419411674,2,0,0,0,1,0
973,15,0,11,4,15,1.0,0.7333333333333333,0.26666666666666666,Turning_Dynamics,1,0.25,1.3699740752745009,1,0,1,0,1,1
974,15,0,13,2,15,1.0,0.8666666666666667,0.13333333333333333,Spatial_Reach_and_Route,1,0.5,0.6998428398862386,1,0,1,0,0,0
975,15,0,15,0,15,1.0,1.0,0.0,,0,0.0,0.0,0,0,0,0,0,0
976,15,0,14,1,15,1.0,0.9333333333333333,0.06666666666666667,Spatial_Reach_and_Route,1,1.0,0.35335933502142136,0,0,1,0,0,0
977,15,6,5,4,9,0.6,0.3333333333333333,0.26666666666666666,Curvature_Geometry,3,0.75,1.781937063546704,0,3,0,1,0,0
978,15,6,5,4,9,0.6,0.3333333333333333,0.26666666666666666,Speed_Dynamics,2,0.5,1.8322628970242685,0,0,2,2,0,0
979,15,3,3,9,12,0.8,0.2,0.6,Turning_Dynamics,3,0.3333333333333333,2.321928094887362,3,0,3,0,0,3
980,15,1,6,8,14,0.9333333333333333,0.4,0.5333333333333333,Turning_Dynamics,2,0.25,2.339572261986723,2,0,2,2,0,2
981,15,10,1,4,5,0.3333333333333333,0.06666666666666667,0.26666666666666666,Curvature_Geometry,4,1.0,1.158938532350277,0,4,0,0,0,0
982,15,3,10,2,12,0.8,0.6666666666666666,0.13333333333333333,Speed_Dynamics,2,1.0,1.2419460322060458,0,0,0,2,0,0
983,15,3,5,7,12,0.8,0.3333333333333333,0.4666666666666667,Curvature_Geometry,3,0.42857142857142855,2.2322628970242686,2,3,0,0,2,0
984,15,3,10,2,12,0.8,0.6666666666666666,0.13333333333333333,Turning_Dynamics,1,0.5,1.3752793655393791,0,0,0,0,1,1
985,15,10,5,0,5,0.3333333333333333,0.3333333333333333,0.0,,0,0.0,0.9182958340544896,0,0,0,0,0,0
986,15,3,10,2,12,0.8,0.6666666666666666,0.13333333333333333,Temporal_Sequential_Context,2,1.0,1.2419460322060458,0,0,0,0,2,0
987,15,6,5,4,9,0.6,0.3333333333333333,0.26666666666666666,Speed_Dynamics,3,0.75,1.781937063546704,0,0,0,3,0,1
988,15,3,7,5,12,0.8,0.4666666666666667,0.3333333333333333,Spatial_Reach_and_Route,2,0.4,2.0131324651707385,0,2,2,1,0,0
989,15,6,5,4,9,0.6,0.3333333333333333,0.26666666666666666,Temporal_Sequential_Context,2,0.5,1.8322628970242685,2,0,0,0,2,0
990,15,3,11,1,12,0.8,0.7333333333333333,0.06666666666666667,Acceleration_Dynamics,1,1.0,1.0529815751302694,1,0,0,0,0,0
991,15,1,9,5,14,0.9333333333333333,0.6,0.3333333333333333,Turning_Dynamics,2,0.4,1.7382689280764647,2,0,0,0,1,2
992,15,3,6,6,12,0.8,0.4,0.4,Curvature_Geometry,3,0.5,1.9219280948873623,3,3,0,0,0,0
993,15,6,6,3,9,0.6,0.4,0.2,Acceleration_Dynamics,3,1.0,1.5219280948873621,3,0,0,0,0,0
994,15,6,7,2,9,0.6,0.4666666666666667,0.13333333333333333,Acceleration_Dynamics,2,1.0,1.4294732983598406,2,0,0,0,0,0
995,15,3,5,7,12,0.8,0.3333333333333333,0.4666666666666667,Turning_Dynamics,3,0.42857142857142855,2.2322628970242686,0,2,2,0,0,3
996,15,10,0,5,5,0.3333333333333333,0.0,0.3333333333333333,Acceleration_Dynamics,5,1.0,0.9182958340544896,5,0,0,0,0,0
997,15,1,9,5,14,0.9333333333333333,0.6,0.3333333333333333,Curvature_Geometry,2,0.4,1.871602261409798,0,2,1,1,0,1
998,15,6,2,7,9,0.6,0.13333333333333333,0.4666666666666667,Temporal_Sequential_Context,4,0.5714285714285714,1.889246428509158,3,0,0,0,4,0
999,15,6,3,6,9,0.6,0.2,0.4,Spatial_Reach_and_Route,3,0.5,1.9219280948873623,0,3,3,0,0,0
1000,15,6,2,7,9,0.6,0.13333333333333333,0.4666666666666667,Temporal_Sequential_Context,4,0.5714285714285714,1.889246428509158,3,0,0,0,4,0
1001,15,3,3,9,12,0.8,0.2,0.6,Turning_Dynamics,3,0.3333333333333333,2.321928094887362,0,3,3,0,0,3
1002,15,6,5,4,9,0.6,0.3333333333333333,0.26666666666666666,Turning_Dynamics,2,0.5,1.8322628970242685,2,0,0,0,0,2
1003,15,6,9,0,9,0.6,0.6,0.0,,0,0.0,0.9709505944546686,0,0,0,0,0,0
1004,15,1,12,2,14,0.9333333333333333,0.8,0.13333333333333333,Temporal_Sequential_Context,1,0.5,1.0389205950315936,0,0,0,1,1,0
1005,15,3,8,4,12,0.8,0.5333333333333333,0.26666666666666666,Turning_Dynamics,2,0.5,1.8565647621309542,0,0,1,0,1,2
1006,15,6,7,2,9,0.6,0.4666666666666667,0.13333333333333333,Turning_Dynamics,1,0.5,1.5628066316931741,0,0,0,0,1,1
1007,15,3,6,6,12,0.8,0.4,0.4,Turning_Dynamics,3,0.5,1.9219280948873623,0,0,0,0,3,3
1008,15,3,10,2,12,0.8,0.6666666666666666,0.13333333333333333,Turning_Dynamics,1,0.5,1.3752793655393791,1,0,0,0,0,1
1009,15,1,11,3,14,0.9333333333333333,0.7333333333333333,0.2,Acceleration_Dynamics,2,0.6666666666666666,1.2366407419411674,2,1,0,0,0,0
1010,15,1,14,0,14,0.9333333333333333,0.9333333333333333,0.0,,0,0.0,0.35335933502142136,0,0,0,0,0,0
1011,15,3,9,3,12,0.8,0.6,0.2,Speed_Dynamics,2,0.6666666666666666,1.5546097612655667,0,0,0,2,0,1
1012,15,0,15,0,15,1.0,1.0,0.0,,0,0.0,0.0,0,0,0,0,0,0
1013,15,10,4,1,5,0.3333333333333333,0.26666666666666666,0.06666666666666667,Spatial_Reach_and_Route,1,1.0,1.158938532350277,0,0,1,0,0,0
1014,15,0,15,0,15,1.0,1.0,0.0,,0,0.0,0.0,0,0,0,0,0,0
1015,15,1,8,6,14,0.9333333333333333,0.5333333333333333,0.4,Speed_Dynamics,2,0.3333333333333333,2.040223928941852,0,0,2,2,1,1
1016,15,0,15,0,15,1.0,1.0,0.0,,0,0.0,0.0,0,0,0,0,0,0
1017,15,1,9,5,14,0.9333333333333333,0.6,0.3333333333333333,Temporal_Sequential_Context,2,0.4,1.7382689280764645,1,0,2,0,2,0
1018,15,6,7,2,9,0.6,0.4666666666666667,0.13333333333333333,Turning_Dynamics,1,0.5,1.5628066316931741,0,1,0,0,0,1
1019,15,6,6,3,9,0.6,0.4,0.2,Speed_Dynamics,3,1.0,1.5219280948873621,0,0,0,3,0,0
1020,15,1,10,4,14,0.9333333333333333,0.6666666666666666,0.26666666666666666,Turning_Dynamics,2,0.5,1.4256051990169438,0,0,2,0,0,2
1021,15,3,12,0,12,0.8,0.8,0.0,,0,0.0,0.7219280948873623,0,0,0,0,0,0
1022,15,1,14,0,14,0.9333333333333333,0.9333333333333333,0.0,,0,0.0,0.35335933502142136,0,0,0,0,0,0
1023,15,10,2,3,5,0.3333333333333333,0.13333333333333333,0.2,Temporal_Sequential_Context,3,1.0,1.2419460322060458,0,0,0,0,3,0
1024,15,3,9,3,12,0.8,0.6,0.2,Acceleration_Dynamics,3,1.0,1.3709505944546687,3,0,0,0,0,0
1025,15,1,14,0,14,0.9333333333333333,0.9333333333333333,0.0,,0,0.0,0.35335933502142136,0,0,0,0,0,0
1026,15,3,9,3,12,0.8,0.6,0.2,Temporal_Sequential_Context,1,0.3333333333333333,1.6879430945989,1,0,1,0,1,0
1027,15,1,12,2,14,0.9333333333333333,0.8,0.13333333333333333,Temporal_Sequential_Context,2,1.0,0.9055872616982603,0,0,0,0,2,0
1028,15,0,12,3,15,1.0,0.8,0.2,Turning_Dynamics,1,0.3333333333333333,1.0389205950315936,1,0,1,0,0,1
1029,15,0,11,4,15,1.0,0.7333333333333333,0.26666666666666666,Turning_Dynamics,1,0.25,1.3699740752745009,1,0,1,0,1,1
1030,15,3,9,3,12,0.8,0.6,0.2,Curvature_Geometry,2,0.6666666666666666,1.5546097612655667,0,2,0,0,0,1
1031,15,3,8,4,12,0.8,0.5333333333333333,0.26666666666666666,Speed_Dynamics,2,0.5,1.7232314287976207,2,0,0,2,0,0
1032,15,6,8,1,9,0.6,0.5333333333333333,0.06666666666666667,Spatial_Reach_and_Route,1,1.0,1.272905595320056,0,0,1,0,0,0
1033,15,1,14,0,14,0.9333333333333333,0.9333333333333333,0.0,,0,0.0,0.35335933502142136,0,0,0,0,0,0
1034,15,1,12,2,14,0.9333333333333333,0.8,0.13333333333333333,Turning_Dynamics,1,0.5,1.0389205950315936,0,0,1,0,0,1
1035,15,1,11,3,14,0.9333333333333333,0.7333333333333333,0.2,Turning_Dynamics,1,0.3333333333333333,1.3699740752745009,1,0,1,0,0,1
1036,15,6,5,4,9,0.6,0.3333333333333333,0.26666666666666666,Speed_Dynamics,3,0.75,1.781937063546704,0,0,0,3,0,1
1037,15,3,9,3,12,0.8,0.6,0.2,Speed_Dynamics,2,0.6666666666666666,1.5546097612655665,0,0,1,2,0,0
1038,15,1,11,3,14,0.9333333333333333,0.7333333333333333,0.2,Turning_Dynamics,1,0.3333333333333333,1.3699740752745009,0,1,1,0,0,1
1039,15,10,3,2,5,0.3333333333333333,0.2,0.13333333333333333,Temporal_Sequential_Context,2,1.0,1.2419460322060458,0,0,0,0,2,0
1040,15,6,5,4,9,0.6,0.3333333333333333,0.26666666666666666,Temporal_Sequential_Context,2,0.5,1.8322628970242685,0,0,0,2,2,0
1041,15,3,10,2,12,0.8,0.6666666666666666,0.13333333333333333,Turning_Dynamics,1,0.5,1.3752793655393791,0,0,1,0,0,1
1042,15,1,10,4,14,0.9333333333333333,0.6666666666666666,0.26666666666666666,Temporal_Sequential_Context,1,0.25,1.6922718656836107,0,1,1,1,1,0
1043,15,3,10,2,12,0.8,0.6666666666666666,0.13333333333333333,Temporal_Sequential_Context,1,0.5,1.3752793655393791,1,0,0,0,1,0
1044,15,3,8,4,12,0.8,0.5333333333333333,0.26666666666666666,Turning_Dynamics,2,0.5,1.856564762130954,0,1,1,0,0,2
1045,15,10,3,2,5,0.3333333333333333,0.2,0.13333333333333333,Speed_Dynamics,2,1.0,1.2419460322060458,0,0,0,2,0,0
1046,15,6,7,2,9,0.6,0.4666666666666667,0.13333333333333333,Curvature_Geometry,2,1.0,1.4294732983598406,0,2,0,0,0,0
1047,15,6,7,2,9,0.6,0.4666666666666667,0.13333333333333333,Turning_Dynamics,1,0.5,1.5628066316931741,0,1,0,0,0,1
1048,15,10,3,2,5,0.3333333333333333,0.2,0.13333333333333333,Curvature_Geometry,2,1.0,1.2419460322060458,0,2,0,0,0,0
1049,15,3,10,2,12,0.8,0.6666666666666666,0.13333333333333333,Turning_Dynamics,1,0.5,1.3752793655393791,0,1,0,0,0,1
1050,15,3,8,4,12,0.8,0.5333333333333333,0.26666666666666666,Curvature_Geometry,2,0.5,1.8565647621309542,0,2,0,1,1,0
1051,15,10,4,1,5,0.3333333333333333,0.26666666666666666,0.06666666666666667,Curvature_Geometry,1,1.0,1.158938532350277,0,1,0,0,0,0
1052,15,6,3,6,9,0.6,0.2,0.4,Temporal_Sequential_Context,3,0.5,1.9219280948873623,0,3,0,0,3,0
1053,15,1,9,5,14,0.9333333333333333,0.6,0.3333333333333333,Speed_Dynamics,2,0.4,1.871602261409798,0,1,0,2,1,1
1054,15,6,7,2,9,0.6,0.4666666666666667,0.13333333333333333,Temporal_Sequential_Context,2,1.0,1.4294732983598406,0,0,0,0,2,0
1055,15,10,2,3,5,0.3333333333333333,0.13333333333333333,0.2,Curvature_Geometry,3,1.0,1.2419460322060458,0,3,0,0,0,0
1056,15,3,9,3,12,0.8,0.6,0.2,Speed_Dynamics,1,0.3333333333333333,1.6879430945989,1,1,0,1,0,0
1057,15,1,13,1,14,0.9333333333333333,0.8666666666666667,0.06666666666666667,Curvature_Geometry,1,1.0,0.6998428398862386,0,1,0,0,0,0
1058,15,3,5,7,12,0.8,0.3333333333333333,0.4666666666666667,Speed_Dynamics,3,0.42857142857142855,2.181937063546704,0,3,0,3,1,0
1059,15,6,4,5,9,0.6,0.26666666666666666,0.3333333333333333,Curvature_Geometry,3,0.6,1.889246428509158,2,3,0,0,0,0
1060,15,3,9,3,12,0.8,0.6,0.2,Turning_Dynamics,2,0.6666666666666666,1.5546097612655667,0,1,0,0,0,2
1061,15,15,0,0,0,0.0,0.0,0.0,,0,0.0,0.0,0,0,0,0,0,0
1062,15,6,6,3,9,0.6,0.4,0.2,Turning_Dynamics,2,0.6666666666666666,1.70558726169826,0,1,0,0,0,2
1063,15,3,6,6,12,0.8,0.4,0.4,Temporal_Sequential_Context,3,0.5,1.9219280948873623,0,0,0,3,3,0
1064,15,10,0,5,5,0.3333333333333333,0.0,0.3333333333333333,Speed_Dynamics,5,1.0,0.9182958340544896,0,0,0,5,0,0
1065,15,3,9,3,12,0.8,0.6,0.2,Turning_Dynamics,1,0.3333333333333333,1.6879430945989,0,0,1,0,1,1
1066,15,6,4,5,9,0.6,0.26666666666666666,0.3333333333333333,Acceleration_Dynamics,4,0.8,1.8062389286533893,4,0,1,0,0,0
1067,15,1,11,3,14,0.9333333333333333,0.7333333333333333,0.2,Turning_Dynamics,1,0.3333333333333333,1.3699740752745009,0,0,0,1,1,1
1068,15,1,8,6,14,0.9333333333333333,0.5333333333333333,0.4,Temporal_Sequential_Context,2,0.3333333333333333,1.9068905956085187,0,2,0,2,2,0
1069,15,6,7,2,9,0.6,0.4666666666666667,0.13333333333333333,Temporal_Sequential_Context,1,0.5,1.5628066316931741,0,0,0,1,1,0
1070,15,3,9,3,12,0.8,0.6,0.2,Temporal_Sequential_Context,1,0.3333333333333333,1.6879430945989,0,1,0,1,1,0
1071,15,3,10,2,12,0.8,0.6666666666666666,0.13333333333333333,Speed_Dynamics,2,1.0,1.2419460322060458,0,0,0,2,0,0
1072,15,1,9,5,14,0.9333333333333333,0.6,0.3333333333333333,Speed_Dynamics,2,0.4,1.871602261409798,0,0,1,2,1,1
1073,15,1,11,3,14,0.9333333333333333,0.7333333333333333,0.2,Turning_Dynamics,1,0.3333333333333333,1.3699740752745009,1,0,0,0,1,1
1074,15,0,15,0,15,1.0,1.0,0.0,,0,0.0,0.0,0,0,0,0,0,0
1075,15,0,12,3,15,1.0,0.8,0.2,Turning_Dynamics,1,0.3333333333333333,1.0389205950315936,1,0,0,0,1,1
1076,15,6,1,8,9,0.6,0.06666666666666667,0.5333333333333333,Turning_Dynamics,4,0.5,1.8062389286533893,4,0,0,0,0,4
1077,15,3,6,6,12,0.8,0.4,0.4,Turning_Dynamics,3,0.5,1.9219280948873623,0,0,0,3,0,3
1078,15,15,0,0,0,0.0,0.0,0.0,,0,0.0,0.0,0,0,0,0,0,0
1079,15,10,0,5,5,0.3333333333333333,0.0,0.3333333333333333,Speed_Dynamics,5,1.0,0.9182958340544896,0,0,0,5,0,0
1080,15,6,5,4,9,0.6,0.3333333333333333,0.26666666666666666,Turning_Dynamics,2,0.5,1.8322628970242685,0,0,0,0,2,2
1081,15,6,4,5,9,0.6,0.26666666666666666,0.3333333333333333,Speed_Dynamics,4,0.8,1.8062389286533895,0,0,0,4,0,1
1082,15,6,8,1,9,0.6,0.5333333333333333,0.06666666666666667,Curvature_Geometry,1,1.0,1.272905595320056,0,1,0,0,0,0
1083,15,10,0,5,5,0.3333333333333333,0.0,0.3333333333333333,Turning_Dynamics,5,1.0,0.9182958340544896,0,0,0,0,0,5
1084,15,1,7,7,14,0.9333333333333333,0.4666666666666667,0.4666666666666667,Turning_Dynamics,2,0.2857142857142857,2.1967916319816365,2,0,2,0,1,2
1085,15,3,3,9,12,0.8,0.2,0.6,Temporal_Sequential_Context,3,0.3333333333333333,2.321928094887362,3,0,3,0,3,0
1086,15,1,6,8,14,0.9333333333333333,0.4,0.5333333333333333,Turning_Dynamics,2,0.25,2.339572261986723,2,0,2,0,2,2
1087,15,6,5,4,9,0.6,0.3333333333333333,0.26666666666666666,Speed_Dynamics,2,0.5,1.8322628970242685,0,2,0,2,0,0
1088,15,1,13,1,14,0.9333333333333333,0.8666666666666667,0.06666666666666667,Turning_Dynamics,1,1.0,0.6998428398862386,0,0,0,0,0,1
1089,15,6,4,5,9,0.6,0.26666666666666666,0.3333333333333333,Turning_Dynamics,4,0.8,1.8062389286533893,0,1,0,0,0,4
1090,15,3,7,5,12,0.8,0.4666666666666667,0.3333333333333333,Curvature_Geometry,2,0.4,2.0131324651707385,2,2,0,0,1,0
1091,15,6,7,2,9,0.6,0.4666666666666667,0.13333333333333333,Speed_Dynamics,1,0.5,1.5628066316931741,1,0,0,1,0,0
1092,15,3,8,4,12,0.8,0.5333333333333333,0.26666666666666666,Temporal_Sequential_Context,2,0.5,1.8565647621309542,0,1,0,0,2,1
1093,15,10,1,4,5,0.3333333333333333,0.06666666666666667,0.26666666666666666,Turning_Dynamics,4,1.0,1.158938532350277,0,0,0,0,0,4
1094,15,0,13,2,15,1.0,0.8666666666666667,0.13333333333333333,Speed_Dynamics,1,0.5,0.6998428398862386,1,0,0,1,0,0
1095,15,0,14,1,15,1.0,0.9333333333333333,0.06666666666666667,Spatial_Reach_and_Route,1,1.0,0.35335933502142136,0,0,1,0,0,0
1096,15,6,4,5,9,0.6,0.26666666666666666,0.3333333333333333,Turning_Dynamics,3,0.6,1.8892464285091581,0,2,0,0,0,3
1097,15,1,12,2,14,0.9333333333333333,0.8,0.13333333333333333,Turning_Dynamics,2,1.0,0.9055872616982603,0,0,0,0,0,2
1098,15,3,8,4,12,0.8,0.5333333333333333,0.26666666666666666,Speed_Dynamics,2,0.5,1.8565647621309542,0,0,1,2,1,0
1099,15,6,8,1,9,0.6,0.5333333333333333,0.06666666666666667,Temporal_Sequential_Context,1,1.0,1.272905595320056,0,0,0,0,1,0
1100,15,6,3,6,9,0.6,0.2,0.4,Spatial_Reach_and_Route,3,0.5,1.9219280948873623,3,0,3,0,0,0
1101,15,10,4,1,5,0.3333333333333333,0.26666666666666666,0.06666666666666667,Turning_Dynamics,1,1.0,1.158938532350277,0,0,0,0,0,1
1102,15,10,4,1,5,0.3333333333333333,0.26666666666666666,0.06666666666666667,Acceleration_Dynamics,1,1.0,1.1589385323502772,1,0,0,0,0,0
1103,15,6,5,4,9,0.6,0.3333333333333333,0.26666666666666666,Curvature_Geometry,4,1.0,1.565596230357602,0,4,0,0,0,0
1104,15,15,0,0,0,0.0,0.0,0.0,,0,0.0,0.0,0,0,0,0,0,0
1105,15,3,3,9,12,0.8,0.2,0.6,Turning_Dynamics,3,0.3333333333333333,2.321928094887362,0,3,3,0,0,3
1106,15,3,11,1,12,0.8,0.7333333333333333,0.06666666666666667,Curvature_Geometry,1,1.0,1.0529815751302694,0,1,0,0,0,0
1107,15,10,4,1,5,0.3333333333333333,0.26666666666666666,0.06666666666666667,Turning_Dynamics,1,1.0,1.158938532350277,0,0,0,0,0,1
1108,15,6,7,2,9,0.6,0.4666666666666667,0.13333333333333333,Turning_Dynamics,1,0.5,1.5628066316931741,0,0,0,0,1,1
1109,15,6,6,3,9,0.6,0.4,0.2,Turning_Dynamics,2,0.6666666666666666,1.7055872616982601,0,0,0,0,1,2
1110,15,3,7,5,12,0.8,0.4666666666666667,0.3333333333333333,Acceleration_Dynamics,3,0.6,1.8294732983598407,3,0,2,0,0,0
1111,15,0,15,0,15,1.0,1.0,0.0,,0,0.0,0.0,0,0,0,0,0,0
1112,15,6,7,2,9,0.6,0.4666666666666667,0.13333333333333333,Turning_Dynamics,1,0.5,1.562806631693174,0,0,0,0,1,1
1113,15,3,8,4,12,0.8,0.5333333333333333,0.26666666666666666,Temporal_Sequential_Context,3,0.75,1.672905595320056,1,0,0,0,3,0
1114,15,1,11,3,14,0.9333333333333333,0.7333333333333333,0.2,Temporal_Sequential_Context,1,0.3333333333333333,1.3699740752745009,1,0,0,1,1,0
1115,15,3,10,2,12,0.8,0.6666666666666666,0.13333333333333333,Temporal_Sequential_Context,2,1.0,1.2419460322060458,0,0,0,0,2,0
1116,15,1,9,5,14,0.9333333333333333,0.6,0.3333333333333333,Turning_Dynamics,2,0.4,1.871602261409798,1,0,1,1,0,2
1117,15,0,15,0,15,1.0,1.0,0.0,,0,0.0,0.0,0,0,0,0,0,0
1118,15,6,9,0,9,0.6,0.6,0.0,,0,0.0,0.9709505944546686,0,0,0,0,0,0
1119,15,0,15,0,15,1.0,1.0,0.0,,0,0.0,0.0,0,0,0,0,0,0
1120,15,0,11,4,15,1.0,0.7333333333333333,0.26666666666666666,Turning_Dynamics,1,0.25,1.3699740752745009,1,0,0,1,1,1
1121,15,1,11,3,14,0.9333333333333333,0.7333333333333333,0.2,Speed_Dynamics,2,0.6666666666666666,1.2366407419411674,1,0,0,2,0,0
1122,15,3,11,1,12,0.8,0.7333333333333333,0.06666666666666667,Speed_Dynamics,1,1.0,1.0529815751302694,0,0,0,1,0,0
1123,15,3,10,2,12,0.8,0.6666666666666666,0.13333333333333333,Spatial_Reach_and_Route,1,0.5,1.3752793655393791,1,0,1,0,0,0
1124,15,0,12,3,15,1.0,0.8,0.2,Temporal_Sequential_Context,1,0.3333333333333333,1.0389205950315936,1,0,0,1,1,0
1125,15,3,11,1,12,0.8,0.7333333333333333,0.06666666666666667,Curvature_Geometry,1,1.0,1.0529815751302694,0,1,0,0,0,0
1126,15,10,1,4,5,0.3333333333333333,0.06666666666666667,0.26666666666666666,Curvature_Geometry,4,1.0,1.158938532350277,0,4,0,0,0,0
1127,15,10,3,2,5,0.3333333333333333,0.2,0.13333333333333333,Temporal_Sequential_Context,2,1.0,1.2419460322060458,0,0,0,0,2,0
1128,15,0,14,1,15,1.0,0.9333333333333333,0.06666666666666667,Curvature_Geometry,1,1.0,0.35335933502142136,0,1,0,0,0,0
1129,15,6,6,3,9,0.6,0.4,0.2,Curvature_Geometry,2,0.6666666666666666,1.7055872616982604,0,2,1,0,0,0
1130,15,3,10,2,12,0.8,0.6666666666666666,0.13333333333333333,Turning_Dynamics,1,0.5,1.3752793655393791,0,0,0,0,1,1
1131,15,3,6,6,12,0.8,0.4,0.4,Temporal_Sequential_Context,3,0.5,1.9219280948873623,0,3,0,0,3,0
1132,15,3,12,0,12,0.8,0.8,0.0,,0,0.0,0.7219280948873623,0,0,0,0,0,0
1133,15,10,1,4,5,0.3333333333333333,0.06666666666666667,0.26666666666666666,Turning_Dynamics,4,1.0,1.158938532350277,0,0,0,0,0,4
1134,15,1,14,0,14,0.9333333333333333,0.9333333333333333,0.0,,0,0.0,0.35335933502142136,0,0,0,0,0,0
1135,15,3,7,5,12,0.8,0.4666666666666667,0.3333333333333333,Turning_Dynamics,3,0.6,1.9628066316931743,0,1,0,1,0,3
1136,15,1,11,3,14,0.9333333333333333,0.7333333333333333,0.2,Turning_Dynamics,1,0.3333333333333333,1.3699740752745009,0,0,0,1,1,1
1137,15,0,14,1,15,1.0,0.9333333333333333,0.06666666666666667,Spatial_Reach_and_Route,1,1.0,0.35335933502142136,0,0,1,0,0,0
1138,15,10,3,2,5,0.3333333333333333,0.2,0.13333333333333333,Curvature_Geometry,2,1.0,1.2419460322060458,0,2,0,0,0,0
1139,15,0,14,1,15,1.0,0.9333333333333333,0.06666666666666667,Temporal_Sequential_Context,1,1.0,0.35335933502142136,0,0,0,0,1,0
1140,15,0,10,5,15,1.0,0.6666666666666666,0.3333333333333333,Temporal_Sequential_Context,1,0.2,1.6922718656836107,1,1,1,1,1,0
1141,15,0,12,3,15,1.0,0.8,0.2,Temporal_Sequential_Context,1,0.3333333333333333,1.0389205950315936,1,0,0,1,1,0
1142,15,0,14,1,15,1.0,0.9333333333333333,0.06666666666666667,Speed_Dynamics,1,1.0,0.35335933502142136,0,0,0,1,0,0
1143,15,0,11,4,15,1.0,0.7333333333333333,0.26666666666666666,Turning_Dynamics,1,0.25,1.3699740752745009,0,1,0,1,1,1
1144,15,0,15,0,15,1.0,1.0,0.0,,0,0.0,0.0,0,0,0,0,0,0
1145,15,0,12,3,15,1.0,0.8,0.2,Turning_Dynamics,1,0.3333333333333333,1.0389205950315936,1,0,0,0,1,1
1146,15,1,8,6,14,0.9333333333333333,0.5333333333333333,0.4,Temporal_Sequential_Context,2,0.3333333333333333,2.040223928941852,2,0,0,1,2,1
1147,15,3,12,0,12,0.8,0.8,0.0,,0,0.0,0.7219280948873623,0,0,0,0,0,0
1148,15,0,13,2,15,1.0,0.8666666666666667,0.13333333333333333,Turning_Dynamics,1,0.5,0.6998428398862386,0,0,0,0,1,1
1149,15,3,9,3,12,0.8,0.6,0.2,Temporal_Sequential_Context,3,1.0,1.3709505944546687,0,0,0,0,3,0
1150,15,3,8,4,12,0.8,0.5333333333333333,0.26666666666666666,Acceleration_Dynamics,2,0.5,1.8565647621309542,2,0,1,1,0,0
1151,15,1,11,3,14,0.9333333333333333,0.7333333333333333,0.2,Turning_Dynamics,2,0.6666666666666666,1.2366407419411674,0,0,0,1,0,2
1152,15,0,12,3,15,1.0,0.8,0.2,Temporal_Sequential_Context,1,0.3333333333333333,1.0389205950315936,0,1,0,1,1,0
1153,15,1,12,2,14,0.9333333333333333,0.8,0.13333333333333333,Temporal_Sequential_Context,2,1.0,0.9055872616982603,0,0,0,0,2,0
1154,15,1,11,3,14,0.9333333333333333,0.7333333333333333,0.2,Turning_Dynamics,2,0.6666666666666666,1.2366407419411674,0,1,0,0,0,2
1155,15,6,8,1,9,0.6,0.5333333333333333,0.06666666666666667,Spatial_Reach_and_Route,1,1.0,1.272905595320056,0,0,1,0,0,0
1156,15,3,12,0,12,0.8,0.8,0.0,,0,0.0,0.7219280948873623,0,0,0,0,0,0
1157,15,3,10,2,12,0.8,0.6666666666666666,0.13333333333333333,Turning_Dynamics,1,0.5,1.3752793655393791,0,0,1,0,0,1
1158,15,0,14,1,15,1.0,0.9333333333333333,0.06666666666666667,Temporal_Sequential_Context,1,1.0,0.35335933502142136,0,0,0,0,1,0
1159,15,3,9,3,12,0.8,0.6,0.2,Spatial_Reach_and_Route,3,1.0,1.3709505944546687,0,0,3,0,0,0
1160,15,6,8,1,9,0.6,0.5333333333333333,0.06666666666666667,Turning_Dynamics,1,1.0,1.272905595320056,0,0,0,0,0,1
1161,15,10,3,2,5,0.3333333333333333,0.2,0.13333333333333333,Acceleration_Dynamics,2,1.0,1.2419460322060458,2,0,0,0,0,0
1162,15,1,14,0,14,0.9333333333333333,0.9333333333333333,0.0,,0,0.0,0.35335933502142136,0,0,0,0,0,0
1163,15,6,4,5,9,0.6,0.26666666666666666,0.3333333333333333,Spatial_Reach_and_Route,4,0.8,1.8062389286533893,1,0,4,0,0,0
1164,15,1,13,1,14,0.9333333333333333,0.8666666666666667,0.06666666666666667,Spatial_Reach_and_Route,1,1.0,0.6998428398862386,0,0,1,0,0,0
1165,15,1,14,0,14,0.9333333333333333,0.9333333333333333,0.0,,0,0.0,0.35335933502142136,0,0,0,0,0,0
1166,15,3,8,4,12,0.8,0.5333333333333333,0.26666666666666666,Speed_Dynamics,2,0.5,1.7232314287976207,0,0,2,2,0,0
1167,15,1,7,7,14,0.9333333333333333,0.4666666666666667,0.4666666666666667,Turning_Dynamics,2,0.2857142857142857,2.1967916319816365,0,2,2,1,0,2
1168,15,1,12,2,14,0.9333333333333333,0.8,0.13333333333333333,Temporal_Sequential_Context,2,1.0,0.9055872616982603,0,0,0,0,2,0
1169,15,3,6,6,12,0.8,0.4,0.4,Spatial_Reach_and_Route,3,0.5,1.9219280948873623,0,3,3,0,0,0
1170,15,3,7,5,12,0.8,0.4666666666666667,0.3333333333333333,Spatial_Reach_and_Route,3,0.6,1.962806631693174,1,0,3,1,0,0
1171,15,1,13,1,14,0.9333333333333333,0.8666666666666667,0.06666666666666667,Speed_Dynamics,1,1.0,0.6998428398862386,0,0,0,1,0,0
1172,15,1,12,2,14,0.9333333333333333,0.8,0.13333333333333333,Temporal_Sequential_Context,1,0.5,1.0389205950315936,0,0,1,0,1,0
1173,15,3,3,9,12,0.8,0.2,0.6,Speed_Dynamics,3,0.3333333333333333,2.321928094887362,0,3,3,3,0,0
1174,15,1,13,1,14,0.9333333333333333,0.8666666666666667,0.06666666666666667,Temporal_Sequential_Context,1,1.0,0.6998428398862386,0,0,0,0,1,0
1175,15,1,7,7,14,0.9333333333333333,0.4666666666666667,0.4666666666666667,Speed_Dynamics,2,0.2857142857142857,2.1967916319816365,1,2,2,2,0,0
1176,15,0,15,0,15,1.0,1.0,0.0,,0,0.0,0.0,0,0,0,0,0,0
1177,15,3,10,2,12,0.8,0.6666666666666666,0.13333333333333333,Temporal_Sequential_Context,2,1.0,1.2419460322060458,0,0,0,0,2,0
1178,15,0,15,0,15,1.0,1.0,0.0,,0,0.0,0.0,0,0,0,0,0,0
1179,15,6,6,3,9,0.6,0.4,0.2,Curvature_Geometry,2,0.6666666666666666,1.7055872616982601,0,2,0,1,0,0
1180,15,6,1,8,9,0.6,0.06666666666666667,0.5333333333333333,Speed_Dynamics,4,0.5,1.8062389286533895,0,4,0,4,0,0
1181,15,3,6,6,12,0.8,0.4,0.4,Turning_Dynamics,2,0.3333333333333333,2.1559130951758245,0,2,0,2,0,2
1182,15,1,6,8,14,0.9333333333333333,0.4,0.5333333333333333,Turning_Dynamics,2,0.25,2.339572261986723,2,2,0,0,2,2
1183,15,3,5,7,12,0.8,0.3333333333333333,0.4666666666666667,Turning_Dynamics,3,0.42857142857142855,2.2322628970242686,0,2,0,2,0,3
1184,15,3,3,9,12,0.8,0.2,0.6,Turning_Dynamics,3,0.3333333333333333,2.321928094887362,0,3,0,3,0,3
1185,15,3,5,7,12,0.8,0.3333333333333333,0.4666666666666667,Turning_Dynamics,3,0.42857142857142855,2.2322628970242686,0,2,0,0,2,3
1186,15,3,9,3,12,0.8,0.6,0.2,Curvature_Geometry,2,0.6666666666666666,1.5546097612655667,0,2,0,1,0,0
1187,15,1,13,1,14,0.9333333333333333,0.8666666666666667,0.06666666666666667,Curvature_Geometry,1,1.0,0.6998428398862386,0,1,0,0,0,0
1188,15,1,11,3,14,0.9333333333333333,0.7333333333333333,0.2,Turning_Dynamics,2,0.6666666666666666,1.2366407419411674,0,0,0,1,0,2
1189,15,3,7,5,12,0.8,0.4666666666666667,0.3333333333333333,Spatial_Reach_and_Route,2,0.4,2.0131324651707385,0,2,2,1,0,0
1190,15,1,14,0,14,0.9333333333333333,0.9333333333333333,0.0,,0,0.0,0.35335933502142136,0,0,0,0,0,0
1191,15,3,4,8,12,0.8,0.26666666666666666,0.5333333333333333,Curvature_Geometry,3,0.375,2.2892464285091583,3,3,0,0,2,0
1192,15,0,13,2,15,1.0,0.8666666666666667,0.13333333333333333,Turning_Dynamics,1,0.5,0.6998428398862386,0,0,0,0,1,1
1193,15,3,8,4,12,0.8,0.5333333333333333,0.26666666666666666,Speed_Dynamics,2,0.5,1.856564762130954,1,0,1,2,0,0
1194,15,6,1,8,9,0.6,0.06666666666666667,0.5333333333333333,Temporal_Sequential_Context,4,0.5,1.8062389286533895,0,0,0,4,4,0
1195,15,6,5,4,9,0.6,0.3333333333333333,0.26666666666666666,Turning_Dynamics,2,0.5,1.8322628970242687,0,2,0,0,0,2
1196,15,10,1,4,5,0.3333333333333333,0.06666666666666667,0.26666666666666666,Acceleration_Dynamics,4,1.0,1.1589385323502772,4,0,0,0,0,0
1197,15,1,9,5,14,0.9333333333333333,0.6,0.3333333333333333,Temporal_Sequential_Context,2,0.4,1.7382689280764647,0,2,0,0,2,1
1198,15,1,12,2,14,0.9333333333333333,0.8,0.13333333333333333,Spatial_Reach_and_Route,2,1.0,0.9055872616982603,0,0,2,0,0,0
1199,15,3,3,9,12,0.8,0.2,0.6,Temporal_Sequential_Context,3,0.3333333333333333,2.321928094887362,3,0,3,0,3,0
1200,15,3,9,3,12,0.8,0.6,0.2,Speed_Dynamics,1,0.3333333333333333,1.6879430945989,0,1,1,1,0,0
1201,15,3,12,0,12,0.8,0.8,0.0,,0,0.0,0.7219280948873623,0,0,0,0,0,0
1202,15,1,10,4,14,0.9333333333333333,0.6666666666666666,0.26666666666666666,Spatial_Reach_and_Route,2,0.5,1.5589385323502774,0,1,2,0,1,0
1203,15,10,3,2,5,0.3333333333333333,0.2,0.13333333333333333,Curvature_Geometry,2,1.0,1.2419460322060458,0,2,0,0,0,0
1204,15,1,14,0,14,0.9333333333333333,0.9333333333333333,0.0,,0,0.0,0.35335933502142136,0,0,0,0,0,0
1205,15,3,6,6,12,0.8,0.4,0.4,Speed_Dynamics,3,0.5,1.9219280948873623,0,0,3,3,0,0
1206,15,3,9,3,12,0.8,0.6,0.2,Curvature_Geometry,2,0.6666666666666666,1.5546097612655665,0,2,0,0,0,1
1207,15,1,8,6,14,0.9333333333333333,0.5333333333333333,0.4,Turning_Dynamics,2,0.3333333333333333,1.9068905956085187,0,0,2,2,0,2
1208,15,6,1,8,9,0.6,0.06666666666666667,0.5333333333333333,Turning_Dynamics,4,0.5,1.8062389286533895,0,4,0,0,0,4
1209,15,10,3,2,5,0.3333333333333333,0.2,0.13333333333333333,Curvature_Geometry,2,1.0,1.2419460322060458,0,2,0,0,0,0
1210,15,3,10,2,12,0.8,0.6666666666666666,0.13333333333333333,Temporal_Sequential_Context,2,1.0,1.2419460322060458,0,0,0,0,2,0
1211,15,6,3,6,9,0.6,0.2,0.4,Turning_Dynamics,4,0.6666666666666666,1.8892464285091581,0,2,0,0,0,4
1212,15,0,13,2,15,1.0,0.8666666666666667,0.13333333333333333,Temporal_Sequential_Context,1,0.5,0.6998428398862386,0,1,0,0,1,0
1213,15,3,3,9,12,0.8,0.2,0.6,Turning_Dynamics,3,0.3333333333333333,2.321928094887362,3,3,0,0,0,3
1214,15,6,7,2,9,0.6,0.4666666666666667,0.13333333333333333,Curvature_Geometry,2,1.0,1.4294732983598406,0,2,0,0,0,0
1215,15,3,9,3,12,0.8,0.6,0.2,Temporal_Sequential_Context,3,1.0,1.3709505944546687,0,0,0,0,3,0
1216,15,6,5,4,9,0.6,0.3333333333333333,0.26666666666666666,Turning_Dynamics,4,1.0,1.5655962303576019,0,0,0,0,0,4
1217,15,1,6,8,14,0.9333333333333333,0.4,0.5333333333333333,Turning_Dynamics,2,0.25,2.339572261986723,2,2,0,0,2,2
1218,15,3,4,8,12,0.8,0.26666666666666666,0.5333333333333333,Speed_Dynamics,3,0.375,2.2892464285091583,0,3,0,3,2,0
1219,15,3,5,7,12,0.8,0.3333333333333333,0.4666666666666667,Turning_Dynamics,3,0.42857142857142855,2.181937063546704,0,3,0,0,1,3
1220,15,10,5,0,5,0.3333333333333333,0.3333333333333333,0.0,,0,0.0,0.9182958340544896,0,0,0,0,0,0
1221,15,3,8,4,12,0.8,0.5333333333333333,0.26666666666666666,Acceleration_Dynamics,2,0.5,1.8565647621309542,2,1,0,0,1,0
1222,15,0,15,0,15,1.0,1.0,0.0,,0,0.0,0.0,0,0,0,0,0,0
1223,15,10,1,4,5,0.3333333333333333,0.06666666666666667,0.26666666666666666,Curvature_Geometry,4,1.0,1.158938532350277,0,4,0,0,0,0
1224,15,0,10,5,15,1.0,0.6666666666666666,0.3333333333333333,Turning_Dynamics,1,0.2,1.6922718656836107,1,1,1,1,0,1
1225,15,1,14,0,14,0.9333333333333333,0.9333333333333333,0.0,,0,0.0,0.35335933502142136,0,0,0,0,0,0
1226,15,6,8,1,9,0.6,0.5333333333333333,0.06666666666666667,Spatial_Reach_and_Route,1,1.0,1.272905595320056,0,0,1,0,0,0
1227,15,0,13,2,15,1.0,0.8666666666666667,0.13333333333333333,Speed_Dynamics,1,0.5,0.6998428398862386,0,0,1,1,0,0
1228,15,3,12,0,12,0.8,0.8,0.0,,0,0.0,0.7219280948873623,0,0,0,0,0,0
1229,15,1,8,6,14,0.9333333333333333,0.5333333333333333,0.4,Speed_Dynamics,2,0.3333333333333333,2.040223928941852,2,1,0,2,0,1
1230,15,6,1,8,9,0.6,0.06666666666666667,0.5333333333333333,Temporal_Sequential_Context,4,0.5,1.8062389286533895,0,0,0,4,4,0
1231,15,1,14,0,14,0.9333333333333333,0.9333333333333333,0.0,,0,0.0,0.35335933502142136,0,0,0,0,0,0
1232,15,0,12,3,15,1.0,0.8,0.2,Temporal_Sequential_Context,1,0.3333333333333333,1.0389205950315936,0,1,1,0,1,0
1233,15,6,5,4,9,0.6,0.3333333333333333,0.26666666666666666,Temporal_Sequential_Context,3,0.75,1.781937063546704,0,0,0,0,3,1
1234,15,3,9,3,12,0.8,0.6,0.2,Speed_Dynamics,1,0.3333333333333333,1.6879430945989,1,1,0,1,0,0
1235,15,6,7,2,9,0.6,0.4666666666666667,0.13333333333333333,Curvature_Geometry,2,1.0,1.4294732983598406,0,2,0,0,0,0
1236,15,1,13,1,14,0.9333333333333333,0.8666666666666667,0.06666666666666667,Curvature_Geometry,1,1.0,0.6998428398862386,0,1,0,0,0,0
1237,15,3,7,5,12,0.8,0.4666666666666667,0.3333333333333333,Temporal_Sequential_Context,2,0.4,2.0131324651707385,0,2,1,0,2,0
1238,15,6,8,1,9,0.6,0.5333333333333333,0.06666666666666667,Curvature_Geometry,1,1.0,1.272905595320056,0,1,0,0,0,0
1239,15,6,5,4,9,0.6,0.3333333333333333,0.26666666666666666,Curvature_Geometry,2,0.5,1.8322628970242687,2,2,0,0,0,0
1240,15,1,9,5,14,0.9333333333333333,0.6,0.3333333333333333,Speed_Dynamics,2,0.4,1.7382689280764645,0,2,0,2,0,1
1241,15,3,10,2,12,0.8,0.6666666666666666,0.13333333333333333,Turning_Dynamics,1,0.5,1.3752793655393794,0,1,0,0,0,1
1242,15,10,3,2,5,0.3333333333333333,0.2,0.13333333333333333,Curvature_Geometry,2,1.0,1.2419460322060458,0,2,0,0,0,0
1243,15,6,7,2,9,0.6,0.4666666666666667,0.13333333333333333,Speed_Dynamics,2,1.0,1.4294732983598406,0,0,0,2,0,0
1244,15,10,4,1,5,0.3333333333333333,0.26666666666666666,0.06666666666666667,Curvature_Geometry,1,1.0,1.158938532350277,0,1,0,0,0,0
1245,15,1,9,5,14,0.9333333333333333,0.6,0.3333333333333333,Curvature_Geometry,2,0.4,1.871602261409798,1,2,1,0,1,0
1246,15,10,4,1,5,0.3333333333333333,0.26666666666666666,0.06666666666666667,Turning_Dynamics,1,1.0,1.158938532350277,0,0,0,0,0,1
1247,15,10,4,1,5,0.3333333333333333,0.26666666666666666,0.06666666666666667,Spatial_Reach_and_Route,1,1.0,1.158938532350277,0,0,1,0,0,0
1248,15,10,4,1,5,0.3333333333333333,0.26666666666666666,0.06666666666666667,Curvature_Geometry,1,1.0,1.158938532350277,0,1,0,0,0,0
1249,15,10,3,2,5,0.3333333333333333,0.2,0.13333333333333333,Turning_Dynamics,2,1.0,1.2419460322060458,0,0,0,0,0,2
1250,15,6,5,4,9,0.6,0.3333333333333333,0.26666666666666666,Temporal_Sequential_Context,3,0.75,1.781937063546704,0,0,0,0,3,1
1251,15,10,4,1,5,0.3333333333333333,0.26666666666666666,0.06666666666666667,Temporal_Sequential_Context,1,1.0,1.158938532350277,0,0,0,0,1,0
1252,15,6,7,2,9,0.6,0.4666666666666667,0.13333333333333333,Spatial_Reach_and_Route,1,0.5,1.5628066316931741,0,1,1,0,0,0
1253,15,6,8,1,9,0.6,0.5333333333333333,0.06666666666666667,Spatial_Reach_and_Route,1,1.0,1.272905595320056,0,0,1,0,0,0
1254,15,10,4,1,5,0.3333333333333333,0.26666666666666666,0.06666666666666667,Acceleration_Dynamics,1,1.0,1.1589385323502772,1,0,0,0,0,0
1255,15,3,9,3,12,0.8,0.6,0.2,Temporal_Sequential_Context,1,0.3333333333333333,1.6879430945989,1,0,1,0,1,0
1256,15,0,15,0,15,1.0,1.0,0.0,,0,0.0,0.0,0,0,0,0,0,0
1257,15,6,4,5,9,0.6,0.26666666666666666,0.3333333333333333,Turning_Dynamics,4,0.8,1.8062389286533893,1,0,0,0,0,4
1258,15,3,5,7,12,0.8,0.3333333333333333,0.4666666666666667,Curvature_Geometry,3,0.42857142857142855,2.2322628970242686,0,3,0,2,0,2
1259,15,3,8,4,12,0.8,0.5333333333333333,0.26666666666666666,Speed_Dynamics,2,0.5,1.7232314287976207,0,0,2,2,0,0
1260,15,3,5,7,12,0.8,0.3333333333333333,0.4666666666666667,Acceleration_Dynamics,3,0.42857142857142855,2.2322628970242686,3,0,0,2,2,0
1261,15,1,8,6,14,0.9333333333333333,0.5333333333333333,0.4,Turning_Dynamics,2,0.3333333333333333,1.9068905956085187,0,2,0,0,2,2
1262,15,1,9,5,14,0.9333333333333333,0.6,0.3333333333333333,Speed_Dynamics,2,0.4,1.7382689280764647,0,2,1,2,0,0
1263,15,6,6,3,9,0.6,0.4,0.2,Spatial_Reach_and_Route,3,1.0,1.5219280948873621,0,0,3,0,0,0
1264,15,3,11,1,12,0.8,0.7333333333333333,0.06666666666666667,Temporal_Sequential_Context,1,1.0,1.0529815751302694,0,0,0,0,1,0
1265,15,3,6,6,12,0.8,0.4,0.4,Speed_Dynamics,3,0.5,2.1055872616982603,2,0,1,3,0,0
1266,15,3,7,5,12,0.8,0.4666666666666667,0.3333333333333333,Spatial_Reach_and_Route,2,0.4,2.0131324651707385,0,2,2,0,0,1
1267,15,6,9,0,9,0.6,0.6,0.0,,0,0.0,0.9709505944546686,0,0,0,0,0,0
1268,15,10,1,4,5,0.3333333333333333,0.06666666666666667,0.26666666666666666,Spatial_Reach_and_Route,4,1.0,1.158938532350277,0,0,4,0,0,0
1269,15,3,8,4,12,0.8,0.5333333333333333,0.26666666666666666,Temporal_Sequential_Context,2,0.5,1.7232314287976207,0,0,2,0,2,0
1270,15,3,8,4,12,0.8,0.5333333333333333,0.26666666666666666,Turning_Dynamics,3,0.75,1.672905595320056,0,0,1,0,0,3
1271,15,15,0,0,0,0.0,0.0,0.0,,0,0.0,0.0,0,0,0,0,0,0
1272,15,6,8,1,9,0.6,0.5333333333333333,0.06666666666666667,Curvature_Geometry,1,1.0,1.272905595320056,0,1,0,0,0,0
1273,15,10,3,2,5,0.3333333333333333,0.2,0.13333333333333333,Turning_Dynamics,2,1.0,1.2419460322060458,0,0,0,0,0,2
1274,15,6,5,4,9,0.6,0.3333333333333333,0.26666666666666666,Spatial_Reach_and_Route,2,0.5,1.8322628970242687,0,2,2,0,0,0
1275,15,3,11,1,12,0.8,0.7333333333333333,0.06666666666666667,Temporal_Sequential_Context,1,1.0,1.0529815751302694,0,0,0,0,1,0
1276,15,10,1,4,5,0.3333333333333333,0.06666666666666667,0.26666666666666666,Turning_Dynamics,4,1.0,1.158938532350277,0,0,0,0,0,4
1277,15,1,7,7,14,0.9333333333333333,0.4666666666666667,0.4666666666666667,Turning_Dynamics,2,0.2857142857142857,2.196791631981637,2,0,1,2,0,2
1278,15,10,0,5,5,0.3333333333333333,0.0,0.3333333333333333,Temporal_Sequential_Context,5,1.0,0.9182958340544896,0,0,0,0,5,0
1279,15,6,5,4,9,0.6,0.3333333333333333,0.26666666666666666,Spatial_Reach_and_Route,4,1.0,1.565596230357602,0,0,4,0,0,0
1280,15,6,8,1,9,0.6,0.5333333333333333,0.06666666666666667,Temporal_Sequential_Context,1,1.0,1.272905595320056,0,0,0,0,1,0
1281,15,0,15,0,15,1.0,1.0,0.0,,0,0.0,0.0,0,0,0,0,0,0
1282,15,10,5,0,5,0.3333333333333333,0.3333333333333333,0.0,,0,0.0,0.9182958340544896,0,0,0,0,0,0
1283,15,3,8,4,12,0.8,0.5333333333333333,0.26666666666666666,Temporal_Sequential_Context,2,0.5,1.7232314287976207,0,0,0,2,2,0
1284,15,3,10,2,12,0.8,0.6666666666666666,0.13333333333333333,Turning_Dynamics,1,0.5,1.3752793655393791,0,0,1,0,0,1
1285,15,3,8,4,12,0.8,0.5333333333333333,0.26666666666666666,Spatial_Reach_and_Route,2,0.5,1.856564762130954,0,0,2,0,1,1
1286,15,10,4,1,5,0.3333333333333333,0.26666666666666666,0.06666666666666667,Speed_Dynamics,1,1.0,1.158938532350277,0,0,0,1,0,0
1287,15,1,8,6,14,0.9333333333333333,0.5333333333333333,0.4,Turning_Dynamics,2,0.3333333333333333,2.040223928941852,0,1,1,0,2,2
1288,15,0,12,3,15,1.0,0.8,0.2,Temporal_Sequential_Context,1,0.3333333333333333,1.0389205950315936,0,0,1,1,1,0
1289,15,0,15,0,15,1.0,1.0,0.0,,0,0.0,0.0,0,0,0,0,0,0
1290,15,10,1,4,5,0.3333333333333333,0.06666666666666667,0.26666666666666666,Turning_Dynamics,4,1.0,1.158938532350277,0,0,0,0,0,4
1291,15,3,9,3,12,0.8,0.6,0.2,Temporal_Sequential_Context,3,1.0,1.3709505944546687,0,0,0,0,3,0
1292,15,0,14,1,15,1.0,0.9333333333333333,0.06666666666666667,Spatial_Reach_and_Route,1,1.0,0.35335933502142136,0,0,1,0,0,0
1293,15,1,7,7,14,0.9333333333333333,0.4666666666666667,0.4666666666666667,Temporal_Sequential_Context,2,0.2857142857142857,2.1967916319816365,2,0,1,2,2,0
1294,15,1,11,3,14,0.9333333333333333,0.7333333333333333,0.2,Turning_Dynamics,1,0.3333333333333333,1.3699740752745009,1,0,0,1,0,1
1295,15,6,5,4,9,0.6,0.3333333333333333,0.26666666666666666,Speed_Dynamics,3,0.75,1.781937063546704,1,0,0,3,0,0
1296,15,1,11,3,14,0.9333333333333333,0.7333333333333333,0.2,Acceleration_Dynamics,2,0.6666666666666666,1.2366407419411674,2,0,0,0,0,1
1297,15,6,1,8,9,0.6,0.06666666666666667,0.5333333333333333,Speed_Dynamics,4,0.5,1.8062389286533893,4,0,0,4,0,0
1298,15,1,6,8,14,0.9333333333333333,0.4,0.5333333333333333,Temporal_Sequential_Context,2,0.25,2.3395722619867225,2,0,2,2,2,0
1299,15,3,7,5,12,0.8,0.4666666666666667,0.3333333333333333,Temporal_Sequential_Context,3,0.6,1.9628066316931743,0,1,1,0,3,0
1300,15,3,7,5,12,0.8,0.4666666666666667,0.3333333333333333,Speed_Dynamics,3,0.6,1.962806631693174,1,0,1,3,0,0
1301,15,1,12,2,14,0.9333333333333333,0.8,0.13333333333333333,Turning_Dynamics,2,1.0,0.9055872616982603,0,0,0,0,0,2
1302,15,0,14,1,15,1.0,0.9333333333333333,0.06666666666666667,Speed_Dynamics,1,1.0,0.35335933502142136,0,0,0,1,0,0
1303,15,1,14,0,14,0.9333333333333333,0.9333333333333333,0.0,,0,0.0,0.35335933502142136,0,0,0,0,0,0
1304,15,0,12,3,15,1.0,0.8,0.2,Temporal_Sequential_Context,1,0.3333333333333333,1.0389205950315936,1,0,0,1,1,0
1305,15,3,11,1,12,0.8,0.7333333333333333,0.06666666666666667,Acceleration_Dynamics,1,1.0,1.0529815751302694,1,0,0,0,0,0
1306,15,1,13,1,14,0.9333333333333333,0.8666666666666667,0.06666666666666667,Acceleration_Dynamics,1,1.0,0.6998428398862386,1,0,0,0,0,0
1307,15,0,13,2,15,1.0,0.8666666666666667,0.13333333333333333,Temporal_Sequential_Context,1,0.5,0.6998428398862386,1,0,0,0,1,0
1308,15,6,5,4,9,0.6,0.3333333333333333,0.26666666666666666,Acceleration_Dynamics,4,1.0,1.565596230357602,4,0,0,0,0,0
1309,15,0,12,3,15,1.0,0.8,0.2,Temporal_Sequential_Context,1,0.3333333333333333,1.0389205950315936,1,0,0,1,1,0
1310,15,3,8,4,12,0.8,0.5333333333333333,0.26666666666666666,Temporal_Sequential_Context,3,0.75,1.672905595320056,1,0,0,0,3,0
1311,15,1,12,2,14,0.9333333333333333,0.8,0.13333333333333333,Temporal_Sequential_Context,1,0.5,1.0389205950315936,1,0,0,0,1,0
1312,15,1,11,3,14,0.9333333333333333,0.7333333333333333,0.2,Turning_Dynamics,1,0.3333333333333333,1.3699740752745009,1,0,0,0,1,1
1313,15,3,8,4,12,0.8,0.5333333333333333,0.26666666666666666,Speed_Dynamics,2,0.5,1.7232314287976207,2,0,0,2,0,0
1314,15,0,11,4,15,1.0,0.7333333333333333,0.26666666666666666,Turning_Dynamics,1,0.25,1.3699740752745009,1,1,0,1,0,1
1315,15,0,13,2,15,1.0,0.8666666666666667,0.13333333333333333,Temporal_Sequential_Context,1,0.5,0.6998428398862386,1,0,0,0,1,0
1316,15,3,10,2,12,0.8,0.6666666666666666,0.13333333333333333,Acceleration_Dynamics,2,1.0,1.2419460322060458,2,0,0,0,0,0
1317,15,0,12,3,15,1.0,0.8,0.2,Turning_Dynamics,1,0.3333333333333333,1.0389205950315936,1,0,0,1,0,1
1318,15,3,5,7,12,0.8,0.3333333333333333,0.4666666666666667,Turning_Dynamics,3,0.42857142857142855,2.181937063546704,1,0,0,3,0,3
1319,15,3,3,9,12,0.8,0.2,0.6,Turning_Dynamics,3,0.3333333333333333,2.321928094887362,3,0,0,3,0,3
1320,15,0,12,3,15,1.0,0.8,0.2,Temporal_Sequential_Context,1,0.3333333333333333,1.0389205950315936,0,0,1,1,1,0
1321,15,3,4,8,12,0.8,0.26666666666666666,0.5333333333333333,Curvature_Geometry,3,0.375,2.2892464285091583,3,3,0,2,0,0
1322,15,1,10,4,14,0.9333333333333333,0.6666666666666666,0.26666666666666666,Speed_Dynamics,1,0.25,1.6922718656836107,1,1,1,1,0,0
1323,15,3,7,5,12,0.8,0.4666666666666667,0.3333333333333333,Temporal_Sequential_Context,2,0.4,2.0131324651707385,0,2,0,0,2,1
1324,15,10,1,4,5,0.3333333333333333,0.06666666666666667,0.26666666666666666,Turning_Dynamics,4,1.0,1.158938532350277,0,0,0,0,0,4
1325,15,6,5,4,9,0.6,0.3333333333333333,0.26666666666666666,Turning_Dynamics,3,0.75,1.781937063546704,0,0,0,0,1,3
1326,15,1,9,5,14,0.9333333333333333,0.6,0.3333333333333333,Spatial_Reach_and_Route,2,0.4,1.7382689280764645,1,2,2,0,0,0
1327,15,6,4,5,9,0.6,0.26666666666666666,0.3333333333333333,Spatial_Reach_and_Route,3,0.6,1.8892464285091581,0,0,3,0,2,0
1328,15,6,9,0,9,0.6,0.6,0.0,,0,0.0,0.9709505944546686,0,0,0,0,0,0
1329,15,3,9,3,12,0.8,0.6,0.2,Acceleration_Dynamics,3,1.0,1.3709505944546687,3,0,0,0,0,0
1330,15,1,12,2,14,0.9333333333333333,0.8,0.13333333333333333,Temporal_Sequential_Context,1,0.5,1.0389205950315936,1,0,0,0,1,0
1331,15,6,1,8,9,0.6,0.06666666666666667,0.5333333333333333,Turning_Dynamics,4,0.5,1.8062389286533895,0,0,0,0,4,4
1332,15,0,10,5,15,1.0,0.6666666666666666,0.3333333333333333,Turning_Dynamics,1,0.2,1.6922718656836107,1,1,0,1,1,1
1333,15,3,12,0,12,0.8,0.8,0.0,,0,0.0,0.7219280948873623,0,0,0,0,0,0
1334,15,6,4,5,9,0.6,0.26666666666666666,0.3333333333333333,Temporal_Sequential_Context,4,0.8,1.8062389286533895,0,0,0,0,4,1
1335,15,6,4,5,9,0.6,0.26666666666666666,0.3333333333333333,Curvature_Geometry,3,0.6,1.8892464285091581,0,3,0,0,0,2
1336,15,10,2,3,5,0.3333333333333333,0.13333333333333333,0.2,Turning_Dynamics,3,1.0,1.2419460322060458,0,0,0,0,0,3
1337,15,0,10,5,15,1.0,0.6666666666666666,0.3333333333333333,Turning_Dynamics,1,0.2,1.6922718656836107,1,0,1,1,1,1
1338,15,0,13,2,15,1.0,0.8666666666666667,0.13333333333333333,Temporal_Sequential_Context,1,0.5,0.6998428398862386,0,0,1,0,1,0
1339,15,0,15,0,15,1.0,1.0,0.0,,0,0.0,0.0,0,0,0,0,0,0
1340,15,1,14,0,14,0.9333333333333333,0.9333333333333333,0.0,,0,0.0,0.35335933502142136,0,0,0,0,0,0
1341,15,1,7,7,14,0.9333333333333333,0.4666666666666667,0.4666666666666667,Temporal_Sequential_Context,2,0.2857142857142857,2.1967916319816365,2,0,2,1,2,0
1342,15,3,9,3,12,0.8,0.6,0.2,Temporal_Sequential_Context,1,0.3333333333333333,1.6879430945989,0,0,1,1,1,0
1343,15,3,6,6,12,0.8,0.4,0.4,Turning_Dynamics,3,0.5,1.9219280948873623,3,0,0,0,0,3
1344,15,1,10,4,14,0.9333333333333333,0.6666666666666666,0.26666666666666666,Turning_Dynamics,1,0.25,1.6922718656836107,1,0,1,0,1,1
1345,15,1,11,3,14,0.9333333333333333,0.7333333333333333,0.2,Temporal_Sequential_Context,2,0.6666666666666666,1.2366407419411674,0,0,1,0,2,0
1346,15,1,13,1,14,0.9333333333333333,0.8666666666666667,0.06666666666666667,Spatial_Reach_and_Route,1,1.0,0.6998428398862386,0,0,1,0,0,0
1347,15,1,10,4,14,0.9333333333333333,0.6666666666666666,0.26666666666666666,Curvature_Geometry,2,0.5,1.5589385323502771,0,2,1,1,0,0
1348,15,3,6,6,12,0.8,0.4,0.4,Temporal_Sequential_Context,3,0.5,1.9219280948873623,3,0,0,0,3,0
1349,15,0,15,0,15,1.0,1.0,0.0,,0,0.0,0.0,0,0,0,0,0,0
1350,15,6,6,3,9,0.6,0.4,0.2,Spatial_Reach_and_Route,2,0.6666666666666666,1.7055872616982601,1,0,2,0,0,0
1351,15,10,3,2,5,0.3333333333333333,0.2,0.13333333333333333,Curvature_Geometry,2,1.0,1.2419460322060458,0,2,0,0,0,0
1352,15,6,4,5,9,0.6,0.26666666666666666,0.3333333333333333,Turning_Dynamics,4,0.8,1.8062389286533893,0,0,0,0,1,4
1353,15,10,1,4,5,0.3333333333333333,0.06666666666666667,0.26666666666666666,Curvature_Geometry,4,1.0,1.158938532350277,0,4,0,0,0,0
1354,15,10,5,0,5,0.3333333333333333,0.3333333333333333,0.0,,0,0.0,0.9182958340544896,0,0,0,0,0,0
1355,15,0,11,4,15,1.0,0.7333333333333333,0.26666666666666666,Turning_Dynamics,1,0.25,1.3699740752745009,0,1,1,0,1,1
1356,15,3,6,6,12,0.8,0.4,0.4,Turning_Dynamics,2,0.3333333333333333,2.155913095175825,2,0,0,2,0,2
1357,15,6,6,3,9,0.6,0.4,0.2,Temporal_Sequential_Context,2,0.6666666666666666,1.70558726169826,0,0,1,0,2,0
1358,15,0,10,5,15,1.0,0.6666666666666666,0.3333333333333333,Turning_Dynamics,1,0.2,1.6922718656836107,1,1,1,0,1,1
1359,15,1,9,5,14,0.9333333333333333,0.6,0.3333333333333333,Temporal_Sequential_Context,2,0.4,1.7382689280764647,0,2,1,0,2,0
1360,15,1,13,1,14,0.9333333333333333,0.8666666666666667,0.06666666666666667,Turning_Dynamics,1,1.0,0.6998428398862386,0,0,0,0,0,1
1361,15,6,4,5,9,0.6,0.26666666666666666,0.3333333333333333,Curvature_Geometry,4,0.8,1.8062389286533895,0,4,1,0,0,0
1362,15,10,1,4,5,0.3333333333333333,0.06666666666666667,0.26666666666666666,Curvature_Geometry,4,1.0,1.158938532350277,0,4,0,0,0,0
1363,15,6,9,0,9,0.6,0.6,0.0,,0,0.0,0.9709505944546686,0,0,0,0,0,0
1364,15,0,12,3,15,1.0,0.8,0.2,Turning_Dynamics,1,0.3333333333333333,1.0389205950315936,0,1,0,1,0,1
1365,15,3,10,2,12,0.8,0.6666666666666666,0.13333333333333333,Acceleration_Dynamics,2,1.0,1.2419460322060458,2,0,0,0,0,0
1366,15,3,4,8,12,0.8,0.26666666666666666,0.5333333333333333,Speed_Dynamics,3,0.375,2.2892464285091583,3,0,2,3,0,0
1367,15,3,11,1,12,0.8,0.7333333333333333,0.06666666666666667,Acceleration_Dynamics,1,1.0,1.0529815751302694,1,0,0,0,0,0
1368,15,6,3,6,9,0.6,0.2,0.4,Curvature_Geometry,4,0.6666666666666666,1.8892464285091581,0,4,2,0,0,0
1369,15,3,9,3,12,0.8,0.6,0.2,Temporal_Sequential_Context,1,0.3333333333333333,1.6879430945989,1,0,1,0,1,0
1370,15,6,4,5,9,0.6,0.26666666666666666,0.3333333333333333,Speed_Dynamics,3,0.6,1.8892464285091581,0,0,0,3,2,0
1371,15,3,4,8,12,0.8,0.26666666666666666,0.5333333333333333,Temporal_Sequential_Context,3,0.375,2.2892464285091583,0,2,3,0,3,0
1372,15,6,1,8,9,0.6,0.06666666666666667,0.5333333333333333,Temporal_Sequential_Context,4,0.5,1.8062389286533895,0,0,4,0,4,0
1373,15,10,4,1,5,0.3333333333333333,0.26666666666666666,0.06666666666666667,Speed_Dynamics,1,1.0,1.158938532350277,0,0,0,1,0,0
1374,15,3,5,7,12,0.8,0.3333333333333333,0.4666666666666667,Temporal_Sequential_Context,3,0.42857142857142855,2.181937063546704,0,1,3,0,3,0
1375,15,6,8,1,9,0.6,0.5333333333333333,0.06666666666666667,Temporal_Sequential_Context,1,1.0,1.272905595320056,0,0,0,0,1,0
1376,15,1,12,2,14,0.9333333333333333,0.8,0.13333333333333333,Speed_Dynamics,1,0.5,1.0389205950315936,1,0,0,1,0,0
1377,15,6,7,2,9,0.6,0.4666666666666667,0.13333333333333333,Temporal_Sequential_Context,2,1.0,1.4294732983598406,0,0,0,0,2,0
1378,15,1,9,5,14,0.9333333333333333,0.6,0.3333333333333333,Turning_Dynamics,2,0.4,1.7382689280764645,0,0,1,0,2,2
1379,15,3,8,4,12,0.8,0.5333333333333333,0.26666666666666666,Temporal_Sequential_Context,2,0.5,1.7232314287976207,2,0,0,0,2,0
1380,15,10,5,0,5,0.3333333333333333,0.3333333333333333,0.0,,0,0.0,0.9182958340544896,0,0,0,0,0,0
1381,15,6,5,4,9,0.6,0.3333333333333333,0.26666666666666666,Turning_Dynamics,2,0.5,1.8322628970242685,0,0,0,0,2,2
1382,15,3,7,5,12,0.8,0.4666666666666667,0.3333333333333333,Curvature_Geometry,3,0.6,1.8294732983598405,0,3,2,0,0,0
1383,15,3,8,4,12,0.8,0.5333333333333333,0.26666666666666666,Turning_Dynamics,3,0.75,1.6729055953200562,0,0,0,0,1,3
1384,15,6,4,5,9,0.6,0.26666666666666666,0.3333333333333333,Speed_Dynamics,3,0.6,1.8892464285091581,0,0,0,3,0,2
1385,15,1,14,0,14,0.9333333333333333,0.9333333333333333,0.0,,0,0.0,0.35335933502142136,0,0,0,0,0,0
1386,15,10,3,2,5,0.3333333333333333,0.2,0.13333333333333333,Turning_Dynamics,2,1.0,1.2419460322060458,0,0,0,0,0,2
1387,15,3,5,7,12,0.8,0.3333333333333333,0.4666666666666667,Turning_Dynamics,3,0.42857142857142855,2.181937063546704,0,3,1,0,0,3
1388,15,1,13,1,14,0.9333333333333333,0.8666666666666667,0.06666666666666667,Acceleration_Dynamics,1,1.0,0.6998428398862386,1,0,0,0,0,0
1389,15,1,10,4,14,0.9333333333333333,0.6666666666666666,0.26666666666666666,Temporal_Sequential_Context,2,0.5,1.5589385323502771,0,1,0,0,2,1
1390,15,3,10,2,12,0.8,0.6666666666666666,0.13333333333333333,Speed_Dynamics,1,0.5,1.3752793655393791,0,0,1,1,0,0
1391,15,6,2,7,9,0.6,0.13333333333333333,0.4666666666666667,Speed_Dynamics,4,0.5714285714285714,1.8892464285091581,0,0,0,4,3,0
1392,15,0,13,2,15,1.0,0.8666666666666667,0.13333333333333333,Turning_Dynamics,1,0.5,0.6998428398862386,1,0,0,0,0,1
1393,15,6,6,3,9,0.6,0.4,0.2,Temporal_Sequential_Context,3,1.0,1.5219280948873621,0,0,0,0,3,0
1394,15,3,9,3,12,0.8,0.6,0.2,Turning_Dynamics,1,0.3333333333333333,1.6879430945989,0,0,0,1,1,1
1395,15,0,14,1,15,1.0,0.9333333333333333,0.06666666666666667,Acceleration_Dynamics,1,1.0,0.35335933502142136,1,0,0,0,0,0
1396,15,10,0,5,5,0.3333333333333333,0.0,0.3333333333333333,Turning_Dynamics,5,1.0,0.9182958340544896,0,0,0,0,0,5
1397,15,6,4,5,9,0.6,0.26666666666666666,0.3333333333333333,Turning_Dynamics,3,0.6,1.8892464285091581,0,0,0,0,2,3
1398,15,6,7,2,9,0.6,0.4666666666666667,0.13333333333333333,Curvature_Geometry,2,1.0,1.4294732983598406,0,2,0,0,0,0
1399,15,1,14,0,14,0.9333333333333333,0.9333333333333333,0.0,,0,0.0,0.35335933502142136,0,0,0,0,0,0
1400,15,3,8,4,12,0.8,0.5333333333333333,0.26666666666666666,Speed_Dynamics,2,0.5,1.7232314287976207,0,2,0,2,0,0
1401,15,3,11,1,12,0.8,0.7333333333333333,0.06666666666666667,Temporal_Sequential_Context,1,1.0,1.0529815751302694,0,0,0,0,1,0
1402,15,6,4,5,9,0.6,0.26666666666666666,0.3333333333333333,Temporal_Sequential_Context,3,0.6,1.8892464285091581,0,0,0,2,3,0
1403,15,3,10,2,12,0.8,0.6666666666666666,0.13333333333333333,Curvature_Geometry,1,0.5,1.3752793655393791,1,1,0,0,0,0
1404,15,6,9,0,9,0.6,0.6,0.0,,0,0.0,0.9709505944546686,0,0,0,0,0,0
1405,15,6,2,7,9,0.6,0.13333333333333333,0.4666666666666667,Turning_Dynamics,4,0.5714285714285714,1.8892464285091581,0,0,3,0,0,4
1406,15,3,5,7,12,0.8,0.3333333333333333,0.4666666666666667,Curvature_Geometry,3,0.42857142857142855,2.2322628970242686,0,3,0,2,0,2
1407,15,6,5,4,9,0.6,0.3333333333333333,0.26666666666666666,Temporal_Sequential_Context,2,0.5,1.8322628970242685,2,0,0,0,2,0
1408,15,6,7,2,9,0.6,0.4666666666666667,0.13333333333333333,Temporal_Sequential_Context,2,1.0,1.4294732983598406,0,0,0,0,2,0
1409,15,10,1,4,5,0.3333333333333333,0.06666666666666667,0.26666666666666666,Turning_Dynamics,4,1.0,1.158938532350277,0,0,0,0,0,4
1410,15,10,4,1,5,0.3333333333333333,0.26666666666666666,0.06666666666666667,Temporal_Sequential_Context,1,1.0,1.158938532350277,0,0,0,0,1,0
1411,15,6,4,5,9,0.6,0.26666666666666666,0.3333333333333333,Spatial_Reach_and_Route,3,0.6,1.889246428509158,2,0,3,0,0,0
1412,15,6,2,7,9,0.6,0.13333333333333333,0.4666666666666667,Curvature_Geometry,4,0.5714285714285714,1.8892464285091581,0,4,0,0,0,3
1413,15,6,3,6,9,0.6,0.2,0.4,Curvature_Geometry,4,0.6666666666666666,1.8892464285091581,0,4,0,0,0,2
1414,15,0,10,5,15,1.0,0.6666666666666666,0.3333333333333333,Turning_Dynamics,1,0.2,1.6922718656836104,0,1,1,1,1,1
1415,15,6,3,6,9,0.6,0.2,0.4,Turning_Dynamics,3,0.5,1.9219280948873623,0,0,0,0,3,3
1416,15,10,5,0,5,0.3333333333333333,0.3333333333333333,0.0,,0,0.0,0.9182958340544896,0,0,0,0,0,0
1417,15,10,5,0,5,0.3333333333333333,0.3333333333333333,0.0,,0,0.0,0.9182958340544896,0,0,0,0,0,0
1418,15,0,15,0,15,1.0,1.0,0.0,,0,0.0,0.0,0,0,0,0,0,0
1419,15,6,3,6,9,0.6,0.2,0.4,Turning_Dynamics,3,0.5,1.9219280948873623,0,3,0,0,0,3
1420,15,1,10,4,14,0.9333333333333333,0.6666666666666666,0.26666666666666666,Curvature_Geometry,2,0.5,1.4256051990169438,2,2,0,0,0,0
1421,15,3,7,5,12,0.8,0.4666666666666667,0.3333333333333333,Curvature_Geometry,3,0.6,1.8294732983598407,0,3,0,0,0,2
1422,15,6,6,3,9,0.6,0.4,0.2,Curvature_Geometry,3,1.0,1.5219280948873621,0,3,0,0,0,0
1423,15,1,6,8,14,0.9333333333333333,0.4,0.5333333333333333,Temporal_Sequential_Context,2,0.25,2.339572261986723,0,2,2,2,2,0
1424,15,10,3,2,5,0.3333333333333333,0.2,0.13333333333333333,Turning_Dynamics,2,1.0,1.2419460322060458,0,0,0,0,0,2
1425,15,6,5,4,9,0.6,0.3333333333333333,0.26666666666666666,Turning_Dynamics,2,0.5,1.8322628970242687,0,0,2,0,0,2
1426,15,6,9,0,9,0.6,0.6,0.0,,0,0.0,0.9709505944546686,0,0,0,0,0,0
1427,15,10,3,2,5,0.3333333333333333,0.2,0.13333333333333333,Temporal_Sequential_Context,2,1.0,1.2419460322060458,0,0,0,0,2,0
1428,15,10,5,0,5,0.3333333333333333,0.3333333333333333,0.0,,0,0.0,0.9182958340544896,0,0,0,0,0,0
1429,15,1,13,1,14,0.9333333333333333,0.8666666666666667,0.06666666666666667,Spatial_Reach_and_Route,1,1.0,0.6998428398862386,0,0,1,0,0,0
1430,15,0,14,1,15,1.0,0.9333333333333333,0.06666666666666667,Spatial_Reach_and_Route,1,1.0,0.35335933502142136,0,0,1,0,0,0
1431,15,6,6,3,9,0.6,0.4,0.2,Turning_Dynamics,2,0.6666666666666666,1.7055872616982601,1,0,0,0,0,2
1432,15,10,4,1,5,0.3333333333333333,0.26666666666666666,0.06666666666666667,Spatial_Reach_and_Route,1,1.0,1.158938532350277,0,0,1,0,0,0
1433,15,1,10,4,14,0.9333333333333333,0.6666666666666666,0.26666666666666666,Temporal_Sequential_Context,1,0.25,1.6922718656836107,1,0,1,1,1,0
1434,15,3,9,3,12,0.8,0.6,0.2,Speed_Dynamics,1,0.3333333333333333,1.6879430945989,1,0,1,1,0,0
1435,15,3,8,4,12,0.8,0.5333333333333333,0.26666666666666666,Spatial_Reach_and_Route,2,0.5,1.856564762130954,1,0,2,0,1,0
1436,15,10,1,4,5,0.3333333333333333,0.06666666666666667,0.26666666666666666,Curvature_Geometry,4,1.0,1.158938532350277,0,4,0,0,0,0
1437,15,3,11,1,12,0.8,0.7333333333333333,0.06666666666666667,Temporal_Sequential_Context,1,1.0,1.0529815751302694,0,0,0,0,1,0
1438,15,3,11,1,12,0.8,0.7333333333333333,0.06666666666666667,Acceleration_Dynamics,1,1.0,1.0529815751302694,1,0,0,0,0,0
1439,15,6,6,3,9,0.6,0.4,0.2,Turning_Dynamics,3,1.0,1.5219280948873621,0,0,0,0,0,3
1440,15,0,15,0,15,1.0,1.0,0.0,,0,0.0,0.0,0,0,0,0,0,0
1441,15,1,10,4,14,0.9333333333333333,0.6666666666666666,0.26666666666666666,Turning_Dynamics,2,0.5,1.4256051990169438,0,0,2,0,0,2
1442,15,3,8,4,12,0.8,0.5333333333333333,0.26666666666666666,Acceleration_Dynamics,2,0.5,1.8565647621309542,2,1,0,0,0,1
1443,15,3,5,7,12,0.8,0.3333333333333333,0.4666666666666667,Speed_Dynamics,3,0.42857142857142855,2.181937063546704,3,0,0,3,0,1
1444,15,6,7,2,9,0.6,0.4666666666666667,0.13333333333333333,Speed_Dynamics,2,1.0,1.4294732983598406,0,0,0,2,0,0
1445,15,0,10,5,15,1.0,0.6666666666666666,0.3333333333333333,Turning_Dynamics,1,0.2,1.6922718656836107,1,0,1,1,1,1
1446,15,3,12,0,12,0.8,0.8,0.0,,0,0.0,0.7219280948873623,0,0,0,0,0,0
1447,15,6,5,4,9,0.6,0.3333333333333333,0.26666666666666666,Speed_Dynamics,2,0.5,1.8322628970242685,0,0,2,2,0,0
1448,15,6,9,0,9,0.6,0.6,0.0,,0,0.0,0.9709505944546686,0,0,0,0,0,0
1449,15,3,11,1,12,0.8,0.7333333333333333,0.06666666666666667,Acceleration_Dynamics,1,1.0,1.0529815751302694,1,0,0,0,0,0
1450,15,3,11,1,12,0.8,0.7333333333333333,0.06666666666666667,Acceleration_Dynamics,1,1.0,1.0529815751302694,1,0,0,0,0,0
1451,15,6,8,1,9,0.6,0.5333333333333333,0.06666666666666667,Spatial_Reach_and_Route,1,1.0,1.272905595320056,0,0,1,0,0,0
1452,15,3,12,0,12,0.8,0.8,0.0,,0,0.0,0.7219280948873623,0,0,0,0,0,0
1453,15,1,13,1,14,0.9333333333333333,0.8666666666666667,0.06666666666666667,Acceleration_Dynamics,1,1.0,0.6998428398862386,1,0,0,0,0,0
1454,15,1,14,0,14,0.9333333333333333,0.9333333333333333,0.0,,0,0.0,0.35335933502142136,0,0,0,0,0,0
1455,15,10,5,0,5,0.3333333333333333,0.3333333333333333,0.0,,0,0.0,0.9182958340544896,0,0,0,0,0,0
1456,15,3,11,1,12,0.8,0.7333333333333333,0.06666666666666667,Speed_Dynamics,1,1.0,1.0529815751302694,0,0,0,1,0,0
1457,15,6,9,0,9,0.6,0.6,0.0,,0,0.0,0.9709505944546686,0,0,0,0,0,0
1458,15,6,7,2,9,0.6,0.4666666666666667,0.13333333333333333,Spatial_Reach_and_Route,1,0.5,1.5628066316931741,0,1,1,0,0,0
1459,15,3,8,4,12,0.8,0.5333333333333333,0.26666666666666666,Spatial_Reach_and_Route,3,0.75,1.672905595320056,0,0,3,1,0,0
1460,15,3,7,5,12,0.8,0.4666666666666667,0.3333333333333333,Spatial_Reach_and_Route,3,0.6,1.962806631693174,1,0,3,0,1,0
1461,15,3,9,3,12,0.8,0.6,0.2,Turning_Dynamics,3,1.0,1.3709505944546687,0,0,0,0,0,3
1462,15,3,8,4,12,0.8,0.5333333333333333,0.26666666666666666,Speed_Dynamics,3,0.75,1.6729055953200562,0,0,0,3,0,1
1463,15,10,4,1,5,0.3333333333333333,0.26666666666666666,0.06666666666666667,Spatial_Reach_and_Route,1,1.0,1.158938532350277,0,0,1,0,0,0
1464,15,6,4,5,9,0.6,0.26666666666666666,0.3333333333333333,Turning_Dynamics,4,0.8,1.8062389286533895,0,1,0,0,0,4
1465,15,3,3,9,12,0.8,0.2,0.6,Turning_Dynamics,3,0.3333333333333333,2.321928094887362,3,3,0,0,0,3
1466,15,0,15,0,15,1.0,1.0,0.0,,0,0.0,0.0,0,0,0,0,0,0
1467,15,1,6,8,14,0.9333333333333333,0.4,0.5333333333333333,Turning_Dynamics,2,0.25,2.339572261986723,2,2,0,2,0,2
1468,15,0,11,4,15,1.0,0.7333333333333333,0.26666666666666666,Turning_Dynamics,1,0.25,1.3699740752745009,1,0,1,1,0,1
1469,15,0,11,4,15,1.0,0.7333333333333333,0.26666666666666666,Speed_Dynamics,1,0.25,1.3699740752745009,1,1,1,1,0,0
1470,15,1,9,5,14,0.9333333333333333,0.6,0.3333333333333333,Turning_Dynamics,2,0.4,1.7382689280764647,0,2,0,1,0,2
1471,15,1,12,2,14,0.9333333333333333,0.8,0.13333333333333333,Curvature_Geometry,2,1.0,0.9055872616982603,0,2,0,0,0,0
1472,15,6,5,4,9,0.6,0.3333333333333333,0.26666666666666666,Speed_Dynamics,4,1.0,1.5655962303576019,0,0,0,4,0,0
1473,15,0,13,2,15,1.0,0.8666666666666667,0.13333333333333333,Temporal_Sequential_Context,1,0.5,0.6998428398862386,0,0,0,1,1,0
1474,15,1,14,0,14,0.9333333333333333,0.9333333333333333,0.0,,0,0.0,0.35335933502142136,0,0,0,0,0,0
1475,15,3,10,2,12,0.8,0.6666666666666666,0.13333333333333333,Temporal_Sequential_Context,1,0.5,1.3752793655393791,0,0,0,1,1,0
1476,15,1,12,2,14,0.9333333333333333,0.8,0.13333333333333333,Acceleration_Dynamics,2,1.0,0.9055872616982603,2,0,0,0,0,0
1477,15,6,3,6,9,0.6,0.2,0.4,Speed_Dynamics,3,0.5,1.9219280948873623,0,0,3,3,0,0
1478,15,3,5,7,12,0.8,0.3333333333333333,0.4666666666666667,Turning_Dynamics,3,0.42857142857142855,2.181937063546704,1,0,0,3,0,3
1479,15,6,5,4,9,0.6,0.3333333333333333,0.26666666666666666,Turning_Dynamics,2,0.5,1.8322628970242685,2,0,0,0,0,2
1480,15,3,5,7,12,0.8,0.3333333333333333,0.4666666666666667,Speed_Dynamics,3,0.42857142857142855,2.181937063546704,0,1,3,3,0,0
1481,15,10,3,2,5,0.3333333333333333,0.2,0.13333333333333333,Turning_Dynamics,2,1.0,1.2419460322060458,0,0,0,0,0,2
1482,15,6,7,2,9,0.6,0.4666666666666667,0.13333333333333333,Temporal_Sequential_Context,2,1.0,1.4294732983598406,0,0,0,0,2,0
1483,15,1,12,2,14,0.9333333333333333,0.8,0.13333333333333333,Acceleration_Dynamics,2,1.0,0.9055872616982603,2,0,0,0,0,0
1484,15,3,9,3,12,0.8,0.6,0.2,Turning_Dynamics,1,0.3333333333333333,1.6879430945989,0,0,1,1,0,1
1485,15,0,10,5,15,1.0,0.6666666666666666,0.3333333333333333,Temporal_Sequential_Context,1,0.2,1.6922718656836107,1,1,1,1,1,0
1486,15,1,14,0,14,0.9333333333333333,0.9333333333333333,0.0,,0,0.0,0.35335933502142136,0,0,0,0,0,0
1487,15,6,6,3,9,0.6,0.4,0.2,Spatial_Reach_and_Route,2,0.6666666666666666,1.7055872616982601,0,0,2,1,0,0
1488,15,3,5,7,12,0.8,0.3333333333333333,0.4666666666666667,Spatial_Reach_and_Route,3,0.42857142857142855,2.181937063546704,3,1,3,0,0,0
1489,15,1,14,0,14,0.9333333333333333,0.9333333333333333,0.0,,0,0.0,0.35335933502142136,0,0,0,0,0,0
1490,15,1,8,6,14,0.9333333333333333,0.5333333333333333,0.4,Temporal_Sequential_Context,2,0.3333333333333333,1.9068905956085187,2,0,2,0,2,0
1491,15,0,15,0,15,1.0,1.0,0.0,,0,0.0,0.0,0,0,0,0,0,0
1492,15,3,8,4,12,0.8,0.5333333333333333,0.26666666666666666,Speed_Dynamics,2,0.5,1.856564762130954,1,0,1,2,0,0
1493,15,3,7,5,12,0.8,0.4666666666666667,0.3333333333333333,Speed_Dynamics,3,0.6,1.9628066316931743,0,1,1,3,0,0
1494,15,0,15,0,15,1.0,1.0,0.0,,0,0.0,0.0,0,0,0,0,0,0
1495,15,6,4,5,9,0.6,0.26666666666666666,0.3333333333333333,Curvature_Geometry,3,0.6,1.889246428509158,0,3,2,0,0,0
1496,15,6,7,2,9,0.6,0.4666666666666667,0.13333333333333333,Turning_Dynamics,1,0.5,1.5628066316931741,0,0,0,0,1,1
1497,15,3,7,5,12,0.8,0.4666666666666667,0.3333333333333333,Temporal_Sequential_Context,2,0.4,2.0131324651707385,0,2,0,0,2,1
1498,15,3,11,1,12,0.8,0.7333333333333333,0.06666666666666667,Spatial_Reach_and_Route,1,1.0,1.0529815751302694,0,0,1,0,0,0
1499,15,10,5,0,5,0.3333333333333333,0.3333333333333333,0.0,,0,0.0,0.9182958340544896,0,0,0,0,0,0
1500,15,3,8,4,12,0.8,0.5333333333333333,0.26666666666666666,Curvature_Geometry,2,0.5,1.7232314287976207,2,2,0,0,0,0
1501,15,10,1,4,5,0.3333333333333333,0.06666666666666667,0.26666666666666666,Curvature_Geometry,4,1.0,1.158938532350277,0,4,0,0,0,0
1502,15,6,6,3,9,0.6,0.4,0.2,Temporal_Sequential_Context,3,1.0,1.5219280948873621,0,0,0,0,3,0
1503,15,10,5,0,5,0.3333333333333333,0.3333333333333333,0.0,,0,0.0,0.9182958340544896,0,0,0,0,0,0
1504,15,3,9,3,12,0.8,0.6,0.2,Speed_Dynamics,2,0.6666666666666666,1.5546097612655665,0,1,0,2,0,0
1505,15,1,14,0,14,0.9333333333333333,0.9333333333333333,0.0,,0,0.0,0.35335933502142136,0,0,0,0,0,0
1506,15,10,5,0,5,0.3333333333333333,0.3333333333333333,0.0,,0,0.0,0.9182958340544896,0,0,0,0,0,0
1507,15,3,6,6,12,0.8,0.4,0.4,Temporal_Sequential_Context,2,0.3333333333333333,2.1559130951758245,0,2,0,2,2,0
1508,15,10,5,0,5,0.3333333333333333,0.3333333333333333,0.0,,0,0.0,0.9182958340544896,0,0,0,0,0,0
1509,15,3,12,0,12,0.8,0.8,0.0,,0,0.0,0.7219280948873623,0,0,0,0,0,0
1510,15,1,13,1,14,0.9333333333333333,0.8666666666666667,0.06666666666666667,Spatial_Reach_and_Route,1,1.0,0.6998428398862386,0,0,1,0,0,0
1511,15,6,9,0,9,0.6,0.6,0.0,,0,0.0,0.9709505944546686,0,0,0,0,0,0
1512,15,3,12,0,12,0.8,0.8,0.0,,0,0.0,0.7219280948873623,0,0,0,0,0,0
1513,15,6,7,2,9,0.6,0.4666666666666667,0.13333333333333333,Spatial_Reach_and_Route,1,0.5,1.562806631693174,1,0,1,0,0,0
1514,15,6,9,0,9,0.6,0.6,0.0,,0,0.0,0.9709505944546686,0,0,0,0,0,0
1515,15,1,11,3,14,0.9333333333333333,0.7333333333333333,0.2,Spatial_Reach_and_Route,2,0.6666666666666666,1.2366407419411674,1,0,2,0,0,0
1516,15,6,5,4,9,0.6,0.3333333333333333,0.26666666666666666,Temporal_Sequential_Context,2,0.5,1.8322628970242685,0,0,2,0,2,0
1517,15,3,9,3,12,0.8,0.6,0.2,Temporal_Sequential_Context,1,0.3333333333333333,1.6879430945989,1,1,0,0,1,0
1518,15,3,8,4,12,0.8,0.5333333333333333,0.26666666666666666,Temporal_Sequential_Context,2,0.5,1.8565647621309542,0,0,1,0,2,1
1519,15,1,14,0,14,0.9333333333333333,0.9333333333333333,0.0,,0,0.0,0.35335933502142136,0,0,0,0,0,0
1520,15,1,13,1,14,0.9333333333333333,0.8666666666666667,0.06666666666666667,Spatial_Reach_and_Route,1,1.0,0.6998428398862386,0,0,1,0,0,0
1521,15,0,12,3,15,1.0,0.8,0.2,Turning_Dynamics,1,0.3333333333333333,1.0389205950315936,0,0,1,0,1,1
1522,15,6,6,3,9,0.6,0.4,0.2,Speed_Dynamics,2,0.6666666666666666,1.7055872616982601,0,1,0,2,0,0
1523,15,6,5,4,9,0.6,0.3333333333333333,0.26666666666666666,Turning_Dynamics,2,0.5,1.8322628970242687,0,0,0,2,0,2
1524,15,3,10,2,12,0.8,0.6666666666666666,0.13333333333333333,Temporal_Sequential_Context,1,0.5,1.3752793655393791,0,0,1,0,1,0
1525,15,3,9,3,12,0.8,0.6,0.2,Spatial_Reach_and_Route,3,1.0,1.3709505944546687,0,0,3,0,0,0
1526,15,0,11,4,15,1.0,0.7333333333333333,0.26666666666666666,Speed_Dynamics,1,0.25,1.3699740752745009,1,1,1,1,0,0
1527,15,6,8,1,9,0.6,0.5333333333333333,0.06666666666666667,Turning_Dynamics,1,1.0,1.272905595320056,0,0,0,0,0,1
1528,15,3,9,3,12,0.8,0.6,0.2,Spatial_Reach_and_Route,2,0.6666666666666666,1.5546097612655667,0,1,2,0,0,0
1529,15,3,12,0,12,0.8,0.8,0.0,,0,0.0,0.7219280948873623,0,0,0,0,0,0
1530,15,10,0,5,5,0.3333333333333333,0.0,0.3333333333333333,Turning_Dynamics,5,1.0,0.9182958340544896,0,0,0,0,0,5
1531,15,3,4,8,12,0.8,0.26666666666666666,0.5333333333333333,Turning_Dynamics,3,0.375,2.2892464285091583,2,0,0,3,0,3
1532,15,10,3,2,5,0.3333333333333333,0.2,0.13333333333333333,Turning_Dynamics,2,1.0,1.2419460322060458,0,0,0,0,0,2
1533,15,1,8,6,14,0.9333333333333333,0.5333333333333333,0.4,Temporal_Sequential_Context,2,0.3333333333333333,1.9068905956085187,0,0,2,2,2,0
1534,15,3,8,4,12,0.8,0.5333333333333333,0.26666666666666666,Turning_Dynamics,2,0.5,1.7232314287976205,0,0,2,0,0,2
1535,15,3,8,4,12,0.8,0.5333333333333333,0.26666666666666666,Speed_Dynamics,2,0.5,1.856564762130954,0,1,0,2,1,0
1536,15,3,8,4,12,0.8,0.5333333333333333,0.26666666666666666,Turning_Dynamics,2,0.5,1.7232314287976207,0,0,2,0,0,2
1537,15,10,5,0,5,0.3333333333333333,0.3333333333333333,0.0,,0,0.0,0.9182958340544896,0,0,0,0,0,0
1538,15,6,3,6,9,0.6,0.2,0.4,Curvature_Geometry,4,0.6666666666666666,1.8892464285091581,0,4,0,2,0,0
1539,15,6,7,2,9,0.6,0.4666666666666667,0.13333333333333333,Speed_Dynamics,2,1.0,1.4294732983598406,0,0,0,2,0,0
1540,15,10,5,0,5,0.3333333333333333,0.3333333333333333,0.0,,0,0.0,0.9182958340544896,0,0,0,0,0,0
1541,15,6,4,5,9,0.6,0.26666666666666666,0.3333333333333333,Acceleration_Dynamics,4,0.8,1.8062389286533895,4,0,0,1,0,0
1542,15,1,13,1,14,0.9333333333333333,0.8666666666666667,0.06666666666666667,Temporal_Sequential_Context,1,1.0,0.6998428398862386,0,0,0,0,1,0
1543,15,6,5,4,9,0.6,0.3333333333333333,0.26666666666666666,Spatial_Reach_and_Route,3,0.75,1.781937063546704,0,1,3,0,0,0
1544,15,0,15,0,15,1.0,1.0,0.0,,0,0.0,0.0,0,0,0,0,0,0
1545,15,10,5,0,5,0.3333333333333333,0.3333333333333333,0.0,,0,0.0,0.9182958340544896,0,0,0,0,0,0
1546,15,6,6,3,9,0.6,0.4,0.2,Spatial_Reach_and_Route,2,0.6666666666666666,1.7055872616982604,0,1,2,0,0,0
1547,15,1,10,4,14,0.9333333333333333,0.6666666666666666,0.26666666666666666,Temporal_Sequential_Context,2,0.5,1.4256051990169438,0,0,2,0,2,0
1548,15,1,10,4,14,0.9333333333333333,0.6666666666666666,0.26666666666666666,Temporal_Sequential_Context,1,0.25,1.6922718656836107,1,0,1,1,1,0
1549,15,1,10,4,14,0.9333333333333333,0.6666666666666666,0.26666666666666666,Turning_Dynamics,1,0.25,1.6922718656836107,1,0,1,0,1,1
1550,15,1,6,8,14,0.9333333333333333,0.4,0.5333333333333333,Turning_Dynamics,2,0.25,2.3395722619867225,0,0,2,2,2,2
1551,15,6,9,0,9,0.6,0.6,0.0,,0,0.0,0.9709505944546686,0,0,0,0,0,0
1552,15,3,9,3,12,0.8,0.6,0.2,Turning_Dynamics,3,1.0,1.3709505944546687,0,0,0,0,0,3
1553,15,3,4,8,12,0.8,0.26666666666666666,0.5333333333333333,Temporal_Sequential_Context,3,0.375,2.2892464285091583,0,3,0,2,3,0
1554,15,6,2,7,9,0.6,0.13333333333333333,0.4666666666666667,Temporal_Sequential_Context,4,0.5714285714285714,1.8892464285091581,0,0,0,3,4,0
1555,15,3,6,6,12,0.8,0.4,0.4,Temporal_Sequential_Context,3,0.5,1.9219280948873623,0,0,0,3,3,0
1556,15,3,9,3,12,0.8,0.6,0.2,Speed_Dynamics,3,1.0,1.3709505944546687,0,0,0,3,0,0
1557,15,1,8,6,14,0.9333333333333333,0.5333333333333333,0.4,Speed_Dynamics,2,0.3333333333333333,1.9068905956085187,2,2,0,2,0,0
1558,15,0,13,2,15,1.0,0.8666666666666667,0.13333333333333333,Speed_Dynamics,1,0.5,0.6998428398862386,1,0,0,1,0,0
1559,15,1,14,0,14,0.9333333333333333,0.9333333333333333,0.0,,0,0.0,0.35335933502142136,0,0,0,0,0,0
1560,15,0,14,1,15,1.0,0.9333333333333333,0.06666666666666667,Temporal_Sequential_Context,1,1.0,0.35335933502142136,0,0,0,0,1,0
1561,15,6,3,6,9,0.6,0.2,0.4,Spatial_Reach_and_Route,3,0.5,1.9219280948873623,0,3,3,0,0,0
1562,15,3,10,2,12,0.8,0.6666666666666666,0.13333333333333333,Speed_Dynamics,2,1.0,1.2419460322060458,0,0,0,2,0,0
1563,15,6,5,4,9,0.6,0.3333333333333333,0.26666666666666666,Acceleration_Dynamics,4,1.0,1.565596230357602,4,0,0,0,0,0
1564,15,1,6,8,14,0.9333333333333333,0.4,0.5333333333333333,Turning_Dynamics,2,0.25,2.339572261986723,2,2,0,2,0,2
1565,15,0,12,3,15,1.0,0.8,0.2,Speed_Dynamics,1,0.3333333333333333,1.0389205950315936,1,1,0,1,0,0
1566,15,0,10,5,15,1.0,0.6666666666666666,0.3333333333333333,Temporal_Sequential_Context,1,0.2,1.6922718656836107,1,1,1,1,1,0
1567,15,3,6,6,12,0.8,0.4,0.4,Turning_Dynamics,2,0.3333333333333333,2.1559130951758245,0,2,0,2,0,2
1568,15,3,7,5,12,0.8,0.4666666666666667,0.3333333333333333,Speed_Dynamics,2,0.4,2.0131324651707385,0,1,2,2,0,0
1569,15,0,10,5,15,1.0,0.6666666666666666,0.3333333333333333,Temporal_Sequential_Context,1,0.2,1.6922718656836107,1,1,1,1,1,0
1570,15,0,15,0,15,1.0,1.0,0.0,,0,0.0,0.0,0,0,0,0,0,0
1571,15,0,13,2,15,1.0,0.8666666666666667,0.13333333333333333,Speed_Dynamics,1,0.5,0.6998428398862386,1,0,0,1,0,0
1572,15,3,9,3,12,0.8,0.6,0.2,Curvature_Geometry,3,1.0,1.3709505944546687,0,3,0,0,0,0
1573,15,0,10,5,15,1.0,0.6666666666666666,0.3333333333333333,Turning_Dynamics,1,0.2,1.6922718656836107,1,1,1,1,0,1
1574,15,0,13,2,15,1.0,0.8666666666666667,0.13333333333333333,Temporal_Sequential_Context,1,0.5,0.6998428398862386,0,0,1,0,1,0
1575,15,3,4,8,12,0.8,0.26666666666666666,0.5333333333333333,Speed_Dynamics,3,0.375,2.2892464285091583,3,2,0,3,0,0
1576,15,0,15,0,15,1.0,1.0,0.0,,0,0.0,0.0,0,0,0,0,0,0
1577,15,1,10,4,14,0.9333333333333333,0.6666666666666666,0.26666666666666666,Temporal_Sequential_Context,2,0.5,1.5589385323502774,0,0,1,1,2,0
1578,15,6,5,4,9,0.6,0.3333333333333333,0.26666666666666666,Turning_Dynamics,2,0.5,1.8322628970242685,0,0,2,0,0,2
1579,15,1,11,3,14,0.9333333333333333,0.7333333333333333,0.2,Speed_Dynamics,1,0.3333333333333333,1.3699740752745009,1,0,1,1,0,0
1580,15,6,7,2,9,0.6,0.4666666666666667,0.13333333333333333,Speed_Dynamics,2,1.0,1.4294732983598406,0,0,0,2,0,0
1581,15,3,6,6,12,0.8,0.4,0.4,Turning_Dynamics,2,0.3333333333333333,2.155913095175825,2,0,0,2,0,2
1582,15,0,11,4,15,1.0,0.7333333333333333,0.26666666666666666,Turning_Dynamics,1,0.25,1.3699740752745009,1,1,0,1,0,1
1583,15,3,11,1,12,0.8,0.7333333333333333,0.06666666666666667,Turning_Dynamics,1,1.0,1.0529815751302694,0,0,0,0,0,1
1584,15,10,4,1,5,0.3333333333333333,0.26666666666666666,0.06666666666666667,Acceleration_Dynamics,1,1.0,1.1589385323502772,1,0,0,0,0,0
1585,15,3,7,5,12,0.8,0.4666666666666667,0.3333333333333333,Speed_Dynamics,3,0.6,1.8294732983598407,2,0,0,3,0,0
1586,15,3,7,5,12,0.8,0.4666666666666667,0.3333333333333333,Speed_Dynamics,2,0.4,2.0131324651707385,2,0,0,2,0,1
1587,15,3,12,0,12,0.8,0.8,0.0,,0,0.0,0.7219280948873623,0,0,0,0,0,0
1588,15,6,9,0,9,0.6,0.6,0.0,,0,0.0,0.9709505944546686,0,0,0,0,0,0
1589,15,0,15,0,15,1.0,1.0,0.0,,0,0.0,0.0,0,0,0,0,0,0
1590,15,0,10,5,15,1.0,0.6666666666666666,0.3333333333333333,Temporal_Sequential_Context,1,0.2,1.6922718656836107,1,1,1,1,1,0
1591,15,0,13,2,15,1.0,0.8666666666666667,0.13333333333333333,Speed_Dynamics,1,0.5,0.6998428398862386,1,0,0,1,0,0
1592,15,1,7,7,14,0.9333333333333333,0.4666666666666667,0.4666666666666667,Speed_Dynamics,2,0.2857142857142857,2.1967916319816365,2,2,0,2,1,0
1593,15,1,11,3,14,0.9333333333333333,0.7333333333333333,0.2,Temporal_Sequential_Context,1,0.3333333333333333,1.3699740752745009,0,1,1,0,1,0
1594,15,1,6,8,14,0.9333333333333333,0.4,0.5333333333333333,Turning_Dynamics,2,0.25,2.3395722619867225,0,2,0,2,2,2
1595,15,3,8,4,12,0.8,0.5333333333333333,0.26666666666666666,Spatial_Reach_and_Route,2,0.5,1.856564762130954,0,1,2,0,0,1
1596,15,3,3,9,12,0.8,0.2,0.6,Turning_Dynamics,3,0.3333333333333333,2.321928094887362,0,3,3,0,0,3
1597,15,0,12,3,15,1.0,0.8,0.2,Speed_Dynamics,1,0.3333333333333333,1.0389205950315936,1,1,0,1,0,0
1598,15,1,7,7,14,0.9333333333333333,0.4666666666666667,0.4666666666666667,Spatial_Reach_and_Route,2,0.2857142857142857,2.1967916319816365,2,2,2,0,1,0
1599,15,6,1,8,9,0.6,0.06666666666666667,0.5333333333333333,Curvature_Geometry,4,0.5,1.8062389286533893,4,4,0,0,0,0
1600,15,1,8,6,14,0.9333333333333333,0.5333333333333333,0.4,Turning_Dynamics,2,0.3333333333333333,1.9068905956085185,0,2,2,0,0,2
1601,15,3,3,9,12,0.8,0.2,0.6,Temporal_Sequential_Context,3,0.3333333333333333,2.321928094887362,0,3,0,3,3,0
1602,15,0,11,4,15,1.0,0.7333333333333333,0.26666666666666666,Temporal_Sequential_Context,1,0.25,1.3699740752745009,1,1,0,1,1,0
1603,15,3,3,9,12,0.8,0.2,0.6,Speed_Dynamics,3,0.3333333333333333,2.321928094887362,3,3,0,3,0,0
1604,15,3,6,6,12,0.8,0.4,0.4,Speed_Dynamics,3,0.5,2.1055872616982603,2,1,0,3,0,0
1605,15,3,6,6,12,0.8,0.4,0.4,Speed_Dynamics,3,0.5,2.1055872616982603,2,0,1,3,0,0
1606,15,1,11,3,14,0.9333333333333333,0.7333333333333333,0.2,Curvature_Geometry,2,0.6666666666666666,1.2366407419411674,0,2,0,0,0,1
1607,15,6,2,7,9,0.6,0.13333333333333333,0.4666666666666667,Speed_Dynamics,4,0.5714285714285714,1.8892464285091581,0,0,3,4,0,0
1608,15,0,15,0,15,1.0,1.0,0.0,,0,0.0,0.0,0,0,0,0,0,0
1609,15,3,9,3,12,0.8,0.6,0.2,Curvature_Geometry,2,0.6666666666666666,1.5546097612655667,0,2,0,0,1,0
1610,15,0,14,1,15,1.0,0.9333333333333333,0.06666666666666667,Speed_Dynamics,1,1.0,0.35335933502142136,0,0,0,1,0,0
1611,15,1,7,7,14,0.9333333333333333,0.4666666666666667,0.4666666666666667,Temporal_Sequential_Context,2,0.2857142857142857,2.1967916319816365,2,0,1,2,2,0
1612,15,0,15,0,15,1.0,1.0,0.0,,0,0.0,0.0,0,0,0,0,0,0
1613,15,3,9,3,12,0.8,0.6,0.2,Temporal_Sequential_Context,1,0.3333333333333333,1.6879430945989,1,0,0,1,1,0
1614,15,1,14,0,14,0.9333333333333333,0.9333333333333333,0.0,,0,0.0,0.35335933502142136,0,0,0,0,0,0
1615,15,3,8,4,12,0.8,0.5333333333333333,0.26666666666666666,Spatial_Reach_and_Route,2,0.5,1.7232314287976207,2,0,2,0,0,0
1616,15,0,10,5,15,1.0,0.6666666666666666,0.3333333333333333,Turning_Dynamics,1,0.2,1.6922718656836107,1,1,1,1,0,1
1617,15,1,10,4,14,0.9333333333333333,0.6666666666666666,0.26666666666666666,Temporal_Sequential_Context,1,0.25,1.6922718656836104,0,1,1,1,1,0
1618,15,0,15,0,15,1.0,1.0,0.0,,0,0.0,0.0,0,0,0,0,0,0
1619,15,10,1,4,5,0.3333333333333333,0.06666666666666667,0.26666666666666666,Turning_Dynamics,4,1.0,1.158938532350277,0,0,0,0,0,4
1620,15,1,12,2,14,0.9333333333333333,0.8,0.13333333333333333,Temporal_Sequential_Context,1,0.5,1.0389205950315936,1,0,0,0,1,0
1621,15,6,3,6,9,0.6,0.2,0.4,Turning_Dynamics,4,0.6666666666666666,1.8892464285091581,0,0,2,0,0,4
1622,15,1,11,3,14,0.9333333333333333,0.7333333333333333,0.2,Turning_Dynamics,1,0.3333333333333333,1.3699740752745009,0,1,0,0,1,1
1623,15,10,2,3,5,0.3333333333333333,0.13333333333333333,0.2,Curvature_Geometry,3,1.0,1.2419460322060458,0,3,0,0,0,0
1624,15,3,3,9,12,0.8,0.2,0.6,Turning_Dynamics,3,0.3333333333333333,2.321928094887362,0,3,3,0,0,3
1625,15,3,7,5,12,0.8,0.4666666666666667,0.3333333333333333,Speed_Dynamics,3,0.6,1.8294732983598407,2,0,0,3,0,0
1626,15,3,11,1,12,0.8,0.7333333333333333,0.06666666666666667,Temporal_Sequential_Context,1,1.0,1.0529815751302694,0,0,0,0,1,0
1627,15,0,15,0,15,1.0,1.0,0.0,,0,0.0,0.0,0,0,0,0,0,0
1628,15,3,6,6,12,0.8,0.4,0.4,Temporal_Sequential_Context,2,0.3333333333333333,2.155913095175825,2,2,0,0,2,0
1629,15,6,6,3,9,0.6,0.4,0.2,Curvature_Geometry,2,0.6666666666666666,1.7055872616982604,0,2,0,0,1,0
1630,15,10,0,5,5,0.3333333333333333,0.0,0.3333333333333333,Temporal_Sequential_Context,5,1.0,0.9182958340544896,0,0,0,0,5,0
1631,15,1,9,5,14,0.9333333333333333,0.6,0.3333333333333333,Temporal_Sequential_Context,2,0.4,1.7382689280764645,1,2,0,0,2,0
1632,15,6,2,7,9,0.6,0.13333333333333333,0.4666666666666667,Curvature_Geometry,4,0.5714285714285714,1.8892464285091581,0,4,0,3,0,0
1633,15,0,13,2,15,1.0,0.8666666666666667,0.13333333333333333,Turning_Dynamics,1,0.5,0.6998428398862386,0,1,0,0,0,1
1634,15,6,2,7,9,0.6,0.13333333333333333,0.4666666666666667,Turning_Dynamics,4,0.5714285714285714,1.8892464285091581,0,3,0,0,0,4
1635,15,3,3,9,12,0.8,0.2,0.6,Turning_Dynamics,3,0.3333333333333333,2.321928094887362,0,3,0,0,3,3
1636,15,6,5,4,9,0.6,0.3333333333333333,0.26666666666666666,Turning_Dynamics,4,1.0,1.5655962303576019,0,0,0,0,0,4
1637,15,3,5,7,12,0.8,0.3333333333333333,0.4666666666666667,Turning_Dynamics,3,0.42857142857142855,2.181937063546704,1,3,0,0,0,3
1638,15,0,15,0,15,1.0,1.0,0.0,,0,0.0,0.0,0,0,0,0,0,0
1639,15,10,1,4,5,0.3333333333333333,0.06666666666666667,0.26666666666666666,Curvature_Geometry,4,1.0,1.158938532350277,0,4,0,0,0,0
1640,15,10,0,5,5,0.3333333333333333,0.0,0.3333333333333333,Temporal_Sequential_Context,5,1.0,0.9182958340544896,0,0,0,0,5,0
1641,15,3,3,9,12,0.8,0.2,0.6,Turning_Dynamics,3,0.3333333333333333,2.321928094887362,3,3,0,0,0,3
1642,15,10,0,5,5,0.3333333333333333,0.0,0.3333333333333333,Temporal_Sequential_Context,5,1.0,0.9182958340544896,0,0,0,0,5,0
1643,15,0,14,1,15,1.0,0.9333333333333333,0.06666666666666667,Acceleration_Dynamics,1,1.0,0.35335933502142136,1,0,0,0,0,0
1644,15,1,9,5,14,0.9333333333333333,0.6,0.3333333333333333,Speed_Dynamics,2,0.4,1.7382689280764647,2,1,0,2,0,0
1645,15,3,7,5,12,0.8,0.4666666666666667,0.3333333333333333,Turning_Dynamics,2,0.4,2.0131324651707385,0,2,0,0,1,2
1646,15,0,11,4,15,1.0,0.7333333333333333,0.26666666666666666,Turning_Dynamics,1,0.25,1.3699740752745009,1,1,0,0,1,1
1647,15,1,14,0,14,0.9333333333333333,0.9333333333333333,0.0,,0,0.0,0.35335933502142136,0,0,0,0,0,0
1648,15,1,8,6,14,0.9333333333333333,0.5333333333333333,0.4,Turning_Dynamics,2,0.3333333333333333,1.9068905956085185,0,0,0,2,2,2
1649,15,6,4,5,9,0.6,0.26666666666666666,0.3333333333333333,Spatial_Reach_and_Route,3,0.6,1.8892464285091581,0,0,3,0,0,2
1650,15,10,5,0,5,0.3333333333333333,0.3333333333333333,0.0,,0,0.0,0.9182958340544896,0,0,0,0,0,0
1651,15,1,8,6,14,0.9333333333333333,0.5333333333333333,0.4,Turning_Dynamics,2,0.3333333333333333,2.040223928941852,0,0,1,1,2,2
1652,15,6,9,0,9,0.6,0.6,0.0,,0,0.0,0.9709505944546686,0,0,0,0,0,0
1653,15,3,6,6,12,0.8,0.4,0.4,Turning_Dynamics,3,0.5,1.9219280948873623,0,0,0,0,3,3
1654,15,1,6,8,14,0.9333333333333333,0.4,0.5333333333333333,Speed_Dynamics,2,0.25,2.3395722619867225,2,2,2,2,0,0
1655,15,0,13,2,15,1.0,0.8666666666666667,0.13333333333333333,Temporal_Sequential_Context,1,0.5,0.6998428398862386,0,0,1,0,1,0
1656,15,1,9,5,14,0.9333333333333333,0.6,0.3333333333333333,Spatial_Reach_and_Route,2,0.4,1.871602261409798,1,1,2,1,0,0
1657,15,0,15,0,15,1.0,1.0,0.0,,0,0.0,0.0,0,0,0,0,0,0
1658,15,0,12,3,15,1.0,0.8,0.2,Temporal_Sequential_Context,1,0.3333333333333333,1.0389205950315936,0,0,1,1,1,0
1659,15,6,8,1,9,0.6,0.5333333333333333,0.06666666666666667,Temporal_Sequential_Context,1,1.0,1.272905595320056,0,0,0,0,1,0
1660,15,10,5,0,5,0.3333333333333333,0.3333333333333333,0.0,,0,0.0,0.9182958340544896,0,0,0,0,0,0
1661,15,3,7,5,12,0.8,0.4666666666666667,0.3333333333333333,Turning_Dynamics,3,0.6,1.9628066316931743,0,0,0,1,1,3
1662,15,3,12,0,12,0.8,0.8,0.0,,0,0.0,0.7219280948873623,0,0,0,0,0,0
1663,15,3,9,3,12,0.8,0.6,0.2,Turning_Dynamics,2,0.6666666666666666,1.5546097612655665,1,0,0,0,0,2
1664,15,6,8,1,9,0.6,0.5333333333333333,0.06666666666666667,Turning_Dynamics,1,1.0,1.272905595320056,0,0,0,0,0,1
1665,15,1,10,4,14,0.9333333333333333,0.6666666666666666,0.26666666666666666,Turning_Dynamics,2,0.5,1.4256051990169438,0,0,0,2,0,2
1666,15,10,3,2,5,0.3333333333333333,0.2,0.13333333333333333,Acceleration_Dynamics,2,1.0,1.2419460322060458,2,0,0,0,0,0
1667,15,15,0,0,0,0.0,0.0,0.0,,0,0.0,0.0,0,0,0,0,0,0
1668,15,10,3,2,5,0.3333333333333333,0.2,0.13333333333333333,Temporal_Sequential_Context,2,1.0,1.2419460322060458,0,0,0,0,2,0
1669,15,10,5,0,5,0.3333333333333333,0.3333333333333333,0.0,,0,0.0,0.9182958340544896,0,0,0,0,0,0
1670,15,10,1,4,5,0.3333333333333333,0.06666666666666667,0.26666666666666666,Turning_Dynamics,4,1.0,1.158938532350277,0,0,0,0,0,4
1671,15,3,11,1,12,0.8,0.7333333333333333,0.06666666666666667,Spatial_Reach_and_Route,1,1.0,1.0529815751302694,0,0,1,0,0,0
1672,15,15,0,0,0,0.0,0.0,0.0,,0,0.0,0.0,0,0,0,0,0,0
1673,15,10,0,5,5,0.3333333333333333,0.0,0.3333333333333333,Acceleration_Dynamics,5,1.0,0.9182958340544896,5,0,0,0,0,0
1674,15,1,13,1,14,0.9333333333333333,0.8666666666666667,0.06666666666666667,Acceleration_Dynamics,1,1.0,0.6998428398862386,1,0,0,0,0,0
1675,15,10,5,0,5,0.3333333333333333,0.3333333333333333,0.0,,0,0.0,0.9182958340544896,0,0,0,0,0,0
1676,15,6,9,0,9,0.6,0.6,0.0,,0,0.0,0.9709505944546686,0,0,0,0,0,0
1677,15,6,9,0,9,0.6,0.6,0.0,,0,0.0,0.9709505944546686,0,0,0,0,0,0
1678,15,3,6,6,12,0.8,0.4,0.4,Acceleration_Dynamics,3,0.5,2.1055872616982603,3,0,0,1,0,2
1679,15,1,13,1,14,0.9333333333333333,0.8666666666666667,0.06666666666666667,Speed_Dynamics,1,1.0,0.6998428398862386,0,0,0,1,0,0
1680,15,10,4,1,5,0.3333333333333333,0.26666666666666666,0.06666666666666667,Acceleration_Dynamics,1,1.0,1.1589385323502772,1,0,0,0,0,0
1681,15,6,7,2,9,0.6,0.4666666666666667,0.13333333333333333,Turning_Dynamics,1,0.5,1.5628066316931741,1,0,0,0,0,1
1682,15,6,5,4,9,0.6,0.3333333333333333,0.26666666666666666,Speed_Dynamics,2,0.5,1.8322628970242685,2,0,0,2,0,0
1683,15,6,8,1,9,0.6,0.5333333333333333,0.06666666666666667,Turning_Dynamics,1,1.0,1.272905595320056,0,0,0,0,0,1
1684,15,0,15,0,15,1.0,1.0,0.0,,0,0.0,0.0,0,0,0,0,0,0
1685,15,6,5,4,9,0.6,0.3333333333333333,0.26666666666666666,Acceleration_Dynamics,3,0.75,1.781937063546704,3,1,0,0,0,0
1686,15,10,2,3,5,0.3333333333333333,0.13333333333333333,0.2,Acceleration_Dynamics,3,1.0,1.2419460322060458,3,0,0,0,0,0
1687,15,0,15,0,15,1.0,1.0,0.0,,0,0.0,0.0,0,0,0,0,0,0
1688,15,1,9,5,14,0.9333333333333333,0.6,0.3333333333333333,Turning_Dynamics,2,0.4,1.7382689280764647,0,2,1,0,0,2
1689,15,3,9,3,12,0.8,0.6,0.2,Acceleration_Dynamics,2,0.6666666666666666,1.5546097612655667,2,0,0,0,0,1
1690,15,1,13,1,14,0.9333333333333333,0.8666666666666667,0.06666666666666667,Curvature_Geometry,1,1.0,0.6998428398862386,0,1,0,0,0,0
1691,15,1,12,2,14,0.9333333333333333,0.8,0.13333333333333333,Temporal_Sequential_Context,1,0.5,1.0389205950315936,1,0,0,0,1,0
1692,15,1,11,3,14,0.9333333333333333,0.7333333333333333,0.2,Acceleration_Dynamics,2,0.6666666666666666,1.2366407419411674,2,0,0,0,0,1
1693,15,6,4,5,9,0.6,0.26666666666666666,0.3333333333333333,Curvature_Geometry,4,0.8,1.8062389286533893,1,4,0,0,0,0
1694,15,0,13,2,15,1.0,0.8666666666666667,0.13333333333333333,Curvature_Geometry,1,0.5,0.6998428398862386,1,1,0,0,0,0
1695,15,0,14,1,15,1.0,0.9333333333333333,0.06666666666666667,Acceleration_Dynamics,1,1.0,0.35335933502142136,1,0,0,0,0,0
1696,15,3,5,7,12,0.8,0.3333333333333333,0.4666666666666667,Acceleration_Dynamics,3,0.42857142857142855,2.2322628970242686,3,2,2,0,0,0
1697,15,3,9,3,12,0.8,0.6,0.2,Turning_Dynamics,3,1.0,1.3709505944546687,0,0,0,0,0,3
1698,15,1,10,4,14,0.9333333333333333,0.6666666666666666,0.26666666666666666,Turning_Dynamics,2,0.5,1.5589385323502771,1,1,0,0,0,2
1699,15,1,12,2,14,0.9333333333333333,0.8,0.13333333333333333,Turning_Dynamics,2,1.0,0.9055872616982603,0,0,0,0,0,2
1700,15,0,14,1,15,1.0,0.9333333333333333,0.06666666666666667,Temporal_Sequential_Context,1,1.0,0.35335933502142136,0,0,0,0,1,0
1701,15,0,11,4,15,1.0,0.7333333333333333,0.26666666666666666,Turning_Dynamics,1,0.25,1.3699740752745009,0,1,0,1,1,1
1702,15,3,5,7,12,0.8,0.3333333333333333,0.4666666666666667,Turning_Dynamics,3,0.42857142857142855,2.181937063546704,0,3,1,0,0,3
1703,15,0,15,0,15,1.0,1.0,0.0,,0,0.0,0.0,0,0,0,0,0,0
1704,15,3,9,3,12,0.8,0.6,0.2,Turning_Dynamics,1,0.3333333333333333,1.6879430945989,0,1,0,1,0,1
1705,15,3,5,7,12,0.8,0.3333333333333333,0.4666666666666667,Curvature_Geometry,3,0.42857142857142855,2.2322628970242686,2,3,2,0,0,0
1706,15,0,15,0,15,1.0,1.0,0.0,,0,0.0,0.0,0,0,0,0,0,0
1707,15,0,15,0,15,1.0,1.0,0.0,,0,0.0,0.0,0,0,0,0,0,0
1708,15,1,11,3,14,0.9333333333333333,0.7333333333333333,0.2,Acceleration_Dynamics,2,0.6666666666666666,1.2366407419411674,2,0,0,0,0,1
1709,15,6,7,2,9,0.6,0.4666666666666667,0.13333333333333333,Temporal_Sequential_Context,2,1.0,1.4294732983598406,0,0,0,0,2,0
1710,15,3,6,6,12,0.8,0.4,0.4,Temporal_Sequential_Context,2,0.3333333333333333,2.155913095175825,2,0,0,2,2,0
1711,15,3,8,4,12,0.8,0.5333333333333333,0.26666666666666666,Speed_Dynamics,2,0.5,1.7232314287976207,2,0,0,2,0,0
1712,15,1,10,4,14,0.9333333333333333,0.6666666666666666,0.26666666666666666,Temporal_Sequential_Context,2,0.5,1.4256051990169438,0,0,0,2,2,0
1713,15,3,10,2,12,0.8,0.6666666666666666,0.13333333333333333,Temporal_Sequential_Context,1,0.5,1.3752793655393791,1,0,0,0,1,0
1714,15,1,10,4,14,0.9333333333333333,0.6666666666666666,0.26666666666666666,Speed_Dynamics,2,0.5,1.4256051990169438,0,2,0,2,0,0
1715,15,3,4,8,12,0.8,0.26666666666666666,0.5333333333333333,Spatial_Reach_and_Route,3,0.375,2.2892464285091583,0,3,3,0,0,2
1716,15,0,15,0,15,1.0,1.0,0.0,,0,0.0,0.0,0,0,0,0,0,0
1717,15,10,5,0,5,0.3333333333333333,0.3333333333333333,0.0,,0,0.0,0.9182958340544896,0,0,0,0,0,0
1718,15,6,7,2,9,0.6,0.4666666666666667,0.13333333333333333,Temporal_Sequential_Context,2,1.0,1.4294732983598406,0,0,0,0,2,0
1719,15,10,2,3,5,0.3333333333333333,0.13333333333333333,0.2,Curvature_Geometry,3,1.0,1.2419460322060458,0,3,0,0,0,0
1720,15,6,7,2,9,0.6,0.4666666666666667,0.13333333333333333,Acceleration_Dynamics,2,1.0,1.4294732983598406,2,0,0,0,0,0
1721,15,3,5,7,12,0.8,0.3333333333333333,0.4666666666666667,Temporal_Sequential_Context,3,0.42857142857142855,2.2322628970242686,0,2,2,0,3,0
1722,15,3,3,9,12,0.8,0.2,0.6,Turning_Dynamics,3,0.3333333333333333,2.321928094887362,3,3,0,0,0,3
1723,15,1,14,0,14,0.9333333333333333,0.9333333333333333,0.0,,0,0.0,0.35335933502142136,0,0,0,0,0,0
1724,15,1,10,4,14,0.9333333333333333,0.6666666666666666,0.26666666666666666,Curvature_Geometry,2,0.5,1.5589385323502771,1,2,0,1,0,0
1725,15,1,10,4,14,0.9333333333333333,0.6666666666666666,0.26666666666666666,Temporal_Sequential_Context,1,0.25,1.6922718656836107,1,0,1,1,1,0
1726,15,3,9,3,12,0.8,0.6,0.2,Temporal_Sequential_Context,2,0.6666666666666666,1.5546097612655665,0,0,1,0,2,0
1727,15,0,15,0,15,1.0,1.0,0.0,,0,0.0,0.0,0,0,0,0,0,0
1728,15,1,11,3,14,0.9333333333333333,0.7333333333333333,0.2,Turning_Dynamics,2,0.6666666666666666,1.2366407419411674,0,0,0,0,1,2
1729,15,3,10,2,12,0.8,0.6666666666666666,0.13333333333333333,Temporal_Sequential_Context,2,1.0,1.2419460322060458,0,0,0,0,2,0
1730,15,3,6,6,12,0.8,0.4,0.4,Speed_Dynamics,3,0.5,2.10558726169826,0,2,0,3,1,0
1731,15,10,2,3,5,0.3333333333333333,0.13333333333333333,0.2,Turning_Dynamics,3,1.0,1.2419460322060458,0,0,0,0,0,3
1732,15,6,3,6,9,0.6,0.2,0.4,Turning_Dynamics,3,0.5,1.9219280948873623,0,3,0,0,0,3
1733,15,1,9,5,14,0.9333333333333333,0.6,0.3333333333333333,Turning_Dynamics,2,0.4,1.7382689280764645,0,1,0,0,2,2
1734,15,0,10,5,15,1.0,0.6666666666666666,0.3333333333333333,Turning_Dynamics,1,0.2,1.6922718656836107,1,1,1,0,1,1
1735,15,6,7,2,9,0.6,0.4666666666666667,0.13333333333333333,Turning_Dynamics,1,0.5,1.5628066316931741,0,0,0,1,0,1
1736,15,10,1,4,5,0.3333333333333333,0.06666666666666667,0.26666666666666666,Turning_Dynamics,4,1.0,1.158938532350277,0,0,0,0,0,4
1737,15,6,6,3,9,0.6,0.4,0.2,Curvature_Geometry,2,0.6666666666666666,1.7055872616982601,0,2,0,0,1,0
1738,15,15,0,0,0,0.0,0.0,0.0,,0,0.0,0.0,0,0,0,0,0,0
1739,15,3,10,2,12,0.8,0.6666666666666666,0.13333333333333333,Turning_Dynamics,1,0.5,1.3752793655393791,0,1,0,0,0,1
1740,15,0,12,3,15,1.0,0.8,0.2,Temporal_Sequential_Context,1,0.3333333333333333,1.0389205950315936,0,1,1,0,1,0
1741,15,3,10,2,12,0.8,0.6666666666666666,0.13333333333333333,Spatial_Reach_and_Route,2,1.0,1.2419460322060458,0,0,2,0,0,0
1742,15,1,13,1,14,0.9333333333333333,0.8666666666666667,0.06666666666666667,Speed_Dynamics,1,1.0,0.6998428398862386,0,0,0,1,0,0
1743,15,10,2,3,5,0.3333333333333333,0.13333333333333333,0.2,Spatial_Reach_and_Route,3,1.0,1.2419460322060458,0,0,3,0,0,0
1744,15,6,1,8,9,0.6,0.06666666666666667,0.5333333333333333,Turning_Dynamics,4,0.5,1.8062389286533895,0,0,4,0,0,4
1745,15,6,6,3,9,0.6,0.4,0.2,Temporal_Sequential_Context,3,1.0,1.5219280948873621,0,0,0,0,3,0
1746,15,6,1,8,9,0.6,0.06666666666666667,0.5333333333333333,Spatial_Reach_and_Route,4,0.5,1.8062389286533895,0,4,4,0,0,0
1747,15,10,5,0,5,0.3333333333333333,0.3333333333333333,0.0,,0,0.0,0.9182958340544896,0,0,0,0,0,0
1748,15,10,0,5,5,0.3333333333333333,0.0,0.3333333333333333,Curvature_Geometry,5,1.0,0.9182958340544896,0,5,0,0,0,0
1749,15,10,5,0,5,0.3333333333333333,0.3333333333333333,0.0,,0,0.0,0.9182958340544896,0,0,0,0,0,0
1750,15,3,10,2,12,0.8,0.6666666666666666,0.13333333333333333,Speed_Dynamics,1,0.5,1.3752793655393791,1,0,0,1,0,0
1751,15,10,0,5,5,0.3333333333333333,0.0,0.3333333333333333,Temporal_Sequential_Context,5,1.0,0.9182958340544896,0,0,0,0,5,0
1752,15,1,9,5,14,0.9333333333333333,0.6,0.3333333333333333,Turning_Dynamics,2,0.4,1.7382689280764645,0,1,0,0,2,2
1753,15,1,13,1,14,0.9333333333333333,0.8666666666666667,0.06666666666666667,Temporal_Sequential_Context,1,1.0,0.6998428398862386,0,0,0,0,1,0
1754,15,1,12,2,14,0.9333333333333333,0.8,0.13333333333333333,Temporal_Sequential_Context,2,1.0,0.9055872616982603,0,0,0,0,2,0
1755,15,15,0,0,0,0.0,0.0,0.0,,0,0.0,0.0,0,0,0,0,0,0
1756,15,3,5,7,12,0.8,0.3333333333333333,0.4666666666666667,Temporal_Sequential_Context,3,0.42857142857142855,2.2322628970242686,0,0,2,2,3,0
1757,15,10,3,2,5,0.3333333333333333,0.2,0.13333333333333333,Spatial_Reach_and_Route,2,1.0,1.2419460322060458,0,0,2,0,0,0
1758,15,1,9,5,14,0.9333333333333333,0.6,0.3333333333333333,Turning_Dynamics,2,0.4,1.7382689280764647,0,0,2,0,1,2
1759,15,6,2,7,9,0.6,0.13333333333333333,0.4666666666666667,Turning_Dynamics,4,0.5714285714285714,1.8892464285091581,0,0,3,0,0,4
1760,15,3,5,7,12,0.8,0.3333333333333333,0.4666666666666667,Temporal_Sequential_Context,3,0.42857142857142855,2.2322628970242686,2,0,2,0,3,0
1761,15,3,8,4,12,0.8,0.5333333333333333,0.26666666666666666,Curvature_Geometry,2,0.5,1.856564762130954,0,2,0,1,0,1
1762,15,3,6,6,12,0.8,0.4,0.4,Acceleration_Dynamics,3,0.5,2.1055872616982603,3,1,0,2,0,0
1763,15,3,8,4,12,0.8,0.5333333333333333,0.26666666666666666,Turning_Dynamics,2,0.5,1.7232314287976207,0,2,0,0,0,2
1764,15,1,7,7,14,0.9333333333333333,0.4666666666666667,0.4666666666666667,Speed_Dynamics,2,0.2857142857142857,2.1967916319816365,1,2,2,2,0,0
1765,15,1,9,5,14,0.9333333333333333,0.6,0.3333333333333333,Turning_Dynamics,2,0.4,1.871602261409798,1,1,0,0,1,2
1766,15,6,3,6,9,0.6,0.2,0.4,Turning_Dynamics,4,0.6666666666666666,1.8892464285091581,0,0,0,0,2,4
1767,15,1,12,2,14,0.9333333333333333,0.8,0.13333333333333333,Speed_Dynamics,1,0.5,1.0389205950315936,0,0,1,1,0,0
1768,15,6,4,5,9,0.6,0.26666666666666666,0.3333333333333333,Curvature_Geometry,3,0.6,1.889246428509158,2,3,0,0,0,0
1769,15,1,13,1,14,0.9333333333333333,0.8666666666666667,0.06666666666666667,Acceleration_Dynamics,1,1.0,0.6998428398862386,1,0,0,0,0,0
1770,15,10,5,0,5,0.3333333333333333,0.3333333333333333,0.0,,0,0.0,0.9182958340544896,0,0,0,0,0,0
1771,15,6,4,5,9,0.6,0.26666666666666666,0.3333333333333333,Spatial_Reach_and_Route,3,0.6,1.8892464285091581,0,0,3,0,2,0
1772,15,3,8,4,12,0.8,0.5333333333333333,0.26666666666666666,Temporal_Sequential_Context,3,0.75,1.672905595320056,0,0,1,0,3,0
1773,15,3,9,3,12,0.8,0.6,0.2,Temporal_Sequential_Context,1,0.3333333333333333,1.6879430945989,0,1,1,0,1,0
1774,15,3,12,0,12,0.8,0.8,0.0,,0,0.0,0.7219280948873623,0,0,0,0,0,0
1775,15,3,9,3,12,0.8,0.6,0.2,Curvature_Geometry,2,0.6666666666666666,1.5546097612655667,0,2,1,0,0,0
1776,15,1,10,4,14,0.9333333333333333,0.6666666666666666,0.26666666666666666,Temporal_Sequential_Context,1,0.25,1.6922718656836107,1,0,1,1,1,0
1777,15,3,10,2,12,0.8,0.6666666666666666,0.13333333333333333,Temporal_Sequential_Context,1,0.5,1.3752793655393791,0,1,0,0,1,0
1778,15,10,5,0,5,0.3333333333333333,0.3333333333333333,0.0,,0,0.0,0.9182958340544896,0,0,0,0,0,0
1779,15,3,6,6,12,0.8,0.4,0.4,Turning_Dynamics,2,0.3333333333333333,2.1559130951758245,0,0,0,2,2,2
1780,15,3,9,3,12,0.8,0.6,0.2,Acceleration_Dynamics,2,0.6666666666666666,1.5546097612655667,2,0,0,1,0,0
1781,15,1,14,0,14,0.9333333333333333,0.9333333333333333,0.0,,0,0.0,0.35335933502142136,0,0,0,0,0,0
1782,15,0,15,0,15,1.0,1.0,0.0,,0,0.0,0.0,0,0,0,0,0,0
1783,15,6,1,8,9,0.6,0.06666666666666667,0.5333333333333333,Turning_Dynamics,4,0.5,1.8062389286533895,0,0,0,0,4,4
1784,15,3,10,2,12,0.8,0.6666666666666666,0.13333333333333333,Curvature_Geometry,2,1.0,1.2419460322060458,0,2,0,0,0,0
1785,15,3,6,6,12,0.8,0.4,0.4,Speed_Dynamics,2,0.3333333333333333,2.1559130951758245,2,2,0,2,0,0
1786,15,15,0,0,0,0.0,0.0,0.0,,0,0.0,0.0,0,0,0,0,0,0
1787,15,3,8,4,12,0.8,0.5333333333333333,0.26666666666666666,Turning_Dynamics,2,0.5,1.856564762130954,1,0,0,1,0,2
1788,15,1,9,5,14,0.9333333333333333,0.6,0.3333333333333333,Spatial_Reach_and_Route,2,0.4,1.7382689280764647,2,0,2,0,1,0
1789,15,1,9,5,14,0.9333333333333333,0.6,0.3333333333333333,Acceleration_Dynamics,2,0.4,1.8716022614097982,2,1,0,1,1,0
1790,15,6,6,3,9,0.6,0.4,0.2,Turning_Dynamics,3,1.0,1.5219280948873621,0,0,0,0,0,3
1791,15,6,7,2,9,0.6,0.4666666666666667,0.13333333333333333,Acceleration_Dynamics,2,1.0,1.4294732983598406,2,0,0,0,0,0
1792,15,3,9,3,12,0.8,0.6,0.2,Temporal_Sequential_Context,3,1.0,1.3709505944546687,0,0,0,0,3,0
1793,15,1,10,4,14,0.9333333333333333,0.6666666666666666,0.26666666666666666,Temporal_Sequential_Context,1,0.25,1.6922718656836107,1,1,0,1,1,0
1794,15,1,8,6,14,0.9333333333333333,0.5333333333333333,0.4,Temporal_Sequential_Context,2,0.3333333333333333,2.040223928941852,2,0,0,1,2,1
1795,15,3,8,4,12,0.8,0.5333333333333333,0.26666666666666666,Acceleration_Dynamics,3,0.75,1.6729055953200562,3,0,0,1,0,0
1796,15,1,14,0,14,0.9333333333333333,0.9333333333333333,0.0,,0,0.0,0.35335933502142136,0,0,0,0,0,0
1797,15,3,10,2,12,0.8,0.6666666666666666,0.13333333333333333,Speed_Dynamics,2,1.0,1.2419460322060458,0,0,0,2,0,0
1798,15,3,11,1,12,0.8,0.7333333333333333,0.06666666666666667,Speed_Dynamics,1,1.0,1.0529815751302694,0,0,0,1,0,0
1799,15,3,8,4,12,0.8,0.5333333333333333,0.26666666666666666,Curvature_Geometry,2,0.5,1.856564762130954,1,2,0,0,0,1
1800,15,10,1,4,5,0.3333333333333333,0.06666666666666667,0.26666666666666666,Temporal_Sequential_Context,4,1.0,1.158938532350277,0,0,0,0,4,0
1801,15,15,0,0,0,0.0,0.0,0.0,,0,0.0,0.0,0,0,0,0,0,0
1802,15,10,3,2,5,0.3333333333333333,0.2,0.13333333333333333,Spatial_Reach_and_Route,2,1.0,1.2419460322060458,0,0,2,0,0,0
1803,15,3,5,7,12,0.8,0.3333333333333333,0.4666666666666667,Turning_Dynamics,3,0.42857142857142855,2.2322628970242686,0,0,0,2,2,3
1804,15,3,9,3,12,0.8,0.6,0.2,Acceleration_Dynamics,2,0.6666666666666666,1.5546097612655667,2,0,0,0,0,1
1805,15,15,0,0,0,0.0,0.0,0.0,,0,0.0,0.0,0,0,0,0,0,0
1806,15,15,0,0,0,0.0,0.0,0.0,,0,0.0,0.0,0,0,0,0,0,0
1807,15,3,9,3,12,0.8,0.6,0.2,Speed_Dynamics,3,1.0,1.3709505944546687,0,0,0,3,0,0
1808,15,10,4,1,5,0.3333333333333333,0.26666666666666666,0.06666666666666667,Turning_Dynamics,1,1.0,1.158938532350277,0,0,0,0,0,1
1809,15,6,6,3,9,0.6,0.4,0.2,Turning_Dynamics,2,0.6666666666666666,1.7055872616982601,0,0,0,0,1,2
1810,15,3,7,5,12,0.8,0.4666666666666667,0.3333333333333333,Temporal_Sequential_Context,2,0.4,2.013132465170739,2,1,0,0,2,0
1811,15,6,6,3,9,0.6,0.4,0.2,Spatial_Reach_and_Route,3,1.0,1.5219280948873621,0,0,3,0,0,0
1812,15,10,5,0,5,0.3333333333333333,0.3333333333333333,0.0,,0,0.0,0.9182958340544896,0,0,0,0,0,0
1813,15,0,11,4,15,1.0,0.7333333333333333,0.26666666666666666,Temporal_Sequential_Context,1,0.25,1.3699740752745009,1,0,1,1,1,0
1814,15,6,5,4,9,0.6,0.3333333333333333,0.26666666666666666,Spatial_Reach_and_Route,4,1.0,1.565596230357602,0,0,4,0,0,0
1815,15,1,12,2,14,0.9333333333333333,0.8,0.13333333333333333,Spatial_Reach_and_Route,2,1.0,0.9055872616982603,0,0,2,0,0,0
1816,15,3,8,4,12,0.8,0.5333333333333333,0.26666666666666666,Turning_Dynamics,2,0.5,1.7232314287976207,0,2,0,0,0,2
1817,15,3,7,5,12,0.8,0.4666666666666667,0.3333333333333333,Turning_Dynamics,2,0.4,2.0131324651707385,0,1,2,0,0,2
1818,15,6,9,0,9,0.6,0.6,0.0,,0,0.0,0.9709505944546686,0,0,0,0,0,0
1819,15,3,10,2,12,0.8,0.6666666666666666,0.13333333333333333,Temporal_Sequential_Context,2,1.0,1.2419460322060458,0,0,0,0,2,0
1820,15,0,11,4,15,1.0,0.7333333333333333,0.26666666666666666,Turning_Dynamics,1,0.25,1.3699740752745009,0,1,0,1,1,1
1821,15,1,10,4,14,0.9333333333333333,0.6666666666666666,0.26666666666666666,Spatial_Reach_and_Route,2,0.5,1.4256051990169438,0,2,2,0,0,0
1822,15,6,4,5,9,0.6,0.26666666666666666,0.3333333333333333,Curvature_Geometry,3,0.6,1.8892464285091581,0,3,0,0,0,2
1823,15,6,1,8,9,0.6,0.06666666666666667,0.5333333333333333,Temporal_Sequential_Context,4,0.5,1.8062389286533895,0,4,0,0,4,0
1824,15,3,9,3,12,0.8,0.6,0.2,Temporal_Sequential_Context,3,1.0,1.3709505944546687,0,0,0,0,3,0
1825,15,0,15,0,15,1.0,1.0,0.0,,0,0.0,0.0,0,0,0,0,0,0
1826,15,3,5,7,12,0.8,0.3333333333333333,0.4666666666666667,Turning_Dynamics,3,0.42857142857142855,2.2322628970242686,0,0,2,2,0,3
1827,15,3,10,2,12,0.8,0.6666666666666666,0.13333333333333333,Turning_Dynamics,1,0.5,1.3752793655393791,0,0,0,1,0,1
1828,15,3,8,4,12,0.8,0.5333333333333333,0.26666666666666666,Turning_Dynamics,2,0.5,1.7232314287976207,0,0,2,0,0,2
1829,15,1,10,4,14,0.9333333333333333,0.6666666666666666,0.26666666666666666,Temporal_Sequential_Context,1,0.25,1.6922718656836107,1,0,1,1,1,0
1830,15,6,5,4,9,0.6,0.3333333333333333,0.26666666666666666,Spatial_Reach_and_Route,3,0.75,1.781937063546704,0,1,3,0,0,0
1831,15,10,5,0,5,0.3333333333333333,0.3333333333333333,0.0,,0,0.0,0.9182958340544896,0,0,0,0,0,0
1832,15,3,10,2,12,0.8,0.6666666666666666,0.13333333333333333,Curvature_Geometry,2,1.0,1.2419460322060458,0,2,0,0,0,0
1833,15,6,9,0,9,0.6,0.6,0.0,,0,0.0,0.9709505944546686,0,0,0,0,0,0
1834,15,3,7,5,12,0.8,0.4666666666666667,0.3333333333333333,Turning_Dynamics,3,0.6,1.8294732983598407,0,0,0,0,2,3
1835,15,10,2,3,5,0.3333333333333333,0.13333333333333333,0.2,Turning_Dynamics,3,1.0,1.2419460322060458,0,0,0,0,0,3
1836,15,1,11,3,14,0.9333333333333333,0.7333333333333333,0.2,Turning_Dynamics,1,0.3333333333333333,1.3699740752745009,0,1,0,0,1,1
1837,15,6,9,0,9,0.6,0.6,0.0,,0,0.0,0.9709505944546686,0,0,0,0,0,0
1838,15,10,1,4,5,0.3333333333333333,0.06666666666666667,0.26666666666666666,Turning_Dynamics,4,1.0,1.158938532350277,0,0,0,0,0,4
1839,15,6,9,0,9,0.6,0.6,0.0,,0,0.0,0.9709505944546686,0,0,0,0,0,0
1840,15,6,9,0,9,0.6,0.6,0.0,,0,0.0,0.9709505944546686,0,0,0,0,0,0
1841,15,3,9,3,12,0.8,0.6,0.2,Speed_Dynamics,2,0.6666666666666666,1.5546097612655665,0,0,1,2,0,0
1842,15,10,0,5,5,0.3333333333333333,0.0,0.3333333333333333,Curvature_Geometry,5,1.0,0.9182958340544896,0,5,0,0,0,0
1843,15,3,5,7,12,0.8,0.3333333333333333,0.4666666666666667,Turning_Dynamics,3,0.42857142857142855,2.181937063546704,0,3,0,1,0,3
1844,15,1,10,4,14,0.9333333333333333,0.6666666666666666,0.26666666666666666,Turning_Dynamics,1,0.25,1.6922718656836104,0,0,1,1,1,1
1845,15,3,7,5,12,0.8,0.4666666666666667,0.3333333333333333,Turning_Dynamics,3,0.6,1.9628066316931743,0,0,1,1,0,3
1846,15,1,13,1,14,0.9333333333333333,0.8666666666666667,0.06666666666666667,Temporal_Sequential_Context,1,1.0,0.6998428398862386,0,0,0,0,1,0
1847,15,1,13,1,14,0.9333333333333333,0.8666666666666667,0.06666666666666667,Temporal_Sequential_Context,1,1.0,0.6998428398862386,0,0,0,0,1,0
1848,15,3,8,4,12,0.8,0.5333333333333333,0.26666666666666666,Curvature_Geometry,2,0.5,1.856564762130954,0,2,1,0,0,1
1849,15,3,10,2,12,0.8,0.6666666666666666,0.13333333333333333,Temporal_Sequential_Context,1,0.5,1.3752793655393791,0,0,0,1,1,0
1850,15,6,6,3,9,0.6,0.4,0.2,Turning_Dynamics,3,1.0,1.5219280948873621,0,0,0,0,0,3
1851,15,1,6,8,14,0.9333333333333333,0.4,0.5333333333333333,Turning_Dynamics,2,0.25,2.339572261986723,0,2,2,2,0,2
1852,15,3,9,3,12,0.8,0.6,0.2,Temporal_Sequential_Context,2,0.6666666666666666,1.5546097612655667,0,0,0,0,2,1
1853,15,1,9,5,14,0.9333333333333333,0.6,0.3333333333333333,Turning_Dynamics,2,0.4,1.871602261409798,1,1,0,0,1,2
1854,15,6,5,4,9,0.6,0.3333333333333333,0.26666666666666666,Curvature_Geometry,4,1.0,1.565596230357602,0,4,0,0,0,0
1855,15,0,15,0,15,1.0,1.0,0.0,,0,0.0,0.0,0,0,0,0,0,0
1856,15,0,15,0,15,1.0,1.0,0.0,,0,0.0,0.0,0,0,0,0,0,0
1857,15,0,15,0,15,1.0,1.0,0.0,,0,0.0,0.0,0,0,0,0,0,0
1858,15,0,11,4,15,1.0,0.7333333333333333,0.26666666666666666,Speed_Dynamics,1,0.25,1.3699740752745009,1,1,1,1,0,0
1859,15,0,15,0,15,1.0,1.0,0.0,,0,0.0,0.0,0,0,0,0,0,0
1860,15,6,7,2,9,0.6,0.4666666666666667,0.13333333333333333,Speed_Dynamics,2,1.0,1.4294732983598406,0,0,0,2,0,0
1861,15,10,0,5,5,0.3333333333333333,0.0,0.3333333333333333,Acceleration_Dynamics,5,1.0,0.9182958340544896,5,0,0,0,0,0
1862,15,10,0,5,5,0.3333333333333333,0.0,0.3333333333333333,Speed_Dynamics,5,1.0,0.9182958340544896,0,0,0,5,0,0
1863,15,6,3,6,9,0.6,0.2,0.4,Speed_Dynamics,3,0.5,1.9219280948873623,0,3,0,3,0,0
1864,15,6,4,5,9,0.6,0.26666666666666666,0.3333333333333333,Turning_Dynamics,4,0.8,1.8062389286533895,0,0,0,1,0,4
1865,15,1,10,4,14,0.9333333333333333,0.6666666666666666,0.26666666666666666,Temporal_Sequential_Context,1,0.25,1.6922718656836107,1,0,1,1,1,0
1866,15,10,0,5,5,0.3333333333333333,0.0,0.3333333333333333,Turning_Dynamics,5,1.0,0.9182958340544896,0,0,0,0,0,5
1867,15,1,9,5,14,0.9333333333333333,0.6,0.3333333333333333,Speed_Dynamics,2,0.4,1.871602261409798,1,1,1,2,0,0
1868,15,3,8,4,12,0.8,0.5333333333333333,0.26666666666666666,Acceleration_Dynamics,3,0.75,1.672905595320056,3,1,0,0,0,0
1869,15,1,10,4,14,0.9333333333333333,0.6666666666666666,0.26666666666666666,Turning_Dynamics,1,0.25,1.6922718656836107,1,1,1,0,0,1
1870,15,6,2,7,9,0.6,0.13333333333333333,0.4666666666666667,Turning_Dynamics,4,0.5714285714285714,1.889246428509158,3,0,0,0,0,4
1871,15,3,9,3,12,0.8,0.6,0.2,Acceleration_Dynamics,3,1.0,1.3709505944546687,3,0,0,0,0,0
1872,15,1,11,3,14,0.9333333333333333,0.7333333333333333,0.2,Curvature_Geometry,2,0.6666666666666666,1.2366407419411674,0,2,0,0,1,0
1873,15,1,12,2,14,0.9333333333333333,0.8,0.13333333333333333,Turning_Dynamics,2,1.0,0.9055872616982603,0,0,0,0,0,2
1874,15,3,7,5,12,0.8,0.4666666666666667,0.3333333333333333,Curvature_Geometry,3,0.6,1.9628066316931743,0,3,0,1,1,0
1875,15,0,10,5,15,1.0,0.6666666666666666,0.3333333333333333,Turning_Dynamics,1,0.2,1.6922718656836107,1,1,1,1,0,1
1876,15,3,4,8,12,0.8,0.26666666666666666,0.5333333333333333,Curvature_Geometry,3,0.375,2.2892464285091583,3,3,0,2,0,0
1877,15,0,10,5,15,1.0,0.6666666666666666,0.3333333333333333,Turning_Dynamics,1,0.2,1.6922718656836107,1,1,1,1,0,1
1878,15,1,9,5,14,0.9333333333333333,0.6,0.3333333333333333,Curvature_Geometry,2,0.4,1.871602261409798,1,2,0,1,0,1
1879,15,1,8,6,14,0.9333333333333333,0.5333333333333333,0.4,Curvature_Geometry,2,0.3333333333333333,2.040223928941852,2,2,0,0,1,1
1880,15,1,7,7,14,0.9333333333333333,0.4666666666666667,0.4666666666666667,Speed_Dynamics,2,0.2857142857142857,2.1967916319816365,2,2,0,2,0,1
1881,15,0,10,5,15,1.0,0.6666666666666666,0.3333333333333333,Turning_Dynamics,1,0.2,1.6922718656836107,1,1,1,0,1,1
1882,15,0,15,0,15,1.0,1.0,0.0,,0,0.0,0.0,0,0,0,0,0,0
1883,15,3,6,6,12,0.8,0.4,0.4,Speed_Dynamics,3,0.5,1.9219280948873623,3,0,0,3,0,0
1884,15,1,8,6,14,0.9333333333333333,0.5333333333333333,0.4,Speed_Dynamics,2,0.3333333333333333,1.9068905956085187,2,2,0,2,0,0
1885,15,0,10,5,15,1.0,0.6666666666666666,0.3333333333333333,Temporal_Sequential_Context,1,0.2,1.6922718656836107,1,1,1,1,1,0
1886,15,6,2,7,9,0.6,0.13333333333333333,0.4666666666666667,Turning_Dynamics,4,0.5714285714285714,1.8892464285091581,0,0,3,0,0,4
1887,15,3,5,7,12,0.8,0.3333333333333333,0.4666666666666667,Turning_Dynamics,3,0.42857142857142855,2.181937063546704,0,3,0,0,1,3
1888,15,1,13,1,14,0.9333333333333333,0.8666666666666667,0.06666666666666667,Acceleration_Dynamics,1,1.0,0.6998428398862386,1,0,0,0,0,0
1889,15,3,8,4,12,0.8,0.5333333333333333,0.26666666666666666,Spatial_Reach_and_Route,2,0.5,1.7232314287976207,0,2,2,0,0,0
1890,15,6,5,4,9,0.6,0.3333333333333333,0.26666666666666666,Turning_Dynamics,4,1.0,1.5655962303576019,0,0,0,0,0,4
1891,15,1,9,5,14,0.9333333333333333,0.6,0.3333333333333333,Acceleration_Dynamics,2,0.4,1.8716022614097982,2,1,1,0,0,1
1892,15,6,4,5,9,0.6,0.26666666666666666,0.3333333333333333,Speed_Dynamics,4,0.8,1.8062389286533895,0,0,0,4,0,1
1893,15,10,0,5,5,0.3333333333333333,0.0,0.3333333333333333,Acceleration_Dynamics,5,1.0,0.9182958340544896,5,0,0,0,0,0
1894,15,0,11,4,15,1.0,0.7333333333333333,0.26666666666666666,Turning_Dynamics,1,0.25,1.3699740752745009,0,0,1,1,1,1
1895,15,3,10,2,12,0.8,0.6666666666666666,0.13333333333333333,Temporal_Sequential_Context,1,0.5,1.3752793655393791,1,0,0,0,1,0
1896,15,3,10,2,12,0.8,0.6666666666666666,0.13333333333333333,Curvature_Geometry,2,1.0,1.2419460322060458,0,2,0,0,0,0
1897,15,6,5,4,9,0.6,0.3333333333333333,0.26666666666666666,Spatial_Reach_and_Route,2,0.5,1.8322628970242687,0,2,2,0,0,0
1898,15,6,8,1,9,0.6,0.5333333333333333,0.06666666666666667,Acceleration_Dynamics,1,1.0,1.272905595320056,1,0,0,0,0,0
1899,15,10,3,2,5,0.3333333333333333,0.2,0.13333333333333333,Curvature_Geometry,2,1.0,1.2419460322060458,0,2,0,0,0,0
1900,15,6,7,2,9,0.6,0.4666666666666667,0.13333333333333333,Spatial_Reach_and_Route,2,1.0,1.4294732983598406,0,0,2,0,0,0
1901,15,6,5,4,9,0.6,0.3333333333333333,0.26666666666666666,Speed_Dynamics,2,0.5,1.8322628970242687,0,0,2,2,0,0
1902,15,0,10,5,15,1.0,0.6666666666666666,0.3333333333333333,Temporal_Sequential_Context,1,0.2,1.6922718656836107,1,1,1,1,1,0
1903,15,6,1,8,9,0.6,0.06666666666666667,0.5333333333333333,Turning_Dynamics,4,0.5,1.8062389286533895,0,4,0,0,0,4
1904,15,6,2,7,9,0.6,0.13333333333333333,0.4666666666666667,Temporal_Sequential_Context,4,0.5714285714285714,1.8892464285091581,0,0,0,0,4,3
1905,15,6,6,3,9,0.6,0.4,0.2,Curvature_Geometry,3,1.0,1.5219280948873621,0,3,0,0,0,0
1906,15,6,4,5,9,0.6,0.26666666666666666,0.3333333333333333,Temporal_Sequential_Context,3,0.6,1.8892464285091581,0,0,0,2,3,0
1907,15,6,3,6,9,0.6,0.2,0.4,Acceleration_Dynamics,4,0.6666666666666666,1.889246428509158,4,2,0,0,0,0
1908,15,1,8,6,14,0.9333333333333333,0.5333333333333333,0.4,Curvature_Geometry,2,0.3333333333333333,2.040223928941852,2,2,0,1,0,1
1909,15,0,11,4,15,1.0,0.7333333333333333,0.26666666666666666,Turning_Dynamics,1,0.25,1.3699740752745009,1,1,0,0,1,1
1910,15,6,8,1,9,0.6,0.5333333333333333,0.06666666666666667,Turning_Dynamics,1,1.0,1.272905595320056,0,0,0,0,0,1
1911,15,6,4,5,9,0.6,0.26666666666666666,0.3333333333333333,Curvature_Geometry,4,0.8,1.8062389286533893,1,4,0,0,0,0
1912,15,6,8,1,9,0.6,0.5333333333333333,0.06666666666666667,Turning_Dynamics,1,1.0,1.272905595320056,0,0,0,0,0,1
1913,15,1,11,3,14,0.9333333333333333,0.7333333333333333,0.2,Curvature_Geometry,2,0.6666666666666666,1.2366407419411674,0,2,0,0,1,0
1914,15,3,6,6,12,0.8,0.4,0.4,Turning_Dynamics,3,0.5,1.9219280948873623,0,3,0,0,0,3
1915,15,6,5,4,9,0.6,0.3333333333333333,0.26666666666666666,Temporal_Sequential_Context,4,1.0,1.565596230357602,0,0,0,0,4,0
1916,15,3,10,2,12,0.8,0.6666666666666666,0.13333333333333333,Speed_Dynamics,2,1.0,1.2419460322060458,0,0,0,2,0,0
1917,15,10,1,4,5,0.3333333333333333,0.06666666666666667,0.26666666666666666,Turning_Dynamics,4,1.0,1.158938532350277,0,0,0,0,0,4
1918,15,3,9,3,12,0.8,0.6,0.2,Temporal_Sequential_Context,1,0.3333333333333333,1.6879430945989,1,0,0,1,1,0
1919,15,3,9,3,12,0.8,0.6,0.2,Turning_Dynamics,1,0.3333333333333333,1.6879430945989,0,1,0,0,1,1
1920,15,10,1,4,5,0.3333333333333333,0.06666666666666667,0.26666666666666666,Temporal_Sequential_Context,4,1.0,1.158938532350277,0,0,0,0,4,0
1921,15,1,8,6,14,0.9333333333333333,0.5333333333333333,0.4,Temporal_Sequential_Context,2,0.3333333333333333,2.040223928941852,1,1,2,0,2,0
1922,15,10,3,2,5,0.3333333333333333,0.2,0.13333333333333333,Acceleration_Dynamics,2,1.0,1.2419460322060458,2,0,0,0,0,0
1923,15,6,3,6,9,0.6,0.2,0.4,Speed_Dynamics,3,0.5,1.9219280948873623,0,3,0,3,0,0
1924,15,6,6,3,9,0.6,0.4,0.2,Turning_Dynamics,2,0.6666666666666666,1.7055872616982601,0,1,0,0,0,2
1925,15,6,6,3,9,0.6,0.4,0.2,Speed_Dynamics,2,0.6666666666666666,1.7055872616982601,0,0,0,2,1,0
1926,15,3,8,4,12,0.8,0.5333333333333333,0.26666666666666666,Acceleration_Dynamics,3,0.75,1.6729055953200562,3,0,0,0,1,0
1927,15,1,10,4,14,0.9333333333333333,0.6666666666666666,0.26666666666666666,Turning_Dynamics,1,0.25,1.6922718656836104,0,1,1,1,0,1
1928,15,6,6,3,9,0.6,0.4,0.2,Temporal_Sequential_Context,2,0.6666666666666666,1.7055872616982601,0,0,0,1,2,0
1929,15,6,9,0,9,0.6,0.6,0.0,,0,0.0,0.9709505944546686,0,0,0,0,0,0
1930,15,10,5,0,5,0.3333333333333333,0.3333333333333333,0.0,,0,0.0,0.9182958340544896,0,0,0,0,0,0
1931,15,1,11,3,14,0.9333333333333333,0.7333333333333333,0.2,Spatial_Reach_and_Route,2,0.6666666666666666,1.2366407419411674,0,0,2,0,1,0
1932,15,6,5,4,9,0.6,0.3333333333333333,0.26666666666666666,Turning_Dynamics,4,1.0,1.5655962303576019,0,0,0,0,0,4
1933,15,1,10,4,14,0.9333333333333333,0.6666666666666666,0.26666666666666666,Turning_Dynamics,1,0.25,1.6922718656836107,0,1,0,1,1,1
1934,15,6,4,5,9,0.6,0.26666666666666666,0.3333333333333333,Temporal_Sequential_Context,4,0.8,1.8062389286533895,0,1,0,0,4,0
1935,15,3,9,3,12,0.8,0.6,0.2,Temporal_Sequential_Context,1,0.3333333333333333,1.6879430945989,0,1,0,1,1,0
1936,15,3,6,6,12,0.8,0.4,0.4,Turning_Dynamics,2,0.3333333333333333,2.155913095175825,0,2,0,0,2,2
1937,15,0,12,3,15,1.0,0.8,0.2,Temporal_Sequential_Context,1,0.3333333333333333,1.0389205950315936,0,0,1,1,1,0
1938,15,6,3,6,9,0.6,0.2,0.4,Curvature_Geometry,3,0.5,1.9219280948873623,3,3,0,0,0,0
1939,15,1,12,2,14,0.9333333333333333,0.8,0.13333333333333333,Temporal_Sequential_Context,2,1.0,0.9055872616982603,0,0,0,0,2,0
1940,15,1,12,2,14,0.9333333333333333,0.8,0.13333333333333333,Spatial_Reach_and_Route,1,0.5,1.0389205950315936,1,0,1,0,0,0
1941,15,0,10,5,15,1.0,0.6666666666666666,0.3333333333333333,Turning_Dynamics,1,0.2,1.6922718656836107,1,0,1,1,1,1
1942,15,1,12,2,14,0.9333333333333333,0.8,0.13333333333333333,Turning_Dynamics,2,1.0,0.9055872616982603,0,0,0,0,0,2
1943,15,1,8,6,14,0.9333333333333333,0.5333333333333333,0.4,Turning_Dynamics,2,0.3333333333333333,1.9068905956085187,0,0,2,2,0,2
1944,15,0,10,5,15,1.0,0.6666666666666666,0.3333333333333333,Turning_Dynamics,1,0.2,1.6922718656836104,0,1,1,1,1,1
1945,15,1,11,3,14,0.9333333333333333,0.7333333333333333,0.2,Temporal_Sequential_Context,2,0.6666666666666666,1.2366407419411674,0,0,0,0,2,1
1946,15,6,6,3,9,0.6,0.4,0.2,Temporal_Sequential_Context,3,1.0,1.5219280948873621,0,0,0,0,3,0
1947,15,3,12,0,12,0.8,0.8,0.0,,0,0.0,0.7219280948873623,0,0,0,0,0,0
1948,15,3,9,3,12,0.8,0.6,0.2,Speed_Dynamics,2,0.6666666666666666,1.5546097612655667,0,1,0,2,0,0
1949,15,1,12,2,14,0.9333333333333333,0.8,0.13333333333333333,Spatial_Reach_and_Route,1,0.5,1.0389205950315936,1,0,1,0,0,0
1950,15,0,13,2,15,1.0,0.8666666666666667,0.13333333333333333,Turning_Dynamics,1,0.5,0.6998428398862386,0,0,0,1,0,1
1951,15,3,7,5,12,0.8,0.4666666666666667,0.3333333333333333,Acceleration_Dynamics,3,0.6,1.8294732983598407,3,0,0,2,0,0
1952,15,1,7,7,14,0.9333333333333333,0.4666666666666667,0.4666666666666667,Speed_Dynamics,2,0.2857142857142857,2.1967916319816365,2,0,2,2,0,1
1953,15,15,0,0,0,0.0,0.0,0.0,,0,0.0,0.0,0,0,0,0,0,0
1954,15,3,6,6,12,0.8,0.4,0.4,Temporal_Sequential_Context,2,0.3333333333333333,2.155913095175825,2,0,2,0,2,0
1955,15,0,12,3,15,1.0,0.8,0.2,Turning_Dynamics,1,0.3333333333333333,1.0389205950315936,0,0,0,1,1,1
1956,15,6,8,1,9,0.6,0.5333333333333333,0.06666666666666667,Turning_Dynamics,1,1.0,1.272905595320056,0,0,0,0,0,1
1957,15,3,8,4,12,0.8,0.5333333333333333,0.26666666666666666,Temporal_Sequential_Context,2,0.5,1.7232314287976207,0,2,0,0,2,0
1958,15,1,10,4,14,0.9333333333333333,0.6666666666666666,0.26666666666666666,Turning_Dynamics,2,0.5,1.4256051990169436,0,0,0,0,2,2
1959,15,0,14,1,15,1.0,0.9333333333333333,0.06666666666666667,Temporal_Sequential_Context,1,1.0,0.35335933502142136,0,0,0,0,1,0
1960,15,10,3,2,5,0.3333333333333333,0.2,0.13333333333333333,Speed_Dynamics,2,1.0,1.2419460322060458,0,0,0,2,0,0
1961,15,10,5,0,5,0.3333333333333333,0.3333333333333333,0.0,,0,0.0,0.9182958340544896,0,0,0,0,0,0
1962,15,3,9,3,12,0.8,0.6,0.2,Curvature_Geometry,2,0.6666666666666666,1.5546097612655667,0,2,1,0,0,0
1963,15,6,3,6,9,0.6,0.2,0.4,Curvature_Geometry,4,0.6666666666666666,1.889246428509158,0,4,2,0,0,0
1964,15,6,3,6,9,0.6,0.2,0.4,Turning_Dynamics,3,0.5,1.9219280948873623,0,3,0,0,0,3
1965,15,1,11,3,14,0.9333333333333333,0.7333333333333333,0.2,Turning_Dynamics,1,0.3333333333333333,1.3699740752745009,0,1,0,0,1,1
1966,15,6,1,8,9,0.6,0.06666666666666667,0.5333333333333333,Temporal_Sequential_Context,4,0.5,1.8062389286533895,0,4,0,0,4,0
1967,15,6,3,6,9,0.6,0.2,0.4,Turning_Dynamics,3,0.5,1.9219280948873623,0,3,0,0,0,3
1968,15,6,4,5,9,0.6,0.26666666666666666,0.3333333333333333,Speed_Dynamics,4,0.8,1.8062389286533895,0,1,0,4,0,0
1969,15,6,6,3,9,0.6,0.4,0.2,Turning_Dynamics,2,0.6666666666666666,1.70558726169826,0,1,0,0,0,2
1970,15,3,4,8,12,0.8,0.26666666666666666,0.5333333333333333,Turning_Dynamics,3,0.375,2.2892464285091583,2,3,0,0,0,3
1971,15,1,6,8,14,0.9333333333333333,0.4,0.5333333333333333,Turning_Dynamics,2,0.25,2.339572261986723,2,2,0,0,2,2
1972,15,0,10,5,15,1.0,0.6666666666666666,0.3333333333333333,Turning_Dynamics,1,0.2,1.6922718656836107,1,1,1,0,1,1
1973,15,6,4,5,9,0.6,0.26666666666666666,0.3333333333333333,Curvature_Geometry,3,0.6,1.8892464285091581,0,3,0,0,0,2
1974,15,6,2,7,9,0.6,0.13333333333333333,0.4666666666666667,Acceleration_Dynamics,4,0.5714285714285714,1.889246428509158,4,0,0,0,3,0
1975,15,6,7,2,9,0.6,0.4666666666666667,0.13333333333333333,Temporal_Sequential_Context,1,0.5,1.5628066316931741,0,1,0,0,1,0
1976,15,6,6,3,9,0.6,0.4,0.2,Acceleration_Dynamics,3,1.0,1.5219280948873621,3,0,0,0,0,0
1977,15,3,5,7,12,0.8,0.3333333333333333,0.4666666666666667,Curvature_Geometry,3,0.42857142857142855,2.181937063546704,3,3,0,0,1,0
1978,15,6,7,2,9,0.6,0.4666666666666667,0.13333333333333333,Speed_Dynamics,1,0.5,1.5628066316931741,1,0,0,1,0,0
1979,15,6,4,5,9,0.6,0.26666666666666666,0.3333333333333333,Acceleration_Dynamics,3,0.6,1.889246428509158,3,2,0,0,0,0
1980,15,6,3,6,9,0.6,0.2,0.4,Speed_Dynamics,3,0.5,1.9219280948873623,0,3,0,3,0,0
1981,15,6,5,4,9,0.6,0.3333333333333333,0.26666666666666666,Acceleration_Dynamics,3,0.75,1.781937063546704,3,0,0,1,0,0
1982,15,1,8,6,14,0.9333333333333333,0.5333333333333333,0.4,Temporal_Sequential_Context,2,0.3333333333333333,2.040223928941852,1,1,0,2,2,0
1983,15,6,4,5,9,0.6,0.26666666666666666,0.3333333333333333,Turning_Dynamics,3,0.6,1.889246428509158,2,0,0,0,0,3
1984,15,3,12,0,12,0.8,0.8,0.0,,0,0.0,0.7219280948873623,0,0,0,0,0,0
1985,15,10,0,5,5,0.3333333333333333,0.0,0.3333333333333333,Acceleration_Dynamics,5,1.0,0.9182958340544896,5,0,0,0,0,0
1986,15,3,8,4,12,0.8,0.5333333333333333,0.26666666666666666,Temporal_Sequential_Context,2,0.5,1.7232314287976207,2,0,0,0,2,0
1987,15,6,7,2,9,0.6,0.4666666666666667,0.13333333333333333,Temporal_Sequential_Context,1,0.5,1.5628066316931741,0,0,1,0,1,0
1988,15,3,9,3,12,0.8,0.6,0.2,Acceleration_Dynamics,3,1.0,1.3709505944546687,3,0,0,0,0,0
1989,15,3,7,5,12,0.8,0.4666666666666667,0.3333333333333333,Spatial_Reach_and_Route,3,0.6,1.8294732983598407,2,0,3,0,0,0
1990,15,6,2,7,9,0.6,0.13333333333333333,0.4666666666666667,Speed_Dynamics,4,0.5714285714285714,1.8892464285091581,0,3,0,4,0,0
1991,15,3,9,3,12,0.8,0.6,0.2,Turning_Dynamics,1,0.3333333333333333,1.6879430945989,1,0,1,0,0,1
1992,15,1,8,6,14,0.9333333333333333,0.5333333333333333,0.4,Turning_Dynamics,2,0.3333333333333333,1.9068905956085187,2,0,2,0,0,2
1993,15,3,7,5,12,0.8,0.4666666666666667,0.3333333333333333,Speed_Dynamics,3,0.6,1.8294732983598407,0,2,0,3,0,0
1994,15,3,10,2,12,0.8,0.6666666666666666,0.13333333333333333,Turning_Dynamics,1,0.5,1.3752793655393791,0,0,1,0,0,1
1995,15,6,7,2,9,0.6,0.4666666666666667,0.13333333333333333,Turning_Dynamics,1,0.5,1.5628066316931741,0,1,0,0,0,1
1996,15,1,12,2,14,0.9333333333333333,0.8,0.13333333333333333,Temporal_Sequential_Context,1,0.5,1.0389205950315936,0,0,1,0,1,0
1997,15,3,8,4,12,0.8,0.5333333333333333,0.26666666666666666,Turning_Dynamics,3,0.75,1.672905595320056,0,0,0,0,1,3
1998,15,1,10,4,14,0.9333333333333333,0.6666666666666666,0.26666666666666666,Spatial_Reach_and_Route,2,0.5,1.5589385323502771,1,0,2,0,0,1
1999,15,3,7,5,12,0.8,0.4666666666666667,0.3333333333333333,Turning_Dynamics,2,0.4,2.0131324651707385,0,0,1,0,2,2
2000,15,10,2,3,5,0.3333333333333333,0.13333333333333333,0.2,Turning_Dynamics,3,1.0,1.2419460322060458,0,0,0,0,0,3
2001,15,15,0,0,0,0.0,0.0,0.0,,0,0.0,0.0,0,0,0,0,0,0
2002,15,6,3,6,9,0.6,0.2,0.4,Curvature_Geometry,3,0.5,1.9219280948873623,3,3,0,0,0,0
2003,15,10,3,2,5,0.3333333333333333,0.2,0.13333333333333333,Curvature_Geometry,2,1.0,1.2419460322060458,0,2,0,0,0,0
2004,15,6,4,5,9,0.6,0.26666666666666666,0.3333333333333333,Turning_Dynamics,4,0.8,1.8062389286533895,0,1,0,0,0,4
2005,15,3,10,2,12,0.8,0.6666666666666666,0.13333333333333333,Turning_Dynamics,1,0.5,1.3752793655393794,0,1,0,0,0,1
2006,15,6,7,2,9,0.6,0.4666666666666667,0.13333333333333333,Turning_Dynamics,1,0.5,1.5628066316931741,0,0,0,1,0,1
2007,15,3,9,3,12,0.8,0.6,0.2,Speed_Dynamics,3,1.0,1.3709505944546687,0,0,0,3,0,0
2008,15,3,12,0,12,0.8,0.8,0.0,,0,0.0,0.7219280948873623,0,0,0,0,0,0
2009,15,1,8,6,14,0.9333333333333333,0.5333333333333333,0.4,Turning_Dynamics,2,0.3333333333333333,2.040223928941852,2,1,0,0,1,2
2010,15,3,3,9,12,0.8,0.2,0.6,Temporal_Sequential_Context,3,0.3333333333333333,2.321928094887362,0,0,3,3,3,0
2011,15,1,11,3,14,0.9333333333333333,0.7333333333333333,0.2,Temporal_Sequential_Context,1,0.3333333333333333,1.3699740752745009,1,1,0,0,1,0
2012,15,1,12,2,14,0.9333333333333333,0.8,0.13333333333333333,Curvature_Geometry,2,1.0,0.9055872616982603,0,2,0,0,0,0
2013,15,1,9,5,14,0.9333333333333333,0.6,0.3333333333333333,Speed_Dynamics,2,0.4,1.7382689280764647,0,2,0,2,0,1
2014,15,10,5,0,5,0.3333333333333333,0.3333333333333333,0.0,,0,0.0,0.9182958340544896,0,0,0,0,0,0
2015,15,10,5,0,5,0.3333333333333333,0.3333333333333333,0.0,,0,0.0,0.9182958340544896,0,0,0,0,0,0
2016,15,6,5,4,9,0.6,0.3333333333333333,0.26666666666666666,Temporal_Sequential_Context,3,0.75,1.781937063546704,0,1,0,0,3,0
2017,15,6,8,1,9,0.6,0.5333333333333333,0.06666666666666667,Speed_Dynamics,1,1.0,1.272905595320056,0,0,0,1,0,0
2018,15,1,8,6,14,0.9333333333333333,0.5333333333333333,0.4,Turning_Dynamics,2,0.3333333333333333,1.9068905956085187,0,2,2,0,0,2
2019,15,1,13,1,14,0.9333333333333333,0.8666666666666667,0.06666666666666667,Curvature_Geometry,1,1.0,0.6998428398862386,0,1,0,0,0,0
2020,15,3,7,5,12,0.8,0.4666666666666667,0.3333333333333333,Speed_Dynamics,2,0.4,2.0131324651707385,0,2,0,2,1,0
2021,15,10,5,0,5,0.3333333333333333,0.3333333333333333,0.0,,0,0.0,0.9182958340544896,0,0,0,0,0,0
2022,15,3,5,7,12,0.8,0.3333333333333333,0.4666666666666667,Acceleration_Dynamics,3,0.42857142857142855,2.2322628970242686,3,0,2,0,2,0
2023,15,1,9,5,14,0.9333333333333333,0.6,0.3333333333333333,Temporal_Sequential_Context,2,0.4,1.871602261409798,0,1,1,0,2,1
2024,15,6,5,4,9,0.6,0.3333333333333333,0.26666666666666666,Speed_Dynamics,2,0.5,1.8322628970242687,0,0,2,2,0,0
2025,15,3,3,9,12,0.8,0.2,0.6,Temporal_Sequential_Context,3,0.3333333333333333,2.321928094887362,0,0,3,3,3,0
2026,15,1,8,6,14,0.9333333333333333,0.5333333333333333,0.4,Temporal_Sequential_Context,2,0.3333333333333333,1.9068905956085187,0,0,2,2,2,0
2027,15,1,9,5,14,0.9333333333333333,0.6,0.3333333333333333,Spatial_Reach_and_Route,2,0.4,1.871602261409798,1,0,2,1,1,0
2028,15,3,8,4,12,0.8,0.5333333333333333,0.26666666666666666,Spatial_Reach_and_Route,3,0.75,1.6729055953200562,0,0,3,0,1,0
2029,15,3,5,7,12,0.8,0.3333333333333333,0.4666666666666667,Temporal_Sequential_Context,3,0.42857142857142855,2.181937063546704,0,0,3,1,3,0
2030,15,1,10,4,14,0.9333333333333333,0.6666666666666666,0.26666666666666666,Temporal_Sequential_Context,2,0.5,1.4256051990169436,0,0,2,0,2,0
2031,15,6,5,4,9,0.6,0.3333333333333333,0.26666666666666666,Spatial_Reach_and_Route,3,0.75,1.781937063546704,0,0,3,0,1,0
2032,15,3,9,3,12,0.8,0.6,0.2,Acceleration_Dynamics,3,1.0,1.3709505944546687,3,0,0,0,0,0
2033,15,1,8,6,14,0.9333333333333333,0.5333333333333333,0.4,Turning_Dynamics,2,0.3333333333333333,1.9068905956085187,0,0,2,0,2,2
2034,15,1,10,4,14,0.9333333333333333,0.6666666666666666,0.26666666666666666,Turning_Dynamics,1,0.25,1.6922718656836107,1,0,1,1,0,1
2035,15,3,9,3,12,0.8,0.6,0.2,Temporal_Sequential_Context,3,1.0,1.3709505944546687,0,0,0,0,3,0
2036,15,0,14,1,15,1.0,0.9333333333333333,0.06666666666666667,Speed_Dynamics,1,1.0,0.35335933502142136,0,0,0,1,0,0
2037,15,3,6,6,12,0.8,0.4,0.4,Speed_Dynamics,3,0.5,2.1055872616982603,2,0,1,3,0,0
2038,15,6,1,8,9,0.6,0.06666666666666667,0.5333333333333333,Temporal_Sequential_Context,4,0.5,1.8062389286533895,0,0,4,0,4,0
2039,15,1,6,8,14,0.9333333333333333,0.4,0.5333333333333333,Speed_Dynamics,2,0.25,2.3395722619867225,2,2,2,2,0,0
2040,15,0,13,2,15,1.0,0.8666666666666667,0.13333333333333333,Turning_Dynamics,1,0.5,0.6998428398862386,1,0,0,0,0,1
2041,15,0,12,3,15,1.0,0.8,0.2,Turning_Dynamics,1,0.3333333333333333,1.0389205950315936,1,1,0,0,0,1
2042,15,3,4,8,12,0.8,0.26666666666666666,0.5333333333333333,Speed_Dynamics,3,0.375,2.2892464285091583,3,0,2,3,0,0
2043,15,0,10,5,15,1.0,0.6666666666666666,0.3333333333333333,Turning_Dynamics,1,0.2,1.6922718656836107,1,1,1,1,0,1
2044,15,0,15,0,15,1.0,1.0,0.0,,0,0.0,0.0,0,0,0,0,0,0
2045,15,3,6,6,12,0.8,0.4,0.4,Speed_Dynamics,2,0.3333333333333333,2.155913095175825,2,0,2,2,0,0
2046,15,1,10,4,14,0.9333333333333333,0.6666666666666666,0.26666666666666666,Turning_Dynamics,2,0.5,1.4256051990169438,0,0,2,0,0,2
2047,15,3,12,0,12,0.8,0.8,0.0,,0,0.0,0.7219280948873623,0,0,0,0,0,0
2048,15,1,14,0,14,0.9333333333333333,0.9333333333333333,0.0,,0,0.0,0.35335933502142136,0,0,0,0,0,0
2049,15,3,9,3,12,0.8,0.6,0.2,Spatial_Reach_and_Route,3,1.0,1.3709505944546687,0,0,3,0,0,0
2050,15,0,15,0,15,1.0,1.0,0.0,,0,0.0,0.0,0,0,0,0,0,0
2051,15,3,9,3,12,0.8,0.6,0.2,Curvature_Geometry,3,1.0,1.3709505944546687,0,3,0,0,0,0
2052,15,3,9,3,12,0.8,0.6,0.2,Acceleration_Dynamics,3,1.0,1.3709505944546687,3,0,0,0,0,0
2053,15,0,10,5,15,1.0,0.6666666666666666,0.3333333333333333,Turning_Dynamics,1,0.2,1.6922718656836107,1,1,0,1,1,1
2054,15,1,12,2,14,0.9333333333333333,0.8,0.13333333333333333,Turning_Dynamics,1,0.5,1.0389205950315936,1,0,0,0,0,1
2055,15,3,5,7,12,0.8,0.3333333333333333,0.4666666666666667,Spatial_Reach_and_Route,3,0.42857142857142855,2.181937063546704,0,3,3,1,0,0
2056,15,3,8,4,12,0.8,0.5333333333333333,0.26666666666666666,Temporal_Sequential_Context,2,0.5,1.7232314287976207,0,0,2,0,2,0
2057,15,1,12,2,14,0.9333333333333333,0.8,0.13333333333333333,Speed_Dynamics,1,0.5,1.0389205950315936,1,0,0,1,0,0
2058,15,3,8,4,12,0.8,0.5333333333333333,0.26666666666666666,Speed_Dynamics,3,0.75,1.6729055953200562,0,1,0,3,0,0
2059,15,1,11,3,14,0.9333333333333333,0.7333333333333333,0.2,Acceleration_Dynamics,2,0.6666666666666666,1.2366407419411674,2,0,0,0,0,1
2060,15,1,9,5,14,0.9333333333333333,0.6,0.3333333333333333,Acceleration_Dynamics,2,0.4,1.8716022614097982,2,1,1,0,0,1
2061,15,6,5,4,9,0.6,0.3333333333333333,0.26666666666666666,Turning_Dynamics,2,0.5,1.8322628970242687,0,0,0,0,2,2
2062,15,3,6,6,12,0.8,0.4,0.4,Turning_Dynamics,3,0.5,1.9219280948873623,0,3,0,0,0,3
2063,15,0,14,1,15,1.0,0.9333333333333333,0.06666666666666667,Spatial_Reach_and_Route,1,1.0,0.35335933502142136,0,0,1,0,0,0
2064,15,1,9,5,14,0.9333333333333333,0.6,0.3333333333333333,Spatial_Reach_and_Route,2,0.4,1.8716022614097982,0,0,2,1,1,1
2065,15,0,12,3,15,1.0,0.8,0.2,Turning_Dynamics,1,0.3333333333333333,1.0389205950315936,1,0,0,0,1,1
2066,15,0,12,3,15,1.0,0.8,0.2,Temporal_Sequential_Context,1,0.3333333333333333,1.0389205950315936,1,0,0,1,1,0
2067,15,3,3,9,12,0.8,0.2,0.6,Temporal_Sequential_Context,3,0.3333333333333333,2.321928094887362,3,0,0,3,3,0
2068,15,3,3,9,12,0.8,0.2,0.6,Temporal_Sequential_Context,3,0.3333333333333333,2.321928094887362,3,0,0,3,3,0
2069,15,3,6,6,12,0.8,0.4,0.4,Temporal_Sequential_Context,3,0.5,2.1055872616982603,2,0,0,1,3,0
2070,15,3,4,8,12,0.8,0.26666666666666666,0.5333333333333333,Speed_Dynamics,3,0.375,2.2892464285091583,3,0,0,3,2,0
2071,15,0,14,1,15,1.0,0.9333333333333333,0.06666666666666667,Temporal_Sequential_Context,1,1.0,0.35335933502142136,0,0,0,0,1,0
2072,15,3,4,8,12,0.8,0.26666666666666666,0.5333333333333333,Speed_Dynamics,3,0.375,2.2892464285091583,3,0,0,3,2,0
2073,15,0,14,1,15,1.0,0.9333333333333333,0.06666666666666667,Acceleration_Dynamics,1,1.0,0.35335933502142136,1,0,0,0,0,0
2074,15,1,9,5,14,0.9333333333333333,0.6,0.3333333333333333,Speed_Dynamics,2,0.4,1.871602261409798,1,0,1,2,0,1
2075,15,3,5,7,12,0.8,0.3333333333333333,0.4666666666666667,Temporal_Sequential_Context,3,0.42857142857142855,2.181937063546704,3,0,0,1,3,0
2076,15,0,12,3,15,1.0,0.8,0.2,Temporal_Sequential_Context,1,0.3333333333333333,1.0389205950315936,1,0,0,1,1,0
2077,15,1,10,4,14,0.9333333333333333,0.6666666666666666,0.26666666666666666,Speed_Dynamics,2,0.5,1.4256051990169438,2,0,0,2,0,0
2078,15,3,3,9,12,0.8,0.2,0.6,Temporal_Sequential_Context,3,0.3333333333333333,2.321928094887362,3,0,0,3,3,0
2079,15,6,1,8,9,0.6,0.06666666666666667,0.5333333333333333,Temporal_Sequential_Context,4,0.5,1.8062389286533895,0,0,4,0,4,0
2080,15,6,4,5,9,0.6,0.26666666666666666,0.3333333333333333,Temporal_Sequential_Context,4,0.8,1.8062389286533895,0,1,0,0,4,0
2081,15,15,0,0,0,0.0,0.0,0.0,,0,0.0,0.0,0,0,0,0,0,0
2082,15,6,6,3,9,0.6,0.4,0.2,Curvature_Geometry,2,0.6666666666666666,1.7055872616982601,0,2,1,0,0,0
2083,15,1,13,1,14,0.9333333333333333,0.8666666666666667,0.06666666666666667,Temporal_Sequential_Context,1,1.0,0.6998428398862386,0,0,0,0,1,0
2084,15,1,10,4,14,0.9333333333333333,0.6666666666666666,0.26666666666666666,Temporal_Sequential_Context,2,0.5,1.4256051990169438,0,0,2,0,2,0
2085,15,3,11,1,12,0.8,0.7333333333333333,0.06666666666666667,Spatial_Reach_and_Route,1,1.0,1.0529815751302694,0,0,1,0,0,0
2086,15,3,3,9,12,0.8,0.2,0.6,Spatial_Reach_and_Route,3,0.3333333333333333,2.321928094887362,3,3,3,0,0,0
2087,15,1,10,4,14,0.9333333333333333,0.6666666666666666,0.26666666666666666,Temporal_Sequential_Context,2,0.5,1.5589385323502771,0,0,1,0,2,1
2088,15,3,6,6,12,0.8,0.4,0.4,Turning_Dynamics,3,0.5,1.9219280948873623,0,3,0,0,0,3
2089,15,3,8,4,12,0.8,0.5333333333333333,0.26666666666666666,Curvature_Geometry,2,0.5,1.856564762130954,1,2,1,0,0,0
2090,15,1,13,1,14,0.9333333333333333,0.8666666666666667,0.06666666666666667,Speed_Dynamics,1,1.0,0.6998428398862386,0,0,0,1,0,0
2091,15,0,13,2,15,1.0,0.8666666666666667,0.13333333333333333,Spatial_Reach_and_Route,1,0.5,0.6998428398862386,1,0,1,0,0,0
2092,15,10,5,0,5,0.3333333333333333,0.3333333333333333,0.0,,0,0.0,0.9182958340544896,0,0,0,0,0,0
2093,15,3,4,8,12,0.8,0.26666666666666666,0.5333333333333333,Curvature_Geometry,3,0.375,2.2892464285091583,3,3,0,0,2,0
2094,15,6,5,4,9,0.6,0.3333333333333333,0.26666666666666666,Turning_Dynamics,2,0.5,1.8322628970242685,0,0,2,0,0,2
2095,15,10,5,0,5,0.3333333333333333,0.3333333333333333,0.0,,0,0.0,0.9182958340544896,0,0,0,0,0,0
2096,15,10,4,1,5,0.3333333333333333,0.26666666666666666,0.06666666666666667,Turning_Dynamics,1,1.0,1.158938532350277,0,0,0,0,0,1
2097,15,6,3,6,9,0.6,0.2,0.4,Curvature_Geometry,3,0.5,1.9219280948873623,3,3,0,0,0,0
2098,15,3,9,3,12,0.8,0.6,0.2,Turning_Dynamics,3,1.0,1.3709505944546687,0,0,0,0,0,3
2099,15,3,7,5,12,0.8,0.4666666666666667,0.3333333333333333,Turning_Dynamics,3,0.6,1.9628066316931743,0,1,0,0,1,3
2100,15,6,8,1,9,0.6,0.5333333333333333,0.06666666666666667,Curvature_Geometry,1,1.0,1.272905595320056,0,1,0,0,0,0
2101,15,3,3,9,12,0.8,0.2,0.6,Turning_Dynamics,3,0.3333333333333333,2.321928094887362,0,3,3,0,0,3
2102,15,3,8,4,12,0.8,0.5333333333333333,0.26666666666666666,Temporal_Sequential_Context,2,0.5,1.7232314287976207,0,2,0,0,2,0
2103,15,1,10,4,14,0.9333333333333333,0.6666666666666666,0.26666666666666666,Turning_Dynamics,1,0.25,1.6922718656836107,0,1,0,1,1,1
2104,15,6,7,2,9,0.6,0.4666666666666667,0.13333333333333333,Speed_Dynamics,1,0.5,1.5628066316931741,1,0,0,1,0,0
2105,15,6,5,4,9,0.6,0.3333333333333333,0.26666666666666666,Spatial_Reach_and_Route,3,0.75,1.781937063546704,1,0,3,0,0,0
2106,15,3,9,3,12,0.8,0.6,0.2,Temporal_Sequential_Context,3,1.0,1.3709505944546687,0,0,0,0,3,0
2107,15,0,15,0,15,1.0,1.0,0.0,,0,0.0,0.0,0,0,0,0,0,0
2108,15,3,3,9,12,0.8,0.2,0.6,Temporal_Sequential_Context,3,0.3333333333333333,2.321928094887362,0,3,0,3,3,0
2109,15,3,10,2,12,0.8,0.6666666666666666,0.13333333333333333,Turning_Dynamics,1,0.5,1.3752793655393791,0,0,0,1,0,1
2110,15,1,14,0,14,0.9333333333333333,0.9333333333333333,0.0,,0,0.0,0.35335933502142136,0,0,0,0,0,0
2111,15,0,14,1,15,1.0,0.9333333333333333,0.06666666666666667,Spatial_Reach_and_Route,1,1.0,0.35335933502142136,0,0,1,0,0,0
2112,15,0,12,3,15,1.0,0.8,0.2,Speed_Dynamics,1,0.3333333333333333,1.0389205950315936,1,0,1,1,0,0
2113,15,10,3,2,5,0.3333333333333333,0.2,0.13333333333333333,Acceleration_Dynamics,2,1.0,1.2419460322060458,2,0,0,0,0,0
2114,15,6,9,0,9,0.6,0.6,0.0,,0,0.0,0.9709505944546686,0,0,0,0,0,0
2115,15,0,13,2,15,1.0,0.8666666666666667,0.13333333333333333,Speed_Dynamics,1,0.5,0.6998428398862386,0,0,1,1,0,0
2116,15,6,4,5,9,0.6,0.26666666666666666,0.3333333333333333,Temporal_Sequential_Context,3,0.6,1.8892464285091581,0,2,0,0,3,0
2117,15,6,7,2,9,0.6,0.4666666666666667,0.13333333333333333,Acceleration_Dynamics,2,1.0,1.4294732983598406,2,0,0,0,0,0
2118,15,3,6,6,12,0.8,0.4,0.4,Turning_Dynamics,2,0.3333333333333333,2.155913095175825,2,0,0,0,2,2
2119,15,3,7,5,12,0.8,0.4666666666666667,0.3333333333333333,Temporal_Sequential_Context,3,0.6,1.9628066316931743,0,0,0,1,3,1
2120,15,3,3,9,12,0.8,0.2,0.6,Temporal_Sequential_Context,3,0.3333333333333333,2.321928094887362,3,0,0,3,3,0
2121,15,0,14,1,15,1.0,0.9333333333333333,0.06666666666666667,Curvature_Geometry,1,1.0,0.35335933502142136,0,1,0,0,0,0
2122,15,1,10,4,14,0.9333333333333333,0.6666666666666666,0.26666666666666666,Spatial_Reach_and_Route,2,0.5,1.4256051990169438,2,0,2,0,0,0
2123,15,0,10,5,15,1.0,0.6666666666666666,0.3333333333333333,Temporal_Sequential_Context,1,0.2,1.6922718656836107,1,1,1,1,1,0
2124,15,3,6,6,12,0.8,0.4,0.4,Spatial_Reach_and_Route,2,0.3333333333333333,2.1559130951758245,2,2,2,0,0,0
2125,15,3,10,2,12,0.8,0.6666666666666666,0.13333333333333333,Curvature_Geometry,2,1.0,1.2419460322060458,0,2,0,0,0,0
2126,15,1,13,1,14,0.9333333333333333,0.8666666666666667,0.06666666666666667,Curvature_Geometry,1,1.0,0.6998428398862386,0,1,0,0,0,0
2127,15,3,8,4,12,0.8,0.5333333333333333,0.26666666666666666,Turning_Dynamics,2,0.5,1.7232314287976205,0,2,0,0,0,2
2128,15,6,9,0,9,0.6,0.6,0.0,,0,0.0,0.9709505944546686,0,0,0,0,0,0
2129,15,3,10,2,12,0.8,0.6666666666666666,0.13333333333333333,Temporal_Sequential_Context,1,0.5,1.3752793655393791,0,0,1,0,1,0
2130,15,3,10,2,12,0.8,0.6666666666666666,0.13333333333333333,Temporal_Sequential_Context,1,0.5,1.3752793655393791,0,1,0,0,1,0
2131,15,0,11,4,15,1.0,0.7333333333333333,0.26666666666666666,Turning_Dynamics,1,0.25,1.3699740752745009,1,1,0,0,1,1
2132,15,3,9,3,12,0.8,0.6,0.2,Turning_Dynamics,2,0.6666666666666666,1.5546097612655665,0,0,0,1,0,2
2133,15,0,15,0,15,1.0,1.0,0.0,,0,0.0,0.0,0,0,0,0,0,0
2134,15,6,8,1,9,0.6,0.5333333333333333,0.06666666666666667,Acceleration_Dynamics,1,1.0,1.272905595320056,1,0,0,0,0,0
2135,15,10,4,1,5,0.3333333333333333,0.26666666666666666,0.06666666666666667,Curvature_Geometry,1,1.0,1.158938532350277,0,1,0,0,0,0
2136,15,6,5,4,9,0.6,0.3333333333333333,0.26666666666666666,Turning_Dynamics,2,0.5,1.8322628970242687,0,2,0,0,0,2
2137,15,1,14,0,14,0.9333333333333333,0.9333333333333333,0.0,,0,0.0,0.35335933502142136,0,0,0,0,0,0
2138,15,0,15,0,15,1.0,1.0,0.0,,0,0.0,0.0,0,0,0,0,0,0
2139,15,6,5,4,9,0.6,0.3333333333333333,0.26666666666666666,Speed_Dynamics,4,1.0,1.565596230357602,0,0,0,4,0,0
2140,15,3,10,2,12,0.8,0.6666666666666666,0.13333333333333333,Temporal_Sequential_Context,2,1.0,1.2419460322060458,0,0,0,0,2,0
2141,15,3,9,3,12,0.8,0.6,0.2,Spatial_Reach_and_Route,3,1.0,1.3709505944546687,0,0,3,0,0,0
2142,15,0,10,5,15,1.0,0.6666666666666666,0.3333333333333333,Temporal_Sequential_Context,1,0.2,1.6922718656836107,1,1,1,1,1,0
2143,15,1,7,7,14,0.9333333333333333,0.4666666666666667,0.4666666666666667,Temporal_Sequential_Context,2,0.2857142857142857,2.1967916319816365,2,0,2,1,2,0
2144,15,0,12,3,15,1.0,0.8,0.2,Speed_Dynamics,1,0.3333333333333333,1.0389205950315936,0,1,1,1,0,0
2145,15,6,6,3,9,0.6,0.4,0.2,Spatial_Reach_and_Route,3,1.0,1.5219280948873621,0,0,3,0,0,0
2146,15,1,10,4,14,0.9333333333333333,0.6666666666666666,0.26666666666666666,Spatial_Reach_and_Route,2,0.5,1.5589385323502771,1,0,2,1,0,0
2147,15,10,1,4,5,0.3333333333333333,0.06666666666666667,0.26666666666666666,Temporal_Sequential_Context,4,1.0,1.158938532350277,0,0,0,0,4,0
2148,15,10,1,4,5,0.3333333333333333,0.06666666666666667,0.26666666666666666,Temporal_Sequential_Context,4,1.0,1.158938532350277,0,0,0,0,4,0
2149,15,0,10,5,15,1.0,0.6666666666666666,0.3333333333333333,Turning_Dynamics,1,0.2,1.6922718656836107,1,0,1,1,1,1
2150,15,0,12,3,15,1.0,0.8,0.2,Turning_Dynamics,1,0.3333333333333333,1.0389205950315936,1,0,0,1,0,1
2151,15,0,10,5,15,1.0,0.6666666666666666,0.3333333333333333,Temporal_Sequential_Context,1,0.2,1.6922718656836107,1,1,1,1,1,0
2152,15,0,14,1,15,1.0,0.9333333333333333,0.06666666666666667,Spatial_Reach_and_Route,1,1.0,0.35335933502142136,0,0,1,0,0,0
2153,15,1,10,4,14,0.9333333333333333,0.6666666666666666,0.26666666666666666,Spatial_Reach_and_Route,2,0.5,1.5589385323502771,1,0,2,1,0,0
2154,15,0,15,0,15,1.0,1.0,0.0,,0,0.0,0.0,0,0,0,0,0,0
2155,15,1,9,5,14,0.9333333333333333,0.6,0.3333333333333333,Spatial_Reach_and_Route,2,0.4,1.871602261409798,1,0,2,1,1,0
2156,15,6,5,4,9,0.6,0.3333333333333333,0.26666666666666666,Turning_Dynamics,2,0.5,1.8322628970242685,0,0,0,0,2,2
2157,15,15,0,0,0,0.0,0.0,0.0,,0,0.0,0.0,0,0,0,0,0,0
2158,15,10,1,4,5,0.3333333333333333,0.06666666666666667,0.26666666666666666,Temporal_Sequential_Context,4,1.0,1.158938532350277,0,0,0,0,4,0
2159,15,10,3,2,5,0.3333333333333333,0.2,0.13333333333333333,Temporal_Sequential_Context,2,1.0,1.2419460322060458,0,0,0,0,2,0
2160,15,15,0,0,0,0.0,0.0,0.0,,0,0.0,0.0,0,0,0,0,0,0
2161,15,6,9,0,9,0.6,0.6,0.0,,0,0.0,0.9709505944546686,0,0,0,0,0,0
2162,15,10,3,2,5,0.3333333333333333,0.2,0.13333333333333333,Temporal_Sequential_Context,2,1.0,1.2419460322060458,0,0,0,0,2,0
2163,15,1,14,0,14,0.9333333333333333,0.9333333333333333,0.0,,0,0.0,0.35335933502142136,0,0,0,0,0,0
2164,15,3,5,7,12,0.8,0.3333333333333333,0.4666666666666667,Acceleration_Dynamics,3,0.42857142857142855,2.2322628970242686,3,2,2,0,0,0
2165,15,1,9,5,14,0.9333333333333333,0.6,0.3333333333333333,Temporal_Sequential_Context,2,0.4,1.7382689280764647,2,0,0,1,2,0
2166,15,0,13,2,15,1.0,0.8666666666666667,0.13333333333333333,Temporal_Sequential_Context,1,0.5,0.6998428398862386,0,0,1,0,1,0
2167,15,0,13,2,15,1.0,0.8666666666666667,0.13333333333333333,Temporal_Sequential_Context,1,0.5,0.6998428398862386,1,0,0,0,1,0
2168,15,0,10,5,15,1.0,0.6666666666666666,0.3333333333333333,Temporal_Sequential_Context,1,0.2,1.6922718656836107,1,1,1,1,1,0
2169,15,1,8,6,14,0.9333333333333333,0.5333333333333333,0.4,Spatial_Reach_and_Route,2,0.3333333333333333,2.040223928941852,2,1,2,1,0,0
2170,15,0,15,0,15,1.0,1.0,0.0,,0,0.0,0.0,0,0,0,0,0,0
2171,15,0,12,3,15,1.0,0.8,0.2,Temporal_Sequential_Context,1,0.3333333333333333,1.0389205950315936,1,0,0,1,1,0
2172,15,0,10,5,15,1.0,0.6666666666666666,0.3333333333333333,Temporal_Sequential_Context,1,0.2,1.6922718656836107,1,1,1,1,1,0
2173,15,1,7,7,14,0.9333333333333333,0.4666666666666667,0.4666666666666667,Temporal_Sequential_Context,2,0.2857142857142857,2.1967916319816365,1,2,2,0,2,0
2174,15,0,11,4,15,1.0,0.7333333333333333,0.26666666666666666,Temporal_Sequential_Context,1,0.25,1.3699740752745009,1,0,1,1,1,0
2175,15,0,13,2,15,1.0,0.8666666666666667,0.13333333333333333,Temporal_Sequential_Context,1,0.5,0.6998428398862386,0,0,1,0,1,0
2176,15,0,15,0,15,1.0,1.0,0.0,,0,0.0,0.0,0,0,0,0,0,0
2177,15,1,10,4,14,0.9333333333333333,0.6666666666666666,0.26666666666666666,Spatial_Reach_and_Route,2,0.5,1.4256051990169438,2,0,2,0,0,0
2178,15,3,6,6,12,0.8,0.4,0.4,Temporal_Sequential_Context,2,0.3333333333333333,2.155913095175825,2,0,2,0,2,0
2179,15,3,6,6,12,0.8,0.4,0.4,Spatial_Reach_and_Route,3,0.5,2.1055872616982603,2,0,3,0,1,0
2180,15,0,12,3,15,1.0,0.8,0.2,Temporal_Sequential_Context,1,0.3333333333333333,1.0389205950315936,1,0,1,0,1,0
2181,15,1,9,5,14,0.9333333333333333,0.6,0.3333333333333333,Temporal_Sequential_Context,2,0.4,1.871602261409798,1,0,1,1,2,0
2182,15,0,13,2,15,1.0,0.8666666666666667,0.13333333333333333,Speed_Dynamics,1,0.5,0.6998428398862386,0,0,1,1,0,0
2183,15,3,7,5,12,0.8,0.4666666666666667,0.3333333333333333,Speed_Dynamics,2,0.4,2.0131324651707385,1,0,2,2,0,0
2184,15,1,7,7,14,0.9333333333333333,0.4666666666666667,0.4666666666666667,Speed_Dynamics,2,0.2857142857142857,2.1967916319816365,2,0,2,2,1,0
2185,15,1,10,4,14,0.9333333333333333,0.6666666666666666,0.26666666666666666,Temporal_Sequential_Context,1,0.25,1.6922718656836107,1,0,1,1,1,0
2186,15,1,9,5,14,0.9333333333333333,0.6,0.3333333333333333,Speed_Dynamics,2,0.4,1.7382689280764645,1,0,2,2,0,0
2187,15,0,12,3,15,1.0,0.8,0.2,Speed_Dynamics,1,0.3333333333333333,1.0389205950315936,1,0,1,1,0,0
2188,15,1,9,5,14,0.9333333333333333,0.6,0.3333333333333333,Spatial_Reach_and_Route,2,0.4,1.871602261409798,1,0,2,1,1,0
2189,15,1,9,5,14,0.9333333333333333,0.6,0.3333333333333333,Speed_Dynamics,2,0.4,1.7382689280764645,1,0,2,2,0,0
2190,15,0,12,3,15,1.0,0.8,0.2,Speed_Dynamics,1,0.3333333333333333,1.0389205950315936,0,1,1,1,0,0
2191,15,1,9,5,14,0.9333333333333333,0.6,0.3333333333333333,Spatial_Reach_and_Route,2,0.4,1.7382689280764647,2,0,2,0,1,0
2192,15,6,5,4,9,0.6,0.3333333333333333,0.26666666666666666,Acceleration_Dynamics,4,1.0,1.565596230357602,4,0,0,0,0,0
2193,15,6,7,2,9,0.6,0.4666666666666667,0.13333333333333333,Turning_Dynamics,1,0.5,1.5628066316931741,0,0,0,0,1,1
2194,15,10,4,1,5,0.3333333333333333,0.26666666666666666,0.06666666666666667,Acceleration_Dynamics,1,1.0,1.1589385323502772,1,0,0,0,0,0
2195,15,6,5,4,9,0.6,0.3333333333333333,0.26666666666666666,Spatial_Reach_and_Route,3,0.75,1.781937063546704,0,0,3,0,0,1
2196,15,1,6,8,14,0.9333333333333333,0.4,0.5333333333333333,Turning_Dynamics,2,0.25,2.339572261986723,2,2,0,2,0,2
2197,15,0,14,1,15,1.0,0.9333333333333333,0.06666666666666667,Acceleration_Dynamics,1,1.0,0.35335933502142136,1,0,0,0,0,0
2198,15,0,15,0,15,1.0,1.0,0.0,,0,0.0,0.0,0,0,0,0,0,0
2199,15,1,6,8,14,0.9333333333333333,0.4,0.5333333333333333,Temporal_Sequential_Context,2,0.25,2.3395722619867225,2,0,2,2,2,0
2200,15,1,14,0,14,0.9333333333333333,0.9333333333333333,0.0,,0,0.0,0.35335933502142136,0,0,0,0,0,0
2201,15,1,8,6,14,0.9333333333333333,0.5333333333333333,0.4,Spatial_Reach_and_Route,2,0.3333333333333333,1.9068905956085187,2,2,2,0,0,0
2202,15,0,15,0,15,1.0,1.0,0.0,,0,0.0,0.0,0,0,0,0,0,0
2203,15,0,15,0,15,1.0,1.0,0.0,,0,0.0,0.0,0,0,0,0,0,0
2204,15,0,15,0,15,1.0,1.0,0.0,,0,0.0,0.0,0,0,0,0,0,0
2205,15,1,14,0,14,0.9333333333333333,0.9333333333333333,0.0,,0,0.0,0.35335933502142136,0,0,0,0,0,0
2206,15,0,13,2,15,1.0,0.8666666666666667,0.13333333333333333,Spatial_Reach_and_Route,1,0.5,0.6998428398862386,1,0,1,0,0,0
2207,15,0,15,0,15,1.0,1.0,0.0,,0,0.0,0.0,0,0,0,0,0,0
2208,15,1,13,1,14,0.9333333333333333,0.8666666666666667,0.06666666666666667,Curvature_Geometry,1,1.0,0.6998428398862386,0,1,0,0,0,0
2209,15,1,9,5,14,0.9333333333333333,0.6,0.3333333333333333,Spatial_Reach_and_Route,2,0.4,1.871602261409798,1,0,2,1,0,1
2210,15,1,9,5,14,0.9333333333333333,0.6,0.3333333333333333,Turning_Dynamics,2,0.4,1.7382689280764645,0,1,2,0,0,2
2211,15,3,9,3,12,0.8,0.6,0.2,Curvature_Geometry,2,0.6666666666666666,1.5546097612655665,1,2,0,0,0,0
2212,15,0,11,4,15,1.0,0.7333333333333333,0.26666666666666666,Turning_Dynamics,1,0.25,1.3699740752745009,1,0,0,1,1,1
2213,15,6,6,3,9,0.6,0.4,0.2,Temporal_Sequential_Context,2,0.6666666666666666,1.7055872616982601,1,0,0,0,2,0
2214,15,6,7,2,9,0.6,0.4666666666666667,0.13333333333333333,Turning_Dynamics,2,1.0,1.4294732983598406,0,0,0,0,0,2
2215,15,3,10,2,12,0.8,0.6666666666666666,0.13333333333333333,Spatial_Reach_and_Route,1,0.5,1.3752793655393791,1,0,1,0,0,0
2216,15,0,15,0,15,1.0,1.0,0.0,,0,0.0,0.0,0,0,0,0,0,0
2217,15,1,10,4,14,0.9333333333333333,0.6666666666666666,0.26666666666666666,Spatial_Reach_and_Route,2,0.5,1.5589385323502771,1,0,2,1,0,0
2218,15,1,14,0,14,0.9333333333333333,0.9333333333333333,0.0,,0,0.0,0.35335933502142136,0,0,0,0,0,0
2219,15,6,1,8,9,0.6,0.06666666666666667,0.5333333333333333,Turning_Dynamics,4,0.5,1.8062389286533895,0,4,0,0,0,4
2220,15,6,4,5,9,0.6,0.26666666666666666,0.3333333333333333,Curvature_Geometry,3,0.6,1.8892464285091581,0,3,0,0,2,0
2221,15,3,8,4,12,0.8,0.5333333333333333,0.26666666666666666,Turning_Dynamics,2,0.5,1.7232314287976207,0,0,0,2,0,2
2222,15,6,4,5,9,0.6,0.26666666666666666,0.3333333333333333,Spatial_Reach_and_Route,4,0.8,1.8062389286533895,0,0,4,0,0,1
2223,15,3,9,3,12,0.8,0.6,0.2,Spatial_Reach_and_Route,2,0.6666666666666666,1.5546097612655665,1,0,2,0,0,0
2224,15,3,11,1,12,0.8,0.7333333333333333,0.06666666666666667,Spatial_Reach_and_Route,1,1.0,1.0529815751302694,0,0,1,0,0,0
2225,15,6,6,3,9,0.6,0.4,0.2,Acceleration_Dynamics,2,0.6666666666666666,1.7055872616982601,2,0,1,0,0,0
2226,15,0,12,3,15,1.0,0.8,0.2,Temporal_Sequential_Context,1,0.3333333333333333,1.0389205950315936,1,0,1,0,1,0
2227,15,3,6,6,12,0.8,0.4,0.4,Temporal_Sequential_Context,2,0.3333333333333333,2.155913095175825,2,0,2,0,2,0
2228,15,6,6,3,9,0.6,0.4,0.2,Spatial_Reach_and_Route,2,0.6666666666666666,1.7055872616982601,0,0,2,1,0,0
2229,15,3,5,7,12,0.8,0.3333333333333333,0.4666666666666667,Spatial_Reach_and_Route,3,0.42857142857142855,2.181937063546704,3,0,3,1,0,0
2230,15,1,11,3,14,0.9333333333333333,0.7333333333333333,0.2,Speed_Dynamics,2,0.6666666666666666,1.2366407419411674,1,0,0,2,0,0
2231,15,0,11,4,15,1.0,0.7333333333333333,0.26666666666666666,Turning_Dynamics,1,0.25,1.3699740752745009,0,1,0,1,1,1
2232,15,3,10,2,12,0.8,0.6666666666666666,0.13333333333333333,Temporal_Sequential_Context,1,0.5,1.3752793655393791,0,0,1,0,1,0
2233,15,0,15,0,15,1.0,1.0,0.0,,0,0.0,0.0,0,0,0,0,0,0
2234,15,0,15,0,15,1.0,1.0,0.0,,0,0.0,0.0,0,0,0,0,0,0
2235,15,1,10,4,14,0.9333333333333333,0.6666666666666666,0.26666666666666666,Spatial_Reach_and_Route,2,0.5,1.4256051990169438,2,0,2,0,0,0
2236,15,0,12,3,15,1.0,0.8,0.2,Spatial_Reach_and_Route,1,0.3333333333333333,1.0389205950315936,1,1,1,0,0,0
2237,15,1,10,4,14,0.9333333333333333,0.6666666666666666,0.26666666666666666,Speed_Dynamics,1,0.25,1.6922718656836107,1,1,1,1,0,0
2238,15,3,5,7,12,0.8,0.3333333333333333,0.4666666666666667,Turning_Dynamics,3,0.42857142857142855,2.181937063546704,1,0,0,3,0,3
2239,15,6,5,4,9,0.6,0.3333333333333333,0.26666666666666666,Temporal_Sequential_Context,4,1.0,1.5655962303576019,0,0,0,0,4,0
2240,15,1,9,5,14,0.9333333333333333,0.6,0.3333333333333333,Turning_Dynamics,2,0.4,1.7382689280764647,2,0,1,0,0,2
2241,15,6,5,4,9,0.6,0.3333333333333333,0.26666666666666666,Turning_Dynamics,3,0.75,1.781937063546704,0,0,1,0,0,3
2242,15,1,10,4,14,0.9333333333333333,0.6666666666666666,0.26666666666666666,Temporal_Sequential_Context,1,0.25,1.6922718656836107,1,0,1,1,1,0
2243,15,1,9,5,14,0.9333333333333333,0.6,0.3333333333333333,Curvature_Geometry,2,0.4,1.7382689280764647,2,2,1,0,0,0
2244,15,1,9,5,14,0.9333333333333333,0.6,0.3333333333333333,Turning_Dynamics,2,0.4,1.7382689280764647,0,2,1,0,0,2
2245,15,0,15,0,15,1.0,1.0,0.0,,0,0.0,0.0,0,0,0,0,0,0
2246,15,1,11,3,14,0.9333333333333333,0.7333333333333333,0.2,Spatial_Reach_and_Route,1,0.3333333333333333,1.3699740752745009,1,1,1,0,0,0
2247,15,0,15,0,15,1.0,1.0,0.0,,0,0.0,0.0,0,0,0,0,0,0
2248,15,0,11,4,15,1.0,0.7333333333333333,0.26666666666666666,Turning_Dynamics,1,0.25,1.3699740752745009,1,1,1,0,0,1
2249,15,6,8,1,9,0.6,0.5333333333333333,0.06666666666666667,Acceleration_Dynamics,1,1.0,1.272905595320056,1,0,0,0,0,0
2250,15,10,3,2,5,0.3333333333333333,0.2,0.13333333333333333,Spatial_Reach_and_Route,2,1.0,1.2419460322060458,0,0,2,0,0,0
2251,15,3,11,1,12,0.8,0.7333333333333333,0.06666666666666667,Acceleration_Dynamics,1,1.0,1.0529815751302694,1,0,0,0,0,0
2252,15,6,7,2,9,0.6,0.4666666666666667,0.13333333333333333,Spatial_Reach_and_Route,1,0.5,1.562806631693174,0,1,1,0,0,0
2253,15,1,7,7,14,0.9333333333333333,0.4666666666666667,0.4666666666666667,Speed_Dynamics,2,0.2857142857142857,2.1967916319816365,2,1,2,2,0,0
2254,15,3,6,6,12,0.8,0.4,0.4,Temporal_Sequential_Context,3,0.5,1.9219280948873623,0,0,3,0,3,0
2255,15,6,5,4,9,0.6,0.3333333333333333,0.26666666666666666,Turning_Dynamics,2,0.5,1.8322628970242687,0,0,0,2,0,2
2256,15,10,4,1,5,0.3333333333333333,0.26666666666666666,0.06666666666666667,Temporal_Sequential_Context,1,1.0,1.158938532350277,0,0,0,0,1,0
2257,15,1,9,5,14,0.9333333333333333,0.6,0.3333333333333333,Speed_Dynamics,2,0.4,1.7382689280764647,0,2,0,2,0,1
2258,15,6,5,4,9,0.6,0.3333333333333333,0.26666666666666666,Speed_Dynamics,2,0.5,1.8322628970242685,0,0,2,2,0,0
2259,15,10,4,1,5,0.3333333333333333,0.26666666666666666,0.06666666666666667,Spatial_Reach_and_Route,1,1.0,1.158938532350277,0,0,1,0,0,0
2260,15,0,11,4,15,1.0,0.7333333333333333,0.26666666666666666,Temporal_Sequential_Context,1,0.25,1.3699740752745009,1,1,1,0,1,0
2261,15,15,0,0,0,0.0,0.0,0.0,,0,0.0,0.0,0,0,0,0,0,0
2262,15,6,6,3,9,0.6,0.4,0.2,Temporal_Sequential_Context,2,0.6666666666666666,1.7055872616982601,0,0,0,0,2,1
2263,15,6,8,1,9,0.6,0.5333333333333333,0.06666666666666667,Temporal_Sequential_Context,1,1.0,1.272905595320056,0,0,0,0,1,0
2264,15,0,11,4,15,1.0,0.7333333333333333,0.26666666666666666,Turning_Dynamics,1,0.25,1.3699740752745009,0,1,0,1,1,1
2265,15,10,3,2,5,0.3333333333333333,0.2,0.13333333333333333,Spatial_Reach_and_Route,2,1.0,1.2419460322060458,0,0,2,0,0,0
2266,15,10,1,4,5,0.3333333333333333,0.06666666666666667,0.26666666666666666,Turning_Dynamics,4,1.0,1.158938532350277,0,0,0,0,0,4
2267,15,15,0,0,0,0.0,0.0,0.0,,0,0.0,0.0,0,0,0,0,0,0
2268,15,10,5,0,5,0.3333333333333333,0.3333333333333333,0.0,,0,0.0,0.9182958340544896,0,0,0,0,0,0
2269,15,3,10,2,12,0.8,0.6666666666666666,0.13333333333333333,Temporal_Sequential_Context,2,1.0,1.2419460322060458,0,0,0,0,2,0
2270,15,6,6,3,9,0.6,0.4,0.2,Acceleration_Dynamics,3,1.0,1.5219280948873621,3,0,0,0,0,0
2271,15,1,10,4,14,0.9333333333333333,0.6666666666666666,0.26666666666666666,Curvature_Geometry,2,0.5,1.5589385323502774,0,2,1,0,1,0
2272,15,6,2,7,9,0.6,0.13333333333333333,0.4666666666666667,Acceleration_Dynamics,4,0.5714285714285714,1.889246428509158,4,0,0,0,3,0
2273,15,6,4,5,9,0.6,0.26666666666666666,0.3333333333333333,Turning_Dynamics,3,0.6,1.889246428509158,2,0,0,0,0,3
2274,15,6,3,6,9,0.6,0.2,0.4,Turning_Dynamics,3,0.5,1.9219280948873623,0,0,0,0,3,3
2275,15,6,6,3,9,0.6,0.4,0.2,Temporal_Sequential_Context,2,0.6666666666666666,1.7055872616982601,0,0,0,0,2,1
2276,15,3,5,7,12,0.8,0.3333333333333333,0.4666666666666667,Spatial_Reach_and_Route,3,0.42857142857142855,2.181937063546704,0,3,3,0,0,1
2277,15,0,14,1,15,1.0,0.9333333333333333,0.06666666666666667,Spatial_Reach_and_Route,1,1.0,0.35335933502142136,0,0,1,0,0,0
2278,15,3,3,9,12,0.8,0.2,0.6,Turning_Dynamics,3,0.3333333333333333,2.321928094887362,3,0,0,3,0,3
2279,15,0,11,4,15,1.0,0.7333333333333333,0.26666666666666666,Speed_Dynamics,1,0.25,1.3699740752745009,1,1,1,1,0,0
2280,15,1,12,2,14,0.9333333333333333,0.8,0.13333333333333333,Temporal_Sequential_Context,1,0.5,1.0389205950315936,1,0,0,0,1,0
2281,15,10,3,2,5,0.3333333333333333,0.2,0.13333333333333333,Turning_Dynamics,2,1.0,1.2419460322060458,0,0,0,0,0,2
2282,15,3,8,4,12,0.8,0.5333333333333333,0.26666666666666666,Turning_Dynamics,2,0.5,1.7232314287976207,0,0,2,0,0,2
2283,15,0,10,5,15,1.0,0.6666666666666666,0.3333333333333333,Turning_Dynamics,1,0.2,1.6922718656836107,1,0,1,1,1,1
2284,15,3,6,6,12,0.8,0.4,0.4,Speed_Dynamics,3,0.5,1.9219280948873623,3,0,0,3,0,0
2285,15,0,12,3,15,1.0,0.8,0.2,Turning_Dynamics,1,0.3333333333333333,1.0389205950315936,0,1,0,1,0,1
2286,15,6,3,6,9,0.6,0.2,0.4,Temporal_Sequential_Context,3,0.5,1.9219280948873623,3,0,0,0,3,0
2287,15,3,6,6,12,0.8,0.4,0.4,Turning_Dynamics,3,0.5,2.1055872616982603,0,1,0,2,0,3
2288,15,10,3,2,5,0.3333333333333333,0.2,0.13333333333333333,Turning_Dynamics,2,1.0,1.2419460322060458,0,0,0,0,0,2
2289,15,0,11,4,15,1.0,0.7333333333333333,0.26666666666666666,Turning_Dynamics,1,0.25,1.3699740752745009,0,1,1,1,0,1
2290,15,1,9,5,14,0.9333333333333333,0.6,0.3333333333333333,Temporal_Sequential_Context,2,0.4,1.871602261409798,1,0,1,1,2,0
2291,15,0,10,5,15,1.0,0.6666666666666666,0.3333333333333333,Temporal_Sequential_Context,1,0.2,1.6922718656836107,1,1,1,1,1,0
2292,15,0,14,1,15,1.0,0.9333333333333333,0.06666666666666667,Temporal_Sequential_Context,1,1.0,0.35335933502142136,0,0,0,0,1,0
2293,15,3,8,4,12,0.8,0.5333333333333333,0.26666666666666666,Temporal_Sequential_Context,2,0.5,1.7232314287976207,0,0,2,0,2,0
2294,15,0,15,0,15,1.0,1.0,0.0,,0,0.0,0.0,0,0,0,0,0,0
2295,15,0,15,0,15,1.0,1.0,0.0,,0,0.0,0.0,0,0,0,0,0,0
2296,15,0,14,1,15,1.0,0.9333333333333333,0.06666666666666667,Turning_Dynamics,1,1.0,0.35335933502142136,0,0,0,0,0,1
2297,15,3,6,6,12,0.8,0.4,0.4,Temporal_Sequential_Context,2,0.3333333333333333,2.155913095175825,0,0,2,2,2,0
2298,15,0,12,3,15,1.0,0.8,0.2,Temporal_Sequential_Context,1,0.3333333333333333,1.0389205950315936,0,0,1,1,1,0
2299,15,0,15,0,15,1.0,1.0,0.0,,0,0.0,0.0,0,0,0,0,0,0
2300,15,1,9,5,14,0.9333333333333333,0.6,0.3333333333333333,Spatial_Reach_and_Route,2,0.4,1.871602261409798,1,1,2,1,0,0
2301,15,1,12,2,14,0.9333333333333333,0.8,0.13333333333333333,Temporal_Sequential_Context,1,0.5,1.0389205950315936,0,0,1,0,1,0
2302,15,0,15,0,15,1.0,1.0,0.0,,0,0.0,0.0,0,0,0,0,0,0
2303,15,6,5,4,9,0.6,0.3333333333333333,0.26666666666666666,Turning_Dynamics,3,0.75,1.781937063546704,1,0,0,0,0,3
2304,15,6,8,1,9,0.6,0.5333333333333333,0.06666666666666667,Curvature_Geometry,1,1.0,1.272905595320056,0,1,0,0,0,0
2305,15,10,2,3,5,0.3333333333333333,0.13333333333333333,0.2,Curvature_Geometry,3,1.0,1.2419460322060458,0,3,0,0,0,0
2306,15,0,15,0,15,1.0,1.0,0.0,,0,0.0,0.0,0,0,0,0,0,0
2307,15,0,15,0,15,1.0,1.0,0.0,,0,0.0,0.0,0,0,0,0,0,0
2308,15,0,10,5,15,1.0,0.6666666666666666,0.3333333333333333,Turning_Dynamics,1,0.2,1.6922718656836104,0,1,1,1,1,1
2309,15,0,10,5,15,1.0,0.6666666666666666,0.3333333333333333,Turning_Dynamics,1,0.2,1.6922718656836107,1,1,1,1,0,1
2310,15,0,10,5,15,1.0,0.6666666666666666,0.3333333333333333,Temporal_Sequential_Context,1,0.2,1.6922718656836107,1,1,1,1,1,0
2311,15,1,12,2,14,0.9333333333333333,0.8,0.13333333333333333,Spatial_Reach_and_Route,1,0.5,1.0389205950315936,1,0,1,0,0,0
2312,15,0,10,5,15,1.0,0.6666666666666666,0.3333333333333333,Temporal_Sequential_Context,1,0.2,1.6922718656836107,1,1,1,1,1,0
2313,15,3,4,8,12,0.8,0.26666666666666666,0.5333333333333333,Spatial_Reach_and_Route,3,0.375,2.2892464285091583,3,2,3,0,0,0
2314,15,0,11,4,15,1.0,0.7333333333333333,0.26666666666666666,Temporal_Sequential_Context,1,0.25,1.3699740752745009,1,1,1,0,1,0
2315,15,0,12,3,15,1.0,0.8,0.2,Temporal_Sequential_Context,1,0.3333333333333333,1.0389205950315936,1,0,1,0,1,0
2316,15,1,13,1,14,0.9333333333333333,0.8666666666666667,0.06666666666666667,Turning_Dynamics,1,1.0,0.6998428398862386,0,0,0,0,0,1
2317,15,0,15,0,15,1.0,1.0,0.0,,0,0.0,0.0,0,0,0,0,0,0
2318,15,6,3,6,9,0.6,0.2,0.4,Turning_Dynamics,3,0.5,1.9219280948873623,0,0,0,3,0,3
2319,15,6,3,6,9,0.6,0.2,0.4,Temporal_Sequential_Context,3,0.5,1.9219280948873623,0,0,3,0,3,0
2320,15,3,8,4,12,0.8,0.5333333333333333,0.26666666666666666,Speed_Dynamics,3,0.75,1.6729055953200562,0,1,0,3,0,0
2321,15,3,6,6,12,0.8,0.4,0.4,Speed_Dynamics,3,0.5,1.9219280948873623,0,0,3,3,0,0
2322,15,3,6,6,12,0.8,0.4,0.4,Speed_Dynamics,3,0.5,2.1055872616982603,0,1,0,3,0,2
2323,15,10,0,5,5,0.3333333333333333,0.0,0.3333333333333333,Speed_Dynamics,5,1.0,0.9182958340544896,0,0,0,5,0,0
2324,15,1,6,8,14,0.9333333333333333,0.4,0.5333333333333333,Turning_Dynamics,2,0.25,2.3395722619867225,0,2,0,2,2,2
2325,15,10,0,5,5,0.3333333333333333,0.0,0.3333333333333333,Speed_Dynamics,5,1.0,0.9182958340544896,0,0,0,5,0,0
2326,15,1,11,3,14,0.9333333333333333,0.7333333333333333,0.2,Turning_Dynamics,2,0.6666666666666666,1.2366407419411674,0,0,1,0,0,2
2327,15,0,15,0,15,1.0,1.0,0.0,,0,0.0,0.0,0,0,0,0,0,0
2328,15,0,15,0,15,1.0,1.0,0.0,,0,0.0,0.0,0,0,0,0,0,0
2329,15,3,6,6,12,0.8,0.4,0.4,Spatial_Reach_and_Route,3,0.5,2.1055872616982603,1,0,3,2,0,0
2330,15,0,10,5,15,1.0,0.6666666666666666,0.3333333333333333,Temporal_Sequential_Context,1,0.2,1.6922718656836107,1,1,1,1,1,0
2331,15,1,8,6,14,0.9333333333333333,0.5333333333333333,0.4,Temporal_Sequential_Context,2,0.3333333333333333,2.040223928941852,0,0,1,2,2,1
2332,15,0,15,0,15,1.0,1.0,0.0,,0,0.0,0.0,0,0,0,0,0,0
2333,15,0,11,4,15,1.0,0.7333333333333333,0.26666666666666666,Temporal_Sequential_Context,1,0.25,1.3699740752745009,1,0,1,1,1,0
2334,15,1,10,4,14,0.9333333333333333,0.6666666666666666,0.26666666666666666,Spatial_Reach_and_Route,2,0.5,1.4256051990169438,2,0,2,0,0,0
2335,15,0,11,4,15,1.0,0.7333333333333333,0.26666666666666666,Temporal_Sequential_Context,1,0.25,1.3699740752745009,1,0,1,1,1,0
2336,15,15,0,0,0,0.0,0.0,0.0,,0,0.0,0.0,0,0,0,0,0,0
2337,15,15,0,0,0,0.0,0.0,0.0,,0,0.0,0.0,0,0,0,0,0,0
2338,15,10,5,0,5,0.3333333333333333,0.3333333333333333,0.0,,0,0.0,0.9182958340544896,0,0,0,0,0,0
2339,15,1,14,0,14,0.9333333333333333,0.9333333333333333,0.0,,0,0.0,0.35335933502142136,0,0,0,0,0,0
2340,15,10,4,1,5,0.3333333333333333,0.26666666666666666,0.06666666666666667,Temporal_Sequential_Context,1,1.0,1.158938532350277,0,0,0,0,1,0
2341,15,6,8,1,9,0.6,0.5333333333333333,0.06666666666666667,Acceleration_Dynamics,1,1.0,1.272905595320056,1,0,0,0,0,0
2342,15,3,10,2,12,0.8,0.6666666666666666,0.13333333333333333,Turning_Dynamics,2,1.0,1.2419460322060458,0,0,0,0,0,2
2343,15,10,1,4,5,0.3333333333333333,0.06666666666666667,0.26666666666666666,Turning_Dynamics,4,1.0,1.158938532350277,0,0,0,0,0,4
2344,15,15,0,0,0,0.0,0.0,0.0,,0,0.0,0.0,0,0,0,0,0,0
2345,15,6,7,2,9,0.6,0.4666666666666667,0.13333333333333333,Turning_Dynamics,2,1.0,1.4294732983598406,0,0,0,0,0,2
2346,15,6,5,4,9,0.6,0.3333333333333333,0.26666666666666666,Speed_Dynamics,3,0.75,1.781937063546704,0,1,0,3,0,0
2347,15,6,6,3,9,0.6,0.4,0.2,Spatial_Reach_and_Route,3,1.0,1.5219280948873621,0,0,3,0,0,0
2348,15,10,1,4,5,0.3333333333333333,0.06666666666666667,0.26666666666666666,Turning_Dynamics,4,1.0,1.158938532350277,0,0,0,0,0,4
2349,15,10,5,0,5,0.3333333333333333,0.3333333333333333,0.0,,0,0.0,0.9182958340544896,0,0,0,0,0,0
2350,15,10,5,0,5,0.3333333333333333,0.3333333333333333,0.0,,0,0.0,0.9182958340544896,0,0,0,0,0,0
2351,15,10,3,2,5,0.3333333333333333,0.2,0.13333333333333333,Turning_Dynamics,2,1.0,1.2419460322060458,0,0,0,0,0,2
2352,15,15,0,0,0,0.0,0.0,0.0,,0,0.0,0.0,0,0,0,0,0,0
2353,15,6,5,4,9,0.6,0.3333333333333333,0.26666666666666666,Acceleration_Dynamics,3,0.75,1.781937063546704,3,1,0,0,0,0
2354,15,10,4,1,5,0.3333333333333333,0.26666666666666666,0.06666666666666667,Curvature_Geometry,1,1.0,1.158938532350277,0,1,0,0,0,0
2355,15,10,0,5,5,0.3333333333333333,0.0,0.3333333333333333,Turning_Dynamics,5,1.0,0.9182958340544896,0,0,0,0,0,5
2356,15,0,12,3,15,1.0,0.8,0.2,Speed_Dynamics,1,0.3333333333333333,1.0389205950315936,1,0,1,1,0,0
2357,15,6,6,3,9,0.6,0.4,0.2,Curvature_Geometry,3,1.0,1.5219280948873621,0,3,0,0,0,0
2358,15,3,8,4,12,0.8,0.5333333333333333,0.26666666666666666,Turning_Dynamics,2,0.5,1.856564762130954,1,1,0,0,0,2
2359,15,3,10,2,12,0.8,0.6666666666666666,0.13333333333333333,Turning_Dynamics,1,0.5,1.3752793655393791,0,0,1,0,0,1
2360,15,1,11,3,14,0.9333333333333333,0.7333333333333333,0.2,Speed_Dynamics,1,0.3333333333333333,1.3699740752745009,1,0,1,1,0,0
2361,15,1,7,7,14,0.9333333333333333,0.4666666666666667,0.4666666666666667,Turning_Dynamics,2,0.2857142857142857,2.196791631981637,2,1,2,0,0,2
2362,15,6,7,2,9,0.6,0.4666666666666667,0.13333333333333333,Turning_Dynamics,1,0.5,1.5628066316931741,0,1,0,0,0,1
2363,15,1,9,5,14,0.9333333333333333,0.6,0.3333333333333333,Spatial_Reach_and_Route,2,0.4,1.871602261409798,1,0,2,0,1,1
2364,15,3,7,5,12,0.8,0.4666666666666667,0.3333333333333333,Speed_Dynamics,3,0.6,1.8294732983598405,0,0,2,3,0,0
2365,15,1,9,5,14,0.9333333333333333,0.6,0.3333333333333333,Speed_Dynamics,2,0.4,1.7382689280764647,0,0,2,2,1,0
2366,15,3,10,2,12,0.8,0.6666666666666666,0.13333333333333333,Temporal_Sequential_Context,1,0.5,1.3752793655393791,1,0,0,0,1,0
2367,15,3,8,4,12,0.8,0.5333333333333333,0.26666666666666666,Acceleration_Dynamics,3,0.75,1.672905595320056,3,1,0,0,0,0
2368,15,3,3,9,12,0.8,0.2,0.6,Speed_Dynamics,3,0.3333333333333333,2.321928094887362,3,3,0,3,0,0
2369,15,3,5,7,12,0.8,0.3333333333333333,0.4666666666666667,Turning_Dynamics,3,0.42857142857142855,2.2322628970242686,2,2,0,0,0,3
2370,15,1,7,7,14,0.9333333333333333,0.4666666666666667,0.4666666666666667,Turning_Dynamics,2,0.2857142857142857,2.1967916319816365,0,0,1,2,2,2
2371,15,3,10,2,12,0.8,0.6666666666666666,0.13333333333333333,Spatial_Reach_and_Route,2,1.0,1.2419460322060458,0,0,2,0,0,0
2372,15,0,15,0,15,1.0,1.0,0.0,,0,0.0,0.0,0,0,0,0,0,0
2373,15,1,10,4,14,0.9333333333333333,0.6666666666666666,0.26666666666666666,Spatial_Reach_and_Route,2,0.5,1.5589385323502771,1,0,2,0,1,0
2374,15,0,11,4,15,1.0,0.7333333333333333,0.26666666666666666,Turning_Dynamics,1,0.25,1.3699740752745009,1,0,1,0,1,1
2375,15,0,15,0,15,1.0,1.0,0.0,,0,0.0,0.0,0,0,0,0,0,0
2376,15,0,14,1,15,1.0,0.9333333333333333,0.06666666666666667,Acceleration_Dynamics,1,1.0,0.35335933502142136,1,0,0,0,0,0
2377,15,1,8,6,14,0.9333333333333333,0.5333333333333333,0.4,Temporal_Sequential_Context,2,0.3333333333333333,2.040223928941852,1,0,2,1,2,0
2378,15,1,12,2,14,0.9333333333333333,0.8,0.13333333333333333,Speed_Dynamics,1,0.5,1.0389205950315936,0,0,1,1,0,0
2379,15,0,15,0,15,1.0,1.0,0.0,,0,0.0,0.0,0,0,0,0,0,0
2380,15,1,12,2,14,0.9333333333333333,0.8,0.13333333333333333,Spatial_Reach_and_Route,1,0.5,1.0389205950315936,1,0,1,0,0,0
2381,15,6,6,3,9,0.6,0.4,0.2,Speed_Dynamics,3,1.0,1.5219280948873621,0,0,0,3,0,0
2382,15,0,15,0,15,1.0,1.0,0.0,,0,0.0,0.0,0,0,0,0,0,0
2383,15,6,4,5,9,0.6,0.26666666666666666,0.3333333333333333,Turning_Dynamics,3,0.6,1.889246428509158,2,0,0,0,0,3
2384,15,1,10,4,14,0.9333333333333333,0.6666666666666666,0.26666666666666666,Turning_Dynamics,2,0.5,1.4256051990169436,0,0,0,0,2,2
2385,15,3,12,0,12,0.8,0.8,0.0,,0,0.0,0.7219280948873623,0,0,0,0,0,0
2386,15,3,9,3,12,0.8,0.6,0.2,Speed_Dynamics,3,1.0,1.3709505944546687,0,0,0,3,0,0
2387,15,3,5,7,12,0.8,0.3333333333333333,0.4666666666666667,Curvature_Geometry,3,0.42857142857142855,2.1819370635467044,3,3,0,1,0,0
2388,15,6,5,4,9,0.6,0.3333333333333333,0.26666666666666666,Speed_Dynamics,4,1.0,1.5655962303576019,0,0,0,4,0,0
2389,15,1,8,6,14,0.9333333333333333,0.5333333333333333,0.4,Temporal_Sequential_Context,2,0.3333333333333333,1.9068905956085187,0,0,2,2,2,0
2390,15,15,0,0,0,0.0,0.0,0.0,,0,0.0,0.0,0,0,0,0,0,0
2391,15,6,8,1,9,0.6,0.5333333333333333,0.06666666666666667,Turning_Dynamics,1,1.0,1.272905595320056,0,0,0,0,0,1
2392,15,15,0,0,0,0.0,0.0,0.0,,0,0.0,0.0,0,0,0,0,0,0
2393,15,1,10,4,14,0.9333333333333333,0.6666666666666666,0.26666666666666666,Turning_Dynamics,2,0.5,1.4256051990169436,0,0,0,2,0,2
2394,15,3,9,3,12,0.8,0.6,0.2,Speed_Dynamics,3,1.0,1.3709505944546687,0,0,0,3,0,0
2395,15,6,5,4,9,0.6,0.3333333333333333,0.26666666666666666,Acceleration_Dynamics,3,0.75,1.781937063546704,3,0,1,0,0,0
2396,15,10,3,2,5,0.3333333333333333,0.2,0.13333333333333333,Turning_Dynamics,2,1.0,1.2419460322060458,0,0,0,0,0,2
2397,15,10,1,4,5,0.3333333333333333,0.06666666666666667,0.26666666666666666,Acceleration_Dynamics,4,1.0,1.1589385323502772,4,0,0,0,0,0
2398,15,3,9,3,12,0.8,0.6,0.2,Speed_Dynamics,3,1.0,1.3709505944546687,0,0,0,3,0,0
2399,15,6,7,2,9,0.6,0.4666666666666667,0.13333333333333333,Speed_Dynamics,2,1.0,1.4294732983598406,0,0,0,2,0,0
2400,15,6,8,1,9,0.6,0.5333333333333333,0.06666666666666667,Speed_Dynamics,1,1.0,1.272905595320056,0,0,0,1,0,0
2401,15,10,1,4,5,0.3333333333333333,0.06666666666666667,0.26666666666666666,Acceleration_Dynamics,4,1.0,1.1589385323502772,4,0,0,0,0,0
2402,15,6,6,3,9,0.6,0.4,0.2,Turning_Dynamics,2,0.6666666666666666,1.70558726169826,0,0,1,0,0,2
2403,15,3,7,5,12,0.8,0.4666666666666667,0.3333333333333333,Acceleration_Dynamics,3,0.6,1.8294732983598407,3,0,0,2,0,0
2404,15,3,8,4,12,0.8,0.5333333333333333,0.26666666666666666,Speed_Dynamics,3,0.75,1.6729055953200562,0,0,0,3,0,1
2405,15,1,10,4,14,0.9333333333333333,0.6666666666666666,0.26666666666666666,Turning_Dynamics,2,0.5,1.4256051990169438,2,0,0,0,0,2
2406,15,3,3,9,12,0.8,0.2,0.6,Turning_Dynamics,3,0.3333333333333333,2.321928094887362,3,3,0,0,0,3
2407,15,1,6,8,14,0.9333333333333333,0.4,0.5333333333333333,Turning_Dynamics,2,0.25,2.339572261986723,2,0,0,2,2,2
2408,15,1,10,4,14,0.9333333333333333,0.6666666666666666,0.26666666666666666,Temporal_Sequential_Context,1,0.25,1.6922718656836107,1,0,1,1,1,0
2409,15,1,12,2,14,0.9333333333333333,0.8,0.13333333333333333,Speed_Dynamics,1,0.5,1.0389205950315936,0,0,1,1,0,0
2410,15,6,7,2,9,0.6,0.4666666666666667,0.13333333333333333,Spatial_Reach_and_Route,2,1.0,1.4294732983598406,0,0,2,0,0,0
2411,15,0,15,0,15,1.0,1.0,0.0,,0,0.0,0.0,0,0,0,0,0,0
2412,15,0,11,4,15,1.0,0.7333333333333333,0.26666666666666666,Turning_Dynamics,1,0.25,1.3699740752745009,1,0,1,1,0,1
2413,15,1,14,0,14,0.9333333333333333,0.9333333333333333,0.0,,0,0.0,0.35335933502142136,0,0,0,0,0,0
2414,15,1,9,5,14,0.9333333333333333,0.6,0.3333333333333333,Turning_Dynamics,2,0.4,1.871602261409798,1,0,1,1,0,2
2415,15,1,14,0,14,0.9333333333333333,0.9333333333333333,0.0,,0,0.0,0.35335933502142136,0,0,0,0,0,0
2416,15,0,15,0,15,1.0,1.0,0.0,,0,0.0,0.0,0,0,0,0,0,0
2417,15,1,13,1,14,0.9333333333333333,0.8666666666666667,0.06666666666666667,Spatial_Reach_and_Route,1,1.0,0.6998428398862386,0,0,1,0,0,0
2418,15,3,9,3,12,0.8,0.6,0.2,Spatial_Reach_and_Route,2,0.6666666666666666,1.5546097612655665,0,1,2,0,0,0
2419,15,3,10,2,12,0.8,0.6666666666666666,0.13333333333333333,Turning_Dynamics,1,0.5,1.3752793655393791,1,0,0,0,0,1
2420,15,1,11,3,14,0.9333333333333333,0.7333333333333333,0.2,Temporal_Sequential_Context,1,0.3333333333333333,1.3699740752745009,0,0,1,1,1,0
2421,15,0,14,1,15,1.0,0.9333333333333333,0.06666666666666667,Spatial_Reach_and_Route,1,1.0,0.35335933502142136,0,0,1,0,0,0
2422,15,6,9,0,9,0.6,0.6,0.0,,0,0.0,0.9709505944546686,0,0,0,0,0,0
2423,15,0,10,5,15,1.0,0.6666666666666666,0.3333333333333333,Turning_Dynamics,1,0.2,1.6922718656836107,1,0,1,1,1,1
2424,15,0,15,0,15,1.0,1.0,0.0,,0,0.0,0.0,0,0,0,0,0,0
2425,15,0,10,5,15,1.0,0.6666666666666666,0.3333333333333333,Temporal_Sequential_Context,1,0.2,1.6922718656836107,1,1,1,1,1,0
2426,15,15,0,0,0,0.0,0.0,0.0,,0,0.0,0.0,0,0,0,0,0,0
2427,15,6,6,3,9,0.6,0.4,0.2,Turning_Dynamics,3,1.0,1.5219280948873621,0,0,0,0,0,3
2428,15,3,8,4,12,0.8,0.5333333333333333,0.26666666666666666,Spatial_Reach_and_Route,2,0.5,1.856564762130954,0,1,2,0,1,0
2429,15,6,8,1,9,0.6,0.5333333333333333,0.06666666666666667,Acceleration_Dynamics,1,1.0,1.272905595320056,1,0,0,0,0,0
2430,15,6,6,3,9,0.6,0.4,0.2,Speed_Dynamics,3,1.0,1.5219280948873621,0,0,0,3,0,0
2431,15,10,1,4,5,0.3333333333333333,0.06666666666666667,0.26666666666666666,Turning_Dynamics,4,1.0,1.158938532350277,0,0,0,0,0,4
2432,15,10,2,3,5,0.3333333333333333,0.13333333333333333,0.2,Acceleration_Dynamics,3,1.0,1.2419460322060458,3,0,0,0,0,0
2433,15,3,10,2,12,0.8,0.6666666666666666,0.13333333333333333,Acceleration_Dynamics,2,1.0,1.2419460322060458,2,0,0,0,0,0
2434,15,3,9,3,12,0.8,0.6,0.2,Temporal_Sequential_Context,1,0.3333333333333333,1.6879430945989,1,0,1,0,1,0
2435,15,15,0,0,0,0.0,0.0,0.0,,0,0.0,0.0,0,0,0,0,0,0
2436,15,0,13,2,15,1.0,0.8666666666666667,0.13333333333333333,Turning_Dynamics,1,0.5,0.6998428398862386,0,1,0,0,0,1
2437,15,0,15,0,15,1.0,1.0,0.0,,0,0.0,0.0,0,0,0,0,0,0
2438,15,0,15,0,15,1.0,1.0,0.0,,0,0.0,0.0,0,0,0,0,0,0
2439,15,0,14,1,15,1.0,0.9333333333333333,0.06666666666666667,Spatial_Reach_and_Route,1,1.0,0.35335933502142136,0,0,1,0,0,0
2440,15,0,12,3,15,1.0,0.8,0.2,Speed_Dynamics,1,0.3333333333333333,1.0389205950315936,1,0,1,1,0,0
2441,15,0,15,0,15,1.0,1.0,0.0,,0,0.0,0.0,0,0,0,0,0,0
2442,15,1,9,5,14,0.9333333333333333,0.6,0.3333333333333333,Spatial_Reach_and_Route,2,0.4,1.7382689280764647,2,0,2,0,1,0
2443,15,0,12,3,15,1.0,0.8,0.2,Temporal_Sequential_Context,1,0.3333333333333333,1.0389205950315936,0,1,1,0,1,0
2444,15,1,9,5,14,0.9333333333333333,0.6,0.3333333333333333,Spatial_Reach_and_Route,2,0.4,1.871602261409798,1,0,2,1,1,0
2445,15,0,12,3,15,1.0,0.8,0.2,Temporal_Sequential_Context,1,0.3333333333333333,1.0389205950315936,1,1,0,0,1,0
2446,15,0,15,0,15,1.0,1.0,0.0,,0,0.0,0.0,0,0,0,0,0,0
2447,15,15,0,0,0,0.0,0.0,0.0,,0,0.0,0.0,0,0,0,0,0,0
2448,15,0,11,4,15,1.0,0.7333333333333333,0.26666666666666666,Turning_Dynamics,1,0.25,1.3699740752745009,1,1,1,0,0,1
2449,15,15,0,0,0,0.0,0.0,0.0,,0,0.0,0.0,0,0,0,0,0,0
2450,15,3,12,0,12,0.8,0.8,0.0,,0,0.0,0.7219280948873623,0,0,0,0,0,0
2451,15,1,6,8,14,0.9333333333333333,0.4,0.5333333333333333,Speed_Dynamics,2,0.25,2.3395722619867225,2,2,2,2,0,0
2452,15,1,10,4,14,0.9333333333333333,0.6666666666666666,0.26666666666666666,Acceleration_Dynamics,2,0.5,1.5589385323502774,2,1,0,0,0,1
2453,15,6,3,6,9,0.6,0.2,0.4,Turning_Dynamics,3,0.5,1.9219280948873623,0,0,0,3,0,3
2454,15,3,10,2,12,0.8,0.6666666666666666,0.13333333333333333,Turning_Dynamics,1,0.5,1.3752793655393794,0,1,0,0,0,1
2455,15,15,0,0,0,0.0,0.0,0.0,,0,0.0,0.0,0,0,0,0,0,0
2456,15,10,5,0,5,0.3333333333333333,0.3333333333333333,0.0,,0,0.0,0.9182958340544896,0,0,0,0,0,0
2457,15,10,1,4,5,0.3333333333333333,0.06666666666666667,0.26666666666666666,Turning_Dynamics,4,1.0,1.158938532350277,0,0,0,0,0,4
2458,15,3,11,1,12,0.8,0.7333333333333333,0.06666666666666667,Temporal_Sequential_Context,1,1.0,1.0529815751302694,0,0,0,0,1,0
2459,15,6,5,4,9,0.6,0.3333333333333333,0.26666666666666666,Turning_Dynamics,3,0.75,1.781937063546704,0,0,1,0,0,3
2460,15,0,11,4,15,1.0,0.7333333333333333,0.26666666666666666,Turning_Dynamics,1,0.25,1.3699740752745009,1,0,1,1,0,1
2461,15,6,7,2,9,0.6,0.4666666666666667,0.13333333333333333,Speed_Dynamics,1,0.5,1.5628066316931741,0,1,0,1,0,0
2462,15,6,6,3,9,0.6,0.4,0.2,Turning_Dynamics,3,1.0,1.5219280948873621,0,0,0,0,0,3
2463,15,1,8,6,14,0.9333333333333333,0.5333333333333333,0.4,Turning_Dynamics,2,0.3333333333333333,2.0402239289418524,2,1,0,1,0,2
2464,15,6,7,2,9,0.6,0.4666666666666667,0.13333333333333333,Turning_Dynamics,2,1.0,1.4294732983598406,0,0,0,0,0,2
2465,15,3,6,6,12,0.8,0.4,0.4,Turning_Dynamics,2,0.3333333333333333,2.155913095175825,2,0,2,0,0,2
2466,15,6,4,5,9,0.6,0.26666666666666666,0.3333333333333333,Turning_Dynamics,3,0.6,1.889246428509158,2,0,0,0,0,3
2467,15,3,5,7,12,0.8,0.3333333333333333,0.4666666666666667,Speed_Dynamics,3,0.42857142857142855,2.181937063546704,0,0,3,3,0,1
2468,15,1,7,7,14,0.9333333333333333,0.4666666666666667,0.4666666666666667,Turning_Dynamics,2,0.2857142857142857,2.196791631981637,2,0,0,2,1,2
2469,15,1,11,3,14,0.9333333333333333,0.7333333333333333,0.2,Curvature_Geometry,2,0.6666666666666666,1.2366407419411674,0,2,1,0,0,0
2470,15,1,8,6,14,0.9333333333333333,0.5333333333333333,0.4,Spatial_Reach_and_Route,2,0.3333333333333333,2.040223928941852,1,2,2,0,0,1
2471,15,0,12,3,15,1.0,0.8,0.2,Turning_Dynamics,1,0.3333333333333333,1.0389205950315936,1,1,0,0,0,1
2472,15,0,15,0,15,1.0,1.0,0.0,,0,0.0,0.0,0,0,0,0,0,0
2473,15,0,10,5,15,1.0,0.6666666666666666,0.3333333333333333,Turning_Dynamics,1,0.2,1.6922718656836107,1,0,1,1,1,1
2474,15,6,5,4,9,0.6,0.3333333333333333,0.26666666666666666,Spatial_Reach_and_Route,2,0.5,1.8322628970242687,0,2,2,0,0,0
2475,15,1,11,3,14,0.9333333333333333,0.7333333333333333,0.2,Turning_Dynamics,1,0.3333333333333333,1.3699740752745009,0,1,0,1,0,1
2476,15,0,12,3,15,1.0,0.8,0.2,Turning_Dynamics,1,0.3333333333333333,1.0389205950315936,0,0,0,1,1,1
2477,15,6,6,3,9,0.6,0.4,0.2,Curvature_Geometry,3,1.0,1.5219280948873621,0,3,0,0,0,0
2478,15,3,6,6,12,0.8,0.4,0.4,Spatial_Reach_and_Route,2,0.3333333333333333,2.1559130951758245,2,2,2,0,0,0
2479,15,3,6,6,12,0.8,0.4,0.4,Curvature_Geometry,3,0.5,2.10558726169826,0,3,2,0,0,1
2480,15,1,10,4,14,0.9333333333333333,0.6666666666666666,0.26666666666666666,Turning_Dynamics,1,0.25,1.6922718656836104,0,1,1,0,1,1
2481,15,3,5,7,12,0.8,0.3333333333333333,0.4666666666666667,Temporal_Sequential_Context,3,0.42857142857142855,2.2322628970242686,2,0,0,2,3,0
2482,15,3,11,1,12,0.8,0.7333333333333333,0.06666666666666667,Turning_Dynamics,1,1.0,1.0529815751302694,0,0,0,0,0,1
2483,15,3,5,7,12,0.8,0.3333333333333333,0.4666666666666667,Turning_Dynamics,3,0.42857142857142855,2.2322628970242686,0,0,2,2,0,3
2484,15,6,4,5,9,0.6,0.26666666666666666,0.3333333333333333,Turning_Dynamics,3,0.6,1.8892464285091581,0,0,0,0,2,3
2485,15,1,9,5,14,0.9333333333333333,0.6,0.3333333333333333,Curvature_Geometry,2,0.4,1.7382689280764647,2,2,1,0,0,0
2486,15,6,9,0,9,0.6,0.6,0.0,,0,0.0,0.9709505944546686,0,0,0,0,0,0
2487,15,0,14,1,15,1.0,0.9333333333333333,0.06666666666666667,Temporal_Sequential_Context,1,1.0,0.35335933502142136,0,0,0,0,1,0
2488,15,6,7,2,9,0.6,0.4666666666666667,0.13333333333333333,Turning_Dynamics,1,0.5,1.562806631693174,0,0,1,0,0,1
2489,15,6,3,6,9,0.6,0.2,0.4,Speed_Dynamics,3,0.5,1.9219280948873623,3,0,0,3,0,0
2490,15,1,7,7,14,0.9333333333333333,0.4666666666666667,0.4666666666666667,Turning_Dynamics,2,0.2857142857142857,2.196791631981637,2,2,1,0,0,2
2491,15,6,8,1,9,0.6,0.5333333333333333,0.06666666666666667,Turning_Dynamics,1,1.0,1.272905595320056,0,0,0,0,0,1
2492,15,1,10,4,14,0.9333333333333333,0.6666666666666666,0.26666666666666666,Speed_Dynamics,2,0.5,1.4256051990169438,0,2,0,2,0,0
2493,15,6,6,3,9,0.6,0.4,0.2,Speed_Dynamics,2,0.6666666666666666,1.7055872616982601,0,0,0,2,1,0
2494,15,3,8,4,12,0.8,0.5333333333333333,0.26666666666666666,Acceleration_Dynamics,3,0.75,1.672905595320056,3,1,0,0,0,0
2495,15,3,3,9,12,0.8,0.2,0.6,Turning_Dynamics,3,0.3333333333333333,2.321928094887362,3,0,0,0,3,3
2496,15,3,9,3,12,0.8,0.6,0.2,Turning_Dynamics,1,0.3333333333333333,1.6879430945989,1,1,0,0,0,1
2497,15,3,6,6,12,0.8,0.4,0.4,Acceleration_Dynamics,3,0.5,2.1055872616982603,3,0,0,0,2,1
2498,15,1,8,6,14,0.9333333333333333,0.5333333333333333,0.4,Turning_Dynamics,2,0.3333333333333333,1.9068905956085187,2,0,0,2,0,2
2499,15,3,6,6,12,0.8,0.4,0.4,Spatial_Reach_and_Route,3,0.5,1.9219280948873623,0,3,3,0,0,0
2500,15,6,6,3,9,0.6,0.4,0.2,Spatial_Reach_and_Route,3,1.0,1.5219280948873621,0,0,3,0,0,0
2501,15,0,12,3,15,1.0,0.8,0.2,Turning_Dynamics,1,0.3333333333333333,1.0389205950315936,0,1,1,0,0,1
2502,15,3,8,4,12,0.8,0.5333333333333333,0.26666666666666666,Speed_Dynamics,2,0.5,1.7232314287976207,0,0,2,2,0,0
2503,15,1,6,8,14,0.9333333333333333,0.4,0.5333333333333333,Turning_Dynamics,2,0.25,2.339572261986723,2,0,2,2,0,2
2504,15,3,8,4,12,0.8,0.5333333333333333,0.26666666666666666,Curvature_Geometry,2,0.5,1.856564762130954,1,2,1,0,0,0
2505,15,3,5,7,12,0.8,0.3333333333333333,0.4666666666666667,Speed_Dynamics,3,0.42857142857142855,2.2322628970242686,2,0,2,3,0,0
2506,15,0,13,2,15,1.0,0.8666666666666667,0.13333333333333333,Spatial_Reach_and_Route,1,0.5,0.6998428398862386,0,1,1,0,0,0
2507,15,1,8,6,14,0.9333333333333333,0.5333333333333333,0.4,Turning_Dynamics,2,0.3333333333333333,1.9068905956085187,0,0,2,2,0,2
2508,15,1,11,3,14,0.9333333333333333,0.7333333333333333,0.2,Spatial_Reach_and_Route,1,0.3333333333333333,1.3699740752745009,1,1,1,0,0,0
2509,15,1,6,8,14,0.9333333333333333,0.4,0.5333333333333333,Turning_Dynamics,2,0.25,2.339572261986723,2,0,2,2,0,2
2510,15,0,15,0,15,1.0,1.0,0.0,,0,0.0,0.0,0,0,0,0,0,0
2511,15,3,5,7,12,0.8,0.3333333333333333,0.4666666666666667,Speed_Dynamics,3,0.42857142857142855,2.181937063546704,1,0,3,3,0,0
2512,15,10,4,1,5,0.3333333333333333,0.26666666666666666,0.06666666666666667,Turning_Dynamics,1,1.0,1.158938532350277,0,0,0,0,0,1
2513,15,3,10,2,12,0.8,0.6666666666666666,0.13333333333333333,Turning_Dynamics,1,0.5,1.3752793655393791,0,0,0,1,0,1
2514,15,1,9,5,14,0.9333333333333333,0.6,0.3333333333333333,Temporal_Sequential_Context,2,0.4,1.871602261409798,0,0,1,1,2,1
2515,15,6,6,3,9,0.6,0.4,0.2,Speed_Dynamics,2,0.6666666666666666,1.7055872616982604,0,0,0,2,0,1
2516,15,10,4,1,5,0.3333333333333333,0.26666666666666666,0.06666666666666667,Temporal_Sequential_Context,1,1.0,1.158938532350277,0,0,0,0,1,0
2517,15,3,5,7,12,0.8,0.3333333333333333,0.4666666666666667,Speed_Dynamics,3,0.42857142857142855,2.2322628970242686,0,0,2,3,2,0
2518,15,10,4,1,5,0.3333333333333333,0.26666666666666666,0.06666666666666667,Temporal_Sequential_Context,1,1.0,1.158938532350277,0,0,0,0,1,0
2519,15,6,6,3,9,0.6,0.4,0.2,Temporal_Sequential_Context,3,1.0,1.5219280948873621,0,0,0,0,3,0
2520,15,6,4,5,9,0.6,0.26666666666666666,0.3333333333333333,Speed_Dynamics,4,0.8,1.8062389286533893,1,0,0,4,0,0
2521,15,3,7,5,12,0.8,0.4666666666666667,0.3333333333333333,Turning_Dynamics,3,0.6,1.8294732983598407,2,0,0,0,0,3
2522,15,1,14,0,14,0.9333333333333333,0.9333333333333333,0.0,,0,0.0,0.35335933502142136,0,0,0,0,0,0
2523,15,3,11,1,12,0.8,0.7333333333333333,0.06666666666666667,Spatial_Reach_and_Route,1,1.0,1.0529815751302694,0,0,1,0,0,0
2524,15,6,7,2,9,0.6,0.4666666666666667,0.13333333333333333,Spatial_Reach_and_Route,1,0.5,1.562806631693174,1,0,1,0,0,0
2525,15,6,6,3,9,0.6,0.4,0.2,Turning_Dynamics,2,0.6666666666666666,1.7055872616982601,0,0,1,0,0,2
2526,15,10,1,4,5,0.3333333333333333,0.06666666666666667,0.26666666666666666,Turning_Dynamics,4,1.0,1.158938532350277,0,0,0,0,0,4
2527,15,6,4,5,9,0.6,0.26666666666666666,0.3333333333333333,Turning_Dynamics,4,0.8,1.8062389286533895,0,0,1,0,0,4
2528,15,3,11,1,12,0.8,0.7333333333333333,0.06666666666666667,Acceleration_Dynamics,1,1.0,1.0529815751302694,1,0,0,0,0,0
2529,15,3,8,4,12,0.8,0.5333333333333333,0.26666666666666666,Acceleration_Dynamics,3,0.75,1.6729055953200562,3,0,0,1,0,0
2530,15,10,0,5,5,0.3333333333333333,0.0,0.3333333333333333,Turning_Dynamics,5,1.0,0.9182958340544896,0,0,0,0,0,5
2531,15,3,5,7,12,0.8,0.3333333333333333,0.4666666666666667,Spatial_Reach_and_Route,3,0.42857142857142855,2.2322628970242686,0,0,3,0,2,2
2532,15,3,7,5,12,0.8,0.4666666666666667,0.3333333333333333,Spatial_Reach_and_Route,2,0.4,2.0131324651707385,0,2,2,0,1,0
2533,15,1,11,3,14,0.9333333333333333,0.7333333333333333,0.2,Speed_Dynamics,1,0.3333333333333333,1.3699740752745009,1,0,1,1,0,0
2534,15,3,10,2,12,0.8,0.6666666666666666,0.13333333333333333,Curvature_Geometry,1,0.5,1.3752793655393791,1,1,0,0,0,0
2535,15,3,5,7,12,0.8,0.3333333333333333,0.4666666666666667,Turning_Dynamics,3,0.42857142857142855,2.181937063546704,0,3,1,0,0,3
2536,15,0,15,0,15,1.0,1.0,0.0,,0,0.0,0.0,0,0,0,0,0,0
2537,15,1,7,7,14,0.9333333333333333,0.4666666666666667,0.4666666666666667,Temporal_Sequential_Context,2,0.2857142857142857,2.1967916319816365,0,2,1,2,2,0
2538,15,6,6,3,9,0.6,0.4,0.2,Acceleration_Dynamics,2,0.6666666666666666,1.7055872616982601,2,0,0,0,1,0
2539,15,0,11,4,15,1.0,0.7333333333333333,0.26666666666666666,Turning_Dynamics,1,0.25,1.3699740752745009,0,1,0,1,1,1
2540,15,3,6,6,12,0.8,0.4,0.4,Turning_Dynamics,2,0.3333333333333333,2.1559130951758245,0,2,0,2,0,2
2541,15,6,3,6,9,0.6,0.2,0.4,Temporal_Sequential_Context,3,0.5,1.9219280948873623,0,3,0,0,3,0
2542,15,10,1,4,5,0.3333333333333333,0.06666666666666667,0.26666666666666666,Temporal_Sequential_Context,4,1.0,1.158938532350277,0,0,0,0,4,0
2543,15,3,8,4,12,0.8,0.5333333333333333,0.26666666666666666,Acceleration_Dynamics,3,0.75,1.672905595320056,3,0,1,0,0,0
2544,15,1,8,6,14,0.9333333333333333,0.5333333333333333,0.4,Turning_Dynamics,2,0.3333333333333333,1.9068905956085187,0,2,0,0,2,2
2545,15,0,10,5,15,1.0,0.6666666666666666,0.3333333333333333,Turning_Dynamics,1,0.2,1.6922718656836107,1,1,1,1,0,1
2546,15,6,7,2,9,0.6,0.4666666666666667,0.13333333333333333,Speed_Dynamics,1,0.5,1.5628066316931741,1,0,0,1,0,0
2547,15,3,5,7,12,0.8,0.3333333333333333,0.4666666666666667,Turning_Dynamics,3,0.42857142857142855,2.181937063546704,1,0,0,0,3,3
2548,15,10,1,4,5,0.3333333333333333,0.06666666666666667,0.26666666666666666,Speed_Dynamics,4,1.0,1.158938532350277,0,0,0,4,0,0
2549,15,0,10,5,15,1.0,0.6666666666666666,0.3333333333333333,Turning_Dynamics,1,0.2,1.6922718656836107,1,1,1,1,0,1
2550,15,6,7,2,9,0.6,0.4666666666666667,0.13333333333333333,Speed_Dynamics,1,0.5,1.562806631693174,0,1,0,1,0,0
2551,15,6,3,6,9,0.6,0.2,0.4,Temporal_Sequential_Context,4,0.6666666666666666,1.8892464285091581,0,2,0,0,4,0
2552,15,3,9,3,12,0.8,0.6,0.2,Speed_Dynamics,1,0.3333333333333333,1.6879430945989,1,0,1,1,0,0
2553,15,0,14,1,15,1.0,0.9333333333333333,0.06666666666666667,Temporal_Sequential_Context,1,1.0,0.35335933502142136,0,0,0,0,1,0
2554,15,1,7,7,14,0.9333333333333333,0.4666666666666667,0.4666666666666667,Turning_Dynamics,2,0.2857142857142857,2.1967916319816365,0,1,2,2,0,2
2555,15,1,10,4,14,0.9333333333333333,0.6666666666666666,0.26666666666666666,Turning_Dynamics,1,0.25,1.6922718656836107,1,1,0,0,1,1
2556,15,0,12,3,15,1.0,0.8,0.2,Turning_Dynamics,1,0.3333333333333333,1.0389205950315936,0,1,0,0,1,1
2557,15,6,4,5,9,0.6,0.26666666666666666,0.3333333333333333,Speed_Dynamics,4,0.8,1.8062389286533893,1,0,0,4,0,0
2558,15,0,10,5,15,1.0,0.6666666666666666,0.3333333333333333,Turning_Dynamics,1,0.2,1.6922718656836104,0,1,1,1,1,1
2559,15,3,7,5,12,0.8,0.4666666666666667,0.3333333333333333,Turning_Dynamics,2,0.4,2.0131324651707385,2,0,0,1,0,2
2560,15,6,5,4,9,0.6,0.3333333333333333,0.26666666666666666,Speed_Dynamics,3,0.75,1.781937063546704,0,0,0,3,1,0
2561,15,6,7,2,9,0.6,0.4666666666666667,0.13333333333333333,Speed_Dynamics,1,0.5,1.5628066316931741,0,1,0,1,0,0
2562,15,10,4,1,5,0.3333333333333333,0.26666666666666666,0.06666666666666667,Speed_Dynamics,1,1.0,1.158938532350277,0,0,0,1,0,0
2563,15,6,4,5,9,0.6,0.26666666666666666,0.3333333333333333,Acceleration_Dynamics,3,0.6,1.8892464285091581,3,0,0,2,0,0
2564,15,6,1,8,9,0.6,0.06666666666666667,0.5333333333333333,Temporal_Sequential_Context,4,0.5,1.8062389286533893,4,0,0,0,4,0
2565,15,3,9,3,12,0.8,0.6,0.2,Acceleration_Dynamics,2,0.6666666666666666,1.5546097612655667,2,0,0,0,0,1
2566,15,10,0,5,5,0.3333333333333333,0.0,0.3333333333333333,Acceleration_Dynamics,5,1.0,0.9182958340544896,5,0,0,0,0,0
2567,15,6,3,6,9,0.6,0.2,0.4,Turning_Dynamics,3,0.5,1.9219280948873623,3,0,0,0,0,3
2568,15,3,9,3,12,0.8,0.6,0.2,Acceleration_Dynamics,2,0.6666666666666666,1.5546097612655667,2,0,0,1,0,0
2569,15,6,5,4,9,0.6,0.3333333333333333,0.26666666666666666,Acceleration_Dynamics,4,1.0,1.565596230357602,4,0,0,0,0,0
2570,15,6,5,4,9,0.6,0.3333333333333333,0.26666666666666666,Speed_Dynamics,2,0.5,1.8322628970242685,2,0,0,2,0,0
2571,15,3,3,9,12,0.8,0.2,0.6,Turning_Dynamics,3,0.3333333333333333,2.321928094887362,3,0,0,0,3,3
2572,15,1,12,2,14,0.9333333333333333,0.8,0.13333333333333333,Turning_Dynamics,2,1.0,0.9055872616982603,0,0,0,0,0,2
2573,15,3,8,4,12,0.8,0.5333333333333333,0.26666666666666666,Acceleration_Dynamics,3,0.75,1.6729055953200562,3,0,0,0,1,0
2574,15,3,8,4,12,0.8,0.5333333333333333,0.26666666666666666,Turning_Dynamics,2,0.5,1.7232314287976207,0,0,0,2,0,2
2575,15,3,7,5,12,0.8,0.4666666666666667,0.3333333333333333,Temporal_Sequential_Context,3,0.6,1.8294732983598407,2,0,0,0,3,0
2576,15,3,4,8,12,0.8,0.26666666666666666,0.5333333333333333,Spatial_Reach_and_Route,3,0.375,2.2892464285091583,0,3,3,0,0,2
2577,15,6,3,6,9,0.6,0.2,0.4,Curvature_Geometry,4,0.6666666666666666,1.889246428509158,0,4,2,0,0,0
2578,15,0,10,5,15,1.0,0.6666666666666666,0.3333333333333333,Temporal_Sequential_Context,1,0.2,1.6922718656836107,1,1,1,1,1,0
2579,15,1,12,2,14,0.9333333333333333,0.8,0.13333333333333333,Curvature_Geometry,2,1.0,0.9055872616982603,0,2,0,0,0,0
2580,15,1,8,6,14,0.9333333333333333,0.5333333333333333,0.4,Temporal_Sequential_Context,2,0.3333333333333333,2.040223928941852,2,1,0,1,2,0
2581,15,6,2,7,9,0.6,0.13333333333333333,0.4666666666666667,Acceleration_Dynamics,4,0.5714285714285714,1.889246428509158,4,0,3,0,0,0
2582,15,3,7,5,12,0.8,0.4666666666666667,0.3333333333333333,Curvature_Geometry,3,0.6,1.8294732983598407,0,3,2,0,0,0
2583,15,3,3,9,12,0.8,0.2,0.6,Temporal_Sequential_Context,3,0.3333333333333333,2.321928094887362,3,0,3,0,3,0
2584,15,6,1,8,9,0.6,0.06666666666666667,0.5333333333333333,Spatial_Reach_and_Route,4,0.5,1.8062389286533895,0,4,4,0,0,0
2585,15,3,3,9,12,0.8,0.2,0.6,Temporal_Sequential_Context,3,0.3333333333333333,2.321928094887362,3,0,3,0,3,0
2586,15,1,10,4,14,0.9333333333333333,0.6666666666666666,0.26666666666666666,Spatial_Reach_and_Route,2,0.5,1.4256051990169438,0,2,2,0,0,0
2587,15,0,15,0,15,1.0,1.0,0.0,,0,0.0,0.0,0,0,0,0,0,0
2588,15,6,3,6,9,0.6,0.2,0.4,Curvature_Geometry,4,0.6666666666666666,1.889246428509158,0,4,2,0,0,0
2589,15,0,10,5,15,1.0,0.6666666666666666,0.3333333333333333,Temporal_Sequential_Context,1,0.2,1.6922718656836107,1,1,1,1,1,0
2590,15,1,11,3,14,0.9333333333333333,0.7333333333333333,0.2,Speed_Dynamics,1,0.3333333333333333,1.3699740752745009,1,0,1,1,0,0
2591,15,0,14,1,15,1.0,0.9333333333333333,0.06666666666666667,Temporal_Sequential_Context,1,1.0,0.35335933502142136,0,0,0,0,1,0
2592,15,10,4,1,5,0.3333333333333333,0.26666666666666666,0.06666666666666667,Spatial_Reach_and_Route,1,1.0,1.158938532350277,0,0,1,0,0,0
2593,15,3,10,2,12,0.8,0.6666666666666666,0.13333333333333333,Spatial_Reach_and_Route,1,0.5,1.3752793655393791,1,0,1,0,0,0
2594,15,1,10,4,14,0.9333333333333333,0.6666666666666666,0.26666666666666666,Turning_Dynamics,2,0.5,1.5589385323502771,1,0,1,0,0,2
2595,15,1,10,4,14,0.9333333333333333,0.6666666666666666,0.26666666666666666,Turning_Dynamics,1,0.25,1.6922718656836107,1,1,1,0,0,1
2596,15,3,5,7,12,0.8,0.3333333333333333,0.4666666666666667,Acceleration_Dynamics,3,0.42857142857142855,2.2322628970242686,3,0,2,0,0,2
2597,15,1,9,5,14,0.9333333333333333,0.6,0.3333333333333333,Curvature_Geometry,2,0.4,1.871602261409798,1,2,1,0,0,1
2598,15,3,8,4,12,0.8,0.5333333333333333,0.26666666666666666,Spatial_Reach_and_Route,2,0.5,1.856564762130954,1,0,2,0,0,1
2599,15,3,9,3,12,0.8,0.6,0.2,Spatial_Reach_and_Route,2,0.6666666666666666,1.5546097612655665,1,0,2,0,0,0
2600,15,3,8,4,12,0.8,0.5333333333333333,0.26666666666666666,Turning_Dynamics,2,0.5,1.7232314287976207,0,0,2,0,0,2
2601,15,6,7,2,9,0.6,0.4666666666666667,0.13333333333333333,Spatial_Reach_and_Route,2,1.0,1.4294732983598406,0,0,2,0,0,0
2602,15,6,7,2,9,0.6,0.4666666666666667,0.13333333333333333,Spatial_Reach_and_Route,2,1.0,1.4294732983598406,0,0,2,0,0,0
2603,15,3,6,6,12,0.8,0.4,0.4,Turning_Dynamics,2,0.3333333333333333,2.155913095175825,0,2,2,0,0,2
2604,15,3,6,6,12,0.8,0.4,0.4,Temporal_Sequential_Context,2,0.3333333333333333,2.1559130951758245,0,2,2,0,2,0
2605,15,0,11,4,15,1.0,0.7333333333333333,0.26666666666666666,Temporal_Sequential_Context,1,0.25,1.3699740752745007,0,1,1,1,1,0
2606,15,6,4,5,9,0.6,0.26666666666666666,0.3333333333333333,Temporal_Sequential_Context,3,0.6,1.8892464285091581,0,0,0,0,3,2
2607,15,3,9,3,12,0.8,0.6,0.2,Turning_Dynamics,2,0.6666666666666666,1.5546097612655667,0,0,0,1,0,2
2608,15,3,9,3,12,0.8,0.6,0.2,Speed_Dynamics,2,0.6666666666666666,1.5546097612655667,0,0,1,2,0,0
2609,15,3,12,0,12,0.8,0.8,0.0,,0,0.0,0.7219280948873623,0,0,0,0,0,0
2610,15,0,10,5,15,1.0,0.6666666666666666,0.3333333333333333,Turning_Dynamics,1,0.2,1.6922718656836107,1,1,1,1,0,1
2611,15,1,8,6,14,0.9333333333333333,0.5333333333333333,0.4,Spatial_Reach_and_Route,2,0.3333333333333333,1.9068905956085187,2,2,2,0,0,0
2612,15,10,5,0,5,0.3333333333333333,0.3333333333333333,0.0,,0,0.0,0.9182958340544896,0,0,0,0,0,0
2613,15,3,5,7,12,0.8,0.3333333333333333,0.4666666666666667,Turning_Dynamics,3,0.42857142857142855,2.181937063546704,3,0,0,1,0,3
2614,15,6,4,5,9,0.6,0.26666666666666666,0.3333333333333333,Speed_Dynamics,3,0.6,1.889246428509158,2,0,0,3,0,0
2615,15,3,7,5,12,0.8,0.4666666666666667,0.3333333333333333,Turning_Dynamics,2,0.4,2.013132465170739,2,0,0,0,1,2
2616,15,0,12,3,15,1.0,0.8,0.2,Turning_Dynamics,1,0.3333333333333333,1.0389205950315936,0,1,0,1,0,1
2617,15,0,10,5,15,1.0,0.6666666666666666,0.3333333333333333,Turning_Dynamics,1,0.2,1.6922718656836107,1,0,1,1,1,1
2618,15,10,0,5,5,0.3333333333333333,0.0,0.3333333333333333,Curvature_Geometry,5,1.0,0.9182958340544896,0,5,0,0,0,0
2619,15,1,14,0,14,0.9333333333333333,0.9333333333333333,0.0,,0,0.0,0.35335933502142136,0,0,0,0,0,0
2620,15,3,8,4,12,0.8,0.5333333333333333,0.26666666666666666,Acceleration_Dynamics,3,0.75,1.672905595320056,3,0,1,0,0,0
2621,15,6,5,4,9,0.6,0.3333333333333333,0.26666666666666666,Curvature_Geometry,4,1.0,1.565596230357602,0,4,0,0,0,0
2622,15,0,13,2,15,1.0,0.8666666666666667,0.13333333333333333,Turning_Dynamics,1,0.5,0.6998428398862386,0,0,0,0,1,1
2623,15,3,7,5,12,0.8,0.4666666666666667,0.3333333333333333,Curvature_Geometry,3,0.6,1.8294732983598407,0,3,0,0,0,2
2624,15,3,3,9,12,0.8,0.2,0.6,Turning_Dynamics,3,0.3333333333333333,2.321928094887362,3,0,0,0,3,3
2625,15,3,6,6,12,0.8,0.4,0.4,Curvature_Geometry,3,0.5,2.1055872616982603,1,3,0,0,0,2
2626,15,6,1,8,9,0.6,0.06666666666666667,0.5333333333333333,Temporal_Sequential_Context,4,0.5,1.8062389286533893,4,0,0,0,4,0
2627,15,3,9,3,12,0.8,0.6,0.2,Curvature_Geometry,2,0.6666666666666666,1.5546097612655665,1,2,0,0,0,0
2628,15,3,3,9,12,0.8,0.2,0.6,Turning_Dynamics,3,0.3333333333333333,2.321928094887362,3,0,0,0,3,3
2629,15,3,5,7,12,0.8,0.3333333333333333,0.4666666666666667,Turning_Dynamics,3,0.42857142857142855,2.2322628970242686,2,2,0,0,0,3
2630,15,0,11,4,15,1.0,0.7333333333333333,0.26666666666666666,Turning_Dynamics,1,0.25,1.3699740752745009,1,1,0,0,1,1
2631,15,6,3,6,9,0.6,0.2,0.4,Turning_Dynamics,3,0.5,1.9219280948873623,0,0,0,0,3,3
2632,15,0,15,0,15,1.0,1.0,0.0,,0,0.0,0.0,0,0,0,0,0,0
2633,15,1,10,4,14,0.9333333333333333,0.6666666666666666,0.26666666666666666,Acceleration_Dynamics,2,0.5,1.5589385323502774,2,1,0,0,1,0
2634,15,1,8,6,14,0.9333333333333333,0.5333333333333333,0.4,Turning_Dynamics,2,0.3333333333333333,1.9068905956085187,0,2,0,0,2,2
2635,15,0,15,0,15,1.0,1.0,0.0,,0,0.0,0.0,0,0,0,0,0,0
2636,15,3,3,9,12,0.8,0.2,0.6,Temporal_Sequential_Context,3,0.3333333333333333,2.321928094887362,3,3,0,0,3,0
2637,15,0,15,0,15,1.0,1.0,0.0,,0,0.0,0.0,0,0,0,0,0,0
2638,15,3,10,2,12,0.8,0.6666666666666666,0.13333333333333333,Curvature_Geometry,2,1.0,1.2419460322060458,0,2,0,0,0,0
2639,15,0,10,5,15,1.0,0.6666666666666666,0.3333333333333333,Turning_Dynamics,1,0.2,1.6922718656836107,1,1,1,1,0,1
2640,15,3,8,4,12,0.8,0.5333333333333333,0.26666666666666666,Curvature_Geometry,2,0.5,1.856564762130954,1,2,0,0,1,0
2641,15,0,13,2,15,1.0,0.8666666666666667,0.13333333333333333,Curvature_Geometry,1,0.5,0.6998428398862386,1,1,0,0,0,0
2642,15,3,8,4,12,0.8,0.5333333333333333,0.26666666666666666,Turning_Dynamics,2,0.5,1.7232314287976207,0,0,0,0,2,2
2643,15,0,14,1,15,1.0,0.9333333333333333,0.06666666666666667,Curvature_Geometry,1,1.0,0.35335933502142136,0,1,0,0,0,0
2644,15,3,3,9,12,0.8,0.2,0.6,Spatial_Reach_and_Route,3,0.3333333333333333,2.321928094887362,3,3,3,0,0,0
2645,15,1,7,7,14,0.9333333333333333,0.4666666666666667,0.4666666666666667,Temporal_Sequential_Context,2,0.2857142857142857,2.1967916319816365,2,2,1,0,2,0
2646,15,0,10,5,15,1.0,0.6666666666666666,0.3333333333333333,Turning_Dynamics,1,0.2,1.6922718656836107,1,1,1,1,0,1
2647,15,1,8,6,14,0.9333333333333333,0.5333333333333333,0.4,Temporal_Sequential_Context,2,0.3333333333333333,1.9068905956085187,2,2,0,0,2,0
2648,15,1,13,1,14,0.9333333333333333,0.8666666666666667,0.06666666666666667,Acceleration_Dynamics,1,1.0,0.6998428398862386,1,0,0,0,0,0
2649,15,0,15,0,15,1.0,1.0,0.0,,0,0.0,0.0,0,0,0,0,0,0
2650,15,1,10,4,14,0.9333333333333333,0.6666666666666666,0.26666666666666666,Turning_Dynamics,1,0.25,1.6922718656836107,1,0,1,0,1,1
2651,15,0,10,5,15,1.0,0.6666666666666666,0.3333333333333333,Turning_Dynamics,1,0.2,1.6922718656836107,1,1,1,1,0,1
2652,15,0,11,4,15,1.0,0.7333333333333333,0.26666666666666666,Temporal_Sequential_Context,1,0.25,1.3699740752745009,1,1,1,0,1,0
2653,15,0,10,5,15,1.0,0.6666666666666666,0.3333333333333333,Turning_Dynamics,1,0.2,1.6922718656836107,1,1,1,0,1,1
2654,15,0,15,0,15,1.0,1.0,0.0,,0,0.0,0.0,0,0,0,0,0,0
2655,15,3,7,5,12,0.8,0.4666666666666667,0.3333333333333333,Curvature_Geometry,3,0.6,1.8294732983598405,0,3,2,0,0,0
2656,15,0,13,2,15,1.0,0.8666666666666667,0.13333333333333333,Temporal_Sequential_Context,1,0.5,0.6998428398862386,0,1,0,0,1,0
2657,15,6,5,4,9,0.6,0.3333333333333333,0.26666666666666666,Turning_Dynamics,4,1.0,1.5655962303576019,0,0,0,0,0,4
2658,15,3,7,5,12,0.8,0.4666666666666667,0.3333333333333333,Speed_Dynamics,2,0.4,2.0131324651707385,0,0,2,2,0,1
2659,15,3,7,5,12,0.8,0.4666666666666667,0.3333333333333333,Temporal_Sequential_Context,3,0.6,1.8294732983598407,0,0,0,0,3,2
2660,15,3,5,7,12,0.8,0.3333333333333333,0.4666666666666667,Speed_Dynamics,3,0.42857142857142855,2.2322628970242686,0,0,2,3,0,2
2661,15,3,5,7,12,0.8,0.3333333333333333,0.4666666666666667,Turning_Dynamics,3,0.42857142857142855,2.181937063546704,0,1,3,0,0,3
2662,15,3,9,3,12,0.8,0.6,0.2,Turning_Dynamics,1,0.3333333333333333,1.6879430945989,1,0,1,0,0,1
2663,15,1,11,3,14,0.9333333333333333,0.7333333333333333,0.2,Turning_Dynamics,1,0.3333333333333333,1.3699740752745009,0,0,1,1,0,1
2664,15,3,12,0,12,0.8,0.8,0.0,,0,0.0,0.7219280948873623,0,0,0,0,0,0
2665,15,1,11,3,14,0.9333333333333333,0.7333333333333333,0.2,Spatial_Reach_and_Route,2,0.6666666666666666,1.2366407419411674,1,0,2,0,0,0
2666,15,3,10,2,12,0.8,0.6666666666666666,0.13333333333333333,Temporal_Sequential_Context,2,1.0,1.2419460322060458,0,0,0,0,2,0
2667,15,0,13,2,15,1.0,0.8666666666666667,0.13333333333333333,Turning_Dynamics,1,0.5,0.6998428398862386,0,0,1,0,0,1
2668,15,3,7,5,12,0.8,0.4666666666666667,0.3333333333333333,Spatial_Reach_and_Route,2,0.4,2.013132465170739,2,1,2,0,0,0
2669,15,10,4,1,5,0.3333333333333333,0.26666666666666666,0.06666666666666667,Turning_Dynamics,1,1.0,1.158938532350277,0,0,0,0,0,1
2670,15,3,7,5,12,0.8,0.4666666666666667,0.3333333333333333,Turning_Dynamics,3,0.6,1.9628066316931743,0,1,0,1,0,3
2671,15,3,5,7,12,0.8,0.3333333333333333,0.4666666666666667,Speed_Dynamics,3,0.42857142857142855,2.181937063546704,0,0,3,3,0,1
2672,15,6,3,6,9,0.6,0.2,0.4,Temporal_Sequential_Context,3,0.5,1.9219280948873623,0,0,0,3,3,0
2673,15,3,5,7,12,0.8,0.3333333333333333,0.4666666666666667,Turning_Dynamics,3,0.42857142857142855,2.181937063546704,0,1,3,0,0,3
2674,15,0,15,0,15,1.0,1.0,0.0,,0,0.0,0.0,0,0,0,0,0,0
2675,15,3,10,2,12,0.8,0.6666666666666666,0.13333333333333333,Temporal_Sequential_Context,1,0.5,1.3752793655393791,0,0,0,1,1,0
2676,15,10,5,0,5,0.3333333333333333,0.3333333333333333,0.0,,0,0.0,0.9182958340544896,0,0,0,0,0,0
2677,15,10,4,1,5,0.3333333333333333,0.26666666666666666,0.06666666666666667,Speed_Dynamics,1,1.0,1.158938532350277,0,0,0,1,0,0
2678,15,6,5,4,9,0.6,0.3333333333333333,0.26666666666666666,Speed_Dynamics,2,0.5,1.8322628970242687,0,2,0,2,0,0
2679,15,10,0,5,5,0.3333333333333333,0.0,0.3333333333333333,Temporal_Sequential_Context,5,1.0,0.9182958340544896,0,0,0,0,5,0
2680,15,3,3,9,12,0.8,0.2,0.6,Speed_Dynamics,3,0.3333333333333333,2.321928094887362,3,3,0,3,0,0
2681,15,3,8,4,12,0.8,0.5333333333333333,0.26666666666666666,Turning_Dynamics,2,0.5,1.7232314287976205,0,0,0,2,0,2
2682,15,6,4,5,9,0.6,0.26666666666666666,0.3333333333333333,Temporal_Sequential_Context,3,0.6,1.8892464285091581,0,0,2,0,3,0
2683,15,10,4,1,5,0.3333333333333333,0.26666666666666666,0.06666666666666667,Turning_Dynamics,1,1.0,1.158938532350277,0,0,0,0,0,1
2684,15,6,6,3,9,0.6,0.4,0.2,Speed_Dynamics,3,1.0,1.5219280948873621,0,0,0,3,0,0
2685,15,10,0,5,5,0.3333333333333333,0.0,0.3333333333333333,Curvature_Geometry,5,1.0,0.9182958340544896,0,5,0,0,0,0
2686,15,1,6,8,14,0.9333333333333333,0.4,0.5333333333333333,Turning_Dynamics,2,0.25,2.339572261986723,2,2,2,0,0,2
2687,15,3,5,7,12,0.8,0.3333333333333333,0.4666666666666667,Curvature_Geometry,3,0.42857142857142855,2.2322628970242686,0,3,2,0,0,2
2688,15,3,7,5,12,0.8,0.4666666666666667,0.3333333333333333,Spatial_Reach_and_Route,3,0.6,1.9628066316931743,0,0,3,1,0,1
2689,15,3,3,9,12,0.8,0.2,0.6,Speed_Dynamics,3,0.3333333333333333,2.321928094887362,3,0,3,3,0,0
2690,15,1,9,5,14,0.9333333333333333,0.6,0.3333333333333333,Curvature_Geometry,2,0.4,1.871602261409798,1,2,1,0,0,1
2691,15,0,10,5,15,1.0,0.6666666666666666,0.3333333333333333,Turning_Dynamics,1,0.2,1.6922718656836107,1,1,1,1,0,1
2692,15,10,2,3,5,0.3333333333333333,0.13333333333333333,0.2,Curvature_Geometry,3,1.0,1.2419460322060458,0,3,0,0,0,0
2693,15,0,12,3,15,1.0,0.8,0.2,Temporal_Sequential_Context,1,0.3333333333333333,1.0389205950315936,0,1,0,1,1,0
2694,15,3,9,3,12,0.8,0.6,0.2,Speed_Dynamics,3,1.0,1.3709505944546687,0,0,0,3,0,0
2695,15,3,10,2,12,0.8,0.6666666666666666,0.13333333333333333,Turning_Dynamics,1,0.5,1.3752793655393791,0,0,1,0,0,1
2696,15,3,7,5,12,0.8,0.4666666666666667,0.3333333333333333,Acceleration_Dynamics,3,0.6,1.962806631693174,3,1,1,0,0,0
2697,15,6,7,2,9,0.6,0.4666666666666667,0.13333333333333333,Curvature_Geometry,2,1.0,1.4294732983598406,0,2,0,0,0,0
2698,15,1,12,2,14,0.9333333333333333,0.8,0.13333333333333333,Temporal_Sequential_Context,2,1.0,0.9055872616982603,0,0,0,0,2,0
2699,15,3,5,7,12,0.8,0.3333333333333333,0.4666666666666667,Curvature_Geometry,3,0.42857142857142855,2.2322628970242686,0,3,2,2,0,0
2700,15,6,9,0,9,0.6,0.6,0.0,,0,0.0,0.9709505944546686,0,0,0,0,0,0
2701,15,1,8,6,14,0.9333333333333333,0.5333333333333333,0.4,Temporal_Sequential_Context,2,0.3333333333333333,2.040223928941852,0,2,0,1,2,1
2702,15,3,8,4,12,0.8,0.5333333333333333,0.26666666666666666,Curvature_Geometry,2,0.5,1.8565647621309542,0,2,1,1,0,0
2703,15,6,8,1,9,0.6,0.5333333333333333,0.06666666666666667,Acceleration_Dynamics,1,1.0,1.272905595320056,1,0,0,0,0,0
2704,15,3,9,3,12,0.8,0.6,0.2,Spatial_Reach_and_Route,1,0.3333333333333333,1.6879430945989,1,1,1,0,0,0
2705,15,1,10,4,14,0.9333333333333333,0.6666666666666666,0.26666666666666666,Turning_Dynamics,1,0.25,1.6922718656836107,1,1,1,0,0,1
2706,15,3,7,5,12,0.8,0.4666666666666667,0.3333333333333333,Curvature_Geometry,3,0.6,1.9628066316931743,0,3,1,1,0,0
2707,15,1,10,4,14,0.9333333333333333,0.6666666666666666,0.26666666666666666,Temporal_Sequential_Context,2,0.5,1.4256051990169438,0,2,0,0,2,0
2708,15,6,8,1,9,0.6,0.5333333333333333,0.06666666666666667,Curvature_Geometry,1,1.0,1.272905595320056,0,1,0,0,0,0
2709,15,6,3,6,9,0.6,0.2,0.4,Speed_Dynamics,4,0.6666666666666666,1.8892464285091581,0,2,0,4,0,0
2710,15,6,5,4,9,0.6,0.3333333333333333,0.26666666666666666,Temporal_Sequential_Context,3,0.75,1.781937063546704,1,0,0,0,3,0
2711,15,3,10,2,12,0.8,0.6666666666666666,0.13333333333333333,Spatial_Reach_and_Route,1,0.5,1.3752793655393791,0,1,1,0,0,0
2712,15,3,4,8,12,0.8,0.26666666666666666,0.5333333333333333,Speed_Dynamics,3,0.375,2.2892464285091583,3,0,0,3,0,2
2713,15,1,10,4,14,0.9333333333333333,0.6666666666666666,0.26666666666666666,Curvature_Geometry,2,0.5,1.5589385323502771,1,2,0,0,0,1
2714,15,1,12,2,14,0.9333333333333333,0.8,0.13333333333333333,Speed_Dynamics,1,0.5,1.0389205950315936,0,1,0,1,0,0
2715,15,0,11,4,15,1.0,0.7333333333333333,0.26666666666666666,Temporal_Sequential_Context,1,0.25,1.3699740752745009,1,0,1,1,1,0
2716,15,3,9,3,12,0.8,0.6,0.2,Speed_Dynamics,1,0.3333333333333333,1.6879430945989,0,1,1,1,0,0
2717,15,3,8,4,12,0.8,0.5333333333333333,0.26666666666666666,Temporal_Sequential_Context,2,0.5,1.7232314287976207,0,0,0,2,2,0
2718,15,0,10,5,15,1.0,0.6666666666666666,0.3333333333333333,Turning_Dynamics,1,0.2,1.6922718656836107,1,1,1,0,1,1
2719,15,6,8,1,9,0.6,0.5333333333333333,0.06666666666666667,Spatial_Reach_and_Route,1,1.0,1.272905595320056,0,0,1,0,0,0
2720,15,3,10,2,12,0.8,0.6666666666666666,0.13333333333333333,Temporal_Sequential_Context,1,0.5,1.3752793655393791,1,0,0,0,1,0
2721,15,10,1,4,5,0.3333333333333333,0.06666666666666667,0.26666666666666666,Curvature_Geometry,4,1.0,1.158938532350277,0,4,0,0,0,0
2722,15,6,2,7,9,0.6,0.13333333333333333,0.4666666666666667,Turning_Dynamics,4,0.5714285714285714,1.8892464285091581,0,0,3,0,0,4
2723,15,3,4,8,12,0.8,0.26666666666666666,0.5333333333333333,Spatial_Reach_and_Route,3,0.375,2.2892464285091583,0,3,3,2,0,0
2724,15,1,11,3,14,0.9333333333333333,0.7333333333333333,0.2,Curvature_Geometry,2,0.6666666666666666,1.2366407419411674,0,2,1,0,0,0
2725,15,10,2,3,5,0.3333333333333333,0.13333333333333333,0.2,Speed_Dynamics,3,1.0,1.2419460322060458,0,0,0,3,0,0
2726,15,10,2,3,5,0.3333333333333333,0.13333333333333333,0.2,Spatial_Reach_and_Route,3,1.0,1.2419460322060458,0,0,3,0,0,0
2727,15,1,8,6,14,0.9333333333333333,0.5333333333333333,0.4,Spatial_Reach_and_Route,2,0.3333333333333333,2.040223928941852,1,2,2,0,1,0
2728,15,3,9,3,12,0.8,0.6,0.2,Turning_Dynamics,3,1.0,1.3709505944546687,0,0,0,0,0,3
2729,15,3,5,7,12,0.8,0.3333333333333333,0.4666666666666667,Curvature_Geometry,3,0.42857142857142855,2.2322628970242686,2,3,0,0,0,2
2730,15,10,2,3,5,0.3333333333333333,0.13333333333333333,0.2,Temporal_Sequential_Context,3,1.0,1.2419460322060458,0,0,0,0,3,0
2731,15,3,6,6,12,0.8,0.4,0.4,Turning_Dynamics,3,0.5,2.10558726169826,0,0,2,1,0,3
2732,15,10,5,0,5,0.3333333333333333,0.3333333333333333,0.0,,0,0.0,0.9182958340544896,0,0,0,0,0,0
2733,15,3,12,0,12,0.8,0.8,0.0,,0,0.0,0.7219280948873623,0,0,0,0,0,0
2734,15,6,3,6,9,0.6,0.2,0.4,Spatial_Reach_and_Route,3,0.5,1.9219280948873623,0,3,3,0,0,0
2735,15,3,5,7,12,0.8,0.3333333333333333,0.4666666666666667,Temporal_Sequential_Context,3,0.42857142857142855,2.181937063546704,0,1,3,0,3,0
2736,15,6,8,1,9,0.6,0.5333333333333333,0.06666666666666667,Temporal_Sequential_Context,1,1.0,1.272905595320056,0,0,0,0,1,0
2737,15,6,7,2,9,0.6,0.4666666666666667,0.13333333333333333,Turning_Dynamics,1,0.5,1.5628066316931741,0,0,0,1,0,1
2738,15,1,14,0,14,0.9333333333333333,0.9333333333333333,0.0,,0,0.0,0.35335933502142136,0,0,0,0,0,0
2739,15,3,9,3,12,0.8,0.6,0.2,Curvature_Geometry,2,0.6666666666666666,1.5546097612655667,0,2,1,0,0,0
2740,15,6,8,1,9,0.6,0.5333333333333333,0.06666666666666667,Speed_Dynamics,1,1.0,1.272905595320056,0,0,0,1,0,0
2741,15,6,1,8,9,0.6,0.06666666666666667,0.5333333333333333,Turning_Dynamics,4,0.5,1.8062389286533895,0,0,0,4,0,4
2742,15,6,7,2,9,0.6,0.4666666666666667,0.13333333333333333,Turning_Dynamics,1,0.5,1.5628066316931741,0,1,0,0,0,1
2743,15,3,12,0,12,0.8,0.8,0.0,,0,0.0,0.7219280948873623,0,0,0,0,0,0
2744,15,3,6,6,12,0.8,0.4,0.4,Speed_Dynamics,2,0.3333333333333333,2.155913095175825,0,2,2,2,0,0
2745,15,1,10,4,14,0.9333333333333333,0.6666666666666666,0.26666666666666666,Turning_Dynamics,2,0.5,1.4256051990169436,0,0,0,0,2,2
2746,15,6,5,4,9,0.6,0.3333333333333333,0.26666666666666666,Spatial_Reach_and_Route,3,0.75,1.781937063546704,0,0,3,1,0,0
2747,15,6,7,2,9,0.6,0.4666666666666667,0.13333333333333333,Turning_Dynamics,2,1.0,1.4294732983598406,0,0,0,0,0,2
2748,15,6,4,5,9,0.6,0.26666666666666666,0.3333333333333333,Curvature_Geometry,4,0.8,1.8062389286533893,0,4,1,0,0,0
2749,15,6,9,0,9,0.6,0.6,0.0,,0,0.0,0.9709505944546686,0,0,0,0,0,0
2750,15,3,7,5,12,0.8,0.4666666666666667,0.3333333333333333,Temporal_Sequential_Context,2,0.4,2.013132465170739,0,0,2,1,2,0
2751,15,6,4,5,9,0.6,0.26666666666666666,0.3333333333333333,Turning_Dynamics,3,0.6,1.8892464285091581,0,0,0,0,2,3
2752,15,6,6,3,9,0.6,0.4,0.2,Curvature_Geometry,2,0.6666666666666666,1.70558726169826,1,2,0,0,0,0
2753,15,0,15,0,15,1.0,1.0,0.0,,0,0.0,0.0,0,0,0,0,0,0
2754,15,6,8,1,9,0.6,0.5333333333333333,0.06666666666666667,Temporal_Sequential_Context,1,1.0,1.272905595320056,0,0,0,0,1,0
2755,15,10,5,0,5,0.3333333333333333,0.3333333333333333,0.0,,0,0.0,0.9182958340544896,0,0,0,0,0,0
2756,15,1,7,7,14,0.9333333333333333,0.4666666666666667,0.4666666666666667,Temporal_Sequential_Context,2,0.2857142857142857,2.1967916319816365,2,0,0,2,2,1
2757,15,15,0,0,0,0.0,0.0,0.0,,0,0.0,0.0,0,0,0,0,0,0
2758,15,10,1,4,5,0.3333333333333333,0.06666666666666667,0.26666666666666666,Curvature_Geometry,4,1.0,1.158938532350277,0,4,0,0,0,0
2759,15,3,5,7,12,0.8,0.3333333333333333,0.4666666666666667,Speed_Dynamics,3,0.42857142857142855,2.181937063546704,0,3,1,3,0,0
2760,15,0,11,4,15,1.0,0.7333333333333333,0.26666666666666666,Turning_Dynamics,1,0.25,1.3699740752745009,0,1,0,1,1,1
2761,15,0,15,0,15,1.0,1.0,0.0,,0,0.0,0.0,0,0,0,0,0,0
2762,15,0,11,4,15,1.0,0.7333333333333333,0.26666666666666666,Temporal_Sequential_Context,1,0.25,1.3699740752745009,1,0,1,1,1,0
2763,15,1,6,8,14,0.9333333333333333,0.4,0.5333333333333333,Speed_Dynamics,2,0.25,2.3395722619867225,2,2,2,2,0,0
2764,15,1,8,6,14,0.9333333333333333,0.5333333333333333,0.4,Speed_Dynamics,2,0.3333333333333333,2.040223928941852,0,2,1,2,0,1
2765,15,6,6,3,9,0.6,0.4,0.2,Temporal_Sequential_Context,2,0.6666666666666666,1.7055872616982601,0,0,0,1,2,0
2766,15,3,9,3,12,0.8,0.6,0.2,Spatial_Reach_and_Route,3,1.0,1.3709505944546687,0,0,3,0,0,0
2767,15,3,7,5,12,0.8,0.4666666666666667,0.3333333333333333,Temporal_Sequential_Context,2,0.4,2.013132465170739,0,2,1,0,2,0
2768,15,3,8,4,12,0.8,0.5333333333333333,0.26666666666666666,Turning_Dynamics,2,0.5,1.856564762130954,0,1,1,0,0,2
2769,15,0,13,2,15,1.0,0.8666666666666667,0.13333333333333333,Turning_Dynamics,1,0.5,0.6998428398862386,0,0,0,1,0,1
2770,15,15,0,0,0,0.0,0.0,0.0,,0,0.0,0.0,0,0,0,0,0,0
2771,15,10,5,0,5,0.3333333333333333,0.3333333333333333,0.0,,0,0.0,0.9182958340544896,0,0,0,0,0,0
2772,15,1,11,3,14,0.9333333333333333,0.7333333333333333,0.2,Turning_Dynamics,1,0.3333333333333333,1.3699740752745009,1,0,0,0,1,1
2773,15,6,5,4,9,0.6,0.3333333333333333,0.26666666666666666,Spatial_Reach_and_Route,4,1.0,1.565596230357602,0,0,4,0,0,0
2774,15,6,4,5,9,0.6,0.26666666666666666,0.3333333333333333,Spatial_Reach_and_Route,3,0.6,1.8892464285091581,0,2,3,0,0,0
2775,15,3,8,4,12,0.8,0.5333333333333333,0.26666666666666666,Speed_Dynamics,3,0.75,1.672905595320056,1,0,0,3,0,0
2776,15,3,3,9,12,0.8,0.2,0.6,Turning_Dynamics,3,0.3333333333333333,2.321928094887362,0,0,3,3,0,3
2777,15,1,11,3,14,0.9333333333333333,0.7333333333333333,0.2,Acceleration_Dynamics,2,0.6666666666666666,1.2366407419411674,2,0,1,0,0,0
2778,15,6,5,4,9,0.6,0.3333333333333333,0.26666666666666666,Speed_Dynamics,2,0.5,1.8322628970242685,0,0,2,2,0,0
2779,15,3,7,5,12,0.8,0.4666666666666667,0.3333333333333333,Spatial_Reach_and_Route,3,0.6,1.9628066316931743,0,1,3,0,0,1
2780,15,1,8,6,14,0.9333333333333333,0.5333333333333333,0.4,Turning_Dynamics,2,0.3333333333333333,2.040223928941852,1,0,1,2,0,2
2781,15,10,3,2,5,0.3333333333333333,0.2,0.13333333333333333,Turning_Dynamics,2,1.0,1.2419460322060458,0,0,0,0,0,2
2782,15,3,8,4,12,0.8,0.5333333333333333,0.26666666666666666,Temporal_Sequential_Context,3,0.75,1.672905595320056,0,0,0,1,3,0
2783,15,3,7,5,12,0.8,0.4666666666666667,0.3333333333333333,Turning_Dynamics,3,0.6,1.962806631693174,1,0,0,0,1,3
2784,15,6,4,5,9,0.6,0.26666666666666666,0.3333333333333333,Curvature_Geometry,3,0.6,1.889246428509158,2,3,0,0,0,0
2785,15,3,10,2,12,0.8,0.6666666666666666,0.13333333333333333,Turning_Dynamics,2,1.0,1.2419460322060458,0,0,0,0,0,2
2786,15,3,8,4,12,0.8,0.5333333333333333,0.26666666666666666,Turning_Dynamics,3,0.75,1.672905595320056,0,0,1,0,0,3
2787,15,15,0,0,0,0.0,0.0,0.0,,0,0.0,0.0,0,0,0,0,0,0
2788,15,3,3,9,12,0.8,0.2,0.6,Turning_Dynamics,3,0.3333333333333333,2.321928094887362,0,0,0,3,3,3
2789,15,3,10,2,12,0.8,0.6666666666666666,0.13333333333333333,Speed_Dynamics,2,1.0,1.2419460322060458,0,0,0,2,0,0
2790,15,1,10,4,14,0.9333333333333333,0.6666666666666666,0.26666666666666666,Turning_Dynamics,2,0.5,1.4256051990169436,0,0,0,0,2,2
2791,15,10,5,0,5,0.3333333333333333,0.3333333333333333,0.0,,0,0.0,0.9182958340544896,0,0,0,0,0,0
2792,15,3,12,0,12,0.8,0.8,0.0,,0,0.0,0.7219280948873623,0,0,0,0,0,0
2793,15,0,13,2,15,1.0,0.8666666666666667,0.13333333333333333,Temporal_Sequential_Context,1,0.5,0.6998428398862386,0,0,1,0,1,0
2794,15,6,5,4,9,0.6,0.3333333333333333,0.26666666666666666,Temporal_Sequential_Context,4,1.0,1.5655962303576019,0,0,0,0,4,0
2795,15,10,1,4,5,0.3333333333333333,0.06666666666666667,0.26666666666666666,Temporal_Sequential_Context,4,1.0,1.158938532350277,0,0,0,0,4,0
2796,15,6,4,5,9,0.6,0.26666666666666666,0.3333333333333333,Spatial_Reach_and_Route,3,0.6,1.889246428509158,2,0,3,0,0,0
2797,15,10,2,3,5,0.3333333333333333,0.13333333333333333,0.2,Turning_Dynamics,3,1.0,1.2419460322060458,0,0,0,0,0,3
2798,15,6,9,0,9,0.6,0.6,0.0,,0,0.0,0.9709505944546686,0,0,0,0,0,0
2799,15,6,4,5,9,0.6,0.26666666666666666,0.3333333333333333,Turning_Dynamics,3,0.6,1.8892464285091581,0,0,0,0,2,3
2800,15,6,4,5,9,0.6,0.26666666666666666,0.3333333333333333,Spatial_Reach_and_Route,3,0.6,1.8892464285091581,0,0,3,0,2,0
2801,15,3,5,7,12,0.8,0.3333333333333333,0.4666666666666667,Temporal_Sequential_Context,3,0.42857142857142855,2.2322628970242686,2,0,2,0,3,0
2802,15,1,11,3,14,0.9333333333333333,0.7333333333333333,0.2,Turning_Dynamics,1,0.3333333333333333,1.3699740752745009,0,0,0,1,1,1
2803,15,15,0,0,0,0.0,0.0,0.0,,0,0.0,0.0,0,0,0,0,0,0
2804,15,3,9,3,12,0.8,0.6,0.2,Spatial_Reach_and_Route,1,0.3333333333333333,1.6879430945989,1,1,1,0,0,0
2805,15,3,6,6,12,0.8,0.4,0.4,Temporal_Sequential_Context,2,0.3333333333333333,2.155913095175825,2,2,0,0,2,0
2806,15,0,12,3,15,1.0,0.8,0.2,Temporal_Sequential_Context,1,0.3333333333333333,1.0389205950315936,1,1,0,0,1,0
2807,15,1,12,2,14,0.9333333333333333,0.8,0.13333333333333333,Curvature_Geometry,2,1.0,0.9055872616982603,0,2,0,0,0,0
2808,15,0,13,2,15,1.0,0.8666666666666667,0.13333333333333333,Spatial_Reach_and_Route,1,0.5,0.6998428398862386,0,1,1,0,0,0
2809,15,1,6,8,14,0.9333333333333333,0.4,0.5333333333333333,Temporal_Sequential_Context,2,0.25,2.339572261986723,0,2,2,2,2,0
2810,15,1,8,6,14,0.9333333333333333,0.5333333333333333,0.4,Temporal_Sequential_Context,2,0.3333333333333333,1.9068905956085187,0,2,2,0,2,0
2811,15,0,14,1,15,1.0,0.9333333333333333,0.06666666666666667,Spatial_Reach_and_Route,1,1.0,0.35335933502142136,0,0,1,0,0,0
2812,15,1,14,0,14,0.9333333333333333,0.9333333333333333,0.0,,0,0.0,0.35335933502142136,0,0,0,0,0,0
2813,15,3,7,5,12,0.8,0.4666666666666667,0.3333333333333333,Spatial_Reach_and_Route,2,0.4,2.0131324651707385,0,2,2,0,0,1
2814,15,15,0,0,0,0.0,0.0,0.0,,0,0.0,0.0,0,0,0,0,0,0
2815,15,3,10,2,12,0.8,0.6666666666666666,0.13333333333333333,Turning_Dynamics,1,0.5,1.3752793655393791,1,0,0,0,0,1
2816,15,10,4,1,5,0.3333333333333333,0.26666666666666666,0.06666666666666667,Temporal_Sequential_Context,1,1.0,1.158938532350277,0,0,0,0,1,0
2817,15,0,12,3,15,1.0,0.8,0.2,Turning_Dynamics,1,0.3333333333333333,1.0389205950315936,0,0,1,1,0,1
2818,15,6,9,0,9,0.6,0.6,0.0,,0,0.0,0.9709505944546686,0,0,0,0,0,0
2819,15,10,2,3,5,0.3333333333333333,0.13333333333333333,0.2,Spatial_Reach_and_Route,3,1.0,1.2419460322060458,0,0,3,0,0,0
2820,15,6,3,6,9,0.6,0.2,0.4,Temporal_Sequential_Context,3,0.5,1.9219280948873623,0,3,0,0,3,0
2821,15,10,2,3,5,0.3333333333333333,0.13333333333333333,0.2,Curvature_Geometry,3,1.0,1.2419460322060458,0,3,0,0,0,0
2822,15,6,7,2,9,0.6,0.4666666666666667,0.13333333333333333,Turning_Dynamics,2,1.0,1.4294732983598406,0,0,0,0,0,2
2823,15,6,4,5,9,0.6,0.26666666666666666,0.3333333333333333,Turning_Dynamics,3,0.6,1.8892464285091581,0,2,0,0,0,3
2824,15,6,9,0,9,0.6,0.6,0.0,,0,0.0,0.9709505944546686,0,0,0,0,0,0
2825,15,1,10,4,14,0.9333333333333333,0.6666666666666666,0.26666666666666666,Turning_Dynamics,2,0.5,1.4256051990169436,0,0,0,0,2,2
2826,15,3,4,8,12,0.8,0.26666666666666666,0.5333333333333333,Speed_Dynamics,3,0.375,2.2892464285091583,2,0,3,3,0,0
2827,15,10,5,0,5,0.3333333333333333,0.3333333333333333,0.0,,0,0.0,0.9182958340544896,0,0,0,0,0,0
2828,15,1,9,5,14,0.9333333333333333,0.6,0.3333333333333333,Acceleration_Dynamics,2,0.4,1.8716022614097982,2,0,1,1,0,1
2829,15,0,10,5,15,1.0,0.6666666666666666,0.3333333333333333,Turning_Dynamics,1,0.2,1.6922718656836104,0,1,1,1,1,1
2830,15,10,5,0,5,0.3333333333333333,0.3333333333333333,0.0,,0,0.0,0.9182958340544896,0,0,0,0,0,0
2831,15,6,6,3,9,0.6,0.4,0.2,Temporal_Sequential_Context,2,0.6666666666666666,1.70558726169826,0,0,0,1,2,0
2832,15,3,10,2,12,0.8,0.6666666666666666,0.13333333333333333,Temporal_Sequential_Context,1,0.5,1.3752793655393791,0,1,0,0,1,0
2833,15,1,7,7,14,0.9333333333333333,0.4666666666666667,0.4666666666666667,Temporal_Sequential_Context,2,0.2857142857142857,2.1967916319816365,2,2,0,1,2,0
2834,15,6,1,8,9,0.6,0.06666666666666667,0.5333333333333333,Turning_Dynamics,4,0.5,1.8062389286533895,0,4,0,0,0,4
2835,15,3,11,1,12,0.8,0.7333333333333333,0.06666666666666667,Spatial_Reach_and_Route,1,1.0,1.0529815751302694,0,0,1,0,0,0
2836,15,3,10,2,12,0.8,0.6666666666666666,0.13333333333333333,Temporal_Sequential_Context,1,0.5,1.3752793655393791,0,0,1,0,1,0
2837,15,6,7,2,9,0.6,0.4666666666666667,0.13333333333333333,Speed_Dynamics,2,1.0,1.4294732983598406,0,0,0,2,0,0
2838,15,6,2,7,9,0.6,0.13333333333333333,0.4666666666666667,Acceleration_Dynamics,4,0.5714285714285714,1.889246428509158,4,0,0,0,0,3
2839,15,1,9,5,14,0.9333333333333333,0.6,0.3333333333333333,Spatial_Reach_and_Route,2,0.4,1.871602261409798,1,0,2,0,1,1
2840,15,6,5,4,9,0.6,0.3333333333333333,0.26666666666666666,Temporal_Sequential_Context,2,0.5,1.8322628970242687,0,0,0,2,2,0
2841,15,1,10,4,14,0.9333333333333333,0.6666666666666666,0.26666666666666666,Turning_Dynamics,2,0.5,1.5589385323502771,1,0,1,0,0,2
2842,15,10,2,3,5,0.3333333333333333,0.13333333333333333,0.2,Acceleration_Dynamics,3,1.0,1.2419460322060458,3,0,0,0,0,0
2843,15,3,5,7,12,0.8,0.3333333333333333,0.4666666666666667,Turning_Dynamics,3,0.42857142857142855,2.181937063546704,3,0,0,1,0,3
2844,15,0,12,3,15,1.0,0.8,0.2,Speed_Dynamics,1,0.3333333333333333,1.0389205950315936,1,0,1,1,0,0
2845,15,3,5,7,12,0.8,0.3333333333333333,0.4666666666666667,Turning_Dynamics,3,0.42857142857142855,2.2322628970242686,2,0,0,0,2,3
2846,15,1,14,0,14,0.9333333333333333,0.9333333333333333,0.0,,0,0.0,0.35335933502142136,0,0,0,0,0,0
2847,15,1,9,5,14,0.9333333333333333,0.6,0.3333333333333333,Turning_Dynamics,2,0.4,1.871602261409798,1,0,1,0,1,2
2848,15,1,11,3,14,0.9333333333333333,0.7333333333333333,0.2,Speed_Dynamics,1,0.3333333333333333,1.3699740752745009,0,1,1,1,0,0
2849,15,6,2,7,9,0.6,0.13333333333333333,0.4666666666666667,Curvature_Geometry,4,0.5714285714285714,1.8892464285091581,0,4,3,0,0,0
2850,15,3,6,6,12,0.8,0.4,0.4,Temporal_Sequential_Context,3,0.5,2.1055872616982603,0,1,0,2,3,0
2851,15,10,3,2,5,0.3333333333333333,0.2,0.13333333333333333,Curvature_Geometry,2,1.0,1.2419460322060458,0,2,0,0,0,0
2852,15,0,15,0,15,1.0,1.0,0.0,,0,0.0,0.0,0,0,0,0,0,0
2853,15,3,8,4,12,0.8,0.5333333333333333,0.26666666666666666,Turning_Dynamics,3,0.75,1.6729055953200562,0,0,1,0,0,3
2854,15,3,9,3,12,0.8,0.6,0.2,Turning_Dynamics,3,1.0,1.3709505944546687,0,0,0,0,0,3
2855,15,15,0,0,0,0.0,0.0,0.0,,0,0.0,0.0,0,0,0,0,0,0
2856,15,3,5,7,12,0.8,0.3333333333333333,0.4666666666666667,Speed_Dynamics,3,0.42857142857142855,2.181937063546704,0,0,3,3,1,0
2857,15,10,1,4,5,0.3333333333333333,0.06666666666666667,0.26666666666666666,Spatial_Reach_and_Route,4,1.0,1.158938532350277,0,0,4,0,0,0
2858,15,0,10,5,15,1.0,0.6666666666666666,0.3333333333333333,Turning_Dynamics,1,0.2,1.6922718656836107,1,1,1,0,1,1
2859,15,3,8,4,12,0.8,0.5333333333333333,0.26666666666666666,Curvature_Geometry,2,0.5,1.8565647621309542,0,2,0,0,1,1
2860,15,10,4,1,5,0.3333333333333333,0.26666666666666666,0.06666666666666667,Curvature_Geometry,1,1.0,1.158938532350277,0,1,0,0,0,0
2861,15,10,2,3,5,0.3333333333333333,0.13333333333333333,0.2,Acceleration_Dynamics,3,1.0,1.2419460322060458,3,0,0,0,0,0
2862,15,0,15,0,15,1.0,1.0,0.0,,0,0.0,0.0,0,0,0,0,0,0
2863,15,3,12,0,12,0.8,0.8,0.0,,0,0.0,0.7219280948873623,0,0,0,0,0,0
2864,15,6,7,2,9,0.6,0.4666666666666667,0.13333333333333333,Curvature_Geometry,2,1.0,1.4294732983598406,0,2,0,0,0,0
2865,15,6,3,6,9,0.6,0.2,0.4,Temporal_Sequential_Context,3,0.5,1.9219280948873623,0,3,0,0,3,0
2866,15,10,0,5,5,0.3333333333333333,0.0,0.3333333333333333,Curvature_Geometry,5,1.0,0.9182958340544896,0,5,0,0,0,0
2867,15,1,11,3,14,0.9333333333333333,0.7333333333333333,0.2,Temporal_Sequential_Context,2,0.6666666666666666,1.2366407419411674,0,0,1,0,2,0
2868,15,3,6,6,12,0.8,0.4,0.4,Temporal_Sequential_Context,3,0.5,2.1055872616982603,0,1,0,2,3,0
2869,15,3,5,7,12,0.8,0.3333333333333333,0.4666666666666667,Temporal_Sequential_Context,3,0.42857142857142855,2.181937063546704,0,1,0,3,3,0
2870,15,1,10,4,14,0.9333333333333333,0.6666666666666666,0.26666666666666666,Temporal_Sequential_Context,1,0.25,1.6922718656836107,1,1,1,0,1,0
2871,15,10,3,2,5,0.3333333333333333,0.2,0.13333333333333333,Curvature_Geometry,2,1.0,1.2419460322060458,0,2,0,0,0,0
2872,15,1,10,4,14,0.9333333333333333,0.6666666666666666,0.26666666666666666,Speed_Dynamics,2,0.5,1.4256051990169438,2,0,0,2,0,0
2873,15,1,6,8,14,0.9333333333333333,0.4,0.5333333333333333,Speed_Dynamics,2,0.25,2.3395722619867225,2,2,2,2,0,0
2874,15,3,6,6,12,0.8,0.4,0.4,Spatial_Reach_and_Route,2,0.3333333333333333,2.1559130951758245,2,2,2,0,0,0
2875,15,3,8,4,12,0.8,0.5333333333333333,0.26666666666666666,Curvature_Geometry,3,0.75,1.6729055953200562,0,3,0,0,0,1
2876,15,3,6,6,12,0.8,0.4,0.4,Acceleration_Dynamics,3,0.5,2.1055872616982603,3,0,0,0,2,1
2877,15,6,6,3,9,0.6,0.4,0.2,Acceleration_Dynamics,2,0.6666666666666666,1.7055872616982601,2,0,0,0,1,0
2878,15,6,4,5,9,0.6,0.26666666666666666,0.3333333333333333,Curvature_Geometry,4,0.8,1.8062389286533893,1,4,0,0,0,0
2879,15,10,2,3,5,0.3333333333333333,0.13333333333333333,0.2,Acceleration_Dynamics,3,1.0,1.2419460322060458,3,0,0,0,0,0
2880,15,6,2,7,9,0.6,0.13333333333333333,0.4666666666666667,Curvature_Geometry,4,0.5714285714285714,1.889246428509158,3,4,0,0,0,0
2881,15,1,6,8,14,0.9333333333333333,0.4,0.5333333333333333,Turning_Dynamics,2,0.25,2.339572261986723,2,2,0,0,2,2
2882,15,0,12,3,15,1.0,0.8,0.2,Spatial_Reach_and_Route,1,0.3333333333333333,1.0389205950315936,1,1,1,0,0,0
2883,15,6,4,5,9,0.6,0.26666666666666666,0.3333333333333333,Curvature_Geometry,3,0.6,1.8892464285091581,0,3,2,0,0,0
2884,15,1,7,7,14,0.9333333333333333,0.4666666666666667,0.4666666666666667,Turning_Dynamics,2,0.2857142857142857,2.196791631981637,2,2,1,0,0,2
2885,15,3,6,6,12,0.8,0.4,0.4,Temporal_Sequential_Context,2,0.3333333333333333,2.155913095175825,0,2,2,0,2,0
2886,15,3,7,5,12,0.8,0.4666666666666667,0.3333333333333333,Spatial_Reach_and_Route,2,0.4,2.0131324651707385,0,2,2,1,0,0
2887,15,1,6,8,14,0.9333333333333333,0.4,0.5333333333333333,Turning_Dynamics,2,0.25,2.339572261986723,0,2,2,2,0,2
2888,15,6,6,3,9,0.6,0.4,0.2,Curvature_Geometry,2,0.6666666666666666,1.7055872616982604,0,2,0,0,1,0
2889,15,0,15,0,15,1.0,1.0,0.0,,0,0.0,0.0,0,0,0,0,0,0
2890,15,1,7,7,14,0.9333333333333333,0.4666666666666667,0.4666666666666667,Spatial_Reach_and_Route,2,0.2857142857142857,2.1967916319816365,2,2,2,0,1,0
2891,15,6,1,8,9,0.6,0.06666666666666667,0.5333333333333333,Temporal_Sequential_Context,4,0.5,1.8062389286533895,0,0,4,0,4,0
2892,15,6,6,3,9,0.6,0.4,0.2,Spatial_Reach_and_Route,2,0.6666666666666666,1.7055872616982601,0,0,2,0,0,1
2893,15,1,11,3,14,0.9333333333333333,0.7333333333333333,0.2,Temporal_Sequential_Context,1,0.3333333333333333,1.3699740752745007,0,1,1,0,1,0
2894,15,1,9,5,14,0.9333333333333333,0.6,0.3333333333333333,Turning_Dynamics,2,0.4,1.871602261409798,0,1,1,0,1,2
2895,15,1,9,5,14,0.9333333333333333,0.6,0.3333333333333333,Temporal_Sequential_Context,2,0.4,1.871602261409798,0,1,1,0,2,1
2896,15,0,15,0,15,1.0,1.0,0.0,,0,0.0,0.0,0,0,0,0,0,0
2897,15,3,6,6,12,0.8,0.4,0.4,Curvature_Geometry,3,0.5,1.9219280948873623,3,3,0,0,0,0
2898,15,1,11,3,14,0.9333333333333333,0.7333333333333333,0.2,Curvature_Geometry,2,0.6666666666666666,1.2366407419411674,0,2,0,0,0,1
2899,15,3,6,6,12,0.8,0.4,0.4,Speed_Dynamics,2,0.3333333333333333,2.1559130951758245,2,2,0,2,0,0
2900,15,0,12,3,15,1.0,0.8,0.2,Speed_Dynamics,1,0.3333333333333333,1.0389205950315936,1,1,0,1,0,0
2901,15,1,9,5,14,0.9333333333333333,0.6,0.3333333333333333,Temporal_Sequential_Context,2,0.4,1.7382689280764645,1,2,0,0,2,0
2902,15,1,10,4,14,0.9333333333333333,0.6666666666666666,0.26666666666666666,Acceleration_Dynamics,2,0.5,1.5589385323502774,2,0,1,1,0,0
2903,15,1,6,8,14,0.9333333333333333,0.4,0.5333333333333333,Turning_Dynamics,2,0.25,2.339572261986723,2,0,2,2,0,2
2904,15,6,5,4,9,0.6,0.3333333333333333,0.26666666666666666,Speed_Dynamics,3,0.75,1.781937063546704,0,0,0,3,1,0
2905,15,3,10,2,12,0.8,0.6666666666666666,0.13333333333333333,Turning_Dynamics,2,1.0,1.2419460322060458,0,0,0,0,0,2
2906,15,3,3,9,12,0.8,0.2,0.6,Turning_Dynamics,3,0.3333333333333333,2.321928094887362,0,0,0,3,3,3
2907,15,3,9,3,12,0.8,0.6,0.2,Turning_Dynamics,1,0.3333333333333333,1.6879430945989,0,0,1,1,0,1
2908,15,3,11,1,12,0.8,0.7333333333333333,0.06666666666666667,Speed_Dynamics,1,1.0,1.0529815751302694,0,0,0,1,0,0
2909,15,1,9,5,14,0.9333333333333333,0.6,0.3333333333333333,Spatial_Reach_and_Route,2,0.4,1.871602261409798,1,0,2,1,0,1
2910,15,3,7,5,12,0.8,0.4666666666666667,0.3333333333333333,Curvature_Geometry,2,0.4,2.0131324651707385,2,2,0,0,0,1
2911,15,1,12,2,14,0.9333333333333333,0.8,0.13333333333333333,Spatial_Reach_and_Route,1,0.5,1.0389205950315936,0,1,1,0,0,0
2912,15,6,5,4,9,0.6,0.3333333333333333,0.26666666666666666,Turning_Dynamics,2,0.5,1.8322628970242687,0,0,2,0,0,2
2913,15,3,7,5,12,0.8,0.4666666666666667,0.3333333333333333,Turning_Dynamics,2,0.4,2.0131324651707385,0,2,1,0,0,2
2914,15,1,13,1,14,0.9333333333333333,0.8666666666666667,0.06666666666666667,Spatial_Reach_and_Route,1,1.0,0.6998428398862386,0,0,1,0,0,0
2915,15,10,2,3,5,0.3333333333333333,0.13333333333333333,0.2,Spatial_Reach_and_Route,3,1.0,1.2419460322060458,0,0,3,0,0,0
2916,15,6,7,2,9,0.6,0.4666666666666667,0.13333333333333333,Temporal_Sequential_Context,1,0.5,1.5628066316931741,0,0,1,0,1,0
2917,15,3,9,3,12,0.8,0.6,0.2,Spatial_Reach_and_Route,1,0.3333333333333333,1.6879430945989,1,1,1,0,0,0
2918,15,1,14,0,14,0.9333333333333333,0.9333333333333333,0.0,,0,0.0,0.35335933502142136,0,0,0,0,0,0
2919,15,3,5,7,12,0.8,0.3333333333333333,0.4666666666666667,Turning_Dynamics,3,0.42857142857142855,2.2322628970242686,0,0,2,0,2,3
2920,15,3,11,1,12,0.8,0.7333333333333333,0.06666666666666667,Curvature_Geometry,1,1.0,1.0529815751302694,0,1,0,0,0,0
2921,15,1,13,1,14,0.9333333333333333,0.8666666666666667,0.06666666666666667,Curvature_Geometry,1,1.0,0.6998428398862386,0,1,0,0,0,0
2922,15,0,15,0,15,1.0,1.0,0.0,,0,0.0,0.0,0,0,0,0,0,0
2923,15,1,11,3,14,0.9333333333333333,0.7333333333333333,0.2,Temporal_Sequential_Context,2,0.6666666666666666,1.2366407419411674,0,1,0,0,2,0
2924,15,1,8,6,14,0.9333333333333333,0.5333333333333333,0.4,Speed_Dynamics,2,0.3333333333333333,2.040223928941852,2,0,1,2,0,1
2925,15,1,9,5,14,0.9333333333333333,0.6,0.3333333333333333,Speed_Dynamics,2,0.4,1.7382689280764647,2,0,0,2,0,1
2926,15,1,14,0,14,0.9333333333333333,0.9333333333333333,0.0,,0,0.0,0.35335933502142136,0,0,0,0,0,0
2927,15,1,10,4,14,0.9333333333333333,0.6666666666666666,0.26666666666666666,Turning_Dynamics,1,0.25,1.6922718656836107,1,0,1,0,1,1
2928,15,0,15,0,15,1.0,1.0,0.0,,0,0.0,0.0,0,0,0,0,0,0
2929,15,1,9,5,14,0.9333333333333333,0.6,0.3333333333333333,Curvature_Geometry,2,0.4,1.871602261409798,1,2,1,1,0,0
2930,15,1,13,1,14,0.9333333333333333,0.8666666666666667,0.06666666666666667,Acceleration_Dynamics,1,1.0,0.6998428398862386,1,0,0,0,0,0
2931,15,0,15,0,15,1.0,1.0,0.0,,0,0.0,0.0,0,0,0,0,0,0
2932,15,3,6,6,12,0.8,0.4,0.4,Turning_Dynamics,3,0.5,2.1055872616982603,2,0,1,0,0,3
2933,15,1,10,4,14,0.9333333333333333,0.6666666666666666,0.26666666666666666,Turning_Dynamics,2,0.5,1.4256051990169438,2,0,0,0,0,2
2934,15,0,12,3,15,1.0,0.8,0.2,Turning_Dynamics,1,0.3333333333333333,1.0389205950315936,0,0,1,1,0,1
2935,15,0,12,3,15,1.0,0.8,0.2,Turning_Dynamics,1,0.3333333333333333,1.0389205950315936,0,1,0,0,1,1
2936,15,3,11,1,12,0.8,0.7333333333333333,0.06666666666666667,Acceleration_Dynamics,1,1.0,1.0529815751302694,1,0,0,0,0,0
2937,15,6,5,4,9,0.6,0.3333333333333333,0.26666666666666666,Temporal_Sequential_Context,2,0.5,1.8322628970242685,2,0,0,0,2,0
2938,15,3,9,3,12,0.8,0.6,0.2,Turning_Dynamics,2,0.6666666666666666,1.5546097612655665,0,0,0,1,0,2
2939,15,3,12,0,12,0.8,0.8,0.0,,0,0.0,0.7219280948873623,0,0,0,0,0,0
2940,15,6,4,5,9,0.6,0.26666666666666666,0.3333333333333333,Temporal_Sequential_Context,3,0.6,1.889246428509158,2,0,0,0,3,0
2941,15,10,4,1,5,0.3333333333333333,0.26666666666666666,0.06666666666666667,Curvature_Geometry,1,1.0,1.158938532350277,0,1,0,0,0,0
2942,15,3,8,4,12,0.8,0.5333333333333333,0.26666666666666666,Speed_Dynamics,3,0.75,1.6729055953200562,0,0,0,3,0,1
2943,15,3,10,2,12,0.8,0.6666666666666666,0.13333333333333333,Temporal_Sequential_Context,2,1.0,1.2419460322060458,0,0,0,0,2,0
2944,15,15,0,0,0,0.0,0.0,0.0,,0,0.0,0.0,0,0,0,0,0,0
2945,15,10,5,0,5,0.3333333333333333,0.3333333333333333,0.0,,0,0.0,0.9182958340544896,0,0,0,0,0,0
2946,15,6,6,3,9,0.6,0.4,0.2,Turning_Dynamics,2,0.6666666666666666,1.7055872616982601,0,0,0,1,0,2
2947,15,6,2,7,9,0.6,0.13333333333333333,0.4666666666666667,Turning_Dynamics,4,0.5714285714285714,1.8892464285091581,0,0,0,0,3,4
2948,15,0,14,1,15,1.0,0.9333333333333333,0.06666666666666667,Turning_Dynamics,1,1.0,0.35335933502142136,0,0,0,0,0,1
2949,15,15,0,0,0,0.0,0.0,0.0,,0,0.0,0.0,0,0,0,0,0,0
2950,15,1,6,8,14,0.9333333333333333,0.4,0.5333333333333333,Temporal_Sequential_Context,2,0.25,2.339572261986723,0,2,2,2,2,0
2951,15,0,13,2,15,1.0,0.8666666666666667,0.13333333333333333,Temporal_Sequential_Context,1,0.5,0.6998428398862386,1,0,0,0,1,0
2952,15,1,8,6,14,0.9333333333333333,0.5333333333333333,0.4,Speed_Dynamics,2,0.3333333333333333,1.9068905956085187,0,2,2,2,0,0
2953,15,6,3,6,9,0.6,0.2,0.4,Speed_Dynamics,3,0.5,1.9219280948873623,0,0,3,3,0,0
2954,15,6,5,4,9,0.6,0.3333333333333333,0.26666666666666666,Temporal_Sequential_Context,2,0.5,1.8322628970242685,0,2,0,0,2,0
2955,15,6,4,5,9,0.6,0.26666666666666666,0.3333333333333333,Acceleration_Dynamics,3,0.6,1.889246428509158,3,2,0,0,0,0
2956,15,6,7,2,9,0.6,0.4666666666666667,0.13333333333333333,Speed_Dynamics,2,1.0,1.4294732983598406,0,0,0,2,0,0
2957,15,3,7,5,12,0.8,0.4666666666666667,0.3333333333333333,Turning_Dynamics,2,0.4,2.0131324651707385,0,1,2,0,0,2
2958,15,3,9,3,12,0.8,0.6,0.2,Turning_Dynamics,1,0.3333333333333333,1.6879430945989,0,0,0,1,1,1
2959,15,3,12,0,12,0.8,0.8,0.0,,0,0.0,0.7219280948873623,0,0,0,0,0,0
2960,15,6,3,6,9,0.6,0.2,0.4,Turning_Dynamics,3,0.5,1.9219280948873623,0,0,0,3,0,3
2961,15,10,3,2,5,0.3333333333333333,0.2,0.13333333333333333,Curvature_Geometry,2,1.0,1.2419460322060458,0,2,0,0,0,0
2962,15,6,9,0,9,0.6,0.6,0.0,,0,0.0,0.9709505944546686,0,0,0,0,0,0
2963,15,6,8,1,9,0.6,0.5333333333333333,0.06666666666666667,Curvature_Geometry,1,1.0,1.272905595320056,0,1,0,0,0,0
2964,15,3,10,2,12,0.8,0.6666666666666666,0.13333333333333333,Temporal_Sequential_Context,1,0.5,1.3752793655393791,0,0,0,1,1,0
2965,15,10,3,2,5,0.3333333333333333,0.2,0.13333333333333333,Curvature_Geometry,2,1.0,1.2419460322060458,0,2,0,0,0,0
2966,15,3,9,3,12,0.8,0.6,0.2,Turning_Dynamics,1,0.3333333333333333,1.6879430945989,1,0,1,0,0,1
2967,15,0,14,1,15,1.0,0.9333333333333333,0.06666666666666667,Spatial_Reach_and_Route,1,1.0,0.35335933502142136,0,0,1,0,0,0
2968,15,1,12,2,14,0.9333333333333333,0.8,0.13333333333333333,Temporal_Sequential_Context,1,0.5,1.0389205950315936,0,1,0,0,1,0
2969,15,10,1,4,5,0.3333333333333333,0.06666666666666667,0.26666666666666666,Speed_Dynamics,4,1.0,1.158938532350277,0,0,0,4,0,0
2970,15,10,5,0,5,0.3333333333333333,0.3333333333333333,0.0,,0,0.0,0.9182958340544896,0,0,0,0,0,0
2971,15,10,4,1,5,0.3333333333333333,0.26666666666666666,0.06666666666666667,Acceleration_Dynamics,1,1.0,1.1589385323502772,1,0,0,0,0,0
2972,15,3,11,1,12,0.8,0.7333333333333333,0.06666666666666667,Speed_Dynamics,1,1.0,1.0529815751302694,0,0,0,1,0,0
2973,15,6,3,6,9,0.6,0.2,0.4,Speed_Dynamics,4,0.6666666666666666,1.8892464285091581,0,0,0,4,2,0
2974,15,3,6,6,12,0.8,0.4,0.4,Temporal_Sequential_Context,2,0.3333333333333333,2.1559130951758245,0,2,2,0,2,0
2975,15,6,6,3,9,0.6,0.4,0.2,Temporal_Sequential_Context,3,1.0,1.5219280948873621,0,0,0,0,3,0
2976,15,6,5,4,9,0.6,0.3333333333333333,0.26666666666666666,Speed_Dynamics,3,0.75,1.781937063546704,0,1,0,3,0,0
2977,15,3,8,4,12,0.8,0.5333333333333333,0.26666666666666666,Temporal_Sequential_Context,2,0.5,1.8565647621309542,0,1,0,0,2,1
2978,15,6,7,2,9,0.6,0.4666666666666667,0.13333333333333333,Speed_Dynamics,2,1.0,1.4294732983598406,0,0,0,2,0,0
2979,15,6,3,6,9,0.6,0.2,0.4,Spatial_Reach_and_Route,4,0.6666666666666666,1.8892464285091581,0,0,4,0,0,2
2980,15,6,4,5,9,0.6,0.26666666666666666,0.3333333333333333,Acceleration_Dynamics,3,0.6,1.889246428509158,3,0,2,0,0,0
2981,15,3,10,2,12,0.8,0.6666666666666666,0.13333333333333333,Speed_Dynamics,1,0.5,1.3752793655393791,0,0,1,1,0,0
2982,15,3,9,3,12,0.8,0.6,0.2,Turning_Dynamics,1,0.3333333333333333,1.6879430945989,1,0,0,0,1,1
2983,15,1,14,0,14,0.9333333333333333,0.9333333333333333,0.0,,0,0.0,0.35335933502142136,0,0,0,0,0,0
2984,15,10,4,1,5,0.3333333333333333,0.26666666666666666,0.06666666666666667,Temporal_Sequential_Context,1,1.0,1.158938532350277,0,0,0,0,1,0
2985,15,1,11,3,14,0.9333333333333333,0.7333333333333333,0.2,Temporal_Sequential_Context,1,0.3333333333333333,1.3699740752745009,0,0,1,1,1,0
2986,15,10,2,3,5,0.3333333333333333,0.13333333333333333,0.2,Curvature_Geometry,3,1.0,1.2419460322060458,0,3,0,0,0,0
2987,15,10,1,4,5,0.3333333333333333,0.06666666666666667,0.26666666666666666,Turning_Dynamics,4,1.0,1.158938532350277,0,0,0,0,0,4
2988,15,6,6,3,9,0.6,0.4,0.2,Turning_Dynamics,2,0.6666666666666666,1.7055872616982601,1,0,0,0,0,2
2989,15,6,7,2,9,0.6,0.4666666666666667,0.13333333333333333,Turning_Dynamics,2,1.0,1.4294732983598406,0,0,0,0,0,2
2990,15,6,5,4,9,0.6,0.3333333333333333,0.26666666666666666,Curvature_Geometry,3,0.75,1.781937063546704,1,3,0,0,0,0
2991,15,6,9,0,9,0.6,0.6,0.0,,0,0.0,0.9709505944546686,0,0,0,0,0,0
2992,15,15,0,0,0,0.0,0.0,0.0,,0,0.0,0.0,0,0,0,0,0,0
2993,15,6,6,3,9,0.6,0.4,0.2,Speed_Dynamics,2,0.6666666666666666,1.7055872616982601,1,0,0,2,0,0
2994,15,6,8,1,9,0.6,0.5333333333333333,0.06666666666666667,Temporal_Sequential_Context,1,1.0,1.272905595320056,0,0,0,0,1,0
2995,15,3,10,2,12,0.8,0.6666666666666666,0.13333333333333333,Turning_Dynamics,1,0.5,1.3752793655393791,0,0,0,0,1,1
2996,15,10,3,2,5,0.3333333333333333,0.2,0.13333333333333333,Spatial_Reach_and_Route,2,1.0,1.2419460322060458,0,0,2,0,0,0
2997,15,6,9,0,9,0.6,0.6,0.0,,0,0.0,0.9709505944546686,0,0,0,0,0,0
2998,15,15,0,0,0,0.0,0.0,0.0,,0,0.0,0.0,0,0,0,0,0,0
2999,15,10,5,0,5,0.3333333333333333,0.3333333333333333,0.0,,0,0.0,0.9182958340544896,0,0,0,0,0,0
3000,15,3,7,5,12,0.8,0.4666666666666667,0.3333333333333333,Curvature_Geometry,3,0.6,1.9628066316931743,0,3,1,0,0,1
3001,15,10,3,2,5,0.3333333333333333,0.2,0.13333333333333333,Curvature_Geometry,2,1.0,1.2419460322060458,0,2,0,0,0,0
3002,15,1,10,4,14,0.9333333333333333,0.6666666666666666,0.26666666666666666,Speed_Dynamics,2,0.5,1.4256051990169438,0,2,0,2,0,0
3003,15,3,8,4,12,0.8,0.5333333333333333,0.26666666666666666,Acceleration_Dynamics,2,0.5,1.8565647621309542,2,1,0,0,1,0
3004,15,1,6,8,14,0.9333333333333333,0.4,0.5333333333333333,Turning_Dynamics,2,0.25,2.339572261986723,2,2,2,0,0,2
3005,15,3,5,7,12,0.8,0.3333333333333333,0.4666666666666667,Curvature_Geometry,3,0.42857142857142855,2.2322628970242686,0,3,0,0,2,2
3006,15,6,2,7,9,0.6,0.13333333333333333,0.4666666666666667,Spatial_Reach_and_Route,4,0.5714285714285714,1.889246428509158,0,3,4,0,0,0
3007,15,0,15,0,15,1.0,1.0,0.0,,0,0.0,0.0,0,0,0,0,0,0
3008,15,1,10,4,14,0.9333333333333333,0.6666666666666666,0.26666666666666666,Temporal_Sequential_Context,2,0.5,1.4256051990169438,0,0,2,0,2,0
3009,15,0,13,2,15,1.0,0.8666666666666667,0.13333333333333333,Turning_Dynamics,1,0.5,0.6998428398862386,0,0,0,1,0,1
3010,15,10,2,3,5,0.3333333333333333,0.13333333333333333,0.2,Temporal_Sequential_Context,3,1.0,1.2419460322060458,0,0,0,0,3,0
3011,15,1,8,6,14,0.9333333333333333,0.5333333333333333,0.4,Speed_Dynamics,2,0.3333333333333333,2.040223928941852,0,2,1,2,1,0
3012,15,3,7,5,12,0.8,0.4666666666666667,0.3333333333333333,Speed_Dynamics,3,0.6,1.8294732983598407,0,0,2,3,0,0
3013,15,0,13,2,15,1.0,0.8666666666666667,0.13333333333333333,Spatial_Reach_and_Route,1,0.5,0.6998428398862386,0,1,1,0,0,0
3014,15,3,5,7,12,0.8,0.3333333333333333,0.4666666666666667,Temporal_Sequential_Context,3,0.42857142857142855,2.181937063546704,0,0,1,3,3,0
3015,15,1,8,6,14,0.9333333333333333,0.5333333333333333,0.4,Turning_Dynamics,2,0.3333333333333333,1.9068905956085187,0,0,2,0,2,2
3016,15,0,11,4,15,1.0,0.7333333333333333,0.26666666666666666,Temporal_Sequential_Context,1,0.25,1.3699740752745009,1,0,1,1,1,0
3017,15,1,12,2,14,0.9333333333333333,0.8,0.13333333333333333,Spatial_Reach_and_Route,2,1.0,0.9055872616982603,0,0,2,0,0,0
3018,15,1,11,3,14,0.9333333333333333,0.7333333333333333,0.2,Spatial_Reach_and_Route,2,0.6666666666666666,1.2366407419411674,0,0,2,0,1,0
3019,15,0,12,3,15,1.0,0.8,0.2,Speed_Dynamics,1,0.3333333333333333,1.0389205950315936,1,0,1,1,0,0
3020,15,0,12,3,15,1.0,0.8,0.2,Temporal_Sequential_Context,1,0.3333333333333333,1.0389205950315936,1,0,1,0,1,0
3021,15,0,13,2,15,1.0,0.8666666666666667,0.13333333333333333,Temporal_Sequential_Context,1,0.5,0.6998428398862386,0,0,1,0,1,0
3022,15,1,12,2,14,0.9333333333333333,0.8,0.13333333333333333,Spatial_Reach_and_Route,2,1.0,0.9055872616982603,0,0,2,0,0,0
3023,15,1,6,8,14,0.9333333333333333,0.4,0.5333333333333333,Temporal_Sequential_Context,2,0.25,2.3395722619867225,2,0,2,2,2,0
3024,15,1,6,8,14,0.9333333333333333,0.4,0.5333333333333333,Speed_Dynamics,2,0.25,2.3395722619867225,2,2,2,2,0,0
3025,15,3,6,6,12,0.8,0.4,0.4,Temporal_Sequential_Context,2,0.3333333333333333,2.155913095175825,2,0,2,0,2,0
3026,15,0,15,0,15,1.0,1.0,0.0,,0,0.0,0.0,0,0,0,0,0,0
3027,15,1,6,8,14,0.9333333333333333,0.4,0.5333333333333333,Temporal_Sequential_Context,2,0.25,2.3395722619867225,2,0,2,2,2,0
3028,15,0,15,0,15,1.0,1.0,0.0,,0,0.0,0.0,0,0,0,0,0,0
3029,15,0,13,2,15,1.0,0.8666666666666667,0.13333333333333333,Turning_Dynamics,1,0.5,0.6998428398862386,0,0,1,0,0,1
3030,15,3,9,3,12,0.8,0.6,0.2,Acceleration_Dynamics,3,1.0,1.3709505944546687,3,0,0,0,0,0
3031,15,3,10,2,12,0.8,0.6666666666666666,0.13333333333333333,Turning_Dynamics,1,0.5,1.3752793655393791,0,1,0,0,0,1
3032,15,6,7,2,9,0.6,0.4666666666666667,0.13333333333333333,Temporal_Sequential_Context,2,1.0,1.4294732983598406,0,0,0,0,2,0
3033,15,10,3,2,5,0.3333333333333333,0.2,0.13333333333333333,Curvature_Geometry,2,1.0,1.2419460322060458,0,2,0,0,0,0
3034,15,10,5,0,5,0.3333333333333333,0.3333333333333333,0.0,,0,0.0,0.9182958340544896,0,0,0,0,0,0
3035,15,6,8,1,9,0.6,0.5333333333333333,0.06666666666666667,Speed_Dynamics,1,1.0,1.272905595320056,0,0,0,1,0,0
3036,15,3,10,2,12,0.8,0.6666666666666666,0.13333333333333333,Turning_Dynamics,1,0.5,1.3752793655393794,0,1,0,0,0,1
3037,15,15,0,0,0,0.0,0.0,0.0,,0,0.0,0.0,0,0,0,0,0,0
3038,15,6,7,2,9,0.6,0.4666666666666667,0.13333333333333333,Turning_Dynamics,2,1.0,1.4294732983598406,0,0,0,0,0,2
3039,15,10,2,3,5,0.3333333333333333,0.13333333333333333,0.2,Turning_Dynamics,3,1.0,1.2419460322060458,0,0,0,0,0,3
3040,15,1,12,2,14,0.9333333333333333,0.8,0.13333333333333333,Turning_Dynamics,2,1.0,0.9055872616982603,0,0,0,0,0,2
3041,15,10,0,5,5,0.3333333333333333,0.0,0.3333333333333333,Turning_Dynamics,5,1.0,0.9182958340544896,0,0,0,0,0,5
3042,15,6,6,3,9,0.6,0.4,0.2,Turning_Dynamics,2,0.6666666666666666,1.7055872616982601,0,1,0,0,0,2
3043,15,3,9,3,12,0.8,0.6,0.2,Speed_Dynamics,1,0.3333333333333333,1.6879430945989,1,1,0,1,0,0
3044,15,10,4,1,5,0.3333333333333333,0.26666666666666666,0.06666666666666667,Speed_Dynamics,1,1.0,1.158938532350277,0,0,0,1,0,0
3045,15,1,11,3,14,0.9333333333333333,0.7333333333333333,0.2,Temporal_Sequential_Context,2,0.6666666666666666,1.2366407419411674,0,1,0,0,2,0
3046,15,1,14,0,14,0.9333333333333333,0.9333333333333333,0.0,,0,0.0,0.35335933502142136,0,0,0,0,0,0
3047,15,3,8,4,12,0.8,0.5333333333333333,0.26666666666666666,Temporal_Sequential_Context,2,0.5,1.856564762130954,0,1,0,1,2,0
3048,15,6,7,2,9,0.6,0.4666666666666667,0.13333333333333333,Turning_Dynamics,1,0.5,1.562806631693174,0,1,0,0,0,1
3049,15,1,10,4,14,0.9333333333333333,0.6666666666666666,0.26666666666666666,Turning_Dynamics,2,0.5,1.5589385323502771,0,1,0,1,0,2
3050,15,1,9,5,14,0.9333333333333333,0.6,0.3333333333333333,Turning_Dynamics,2,0.4,1.871602261409798,0,1,1,1,0,2
3051,15,1,11,3,14,0.9333333333333333,0.7333333333333333,0.2,Spatial_Reach_and_Route,2,0.6666666666666666,1.2366407419411674,1,0,2,0,0,0
3052,15,3,6,6,12,0.8,0.4,0.4,Spatial_Reach_and_Route,3,0.5,2.1055872616982603,0,0,3,1,2,0
3053,15,0,15,0,15,1.0,1.0,0.0,,0,0.0,0.0,0,0,0,0,0,0
3054,15,6,7,2,9,0.6,0.4666666666666667,0.13333333333333333,Temporal_Sequential_Context,1,0.5,1.562806631693174,0,1,0,0,1,0
3055,15,6,3,6,9,0.6,0.2,0.4,Turning_Dynamics,3,0.5,1.9219280948873623,3,0,0,0,0,3
3056,15,6,5,4,9,0.6,0.3333333333333333,0.26666666666666666,Curvature_Geometry,3,0.75,1.781937063546704,0,3,0,0,0,1
3057,15,6,7,2,9,0.6,0.4666666666666667,0.13333333333333333,Curvature_Geometry,2,1.0,1.4294732983598406,0,2,0,0,0,0
3058,15,6,7,2,9,0.6,0.4666666666666667,0.13333333333333333,Turning_Dynamics,2,1.0,1.4294732983598406,0,0,0,0,0,2
3059,15,6,7,2,9,0.6,0.4666666666666667,0.13333333333333333,Curvature_Geometry,2,1.0,1.4294732983598406,0,2,0,0,0,0
3060,15,6,9,0,9,0.6,0.6,0.0,,0,0.0,0.9709505944546686,0,0,0,0,0,0
3061,15,3,10,2,12,0.8,0.6666666666666666,0.13333333333333333,Turning_Dynamics,2,1.0,1.2419460322060458,0,0,0,0,0,2
3062,15,6,5,4,9,0.6,0.3333333333333333,0.26666666666666666,Turning_Dynamics,2,0.5,1.8322628970242685,0,2,0,0,0,2
3063,15,6,7,2,9,0.6,0.4666666666666667,0.13333333333333333,Turning_Dynamics,2,1.0,1.4294732983598406,0,0,0,0,0,2
3064,15,10,5,0,5,0.3333333333333333,0.3333333333333333,0.0,,0,0.0,0.9182958340544896,0,0,0,0,0,0
3065,15,3,10,2,12,0.8,0.6666666666666666,0.13333333333333333,Turning_Dynamics,1,0.5,1.3752793655393791,0,1,0,0,0,1
3066,15,10,2,3,5,0.3333333333333333,0.13333333333333333,0.2,Curvature_Geometry,3,1.0,1.2419460322060458,0,3,0,0,0,0
3067,15,10,3,2,5,0.3333333333333333,0.2,0.13333333333333333,Curvature_Geometry,2,1.0,1.2419460322060458,0,2,0,0,0,0
3068,15,3,9,3,12,0.8,0.6,0.2,Turning_Dynamics,3,1.0,1.3709505944546687,0,0,0,0,0,3
3069,15,3,12,0,12,0.8,0.8,0.0,,0,0.0,0.7219280948873623,0,0,0,0,0,0
3070,15,1,10,4,14,0.9333333333333333,0.6666666666666666,0.26666666666666666,Turning_Dynamics,2,0.5,1.4256051990169438,0,0,0,2,0,2
3071,15,1,10,4,14,0.9333333333333333,0.6666666666666666,0.26666666666666666,Speed_Dynamics,2,0.5,1.5589385323502771,1,0,0,2,0,1
3072,15,1,8,6,14,0.9333333333333333,0.5333333333333333,0.4,Spatial_Reach_and_Route,2,0.3333333333333333,2.040223928941852,2,0,2,1,0,1
3073,15,6,1,8,9,0.6,0.06666666666666667,0.5333333333333333,Temporal_Sequential_Context,4,0.5,1.8062389286533895,0,0,4,0,4,0
3074,15,0,15,0,15,1.0,1.0,0.0,,0,0.0,0.0,0,0,0,0,0,0
3075,15,6,1,8,9,0.6,0.06666666666666667,0.5333333333333333,Temporal_Sequential_Context,4,0.5,1.8062389286533895,0,4,0,0,4,0
3076,15,1,9,5,14,0.9333333333333333,0.6,0.3333333333333333,Curvature_Geometry,2,0.4,1.7382689280764647,2,2,0,0,1,0
3077,15,6,6,3,9,0.6,0.4,0.2,Curvature_Geometry,2,0.6666666666666666,1.7055872616982601,0,2,0,0,0,1
3078,15,3,6,6,12,0.8,0.4,0.4,Curvature_Geometry,3,0.5,1.9219280948873623,3,3,0,0,0,0
3079,15,10,0,5,5,0.3333333333333333,0.0,0.3333333333333333,Curvature_Geometry,5,1.0,0.9182958340544896,0,5,0,0,0,0
3080,15,1,12,2,14,0.9333333333333333,0.8,0.13333333333333333,Temporal_Sequential_Context,1,0.5,1.0389205950315936,0,1,0,0,1,0
3081,15,3,9,3,12,0.8,0.6,0.2,Curvature_Geometry,3,1.0,1.3709505944546687,0,3,0,0,0,0
3082,15,6,5,4,9,0.6,0.3333333333333333,0.26666666666666666,Curvature_Geometry,3,0.75,1.781937063546704,0,3,0,0,1,0
3083,15,1,10,4,14,0.9333333333333333,0.6666666666666666,0.26666666666666666,Turning_Dynamics,1,0.25,1.6922718656836107,1,1,0,0,1,1
3084,15,1,10,4,14,0.9333333333333333,0.6666666666666666,0.26666666666666666,Temporal_Sequential_Context,2,0.5,1.4256051990169438,0,2,0,0,2,0
3085,15,3,7,5,12,0.8,0.4666666666666667,0.3333333333333333,Curvature_Geometry,2,0.4,2.0131324651707385,2,2,0,0,0,1
3086,15,1,8,6,14,0.9333333333333333,0.5333333333333333,0.4,Turning_Dynamics,2,0.3333333333333333,1.9068905956085187,0,2,0,0,2,2
3087,15,6,5,4,9,0.6,0.3333333333333333,0.26666666666666666,Curvature_Geometry,2,0.5,1.8322628970242687,2,2,0,0,0,0
3088,15,3,10,2,12,0.8,0.6666666666666666,0.13333333333333333,Acceleration_Dynamics,2,1.0,1.2419460322060458,2,0,0,0,0,0
3089,15,6,8,1,9,0.6,0.5333333333333333,0.06666666666666667,Turning_Dynamics,1,1.0,1.272905595320056,0,0,0,0,0,1
3090,15,6,3,6,9,0.6,0.2,0.4,Temporal_Sequential_Context,3,0.5,1.9219280948873623,3,0,0,0,3,0
3091,15,1,6,8,14,0.9333333333333333,0.4,0.5333333333333333,Temporal_Sequential_Context,2,0.25,2.339572261986723,0,2,2,2,2,0
3092,15,1,12,2,14,0.9333333333333333,0.8,0.13333333333333333,Temporal_Sequential_Context,1,0.5,1.0389205950315936,1,0,0,0,1,0
3093,15,6,6,3,9,0.6,0.4,0.2,Speed_Dynamics,2,0.6666666666666666,1.7055872616982601,0,0,1,2,0,0
3094,15,0,14,1,15,1.0,0.9333333333333333,0.06666666666666667,Speed_Dynamics,1,1.0,0.35335933502142136,0,0,0,1,0,0
3095,15,1,8,6,14,0.9333333333333333,0.5333333333333333,0.4,Temporal_Sequential_Context,2,0.3333333333333333,2.040223928941852,1,0,2,1,2,0
3096,15,0,12,3,15,1.0,0.8,0.2,Temporal_Sequential_Context,1,0.3333333333333333,1.0389205950315936,0,1,1,0,1,0
3097,15,1,9,5,14,0.9333333333333333,0.6,0.3333333333333333,Turning_Dynamics,2,0.4,1.7382689280764647,2,0,0,0,1,2
3098,15,3,10,2,12,0.8,0.6666666666666666,0.13333333333333333,Turning_Dynamics,1,0.5,1.3752793655393791,0,0,0,1,0,1
3099,15,1,7,7,14,0.9333333333333333,0.4666666666666667,0.4666666666666667,Turning_Dynamics,2,0.2857142857142857,2.1967916319816365,1,0,0,2,2,2
3100,15,0,14,1,15,1.0,0.9333333333333333,0.06666666666666667,Temporal_Sequential_Context,1,1.0,0.35335933502142136,0,0,0,0,1,0
3101,15,0,10,5,15,1.0,0.6666666666666666,0.3333333333333333,Temporal_Sequential_Context,1,0.2,1.6922718656836107,1,1,1,1,1,0
3102,15,1,8,6,14,0.9333333333333333,0.5333333333333333,0.4,Turning_Dynamics,2,0.3333333333333333,2.040223928941852,1,0,2,1,0,2
3103,15,1,8,6,14,0.9333333333333333,0.5333333333333333,0.4,Temporal_Sequential_Context,2,0.3333333333333333,2.040223928941852,1,1,0,2,2,0
3104,15,3,9,3,12,0.8,0.6,0.2,Temporal_Sequential_Context,2,0.6666666666666666,1.5546097612655665,1,0,0,0,2,0
3105,15,1,9,5,14,0.9333333333333333,0.6,0.3333333333333333,Turning_Dynamics,2,0.4,1.7382689280764645,1,0,0,0,2,2
3106,15,1,8,6,14,0.9333333333333333,0.5333333333333333,0.4,Spatial_Reach_and_Route,2,0.3333333333333333,1.9068905956085187,2,2,2,0,0,0
3107,15,3,9,3,12,0.8,0.6,0.2,Speed_Dynamics,2,0.6666666666666666,1.5546097612655667,0,0,0,2,1,0
3108,15,1,10,4,14,0.9333333333333333,0.6666666666666666,0.26666666666666666,Speed_Dynamics,2,0.5,1.4256051990169438,0,0,2,2,0,0
3109,15,6,5,4,9,0.6,0.3333333333333333,0.26666666666666666,Temporal_Sequential_Context,4,1.0,1.565596230357602,0,0,0,0,4,0
3110,15,3,6,6,12,0.8,0.4,0.4,Spatial_Reach_and_Route,2,0.3333333333333333,2.1559130951758245,2,2,2,0,0,0
3111,15,0,10,5,15,1.0,0.6666666666666666,0.3333333333333333,Turning_Dynamics,1,0.2,1.6922718656836107,1,1,1,1,0,1
3112,15,1,11,3,14,0.9333333333333333,0.7333333333333333,0.2,Turning_Dynamics,1,0.3333333333333333,1.3699740752745009,0,0,1,1,0,1
3113,15,1,10,4,14,0.9333333333333333,0.6666666666666666,0.26666666666666666,Speed_Dynamics,2,0.5,1.4256051990169438,0,2,0,2,0,0
3114,15,1,14,0,14,0.9333333333333333,0.9333333333333333,0.0,,0,0.0,0.35335933502142136,0,0,0,0,0,0
3115,15,0,15,0,15,1.0,1.0,0.0,,0,0.0,0.0,0,0,0,0,0,0
3116,15,0,15,0,15,1.0,1.0,0.0,,0,0.0,0.0,0,0,0,0,0,0
3117,15,3,6,6,12,0.8,0.4,0.4,Acceleration_Dynamics,3,0.5,2.1055872616982603,3,2,0,1,0,0
3118,15,1,10,4,14,0.9333333333333333,0.6666666666666666,0.26666666666666666,Turning_Dynamics,1,0.25,1.6922718656836107,0,1,1,1,0,1
3119,15,0,14,1,15,1.0,0.9333333333333333,0.06666666666666667,Turning_Dynamics,1,1.0,0.35335933502142136,0,0,0,0,0,1
3120,15,3,6,6,12,0.8,0.4,0.4,Turning_Dynamics,2,0.3333333333333333,2.155913095175825,0,2,0,2,0,2
3121,15,0,11,4,15,1.0,0.7333333333333333,0.26666666666666666,Turning_Dynamics,1,0.25,1.3699740752745007,0,1,1,1,0,1
3122,15,1,13,1,14,0.9333333333333333,0.8666666666666667,0.06666666666666667,Turning_Dynamics,1,1.0,0.6998428398862386,0,0,0,0,0,1
3123,15,6,4,5,9,0.6,0.26666666666666666,0.3333333333333333,Speed_Dynamics,4,0.8,1.8062389286533895,0,1,0,4,0,0
3124,15,1,7,7,14,0.9333333333333333,0.4666666666666667,0.4666666666666667,Turning_Dynamics,2,0.2857142857142857,2.1967916319816365,0,2,2,1,0,2
3125,15,10,0,5,5,0.3333333333333333,0.0,0.3333333333333333,Speed_Dynamics,5,1.0,0.9182958340544896,0,0,0,5,0,0
3126,15,10,0,5,5,0.3333333333333333,0.0,0.3333333333333333,Spatial_Reach_and_Route,5,1.0,0.9182958340544896,0,0,5,0,0,0
3127,15,6,3,6,9,0.6,0.2,0.4,Turning_Dynamics,3,0.5,1.9219280948873623,0,0,0,0,3,3
3128,15,1,10,4,14,0.9333333333333333,0.6666666666666666,0.26666666666666666,Turning_Dynamics,1,0.25,1.6922718656836107,1,1,1,0,0,1
3129,15,15,0,0,0,0.0,0.0,0.0,,0,0.0,0.0,0,0,0,0,0,0
3130,15,6,9,0,9,0.6,0.6,0.0,,0,0.0,0.9709505944546686,0,0,0,0,0,0
3131,15,3,12,0,12,0.8,0.8,0.0,,0,0.0,0.7219280948873623,0,0,0,0,0,0
3132,15,3,5,7,12,0.8,0.3333333333333333,0.4666666666666667,Turning_Dynamics,3,0.42857142857142855,2.2322628970242686,0,0,2,0,2,3
3133,15,1,8,6,14,0.9333333333333333,0.5333333333333333,0.4,Turning_Dynamics,2,0.3333333333333333,1.9068905956085187,0,0,2,0,2,2
3134,15,1,12,2,14,0.9333333333333333,0.8,0.13333333333333333,Spatial_Reach_and_Route,2,1.0,0.9055872616982603,0,0,2,0,0,0
3135,15,6,8,1,9,0.6,0.5333333333333333,0.06666666666666667,Speed_Dynamics,1,1.0,1.272905595320056,0,0,0,1,0,0
3136,15,3,10,2,12,0.8,0.6666666666666666,0.13333333333333333,Temporal_Sequential_Context,1,0.5,1.3752793655393791,0,0,1,0,1,0
3137,15,3,7,5,12,0.8,0.4666666666666667,0.3333333333333333,Curvature_Geometry,3,0.6,1.8294732983598407,0,3,0,0,0,2
3138,15,6,8,1,9,0.6,0.5333333333333333,0.06666666666666667,Curvature_Geometry,1,1.0,1.272905595320056,0,1,0,0,0,0
3139,15,3,4,8,12,0.8,0.26666666666666666,0.5333333333333333,Turning_Dynamics,3,0.375,2.2892464285091583,2,3,0,0,0,3
3140,15,1,7,7,14,0.9333333333333333,0.4666666666666667,0.4666666666666667,Temporal_Sequential_Context,2,0.2857142857142857,2.1967916319816365,2,0,2,1,2,0
3141,15,1,10,4,14,0.9333333333333333,0.6666666666666666,0.26666666666666666,Spatial_Reach_and_Route,2,0.5,1.5589385323502771,1,0,2,0,1,0
3142,15,6,7,2,9,0.6,0.4666666666666667,0.13333333333333333,Turning_Dynamics,1,0.5,1.5628066316931741,0,1,0,0,0,1
3143,15,6,6,3,9,0.6,0.4,0.2,Turning_Dynamics,3,1.0,1.5219280948873621,0,0,0,0,0,3
3144,15,6,6,3,9,0.6,0.4,0.2,Turning_Dynamics,2,0.6666666666666666,1.7055872616982601,0,1,0,0,0,2
3145,15,10,4,1,5,0.3333333333333333,0.26666666666666666,0.06666666666666667,Turning_Dynamics,1,1.0,1.158938532350277,0,0,0,0,0,1
3146,15,6,8,1,9,0.6,0.5333333333333333,0.06666666666666667,Curvature_Geometry,1,1.0,1.272905595320056,0,1,0,0,0,0
3147,15,15,0,0,0,0.0,0.0,0.0,,0,0.0,0.0,0,0,0,0,0,0
3148,15,1,14,0,14,0.9333333333333333,0.9333333333333333,0.0,,0,0.0,0.35335933502142136,0,0,0,0,0,0
3149,15,0,15,0,15,1.0,1.0,0.0,,0,0.0,0.0,0,0,0,0,0,0
3150,15,10,3,2,5,0.3333333333333333,0.2,0.13333333333333333,Curvature_Geometry,2,1.0,1.2419460322060458,0,2,0,0,0,0
3151,15,10,3,2,5,0.3333333333333333,0.2,0.13333333333333333,Turning_Dynamics,2,1.0,1.2419460322060458,0,0,0,0,0,2
3152,15,3,8,4,12,0.8,0.5333333333333333,0.26666666666666666,Acceleration_Dynamics,2,0.5,1.8565647621309542,2,1,0,0,0,1
3153,15,3,10,2,12,0.8,0.6666666666666666,0.13333333333333333,Curvature_Geometry,1,0.5,1.3752793655393791,1,1,0,0,0,0
3154,15,3,8,4,12,0.8,0.5333333333333333,0.26666666666666666,Temporal_Sequential_Context,2,0.5,1.7232314287976207,0,0,2,0,2,0
3155,15,6,7,2,9,0.6,0.4666666666666667,0.13333333333333333,Speed_Dynamics,1,0.5,1.5628066316931741,0,1,0,1,0,0
3156,15,3,6,6,12,0.8,0.4,0.4,Turning_Dynamics,3,0.5,1.9219280948873623,3,0,0,0,0,3
3157,15,6,4,5,9,0.6,0.26666666666666666,0.3333333333333333,Temporal_Sequential_Context,4,0.8,1.8062389286533893,0,0,1,0,4,0
3158,15,1,8,6,14,0.9333333333333333,0.5333333333333333,0.4,Spatial_Reach_and_Route,2,0.3333333333333333,1.9068905956085187,2,2,2,0,0,0
3159,15,10,1,4,5,0.3333333333333333,0.06666666666666667,0.26666666666666666,Speed_Dynamics,4,1.0,1.158938532350277,0,0,0,4,0,0
3160,15,6,5,4,9,0.6,0.3333333333333333,0.26666666666666666,Speed_Dynamics,2,0.5,1.8322628970242685,0,0,2,2,0,0
3161,15,10,4,1,5,0.3333333333333333,0.26666666666666666,0.06666666666666667,Acceleration_Dynamics,1,1.0,1.1589385323502772,1,0,0,0,0,0
3162,15,10,5,0,5,0.3333333333333333,0.3333333333333333,0.0,,0,0.0,0.9182958340544896,0,0,0,0,0,0
3163,15,3,10,2,12,0.8,0.6666666666666666,0.13333333333333333,Curvature_Geometry,2,1.0,1.2419460322060458,0,2,0,0,0,0
3164,15,1,10,4,14,0.9333333333333333,0.6666666666666666,0.26666666666666666,Spatial_Reach_and_Route,2,0.5,1.4256051990169438,0,2,2,0,0,0
3165,15,10,5,0,5,0.3333333333333333,0.3333333333333333,0.0,,0,0.0,0.9182958340544896,0,0,0,0,0,0
3166,15,3,8,4,12,0.8,0.5333333333333333,0.26666666666666666,Curvature_Geometry,2,0.5,1.7232314287976207,2,2,0,0,0,0
3167,15,3,5,7,12,0.8,0.3333333333333333,0.4666666666666667,Turning_Dynamics,3,0.42857142857142855,2.2322628970242686,0,2,0,2,0,3
3168,15,6,8,1,9,0.6,0.5333333333333333,0.06666666666666667,Turning_Dynamics,1,1.0,1.272905595320056,0,0,0,0,0,1
3169,15,6,6,3,9,0.6,0.4,0.2,Speed_Dynamics,3,1.0,1.5219280948873621,0,0,0,3,0,0
3170,15,3,8,4,12,0.8,0.5333333333333333,0.26666666666666666,Curvature_Geometry,2,0.5,1.856564762130954,1,2,1,0,0,0
3171,15,10,4,1,5,0.3333333333333333,0.26666666666666666,0.06666666666666667,Acceleration_Dynamics,1,1.0,1.1589385323502772,1,0,0,0,0,0
3172,15,1,10,4,14,0.9333333333333333,0.6666666666666666,0.26666666666666666,Speed_Dynamics,2,0.5,1.4256051990169438,2,0,0,2,0,0
3173,15,3,8,4,12,0.8,0.5333333333333333,0.26666666666666666,Turning_Dynamics,2,0.5,1.7232314287976207,0,2,0,0,0,2
3174,15,3,8,4,12,0.8,0.5333333333333333,0.26666666666666666,Turning_Dynamics,2,0.5,1.7232314287976205,0,0,2,0,0,2
3175,15,6,5,4,9,0.6,0.3333333333333333,0.26666666666666666,Turning_Dynamics,3,0.75,1.781937063546704,0,1,0,0,0,3
3176,15,3,3,9,12,0.8,0.2,0.6,Turning_Dynamics,3,0.3333333333333333,2.321928094887362,0,0,3,0,3,3
3177,15,3,8,4,12,0.8,0.5333333333333333,0.26666666666666666,Curvature_Geometry,2,0.5,1.8565647621309542,0,2,0,1,1,0
3178,15,10,5,0,5,0.3333333333333333,0.3333333333333333,0.0,,0,0.0,0.9182958340544896,0,0,0,0,0,0
3179,15,0,11,4,15,1.0,0.7333333333333333,0.26666666666666666,Turning_Dynamics,1,0.25,1.3699740752745009,1,0,1,0,1,1
3180,15,10,4,1,5,0.3333333333333333,0.26666666666666666,0.06666666666666667,Acceleration_Dynamics,1,1.0,1.1589385323502772,1,0,0,0,0,0
3181,15,6,5,4,9,0.6,0.3333333333333333,0.26666666666666666,Temporal_Sequential_Context,2,0.5,1.8322628970242687,0,0,2,0,2,0
3182,15,3,10,2,12,0.8,0.6666666666666666,0.13333333333333333,Speed_Dynamics,2,1.0,1.2419460322060458,0,0,0,2,0,0
3183,15,3,7,5,12,0.8,0.4666666666666667,0.3333333333333333,Temporal_Sequential_Context,3,0.6,1.8294732983598407,0,0,0,2,3,0
3184,15,6,6,3,9,0.6,0.4,0.2,Turning_Dynamics,2,0.6666666666666666,1.7055872616982601,0,0,0,1,0,2
3185,15,10,0,5,5,0.3333333333333333,0.0,0.3333333333333333,Turning_Dynamics,5,1.0,0.9182958340544896,0,0,0,0,0,5
3186,15,6,6,3,9,0.6,0.4,0.2,Turning_Dynamics,3,1.0,1.5219280948873621,0,0,0,0,0,3
3187,15,6,5,4,9,0.6,0.3333333333333333,0.26666666666666666,Turning_Dynamics,4,1.0,1.5655962303576019,0,0,0,0,0,4
3188,15,6,6,3,9,0.6,0.4,0.2,Turning_Dynamics,3,1.0,1.5219280948873621,0,0,0,0,0,3
3189,15,6,4,5,9,0.6,0.26666666666666666,0.3333333333333333,Turning_Dynamics,3,0.6,1.8892464285091581,0,0,0,0,2,3
3190,15,6,8,1,9,0.6,0.5333333333333333,0.06666666666666667,Turning_Dynamics,1,1.0,1.272905595320056,0,0,0,0,0,1
3191,15,10,5,0,5,0.3333333333333333,0.3333333333333333,0.0,,0,0.0,0.9182958340544896,0,0,0,0,0,0
3192,15,6,8,1,9,0.6,0.5333333333333333,0.06666666666666667,Temporal_Sequential_Context,1,1.0,1.272905595320056,0,0,0,0,1,0
3193,15,6,7,2,9,0.6,0.4666666666666667,0.13333333333333333,Turning_Dynamics,1,0.5,1.5628066316931741,1,0,0,0,0,1
3194,15,6,6,3,9,0.6,0.4,0.2,Turning_Dynamics,3,1.0,1.5219280948873621,0,0,0,0,0,3
3195,15,15,0,0,0,0.0,0.0,0.0,,0,0.0,0.0,0,0,0,0,0,0
3196,15,6,9,0,9,0.6,0.6,0.0,,0,0.0,0.9709505944546686,0,0,0,0,0,0
3197,15,10,4,1,5,0.3333333333333333,0.26666666666666666,0.06666666666666667,Temporal_Sequential_Context,1,1.0,1.158938532350277,0,0,0,0,1,0
3198,15,6,8,1,9,0.6,0.5333333333333333,0.06666666666666667,Acceleration_Dynamics,1,1.0,1.272905595320056,1,0,0,0,0,0
3199,15,3,7,5,12,0.8,0.4666666666666667,0.3333333333333333,Turning_Dynamics,3,0.6,1.9628066316931743,0,1,0,1,0,3
3200,15,10,0,5,5,0.3333333333333333,0.0,0.3333333333333333,Turning_Dynamics,5,1.0,0.9182958340544896,0,0,0,0,0,5
3201,15,3,6,6,12,0.8,0.4,0.4,Temporal_Sequential_Context,2,0.3333333333333333,2.1559130951758245,0,2,2,0,2,0
3202,15,6,8,1,9,0.6,0.5333333333333333,0.06666666666666667,Temporal_Sequential_Context,1,1.0,1.272905595320056,0,0,0,0,1,0
3203,15,6,7,2,9,0.6,0.4666666666666667,0.13333333333333333,Turning_Dynamics,2,1.0,1.4294732983598406,0,0,0,0,0,2
3204,15,6,5,4,9,0.6,0.3333333333333333,0.26666666666666666,Turning_Dynamics,3,0.75,1.781937063546704,0,0,0,0,1,3
3205,15,6,6,3,9,0.6,0.4,0.2,Turning_Dynamics,3,1.0,1.5219280948873621,0,0,0,0,0,3
3206,15,10,0,5,5,0.3333333333333333,0.0,0.3333333333333333,Turning_Dynamics,5,1.0,0.9182958340544896,0,0,0,0,0,5
3207,15,3,9,3,12,0.8,0.6,0.2,Turning_Dynamics,1,0.3333333333333333,1.6879430945989,1,0,0,1,0,1
3208,15,3,6,6,12,0.8,0.4,0.4,Temporal_Sequential_Context,3,0.5,2.1055872616982603,1,0,0,0,3,2
3209,15,1,13,1,14,0.9333333333333333,0.8666666666666667,0.06666666666666667,Spatial_Reach_and_Route,1,1.0,0.6998428398862386,0,0,1,0,0,0
3210,15,3,12,0,12,0.8,0.8,0.0,,0,0.0,0.7219280948873623,0,0,0,0,0,0
3211,15,6,8,1,9,0.6,0.5333333333333333,0.06666666666666667,Acceleration_Dynamics,1,1.0,1.272905595320056,1,0,0,0,0,0
3212,15,3,4,8,12,0.8,0.26666666666666666,0.5333333333333333,Spatial_Reach_and_Route,3,0.375,2.2892464285091583,3,2,3,0,0,0
3213,15,6,3,6,9,0.6,0.2,0.4,Turning_Dynamics,4,0.6666666666666666,1.8892464285091581,0,0,0,2,0,4
3214,15,6,5,4,9,0.6,0.3333333333333333,0.26666666666666666,Temporal_Sequential_Context,2,0.5,1.8322628970242685,2,0,0,0,2,0
3215,15,3,5,7,12,0.8,0.3333333333333333,0.4666666666666667,Turning_Dynamics,3,0.42857142857142855,2.2322628970242686,0,2,0,0,2,3
3216,15,10,5,0,5,0.3333333333333333,0.3333333333333333,0.0,,0,0.0,0.9182958340544896,0,0,0,0,0,0
3217,15,1,10,4,14,0.9333333333333333,0.6666666666666666,0.26666666666666666,Turning_Dynamics,2,0.5,1.4256051990169438,2,0,0,0,0,2
3218,15,3,12,0,12,0.8,0.8,0.0,,0,0.0,0.7219280948873623,0,0,0,0,0,0
3219,15,15,0,0,0,0.0,0.0,0.0,,0,0.0,0.0,0,0,0,0,0,0
3220,15,10,5,0,5,0.3333333333333333,0.3333333333333333,0.0,,0,0.0,0.9182958340544896,0,0,0,0,0,0
3221,15,6,5,4,9,0.6,0.3333333333333333,0.26666666666666666,Turning_Dynamics,4,1.0,1.5655962303576019,0,0,0,0,0,4
3222,15,6,3,6,9,0.6,0.2,0.4,Turning_Dynamics,3,0.5,1.9219280948873623,0,0,0,3,0,3
3223,15,10,0,5,5,0.3333333333333333,0.0,0.3333333333333333,Turning_Dynamics,5,1.0,0.9182958340544896,0,0,0,0,0,5
3224,15,1,12,2,14,0.9333333333333333,0.8,0.13333333333333333,Spatial_Reach_and_Route,2,1.0,0.9055872616982603,0,0,2,0,0,0
3225,15,15,0,0,0,0.0,0.0,0.0,,0,0.0,0.0,0,0,0,0,0,0
3226,15,3,9,3,12,0.8,0.6,0.2,Turning_Dynamics,2,0.6666666666666666,1.5546097612655665,1,0,0,0,0,2
3227,15,1,6,8,14,0.9333333333333333,0.4,0.5333333333333333,Turning_Dynamics,2,0.25,2.339572261986723,2,2,0,0,2,2
3228,15,1,6,8,14,0.9333333333333333,0.4,0.5333333333333333,Speed_Dynamics,2,0.25,2.3395722619867225,2,2,2,2,0,0
3229,15,1,9,5,14,0.9333333333333333,0.6,0.3333333333333333,Temporal_Sequential_Context,2,0.4,1.7382689280764647,0,2,0,1,2,0
3230,15,6,3,6,9,0.6,0.2,0.4,Speed_Dynamics,4,0.6666666666666666,1.8892464285091581,0,0,2,4,0,0
3231,15,0,11,4,15,1.0,0.7333333333333333,0.26666666666666666,Temporal_Sequential_Context,1,0.25,1.3699740752745009,1,1,0,1,1,0
3232,15,6,1,8,9,0.6,0.06666666666666667,0.5333333333333333,Turning_Dynamics,4,0.5,1.8062389286533895,0,0,0,0,4,4
3233,15,3,7,5,12,0.8,0.4666666666666667,0.3333333333333333,Spatial_Reach_and_Route,2,0.4,2.0131324651707385,0,2,2,0,0,1
3234,15,3,5,7,12,0.8,0.3333333333333333,0.4666666666666667,Speed_Dynamics,3,0.42857142857142855,2.181937063546704,0,3,0,3,0,1
3235,15,10,0,5,5,0.3333333333333333,0.0,0.3333333333333333,Acceleration_Dynamics,5,1.0,0.9182958340544896,5,0,0,0,0,0
3236,15,0,13,2,15,1.0,0.8666666666666667,0.13333333333333333,Speed_Dynamics,1,0.5,0.6998428398862386,0,1,0,1,0,0
3237,15,3,10,2,12,0.8,0.6666666666666666,0.13333333333333333,Temporal_Sequential_Context,1,0.5,1.3752793655393791,0,0,0,1,1,0
3238,15,0,15,0,15,1.0,1.0,0.0,,0,0.0,0.0,0,0,0,0,0,0
3239,15,15,0,0,0,0.0,0.0,0.0,,0,0.0,0.0,0,0,0,0,0,0
3240,15,6,9,0,9,0.6,0.6,0.0,,0,0.0,0.9709505944546686,0,0,0,0,0,0
3241,15,10,0,5,5,0.3333333333333333,0.0,0.3333333333333333,Curvature_Geometry,5,1.0,0.9182958340544896,0,5,0,0,0,0
3242,15,6,8,1,9,0.6,0.5333333333333333,0.06666666666666667,Speed_Dynamics,1,1.0,1.272905595320056,0,0,0,1,0,0
3243,15,15,0,0,0,0.0,0.0,0.0,,0,0.0,0.0,0,0,0,0,0,0
3244,15,6,5,4,9,0.6,0.3333333333333333,0.26666666666666666,Speed_Dynamics,2,0.5,1.8322628970242685,0,2,0,2,0,0
3245,15,10,5,0,5,0.3333333333333333,0.3333333333333333,0.0,,0,0.0,0.9182958340544896,0,0,0,0,0,0
3246,15,3,8,4,12,0.8,0.5333333333333333,0.26666666666666666,Curvature_Geometry,2,0.5,1.856564762130954,0,2,0,1,0,1
3247,15,15,0,0,0,0.0,0.0,0.0,,0,0.0,0.0,0,0,0,0,0,0
3248,15,6,5,4,9,0.6,0.3333333333333333,0.26666666666666666,Curvature_Geometry,3,0.75,1.781937063546704,0,3,0,0,1,0
3249,15,10,5,0,5,0.3333333333333333,0.3333333333333333,0.0,,0,0.0,0.9182958340544896,0,0,0,0,0,0
3250,15,6,6,3,9,0.6,0.4,0.2,Temporal_Sequential_Context,2,0.6666666666666666,1.70558726169826,0,1,0,0,2,0
3251,15,3,8,4,12,0.8,0.5333333333333333,0.26666666666666666,Acceleration_Dynamics,2,0.5,1.8565647621309542,2,1,0,0,1,0
3252,15,6,6,3,9,0.6,0.4,0.2,Acceleration_Dynamics,2,0.6666666666666666,1.7055872616982604,2,1,0,0,0,0
3253,15,3,9,3,12,0.8,0.6,0.2,Temporal_Sequential_Context,1,0.3333333333333333,1.6879430945989,1,1,0,0,1,0
3254,15,10,5,0,5,0.3333333333333333,0.3333333333333333,0.0,,0,0.0,0.9182958340544896,0,0,0,0,0,0
3255,15,1,10,4,14,0.9333333333333333,0.6666666666666666,0.26666666666666666,Temporal_Sequential_Context,2,0.5,1.4256051990169438,0,2,0,0,2,0
3256,15,3,8,4,12,0.8,0.5333333333333333,0.26666666666666666,Turning_Dynamics,2,0.5,1.8565647621309542,0,1,0,1,0,2
3257,15,3,7,5,12,0.8,0.4666666666666667,0.3333333333333333,Turning_Dynamics,2,0.4,2.013132465170739,0,2,1,0,0,2
3258,15,1,6,8,14,0.9333333333333333,0.4,0.5333333333333333,Turning_Dynamics,2,0.25,2.3395722619867225,0,2,0,2,2,2
3259,15,6,7,2,9,0.6,0.4666666666666667,0.13333333333333333,Speed_Dynamics,1,0.5,1.5628066316931741,0,1,0,1,0,0
3260,15,10,2,3,5,0.3333333333333333,0.13333333333333333,0.2,Curvature_Geometry,3,1.0,1.2419460322060458,0,3,0,0,0,0
3261,15,10,0,5,5,0.3333333333333333,0.0,0.3333333333333333,Turning_Dynamics,5,1.0,0.9182958340544896,0,0,0,0,0,5
3262,15,6,4,5,9,0.6,0.26666666666666666,0.3333333333333333,Turning_Dynamics,3,0.6,1.889246428509158,2,0,0,0,0,3
3263,15,3,7,5,12,0.8,0.4666666666666667,0.3333333333333333,Speed_Dynamics,3,0.6,1.8294732983598407,0,0,0,3,0,2
3264,15,3,7,5,12,0.8,0.4666666666666667,0.3333333333333333,Spatial_Reach_and_Route,3,0.6,1.8294732983598407,2,0,3,0,0,0
3265,15,6,7,2,9,0.6,0.4666666666666667,0.13333333333333333,Curvature_Geometry,2,1.0,1.4294732983598406,0,2,0,0,0,0
3266,15,0,12,3,15,1.0,0.8,0.2,Temporal_Sequential_Context,1,0.3333333333333333,1.0389205950315936,1,0,1,0,1,0
3267,15,1,11,3,14,0.9333333333333333,0.7333333333333333,0.2,Spatial_Reach_and_Route,2,0.6666666666666666,1.2366407419411674,1,0,2,0,0,0
3268,15,1,14,0,14,0.9333333333333333,0.9333333333333333,0.0,,0,0.0,0.35335933502142136,0,0,0,0,0,0
3269,15,3,8,4,12,0.8,0.5333333333333333,0.26666666666666666,Spatial_Reach_and_Route,2,0.5,1.856564762130954,1,0,2,1,0,0
3270,15,6,7,2,9,0.6,0.4666666666666667,0.13333333333333333,Turning_Dynamics,1,0.5,1.5628066316931741,0,0,0,1,0,1
3271,15,6,5,4,9,0.6,0.3333333333333333,0.26666666666666666,Turning_Dynamics,3,0.75,1.781937063546704,0,0,0,0,1,3
3272,15,10,4,1,5,0.3333333333333333,0.26666666666666666,0.06666666666666667,Turning_Dynamics,1,1.0,1.158938532350277,0,0,0,0,0,1
3273,15,6,9,0,9,0.6,0.6,0.0,,0,0.0,0.9709505944546686,0,0,0,0,0,0
3274,15,3,10,2,12,0.8,0.6666666666666666,0.13333333333333333,Temporal_Sequential_Context,1,0.5,1.3752793655393791,0,1,0,0,1,0
3275,15,10,1,4,5,0.3333333333333333,0.06666666666666667,0.26666666666666666,Acceleration_Dynamics,4,1.0,1.1589385323502772,4,0,0,0,0,0
3276,15,6,3,6,9,0.6,0.2,0.4,Turning_Dynamics,4,0.6666666666666666,1.8892464285091581,0,2,0,0,0,4
3277,15,10,3,2,5,0.3333333333333333,0.2,0.13333333333333333,Temporal_Sequential_Context,2,1.0,1.2419460322060458,0,0,0,0,2,0
3278,15,10,5,0,5,0.3333333333333333,0.3333333333333333,0.0,,0,0.0,0.9182958340544896,0,0,0,0,0,0
3279,15,10,0,5,5,0.3333333333333333,0.0,0.3333333333333333,Turning_Dynamics,5,1.0,0.9182958340544896,0,0,0,0,0,5
3280,15,3,9,3,12,0.8,0.6,0.2,Temporal_Sequential_Context,3,1.0,1.3709505944546687,0,0,0,0,3,0
3281,15,10,5,0,5,0.3333333333333333,0.3333333333333333,0.0,,0,0.0,0.9182958340544896,0,0,0,0,0,0
3282,15,3,6,6,12,0.8,0.4,0.4,Temporal_Sequential_Context,2,0.3333333333333333,2.155913095175825,2,0,2,0,2,0
3283,15,3,6,6,12,0.8,0.4,0.4,Temporal_Sequential_Context,3,0.5,2.1055872616982603,2,0,0,1,3,0
3284,15,6,7,2,9,0.6,0.4666666666666667,0.13333333333333333,Temporal_Sequential_Context,1,0.5,1.562806631693174,0,0,0,1,1,0
3285,15,1,6,8,14,0.9333333333333333,0.4,0.5333333333333333,Temporal_Sequential_Context,2,0.25,2.3395722619867225,2,0,2,2,2,0
3286,15,0,11,4,15,1.0,0.7333333333333333,0.26666666666666666,Temporal_Sequential_Context,1,0.25,1.3699740752745009,1,0,1,1,1,0
3287,15,0,12,3,15,1.0,0.8,0.2,Turning_Dynamics,1,0.3333333333333333,1.0389205950315936,0,0,1,0,1,1
3288,15,0,15,0,15,1.0,1.0,0.0,,0,0.0,0.0,0,0,0,0,0,0
3289,15,1,9,5,14,0.9333333333333333,0.6,0.3333333333333333,Temporal_Sequential_Context,2,0.4,1.8716022614097982,0,1,1,1,2,0
3290,15,0,15,0,15,1.0,1.0,0.0,,0,0.0,0.0,0,0,0,0,0,0
3291,15,0,14,1,15,1.0,0.9333333333333333,0.06666666666666667,Acceleration_Dynamics,1,1.0,0.35335933502142136,1,0,0,0,0,0
3292,15,0,11,4,15,1.0,0.7333333333333333,0.26666666666666666,Temporal_Sequential_Context,1,0.25,1.3699740752745009,1,0,1,1,1,0
3293,15,1,6,8,14,0.9333333333333333,0.4,0.5333333333333333,Temporal_Sequential_Context,2,0.25,2.3395722619867225,2,0,2,2,2,0
3294,15,0,14,1,15,1.0,0.9333333333333333,0.06666666666666667,Spatial_Reach_and_Route,1,1.0,0.35335933502142136,0,0,1,0,0,0
3295,15,0,14,1,15,1.0,0.9333333333333333,0.06666666666666667,Spatial_Reach_and_Route,1,1.0,0.35335933502142136,0,0,1,0,0,0
3296,15,0,11,4,15,1.0,0.7333333333333333,0.26666666666666666,Temporal_Sequential_Context,1,0.25,1.3699740752745009,0,1,1,1,1,0
3297,15,1,12,2,14,0.9333333333333333,0.8,0.13333333333333333,Speed_Dynamics,1,0.5,1.0389205950315936,1,0,0,1,0,0
3298,15,1,10,4,14,0.9333333333333333,0.6666666666666666,0.26666666666666666,Temporal_Sequential_Context,2,0.5,1.4256051990169436,0,0,2,0,2,0
3299,15,0,11,4,15,1.0,0.7333333333333333,0.26666666666666666,Turning_Dynamics,1,0.25,1.3699740752745009,0,1,0,1,1,1
3300,15,6,5,4,9,0.6,0.3333333333333333,0.26666666666666666,Speed_Dynamics,2,0.5,1.8322628970242687,0,2,0,2,0,0
3301,15,10,5,0,5,0.3333333333333333,0.3333333333333333,0.0,,0,0.0,0.9182958340544896,0,0,0,0,0,0
3302,15,3,5,7,12,0.8,0.3333333333333333,0.4666666666666667,Turning_Dynamics,3,0.42857142857142855,2.2322628970242686,0,2,0,2,0,3
3303,15,10,4,1,5,0.3333333333333333,0.26666666666666666,0.06666666666666667,Curvature_Geometry,1,1.0,1.158938532350277,0,1,0,0,0,0
3304,15,3,3,9,12,0.8,0.2,0.6,Turning_Dynamics,3,0.3333333333333333,2.321928094887362,0,3,0,0,3,3
3305,15,15,0,0,0,0.0,0.0,0.0,,0,0.0,0.0,0,0,0,0,0,0
3306,15,1,8,6,14,0.9333333333333333,0.5333333333333333,0.4,Temporal_Sequential_Context,2,0.3333333333333333,2.040223928941852,0,1,0,2,2,1
3307,15,10,3,2,5,0.3333333333333333,0.2,0.13333333333333333,Curvature_Geometry,2,1.0,1.2419460322060458,0,2,0,0,0,0
3308,15,3,11,1,12,0.8,0.7333333333333333,0.06666666666666667,Turning_Dynamics,1,1.0,1.0529815751302694,0,0,0,0,0,1
3309,15,6,4,5,9,0.6,0.26666666666666666,0.3333333333333333,Turning_Dynamics,4,0.8,1.8062389286533893,0,1,0,0,0,4
3310,15,1,12,2,14,0.9333333333333333,0.8,0.13333333333333333,Turning_Dynamics,1,0.5,1.0389205950315936,0,0,1,0,0,1
3311,15,3,9,3,12,0.8,0.6,0.2,Spatial_Reach_and_Route,3,1.0,1.3709505944546687,0,0,3,0,0,0
3312,15,6,6,3,9,0.6,0.4,0.2,Turning_Dynamics,2,0.6666666666666666,1.70558726169826,0,1,0,0,0,2
3313,15,10,1,4,5,0.3333333333333333,0.06666666666666667,0.26666666666666666,Curvature_Geometry,4,1.0,1.158938532350277,0,4,0,0,0,0
3314,15,3,8,4,12,0.8,0.5333333333333333,0.26666666666666666,Turning_Dynamics,2,0.5,1.856564762130954,1,1,0,0,0,2
3315,15,6,6,3,9,0.6,0.4,0.2,Curvature_Geometry,3,1.0,1.5219280948873621,0,3,0,0,0,0
3316,15,6,4,5,9,0.6,0.26666666666666666,0.3333333333333333,Turning_Dynamics,3,0.6,1.8892464285091581,0,2,0,0,0,3
3317,15,6,5,4,9,0.6,0.3333333333333333,0.26666666666666666,Curvature_Geometry,2,0.5,1.8322628970242687,2,2,0,0,0,0
3318,15,3,3,9,12,0.8,0.2,0.6,Speed_Dynamics,3,0.3333333333333333,2.321928094887362,3,3,0,3,0,0
3319,15,1,12,2,14,0.9333333333333333,0.8,0.13333333333333333,Temporal_Sequential_Context,1,0.5,1.0389205950315936,0,1,0,0,1,0
3320,15,6,5,4,9,0.6,0.3333333333333333,0.26666666666666666,Curvature_Geometry,3,0.75,1.781937063546704,1,3,0,0,0,0
3321,15,6,6,3,9,0.6,0.4,0.2,Curvature_Geometry,2,0.6666666666666666,1.70558726169826,1,2,0,0,0,0
3322,15,3,11,1,12,0.8,0.7333333333333333,0.06666666666666667,Curvature_Geometry,1,1.0,1.0529815751302694,0,1,0,0,0,0
3323,15,3,7,5,12,0.8,0.4666666666666667,0.3333333333333333,Speed_Dynamics,2,0.4,2.0131324651707385,0,2,0,2,1,0
3324,15,1,9,5,14,0.9333333333333333,0.6,0.3333333333333333,Curvature_Geometry,2,0.4,1.871602261409798,1,2,0,1,1,0
3325,15,1,11,3,14,0.9333333333333333,0.7333333333333333,0.2,Temporal_Sequential_Context,1,0.3333333333333333,1.3699740752745009,0,1,1,0,1,0
3326,15,10,2,3,5,0.3333333333333333,0.13333333333333333,0.2,Curvature_Geometry,3,1.0,1.2419460322060458,0,3,0,0,0,0
3327,15,6,8,1,9,0.6,0.5333333333333333,0.06666666666666667,Curvature_Geometry,1,1.0,1.272905595320056,0,1,0,0,0,0
3328,15,6,1,8,9,0.6,0.06666666666666667,0.5333333333333333,Spatial_Reach_and_Route,4,0.5,1.8062389286533895,0,4,4,0,0,0
3329,15,3,11,1,12,0.8,0.7333333333333333,0.06666666666666667,Curvature_Geometry,1,1.0,1.0529815751302694,0,1,0,0,0,0
3330,15,1,11,3,14,0.9333333333333333,0.7333333333333333,0.2,Turning_Dynamics,1,0.3333333333333333,1.3699740752745009,1,1,0,0,0,1
3331,15,1,11,3,14,0.9333333333333333,0.7333333333333333,0.2,Turning_Dynamics,1,0.3333333333333333,1.3699740752745009,0,1,0,0,1,1
3332,15,3,12,0,12,0.8,0.8,0.0,,0,0.0,0.7219280948873623,0,0,0,0,0,0
3333,15,3,7,5,12,0.8,0.4666666666666667,0.3333333333333333,Turning_Dynamics,3,0.6,1.8294732983598407,0,2,0,0,0,3
3334,15,1,9,5,14,0.9333333333333333,0.6,0.3333333333333333,Spatial_Reach_and_Route,2,0.4,1.871602261409798,1,1,2,0,0,1
3335,15,3,11,1,12,0.8,0.7333333333333333,0.06666666666666667,Curvature_Geometry,1,1.0,1.0529815751302694,0,1,0,0,0,0
3336,15,10,1,4,5,0.3333333333333333,0.06666666666666667,0.26666666666666666,Temporal_Sequential_Context,4,1.0,1.158938532350277,0,0,0,0,4,0
3337,15,1,8,6,14,0.9333333333333333,0.5333333333333333,0.4,Turning_Dynamics,2,0.3333333333333333,2.0402239289418524,2,1,0,1,0,2
3338,15,10,3,2,5,0.3333333333333333,0.2,0.13333333333333333,Acceleration_Dynamics,2,1.0,1.2419460322060458,2,0,0,0,0,0
3339,15,1,6,8,14,0.9333333333333333,0.4,0.5333333333333333,Turning_Dynamics,2,0.25,2.3395722619867225,0,2,0,2,2,2
3340,15,3,10,2,12,0.8,0.6666666666666666,0.13333333333333333,Curvature_Geometry,2,1.0,1.2419460322060458,0,2,0,0,0,0
3341,15,6,6,3,9,0.6,0.4,0.2,Spatial_Reach_and_Route,2,0.6666666666666666,1.70558726169826,1,0,2,0,0,0
3342,15,6,8,1,9,0.6,0.5333333333333333,0.06666666666666667,Turning_Dynamics,1,1.0,1.272905595320056,0,0,0,0,0,1
3343,15,6,5,4,9,0.6,0.3333333333333333,0.26666666666666666,Curvature_Geometry,4,1.0,1.565596230357602,0,4,0,0,0,0
3344,15,10,4,1,5,0.3333333333333333,0.26666666666666666,0.06666666666666667,Temporal_Sequential_Context,1,1.0,1.158938532350277,0,0,0,0,1,0
3345,15,1,8,6,14,0.9333333333333333,0.5333333333333333,0.4,Turning_Dynamics,2,0.3333333333333333,1.9068905956085187,0,0,2,2,0,2
3346,15,3,5,7,12,0.8,0.3333333333333333,0.4666666666666667,Temporal_Sequential_Context,3,0.42857142857142855,2.2322628970242686,0,2,0,2,3,0
3347,15,10,2,3,5,0.3333333333333333,0.13333333333333333,0.2,Turning_Dynamics,3,1.0,1.2419460322060458,0,0,0,0,0,3
3348,15,3,4,8,12,0.8,0.26666666666666666,0.5333333333333333,Turning_Dynamics,3,0.375,2.2892464285091583,0,3,0,0,2,3
3349,15,15,0,0,0,0.0,0.0,0.0,,0,0.0,0.0,0,0,0,0,0,0
3350,15,3,11,1,12,0.8,0.7333333333333333,0.06666666666666667,Curvature_Geometry,1,1.0,1.0529815751302694,0,1,0,0,0,0
3351,15,6,6,3,9,0.6,0.4,0.2,Curvature_Geometry,3,1.0,1.5219280948873621,0,3,0,0,0,0
3352,15,6,7,2,9,0.6,0.4666666666666667,0.13333333333333333,Temporal_Sequential_Context,1,0.5,1.5628066316931741,0,1,0,0,1,0
3353,15,3,8,4,12,0.8,0.5333333333333333,0.26666666666666666,Turning_Dynamics,2,0.5,1.856564762130954,1,1,0,0,0,2
3354,15,3,3,9,12,0.8,0.2,0.6,Turning_Dynamics,3,0.3333333333333333,2.321928094887362,0,3,0,0,3,3
3355,15,10,4,1,5,0.3333333333333333,0.26666666666666666,0.06666666666666667,Curvature_Geometry,1,1.0,1.158938532350277,0,1,0,0,0,0
3356,15,6,7,2,9,0.6,0.4666666666666667,0.13333333333333333,Turning_Dynamics,2,1.0,1.4294732983598406,0,0,0,0,0,2
3357,15,3,9,3,12,0.8,0.6,0.2,Temporal_Sequential_Context,1,0.3333333333333333,1.6879430945989,0,1,1,0,1,0
3358,15,3,8,4,12,0.8,0.5333333333333333,0.26666666666666666,Spatial_Reach_and_Route,2,0.5,1.7232314287976207,0,2,2,0,0,0
3359,15,3,9,3,12,0.8,0.6,0.2,Acceleration_Dynamics,2,0.6666666666666666,1.5546097612655667,2,1,0,0,0,0
3360,15,1,12,2,14,0.9333333333333333,0.8,0.13333333333333333,Spatial_Reach_and_Route,2,1.0,0.9055872616982603,0,0,2,0,0,0
3361,15,6,6,3,9,0.6,0.4,0.2,Curvature_Geometry,3,1.0,1.5219280948873621,0,3,0,0,0,0
3362,15,3,6,6,12,0.8,0.4,0.4,Speed_Dynamics,2,0.3333333333333333,2.1559130951758245,2,2,0,2,0,0
3363,15,15,0,0,0,0.0,0.0,0.0,,0,0.0,0.0,0,0,0,0,0,0
3364,15,15,0,0,0,0.0,0.0,0.0,,0,0.0,0.0,0,0,0,0,0,0
3365,15,6,5,4,9,0.6,0.3333333333333333,0.26666666666666666,Turning_Dynamics,3,0.75,1.781937063546704,0,0,0,0,1,3
3366,15,6,5,4,9,0.6,0.3333333333333333,0.26666666666666666,Turning_Dynamics,4,1.0,1.5655962303576019,0,0,0,0,0,4
3367,15,6,9,0,9,0.6,0.6,0.0,,0,0.0,0.9709505944546686,0,0,0,0,0,0
3368,15,3,11,1,12,0.8,0.7333333333333333,0.06666666666666667,Turning_Dynamics,1,1.0,1.0529815751302694,0,0,0,0,0,1
3369,15,3,10,2,12,0.8,0.6666666666666666,0.13333333333333333,Speed_Dynamics,2,1.0,1.2419460322060458,0,0,0,2,0,0
3370,15,3,9,3,12,0.8,0.6,0.2,Acceleration_Dynamics,3,1.0,1.3709505944546687,3,0,0,0,0,0
3371,15,3,9,3,12,0.8,0.6,0.2,Curvature_Geometry,2,0.6666666666666666,1.5546097612655667,0,2,0,0,1,0
3372,15,10,4,1,5,0.3333333333333333,0.26666666666666666,0.06666666666666667,Temporal_Sequential_Context,1,1.0,1.158938532350277,0,0,0,0,1,0
3373,15,3,6,6,12,0.8,0.4,0.4,Turning_Dynamics,2,0.3333333333333333,2.155913095175825,2,0,2,0,0,2
3374,15,3,6,6,12,0.8,0.4,0.4,Spatial_Reach_and_Route,3,0.5,2.1055872616982603,2,0,3,0,0,1
3375,15,6,6,3,9,0.6,0.4,0.2,Acceleration_Dynamics,2,0.6666666666666666,1.7055872616982601,2,0,0,0,1,0
3376,15,10,2,3,5,0.3333333333333333,0.13333333333333333,0.2,Curvature_Geometry,3,1.0,1.2419460322060458,0,3,0,0,0,0
3377,15,3,9,3,12,0.8,0.6,0.2,Curvature_Geometry,2,0.6666666666666666,1.5546097612655667,0,2,0,0,1,0
3378,15,1,12,2,14,0.9333333333333333,0.8,0.13333333333333333,Turning_Dynamics,2,1.0,0.9055872616982603,0,0,0,0,0,2
3379,15,10,1,4,5,0.3333333333333333,0.06666666666666667,0.26666666666666666,Curvature_Geometry,4,1.0,1.158938532350277,0,4,0,0,0,0
3380,15,6,5,4,9,0.6,0.3333333333333333,0.26666666666666666,Temporal_Sequential_Context,2,0.5,1.8322628970242685,2,0,0,0,2,0
3381,15,3,8,4,12,0.8,0.5333333333333333,0.26666666666666666,Turning_Dynamics,2,0.5,1.856564762130954,1,1,0,0,0,2
3382,15,6,1,8,9,0.6,0.06666666666666667,0.5333333333333333,Turning_Dynamics,4,0.5,1.8062389286533895,0,4,0,0,0,4
3383,15,1,14,0,14,0.9333333333333333,0.9333333333333333,0.0,,0,0.0,0.35335933502142136,0,0,0,0,0,0
3384,15,6,6,3,9,0.6,0.4,0.2,Curvature_Geometry,2,0.6666666666666666,1.7055872616982604,0,2,0,0,1,0
3385,15,10,5,0,5,0.3333333333333333,0.3333333333333333,0.0,,0,0.0,0.9182958340544896,0,0,0,0,0,0
3386,15,6,5,4,9,0.6,0.3333333333333333,0.26666666666666666,Temporal_Sequential_Context,2,0.5,1.8322628970242687,0,2,0,0,2,0
3387,15,10,1,4,5,0.3333333333333333,0.06666666666666667,0.26666666666666666,Turning_Dynamics,4,1.0,1.158938532350277,0,0,0,0,0,4
3388,15,6,9,0,9,0.6,0.6,0.0,,0,0.0,0.9709505944546686,0,0,0,0,0,0
3389,15,6,5,4,9,0.6,0.3333333333333333,0.26666666666666666,Turning_Dynamics,3,0.75,1.781937063546704,0,1,0,0,0,3
3390,15,1,10,4,14,0.9333333333333333,0.6666666666666666,0.26666666666666666,Turning_Dynamics,1,0.25,1.6922718656836107,0,1,1,1,0,1
3391,15,1,10,4,14,0.9333333333333333,0.6666666666666666,0.26666666666666666,Curvature_Geometry,2,0.5,1.5589385323502771,0,2,0,1,1,0
3392,15,3,12,0,12,0.8,0.8,0.0,,0,0.0,0.7219280948873623,0,0,0,0,0,0
3393,15,3,8,4,12,0.8,0.5333333333333333,0.26666666666666666,Turning_Dynamics,3,0.75,1.672905595320056,0,0,1,0,0,3
3394,15,0,15,0,15,1.0,1.0,0.0,,0,0.0,0.0,0,0,0,0,0,0
3395,15,0,10,5,15,1.0,0.6666666666666666,0.3333333333333333,Temporal_Sequential_Context,1,0.2,1.6922718656836107,1,1,1,1,1,0
3396,15,3,4,8,12,0.8,0.26666666666666666,0.5333333333333333,Speed_Dynamics,3,0.375,2.2892464285091583,3,2,0,3,0,0
3397,15,6,5,4,9,0.6,0.3333333333333333,0.26666666666666666,Curvature_Geometry,2,0.5,1.8322628970242687,2,2,0,0,0,0
3398,15,6,4,5,9,0.6,0.26666666666666666,0.3333333333333333,Curvature_Geometry,4,0.8,1.8062389286533895,0,4,0,0,0,1
3399,15,1,8,6,14,0.9333333333333333,0.5333333333333333,0.4,Curvature_Geometry,2,0.3333333333333333,2.040223928941852,2,2,0,1,1,0
3400,15,6,1,8,9,0.6,0.06666666666666667,0.5333333333333333,Curvature_Geometry,4,0.5,1.8062389286533893,4,4,0,0,0,0
3401,15,10,0,5,5,0.3333333333333333,0.0,0.3333333333333333,Curvature_Geometry,5,1.0,0.9182958340544896,0,5,0,0,0,0
3402,15,0,11,4,15,1.0,0.7333333333333333,0.26666666666666666,Turning_Dynamics,1,0.25,1.3699740752745009,1,1,0,0,1,1
3403,15,1,12,2,14,0.9333333333333333,0.8,0.13333333333333333,Curvature_Geometry,1,0.5,1.0389205950315936,1,1,0,0,0,0
3404,15,1,7,7,14,0.9333333333333333,0.4666666666666667,0.4666666666666667,Temporal_Sequential_Context,2,0.2857142857142857,2.1967916319816365,2,2,0,0,2,1
3405,15,6,4,5,9,0.6,0.26666666666666666,0.3333333333333333,Speed_Dynamics,4,0.8,1.8062389286533893,0,1,0,4,0,0
3406,15,0,11,4,15,1.0,0.7333333333333333,0.26666666666666666,Turning_Dynamics,1,0.25,1.3699740752745009,1,1,0,1,0,1
3407,15,10,0,5,5,0.3333333333333333,0.0,0.3333333333333333,Curvature_Geometry,5,1.0,0.9182958340544896,0,5,0,0,0,0
3408,15,0,11,4,15,1.0,0.7333333333333333,0.26666666666666666,Turning_Dynamics,1,0.25,1.3699740752745009,1,1,0,1,0,1
3409,15,3,11,1,12,0.8,0.7333333333333333,0.06666666666666667,Temporal_Sequential_Context,1,1.0,1.0529815751302694,0,0,0,0,1,0
3410,15,3,12,0,12,0.8,0.8,0.0,,0,0.0,0.7219280948873623,0,0,0,0,0,0
3411,15,10,5,0,5,0.3333333333333333,0.3333333333333333,0.0,,0,0.0,0.9182958340544896,0,0,0,0,0,0
3412,15,10,2,3,5,0.3333333333333333,0.13333333333333333,0.2,Spatial_Reach_and_Route,3,1.0,1.2419460322060458,0,0,3,0,0,0
3413,15,1,14,0,14,0.9333333333333333,0.9333333333333333,0.0,,0,0.0,0.35335933502142136,0,0,0,0,0,0
3414,15,10,4,1,5,0.3333333333333333,0.26666666666666666,0.06666666666666667,Spatial_Reach_and_Route,1,1.0,1.158938532350277,0,0,1,0,0,0
3415,15,1,13,1,14,0.9333333333333333,0.8666666666666667,0.06666666666666667,Acceleration_Dynamics,1,1.0,0.6998428398862386,1,0,0,0,0,0
3416,15,6,9,0,9,0.6,0.6,0.0,,0,0.0,0.9709505944546686,0,0,0,0,0,0
3417,15,10,3,2,5,0.3333333333333333,0.2,0.13333333333333333,Temporal_Sequential_Context,2,1.0,1.2419460322060458,0,0,0,0,2,0
3418,15,10,1,4,5,0.3333333333333333,0.06666666666666667,0.26666666666666666,Spatial_Reach_and_Route,4,1.0,1.158938532350277,0,0,4,0,0,0
3419,15,1,10,4,14,0.9333333333333333,0.6666666666666666,0.26666666666666666,Temporal_Sequential_Context,1,0.25,1.6922718656836107,0,1,1,1,1,0
3420,15,3,9,3,12,0.8,0.6,0.2,Turning_Dynamics,1,0.3333333333333333,1.6879430945989,1,0,1,0,0,1
3421,15,1,11,3,14,0.9333333333333333,0.7333333333333333,0.2,Spatial_Reach_and_Route,2,0.6666666666666666,1.2366407419411674,1,0,2,0,0,0
3422,15,3,8,4,12,0.8,0.5333333333333333,0.26666666666666666,Turning_Dynamics,2,0.5,1.8565647621309542,0,0,0,1,1,2
3423,15,6,6,3,9,0.6,0.4,0.2,Speed_Dynamics,2,0.6666666666666666,1.7055872616982601,0,0,1,2,0,0
3424,15,0,15,0,15,1.0,1.0,0.0,,0,0.0,0.0,0,0,0,0,0,0
3425,15,3,4,8,12,0.8,0.26666666666666666,0.5333333333333333,Speed_Dynamics,3,0.375,2.2892464285091583,2,0,3,3,0,0
3426,15,1,9,5,14,0.9333333333333333,0.6,0.3333333333333333,Turning_Dynamics,2,0.4,1.7382689280764645,0,0,2,1,0,2
3427,15,3,9,3,12,0.8,0.6,0.2,Temporal_Sequential_Context,1,0.3333333333333333,1.6879430945989,1,0,1,0,1,0
3428,15,3,7,5,12,0.8,0.4666666666666667,0.3333333333333333,Turning_Dynamics,3,0.6,1.962806631693174,1,0,0,0,1,3
3429,15,3,8,4,12,0.8,0.5333333333333333,0.26666666666666666,Spatial_Reach_and_Route,2,0.5,1.7232314287976207,0,2,2,0,0,0
3430,15,3,7,5,12,0.8,0.4666666666666667,0.3333333333333333,Temporal_Sequential_Context,3,0.6,1.8294732983598407,2,0,0,0,3,0
3431,15,6,5,4,9,0.6,0.3333333333333333,0.26666666666666666,Acceleration_Dynamics,4,1.0,1.565596230357602,4,0,0,0,0,0
3432,15,1,12,2,14,0.9333333333333333,0.8,0.13333333333333333,Curvature_Geometry,2,1.0,0.9055872616982603,0,2,0,0,0,0
3433,15,3,9,3,12,0.8,0.6,0.2,Temporal_Sequential_Context,3,1.0,1.3709505944546687,0,0,0,0,3,0
3434,15,1,8,6,14,0.9333333333333333,0.5333333333333333,0.4,Turning_Dynamics,2,0.3333333333333333,1.9068905956085185,0,2,2,0,0,2
3435,15,0,14,1,15,1.0,0.9333333333333333,0.06666666666666667,Turning_Dynamics,1,1.0,0.35335933502142136,0,0,0,0,0,1
3436,15,3,7,5,12,0.8,0.4666666666666667,0.3333333333333333,Temporal_Sequential_Context,2,0.4,2.0131324651707385,1,2,0,0,2,0
3437,15,0,15,0,15,1.0,1.0,0.0,,0,0.0,0.0,0,0,0,0,0,0
3438,15,1,7,7,14,0.9333333333333333,0.4666666666666667,0.4666666666666667,Turning_Dynamics,2,0.2857142857142857,2.1967916319816365,0,2,2,0,1,2
3439,15,3,12,0,12,0.8,0.8,0.0,,0,0.0,0.7219280948873623,0,0,0,0,0,0
3440,15,3,10,2,12,0.8,0.6666666666666666,0.13333333333333333,Curvature_Geometry,2,1.0,1.2419460322060458,0,2,0,0,0,0
3441,15,1,8,6,14,0.9333333333333333,0.5333333333333333,0.4,Turning_Dynamics,2,0.3333333333333333,2.040223928941852,0,2,1,0,1,2
3442,15,3,12,0,12,0.8,0.8,0.0,,0,0.0,0.7219280948873623,0,0,0,0,0,0
3443,15,1,10,4,14,0.9333333333333333,0.6666666666666666,0.26666666666666666,Curvature_Geometry,2,0.5,1.5589385323502771,1,2,1,0,0,0
3444,15,3,9,3,12,0.8,0.6,0.2,Temporal_Sequential_Context,3,1.0,1.3709505944546687,0,0,0,0,3,0
3445,15,6,6,3,9,0.6,0.4,0.2,Acceleration_Dynamics,2,0.6666666666666666,1.7055872616982601,2,0,0,0,0,1
3446,15,6,9,0,9,0.6,0.6,0.0,,0,0.0,0.9709505944546686,0,0,0,0,0,0
3447,15,3,5,7,12,0.8,0.3333333333333333,0.4666666666666667,Speed_Dynamics,3,0.42857142857142855,2.181937063546704,1,0,3,3,0,0
3448,15,3,9,3,12,0.8,0.6,0.2,Turning_Dynamics,1,0.3333333333333333,1.6879430945989,0,0,1,1,0,1
3449,15,6,7,2,9,0.6,0.4666666666666667,0.13333333333333333,Temporal_Sequential_Context,1,0.5,1.5628066316931741,0,0,1,0,1,0
3450,15,0,13,2,15,1.0,0.8666666666666667,0.13333333333333333,Turning_Dynamics,1,0.5,0.6998428398862386,0,1,0,0,0,1
3451,15,10,4,1,5,0.3333333333333333,0.26666666666666666,0.06666666666666667,Acceleration_Dynamics,1,1.0,1.1589385323502772,1,0,0,0,0,0
3452,15,6,7,2,9,0.6,0.4666666666666667,0.13333333333333333,Turning_Dynamics,1,0.5,1.5628066316931741,0,0,0,1,0,1
3453,15,15,0,0,0,0.0,0.0,0.0,,0,0.0,0.0,0,0,0,0,0,0
3454,15,10,0,5,5,0.3333333333333333,0.0,0.3333333333333333,Turning_Dynamics,5,1.0,0.9182958340544896,0,0,0,0,0,5
3455,15,15,0,0,0,0.0,0.0,0.0,,0,0.0,0.0,0,0,0,0,0,0
3456,15,10,4,1,5,0.3333333333333333,0.26666666666666666,0.06666666666666667,Acceleration_Dynamics,1,1.0,1.1589385323502772,1,0,0,0,0,0
3457,15,10,4,1,5,0.3333333333333333,0.26666666666666666,0.06666666666666667,Curvature_Geometry,1,1.0,1.158938532350277,0,1,0,0,0,0
3458,15,10,4,1,5,0.3333333333333333,0.26666666666666666,0.06666666666666667,Temporal_Sequential_Context,1,1.0,1.158938532350277,0,0,0,0,1,0
3459,15,1,11,3,14,0.9333333333333333,0.7333333333333333,0.2,Temporal_Sequential_Context,1,0.3333333333333333,1.3699740752745009,0,1,0,1,1,0
3460,15,10,1,4,5,0.3333333333333333,0.06666666666666667,0.26666666666666666,Turning_Dynamics,4,1.0,1.158938532350277,0,0,0,0,0,4
3461,15,6,3,6,9,0.6,0.2,0.4,Turning_Dynamics,4,0.6666666666666666,1.8892464285091581,0,2,0,0,0,4
3462,15,6,4,5,9,0.6,0.26666666666666666,0.3333333333333333,Speed_Dynamics,3,0.6,1.8892464285091581,0,0,0,3,0,2
3463,15,3,11,1,12,0.8,0.7333333333333333,0.06666666666666667,Spatial_Reach_and_Route,1,1.0,1.0529815751302694,0,0,1,0,0,0
3464,15,10,2,3,5,0.3333333333333333,0.13333333333333333,0.2,Temporal_Sequential_Context,3,1.0,1.2419460322060458,0,0,0,0,3,0
3465,15,15,0,0,0,0.0,0.0,0.0,,0,0.0,0.0,0,0,0,0,0,0
3466,15,1,13,1,14,0.9333333333333333,0.8666666666666667,0.06666666666666667,Spatial_Reach_and_Route,1,1.0,0.6998428398862386,0,0,1,0,0,0
3467,15,10,4,1,5,0.3333333333333333,0.26666666666666666,0.06666666666666667,Turning_Dynamics,1,1.0,1.158938532350277,0,0,0,0,0,1
3468,15,1,7,7,14,0.9333333333333333,0.4666666666666667,0.4666666666666667,Spatial_Reach_and_Route,2,0.2857142857142857,2.1967916319816365,2,2,2,0,0,1
3469,15,6,1,8,9,0.6,0.06666666666666667,0.5333333333333333,Temporal_Sequential_Context,4,0.5,1.8062389286533895,0,0,4,0,4,0
3470,15,6,4,5,9,0.6,0.26666666666666666,0.3333333333333333,Turning_Dynamics,3,0.6,1.8892464285091581,0,0,0,2,0,3
3471,15,0,15,0,15,1.0,1.0,0.0,,0,0.0,0.0,0,0,0,0,0,0
3472,15,1,8,6,14,0.9333333333333333,0.5333333333333333,0.4,Temporal_Sequential_Context,2,0.3333333333333333,1.9068905956085187,2,0,2,0,2,0
3473,15,1,9,5,14,0.9333333333333333,0.6,0.3333333333333333,Temporal_Sequential_Context,2,0.4,1.7382689280764647,0,0,1,2,2,0
3474,15,1,10,4,14,0.9333333333333333,0.6666666666666666,0.26666666666666666,Spatial_Reach_and_Route,2,0.5,1.5589385323502774,0,0,2,1,1,0
3475,15,1,8,6,14,0.9333333333333333,0.5333333333333333,0.4,Spatial_Reach_and_Route,2,0.3333333333333333,1.9068905956085187,2,2,2,0,0,0
3476,15,1,11,3,14,0.9333333333333333,0.7333333333333333,0.2,Turning_Dynamics,1,0.3333333333333333,1.3699740752745009,1,0,1,0,0,1
3477,15,0,12,3,15,1.0,0.8,0.2,Temporal_Sequential_Context,1,0.3333333333333333,1.0389205950315936,1,0,1,0,1,0
3478,15,0,14,1,15,1.0,0.9333333333333333,0.06666666666666667,Spatial_Reach_and_Route,1,1.0,0.35335933502142136,0,0,1,0,0,0
3479,15,0,15,0,15,1.0,1.0,0.0,,0,0.0,0.0,0,0,0,0,0,0
3480,15,0,15,0,15,1.0,1.0,0.0,,0,0.0,0.0,0,0,0,0,0,0
3481,15,0,13,2,15,1.0,0.8666666666666667,0.13333333333333333,Speed_Dynamics,1,0.5,0.6998428398862386,1,0,0,1,0,0
3482,15,1,9,5,14,0.9333333333333333,0.6,0.3333333333333333,Temporal_Sequential_Context,2,0.4,1.7382689280764645,1,0,2,0,2,0
3483,15,0,15,0,15,1.0,1.0,0.0,,0,0.0,0.0,0,0,0,0,0,0
3484,15,0,15,0,15,1.0,1.0,0.0,,0,0.0,0.0,0,0,0,0,0,0
3485,15,0,15,0,15,1.0,1.0,0.0,,0,0.0,0.0,0,0,0,0,0,0
3486,15,0,12,3,15,1.0,0.8,0.2,Turning_Dynamics,1,0.3333333333333333,1.0389205950315936,1,0,0,0,1,1
3487,15,1,10,4,14,0.9333333333333333,0.6666666666666666,0.26666666666666666,Turning_Dynamics,1,0.25,1.6922718656836107,1,0,1,1,0,1
3488,15,0,15,0,15,1.0,1.0,0.0,,0,0.0,0.0,0,0,0,0,0,0
3489,15,0,15,0,15,1.0,1.0,0.0,,0,0.0,0.0,0,0,0,0,0,0
3490,15,0,15,0,15,1.0,1.0,0.0,,0,0.0,0.0,0,0,0,0,0,0
3491,15,1,8,6,14,0.9333333333333333,0.5333333333333333,0.4,Turning_Dynamics,2,0.3333333333333333,1.9068905956085185,0,0,0,2,2,2
3492,15,1,12,2,14,0.9333333333333333,0.8,0.13333333333333333,Temporal_Sequential_Context,1,0.5,1.0389205950315936,0,1,0,0,1,0
3493,15,10,2,3,5,0.3333333333333333,0.13333333333333333,0.2,Curvature_Geometry,3,1.0,1.2419460322060458,0,3,0,0,0,0
3494,15,3,7,5,12,0.8,0.4666666666666667,0.3333333333333333,Curvature_Geometry,3,0.6,1.9628066316931743,0,3,0,1,0,1
3495,15,6,3,6,9,0.6,0.2,0.4,Curvature_Geometry,4,0.6666666666666666,1.8892464285091581,0,4,0,0,2,0
3496,15,3,7,5,12,0.8,0.4666666666666667,0.3333333333333333,Turning_Dynamics,3,0.6,1.8294732983598407,0,2,0,0,0,3
3497,15,3,6,6,12,0.8,0.4,0.4,Turning_Dynamics,2,0.3333333333333333,2.1559130951758245,0,2,0,0,2,2
3498,15,1,12,2,14,0.9333333333333333,0.8,0.13333333333333333,Curvature_Geometry,2,1.0,0.9055872616982603,0,2,0,0,0,0
3499,15,0,14,1,15,1.0,0.9333333333333333,0.06666666666666667,Curvature_Geometry,1,1.0,0.35335933502142136,0,1,0,0,0,0
3500,15,1,11,3,14,0.9333333333333333,0.7333333333333333,0.2,Temporal_Sequential_Context,1,0.3333333333333333,1.3699740752745009,1,1,0,0,1,0
3501,15,6,3,6,9,0.6,0.2,0.4,Turning_Dynamics,3,0.5,1.9219280948873623,0,0,3,0,0,3
3502,15,6,4,5,9,0.6,0.26666666666666666,0.3333333333333333,Spatial_Reach_and_Route,3,0.6,1.889246428509158,2,0,3,0,0,0
3503,15,0,11,4,15,1.0,0.7333333333333333,0.26666666666666666,Turning_Dynamics,1,0.25,1.3699740752745009,1,0,1,0,1,1
3504,15,10,5,0,5,0.3333333333333333,0.3333333333333333,0.0,,0,0.0,0.9182958340544896,0,0,0,0,0,0
3505,15,6,7,2,9,0.6,0.4666666666666667,0.13333333333333333,Temporal_Sequential_Context,1,0.5,1.5628066316931741,0,1,0,0,1,0
3506,15,3,8,4,12,0.8,0.5333333333333333,0.26666666666666666,Speed_Dynamics,2,0.5,1.8565647621309542,0,0,1,2,0,1
3507,15,6,4,5,9,0.6,0.26666666666666666,0.3333333333333333,Turning_Dynamics,3,0.6,1.889246428509158,2,0,0,0,0,3
3508,15,1,8,6,14,0.9333333333333333,0.5333333333333333,0.4,Spatial_Reach_and_Route,2,0.3333333333333333,2.040223928941852,0,2,2,1,1,0
3509,15,6,5,4,9,0.6,0.3333333333333333,0.26666666666666666,Temporal_Sequential_Context,4,1.0,1.565596230357602,0,0,0,0,4,0
3510,15,1,7,7,14,0.9333333333333333,0.4666666666666667,0.4666666666666667,Temporal_Sequential_Context,2,0.2857142857142857,2.1967916319816365,2,2,1,0,2,0
3511,15,3,5,7,12,0.8,0.3333333333333333,0.4666666666666667,Speed_Dynamics,3,0.42857142857142855,2.2322628970242686,0,2,0,3,0,2
3512,15,3,3,9,12,0.8,0.2,0.6,Temporal_Sequential_Context,3,0.3333333333333333,2.321928094887362,0,3,3,0,3,0
3513,15,3,9,3,12,0.8,0.6,0.2,Turning_Dynamics,3,1.0,1.3709505944546687,0,0,0,0,0,3
3514,15,6,3,6,9,0.6,0.2,0.4,Turning_Dynamics,4,0.6666666666666666,1.8892464285091581,0,2,0,0,0,4
3515,15,10,0,5,5,0.3333333333333333,0.0,0.3333333333333333,Acceleration_Dynamics,5,1.0,0.9182958340544896,5,0,0,0,0,0
3516,15,1,12,2,14,0.9333333333333333,0.8,0.13333333333333333,Speed_Dynamics,1,0.5,1.0389205950315936,0,1,0,1,0,0
3517,15,3,9,3,12,0.8,0.6,0.2,Turning_Dynamics,1,0.3333333333333333,1.6879430945989,1,1,0,0,0,1
3518,15,10,2,3,5,0.3333333333333333,0.13333333333333333,0.2,Speed_Dynamics,3,1.0,1.2419460322060458,0,0,0,3,0,0
3519,15,6,8,1,9,0.6,0.5333333333333333,0.06666666666666667,Speed_Dynamics,1,1.0,1.272905595320056,0,0,0,1,0,0
3520,15,10,4,1,5,0.3333333333333333,0.26666666666666666,0.06666666666666667,Temporal_Sequential_Context,1,1.0,1.158938532350277,0,0,0,0,1,0
3521,15,10,5,0,5,0.3333333333333333,0.3333333333333333,0.0,,0,0.0,0.9182958340544896,0,0,0,0,0,0
3522,15,3,6,6,12,0.8,0.4,0.4,Temporal_Sequential_Context,2,0.3333333333333333,2.155913095175825,0,2,0,2,2,0
3523,15,3,8,4,12,0.8,0.5333333333333333,0.26666666666666666,Speed_Dynamics,2,0.5,1.856564762130954,0,0,0,2,1,1
3524,15,3,9,3,12,0.8,0.6,0.2,Temporal_Sequential_Context,1,0.3333333333333333,1.6879430945989,0,1,1,0,1,0
3525,15,6,6,3,9,0.6,0.4,0.2,Curvature_Geometry,3,1.0,1.5219280948873621,0,3,0,0,0,0
3526,15,1,10,4,14,0.9333333333333333,0.6666666666666666,0.26666666666666666,Turning_Dynamics,1,0.25,1.6922718656836107,0,1,0,1,1,1
3527,15,6,1,8,9,0.6,0.06666666666666667,0.5333333333333333,Spatial_Reach_and_Route,4,0.5,1.8062389286533893,4,0,4,0,0,0
3528,15,1,10,4,14,0.9333333333333333,0.6666666666666666,0.26666666666666666,Temporal_Sequential_Context,1,0.25,1.6922718656836107,1,1,1,0,1,0
3529,15,1,10,4,14,0.9333333333333333,0.6666666666666666,0.26666666666666666,Temporal_Sequential_Context,1,0.25,1.6922718656836107,1,1,1,0,1,0
3530,15,1,14,0,14,0.9333333333333333,0.9333333333333333,0.0,,0,0.0,0.35335933502142136,0,0,0,0,0,0
3531,15,6,9,0,9,0.6,0.6,0.0,,0,0.0,0.9709505944546686,0,0,0,0,0,0
3532,15,3,8,4,12,0.8,0.5333333333333333,0.26666666666666666,Turning_Dynamics,2,0.5,1.856564762130954,1,0,0,0,1,2
3533,15,1,8,6,14,0.9333333333333333,0.5333333333333333,0.4,Turning_Dynamics,2,0.3333333333333333,1.9068905956085185,0,0,0,2,2,2
3534,15,1,9,5,14,0.9333333333333333,0.6,0.3333333333333333,Turning_Dynamics,2,0.4,1.871602261409798,1,1,0,0,1,2
3535,15,15,0,0,0,0.0,0.0,0.0,,0,0.0,0.0,0,0,0,0,0,0
3536,15,3,9,3,12,0.8,0.6,0.2,Turning_Dynamics,1,0.3333333333333333,1.6879430945989,0,1,0,1,0,1
3537,15,6,7,2,9,0.6,0.4666666666666667,0.13333333333333333,Turning_Dynamics,2,1.0,1.4294732983598406,0,0,0,0,0,2
3538,15,3,7,5,12,0.8,0.4666666666666667,0.3333333333333333,Turning_Dynamics,2,0.4,2.0131324651707385,0,1,0,0,2,2
3539,15,15,0,0,0,0.0,0.0,0.0,,0,0.0,0.0,0,0,0,0,0,0
3540,15,6,7,2,9,0.6,0.4666666666666667,0.13333333333333333,Temporal_Sequential_Context,1,0.5,1.5628066316931741,0,1,0,0,1,0
3541,15,3,12,0,12,0.8,0.8,0.0,,0,0.0,0.7219280948873623,0,0,0,0,0,0
3542,15,3,5,7,12,0.8,0.3333333333333333,0.4666666666666667,Spatial_Reach_and_Route,3,0.42857142857142855,2.2322628970242686,2,2,3,0,0,0
3543,15,15,0,0,0,0.0,0.0,0.0,,0,0.0,0.0,0,0,0,0,0,0
3544,15,1,7,7,14,0.9333333333333333,0.4666666666666667,0.4666666666666667,Turning_Dynamics,2,0.2857142857142857,2.1967916319816365,0,2,2,0,1,2
3545,15,3,8,4,12,0.8,0.5333333333333333,0.26666666666666666,Acceleration_Dynamics,2,0.5,1.8565647621309542,2,0,1,1,0,0
3546,15,6,3,6,9,0.6,0.2,0.4,Acceleration_Dynamics,4,0.6666666666666666,1.8892464285091581,4,0,2,0,0,0
3547,15,6,1,8,9,0.6,0.06666666666666667,0.5333333333333333,Spatial_Reach_and_Route,4,0.5,1.8062389286533895,0,4,4,0,0,0
3548,15,3,7,5,12,0.8,0.4666666666666667,0.3333333333333333,Temporal_Sequential_Context,3,0.6,1.8294732983598407,2,0,0,0,3,0
3549,15,3,10,2,12,0.8,0.6666666666666666,0.13333333333333333,Speed_Dynamics,2,1.0,1.2419460322060458,0,0,0,2,0,0
3550,15,6,9,0,9,0.6,0.6,0.0,,0,0.0,0.9709505944546686,0,0,0,0,0,0
3551,15,3,8,4,12,0.8,0.5333333333333333,0.26666666666666666,Turning_Dynamics,3,0.75,1.6729055953200562,0,0,0,0,1,3
3552,15,6,4,5,9,0.6,0.26666666666666666,0.3333333333333333,Speed_Dynamics,3,0.6,1.889246428509158,2,0,0,3,0,0
3553,15,1,8,6,14,0.9333333333333333,0.5333333333333333,0.4,Spatial_Reach_and_Route,2,0.3333333333333333,2.040223928941852,2,1,2,0,1,0
3554,15,10,5,0,5,0.3333333333333333,0.3333333333333333,0.0,,0,0.0,0.9182958340544896,0,0,0,0,0,0
3555,15,3,12,0,12,0.8,0.8,0.0,,0,0.0,0.7219280948873623,0,0,0,0,0,0
3556,15,6,9,0,9,0.6,0.6,0.0,,0,0.0,0.9709505944546686,0,0,0,0,0,0
3557,15,15,0,0,0,0.0,0.0,0.0,,0,0.0,0.0,0,0,0,0,0,0
3558,15,1,8,6,14,0.9333333333333333,0.5333333333333333,0.4,Turning_Dynamics,2,0.3333333333333333,1.9068905956085187,2,0,0,0,2,2
3559,15,6,3,6,9,0.6,0.2,0.4,Turning_Dynamics,3,0.5,1.9219280948873623,0,0,0,0,3,3
3560,15,3,11,1,12,0.8,0.7333333333333333,0.06666666666666667,Speed_Dynamics,1,1.0,1.0529815751302694,0,0,0,1,0,0
3561,15,3,6,6,12,0.8,0.4,0.4,Turning_Dynamics,2,0.3333333333333333,2.1559130951758245,0,2,0,2,0,2
3562,15,15,0,0,0,0.0,0.0,0.0,,0,0.0,0.0,0,0,0,0,0,0
3563,15,6,3,6,9,0.6,0.2,0.4,Speed_Dynamics,3,0.5,1.9219280948873623,0,3,0,3,0,0
3564,15,10,3,2,5,0.3333333333333333,0.2,0.13333333333333333,Turning_Dynamics,2,1.0,1.2419460322060458,0,0,0,0,0,2
3565,15,10,0,5,5,0.3333333333333333,0.0,0.3333333333333333,Acceleration_Dynamics,5,1.0,0.9182958340544896,5,0,0,0,0,0
3566,15,1,10,4,14,0.9333333333333333,0.6666666666666666,0.26666666666666666,Turning_Dynamics,1,0.25,1.6922718656836107,0,1,0,1,1,1
3567,15,6,5,4,9,0.6,0.3333333333333333,0.26666666666666666,Turning_Dynamics,4,1.0,1.5655962303576019,0,0,0,0,0,4
3568,15,3,6,6,12,0.8,0.4,0.4,Turning_Dynamics,2,0.3333333333333333,2.155913095175825,0,2,0,2,0,2
3569,15,10,5,0,5,0.3333333333333333,0.3333333333333333,0.0,,0,0.0,0.9182958340544896,0,0,0,0,0,0
3570,15,10,3,2,5,0.3333333333333333,0.2,0.13333333333333333,Temporal_Sequential_Context,2,1.0,1.2419460322060458,0,0,0,0,2,0
3571,15,0,10,5,15,1.0,0.6666666666666666,0.3333333333333333,Turning_Dynamics,1,0.2,1.6922718656836107,1,0,1,1,1,1
3572,15,3,9,3,12,0.8,0.6,0.2,Turning_Dynamics,1,0.3333333333333333,1.6879430945989,0,0,1,0,1,1
3573,15,6,6,3,9,0.6,0.4,0.2,Acceleration_Dynamics,2,0.6666666666666666,1.7055872616982604,2,0,1,0,0,0
3574,15,3,6,6,12,0.8,0.4,0.4,Acceleration_Dynamics,3,0.5,2.1055872616982603,3,0,2,0,1,0
3575,15,3,9,3,12,0.8,0.6,0.2,Spatial_Reach_and_Route,2,0.6666666666666666,1.5546097612655667,0,0,2,1,0,0
3576,15,3,11,1,12,0.8,0.7333333333333333,0.06666666666666667,Temporal_Sequential_Context,1,1.0,1.0529815751302694,0,0,0,0,1,0
3577,15,1,10,4,14,0.9333333333333333,0.6666666666666666,0.26666666666666666,Speed_Dynamics,2,0.5,1.4256051990169438,0,0,2,2,0,0
3578,15,3,12,0,12,0.8,0.8,0.0,,0,0.0,0.7219280948873623,0,0,0,0,0,0
3579,15,1,14,0,14,0.9333333333333333,0.9333333333333333,0.0,,0,0.0,0.35335933502142136,0,0,0,0,0,0
3580,15,3,10,2,12,0.8,0.6666666666666666,0.13333333333333333,Turning_Dynamics,1,0.5,1.3752793655393791,0,0,1,0,0,1
3581,15,10,5,0,5,0.3333333333333333,0.3333333333333333,0.0,,0,0.0,0.9182958340544896,0,0,0,0,0,0
3582,15,1,13,1,14,0.9333333333333333,0.8666666666666667,0.06666666666666667,Temporal_Sequential_Context,1,1.0,0.6998428398862386,0,0,0,0,1,0
3583,15,1,10,4,14,0.9333333333333333,0.6666666666666666,0.26666666666666666,Speed_Dynamics,2,0.5,1.4256051990169438,2,0,0,2,0,0
3584,15,6,6,3,9,0.6,0.4,0.2,Turning_Dynamics,2,0.6666666666666666,1.7055872616982601,1,0,0,0,0,2
3585,15,6,5,4,9,0.6,0.3333333333333333,0.26666666666666666,Turning_Dynamics,3,0.75,1.781937063546704,0,0,0,0,1,3
3586,15,0,10,5,15,1.0,0.6666666666666666,0.3333333333333333,Temporal_Sequential_Context,1,0.2,1.6922718656836107,1,1,1,1,1,0
3587,15,1,13,1,14,0.9333333333333333,0.8666666666666667,0.06666666666666667,Spatial_Reach_and_Route,1,1.0,0.6998428398862386,0,0,1,0,0,0
3588,15,6,8,1,9,0.6,0.5333333333333333,0.06666666666666667,Acceleration_Dynamics,1,1.0,1.272905595320056,1,0,0,0,0,0
3589,15,0,15,0,15,1.0,1.0,0.0,,0,0.0,0.0,0,0,0,0,0,0
3590,15,0,11,4,15,1.0,0.7333333333333333,0.26666666666666666,Turning_Dynamics,1,0.25,1.3699740752745009,0,1,0,1,1,1
3591,15,3,7,5,12,0.8,0.4666666666666667,0.3333333333333333,Acceleration_Dynamics,3,0.6,1.962806631693174,3,0,1,0,1,0
3592,15,3,8,4,12,0.8,0.5333333333333333,0.26666666666666666,Spatial_Reach_and_Route,2,0.5,1.8565647621309542,0,0,2,1,1,0
3593,15,0,11,4,15,1.0,0.7333333333333333,0.26666666666666666,Temporal_Sequential_Context,1,0.25,1.3699740752745009,1,1,0,1,1,0
3594,15,0,15,0,15,1.0,1.0,0.0,,0,0.0,0.0,0,0,0,0,0,0
3595,15,0,10,5,15,1.0,0.6666666666666666,0.3333333333333333,Turning_Dynamics,1,0.2,1.6922718656836107,1,0,1,1,1,1
3596,15,1,6,8,14,0.9333333333333333,0.4,0.5333333333333333,Temporal_Sequential_Context,2,0.25,2.3395722619867225,2,0,2,2,2,0
3597,15,1,11,3,14,0.9333333333333333,0.7333333333333333,0.2,Temporal_Sequential_Context,1,0.3333333333333333,1.3699740752745009,0,0,1,1,1,0
3598,15,1,7,7,14,0.9333333333333333,0.4666666666666667,0.4666666666666667,Turning_Dynamics,2,0.2857142857142857,2.196791631981637,2,0,2,0,1,2
3599,15,0,10,5,15,1.0,0.6666666666666666,0.3333333333333333,Turning_Dynamics,1,0.2,1.6922718656836107,1,0,1,1,1,1
3600,15,3,6,6,12,0.8,0.4,0.4,Temporal_Sequential_Context,2,0.3333333333333333,2.155913095175825,2,0,2,0,2,0
3601,15,0,15,0,15,1.0,1.0,0.0,,0,0.0,0.0,0,0,0,0,0,0
3602,15,3,5,7,12,0.8,0.3333333333333333,0.4666666666666667,Temporal_Sequential_Context,3,0.42857142857142855,2.2322628970242686,2,0,2,0,3,0
3603,15,0,13,2,15,1.0,0.8666666666666667,0.13333333333333333,Temporal_Sequential_Context,1,0.5,0.6998428398862386,0,0,0,1,1,0
3604,15,6,5,4,9,0.6,0.3333333333333333,0.26666666666666666,Spatial_Reach_and_Route,2,0.5,1.8322628970242687,2,0,2,0,0,0
3605,15,3,3,9,12,0.8,0.2,0.6,Speed_Dynamics,3,0.3333333333333333,2.321928094887362,3,3,0,3,0,0
3606,15,3,4,8,12,0.8,0.26666666666666666,0.5333333333333333,Speed_Dynamics,3,0.375,2.2892464285091583,3,2,0,3,0,0
3607,15,1,8,6,14,0.9333333333333333,0.5333333333333333,0.4,Curvature_Geometry,2,0.3333333333333333,2.040223928941852,2,2,0,1,0,1
3608,15,1,8,6,14,0.9333333333333333,0.5333333333333333,0.4,Curvature_Geometry,2,0.3333333333333333,2.040223928941852,2,2,1,1,0,0
3609,15,0,15,0,15,1.0,1.0,0.0,,0,0.0,0.0,0,0,0,0,0,0
3610,15,3,8,4,12,0.8,0.5333333333333333,0.26666666666666666,Speed_Dynamics,3,0.75,1.672905595320056,1,0,0,3,0,0
3611,15,0,13,2,15,1.0,0.8666666666666667,0.13333333333333333,Speed_Dynamics,1,0.5,0.6998428398862386,1,0,0,1,0,0
3612,15,1,11,3,14,0.9333333333333333,0.7333333333333333,0.2,Speed_Dynamics,1,0.3333333333333333,1.3699740752745009,1,1,0,1,0,0
3613,15,0,13,2,15,1.0,0.8666666666666667,0.13333333333333333,Speed_Dynamics,1,0.5,0.6998428398862386,1,0,0,1,0,0
3614,15,0,11,4,15,1.0,0.7333333333333333,0.26666666666666666,Turning_Dynamics,1,0.25,1.3699740752745009,1,1,0,1,0,1
3615,15,0,12,3,15,1.0,0.8,0.2,Speed_Dynamics,1,0.3333333333333333,1.0389205950315936,1,0,1,1,0,0
3616,15,1,8,6,14,0.9333333333333333,0.5333333333333333,0.4,Speed_Dynamics,2,0.3333333333333333,1.9068905956085187,2,2,0,2,0,0
3617,15,1,8,6,14,0.9333333333333333,0.5333333333333333,0.4,Turning_Dynamics,2,0.3333333333333333,1.9068905956085187,2,0,0,2,0,2
3618,15,3,4,8,12,0.8,0.26666666666666666,0.5333333333333333,Speed_Dynamics,3,0.375,2.2892464285091583,3,2,0,3,0,0
3619,15,1,9,5,14,0.9333333333333333,0.6,0.3333333333333333,Curvature_Geometry,2,0.4,1.871602261409798,1,2,1,0,0,1
3620,15,10,2,3,5,0.3333333333333333,0.13333333333333333,0.2,Curvature_Geometry,3,1.0,1.2419460322060458,0,3,0,0,0,0
3621,15,3,12,0,12,0.8,0.8,0.0,,0,0.0,0.7219280948873623,0,0,0,0,0,0
3622,15,1,11,3,14,0.9333333333333333,0.7333333333333333,0.2,Temporal_Sequential_Context,2,0.6666666666666666,1.2366407419411674,0,1,0,0,2,0
3623,15,3,5,7,12,0.8,0.3333333333333333,0.4666666666666667,Curvature_Geometry,3,0.42857142857142855,2.181937063546704,3,3,0,0,1,0
3624,15,3,6,6,12,0.8,0.4,0.4,Turning_Dynamics,3,0.5,2.1055872616982603,1,2,0,0,0,3
3625,15,10,0,5,5,0.3333333333333333,0.0,0.3333333333333333,Curvature_Geometry,5,1.0,0.9182958340544896,0,5,0,0,0,0
3626,15,3,5,7,12,0.8,0.3333333333333333,0.4666666666666667,Turning_Dynamics,3,0.42857142857142855,2.181937063546704,1,3,0,0,0,3
3627,15,3,7,5,12,0.8,0.4666666666666667,0.3333333333333333,Turning_Dynamics,3,0.6,1.8294732983598407,0,2,0,0,0,3
3628,15,1,7,7,14,0.9333333333333333,0.4666666666666667,0.4666666666666667,Turning_Dynamics,2,0.2857142857142857,2.1967916319816365,1,2,0,0,2,2
3629,15,3,10,2,12,0.8,0.6666666666666666,0.13333333333333333,Curvature_Geometry,1,0.5,1.3752793655393791,1,1,0,0,0,0
3630,15,3,12,0,12,0.8,0.8,0.0,,0,0.0,0.7219280948873623,0,0,0,0,0,0
3631,15,1,7,7,14,0.9333333333333333,0.4666666666666667,0.4666666666666667,Temporal_Sequential_Context,2,0.2857142857142857,2.1967916319816365,0,2,1,2,2,0
3632,15,0,15,0,15,1.0,1.0,0.0,,0,0.0,0.0,0,0,0,0,0,0
3633,15,3,10,2,12,0.8,0.6666666666666666,0.13333333333333333,Temporal_Sequential_Context,1,0.5,1.3752793655393791,0,1,0,0,1,0
3634,15,10,0,5,5,0.3333333333333333,0.0,0.3333333333333333,Acceleration_Dynamics,5,1.0,0.9182958340544896,5,0,0,0,0,0
3635,15,6,8,1,9,0.6,0.5333333333333333,0.06666666666666667,Turning_Dynamics,1,1.0,1.272905595320056,0,0,0,0,0,1
3636,15,6,5,4,9,0.6,0.3333333333333333,0.26666666666666666,Turning_Dynamics,2,0.5,1.8322628970242687,0,2,0,0,0,2
3637,15,3,9,3,12,0.8,0.6,0.2,Curvature_Geometry,3,1.0,1.3709505944546687,0,3,0,0,0,0
3638,15,3,9,3,12,0.8,0.6,0.2,Turning_Dynamics,1,0.3333333333333333,1.6879430945989,0,0,0,1,1,1
3639,15,6,2,7,9,0.6,0.13333333333333333,0.4666666666666667,Curvature_Geometry,4,0.5714285714285714,1.8892464285091581,0,4,0,0,3,0
3640,15,15,0,0,0,0.0,0.0,0.0,,0,0.0,0.0,0,0,0,0,0,0
3641,15,6,5,4,9,0.6,0.3333333333333333,0.26666666666666666,Temporal_Sequential_Context,4,1.0,1.565596230357602,0,0,0,0,4,0
3642,15,6,5,4,9,0.6,0.3333333333333333,0.26666666666666666,Curvature_Geometry,3,0.75,1.781937063546704,0,3,1,0,0,0
3643,15,3,7,5,12,0.8,0.4666666666666667,0.3333333333333333,Temporal_Sequential_Context,3,0.6,1.9628066316931743,0,1,1,0,3,0
3644,15,3,8,4,12,0.8,0.5333333333333333,0.26666666666666666,Temporal_Sequential_Context,3,0.75,1.672905595320056,1,0,0,0,3,0
3645,15,10,5,0,5,0.3333333333333333,0.3333333333333333,0.0,,0,0.0,0.9182958340544896,0,0,0,0,0,0
3646,15,6,4,5,9,0.6,0.26666666666666666,0.3333333333333333,Curvature_Geometry,4,0.8,1.8062389286533895,0,4,1,0,0,0
3647,15,3,4,8,12,0.8,0.26666666666666666,0.5333333333333333,Temporal_Sequential_Context,3,0.375,2.2892464285091583,0,2,3,0,3,0
3648,15,6,2,7,9,0.6,0.13333333333333333,0.4666666666666667,Curvature_Geometry,4,0.5714285714285714,1.8892464285091581,0,4,0,0,3,0
3649,15,10,1,4,5,0.3333333333333333,0.06666666666666667,0.26666666666666666,Turning_Dynamics,4,1.0,1.158938532350277,0,0,0,0,0,4
3650,15,1,11,3,14,0.9333333333333333,0.7333333333333333,0.2,Turning_Dynamics,1,0.3333333333333333,1.3699740752745009,1,0,0,1,0,1
3651,15,3,12,0,12,0.8,0.8,0.0,,0,0.0,0.7219280948873623,0,0,0,0,0,0
3652,15,0,15,0,15,1.0,1.0,0.0,,0,0.0,0.0,0,0,0,0,0,0
3653,15,3,6,6,12,0.8,0.4,0.4,Temporal_Sequential_Context,3,0.5,2.1055872616982603,0,1,2,0,3,0
3654,15,3,12,0,12,0.8,0.8,0.0,,0,0.0,0.7219280948873623,0,0,0,0,0,0
3655,15,3,7,5,12,0.8,0.4666666666666667,0.3333333333333333,Temporal_Sequential_Context,2,0.4,2.0131324651707385,2,0,0,0,2,1
3656,15,10,2,3,5,0.3333333333333333,0.13333333333333333,0.2,Acceleration_Dynamics,3,1.0,1.2419460322060458,3,0,0,0,0,0
3657,15,3,8,4,12,0.8,0.5333333333333333,0.26666666666666666,Temporal_Sequential_Context,2,0.5,1.7232314287976207,2,0,0,0,2,0
3658,15,10,1,4,5,0.3333333333333333,0.06666666666666667,0.26666666666666666,Acceleration_Dynamics,4,1.0,1.1589385323502772,4,0,0,0,0,0
3659,15,1,14,0,14,0.9333333333333333,0.9333333333333333,0.0,,0,0.0,0.35335933502142136,0,0,0,0,0,0
3660,15,10,4,1,5,0.3333333333333333,0.26666666666666666,0.06666666666666667,Curvature_Geometry,1,1.0,1.158938532350277,0,1,0,0,0,0
3661,15,6,5,4,9,0.6,0.3333333333333333,0.26666666666666666,Speed_Dynamics,3,0.75,1.781937063546704,0,0,0,3,0,1
3662,15,1,14,0,14,0.9333333333333333,0.9333333333333333,0.0,,0,0.0,0.35335933502142136,0,0,0,0,0,0
3663,15,3,9,3,12,0.8,0.6,0.2,Speed_Dynamics,3,1.0,1.3709505944546687,0,0,0,3,0,0
3664,15,3,11,1,12,0.8,0.7333333333333333,0.06666666666666667,Turning_Dynamics,1,1.0,1.0529815751302694,0,0,0,0,0,1
3665,15,1,14,0,14,0.9333333333333333,0.9333333333333333,0.0,,0,0.0,0.35335933502142136,0,0,0,0,0,0
3666,15,6,7,2,9,0.6,0.4666666666666667,0.13333333333333333,Turning_Dynamics,1,0.5,1.562806631693174,0,0,0,1,0,1
3667,15,6,7,2,9,0.6,0.4666666666666667,0.13333333333333333,Temporal_Sequential_Context,2,1.0,1.4294732983598406,0,0,0,0,2,0
3668,15,10,3,2,5,0.3333333333333333,0.2,0.13333333333333333,Curvature_Geometry,2,1.0,1.2419460322060458,0,2,0,0,0,0
3669,15,15,0,0,0,0.0,0.0,0.0,,0,0.0,0.0,0,0,0,0,0,0
3670,15,15,0,0,0,0.0,0.0,0.0,,0,0.0,0.0,0,0,0,0,0,0
3671,15,10,0,5,5,0.3333333333333333,0.0,0.3333333333333333,Temporal_Sequential_Context,5,1.0,0.9182958340544896,0,0,0,0,5,0
3672,15,15,0,0,0,0.0,0.0,0.0,,0,0.0,0.0,0,0,0,0,0,0
3673,15,10,4,1,5,0.3333333333333333,0.26666666666666666,0.06666666666666667,Curvature_Geometry,1,1.0,1.158938532350277,0,1,0,0,0,0
3674,15,3,12,0,12,0.8,0.8,0.0,,0,0.0,0.7219280948873623,0,0,0,0,0,0
3675,15,6,5,4,9,0.6,0.3333333333333333,0.26666666666666666,Turning_Dynamics,2,0.5,1.8322628970242685,0,0,2,0,0,2
3676,15,10,4,1,5,0.3333333333333333,0.26666666666666666,0.06666666666666667,Acceleration_Dynamics,1,1.0,1.1589385323502772,1,0,0,0,0,0
3677,15,6,3,6,9,0.6,0.2,0.4,Spatial_Reach_and_Route,3,0.5,1.9219280948873623,3,0,3,0,0,0
3678,15,6,8,1,9,0.6,0.5333333333333333,0.06666666666666667,Acceleration_Dynamics,1,1.0,1.272905595320056,1,0,0,0,0,0
3679,15,10,5,0,5,0.3333333333333333,0.3333333333333333,0.0,,0,0.0,0.9182958340544896,0,0,0,0,0,0
3680,15,1,9,5,14,0.9333333333333333,0.6,0.3333333333333333,Spatial_Reach_and_Route,2,0.4,1.871602261409798,1,0,2,1,0,1
3681,15,0,10,5,15,1.0,0.6666666666666666,0.3333333333333333,Temporal_Sequential_Context,1,0.2,1.6922718656836107,1,1,1,1,1,0
3682,15,1,7,7,14,0.9333333333333333,0.4666666666666667,0.4666666666666667,Temporal_Sequential_Context,2,0.2857142857142857,2.1967916319816365,1,0,2,2,2,0
3683,15,6,4,5,9,0.6,0.26666666666666666,0.3333333333333333,Acceleration_Dynamics,3,0.6,1.889246428509158,3,0,2,0,0,0
3684,15,1,12,2,14,0.9333333333333333,0.8,0.13333333333333333,Spatial_Reach_and_Route,1,0.5,1.0389205950315936,1,0,1,0,0,0
3685,15,1,13,1,14,0.9333333333333333,0.8666666666666667,0.06666666666666667,Acceleration_Dynamics,1,1.0,0.6998428398862386,1,0,0,0,0,0
3686,15,0,10,5,15,1.0,0.6666666666666666,0.3333333333333333,Turning_Dynamics,1,0.2,1.6922718656836107,1,0,1,1,1,1
3687,15,1,11,3,14,0.9333333333333333,0.7333333333333333,0.2,Temporal_Sequential_Context,1,0.3333333333333333,1.3699740752745009,1,0,1,0,1,0
3688,15,1,10,4,14,0.9333333333333333,0.6666666666666666,0.26666666666666666,Turning_Dynamics,1,0.25,1.6922718656836107,1,0,1,0,1,1
3689,15,0,10,5,15,1.0,0.6666666666666666,0.3333333333333333,Temporal_Sequential_Context,1,0.2,1.6922718656836107,1,1,1,1,1,0
3690,15,1,12,2,14,0.9333333333333333,0.8,0.13333333333333333,Acceleration_Dynamics,2,1.0,0.9055872616982603,2,0,0,0,0,0
3691,15,1,10,4,14,0.9333333333333333,0.6666666666666666,0.26666666666666666,Temporal_Sequential_Context,2,0.5,1.4256051990169438,0,0,2,0,2,0
3692,15,3,6,6,12,0.8,0.4,0.4,Speed_Dynamics,3,0.5,1.9219280948873623,0,0,3,3,0,0
3693,15,0,10,5,15,1.0,0.6666666666666666,0.3333333333333333,Turning_Dynamics,1,0.2,1.6922718656836107,1,0,1,1,1,1
3694,15,1,7,7,14,0.9333333333333333,0.4666666666666667,0.4666666666666667,Turning_Dynamics,2,0.2857142857142857,2.1967916319816365,1,0,2,0,2,2
3695,15,0,14,1,15,1.0,0.9333333333333333,0.06666666666666667,Curvature_Geometry,1,1.0,0.35335933502142136,0,1,0,0,0,0
3696,15,0,14,1,15,1.0,0.9333333333333333,0.06666666666666667,Spatial_Reach_and_Route,1,1.0,0.35335933502142136,0,0,1,0,0,0
3697,15,0,15,0,15,1.0,1.0,0.0,,0,0.0,0.0,0,0,0,0,0,0
3698,15,1,6,8,14,0.9333333333333333,0.4,0.5333333333333333,Temporal_Sequential_Context,2,0.25,2.3395722619867225,2,2,2,0,2,0
3699,15,3,7,5,12,0.8,0.4666666666666667,0.3333333333333333,Speed_Dynamics,2,0.4,2.013132465170739,2,0,1,2,0,0
3700,15,10,1,4,5,0.3333333333333333,0.06666666666666667,0.26666666666666666,Spatial_Reach_and_Route,4,1.0,1.158938532350277,0,0,4,0,0,0
3701,15,3,11,1,12,0.8,0.7333333333333333,0.06666666666666667,Curvature_Geometry,1,1.0,1.0529815751302694,0,1,0,0,0,0
3702,15,6,7,2,9,0.6,0.4666666666666667,0.13333333333333333,Turning_Dynamics,2,1.0,1.4294732983598406,0,0,0,0,0,2
3703,15,3,8,4,12,0.8,0.5333333333333333,0.26666666666666666,Spatial_Reach_and_Route,2,0.5,1.856564762130954,1,0,2,0,1,0
3704,15,3,5,7,12,0.8,0.3333333333333333,0.4666666666666667,Spatial_Reach_and_Route,3,0.42857142857142855,2.2322628970242686,2,0,3,0,2,0
3705,15,3,7,5,12,0.8,0.4666666666666667,0.3333333333333333,Spatial_Reach_and_Route,3,0.6,1.962806631693174,1,0,3,0,1,0
3706,15,3,7,5,12,0.8,0.4666666666666667,0.3333333333333333,Spatial_Reach_and_Route,3,0.6,1.8294732983598407,0,0,3,0,0,2
3707,15,1,8,6,14,0.9333333333333333,0.5333333333333333,0.4,Speed_Dynamics,2,0.3333333333333333,2.040223928941852,1,0,2,2,1,0
3708,15,3,12,0,12,0.8,0.8,0.0,,0,0.0,0.7219280948873623,0,0,0,0,0,0
3709,15,6,7,2,9,0.6,0.4666666666666667,0.13333333333333333,Spatial_Reach_and_Route,1,0.5,1.562806631693174,1,0,1,0,0,0
3710,15,1,14,0,14,0.9333333333333333,0.9333333333333333,0.0,,0,0.0,0.35335933502142136,0,0,0,0,0,0
3711,15,0,14,1,15,1.0,0.9333333333333333,0.06666666666666667,Temporal_Sequential_Context,1,1.0,0.35335933502142136,0,0,0,0,1,0
3712,15,6,6,3,9,0.6,0.4,0.2,Spatial_Reach_and_Route,2,0.6666666666666666,1.7055872616982601,0,0,2,0,1,0
3713,15,0,12,3,15,1.0,0.8,0.2,Turning_Dynamics,1,0.3333333333333333,1.0389205950315936,1,0,0,0,1,1
3714,15,10,1,4,5,0.3333333333333333,0.06666666666666667,0.26666666666666666,Turning_Dynamics,4,1.0,1.158938532350277,0,0,0,0,0,4
3715,15,3,11,1,12,0.8,0.7333333333333333,0.06666666666666667,Spatial_Reach_and_Route,1,1.0,1.0529815751302694,0,0,1,0,0,0
3716,15,1,14,0,14,0.9333333333333333,0.9333333333333333,0.0,,0,0.0,0.35335933502142136,0,0,0,0,0,0
3717,15,3,10,2,12,0.8,0.6666666666666666,0.13333333333333333,Speed_Dynamics,1,0.5,1.3752793655393791,1,0,0,1,0,0
3718,15,10,0,5,5,0.3333333333333333,0.0,0.3333333333333333,Speed_Dynamics,5,1.0,0.9182958340544896,0,0,0,5,0,0
3719,15,0,15,0,15,1.0,1.0,0.0,,0,0.0,0.0,0,0,0,0,0,0
3720,15,15,0,0,0,0.0,0.0,0.0,,0,0.0,0.0,0,0,0,0,0,0
3721,15,10,2,3,5,0.3333333333333333,0.13333333333333333,0.2,Temporal_Sequential_Context,3,1.0,1.2419460322060458,0,0,0,0,3,0
3722,15,6,7,2,9,0.6,0.4666666666666667,0.13333333333333333,Speed_Dynamics,1,0.5,1.5628066316931741,0,1,0,1,0,0
3723,15,3,11,1,12,0.8,0.7333333333333333,0.06666666666666667,Curvature_Geometry,1,1.0,1.0529815751302694,0,1,0,0,0,0
3724,15,1,12,2,14,0.9333333333333333,0.8,0.13333333333333333,Turning_Dynamics,1,0.5,1.0389205950315936,0,0,0,1,0,1
3725,15,3,11,1,12,0.8,0.7333333333333333,0.06666666666666667,Turning_Dynamics,1,1.0,1.0529815751302694,0,0,0,0,0,1
3726,15,6,5,4,9,0.6,0.3333333333333333,0.26666666666666666,Temporal_Sequential_Context,4,1.0,1.5655962303576019,0,0,0,0,4,0
3727,15,6,8,1,9,0.6,0.5333333333333333,0.06666666666666667,Temporal_Sequential_Context,1,1.0,1.272905595320056,0,0,0,0,1,0
3728,15,10,4,1,5,0.3333333333333333,0.26666666666666666,0.06666666666666667,Curvature_Geometry,1,1.0,1.158938532350277,0,1,0,0,0,0
3729,15,15,0,0,0,0.0,0.0,0.0,,0,0.0,0.0,0,0,0,0,0,0
3730,15,10,2,3,5,0.3333333333333333,0.13333333333333333,0.2,Temporal_Sequential_Context,3,1.0,1.2419460322060458,0,0,0,0,3,0
3731,15,0,14,1,15,1.0,0.9333333333333333,0.06666666666666667,Spatial_Reach_and_Route,1,1.0,0.35335933502142136,0,0,1,0,0,0
3732,15,15,0,0,0,0.0,0.0,0.0,,0,0.0,0.0,0,0,0,0,0,0
3733,15,1,7,7,14,0.9333333333333333,0.4666666666666667,0.4666666666666667,Speed_Dynamics,2,0.2857142857142857,2.1967916319816365,0,2,2,2,0,1
3734,15,3,7,5,12,0.8,0.4666666666666667,0.3333333333333333,Temporal_Sequential_Context,2,0.4,2.0131324651707385,0,1,2,0,2,0
3735,15,6,6,3,9,0.6,0.4,0.2,Turning_Dynamics,2,0.6666666666666666,1.7055872616982601,0,0,1,0,0,2
3736,15,3,8,4,12,0.8,0.5333333333333333,0.26666666666666666,Turning_Dynamics,2,0.5,1.7232314287976207,2,0,0,0,0,2
3737,15,3,8,4,12,0.8,0.5333333333333333,0.26666666666666666,Spatial_Reach_and_Route,2,0.5,1.856564762130954,1,0,2,0,1,0
3738,15,6,2,7,9,0.6,0.13333333333333333,0.4666666666666667,Spatial_Reach_and_Route,4,0.5714285714285714,1.8892464285091581,0,0,4,0,3,0
3739,15,1,14,0,14,0.9333333333333333,0.9333333333333333,0.0,,0,0.0,0.35335933502142136,0,0,0,0,0,0
3740,15,1,13,1,14,0.9333333333333333,0.8666666666666667,0.06666666666666667,Acceleration_Dynamics,1,1.0,0.6998428398862386,1,0,0,0,0,0
3741,15,10,4,1,5,0.3333333333333333,0.26666666666666666,0.06666666666666667,Spatial_Reach_and_Route,1,1.0,1.158938532350277,0,0,1,0,0,0
3742,15,0,15,0,15,1.0,1.0,0.0,,0,0.0,0.0,0,0,0,0,0,0
3743,15,3,8,4,12,0.8,0.5333333333333333,0.26666666666666666,Curvature_Geometry,2,0.5,1.856564762130954,1,2,0,0,1,0
3744,15,3,8,4,12,0.8,0.5333333333333333,0.26666666666666666,Turning_Dynamics,3,0.75,1.6729055953200562,0,0,0,0,1,3
3745,15,10,4,1,5,0.3333333333333333,0.26666666666666666,0.06666666666666667,Spatial_Reach_and_Route,1,1.0,1.158938532350277,0,0,1,0,0,0
3746,15,3,9,3,12,0.8,0.6,0.2,Temporal_Sequential_Context,1,0.3333333333333333,1.6879430945989,0,0,1,1,1,0
3747,15,1,8,6,14,0.9333333333333333,0.5333333333333333,0.4,Temporal_Sequential_Context,2,0.3333333333333333,2.040223928941852,1,0,2,1,2,0
3748,15,6,6,3,9,0.6,0.4,0.2,Turning_Dynamics,3,1.0,1.5219280948873621,0,0,0,0,0,3
3749,15,3,3,9,12,0.8,0.2,0.6,Turning_Dynamics,3,0.3333333333333333,2.321928094887362,0,3,0,3,0,3
3750,15,6,6,3,9,0.6,0.4,0.2,Speed_Dynamics,2,0.6666666666666666,1.7055872616982601,0,0,1,2,0,0
3751,15,0,12,3,15,1.0,0.8,0.2,Turning_Dynamics,1,0.3333333333333333,1.0389205950315936,0,0,1,0,1,1
3752,15,3,7,5,12,0.8,0.4666666666666667,0.3333333333333333,Temporal_Sequential_Context,3,0.6,1.8294732983598405,0,0,0,2,3,0
3753,15,10,3,2,5,0.3333333333333333,0.2,0.13333333333333333,Speed_Dynamics,2,1.0,1.2419460322060458,0,0,0,2,0,0
3754,15,3,6,6,12,0.8,0.4,0.4,Temporal_Sequential_Context,2,0.3333333333333333,2.1559130951758245,0,2,0,2,2,0
3755,15,10,2,3,5,0.3333333333333333,0.13333333333333333,0.2,Acceleration_Dynamics,3,1.0,1.2419460322060458,3,0,0,0,0,0
3756,15,3,8,4,12,0.8,0.5333333333333333,0.26666666666666666,Spatial_Reach_and_Route,2,0.5,1.856564762130954,0,1,2,0,0,1
3757,15,6,4,5,9,0.6,0.26666666666666666,0.3333333333333333,Turning_Dynamics,4,0.8,1.8062389286533895,0,0,0,0,1,4
3758,15,6,2,7,9,0.6,0.13333333333333333,0.4666666666666667,Spatial_Reach_and_Route,4,0.5714285714285714,1.8892464285091581,0,0,4,0,0,3
3759,15,15,0,0,0,0.0,0.0,0.0,,0,0.0,0.0,0,0,0,0,0,0
3760,15,10,3,2,5,0.3333333333333333,0.2,0.13333333333333333,Curvature_Geometry,2,1.0,1.2419460322060458,0,2,0,0,0,0
3761,15,3,12,0,12,0.8,0.8,0.0,,0,0.0,0.7219280948873623,0,0,0,0,0,0
3762,15,6,2,7,9,0.6,0.13333333333333333,0.4666666666666667,Acceleration_Dynamics,4,0.5714285714285714,1.889246428509158,4,0,0,0,0,3
3763,15,6,2,7,9,0.6,0.13333333333333333,0.4666666666666667,Turning_Dynamics,4,0.5714285714285714,1.8892464285091581,0,3,0,0,0,4
3764,15,6,4,5,9,0.6,0.26666666666666666,0.3333333333333333,Turning_Dynamics,4,0.8,1.8062389286533895,0,0,0,1,0,4
3765,15,6,8,1,9,0.6,0.5333333333333333,0.06666666666666667,Acceleration_Dynamics,1,1.0,1.272905595320056,1,0,0,0,0,0
3766,15,3,12,0,12,0.8,0.8,0.0,,0,0.0,0.7219280948873623,0,0,0,0,0,0
3767,15,10,4,1,5,0.3333333333333333,0.26666666666666666,0.06666666666666667,Turning_Dynamics,1,1.0,1.158938532350277,0,0,0,0,0,1
3768,15,10,3,2,5,0.3333333333333333,0.2,0.13333333333333333,Turning_Dynamics,2,1.0,1.2419460322060458,0,0,0,0,0,2
3769,15,10,2,3,5,0.3333333333333333,0.13333333333333333,0.2,Turning_Dynamics,3,1.0,1.2419460322060458,0,0,0,0,0,3
3770,15,10,5,0,5,0.3333333333333333,0.3333333333333333,0.0,,0,0.0,0.9182958340544896,0,0,0,0,0,0
3771,15,6,7,2,9,0.6,0.4666666666666667,0.13333333333333333,Curvature_Geometry,1,0.5,1.562806631693174,1,1,0,0,0,0
3772,15,6,1,8,9,0.6,0.06666666666666667,0.5333333333333333,Speed_Dynamics,4,0.5,1.8062389286533895,0,4,0,4,0,0
3773,15,3,7,5,12,0.8,0.4666666666666667,0.3333333333333333,Speed_Dynamics,2,0.4,2.0131324651707385,0,2,0,2,0,1
3774,15,6,3,6,9,0.6,0.2,0.4,Turning_Dynamics,3,0.5,1.9219280948873623,0,0,0,3,0,3
3775,15,6,7,2,9,0.6,0.4666666666666667,0.13333333333333333,Temporal_Sequential_Context,2,1.0,1.4294732983598406,0,0,0,0,2,0
3776,15,10,5,0,5,0.3333333333333333,0.3333333333333333,0.0,,0,0.0,0.9182958340544896,0,0,0,0,0,0
3777,15,3,5,7,12,0.8,0.3333333333333333,0.4666666666666667,Turning_Dynamics,3,0.42857142857142855,2.2322628970242686,0,0,0,2,2,3
3778,15,0,11,4,15,1.0,0.7333333333333333,0.26666666666666666,Turning_Dynamics,1,0.25,1.3699740752745009,1,1,0,0,1,1
3779,15,3,3,9,12,0.8,0.2,0.6,Turning_Dynamics,3,0.3333333333333333,2.321928094887362,0,3,0,0,3,3
3780,15,6,9,0,9,0.6,0.6,0.0,,0,0.0,0.9709505944546686,0,0,0,0,0,0
3781,15,1,10,4,14,0.9333333333333333,0.6666666666666666,0.26666666666666666,Speed_Dynamics,2,0.5,1.5589385323502771,1,0,1,2,0,0
3782,15,3,6,6,12,0.8,0.4,0.4,Temporal_Sequential_Context,2,0.3333333333333333,2.155913095175825,2,0,0,2,2,0
3783,15,0,10,5,15,1.0,0.6666666666666666,0.3333333333333333,Turning_Dynamics,1,0.2,1.6922718656836107,1,0,1,1,1,1
3784,15,1,10,4,14,0.9333333333333333,0.6666666666666666,0.26666666666666666,Temporal_Sequential_Context,1,0.25,1.6922718656836107,1,0,1,1,1,0
3785,15,3,10,2,12,0.8,0.6666666666666666,0.13333333333333333,Speed_Dynamics,1,0.5,1.3752793655393791,0,0,1,1,0,0
3786,15,0,14,1,15,1.0,0.9333333333333333,0.06666666666666667,Turning_Dynamics,1,1.0,0.35335933502142136,0,0,0,0,0,1
3787,15,1,10,4,14,0.9333333333333333,0.6666666666666666,0.26666666666666666,Spatial_Reach_and_Route,2,0.5,1.5589385323502771,1,0,2,0,0,1
3788,15,6,2,7,9,0.6,0.13333333333333333,0.4666666666666667,Turning_Dynamics,4,0.5714285714285714,1.8892464285091581,0,0,3,0,0,4
3789,15,10,2,3,5,0.3333333333333333,0.13333333333333333,0.2,Spatial_Reach_and_Route,3,1.0,1.2419460322060458,0,0,3,0,0,0
3790,15,3,6,6,12,0.8,0.4,0.4,Temporal_Sequential_Context,3,0.5,2.1055872616982603,1,0,2,0,3,0
3791,15,1,9,5,14,0.9333333333333333,0.6,0.3333333333333333,Turning_Dynamics,2,0.4,1.7382689280764647,2,0,1,0,0,2
3792,15,6,7,2,9,0.6,0.4666666666666667,0.13333333333333333,Turning_Dynamics,2,1.0,1.4294732983598406,0,0,0,0,0,2
3793,15,3,12,0,12,0.8,0.8,0.0,,0,0.0,0.7219280948873623,0,0,0,0,0,0
3794,15,1,11,3,14,0.9333333333333333,0.7333333333333333,0.2,Spatial_Reach_and_Route,2,0.6666666666666666,1.2366407419411674,0,0,2,1,0,0
3795,15,0,15,0,15,1.0,1.0,0.0,,0,0.0,0.0,0,0,0,0,0,0
3796,15,6,3,6,9,0.6,0.2,0.4,Turning_Dynamics,3,0.5,1.9219280948873623,0,0,0,3,0,3
3797,15,10,1,4,5,0.3333333333333333,0.06666666666666667,0.26666666666666666,Speed_Dynamics,4,1.0,1.158938532350277,0,0,0,4,0,0
3798,15,0,15,0,15,1.0,1.0,0.0,,0,0.0,0.0,0,0,0,0,0,0
3799,15,1,11,3,14,0.9333333333333333,0.7333333333333333,0.2,Turning_Dynamics,1,0.3333333333333333,1.3699740752745009,0,1,1,0,0,1
3800,15,6,5,4,9,0.6,0.3333333333333333,0.26666666666666666,Turning_Dynamics,3,0.75,1.781937063546704,0,0,0,1,0,3
3801,15,1,10,4,14,0.9333333333333333,0.6666666666666666,0.26666666666666666,Spatial_Reach_and_Route,2,0.5,1.4256051990169438,0,2,2,0,0,0
3802,15,0,13,2,15,1.0,0.8666666666666667,0.13333333333333333,Spatial_Reach_and_Route,1,0.5,0.6998428398862386,1,0,1,0,0,0
3803,15,1,10,4,14,0.9333333333333333,0.6666666666666666,0.26666666666666666,Speed_Dynamics,1,0.25,1.6922718656836107,1,1,1,1,0,0
3804,15,0,15,0,15,1.0,1.0,0.0,,0,0.0,0.0,0,0,0,0,0,0
3805,15,1,10,4,14,0.9333333333333333,0.6666666666666666,0.26666666666666666,Turning_Dynamics,1,0.25,1.6922718656836107,1,1,0,1,0,1
3806,15,0,15,0,15,1.0,1.0,0.0,,0,0.0,0.0,0,0,0,0,0,0
3807,15,3,7,5,12,0.8,0.4666666666666667,0.3333333333333333,Curvature_Geometry,3,0.6,1.9628066316931743,0,3,1,1,0,0
3808,15,1,8,6,14,0.9333333333333333,0.5333333333333333,0.4,Temporal_Sequential_Context,2,0.3333333333333333,1.9068905956085187,0,0,2,2,2,0
3809,15,3,9,3,12,0.8,0.6,0.2,Speed_Dynamics,1,0.3333333333333333,1.6879430945989,1,1,0,1,0,0
3810,15,3,6,6,12,0.8,0.4,0.4,Speed_Dynamics,3,0.5,1.9219280948873623,0,3,0,3,0,0
3811,15,0,11,4,15,1.0,0.7333333333333333,0.26666666666666666,Temporal_Sequential_Context,1,0.25,1.3699740752745009,1,1,1,0,1,0
3812,15,3,4,8,12,0.8,0.26666666666666666,0.5333333333333333,Speed_Dynamics,3,0.375,2.2892464285091583,2,3,0,3,0,0
3813,15,1,11,3,14,0.9333333333333333,0.7333333333333333,0.2,Temporal_Sequential_Context,1,0.3333333333333333,1.3699740752745009,1,0,0,1,1,0
3814,15,1,12,2,14,0.9333333333333333,0.8,0.13333333333333333,Spatial_Reach_and_Route,2,1.0,0.9055872616982603,0,0,2,0,0,0
3815,15,1,12,2,14,0.9333333333333333,0.8,0.13333333333333333,Temporal_Sequential_Context,2,1.0,0.9055872616982603,0,0,0,0,2,0
3816,15,3,9,3,12,0.8,0.6,0.2,Curvature_Geometry,3,1.0,1.3709505944546687,0,3,0,0,0,0
3817,15,0,15,0,15,1.0,1.0,0.0,,0,0.0,0.0,0,0,0,0,0,0
3818,15,3,3,9,12,0.8,0.2,0.6,Speed_Dynamics,3,0.3333333333333333,2.321928094887362,0,3,3,3,0,0
3819,15,3,9,3,12,0.8,0.6,0.2,Temporal_Sequential_Context,3,1.0,1.3709505944546687,0,0,0,0,3,0
3820,15,3,4,8,12,0.8,0.26666666666666666,0.5333333333333333,Spatial_Reach_and_Route,3,0.375,2.2892464285091583,3,0,3,0,2,0
3821,15,10,2,3,5,0.3333333333333333,0.13333333333333333,0.2,Curvature_Geometry,3,1.0,1.2419460322060458,0,3,0,0,0,0
3822,15,1,13,1,14,0.9333333333333333,0.8666666666666667,0.06666666666666667,Turning_Dynamics,1,1.0,0.6998428398862386,0,0,0,0,0,1
3823,15,6,7,2,9,0.6,0.4666666666666667,0.13333333333333333,Speed_Dynamics,1,0.5,1.5628066316931741,1,0,0,1,0,0
3824,15,0,15,0,15,1.0,1.0,0.0,,0,0.0,0.0,0,0,0,0,0,0
3825,15,1,8,6,14,0.9333333333333333,0.5333333333333333,0.4,Spatial_Reach_and_Route,2,0.3333333333333333,2.040223928941852,2,0,2,1,1,0
3826,15,0,11,4,15,1.0,0.7333333333333333,0.26666666666666666,Temporal_Sequential_Context,1,0.25,1.3699740752745009,1,0,1,1,1,0
3827,15,1,10,4,14,0.9333333333333333,0.6666666666666666,0.26666666666666666,Temporal_Sequential_Context,1,0.25,1.6922718656836107,1,0,1,1,1,0
3828,15,1,14,0,14,0.9333333333333333,0.9333333333333333,0.0,,0,0.0,0.35335933502142136,0,0,0,0,0,0
3829,15,10,1,4,5,0.3333333333333333,0.06666666666666667,0.26666666666666666,Acceleration_Dynamics,4,1.0,1.1589385323502772,4,0,0,0,0,0
3830,15,6,5,4,9,0.6,0.3333333333333333,0.26666666666666666,Turning_Dynamics,2,0.5,1.8322628970242685,0,2,0,0,0,2
3831,15,3,8,4,12,0.8,0.5333333333333333,0.26666666666666666,Speed_Dynamics,2,0.5,1.856564762130954,0,1,1,2,0,0
3832,15,3,8,4,12,0.8,0.5333333333333333,0.26666666666666666,Turning_Dynamics,3,0.75,1.672905595320056,0,1,0,0,0,3
3833,15,3,5,7,12,0.8,0.3333333333333333,0.4666666666666667,Speed_Dynamics,3,0.42857142857142855,2.2322628970242686,0,0,0,3,2,2
3834,15,3,6,6,12,0.8,0.4,0.4,Speed_Dynamics,2,0.3333333333333333,2.155913095175825,0,2,2,2,0,0
3835,15,6,7,2,9,0.6,0.4666666666666667,0.13333333333333333,Turning_Dynamics,2,1.0,1.4294732983598406,0,0,0,0,0,2
3836,15,10,5,0,5,0.3333333333333333,0.3333333333333333,0.0,,0,0.0,0.9182958340544896,0,0,0,0,0,0
3837,15,6,6,3,9,0.6,0.4,0.2,Turning_Dynamics,2,0.6666666666666666,1.7055872616982601,1,0,0,0,0,2
3838,15,6,6,3,9,0.6,0.4,0.2,Acceleration_Dynamics,3,1.0,1.5219280948873621,3,0,0,0,0,0
3839,15,3,6,6,12,0.8,0.4,0.4,Turning_Dynamics,2,0.3333333333333333,2.155913095175825,2,2,0,0,0,2
3840,15,10,5,0,5,0.3333333333333333,0.3333333333333333,0.0,,0,0.0,0.9182958340544896,0,0,0,0,0,0
3841,15,3,8,4,12,0.8,0.5333333333333333,0.26666666666666666,Curvature_Geometry,2,0.5,1.856564762130954,1,2,1,0,0,0
3842,15,6,4,5,9,0.6,0.26666666666666666,0.3333333333333333,Turning_Dynamics,4,0.8,1.8062389286533895,0,1,0,0,0,4
3843,15,0,15,0,15,1.0,1.0,0.0,,0,0.0,0.0,0,0,0,0,0,0
3844,15,0,11,4,15,1.0,0.7333333333333333,0.26666666666666666,Turning_Dynamics,1,0.25,1.3699740752745009,1,1,1,0,0,1
3845,15,3,9,3,12,0.8,0.6,0.2,Temporal_Sequential_Context,1,0.3333333333333333,1.6879430945989,1,0,0,1,1,0
3846,15,15,0,0,0,0.0,0.0,0.0,,0,0.0,0.0,0,0,0,0,0,0
3847,15,6,8,1,9,0.6,0.5333333333333333,0.06666666666666667,Turning_Dynamics,1,1.0,1.272905595320056,0,0,0,0,0,1
3848,15,3,11,1,12,0.8,0.7333333333333333,0.06666666666666667,Curvature_Geometry,1,1.0,1.0529815751302694,0,1,0,0,0,0
3849,15,10,0,5,5,0.3333333333333333,0.0,0.3333333333333333,Turning_Dynamics,5,1.0,0.9182958340544896,0,0,0,0,0,5
3850,15,1,12,2,14,0.9333333333333333,0.8,0.13333333333333333,Temporal_Sequential_Context,1,0.5,1.0389205950315936,1,0,0,0,1,0
3851,15,1,13,1,14,0.9333333333333333,0.8666666666666667,0.06666666666666667,Temporal_Sequential_Context,1,1.0,0.6998428398862386,0,0,0,0,1,0
3852,15,1,9,5,14,0.9333333333333333,0.6,0.3333333333333333,Turning_Dynamics,2,0.4,1.7382689280764647,0,1,2,0,0,2
3853,15,10,0,5,5,0.3333333333333333,0.0,0.3333333333333333,Speed_Dynamics,5,1.0,0.9182958340544896,0,0,0,5,0,0
3854,15,10,3,2,5,0.3333333333333333,0.2,0.13333333333333333,Turning_Dynamics,2,1.0,1.2419460322060458,0,0,0,0,0,2
3855,15,15,0,0,0,0.0,0.0,0.0,,0,0.0,0.0,0,0,0,0,0,0
3856,15,1,7,7,14,0.9333333333333333,0.4666666666666667,0.4666666666666667,Speed_Dynamics,2,0.2857142857142857,2.1967916319816365,2,2,0,2,0,1
3857,15,1,11,3,14,0.9333333333333333,0.7333333333333333,0.2,Acceleration_Dynamics,2,0.6666666666666666,1.2366407419411674,2,0,1,0,0,0
3858,15,1,14,0,14,0.9333333333333333,0.9333333333333333,0.0,,0,0.0,0.35335933502142136,0,0,0,0,0,0
3859,15,3,8,4,12,0.8,0.5333333333333333,0.26666666666666666,Speed_Dynamics,2,0.5,1.7232314287976207,2,0,0,2,0,0
3860,15,1,6,8,14,0.9333333333333333,0.4,0.5333333333333333,Temporal_Sequential_Context,2,0.25,2.3395722619867225,2,0,2,2,2,0
3861,15,1,11,3,14,0.9333333333333333,0.7333333333333333,0.2,Temporal_Sequential_Context,2,0.6666666666666666,1.2366407419411674,1,0,0,0,2,0
3862,15,0,15,0,15,1.0,1.0,0.0,,0,0.0,0.0,0,0,0,0,0,0
3863,15,0,13,2,15,1.0,0.8666666666666667,0.13333333333333333,Temporal_Sequential_Context,1,0.5,0.6998428398862386,0,0,1,0,1,0
3864,15,3,10,2,12,0.8,0.6666666666666666,0.13333333333333333,Turning_Dynamics,1,0.5,1.3752793655393791,0,0,1,0,0,1
3865,15,1,10,4,14,0.9333333333333333,0.6666666666666666,0.26666666666666666,Spatial_Reach_and_Route,2,0.5,1.5589385323502771,1,0,2,0,1,0
3866,15,1,10,4,14,0.9333333333333333,0.6666666666666666,0.26666666666666666,Speed_Dynamics,1,0.25,1.6922718656836107,1,1,1,1,0,0
3867,15,1,14,0,14,0.9333333333333333,0.9333333333333333,0.0,,0,0.0,0.35335933502142136,0,0,0,0,0,0
3868,15,1,6,8,14,0.9333333333333333,0.4,0.5333333333333333,Temporal_Sequential_Context,2,0.25,2.3395722619867225,2,0,2,2,2,0
3869,15,0,11,4,15,1.0,0.7333333333333333,0.26666666666666666,Turning_Dynamics,1,0.25,1.3699740752745009,1,0,1,0,1,1
3870,15,0,10,5,15,1.0,0.6666666666666666,0.3333333333333333,Turning_Dynamics,1,0.2,1.6922718656836107,1,0,1,1,1,1
3871,15,6,6,3,9,0.6,0.4,0.2,Temporal_Sequential_Context,2,0.6666666666666666,1.7055872616982601,0,0,1,0,2,0
3872,15,3,11,1,12,0.8,0.7333333333333333,0.06666666666666667,Turning_Dynamics,1,1.0,1.0529815751302694,0,0,0,0,0,1
3873,15,15,0,0,0,0.0,0.0,0.0,,0,0.0,0.0,0,0,0,0,0,0
3874,15,3,10,2,12,0.8,0.6666666666666666,0.13333333333333333,Turning_Dynamics,1,0.5,1.3752793655393791,0,1,0,0,0,1
3875,15,15,0,0,0,0.0,0.0,0.0,,0,0.0,0.0,0,0,0,0,0,0
3876,15,3,6,6,12,0.8,0.4,0.4,Spatial_Reach_and_Route,3,0.5,2.1055872616982603,0,0,3,1,0,2
3877,15,6,5,4,9,0.6,0.3333333333333333,0.26666666666666666,Acceleration_Dynamics,3,0.75,1.781937063546704,3,0,0,0,0,1
3878,15,6,9,0,9,0.6,0.6,0.0,,0,0.0,0.9709505944546686,0,0,0,0,0,0
3879,15,10,1,4,5,0.3333333333333333,0.06666666666666667,0.26666666666666666,Temporal_Sequential_Context,4,1.0,1.158938532350277,0,0,0,0,4,0
3880,15,3,4,8,12,0.8,0.26666666666666666,0.5333333333333333,Turning_Dynamics,3,0.375,2.2892464285091583,3,0,2,0,0,3
3881,15,3,6,6,12,0.8,0.4,0.4,Turning_Dynamics,3,0.5,1.9219280948873623,0,0,0,3,0,3
3882,15,3,9,3,12,0.8,0.6,0.2,Turning_Dynamics,2,0.6666666666666666,1.5546097612655665,0,0,0,1,0,2
3883,15,3,7,5,12,0.8,0.4666666666666667,0.3333333333333333,Turning_Dynamics,2,0.4,2.0131324651707385,2,0,0,1,0,2
3884,15,3,7,5,12,0.8,0.4666666666666667,0.3333333333333333,Turning_Dynamics,3,0.6,1.8294732983598407,0,0,0,0,2,3
3885,15,3,9,3,12,0.8,0.6,0.2,Speed_Dynamics,3,1.0,1.3709505944546687,0,0,0,3,0,0
3886,15,6,4,5,9,0.6,0.26666666666666666,0.3333333333333333,Turning_Dynamics,4,0.8,1.8062389286533893,0,0,0,1,0,4
3887,15,10,1,4,5,0.3333333333333333,0.06666666666666667,0.26666666666666666,Temporal_Sequential_Context,4,1.0,1.158938532350277,0,0,0,0,4,0
3888,15,0,13,2,15,1.0,0.8666666666666667,0.13333333333333333,Speed_Dynamics,1,0.5,0.6998428398862386,0,0,1,1,0,0
3889,15,6,4,5,9,0.6,0.26666666666666666,0.3333333333333333,Turning_Dynamics,4,0.8,1.8062389286533895,0,1,0,0,0,4
3890,15,3,9,3,12,0.8,0.6,0.2,Turning_Dynamics,2,0.6666666666666666,1.5546097612655665,0,0,0,0,1,2
3891,15,6,8,1,9,0.6,0.5333333333333333,0.06666666666666667,Speed_Dynamics,1,1.0,1.272905595320056,0,0,0,1,0,0
3892,15,6,6,3,9,0.6,0.4,0.2,Curvature_Geometry,3,1.0,1.5219280948873621,0,3,0,0,0,0
3893,15,10,3,2,5,0.3333333333333333,0.2,0.13333333333333333,Temporal_Sequential_Context,2,1.0,1.2419460322060458,0,0,0,0,2,0
3894,15,1,8,6,14,0.9333333333333333,0.5333333333333333,0.4,Temporal_Sequential_Context,2,0.3333333333333333,2.040223928941852,2,1,0,1,2,0
3895,15,3,11,1,12,0.8,0.7333333333333333,0.06666666666666667,Curvature_Geometry,1,1.0,1.0529815751302694,0,1,0,0,0,0
3896,15,6,4,5,9,0.6,0.26666666666666666,0.3333333333333333,Temporal_Sequential_Context,3,0.6,1.8892464285091581,0,2,0,0,3,0
3897,15,3,5,7,12,0.8,0.3333333333333333,0.4666666666666667,Turning_Dynamics,3,0.42857142857142855,2.181937063546704,3,1,0,0,0,3
3898,15,1,12,2,14,0.9333333333333333,0.8,0.13333333333333333,Turning_Dynamics,1,0.5,1.0389205950315936,0,0,0,0,1,1
3899,15,6,7,2,9,0.6,0.4666666666666667,0.13333333333333333,Turning_Dynamics,1,0.5,1.5628066316931741,0,1,0,0,0,1
3900,15,1,10,4,14,0.9333333333333333,0.6666666666666666,0.26666666666666666,Spatial_Reach_and_Route,2,0.5,1.5589385323502771,0,1,2,0,0,1
3901,15,0,10,5,15,1.0,0.6666666666666666,0.3333333333333333,Turning_Dynamics,1,0.2,1.6922718656836107,1,1,1,0,1,1
3902,15,0,13,2,15,1.0,0.8666666666666667,0.13333333333333333,Turning_Dynamics,1,0.5,0.6998428398862386,0,0,1,0,0,1
3903,15,10,5,0,5,0.3333333333333333,0.3333333333333333,0.0,,0,0.0,0.9182958340544896,0,0,0,0,0,0
3904,15,3,9,3,12,0.8,0.6,0.2,Turning_Dynamics,1,0.3333333333333333,1.6879430945989,0,1,1,0,0,1
3905,15,6,7,2,9,0.6,0.4666666666666667,0.13333333333333333,Speed_Dynamics,1,0.5,1.5628066316931741,0,0,1,1,0,0
3906,15,6,9,0,9,0.6,0.6,0.0,,0,0.0,0.9709505944546686,0,0,0,0,0,0
3907,15,3,9,3,12,0.8,0.6,0.2,Speed_Dynamics,1,0.3333333333333333,1.6879430945989,0,1,1,1,0,0
3908,15,3,11,1,12,0.8,0.7333333333333333,0.06666666666666667,Turning_Dynamics,1,1.0,1.0529815751302694,0,0,0,0,0,1
3909,15,1,9,5,14,0.9333333333333333,0.6,0.3333333333333333,Turning_Dynamics,2,0.4,1.7382689280764645,1,2,0,0,0,2
3910,15,0,15,0,15,1.0,1.0,0.0,,0,0.0,0.0,0,0,0,0,0,0
3911,15,3,9,3,12,0.8,0.6,0.2,Temporal_Sequential_Context,2,0.6666666666666666,1.5546097612655665,0,1,0,0,2,0
3912,15,3,12,0,12,0.8,0.8,0.0,,0,0.0,0.7219280948873623,0,0,0,0,0,0
3913,15,6,5,4,9,0.6,0.3333333333333333,0.26666666666666666,Temporal_Sequential_Context,2,0.5,1.8322628970242685,0,2,0,0,2,0
3914,15,6,8,1,9,0.6,0.5333333333333333,0.06666666666666667,Curvature_Geometry,1,1.0,1.272905595320056,0,1,0,0,0,0
3915,15,3,9,3,12,0.8,0.6,0.2,Curvature_Geometry,2,0.6666666666666666,1.5546097612655665,0,2,0,0,0,1
3916,15,1,14,0,14,0.9333333333333333,0.9333333333333333,0.0,,0,0.0,0.35335933502142136,0,0,0,0,0,0
3917,15,3,8,4,12,0.8,0.5333333333333333,0.26666666666666666,Temporal_Sequential_Context,2,0.5,1.856564762130954,0,1,0,1,2,0
3918,15,0,15,0,15,1.0,1.0,0.0,,0,0.0,0.0,0,0,0,0,0,0
3919,15,3,10,2,12,0.8,0.6666666666666666,0.13333333333333333,Turning_Dynamics,1,0.5,1.3752793655393791,0,0,0,1,0,1
3920,15,3,7,5,12,0.8,0.4666666666666667,0.3333333333333333,Temporal_Sequential_Context,3,0.6,1.8294732983598405,0,0,2,0,3,0
3921,15,0,12,3,15,1.0,0.8,0.2,Speed_Dynamics,1,0.3333333333333333,1.0389205950315936,0,1,1,1,0,0
3922,15,6,2,7,9,0.6,0.13333333333333333,0.4666666666666667,Speed_Dynamics,4,0.5714285714285714,1.8892464285091581,0,0,0,4,0,3
3923,15,0,12,3,15,1.0,0.8,0.2,Spatial_Reach_and_Route,1,0.3333333333333333,1.0389205950315936,1,1,1,0,0,0
3924,15,3,9,3,12,0.8,0.6,0.2,Spatial_Reach_and_Route,3,1.0,1.3709505944546687,0,0,3,0,0,0
3925,15,1,11,3,14,0.9333333333333333,0.7333333333333333,0.2,Speed_Dynamics,2,0.6666666666666666,1.2366407419411674,1,0,0,2,0,0
3926,15,3,5,7,12,0.8,0.3333333333333333,0.4666666666666667,Temporal_Sequential_Context,3,0.42857142857142855,2.181937063546704,3,0,1,0,3,0
3927,15,3,9,3,12,0.8,0.6,0.2,Temporal_Sequential_Context,1,0.3333333333333333,1.6879430945989,1,0,1,0,1,0
3928,15,6,6,3,9,0.6,0.4,0.2,Acceleration_Dynamics,2,0.6666666666666666,1.7055872616982601,2,0,1,0,0,0
3929,15,6,9,0,9,0.6,0.6,0.0,,0,0.0,0.9709505944546686,0,0,0,0,0,0
3930,15,3,9,3,12,0.8,0.6,0.2,Temporal_Sequential_Context,2,0.6666666666666666,1.5546097612655665,0,1,0,0,2,0
3931,15,3,5,7,12,0.8,0.3333333333333333,0.4666666666666667,Curvature_Geometry,3,0.42857142857142855,2.2322628970242686,2,3,2,0,0,0
3932,15,10,4,1,5,0.3333333333333333,0.26666666666666666,0.06666666666666667,Speed_Dynamics,1,1.0,1.158938532350277,0,0,0,1,0,0
3933,15,15,0,0,0,0.0,0.0,0.0,,0,0.0,0.0,0,0,0,0,0,0
3934,15,6,7,2,9,0.6,0.4666666666666667,0.13333333333333333,Curvature_Geometry,2,1.0,1.4294732983598406,0,2,0,0,0,0
3935,15,10,3,2,5,0.3333333333333333,0.2,0.13333333333333333,Turning_Dynamics,2,1.0,1.2419460322060458,0,0,0,0,0,2
3936,15,3,6,6,12,0.8,0.4,0.4,Turning_Dynamics,2,0.3333333333333333,2.155913095175825,2,2,0,0,0,2
3937,15,6,1,8,9,0.6,0.06666666666666667,0.5333333333333333,Speed_Dynamics,4,0.5,1.8062389286533895,0,4,0,4,0,0
3938,15,6,6,3,9,0.6,0.4,0.2,Acceleration_Dynamics,3,1.0,1.5219280948873621,3,0,0,0,0,0
3939,15,6,7,2,9,0.6,0.4666666666666667,0.13333333333333333,Turning_Dynamics,1,0.5,1.5628066316931741,0,1,0,0,0,1
3940,15,10,3,2,5,0.3333333333333333,0.2,0.13333333333333333,Curvature_Geometry,2,1.0,1.2419460322060458,0,2,0,0,0,0
3941,15,10,0,5,5,0.3333333333333333,0.0,0.3333333333333333,Turning_Dynamics,5,1.0,0.9182958340544896,0,0,0,0,0,5
3942,15,6,5,4,9,0.6,0.3333333333333333,0.26666666666666666,Turning_Dynamics,3,0.75,1.781937063546704,0,1,0,0,0,3
3943,15,6,3,6,9,0.6,0.2,0.4,Speed_Dynamics,3,0.5,1.9219280948873623,3,0,0,3,0,0
3944,15,6,4,5,9,0.6,0.26666666666666666,0.3333333333333333,Temporal_Sequential_Context,3,0.6,1.8892464285091581,0,0,0,0,3,2
3945,15,3,11,1,12,0.8,0.7333333333333333,0.06666666666666667,Acceleration_Dynamics,1,1.0,1.0529815751302694,1,0,0,0,0,0
3946,15,3,10,2,12,0.8,0.6666666666666666,0.13333333333333333,Temporal_Sequential_Context,2,1.0,1.2419460322060458,0,0,0,0,2,0
3947,15,1,12,2,14,0.9333333333333333,0.8,0.13333333333333333,Temporal_Sequential_Context,1,0.5,1.0389205950315936,0,1,0,0,1,0
3948,15,3,6,6,12,0.8,0.4,0.4,Curvature_Geometry,3,0.5,2.1055872616982603,0,3,1,0,2,0
3949,15,0,15,0,15,1.0,1.0,0.0,,0,0.0,0.0,0,0,0,0,0,0
3950,15,0,11,4,15,1.0,0.7333333333333333,0.26666666666666666,Turning_Dynamics,1,0.25,1.3699740752745009,0,0,1,1,1,1
3951,15,3,8,4,12,0.8,0.5333333333333333,0.26666666666666666,Turning_Dynamics,2,0.5,1.7232314287976207,0,2,0,0,0,2
3952,15,1,11,3,14,0.9333333333333333,0.7333333333333333,0.2,Temporal_Sequential_Context,1,0.3333333333333333,1.3699740752745009,0,1,1,0,1,0
3953,15,3,6,6,12,0.8,0.4,0.4,Temporal_Sequential_Context,3,0.5,2.1055872616982603,2,0,0,1,3,0
3954,15,3,8,4,12,0.8,0.5333333333333333,0.26666666666666666,Curvature_Geometry,3,0.75,1.6729055953200562,0,3,0,0,1,0
3955,15,0,13,2,15,1.0,0.8666666666666667,0.13333333333333333,Turning_Dynamics,1,0.5,0.6998428398862386,0,1,0,0,0,1
3956,15,1,8,6,14,0.9333333333333333,0.5333333333333333,0.4,Temporal_Sequential_Context,2,0.3333333333333333,1.9068905956085187,2,2,0,0,2,0
3957,15,3,6,6,12,0.8,0.4,0.4,Turning_Dynamics,3,0.5,2.1055872616982603,0,0,1,2,0,3
3958,15,6,5,4,9,0.6,0.3333333333333333,0.26666666666666666,Turning_Dynamics,2,0.5,1.8322628970242685,0,0,2,0,0,2
3959,15,3,8,4,12,0.8,0.5333333333333333,0.26666666666666666,Speed_Dynamics,2,0.5,1.7232314287976207,0,2,0,2,0,0
3960,15,3,9,3,12,0.8,0.6,0.2,Turning_Dynamics,1,0.3333333333333333,1.6879430945989,0,1,1,0,0,1
3961,15,15,0,0,0,0.0,0.0,0.0,,0,0.0,0.0,0,0,0,0,0,0
3962,15,0,14,1,15,1.0,0.9333333333333333,0.06666666666666667,Temporal_Sequential_Context,1,1.0,0.35335933502142136,0,0,0,0,1,0
3963,15,1,9,5,14,0.9333333333333333,0.6,0.3333333333333333,Speed_Dynamics,2,0.4,1.871602261409798,1,0,1,2,0,1
3964,15,10,3,2,5,0.3333333333333333,0.2,0.13333333333333333,Speed_Dynamics,2,1.0,1.2419460322060458,0,0,0,2,0,0
3965,15,10,0,5,5,0.3333333333333333,0.0,0.3333333333333333,Speed_Dynamics,5,1.0,0.9182958340544896,0,0,0,5,0,0
3966,15,1,8,6,14,0.9333333333333333,0.5333333333333333,0.4,Temporal_Sequential_Context,2,0.3333333333333333,1.9068905956085187,2,0,0,2,2,0
3967,15,3,5,7,12,0.8,0.3333333333333333,0.4666666666666667,Curvature_Geometry,3,0.42857142857142855,2.181937063546704,3,3,0,1,0,0
3968,15,1,10,4,14,0.9333333333333333,0.6666666666666666,0.26666666666666666,Temporal_Sequential_Context,2,0.5,1.5589385323502774,0,1,0,1,2,0
3969,15,0,10,5,15,1.0,0.6666666666666666,0.3333333333333333,Temporal_Sequential_Context,1,0.2,1.6922718656836107,1,1,1,1,1,0
3970,15,0,10,5,15,1.0,0.6666666666666666,0.3333333333333333,Temporal_Sequential_Context,1,0.2,1.6922718656836107,1,1,1,1,1,0
3971,15,1,11,3,14,0.9333333333333333,0.7333333333333333,0.2,Curvature_Geometry,2,0.6666666666666666,1.2366407419411674,0,2,0,1,0,0
3972,15,3,3,9,12,0.8,0.2,0.6,Spatial_Reach_and_Route,3,0.3333333333333333,2.321928094887362,3,3,3,0,0,0
3973,15,0,12,3,15,1.0,0.8,0.2,Temporal_Sequential_Context,1,0.3333333333333333,1.0389205950315936,1,0,1,0,1,0
3974,15,0,12,3,15,1.0,0.8,0.2,Speed_Dynamics,1,0.3333333333333333,1.0389205950315936,1,1,0,1,0,0
3975,15,6,8,1,9,0.6,0.5333333333333333,0.06666666666666667,Acceleration_Dynamics,1,1.0,1.272905595320056,1,0,0,0,0,0
3976,15,3,10,2,12,0.8,0.6666666666666666,0.13333333333333333,Curvature_Geometry,1,0.5,1.3752793655393791,1,1,0,0,0,0
3977,15,1,11,3,14,0.9333333333333333,0.7333333333333333,0.2,Temporal_Sequential_Context,2,0.6666666666666666,1.2366407419411674,0,1,0,0,2,0
3978,15,3,7,5,12,0.8,0.4666666666666667,0.3333333333333333,Acceleration_Dynamics,3,0.6,1.8294732983598407,3,2,0,0,0,0
3979,15,0,13,2,15,1.0,0.8666666666666667,0.13333333333333333,Temporal_Sequential_Context,1,0.5,0.6998428398862386,0,1,0,0,1,0
3980,15,6,6,3,9,0.6,0.4,0.2,Acceleration_Dynamics,3,1.0,1.5219280948873621,3,0,0,0,0,0
3981,15,6,7,2,9,0.6,0.4666666666666667,0.13333333333333333,Acceleration_Dynamics,2,1.0,1.4294732983598406,2,0,0,0,0,0
3982,15,6,3,6,9,0.6,0.2,0.4,Speed_Dynamics,3,0.5,1.9219280948873623,3,0,0,3,0,0
3983,15,10,4,1,5,0.3333333333333333,0.26666666666666666,0.06666666666666667,Turning_Dynamics,1,1.0,1.158938532350277,0,0,0,0,0,1
3984,15,3,6,6,12,0.8,0.4,0.4,Turning_Dynamics,3,0.5,1.9219280948873623,0,0,3,0,0,3
3985,15,6,8,1,9,0.6,0.5333333333333333,0.06666666666666667,Spatial_Reach_and_Route,1,1.0,1.272905595320056,0,0,1,0,0,0
3986,15,10,1,4,5,0.3333333333333333,0.06666666666666667,0.26666666666666666,Temporal_Sequential_Context,4,1.0,1.158938532350277,0,0,0,0,4,0
3987,15,10,4,1,5,0.3333333333333333,0.26666666666666666,0.06666666666666667,Temporal_Sequential_Context,1,1.0,1.158938532350277,0,0,0,0,1,0
3988,15,3,10,2,12,0.8,0.6666666666666666,0.13333333333333333,Curvature_Geometry,1,0.5,1.3752793655393791,1,1,0,0,0,0
3989,15,15,0,0,0,0.0,0.0,0.0,,0,0.0,0.0,0,0,0,0,0,0
3990,15,1,12,2,14,0.9333333333333333,0.8,0.13333333333333333,Turning_Dynamics,1,0.5,1.0389205950315936,0,0,1,0,0,1
3991,15,6,8,1,9,0.6,0.5333333333333333,0.06666666666666667,Curvature_Geometry,1,1.0,1.272905595320056,0,1,0,0,0,0
3992,15,10,5,0,5,0.3333333333333333,0.3333333333333333,0.0,,0,0.0,0.9182958340544896,0,0,0,0,0,0
3993,15,6,9,0,9,0.6,0.6,0.0,,0,0.0,0.9709505944546686,0,0,0,0,0,0
3994,15,10,3,2,5,0.3333333333333333,0.2,0.13333333333333333,Curvature_Geometry,2,1.0,1.2419460322060458,0,2,0,0,0,0
3995,15,6,6,3,9,0.6,0.4,0.2,Curvature_Geometry,2,0.6666666666666666,1.7055872616982601,0,2,0,0,1,0
3996,15,1,14,0,14,0.9333333333333333,0.9333333333333333,0.0,,0,0.0,0.35335933502142136,0,0,0,0,0,0
3997,15,3,5,7,12,0.8,0.3333333333333333,0.4666666666666667,Speed_Dynamics,3,0.42857142857142855,2.2322628970242686,2,0,0,3,2,0
3998,15,6,7,2,9,0.6,0.4666666666666667,0.13333333333333333,Speed_Dynamics,1,0.5,1.5628066316931741,1,0,0,1,0,0
3999,15,0,15,0,15,1.0,1.0,0.0,,0,0.0,0.0,0,0,0,0,0,0
4000,15,1,7,7,14,0.9333333333333333,0.4666666666666667,0.4666666666666667,Temporal_Sequential_Context,2,0.2857142857142857,2.1967916319816365,0,2,0,2,2,1
4001,15,0,12,3,15,1.0,0.8,0.2,Spatial_Reach_and_Route,1,0.3333333333333333,1.0389205950315936,1,1,1,0,0,0
4002,15,6,6,3,9,0.6,0.4,0.2,Curvature_Geometry,2,0.6666666666666666,1.7055872616982601,0,2,0,0,0,1
4003,15,1,8,6,14,0.9333333333333333,0.5333333333333333,0.4,Turning_Dynamics,2,0.3333333333333333,2.040223928941852,0,2,1,1,0,2
4004,15,0,15,0,15,1.0,1.0,0.0,,0,0.0,0.0,0,0,0,0,0,0
4005,15,3,5,7,12,0.8,0.3333333333333333,0.4666666666666667,Curvature_Geometry,3,0.42857142857142855,2.2322628970242686,0,3,0,0,2,2
4006,15,3,6,6,12,0.8,0.4,0.4,Curvature_Geometry,3,0.5,2.1055872616982603,0,3,1,2,0,0
4007,15,6,2,7,9,0.6,0.13333333333333333,0.4666666666666667,Curvature_Geometry,4,0.5714285714285714,1.8892464285091581,0,4,0,0,0,3
4008,15,3,7,5,12,0.8,0.4666666666666667,0.3333333333333333,Curvature_Geometry,3,0.6,1.8294732983598405,0,3,0,0,2,0
4009,15,3,6,6,12,0.8,0.4,0.4,Turning_Dynamics,2,0.3333333333333333,2.1559130951758245,0,0,2,2,0,2
4010,15,6,4,5,9,0.6,0.26666666666666666,0.3333333333333333,Spatial_Reach_and_Route,3,0.6,1.889246428509158,0,2,3,0,0,0
4011,15,3,8,4,12,0.8,0.5333333333333333,0.26666666666666666,Turning_Dynamics,2,0.5,1.8565647621309542,0,1,1,0,0,2
4012,15,1,9,5,14,0.9333333333333333,0.6,0.3333333333333333,Speed_Dynamics,2,0.4,1.871602261409798,0,1,0,2,1,1
4013,15,3,6,6,12,0.8,0.4,0.4,Turning_Dynamics,2,0.3333333333333333,2.155913095175825,2,2,0,0,0,2
4014,15,1,8,6,14,0.9333333333333333,0.5333333333333333,0.4,Turning_Dynamics,2,0.3333333333333333,2.040223928941852,0,2,1,0,1,2
4015,15,6,6,3,9,0.6,0.4,0.2,Acceleration_Dynamics,2,0.6666666666666666,1.7055872616982604,2,0,1,0,0,0
4016,15,1,10,4,14,0.9333333333333333,0.6666666666666666,0.26666666666666666,Temporal_Sequential_Context,2,0.5,1.4256051990169438,0,2,0,0,2,0
4017,15,0,11,4,15,1.0,0.7333333333333333,0.26666666666666666,Turning_Dynamics,1,0.25,1.3699740752745009,0,1,1,0,1,1
4018,15,6,5,4,9,0.6,0.3333333333333333,0.26666666666666666,Spatial_Reach_and_Route,4,1.0,1.565596230357602,0,0,4,0,0,0
4019,15,1,12,2,14,0.9333333333333333,0.8,0.13333333333333333,Curvature_Geometry,2,1.0,0.9055872616982603,0,2,0,0,0,0
4020,15,1,10,4,14,0.9333333333333333,0.6666666666666666,0.26666666666666666,Turning_Dynamics,1,0.25,1.6922718656836104,0,1,0,1,1,1
4021,15,6,6,3,9,0.6,0.4,0.2,Turning_Dynamics,2,0.6666666666666666,1.70558726169826,0,0,0,1,0,2
4022,15,3,10,2,12,0.8,0.6666666666666666,0.13333333333333333,Turning_Dynamics,1,0.5,1.3752793655393791,0,0,0,1,0,1
4023,15,6,5,4,9,0.6,0.3333333333333333,0.26666666666666666,Turning_Dynamics,4,1.0,1.5655962303576019,0,0,0,0,0,4
4024,15,10,5,0,5,0.3333333333333333,0.3333333333333333,0.0,,0,0.0,0.9182958340544896,0,0,0,0,0,0
4025,15,6,9,0,9,0.6,0.6,0.0,,0,0.0,0.9709505944546686,0,0,0,0,0,0
4026,15,10,4,1,5,0.3333333333333333,0.26666666666666666,0.06666666666666667,Speed_Dynamics,1,1.0,1.158938532350277,0,0,0,1,0,0
4027,15,1,8,6,14,0.9333333333333333,0.5333333333333333,0.4,Temporal_Sequential_Context,2,0.3333333333333333,1.9068905956085187,0,0,2,2,2,0
4028,15,1,7,7,14,0.9333333333333333,0.4666666666666667,0.4666666666666667,Turning_Dynamics,2,0.2857142857142857,2.1967916319816365,2,2,0,0,1,2
4029,15,6,7,2,9,0.6,0.4666666666666667,0.13333333333333333,Spatial_Reach_and_Route,2,1.0,1.4294732983598406,0,0,2,0,0,0
4030,15,0,15,0,15,1.0,1.0,0.0,,0,0.0,0.0,0,0,0,0,0,0
4031,15,3,9,3,12,0.8,0.6,0.2,Curvature_Geometry,3,1.0,1.3709505944546687,0,3,0,0,0,0
4032,15,0,10,5,15,1.0,0.6666666666666666,0.3333333333333333,Turning_Dynamics,1,0.2,1.6922718656836107,1,1,0,1,1,1
4033,15,3,6,6,12,0.8,0.4,0.4,Turning_Dynamics,3,0.5,1.9219280948873623,0,0,0,3,0,3
4034,15,0,12,3,15,1.0,0.8,0.2,Turning_Dynamics,1,0.3333333333333333,1.0389205950315936,1,0,0,0,1,1
4035,15,3,6,6,12,0.8,0.4,0.4,Speed_Dynamics,3,0.5,1.9219280948873623,3,0,0,3,0,0
4036,15,1,6,8,14,0.9333333333333333,0.4,0.5333333333333333,Temporal_Sequential_Context,2,0.25,2.3395722619867225,2,2,0,2,2,0
4037,15,6,8,1,9,0.6,0.5333333333333333,0.06666666666666667,Turning_Dynamics,1,1.0,1.272905595320056,0,0,0,0,0,1
4038,15,10,3,2,5,0.3333333333333333,0.2,0.13333333333333333,Speed_Dynamics,2,1.0,1.2419460322060458,0,0,0,2,0,0
4039,15,3,9,3,12,0.8,0.6,0.2,Acceleration_Dynamics,2,0.6666666666666666,1.5546097612655667,2,0,1,0,0,0
4040,15,1,10,4,14,0.9333333333333333,0.6666666666666666,0.26666666666666666,Speed_Dynamics,1,0.25,1.6922718656836107,1,1,1,1,0,0
4041,15,3,10,2,12,0.8,0.6666666666666666,0.13333333333333333,Turning_Dynamics,1,0.5,1.3752793655393791,0,0,1,0,0,1
4042,15,0,15,0,15,1.0,1.0,0.0,,0,0.0,0.0,0,0,0,0,0,0
4043,15,3,10,2,12,0.8,0.6666666666666666,0.13333333333333333,Spatial_Reach_and_Route,1,0.5,1.3752793655393791,1,0,1,0,0,0
4044,15,0,14,1,15,1.0,0.9333333333333333,0.06666666666666667,Spatial_Reach_and_Route,1,1.0,0.35335933502142136,0,0,1,0,0,0
4045,15,3,12,0,12,0.8,0.8,0.0,,0,0.0,0.7219280948873623,0,0,0,0,0,0
4046,15,0,11,4,15,1.0,0.7333333333333333,0.26666666666666666,Temporal_Sequential_Context,1,0.25,1.3699740752745009,1,1,1,0,1,0
4047,15,0,11,4,15,1.0,0.7333333333333333,0.26666666666666666,Temporal_Sequential_Context,1,0.25,1.3699740752745009,1,0,1,1,1,0
4048,15,6,6,3,9,0.6,0.4,0.2,Spatial_Reach_and_Route,2,0.6666666666666666,1.7055872616982601,0,0,2,0,0,1
4049,15,1,8,6,14,0.9333333333333333,0.5333333333333333,0.4,Temporal_Sequential_Context,2,0.3333333333333333,2.040223928941852,2,0,1,1,2,0
4050,15,0,10,5,15,1.0,0.6666666666666666,0.3333333333333333,Temporal_Sequential_Context,1,0.2,1.6922718656836107,1,1,1,1,1,0
4051,15,1,6,8,14,0.9333333333333333,0.4,0.5333333333333333,Turning_Dynamics,2,0.25,2.339572261986723,2,0,2,2,0,2
4052,15,3,8,4,12,0.8,0.5333333333333333,0.26666666666666666,Temporal_Sequential_Context,2,0.5,1.7232314287976207,0,0,2,0,2,0
4053,15,6,9,0,9,0.6,0.6,0.0,,0,0.0,0.9709505944546686,0,0,0,0,0,0
4054,15,1,12,2,14,0.9333333333333333,0.8,0.13333333333333333,Temporal_Sequential_Context,1,0.5,1.0389205950315936,0,0,1,0,1,0
4055,15,10,4,1,5,0.3333333333333333,0.26666666666666666,0.06666666666666667,Temporal_Sequential_Context,1,1.0,1.158938532350277,0,0,0,0,1,0
4056,15,3,12,0,12,0.8,0.8,0.0,,0,0.0,0.7219280948873623,0,0,0,0,0,0
4057,15,1,11,3,14,0.9333333333333333,0.7333333333333333,0.2,Temporal_Sequential_Context,1,0.3333333333333333,1.3699740752745009,1,0,1,0,1,0
4058,15,3,9,3,12,0.8,0.6,0.2,Temporal_Sequential_Context,1,0.3333333333333333,1.6879430945989,1,0,1,0,1,0
4059,15,6,7,2,9,0.6,0.4666666666666667,0.13333333333333333,Turning_Dynamics,1,0.5,1.5628066316931741,0,1,0,0,0,1
4060,15,3,12,0,12,0.8,0.8,0.0,,0,0.0,0.7219280948873623,0,0,0,0,0,0
4061,15,10,3,2,5,0.3333333333333333,0.2,0.13333333333333333,Temporal_Sequential_Context,2,1.0,1.2419460322060458,0,0,0,0,2,0
4062,15,6,8,1,9,0.6,0.5333333333333333,0.06666666666666667,Temporal_Sequential_Context,1,1.0,1.272905595320056,0,0,0,0,1,0
4063,15,6,5,4,9,0.6,0.3333333333333333,0.26666666666666666,Speed_Dynamics,2,0.5,1.8322628970242687,0,2,0,2,0,0
4064,15,6,7,2,9,0.6,0.4666666666666667,0.13333333333333333,Temporal_Sequential_Context,1,0.5,1.5628066316931741,0,0,0,1,1,0
4065,15,0,15,0,15,1.0,1.0,0.0,,0,0.0,0.0,0,0,0,0,0,0
4066,15,3,12,0,12,0.8,0.8,0.0,,0,0.0,0.7219280948873623,0,0,0,0,0,0
4067,15,10,1,4,5,0.3333333333333333,0.06666666666666667,0.26666666666666666,Acceleration_Dynamics,4,1.0,1.1589385323502772,4,0,0,0,0,0
4068,15,1,8,6,14,0.9333333333333333,0.5333333333333333,0.4,Turning_Dynamics,2,0.3333333333333333,2.040223928941852,1,0,2,0,1,2
4069,15,3,6,6,12,0.8,0.4,0.4,Turning_Dynamics,3,0.5,1.9219280948873623,0,0,0,3,0,3
4070,15,3,9,3,12,0.8,0.6,0.2,Spatial_Reach_and_Route,2,0.6666666666666666,1.5546097612655667,0,0,2,0,1,0
4071,15,6,5,4,9,0.6,0.3333333333333333,0.26666666666666666,Curvature_Geometry,2,0.5,1.8322628970242687,2,2,0,0,0,0
4072,15,1,12,2,14,0.9333333333333333,0.8,0.13333333333333333,Turning_Dynamics,1,0.5,1.0389205950315936,0,0,1,0,0,1
4073,15,1,9,5,14,0.9333333333333333,0.6,0.3333333333333333,Acceleration_Dynamics,2,0.4,1.8716022614097982,2,0,1,1,0,1
4074,15,1,10,4,14,0.9333333333333333,0.6666666666666666,0.26666666666666666,Speed_Dynamics,2,0.5,1.4256051990169438,0,0,2,2,0,0
4075,15,3,7,5,12,0.8,0.4666666666666667,0.3333333333333333,Speed_Dynamics,2,0.4,2.0131324651707385,1,0,2,2,0,0
4076,15,1,10,4,14,0.9333333333333333,0.6666666666666666,0.26666666666666666,Temporal_Sequential_Context,2,0.5,1.4256051990169438,0,0,0,2,2,0
4077,15,0,12,3,15,1.0,0.8,0.2,Temporal_Sequential_Context,1,0.3333333333333333,1.0389205950315936,0,1,0,1,1,0
4078,15,1,12,2,14,0.9333333333333333,0.8,0.13333333333333333,Curvature_Geometry,2,1.0,0.9055872616982603,0,2,0,0,0,0
4079,15,3,4,8,12,0.8,0.26666666666666666,0.5333333333333333,Curvature_Geometry,3,0.375,2.2892464285091583,3,3,0,2,0,0
4080,15,15,0,0,0,0.0,0.0,0.0,,0,0.0,0.0,0,0,0,0,0,0
4081,15,6,4,5,9,0.6,0.26666666666666666,0.3333333333333333,Curvature_Geometry,3,0.6,1.889246428509158,0,3,2,0,0,0
4082,15,6,8,1,9,0.6,0.5333333333333333,0.06666666666666667,Curvature_Geometry,1,1.0,1.272905595320056,0,1,0,0,0,0
4083,15,10,4,1,5,0.3333333333333333,0.26666666666666666,0.06666666666666667,Curvature_Geometry,1,1.0,1.158938532350277,0,1,0,0,0,0
4084,15,3,3,9,12,0.8,0.2,0.6,Temporal_Sequential_Context,3,0.3333333333333333,2.321928094887362,0,3,3,0,3,0
4085,15,10,4,1,5,0.3333333333333333,0.26666666666666666,0.06666666666666667,Curvature_Geometry,1,1.0,1.158938532350277,0,1,0,0,0,0
4086,15,6,7,2,9,0.6,0.4666666666666667,0.13333333333333333,Turning_Dynamics,1,0.5,1.5628066316931741,0,0,1,0,0,1
4087,15,10,4,1,5,0.3333333333333333,0.26666666666666666,0.06666666666666667,Acceleration_Dynamics,1,1.0,1.1589385323502772,1,0,0,0,0,0
4088,15,3,12,0,12,0.8,0.8,0.0,,0,0.0,0.7219280948873623,0,0,0,0,0,0
4089,15,3,6,6,12,0.8,0.4,0.4,Temporal_Sequential_Context,3,0.5,1.9219280948873623,0,3,0,0,3,0
4090,15,1,14,0,14,0.9333333333333333,0.9333333333333333,0.0,,0,0.0,0.35335933502142136,0,0,0,0,0,0
4091,15,0,15,0,15,1.0,1.0,0.0,,0,0.0,0.0,0,0,0,0,0,0
4092,15,3,4,8,12,0.8,0.26666666666666666,0.5333333333333333,Temporal_Sequential_Context,3,0.375,2.2892464285091583,0,2,3,0,3,0
4093,15,6,6,3,9,0.6,0.4,0.2,Turning_Dynamics,2,0.6666666666666666,1.7055872616982601,0,0,0,0,1,2
4094,15,15,0,0,0,0.0,0.0,0.0,,0,0.0,0.0,0,0,0,0,0,0
4095,15,10,3,2,5,0.3333333333333333,0.2,0.13333333333333333,Speed_Dynamics,2,1.0,1.2419460322060458,0,0,0,2,0,0
4096,15,1,12,2,14,0.9333333333333333,0.8,0.13333333333333333,Temporal_Sequential_Context,1,0.5,1.0389205950315936,0,0,1,0,1,0
4097,15,1,14,0,14,0.9333333333333333,0.9333333333333333,0.0,,0,0.0,0.35335933502142136,0,0,0,0,0,0
4098,15,3,10,2,12,0.8,0.6666666666666666,0.13333333333333333,Temporal_Sequential_Context,1,0.5,1.3752793655393791,0,0,1,0,1,0
4099,15,3,7,5,12,0.8,0.4666666666666667,0.3333333333333333,Temporal_Sequential_Context,3,0.6,1.8294732983598407,2,0,0,0,3,0
4100,15,1,6,8,14,0.9333333333333333,0.4,0.5333333333333333,Turning_Dynamics,2,0.25,2.339572261986723,0,2,2,2,0,2
4101,15,3,9,3,12,0.8,0.6,0.2,Acceleration_Dynamics,2,0.6666666666666666,1.5546097612655667,2,1,0,0,0,0
4102,15,6,4,5,9,0.6,0.26666666666666666,0.3333333333333333,Curvature_Geometry,3,0.6,1.8892464285091581,0,3,0,0,2,0
4103,15,3,4,8,12,0.8,0.26666666666666666,0.5333333333333333,Curvature_Geometry,3,0.375,2.2892464285091583,3,3,0,0,2,0
4104,15,3,3,9,12,0.8,0.2,0.6,Temporal_Sequential_Context,3,0.3333333333333333,2.321928094887362,3,3,0,0,3,0
4105,15,1,7,7,14,0.9333333333333333,0.4666666666666667,0.4666666666666667,Turning_Dynamics,2,0.2857142857142857,2.1967916319816365,1,2,0,0,2,2
4106,15,6,7,2,9,0.6,0.4666666666666667,0.13333333333333333,Turning_Dynamics,1,0.5,1.5628066316931741,0,0,0,1,0,1
4107,15,6,5,4,9,0.6,0.3333333333333333,0.26666666666666666,Spatial_Reach_and_Route,3,0.75,1.781937063546704,1,0,3,0,0,0
4108,15,0,11,4,15,1.0,0.7333333333333333,0.26666666666666666,Turning_Dynamics,1,0.25,1.3699740752745009,0,0,1,1,1,1
4109,15,3,11,1,12,0.8,0.7333333333333333,0.06666666666666667,Spatial_Reach_and_Route,1,1.0,1.0529815751302694,0,0,1,0,0,0
4110,15,6,4,5,9,0.6,0.26666666666666666,0.3333333333333333,Spatial_Reach_and_Route,3,0.6,1.889246428509158,2,0,3,0,0,0
4111,15,6,6,3,9,0.6,0.4,0.2,Turning_Dynamics,3,1.0,1.5219280948873621,0,0,0,0,0,3
4112,15,10,5,0,5,0.3333333333333333,0.3333333333333333,0.0,,0,0.0,0.9182958340544896,0,0,0,0,0,0
4113,15,10,4,1,5,0.3333333333333333,0.26666666666666666,0.06666666666666667,Turning_Dynamics,1,1.0,1.158938532350277,0,0,0,0,0,1
4114,15,1,8,6,14,0.9333333333333333,0.5333333333333333,0.4,Spatial_Reach_and_Route,2,0.3333333333333333,2.040223928941852,2,0,2,1,0,1
4115,15,3,10,2,12,0.8,0.6666666666666666,0.13333333333333333,Temporal_Sequential_Context,1,0.5,1.3752793655393791,0,0,0,1,1,0
4116,15,10,2,3,5,0.3333333333333333,0.13333333333333333,0.2,Speed_Dynamics,3,1.0,1.2419460322060458,0,0,0,3,0,0
4117,15,0,14,1,15,1.0,0.9333333333333333,0.06666666666666667,Temporal_Sequential_Context,1,1.0,0.35335933502142136,0,0,0,0,1,0
4118,15,0,14,1,15,1.0,0.9333333333333333,0.06666666666666667,Turning_Dynamics,1,1.0,0.35335933502142136,0,0,0,0,0,1
4119,15,0,14,1,15,1.0,0.9333333333333333,0.06666666666666667,Spatial_Reach_and_Route,1,1.0,0.35335933502142136,0,0,1,0,0,0
4120,15,3,10,2,12,0.8,0.6666666666666666,0.13333333333333333,Turning_Dynamics,1,0.5,1.3752793655393791,0,0,1,0,0,1
4121,15,15,0,0,0,0.0,0.0,0.0,,0,0.0,0.0,0,0,0,0,0,0
4122,15,6,6,3,9,0.6,0.4,0.2,Turning_Dynamics,2,0.6666666666666666,1.70558726169826,0,0,0,1,0,2
4123,15,10,5,0,5,0.3333333333333333,0.3333333333333333,0.0,,0,0.0,0.9182958340544896,0,0,0,0,0,0
4124,15,3,7,5,12,0.8,0.4666666666666667,0.3333333333333333,Turning_Dynamics,3,0.6,1.9628066316931743,0,1,0,0,1,3
4125,15,3,7,5,12,0.8,0.4666666666666667,0.3333333333333333,Turning_Dynamics,3,0.6,1.8294732983598407,0,0,0,2,0,3
4126,15,1,14,0,14,0.9333333333333333,0.9333333333333333,0.0,,0,0.0,0.35335933502142136,0,0,0,0,0,0
4127,15,0,15,0,15,1.0,1.0,0.0,,0,0.0,0.0,0,0,0,0,0,0
4128,15,3,10,2,12,0.8,0.6666666666666666,0.13333333333333333,Speed_Dynamics,2,1.0,1.2419460322060458,0,0,0,2,0,0
4129,15,6,2,7,9,0.6,0.13333333333333333,0.4666666666666667,Turning_Dynamics,4,0.5714285714285714,1.8892464285091581,0,0,0,3,0,4
4130,15,10,0,5,5,0.3333333333333333,0.0,0.3333333333333333,Turning_Dynamics,5,1.0,0.9182958340544896,0,0,0,0,0,5
4131,15,3,10,2,12,0.8,0.6666666666666666,0.13333333333333333,Temporal_Sequential_Context,1,0.5,1.3752793655393791,0,1,0,0,1,0
4132,15,15,0,0,0,0.0,0.0,0.0,,0,0.0,0.0,0,0,0,0,0,0
4133,15,3,9,3,12,0.8,0.6,0.2,Temporal_Sequential_Context,1,0.3333333333333333,1.6879430945989,1,0,1,0,1,0
4134,15,0,10,5,15,1.0,0.6666666666666666,0.3333333333333333,Turning_Dynamics,1,0.2,1.6922718656836107,1,1,1,0,1,1
4135,15,6,3,6,9,0.6,0.2,0.4,Turning_Dynamics,3,0.5,1.9219280948873623,0,0,0,3,0,3
4136,15,6,5,4,9,0.6,0.3333333333333333,0.26666666666666666,Speed_Dynamics,4,1.0,1.5655962303576019,0,0,0,4,0,0
4137,15,0,12,3,15,1.0,0.8,0.2,Spatial_Reach_and_Route,1,0.3333333333333333,1.0389205950315936,1,1,1,0,0,0
4138,15,3,3,9,12,0.8,0.2,0.6,Turning_Dynamics,3,0.3333333333333333,2.321928094887362,0,0,3,0,3,3
4139,15,3,3,9,12,0.8,0.2,0.6,Turning_Dynamics,3,0.3333333333333333,2.321928094887362,0,0,3,3,0,3
4140,15,10,4,1,5,0.3333333333333333,0.26666666666666666,0.06666666666666667,Acceleration_Dynamics,1,1.0,1.1589385323502772,1,0,0,0,0,0
4141,15,3,4,8,12,0.8,0.26666666666666666,0.5333333333333333,Spatial_Reach_and_Route,3,0.375,2.2892464285091583,0,3,3,0,0,2
4142,15,10,5,0,5,0.3333333333333333,0.3333333333333333,0.0,,0,0.0,0.9182958340544896,0,0,0,0,0,0
4143,15,10,0,5,5,0.3333333333333333,0.0,0.3333333333333333,Curvature_Geometry,5,1.0,0.9182958340544896,0,5,0,0,0,0
4144,15,0,12,3,15,1.0,0.8,0.2,Speed_Dynamics,1,0.3333333333333333,1.0389205950315936,1,0,1,1,0,0
4145,15,6,5,4,9,0.6,0.3333333333333333,0.26666666666666666,Spatial_Reach_and_Route,4,1.0,1.565596230357602,0,0,4,0,0,0
4146,15,3,10,2,12,0.8,0.6666666666666666,0.13333333333333333,Acceleration_Dynamics,2,1.0,1.2419460322060458,2,0,0,0,0,0
4147,15,0,12,3,15,1.0,0.8,0.2,Temporal_Sequential_Context,1,0.3333333333333333,1.0389205950315936,0,0,1,1,1,0
4148,15,6,8,1,9,0.6,0.5333333333333333,0.06666666666666667,Spatial_Reach_and_Route,1,1.0,1.272905595320056,0,0,1,0,0,0
4149,15,1,6,8,14,0.9333333333333333,0.4,0.5333333333333333,Temporal_Sequential_Context,2,0.25,2.3395722619867225,2,0,2,2,2,0
4150,15,3,6,6,12,0.8,0.4,0.4,Speed_Dynamics,2,0.3333333333333333,2.1559130951758245,2,0,2,2,0,0
4151,15,3,11,1,12,0.8,0.7333333333333333,0.06666666666666667,Acceleration_Dynamics,1,1.0,1.0529815751302694,1,0,0,0,0,0
4152,15,3,6,6,12,0.8,0.4,0.4,Speed_Dynamics,3,0.5,2.1055872616982603,1,0,2,3,0,0
4153,15,15,0,0,0,0.0,0.0,0.0,,0,0.0,0.0,0,0,0,0,0,0
4154,15,3,8,4,12,0.8,0.5333333333333333,0.26666666666666666,Turning_Dynamics,2,0.5,1.7232314287976207,0,0,2,0,0,2
4155,15,3,8,4,12,0.8,0.5333333333333333,0.26666666666666666,Acceleration_Dynamics,2,0.5,1.8565647621309542,2,0,1,1,0,0
4156,15,3,5,7,12,0.8,0.3333333333333333,0.4666666666666667,Speed_Dynamics,3,0.42857142857142855,2.181937063546704,1,0,3,3,0,0
4157,15,1,14,0,14,0.9333333333333333,0.9333333333333333,0.0,,0,0.0,0.35335933502142136,0,0,0,0,0,0
4158,15,3,12,0,12,0.8,0.8,0.0,,0,0.0,0.7219280948873623,0,0,0,0,0,0
4159,15,6,2,7,9,0.6,0.13333333333333333,0.4666666666666667,Temporal_Sequential_Context,4,0.5714285714285714,1.8892464285091581,0,3,0,0,4,0
4160,15,1,7,7,14,0.9333333333333333,0.4666666666666667,0.4666666666666667,Spatial_Reach_and_Route,2,0.2857142857142857,2.1967916319816365,2,2,2,0,1,0
4161,15,3,8,4,12,0.8,0.5333333333333333,0.26666666666666666,Speed_Dynamics,2,0.5,1.856564762130954,0,1,0,2,0,1
4162,15,0,14,1,15,1.0,0.9333333333333333,0.06666666666666667,Acceleration_Dynamics,1,1.0,0.35335933502142136,1,0,0,0,0,0
4163,15,3,8,4,12,0.8,0.5333333333333333,0.26666666666666666,Acceleration_Dynamics,3,0.75,1.6729055953200562,3,0,0,0,1,0
4164,15,1,9,5,14,0.9333333333333333,0.6,0.3333333333333333,Speed_Dynamics,2,0.4,1.7382689280764647,2,0,1,2,0,0
4165,15,1,13,1,14,0.9333333333333333,0.8666666666666667,0.06666666666666667,Acceleration_Dynamics,1,1.0,0.6998428398862386,1,0,0,0,0,0
4166,15,0,11,4,15,1.0,0.7333333333333333,0.26666666666666666,Turning_Dynamics,1,0.25,1.3699740752745009,1,0,1,0,1,1
4167,15,3,10,2,12,0.8,0.6666666666666666,0.13333333333333333,Speed_Dynamics,2,1.0,1.2419460322060458,0,0,0,2,0,0
4168,15,0,13,2,15,1.0,0.8666666666666667,0.13333333333333333,Speed_Dynamics,1,0.5,0.6998428398862386,1,0,0,1,0,0
4169,15,3,7,5,12,0.8,0.4666666666666667,0.3333333333333333,Temporal_Sequential_Context,3,0.6,1.9628066316931743,0,1,1,0,3,0
4170,15,6,5,4,9,0.6,0.3333333333333333,0.26666666666666666,Spatial_Reach_and_Route,4,1.0,1.565596230357602,0,0,4,0,0,0
4171,15,1,12,2,14,0.9333333333333333,0.8,0.13333333333333333,Spatial_Reach_and_Route,2,1.0,0.9055872616982603,0,0,2,0,0,0
4172,15,0,10,5,15,1.0,0.6666666666666666,0.3333333333333333,Turning_Dynamics,1,0.2,1.6922718656836107,1,1,1,0,1,1
4173,15,1,8,6,14,0.9333333333333333,0.5333333333333333,0.4,Spatial_Reach_and_Route,2,0.3333333333333333,2.040223928941852,2,0,2,1,1,0
4174,15,1,11,3,14,0.9333333333333333,0.7333333333333333,0.2,Temporal_Sequential_Context,1,0.3333333333333333,1.3699740752745009,0,1,1,0,1,0
4175,15,1,11,3,14,0.9333333333333333,0.7333333333333333,0.2,Speed_Dynamics,1,0.3333333333333333,1.3699740752745009,1,0,1,1,0,0
4176,15,3,4,8,12,0.8,0.26666666666666666,0.5333333333333333,Spatial_Reach_and_Route,3,0.375,2.2892464285091583,3,0,3,0,2,0
4177,15,10,5,0,5,0.3333333333333333,0.3333333333333333,0.0,,0,0.0,0.9182958340544896,0,0,0,0,0,0
4178,15,3,7,5,12,0.8,0.4666666666666667,0.3333333333333333,Speed_Dynamics,2,0.4,2.0131324651707385,0,1,2,2,0,0
4179,15,0,14,1,15,1.0,0.9333333333333333,0.06666666666666667,Turning_Dynamics,1,1.0,0.35335933502142136,0,0,0,0,0,1
4180,15,3,8,4,12,0.8,0.5333333333333333,0.26666666666666666,Turning_Dynamics,3,0.75,1.672905595320056,0,0,1,0,0,3
4181,15,3,11,1,12,0.8,0.7333333333333333,0.06666666666666667,Temporal_Sequential_Context,1,1.0,1.0529815751302694,0,0,0,0,1,0
4182,15,6,7,2,9,0.6,0.4666666666666667,0.13333333333333333,Turning_Dynamics,1,0.5,1.5628066316931741,0,0,0,0,1,1
4183,15,1,12,2,14,0.9333333333333333,0.8,0.13333333333333333,Turning_Dynamics,1,0.5,1.0389205950315936,0,0,0,1,0,1
4184,15,6,5,4,9,0.6,0.3333333333333333,0.26666666666666666,Spatial_Reach_and_Route,2,0.5,1.8322628970242687,2,0,2,0,0,0
4185,15,3,9,3,12,0.8,0.6,0.2,Turning_Dynamics,1,0.3333333333333333,1.6879430945989,0,0,0,1,1,1
4186,15,3,9,3,12,0.8,0.6,0.2,Turning_Dynamics,1,0.3333333333333333,1.6879430945989,0,1,1,0,0,1
4187,15,3,12,0,12,0.8,0.8,0.0,,0,0.0,0.7219280948873623,0,0,0,0,0,0
4188,15,6,6,3,9,0.6,0.4,0.2,Turning_Dynamics,3,1.0,1.5219280948873621,0,0,0,0,0,3
4189,15,6,5,4,9,0.6,0.3333333333333333,0.26666666666666666,Temporal_Sequential_Context,2,0.5,1.8322628970242685,0,0,2,0,2,0
4190,15,1,12,2,14,0.9333333333333333,0.8,0.13333333333333333,Turning_Dynamics,2,1.0,0.9055872616982603,0,0,0,0,0,2
4191,15,1,13,1,14,0.9333333333333333,0.8666666666666667,0.06666666666666667,Spatial_Reach_and_Route,1,1.0,0.6998428398862386,0,0,1,0,0,0
4192,15,6,9,0,9,0.6,0.6,0.0,,0,0.0,0.9709505944546686,0,0,0,0,0,0
4193,15,6,3,6,9,0.6,0.2,0.4,Acceleration_Dynamics,4,0.6666666666666666,1.8892464285091581,4,0,0,2,0,0
4194,15,3,6,6,12,0.8,0.4,0.4,Temporal_Sequential_Context,2,0.3333333333333333,2.1559130951758245,0,0,2,2,2,0
4195,15,1,11,3,14,0.9333333333333333,0.7333333333333333,0.2,Turning_Dynamics,1,0.3333333333333333,1.3699740752745009,0,0,1,0,1,1
4196,15,3,7,5,12,0.8,0.4666666666666667,0.3333333333333333,Turning_Dynamics,3,0.6,1.8294732983598407,0,0,0,0,2,3
4197,15,10,5,0,5,0.3333333333333333,0.3333333333333333,0.0,,0,0.0,0.9182958340544896,0,0,0,0,0,0
4198,15,6,3,6,9,0.6,0.2,0.4,Temporal_Sequential_Context,3,0.5,1.9219280948873623,0,0,3,0,3,0
4199,15,10,1,4,5,0.3333333333333333,0.06666666666666667,0.26666666666666666,Temporal_Sequential_Context,4,1.0,1.158938532350277,0,0,0,0,4,0
4200,15,1,11,3,14,0.9333333333333333,0.7333333333333333,0.2,Temporal_Sequential_Context,1,0.3333333333333333,1.3699740752745009,1,1,0,0,1,0
4201,15,10,1,4,5,0.3333333333333333,0.06666666666666667,0.26666666666666666,Curvature_Geometry,4,1.0,1.158938532350277,0,4,0,0,0,0
4202,15,1,8,6,14,0.9333333333333333,0.5333333333333333,0.4,Temporal_Sequential_Context,2,0.3333333333333333,1.9068905956085187,0,2,0,2,2,0
4203,15,6,1,8,9,0.6,0.06666666666666667,0.5333333333333333,Spatial_Reach_and_Route,4,0.5,1.8062389286533895,0,4,4,0,0,0
4204,15,6,3,6,9,0.6,0.2,0.4,Curvature_Geometry,4,0.6666666666666666,1.8892464285091581,0,4,0,0,0,2
4205,15,3,6,6,12,0.8,0.4,0.4,Temporal_Sequential_Context,3,0.5,2.1055872616982603,0,2,1,0,3,0
4206,15,6,4,5,9,0.6,0.26666666666666666,0.3333333333333333,Acceleration_Dynamics,4,0.8,1.8062389286533895,4,0,0,0,0,1
4207,15,6,5,4,9,0.6,0.3333333333333333,0.26666666666666666,Temporal_Sequential_Context,4,1.0,1.5655962303576019,0,0,0,0,4,0
4208,15,1,9,5,14,0.9333333333333333,0.6,0.3333333333333333,Temporal_Sequential_Context,2,0.4,1.7382689280764645,1,2,0,0,2,0
4209,15,3,12,0,12,0.8,0.8,0.0,,0,0.0,0.7219280948873623,0,0,0,0,0,0
4210,15,1,10,4,14,0.9333333333333333,0.6666666666666666,0.26666666666666666,Speed_Dynamics,2,0.5,1.4256051990169438,2,0,0,2,0,0
4211,15,1,7,7,14,0.9333333333333333,0.4666666666666667,0.4666666666666667,Temporal_Sequential_Context,2,0.2857142857142857,2.1967916319816365,0,0,2,2,2,1
4212,15,1,11,3,14,0.9333333333333333,0.7333333333333333,0.2,Turning_Dynamics,1,0.3333333333333333,1.3699740752745009,0,1,1,0,0,1
4213,15,15,0,0,0,0.0,0.0,0.0,,0,0.0,0.0,0,0,0,0,0,0
4214,15,3,12,0,12,0.8,0.8,0.0,,0,0.0,0.7219280948873623,0,0,0,0,0,0
4215,15,1,7,7,14,0.9333333333333333,0.4666666666666667,0.4666666666666667,Turning_Dynamics,2,0.2857142857142857,2.196791631981637,2,0,2,0,1,2
4216,15,10,5,0,5,0.3333333333333333,0.3333333333333333,0.0,,0,0.0,0.9182958340544896,0,0,0,0,0,0
4217,15,1,14,0,14,0.9333333333333333,0.9333333333333333,0.0,,0,0.0,0.35335933502142136,0,0,0,0,0,0
4218,15,6,7,2,9,0.6,0.4666666666666667,0.13333333333333333,Temporal_Sequential_Context,1,0.5,1.5628066316931741,1,0,0,0,1,0
4219,15,3,9,3,12,0.8,0.6,0.2,Turning_Dynamics,1,0.3333333333333333,1.6879430945989,0,0,1,1,0,1
4220,15,3,9,3,12,0.8,0.6,0.2,Temporal_Sequential_Context,1,0.3333333333333333,1.6879430945989,0,1,1,0,1,0
4221,15,3,12,0,12,0.8,0.8,0.0,,0,0.0,0.7219280948873623,0,0,0,0,0,0
4222,15,6,9,0,9,0.6,0.6,0.0,,0,0.0,0.9709505944546686,0,0,0,0,0,0
4223,15,10,1,4,5,0.3333333333333333,0.06666666666666667,0.26666666666666666,Turning_Dynamics,4,1.0,1.158938532350277,0,0,0,0,0,4
4224,15,1,12,2,14,0.9333333333333333,0.8,0.13333333333333333,Turning_Dynamics,1,0.5,1.0389205950315936,1,0,0,0,0,1
4225,15,1,9,5,14,0.9333333333333333,0.6,0.3333333333333333,Spatial_Reach_and_Route,2,0.4,1.7382689280764647,2,0,2,1,0,0
4226,15,10,5,0,5,0.3333333333333333,0.3333333333333333,0.0,,0,0.0,0.9182958340544896,0,0,0,0,0,0
4227,15,3,9,3,12,0.8,0.6,0.2,Curvature_Geometry,3,1.0,1.3709505944546687,0,3,0,0,0,0
4228,15,3,7,5,12,0.8,0.4666666666666667,0.3333333333333333,Curvature_Geometry,3,0.6,1.8294732983598407,0,3,0,2,0,0
4229,15,10,1,4,5,0.3333333333333333,0.06666666666666667,0.26666666666666666,Turning_Dynamics,4,1.0,1.158938532350277,0,0,0,0,0,4
4230,15,6,2,7,9,0.6,0.13333333333333333,0.4666666666666667,Temporal_Sequential_Context,4,0.5714285714285714,1.8892464285091581,0,0,0,0,4,3
4231,15,15,0,0,0,0.0,0.0,0.0,,0,0.0,0.0,0,0,0,0,0,0
4232,15,3,8,4,12,0.8,0.5333333333333333,0.26666666666666666,Spatial_Reach_and_Route,2,0.5,1.7232314287976207,2,0,2,0,0,0
4233,15,1,8,6,14,0.9333333333333333,0.5333333333333333,0.4,Spatial_Reach_and_Route,2,0.3333333333333333,2.040223928941852,2,0,2,1,1,0
4234,15,0,11,4,15,1.0,0.7333333333333333,0.26666666666666666,Turning_Dynamics,1,0.25,1.3699740752745009,0,0,1,1,1,1
4235,15,1,11,3,14,0.9333333333333333,0.7333333333333333,0.2,Turning_Dynamics,1,0.3333333333333333,1.3699740752745009,0,0,1,0,1,1
4236,15,1,6,8,14,0.9333333333333333,0.4,0.5333333333333333,Temporal_Sequential_Context,2,0.25,2.3395722619867225,2,0,2,2,2,0
4237,15,0,13,2,15,1.0,0.8666666666666667,0.13333333333333333,Turning_Dynamics,1,0.5,0.6998428398862386,0,0,1,0,0,1
4238,15,0,13,2,15,1.0,0.8666666666666667,0.13333333333333333,Spatial_Reach_and_Route,1,0.5,0.6998428398862386,1,0,1,0,0,0
4239,15,0,14,1,15,1.0,0.9333333333333333,0.06666666666666667,Turning_Dynamics,1,1.0,0.35335933502142136,0,0,0,0,0,1
4240,15,0,15,0,15,1.0,1.0,0.0,,0,0.0,0.0,0,0,0,0,0,0
4241,15,15,0,0,0,0.0,0.0,0.0,,0,0.0,0.0,0,0,0,0,0,0
4242,15,0,15,0,15,1.0,1.0,0.0,,0,0.0,0.0,0,0,0,0,0,0
4243,15,6,6,3,9,0.6,0.4,0.2,Spatial_Reach_and_Route,3,1.0,1.5219280948873621,0,0,3,0,0,0
4244,15,0,12,3,15,1.0,0.8,0.2,Speed_Dynamics,1,0.3333333333333333,1.0389205950315936,0,1,1,1,0,0
4245,15,3,9,3,12,0.8,0.6,0.2,Spatial_Reach_and_Route,2,0.6666666666666666,1.5546097612655667,0,1,2,0,0,0
4246,15,6,2,7,9,0.6,0.13333333333333333,0.4666666666666667,Turning_Dynamics,4,0.5714285714285714,1.8892464285091581,0,0,3,0,0,4
4247,15,0,13,2,15,1.0,0.8666666666666667,0.13333333333333333,Temporal_Sequential_Context,1,0.5,0.6998428398862386,0,0,1,0,1,0
4248,15,1,9,5,14,0.9333333333333333,0.6,0.3333333333333333,Temporal_Sequential_Context,2,0.4,1.871602261409798,1,1,1,0,2,0
4249,15,10,2,3,5,0.3333333333333333,0.13333333333333333,0.2,Temporal_Sequential_Context,3,1.0,1.2419460322060458,0,0,0,0,3,0
4250,15,0,15,0,15,1.0,1.0,0.0,,0,0.0,0.0,0,0,0,0,0,0
4251,15,1,10,4,14,0.9333333333333333,0.6666666666666666,0.26666666666666666,Acceleration_Dynamics,2,0.5,1.5589385323502774,2,0,0,1,1,0
4252,15,1,8,6,14,0.9333333333333333,0.5333333333333333,0.4,Temporal_Sequential_Context,2,0.3333333333333333,1.9068905956085187,2,0,2,0,2,0
4253,15,0,15,0,15,1.0,1.0,0.0,,0,0.0,0.0,0,0,0,0,0,0
4254,15,1,7,7,14,0.9333333333333333,0.4666666666666667,0.4666666666666667,Speed_Dynamics,2,0.2857142857142857,2.1967916319816365,2,0,2,2,1,0
4255,15,3,5,7,12,0.8,0.3333333333333333,0.4666666666666667,Temporal_Sequential_Context,3,0.42857142857142855,2.181937063546704,3,0,1,0,3,0
4256,15,0,14,1,15,1.0,0.9333333333333333,0.06666666666666667,Spatial_Reach_and_Route,1,1.0,0.35335933502142136,0,0,1,0,0,0
4257,15,1,10,4,14,0.9333333333333333,0.6666666666666666,0.26666666666666666,Spatial_Reach_and_Route,2,0.5,1.5589385323502771,1,0,2,0,1,0
4258,15,0,14,1,15,1.0,0.9333333333333333,0.06666666666666667,Spatial_Reach_and_Route,1,1.0,0.35335933502142136,0,0,1,0,0,0
4259,15,10,2,3,5,0.3333333333333333,0.13333333333333333,0.2,Acceleration_Dynamics,3,1.0,1.2419460322060458,3,0,0,0,0,0
4260,15,6,7,2,9,0.6,0.4666666666666667,0.13333333333333333,Temporal_Sequential_Context,1,0.5,1.5628066316931741,0,1,0,0,1,0
4261,15,10,5,0,5,0.3333333333333333,0.3333333333333333,0.0,,0,0.0,0.9182958340544896,0,0,0,0,0,0
4262,15,10,3,2,5,0.3333333333333333,0.2,0.13333333333333333,Temporal_Sequential_Context,2,1.0,1.2419460322060458,0,0,0,0,2,0
4263,15,0,11,4,15,1.0,0.7333333333333333,0.26666666666666666,Speed_Dynamics,1,0.25,1.3699740752745009,1,1,1,1,0,0
4264,15,6,5,4,9,0.6,0.3333333333333333,0.26666666666666666,Acceleration_Dynamics,4,1.0,1.565596230357602,4,0,0,0,0,0
4265,15,1,10,4,14,0.9333333333333333,0.6666666666666666,0.26666666666666666,Spatial_Reach_and_Route,2,0.5,1.4256051990169438,2,0,2,0,0,0
4266,15,3,12,0,12,0.8,0.8,0.0,,0,0.0,0.7219280948873623,0,0,0,0,0,0
4267,15,10,3,2,5,0.3333333333333333,0.2,0.13333333333333333,Curvature_Geometry,2,1.0,1.2419460322060458,0,2,0,0,0,0
4268,15,10,5,0,5,0.3333333333333333,0.3333333333333333,0.0,,0,0.0,0.9182958340544896,0,0,0,0,0,0
4269,15,15,0,0,0,0.0,0.0,0.0,,0,0.0,0.0,0,0,0,0,0,0
4270,15,6,7,2,9,0.6,0.4666666666666667,0.13333333333333333,Turning_Dynamics,1,0.5,1.5628066316931741,0,0,0,1,0,1
4271,15,0,14,1,15,1.0,0.9333333333333333,0.06666666666666667,Spatial_Reach_and_Route,1,1.0,0.35335933502142136,0,0,1,0,0,0
4272,15,3,4,8,12,0.8,0.26666666666666666,0.5333333333333333,Turning_Dynamics,3,0.375,2.2892464285091583,2,3,0,0,0,3
4273,15,3,9,3,12,0.8,0.6,0.2,Temporal_Sequential_Context,3,1.0,1.3709505944546687,0,0,0,0,3,0
4274,15,0,11,4,15,1.0,0.7333333333333333,0.26666666666666666,Speed_Dynamics,1,0.25,1.3699740752745009,1,1,1,1,0,0
4275,15,6,2,7,9,0.6,0.13333333333333333,0.4666666666666667,Temporal_Sequential_Context,4,0.5714285714285714,1.889246428509158,3,0,0,0,4,0
4276,15,3,3,9,12,0.8,0.2,0.6,Turning_Dynamics,3,0.3333333333333333,2.321928094887362,0,3,0,3,0,3
4277,15,1,14,0,14,0.9333333333333333,0.9333333333333333,0.0,,0,0.0,0.35335933502142136,0,0,0,0,0,0
4278,15,6,5,4,9,0.6,0.3333333333333333,0.26666666666666666,Turning_Dynamics,3,0.75,1.781937063546704,0,1,0,0,0,3
4279,15,1,10,4,14,0.9333333333333333,0.6666666666666666,0.26666666666666666,Turning_Dynamics,2,0.5,1.4256051990169438,0,2,0,0,0,2
4280,15,6,6,3,9,0.6,0.4,0.2,Curvature_Geometry,3,1.0,1.5219280948873621,0,3,0,0,0,0
4281,15,1,8,6,14,0.9333333333333333,0.5333333333333333,0.4,Spatial_Reach_and_Route,2,0.3333333333333333,2.040223928941852,0,2,2,1,0,1
4282,15,3,5,7,12,0.8,0.3333333333333333,0.4666666666666667,Spatial_Reach_and_Route,3,0.42857142857142855,2.181937063546704,0,3,3,1,0,0
4283,15,3,5,7,12,0.8,0.3333333333333333,0.4666666666666667,Turning_Dynamics,3,0.42857142857142855,2.2322628970242686,0,2,2,0,0,3
4284,15,1,8,6,14,0.9333333333333333,0.5333333333333333,0.4,Turning_Dynamics,2,0.3333333333333333,1.9068905956085187,0,2,0,0,2,2
4285,15,3,10,2,12,0.8,0.6666666666666666,0.13333333333333333,Curvature_Geometry,2,1.0,1.2419460322060458,0,2,0,0,0,0
4286,15,6,4,5,9,0.6,0.26666666666666666,0.3333333333333333,Turning_Dynamics,4,0.8,1.8062389286533895,0,1,0,0,0,4
4287,15,3,9,3,12,0.8,0.6,0.2,Spatial_Reach_and_Route,1,0.3333333333333333,1.6879430945989,1,1,1,0,0,0
4288,15,6,5,4,9,0.6,0.3333333333333333,0.26666666666666666,Turning_Dynamics,2,0.5,1.8322628970242685,0,2,0,0,0,2
4289,15,1,14,0,14,0.9333333333333333,0.9333333333333333,0.0,,0,0.0,0.35335933502142136,0,0,0,0,0,0
4290,15,10,5,0,5,0.3333333333333333,0.3333333333333333,0.0,,0,0.0,0.9182958340544896,0,0,0,0,0,0
4291,15,1,7,7,14,0.9333333333333333,0.4666666666666667,0.4666666666666667,Turning_Dynamics,2,0.2857142857142857,2.196791631981637,2,1,0,2,0,2
4292,15,6,9,0,9,0.6,0.6,0.0,,0,0.0,0.9709505944546686,0,0,0,0,0,0
4293,15,3,11,1,12,0.8,0.7333333333333333,0.06666666666666667,Temporal_Sequential_Context,1,1.0,1.0529815751302694,0,0,0,0,1,0
4294,15,3,9,3,12,0.8,0.6,0.2,Turning_Dynamics,2,0.6666666666666666,1.5546097612655665,0,0,1,0,0,2
4295,15,0,15,0,15,1.0,1.0,0.0,,0,0.0,0.0,0,0,0,0,0,0
4296,15,3,7,5,12,0.8,0.4666666666666667,0.3333333333333333,Spatial_Reach_and_Route,3,0.6,1.8294732983598407,0,0,3,2,0,0
4297,15,3,6,6,12,0.8,0.4,0.4,Turning_Dynamics,3,0.5,2.1055872616982603,2,0,1,0,0,3
4298,15,3,10,2,12,0.8,0.6666666666666666,0.13333333333333333,Spatial_Reach_and_Route,2,1.0,1.2419460322060458,0,0,2,0,0,0
4299,15,6,6,3,9,0.6,0.4,0.2,Turning_Dynamics,3,1.0,1.5219280948873621,0,0,0,0,0,3
4300,15,3,9,3,12,0.8,0.6,0.2,Turning_Dynamics,2,0.6666666666666666,1.5546097612655667,0,0,0,1,0,2
4301,15,6,5,4,9,0.6,0.3333333333333333,0.26666666666666666,Spatial_Reach_and_Route,3,0.75,1.781937063546704,0,0,3,0,0,1
4302,15,3,9,3,12,0.8,0.6,0.2,Acceleration_Dynamics,2,0.6666666666666666,1.5546097612655667,2,1,0,0,0,0
4303,15,1,13,1,14,0.9333333333333333,0.8666666666666667,0.06666666666666667,Temporal_Sequential_Context,1,1.0,0.6998428398862386,0,0,0,0,1,0
4304,15,6,4,5,9,0.6,0.26666666666666666,0.3333333333333333,Spatial_Reach_and_Route,4,0.8,1.8062389286533893,1,0,4,0,0,0
4305,15,6,9,0,9,0.6,0.6,0.0,,0,0.0,0.9709505944546686,0,0,0,0,0,0
4306,15,10,3,2,5,0.3333333333333333,0.2,0.13333333333333333,Curvature_Geometry,2,1.0,1.2419460322060458,0,2,0,0,0,0
4307,15,3,10,2,12,0.8,0.6666666666666666,0.13333333333333333,Turning_Dynamics,2,1.0,1.2419460322060458,0,0,0,0,0,2
4308,15,6,2,7,9,0.6,0.13333333333333333,0.4666666666666667,Speed_Dynamics,4,0.5714285714285714,1.8892464285091581,0,3,0,4,0,0
4309,15,6,4,5,9,0.6,0.26666666666666666,0.3333333333333333,Turning_Dynamics,4,0.8,1.8062389286533895,0,0,0,0,1,4
4310,15,3,9,3,12,0.8,0.6,0.2,Curvature_Geometry,3,1.0,1.3709505944546687,0,3,0,0,0,0
4311,15,10,1,4,5,0.3333333333333333,0.06666666666666667,0.26666666666666666,Curvature_Geometry,4,1.0,1.158938532350277,0,4,0,0,0,0
4312,15,1,8,6,14,0.9333333333333333,0.5333333333333333,0.4,Curvature_Geometry,2,0.3333333333333333,2.040223928941852,2,2,1,1,0,0
4313,15,10,0,5,5,0.3333333333333333,0.0,0.3333333333333333,Temporal_Sequential_Context,5,1.0,0.9182958340544896,0,0,0,0,5,0
4314,15,6,7,2,9,0.6,0.4666666666666667,0.13333333333333333,Temporal_Sequential_Context,2,1.0,1.4294732983598406,0,0,0,0,2,0
4315,15,10,0,5,5,0.3333333333333333,0.0,0.3333333333333333,Curvature_Geometry,5,1.0,0.9182958340544896,0,5,0,0,0,0
4316,15,10,2,3,5,0.3333333333333333,0.13333333333333333,0.2,Spatial_Reach_and_Route,3,1.0,1.2419460322060458,0,0,3,0,0,0
4317,15,3,9,3,12,0.8,0.6,0.2,Temporal_Sequential_Context,1,0.3333333333333333,1.6879430945989,0,1,0,1,1,0
4318,15,3,8,4,12,0.8,0.5333333333333333,0.26666666666666666,Temporal_Sequential_Context,3,0.75,1.6729055953200562,0,0,1,0,3,0
4319,15,6,8,1,9,0.6,0.5333333333333333,0.06666666666666667,Turning_Dynamics,1,1.0,1.272905595320056,0,0,0,0,0,1
4320,15,1,6,8,14,0.9333333333333333,0.4,0.5333333333333333,Turning_Dynamics,2,0.25,2.339572261986723,0,2,2,2,0,2
4321,15,1,11,3,14,0.9333333333333333,0.7333333333333333,0.2,Temporal_Sequential_Context,1,0.3333333333333333,1.3699740752745009,1,0,0,1,1,0
4322,15,0,13,2,15,1.0,0.8666666666666667,0.13333333333333333,Temporal_Sequential_Context,1,0.5,0.6998428398862386,1,0,0,0,1,0
4323,15,3,5,7,12,0.8,0.3333333333333333,0.4666666666666667,Speed_Dynamics,3,0.42857142857142855,2.2322628970242686,2,0,2,3,0,0
4324,15,1,6,8,14,0.9333333333333333,0.4,0.5333333333333333,Temporal_Sequential_Context,2,0.25,2.3395722619867225,2,0,2,2,2,0
4325,15,1,14,0,14,0.9333333333333333,0.9333333333333333,0.0,,0,0.0,0.35335933502142136,0,0,0,0,0,0
4326,15,3,9,3,12,0.8,0.6,0.2,Speed_Dynamics,1,0.3333333333333333,1.6879430945989,0,1,1,1,0,0
4327,15,3,6,6,12,0.8,0.4,0.4,Temporal_Sequential_Context,2,0.3333333333333333,2.155913095175825,2,0,2,0,2,0
4328,15,6,5,4,9,0.6,0.3333333333333333,0.26666666666666666,Speed_Dynamics,3,0.75,1.781937063546704,0,0,0,3,0,1
4329,15,0,14,1,15,1.0,0.9333333333333333,0.06666666666666667,Temporal_Sequential_Context,1,1.0,0.35335933502142136,0,0,0,0,1,0
4330,15,3,7,5,12,0.8,0.4666666666666667,0.3333333333333333,Turning_Dynamics,3,0.6,1.8294732983598407,2,0,0,0,0,3
4331,15,1,12,2,14,0.9333333333333333,0.8,0.13333333333333333,Temporal_Sequential_Context,2,1.0,0.9055872616982603,0,0,0,0,2,0
4332,15,6,7,2,9,0.6,0.4666666666666667,0.13333333333333333,Spatial_Reach_and_Route,2,1.0,1.4294732983598406,0,0,2,0,0,0
4333,15,3,8,4,12,0.8,0.5333333333333333,0.26666666666666666,Temporal_Sequential_Context,2,0.5,1.7232314287976207,0,0,2,0,2,0
4334,15,6,4,5,9,0.6,0.26666666666666666,0.3333333333333333,Temporal_Sequential_Context,3,0.6,1.8892464285091581,0,0,2,0,3,0
4335,15,1,11,3,14,0.9333333333333333,0.7333333333333333,0.2,Temporal_Sequential_Context,2,0.6666666666666666,1.2366407419411674,0,0,1,0,2,0
4336,15,6,6,3,9,0.6,0.4,0.2,Spatial_Reach_and_Route,2,0.6666666666666666,1.7055872616982601,0,0,2,0,0,1
4337,15,0,14,1,15,1.0,0.9333333333333333,0.06666666666666667,Spatial_Reach_and_Route,1,1.0,0.35335933502142136,0,0,1,0,0,0
4338,15,0,15,0,15,1.0,1.0,0.0,,0,0.0,0.0,0,0,0,0,0,0
4339,15,6,9,0,9,0.6,0.6,0.0,,0,0.0,0.9709505944546686,0,0,0,0,0,0
4340,15,10,5,0,5,0.3333333333333333,0.3333333333333333,0.0,,0,0.0,0.9182958340544896,0,0,0,0,0,0
4341,15,6,6,3,9,0.6,0.4,0.2,Curvature_Geometry,2,0.6666666666666666,1.70558726169826,1,2,0,0,0,0
4342,15,10,5,0,5,0.3333333333333333,0.3333333333333333,0.0,,0,0.0,0.9182958340544896,0,0,0,0,0,0
4343,15,10,5,0,5,0.3333333333333333,0.3333333333333333,0.0,,0,0.0,0.9182958340544896,0,0,0,0,0,0
4344,15,6,5,4,9,0.6,0.3333333333333333,0.26666666666666666,Turning_Dynamics,2,0.5,1.8322628970242685,0,0,0,2,0,2
4345,15,10,3,2,5,0.3333333333333333,0.2,0.13333333333333333,Curvature_Geometry,2,1.0,1.2419460322060458,0,2,0,0,0,0
4346,15,10,3,2,5,0.3333333333333333,0.2,0.13333333333333333,Curvature_Geometry,2,1.0,1.2419460322060458,0,2,0,0,0,0
4347,15,10,3,2,5,0.3333333333333333,0.2,0.13333333333333333,Temporal_Sequential_Context,2,1.0,1.2419460322060458,0,0,0,0,2,0
4348,15,1,8,6,14,0.9333333333333333,0.5333333333333333,0.4,Temporal_Sequential_Context,2,0.3333333333333333,2.040223928941852,1,0,2,1,2,0
4349,15,1,14,0,14,0.9333333333333333,0.9333333333333333,0.0,,0,0.0,0.35335933502142136,0,0,0,0,0,0
4350,15,15,0,0,0,0.0,0.0,0.0,,0,0.0,0.0,0,0,0,0,0,0
4351,15,0,15,0,15,1.0,1.0,0.0,,0,0.0,0.0,0,0,0,0,0,0
4352,15,1,12,2,14,0.9333333333333333,0.8,0.13333333333333333,Temporal_Sequential_Context,2,1.0,0.9055872616982603,0,0,0,0,2,0
4353,15,1,8,6,14,0.9333333333333333,0.5333333333333333,0.4,Temporal_Sequential_Context,2,0.3333333333333333,2.040223928941852,0,0,1,2,2,1
4354,15,0,15,0,15,1.0,1.0,0.0,,0,0.0,0.0,0,0,0,0,0,0
4355,15,1,10,4,14,0.9333333333333333,0.6666666666666666,0.26666666666666666,Acceleration_Dynamics,2,0.5,1.5589385323502774,2,0,1,0,1,0
4356,15,3,9,3,12,0.8,0.6,0.2,Spatial_Reach_and_Route,3,1.0,1.3709505944546687,0,0,3,0,0,0
4357,15,1,11,3,14,0.9333333333333333,0.7333333333333333,0.2,Temporal_Sequential_Context,1,0.3333333333333333,1.3699740752745009,0,0,1,1,1,0
4358,15,1,14,0,14,0.9333333333333333,0.9333333333333333,0.0,,0,0.0,0.35335933502142136,0,0,0,0,0,0
4359,15,3,6,6,12,0.8,0.4,0.4,Spatial_Reach_and_Route,3,0.5,2.1055872616982603,2,0,3,1,0,0
4360,15,1,10,4,14,0.9333333333333333,0.6666666666666666,0.26666666666666666,Turning_Dynamics,1,0.25,1.6922718656836107,1,0,1,0,1,1
4361,15,3,8,4,12,0.8,0.5333333333333333,0.26666666666666666,Turning_Dynamics,2,0.5,1.7232314287976207,0,0,2,0,0,2
4362,15,3,3,9,12,0.8,0.2,0.6,Spatial_Reach_and_Route,3,0.3333333333333333,2.321928094887362,3,3,3,0,0,0
4363,15,1,12,2,14,0.9333333333333333,0.8,0.13333333333333333,Spatial_Reach_and_Route,2,1.0,0.9055872616982603,0,0,2,0,0,0
4364,15,0,14,1,15,1.0,0.9333333333333333,0.06666666666666667,Spatial_Reach_and_Route,1,1.0,0.35335933502142136,0,0,1,0,0,0
4365,15,3,12,0,12,0.8,0.8,0.0,,0,0.0,0.7219280948873623,0,0,0,0,0,0
4366,15,3,6,6,12,0.8,0.4,0.4,Temporal_Sequential_Context,3,0.5,1.9219280948873623,0,0,3,0,3,0
4367,15,3,9,3,12,0.8,0.6,0.2,Spatial_Reach_and_Route,2,0.6666666666666666,1.5546097612655665,0,0,2,0,0,1
4368,15,1,12,2,14,0.9333333333333333,0.8,0.13333333333333333,Spatial_Reach_and_Route,1,0.5,1.0389205950315936,0,1,1,0,0,0
4369,15,6,4,5,9,0.6,0.26666666666666666,0.3333333333333333,Curvature_Geometry,3,0.6,1.889246428509158,0,3,2,0,0,0
4370,15,0,11,4,15,1.0,0.7333333333333333,0.26666666666666666,Turning_Dynamics,1,0.25,1.3699740752745007,0,1,1,1,0,1
4371,15,3,10,2,12,0.8,0.6666666666666666,0.13333333333333333,Temporal_Sequential_Context,1,0.5,1.3752793655393791,0,0,1,0,1,0
4372,15,6,7,2,9,0.6,0.4666666666666667,0.13333333333333333,Spatial_Reach_and_Route,2,1.0,1.4294732983598406,0,0,2,0,0,0
4373,15,10,1,4,5,0.3333333333333333,0.06666666666666667,0.26666666666666666,Acceleration_Dynamics,4,1.0,1.1589385323502772,4,0,0,0,0,0
4374,15,1,10,4,14,0.9333333333333333,0.6666666666666666,0.26666666666666666,Temporal_Sequential_Context,1,0.25,1.6922718656836107,1,1,1,0,1,0
4375,15,0,10,5,15,1.0,0.6666666666666666,0.3333333333333333,Temporal_Sequential_Context,1,0.2,1.6922718656836107,1,1,1,1,1,0
4376,15,10,3,2,5,0.3333333333333333,0.2,0.13333333333333333,Turning_Dynamics,2,1.0,1.2419460322060458,0,0,0,0,0,2
4377,15,0,13,2,15,1.0,0.8666666666666667,0.13333333333333333,Spatial_Reach_and_Route,1,0.5,0.6998428398862386,0,1,1,0,0,0
4378,15,6,6,3,9,0.6,0.4,0.2,Speed_Dynamics,3,1.0,1.5219280948873621,0,0,0,3,0,0
4379,15,0,15,0,15,1.0,1.0,0.0,,0,0.0,0.0,0,0,0,0,0,0
4380,15,10,4,1,5,0.3333333333333333,0.26666666666666666,0.06666666666666667,Turning_Dynamics,1,1.0,1.158938532350277,0,0,0,0,0,1
4381,15,1,11,3,14,0.9333333333333333,0.7333333333333333,0.2,Temporal_Sequential_Context,2,0.6666666666666666,1.2366407419411674,0,0,0,1,2,0
4382,15,1,8,6,14,0.9333333333333333,0.5333333333333333,0.4,Speed_Dynamics,2,0.3333333333333333,2.040223928941852,1,1,2,2,0,0
4383,15,3,8,4,12,0.8,0.5333333333333333,0.26666666666666666,Turning_Dynamics,2,0.5,1.856564762130954,0,1,1,0,0,2
4384,15,3,8,4,12,0.8,0.5333333333333333,0.26666666666666666,Curvature_Geometry,3,0.75,1.6729055953200562,0,3,0,1,0,0
4385,15,3,8,4,12,0.8,0.5333333333333333,0.26666666666666666,Curvature_Geometry,3,0.75,1.672905595320056,0,3,0,1,0,0
4386,15,1,9,5,14,0.9333333333333333,0.6,0.3333333333333333,Speed_Dynamics,2,0.4,1.871602261409798,0,1,0,2,1,1
4387,15,6,1,8,9,0.6,0.06666666666666667,0.5333333333333333,Turning_Dynamics,4,0.5,1.8062389286533895,0,0,0,0,4,4
4388,15,3,3,9,12,0.8,0.2,0.6,Speed_Dynamics,3,0.3333333333333333,2.321928094887362,3,3,0,3,0,0
4389,15,0,10,5,15,1.0,0.6666666666666666,0.3333333333333333,Temporal_Sequential_Context,1,0.2,1.6922718656836107,1,1,1,1,1,0
4390,15,3,6,6,12,0.8,0.4,0.4,Curvature_Geometry,3,0.5,1.9219280948873623,3,3,0,0,0,0
4391,15,3,7,5,12,0.8,0.4666666666666667,0.3333333333333333,Acceleration_Dynamics,3,0.6,1.9628066316931743,3,0,0,1,1,0
4392,15,6,4,5,9,0.6,0.26666666666666666,0.3333333333333333,Acceleration_Dynamics,4,0.8,1.8062389286533895,4,0,1,0,0,0
4393,15,3,12,0,12,0.8,0.8,0.0,,0,0.0,0.7219280948873623,0,0,0,0,0,0
4394,15,1,10,4,14,0.9333333333333333,0.6666666666666666,0.26666666666666666,Turning_Dynamics,1,0.25,1.6922718656836107,1,0,0,1,1,1
4395,15,0,11,4,15,1.0,0.7333333333333333,0.26666666666666666,Turning_Dynamics,1,0.25,1.3699740752745009,1,0,1,1,0,1
4396,15,3,8,4,12,0.8,0.5333333333333333,0.26666666666666666,Temporal_Sequential_Context,2,0.5,1.7232314287976207,0,0,0,2,2,0
4397,15,3,5,7,12,0.8,0.3333333333333333,0.4666666666666667,Temporal_Sequential_Context,3,0.42857142857142855,2.181937063546704,0,0,3,0,3,1
4398,15,0,12,3,15,1.0,0.8,0.2,Turning_Dynamics,1,0.3333333333333333,1.0389205950315936,1,0,0,1,0,1
4399,15,15,0,0,0,0.0,0.0,0.0,,0,0.0,0.0,0,0,0,0,0,0
4400,15,0,15,0,15,1.0,1.0,0.0,,0,0.0,0.0,0,0,0,0,0,0
4401,15,3,4,8,12,0.8,0.26666666666666666,0.5333333333333333,Speed_Dynamics,3,0.375,2.2892464285091583,0,3,2,3,0,0
4402,15,0,15,0,15,1.0,1.0,0.0,,0,0.0,0.0,0,0,0,0,0,0
4403,15,1,7,7,14,0.9333333333333333,0.4666666666666667,0.4666666666666667,Turning_Dynamics,2,0.2857142857142857,2.1967916319816365,1,2,0,0,2,2
4404,15,3,5,7,12,0.8,0.3333333333333333,0.4666666666666667,Curvature_Geometry,3,0.42857142857142855,2.2322628970242686,0,3,2,0,0,2
4405,15,1,6,8,14,0.9333333333333333,0.4,0.5333333333333333,Turning_Dynamics,2,0.25,2.3395722619867225,0,2,0,2,2,2
4406,15,10,2,3,5,0.3333333333333333,0.13333333333333333,0.2,Speed_Dynamics,3,1.0,1.2419460322060458,0,0,0,3,0,0
4407,15,6,5,4,9,0.6,0.3333333333333333,0.26666666666666666,Turning_Dynamics,2,0.5,1.8322628970242687,0,0,0,2,0,2
4408,15,0,12,3,15,1.0,0.8,0.2,Temporal_Sequential_Context,1,0.3333333333333333,1.0389205950315936,0,1,0,1,1,0
4409,15,10,1,4,5,0.3333333333333333,0.06666666666666667,0.26666666666666666,Speed_Dynamics,4,1.0,1.158938532350277,0,0,0,4,0,0
4410,15,1,13,1,14,0.9333333333333333,0.8666666666666667,0.06666666666666667,Speed_Dynamics,1,1.0,0.6998428398862386,0,0,0,1,0,0
4411,15,3,8,4,12,0.8,0.5333333333333333,0.26666666666666666,Temporal_Sequential_Context,2,0.5,1.856564762130954,1,0,0,1,2,0
4412,15,6,3,6,9,0.6,0.2,0.4,Turning_Dynamics,3,0.5,1.9219280948873623,0,0,0,3,0,3
4413,15,1,9,5,14,0.9333333333333333,0.6,0.3333333333333333,Acceleration_Dynamics,2,0.4,1.8716022614097982,2,0,0,1,1,1
4414,15,3,10,2,12,0.8,0.6666666666666666,0.13333333333333333,Temporal_Sequential_Context,2,1.0,1.2419460322060458,0,0,0,0,2,0
4415,15,3,11,1,12,0.8,0.7333333333333333,0.06666666666666667,Temporal_Sequential_Context,1,1.0,1.0529815751302694,0,0,0,0,1,0
4416,15,3,9,3,12,0.8,0.6,0.2,Turning_Dynamics,2,0.6666666666666666,1.5546097612655665,0,1,0,0,0,2
4417,15,10,2,3,5,0.3333333333333333,0.13333333333333333,0.2,Temporal_Sequential_Context,3,1.0,1.2419460322060458,0,0,0,0,3,0
4418,15,15,0,0,0,0.0,0.0,0.0,,0,0.0,0.0,0,0,0,0,0,0
4419,15,6,5,4,9,0.6,0.3333333333333333,0.26666666666666666,Temporal_Sequential_Context,3,0.75,1.781937063546704,0,0,1,0,3,0
4420,15,10,2,3,5,0.3333333333333333,0.13333333333333333,0.2,Temporal_Sequential_Context,3,1.0,1.2419460322060458,0,0,0,0,3,0
4421,15,6,9,0,9,0.6,0.6,0.0,,0,0.0,0.9709505944546686,0,0,0,0,0,0
4422,15,6,5,4,9,0.6,0.3333333333333333,0.26666666666666666,Speed_Dynamics,4,1.0,1.5655962303576019,0,0,0,4,0,0
4423,15,1,7,7,14,0.9333333333333333,0.4666666666666667,0.4666666666666667,Turning_Dynamics,2,0.2857142857142857,2.196791631981637,2,0,2,1,0,2
4424,15,1,12,2,14,0.9333333333333333,0.8,0.13333333333333333,Acceleration_Dynamics,2,1.0,0.9055872616982603,2,0,0,0,0,0
4425,15,0,15,0,15,1.0,1.0,0.0,,0,0.0,0.0,0,0,0,0,0,0
4426,15,0,10,5,15,1.0,0.6666666666666666,0.3333333333333333,Turning_Dynamics,1,0.2,1.6922718656836107,1,0,1,1,1,1
4427,15,0,10,5,15,1.0,0.6666666666666666,0.3333333333333333,Turning_Dynamics,1,0.2,1.6922718656836107,1,1,0,1,1,1
4428,15,0,15,0,15,1.0,1.0,0.0,,0,0.0,0.0,0,0,0,0,0,0
4429,15,10,3,2,5,0.3333333333333333,0.2,0.13333333333333333,Temporal_Sequential_Context,2,1.0,1.2419460322060458,0,0,0,0,2,0
4430,15,6,4,5,9,0.6,0.26666666666666666,0.3333333333333333,Curvature_Geometry,4,0.8,1.8062389286533893,1,4,0,0,0,0
4431,15,3,5,7,12,0.8,0.3333333333333333,0.4666666666666667,Turning_Dynamics,3,0.42857142857142855,2.181937063546704,1,3,0,0,0,3
4432,15,6,3,6,9,0.6,0.2,0.4,Curvature_Geometry,4,0.6666666666666666,1.8892464285091581,0,4,0,0,0,2
4433,15,3,6,6,12,0.8,0.4,0.4,Turning_Dynamics,3,0.5,1.9219280948873623,0,3,0,0,0,3
4434,15,10,0,5,5,0.3333333333333333,0.0,0.3333333333333333,Curvature_Geometry,5,1.0,0.9182958340544896,0,5,0,0,0,0
4435,15,6,1,8,9,0.6,0.06666666666666667,0.5333333333333333,Turning_Dynamics,4,0.5,1.8062389286533895,0,4,0,0,0,4
4436,15,10,1,4,5,0.3333333333333333,0.06666666666666667,0.26666666666666666,Curvature_Geometry,4,1.0,1.158938532350277,0,4,0,0,0,0
4437,15,6,7,2,9,0.6,0.4666666666666667,0.13333333333333333,Spatial_Reach_and_Route,1,0.5,1.5628066316931741,1,0,1,0,0,0
4438,15,1,9,5,14,0.9333333333333333,0.6,0.3333333333333333,Turning_Dynamics,2,0.4,1.7382689280764647,0,2,0,1,0,2
4439,15,0,15,0,15,1.0,1.0,0.0,,0,0.0,0.0,0,0,0,0,0,0
4440,15,3,9,3,12,0.8,0.6,0.2,Curvature_Geometry,2,0.6666666666666666,1.5546097612655667,0,2,0,1,0,0
4441,15,10,2,3,5,0.3333333333333333,0.13333333333333333,0.2,Temporal_Sequential_Context,3,1.0,1.2419460322060458,0,0,0,0,3,0
4442,15,1,14,0,14,0.9333333333333333,0.9333333333333333,0.0,,0,0.0,0.35335933502142136,0,0,0,0,0,0
4443,15,0,12,3,15,1.0,0.8,0.2,Turning_Dynamics,1,0.3333333333333333,1.0389205950315936,1,0,0,0,1,1
4444,15,1,8,6,14,0.9333333333333333,0.5333333333333333,0.4,Temporal_Sequential_Context,2,0.3333333333333333,1.9068905956085187,2,0,0,2,2,0
4445,15,6,2,7,9,0.6,0.13333333333333333,0.4666666666666667,Speed_Dynamics,4,0.5714285714285714,1.8892464285091581,0,0,3,4,0,0
4446,15,3,7,5,12,0.8,0.4666666666666667,0.3333333333333333,Speed_Dynamics,3,0.6,1.9628066316931743,0,0,0,3,1,1
4447,15,6,6,3,9,0.6,0.4,0.2,Speed_Dynamics,3,1.0,1.5219280948873621,0,0,0,3,0,0
4448,15,3,10,2,12,0.8,0.6666666666666666,0.13333333333333333,Temporal_Sequential_Context,1,0.5,1.3752793655393791,0,1,0,0,1,0
4449,15,6,3,6,9,0.6,0.2,0.4,Temporal_Sequential_Context,4,0.6666666666666666,1.8892464285091581,0,0,0,2,4,0
4450,15,6,6,3,9,0.6,0.4,0.2,Speed_Dynamics,3,1.0,1.5219280948873621,0,0,0,3,0,0
4451,15,3,10,2,12,0.8,0.6666666666666666,0.13333333333333333,Speed_Dynamics,2,1.0,1.2419460322060458,0,0,0,2,0,0
4452,15,0,15,0,15,1.0,1.0,0.0,,0,0.0,0.0,0,0,0,0,0,0
4453,15,3,3,9,12,0.8,0.2,0.6,Speed_Dynamics,3,0.3333333333333333,2.321928094887362,3,0,3,3,0,0
4454,15,6,1,8,9,0.6,0.06666666666666667,0.5333333333333333,Temporal_Sequential_Context,4,0.5,1.8062389286533893,4,0,0,0,4,0
4455,15,3,9,3,12,0.8,0.6,0.2,Speed_Dynamics,2,0.6666666666666666,1.5546097612655667,0,0,0,2,0,1
4456,15,3,7,5,12,0.8,0.4666666666666667,0.3333333333333333,Turning_Dynamics,2,0.4,2.0131324651707385,0,0,1,2,0,2
4457,15,10,5,0,5,0.3333333333333333,0.3333333333333333,0.0,,0,0.0,0.9182958340544896,0,0,0,0,0,0
4458,15,1,12,2,14,0.9333333333333333,0.8,0.13333333333333333,Speed_Dynamics,1,0.5,1.0389205950315936,0,1,0,1,0,0
4459,15,3,7,5,12,0.8,0.4666666666666667,0.3333333333333333,Speed_Dynamics,3,0.6,1.962806631693174,1,0,1,3,0,0
4460,15,6,6,3,9,0.6,0.4,0.2,Temporal_Sequential_Context,3,1.0,1.5219280948873621,0,0,0,0,3,0
4461,15,10,0,5,5,0.3333333333333333,0.0,0.3333333333333333,Temporal_Sequential_Context,5,1.0,0.9182958340544896,0,0,0,0,5,0
4462,15,1,11,3,14,0.9333333333333333,0.7333333333333333,0.2,Speed_Dynamics,2,0.6666666666666666,1.2366407419411674,0,0,0,2,0,1
4463,15,0,15,0,15,1.0,1.0,0.0,,0,0.0,0.0,0,0,0,0,0,0
4464,15,0,10,5,15,1.0,0.6666666666666666,0.3333333333333333,Temporal_Sequential_Context,1,0.2,1.6922718656836107,1,1,1,1,1,0
4465,15,1,12,2,14,0.9333333333333333,0.8,0.13333333333333333,Turning_Dynamics,1,0.5,1.0389205950315936,0,0,0,0,1,1
4466,15,3,8,4,12,0.8,0.5333333333333333,0.26666666666666666,Speed_Dynamics,3,0.75,1.672905595320056,1,0,0,3,0,0
4467,15,1,12,2,14,0.9333333333333333,0.8,0.13333333333333333,Temporal_Sequential_Context,1,0.5,1.0389205950315936,0,0,0,1,1,0
4468,15,0,12,3,15,1.0,0.8,0.2,Turning_Dynamics,1,0.3333333333333333,1.0389205950315936,0,0,0,1,1,1
4469,15,3,8,4,12,0.8,0.5333333333333333,0.26666666666666666,Temporal_Sequential_Context,3,0.75,1.672905595320056,1,0,0,0,3,0
4470,15,10,4,1,5,0.3333333333333333,0.26666666666666666,0.06666666666666667,Acceleration_Dynamics,1,1.0,1.1589385323502772,1,0,0,0,0,0
4471,15,6,2,7,9,0.6,0.13333333333333333,0.4666666666666667,Temporal_Sequential_Context,4,0.5714285714285714,1.8892464285091581,0,3,0,0,4,0
4472,15,10,1,4,5,0.3333333333333333,0.06666666666666667,0.26666666666666666,Temporal_Sequential_Context,4,1.0,1.158938532350277,0,0,0,0,4,0
4473,15,6,9,0,9,0.6,0.6,0.0,,0,0.0,0.9709505944546686,0,0,0,0,0,0
4474,15,1,8,6,14,0.9333333333333333,0.5333333333333333,0.4,Turning_Dynamics,2,0.3333333333333333,1.9068905956085187,0,2,0,0,2,2
4475,15,0,12,3,15,1.0,0.8,0.2,Temporal_Sequential_Context,1,0.3333333333333333,1.0389205950315936,0,0,1,1,1,0
4476,15,0,15,0,15,1.0,1.0,0.0,,0,0.0,0.0,0,0,0,0,0,0
4477,15,0,15,0,15,1.0,1.0,0.0,,0,0.0,0.0,0,0,0,0,0,0
4478,15,1,10,4,14,0.9333333333333333,0.6666666666666666,0.26666666666666666,Spatial_Reach_and_Route,2,0.5,1.5589385323502771,1,0,2,0,1,0
4479,15,1,11,3,14,0.9333333333333333,0.7333333333333333,0.2,Temporal_Sequential_Context,1,0.3333333333333333,1.3699740752745009,1,1,0,0,1,0
4480,15,0,10,5,15,1.0,0.6666666666666666,0.3333333333333333,Turning_Dynamics,1,0.2,1.6922718656836107,1,1,1,1,0,1
4481,15,0,15,0,15,1.0,1.0,0.0,,0,0.0,0.0,0,0,0,0,0,0
4482,15,0,13,2,15,1.0,0.8666666666666667,0.13333333333333333,Turning_Dynamics,1,0.5,0.6998428398862386,0,1,0,0,0,1
4483,15,1,9,5,14,0.9333333333333333,0.6,0.3333333333333333,Spatial_Reach_and_Route,2,0.4,1.871602261409798,1,0,2,1,1,0
4484,15,0,13,2,15,1.0,0.8666666666666667,0.13333333333333333,Turning_Dynamics,1,0.5,0.6998428398862386,1,0,0,0,0,1
4485,15,6,5,4,9,0.6,0.3333333333333333,0.26666666666666666,Turning_Dynamics,4,1.0,1.5655962303576019,0,0,0,0,0,4
4486,15,1,13,1,14,0.9333333333333333,0.8666666666666667,0.06666666666666667,Speed_Dynamics,1,1.0,0.6998428398862386,0,0,0,1,0,0
4487,15,10,4,1,5,0.3333333333333333,0.26666666666666666,0.06666666666666667,Turning_Dynamics,1,1.0,1.158938532350277,0,0,0,0,0,1
4488,15,15,0,0,0,0.0,0.0,0.0,,0,0.0,0.0,0,0,0,0,0,0
4489,15,1,14,0,14,0.9333333333333333,0.9333333333333333,0.0,,0,0.0,0.35335933502142136,0,0,0,0,0,0
4490,15,1,10,4,14,0.9333333333333333,0.6666666666666666,0.26666666666666666,Speed_Dynamics,1,0.25,1.6922718656836107,1,1,1,1,0,0
4491,15,1,11,3,14,0.9333333333333333,0.7333333333333333,0.2,Temporal_Sequential_Context,1,0.3333333333333333,1.3699740752745009,0,0,1,1,1,0
4492,15,6,5,4,9,0.6,0.3333333333333333,0.26666666666666666,Speed_Dynamics,2,0.5,1.8322628970242685,2,0,0,2,0,0
4493,15,6,6,3,9,0.6,0.4,0.2,Temporal_Sequential_Context,2,0.6666666666666666,1.7055872616982601,1,0,0,0,2,0
4494,15,1,10,4,14,0.9333333333333333,0.6666666666666666,0.26666666666666666,Turning_Dynamics,1,0.25,1.6922718656836107,1,1,1,0,0,1
4495,15,10,1,4,5,0.3333333333333333,0.06666666666666667,0.26666666666666666,Turning_Dynamics,4,1.0,1.158938532350277,0,0,0,0,0,4
4496,15,0,12,3,15,1.0,0.8,0.2,Turning_Dynamics,1,0.3333333333333333,1.0389205950315936,0,1,0,1,0,1
4497,15,6,4,5,9,0.6,0.26666666666666666,0.3333333333333333,Acceleration_Dynamics,4,0.8,1.8062389286533895,4,0,0,1,0,0
4498,15,10,3,2,5,0.3333333333333333,0.2,0.13333333333333333,Temporal_Sequential_Context,2,1.0,1.2419460322060458,0,0,0,0,2,0
4499,15,6,5,4,9,0.6,0.3333333333333333,0.26666666666666666,Turning_Dynamics,3,0.75,1.781937063546704,0,0,0,0,1,3
4500,15,3,8,4,12,0.8,0.5333333333333333,0.26666666666666666,Speed_Dynamics,2,0.5,1.856564762130954,1,1,0,2,0,0
4501,15,3,6,6,12,0.8,0.4,0.4,Speed_Dynamics,3,0.5,1.9219280948873623,0,0,3,3,0,0
4502,15,1,6,8,14,0.9333333333333333,0.4,0.5333333333333333,Temporal_Sequential_Context,2,0.25,2.3395722619867225,2,0,2,2,2,0
4503,15,1,11,3,14,0.9333333333333333,0.7333333333333333,0.2,Turning_Dynamics,2,0.6666666666666666,1.2366407419411674,0,0,1,0,0,2
4504,15,3,6,6,12,0.8,0.4,0.4,Spatial_Reach_and_Route,3,0.5,2.1055872616982603,0,0,3,0,2,1
4505,15,3,6,6,12,0.8,0.4,0.4,Temporal_Sequential_Context,2,0.3333333333333333,2.155913095175825,2,0,0,2,2,0
4506,15,3,3,9,12,0.8,0.2,0.6,Turning_Dynamics,3,0.3333333333333333,2.321928094887362,0,0,0,3,3,3
4507,15,3,7,5,12,0.8,0.4666666666666667,0.3333333333333333,Turning_Dynamics,2,0.4,2.0131324651707385,0,2,0,1,0,2
4508,15,0,12,3,15,1.0,0.8,0.2,Temporal_Sequential_Context,1,0.3333333333333333,1.0389205950315936,0,0,1,1,1,0
4509,15,1,7,7,14,0.9333333333333333,0.4666666666666667,0.4666666666666667,Turning_Dynamics,2,0.2857142857142857,2.196791631981637,2,1,0,2,0,2
4510,15,3,8,4,12,0.8,0.5333333333333333,0.26666666666666666,Acceleration_Dynamics,2,0.5,1.8565647621309542,2,1,0,1,0,0
4511,15,6,9,0,9,0.6,0.6,0.0,,0,0.0,0.9709505944546686,0,0,0,0,0,0
4512,15,10,3,2,5,0.3333333333333333,0.2,0.13333333333333333,Turning_Dynamics,2,1.0,1.2419460322060458,0,0,0,0,0,2
4513,15,1,13,1,14,0.9333333333333333,0.8666666666666667,0.06666666666666667,Temporal_Sequential_Context,1,1.0,0.6998428398862386,0,0,0,0,1,0
4514,15,10,1,4,5,0.3333333333333333,0.06666666666666667,0.26666666666666666,Acceleration_Dynamics,4,1.0,1.1589385323502772,4,0,0,0,0,0
4515,15,3,7,5,12,0.8,0.4666666666666667,0.3333333333333333,Speed_Dynamics,3,0.6,1.962806631693174,1,0,0,3,0,1
4516,15,6,5,4,9,0.6,0.3333333333333333,0.26666666666666666,Temporal_Sequential_Context,4,1.0,1.5655962303576019,0,0,0,0,4,0
4517,15,3,3,9,12,0.8,0.2,0.6,Turning_Dynamics,3,0.3333333333333333,2.321928094887362,3,0,3,0,0,3
4518,15,6,7,2,9,0.6,0.4666666666666667,0.13333333333333333,Speed_Dynamics,2,1.0,1.4294732983598406,0,0,0,2,0,0
4519,15,3,9,3,12,0.8,0.6,0.2,Turning_Dynamics,1,0.3333333333333333,1.6879430945989,0,1,0,1,0,1
4520,15,6,3,6,9,0.6,0.2,0.4,Turning_Dynamics,3,0.5,1.9219280948873623,0,0,0,0,3,3
4521,15,3,12,0,12,0.8,0.8,0.0,,0,0.0,0.7219280948873623,0,0,0,0,0,0
4522,15,3,6,6,12,0.8,0.4,0.4,Temporal_Sequential_Context,3,0.5,1.9219280948873623,3,0,0,0,3,0
4523,15,6,5,4,9,0.6,0.3333333333333333,0.26666666666666666,Temporal_Sequential_Context,3,0.75,1.781937063546704,0,0,1,0,3,0
4524,15,10,5,0,5,0.3333333333333333,0.3333333333333333,0.0,,0,0.0,0.9182958340544896,0,0,0,0,0,0
4525,15,10,3,2,5,0.3333333333333333,0.2,0.13333333333333333,Turning_Dynamics,2,1.0,1.2419460322060458,0,0,0,0,0,2
4526,15,6,2,7,9,0.6,0.13333333333333333,0.4666666666666667,Speed_Dynamics,4,0.5714285714285714,1.8892464285091581,0,3,0,4,0,0
4527,15,6,3,6,9,0.6,0.2,0.4,Temporal_Sequential_Context,4,0.6666666666666666,1.889246428509158,2,0,0,0,4,0
4528,15,1,12,2,14,0.9333333333333333,0.8,0.13333333333333333,Turning_Dynamics,2,1.0,0.9055872616982603,0,0,0,0,0,2
4529,15,6,5,4,9,0.6,0.3333333333333333,0.26666666666666666,Temporal_Sequential_Context,4,1.0,1.5655962303576019,0,0,0,0,4,0
4530,15,1,6,8,14,0.9333333333333333,0.4,0.5333333333333333,Turning_Dynamics,2,0.25,2.339572261986723,2,0,2,0,2,2
4531,15,6,2,7,9,0.6,0.13333333333333333,0.4666666666666667,Speed_Dynamics,4,0.5714285714285714,1.8892464285091581,0,3,0,4,0,0
4532,15,1,14,0,14,0.9333333333333333,0.9333333333333333,0.0,,0,0.0,0.35335933502142136,0,0,0,0,0,0
4533,15,3,7,5,12,0.8,0.4666666666666667,0.3333333333333333,Speed_Dynamics,3,0.6,1.9628066316931743,0,0,0,3,1,1
4534,15,0,13,2,15,1.0,0.8666666666666667,0.13333333333333333,Speed_Dynamics,1,0.5,0.6998428398862386,0,0,1,1,0,0
4535,15,10,3,2,5,0.3333333333333333,0.2,0.13333333333333333,Turning_Dynamics,2,1.0,1.2419460322060458,0,0,0,0,0,2
4536,15,6,5,4,9,0.6,0.3333333333333333,0.26666666666666666,Temporal_Sequential_Context,3,0.75,1.781937063546704,0,0,0,0,3,1
4537,15,1,10,4,14,0.9333333333333333,0.6666666666666666,0.26666666666666666,Speed_Dynamics,2,0.5,1.5589385323502771,1,0,0,2,0,1
4538,15,1,9,5,14,0.9333333333333333,0.6,0.3333333333333333,Temporal_Sequential_Context,2,0.4,1.7382689280764645,1,0,0,2,2,0
4539,15,3,6,6,12,0.8,0.4,0.4,Temporal_Sequential_Context,3,0.5,2.10558726169826,0,2,0,1,3,0
4540,15,1,13,1,14,0.9333333333333333,0.8666666666666667,0.06666666666666667,Spatial_Reach_and_Route,1,1.0,0.6998428398862386,0,0,1,0,0,0
4541,15,0,12,3,15,1.0,0.8,0.2,Turning_Dynamics,1,0.3333333333333333,1.0389205950315936,0,1,0,0,1,1
4542,15,10,4,1,5,0.3333333333333333,0.26666666666666666,0.06666666666666667,Temporal_Sequential_Context,1,1.0,1.158938532350277,0,0,0,0,1,0
4543,15,3,6,6,12,0.8,0.4,0.4,Speed_Dynamics,3,0.5,2.1055872616982603,0,0,1,3,2,0
4544,15,0,15,0,15,1.0,1.0,0.0,,0,0.0,0.0,0,0,0,0,0,0
4545,15,0,10,5,15,1.0,0.6666666666666666,0.3333333333333333,Turning_Dynamics,1,0.2,1.6922718656836107,1,1,1,0,1,1
4546,15,0,15,0,15,1.0,1.0,0.0,,0,0.0,0.0,0,0,0,0,0,0
4547,15,6,9,0,9,0.6,0.6,0.0,,0,0.0,0.9709505944546686,0,0,0,0,0,0
4548,15,0,11,4,15,1.0,0.7333333333333333,0.26666666666666666,Speed_Dynamics,1,0.25,1.3699740752745009,1,1,1,1,0,0
4549,15,3,7,5,12,0.8,0.4666666666666667,0.3333333333333333,Temporal_Sequential_Context,2,0.4,2.0131324651707385,0,0,1,2,2,0
4550,15,3,11,1,12,0.8,0.7333333333333333,0.06666666666666667,Turning_Dynamics,1,1.0,1.0529815751302694,0,0,0,0,0,1
4551,15,6,5,4,9,0.6,0.3333333333333333,0.26666666666666666,Speed_Dynamics,3,0.75,1.781937063546704,0,0,0,3,0,1
4552,15,3,3,9,12,0.8,0.2,0.6,Turning_Dynamics,3,0.3333333333333333,2.321928094887362,0,0,0,3,3,3
4553,15,6,5,4,9,0.6,0.3333333333333333,0.26666666666666666,Speed_Dynamics,4,1.0,1.5655962303576019,0,0,0,4,0,0
4554,15,3,9,3,12,0.8,0.6,0.2,Speed_Dynamics,2,0.6666666666666666,1.5546097612655665,1,0,0,2,0,0
4555,15,3,7,5,12,0.8,0.4666666666666667,0.3333333333333333,Temporal_Sequential_Context,3,0.6,1.962806631693174,1,1,0,0,3,0
4556,15,3,6,6,12,0.8,0.4,0.4,Temporal_Sequential_Context,3,0.5,1.9219280948873623,3,0,0,0,3,0
4557,15,6,6,3,9,0.6,0.4,0.2,Curvature_Geometry,3,1.0,1.5219280948873621,0,3,0,0,0,0
4558,15,15,0,0,0,0.0,0.0,0.0,,0,0.0,0.0,0,0,0,0,0,0
4559,15,10,4,1,5,0.3333333333333333,0.26666666666666666,0.06666666666666667,Speed_Dynamics,1,1.0,1.158938532350277,0,0,0,1,0,0
4560,15,1,9,5,14,0.9333333333333333,0.6,0.3333333333333333,Acceleration_Dynamics,2,0.4,1.8716022614097982,2,0,1,1,0,1
4561,15,3,3,9,12,0.8,0.2,0.6,Temporal_Sequential_Context,3,0.3333333333333333,2.321928094887362,3,3,0,0,3,0
4562,15,0,15,0,15,1.0,1.0,0.0,,0,0.0,0.0,0,0,0,0,0,0
4563,15,1,12,2,14,0.9333333333333333,0.8,0.13333333333333333,Spatial_Reach_and_Route,1,0.5,1.0389205950315936,0,1,1,0,0,0
4564,15,1,10,4,14,0.9333333333333333,0.6666666666666666,0.26666666666666666,Temporal_Sequential_Context,2,0.5,1.4256051990169438,2,0,0,0,2,0
4565,15,3,7,5,12,0.8,0.4666666666666667,0.3333333333333333,Speed_Dynamics,3,0.6,1.8294732983598407,0,0,0,3,0,2
4566,15,3,4,8,12,0.8,0.26666666666666666,0.5333333333333333,Turning_Dynamics,3,0.375,2.2892464285091583,2,0,0,3,0,3
4567,15,3,3,9,12,0.8,0.2,0.6,Speed_Dynamics,3,0.3333333333333333,2.321928094887362,3,0,3,3,0,0
4568,15,3,7,5,12,0.8,0.4666666666666667,0.3333333333333333,Spatial_Reach_and_Route,3,0.6,1.8294732983598407,0,0,3,2,0,0
4569,15,6,4,5,9,0.6,0.26666666666666666,0.3333333333333333,Spatial_Reach_and_Route,4,0.8,1.8062389286533895,0,0,4,1,0,0
4570,15,1,11,3,14,0.9333333333333333,0.7333333333333333,0.2,Speed_Dynamics,2,0.6666666666666666,1.2366407419411674,0,0,1,2,0,0
4571,15,1,9,5,14,0.9333333333333333,0.6,0.3333333333333333,Speed_Dynamics,2,0.4,1.871602261409798,0,0,1,2,1,1
4572,15,1,12,2,14,0.9333333333333333,0.8,0.13333333333333333,Temporal_Sequential_Context,2,1.0,0.9055872616982603,0,0,0,0,2,0
4573,15,0,14,1,15,1.0,0.9333333333333333,0.06666666666666667,Spatial_Reach_and_Route,1,1.0,0.35335933502142136,0,0,1,0,0,0
4574,15,3,8,4,12,0.8,0.5333333333333333,0.26666666666666666,Spatial_Reach_and_Route,2,0.5,1.856564762130954,1,1,2,0,0,0
4575,15,0,10,5,15,1.0,0.6666666666666666,0.3333333333333333,Turning_Dynamics,1,0.2,1.6922718656836107,1,1,1,1,0,1
4576,15,3,11,1,12,0.8,0.7333333333333333,0.06666666666666667,Turning_Dynamics,1,1.0,1.0529815751302694,0,0,0,0,0,1
4577,15,3,6,6,12,0.8,0.4,0.4,Acceleration_Dynamics,3,0.5,2.1055872616982603,3,1,0,2,0,0
4578,15,3,7,5,12,0.8,0.4666666666666667,0.3333333333333333,Turning_Dynamics,3,0.6,1.8294732983598407,2,0,0,0,0,3
4579,15,3,6,6,12,0.8,0.4,0.4,Temporal_Sequential_Context,2,0.3333333333333333,2.155913095175825,0,0,2,2,2,0
4580,15,6,5,4,9,0.6,0.3333333333333333,0.26666666666666666,Temporal_Sequential_Context,2,0.5,1.8322628970242685,2,0,0,0,2,0
4581,15,3,10,2,12,0.8,0.6666666666666666,0.13333333333333333,Curvature_Geometry,1,0.5,1.3752793655393791,1,1,0,0,0,0
4582,15,6,4,5,9,0.6,0.26666666666666666,0.3333333333333333,Speed_Dynamics,4,0.8,1.8062389286533893,1,0,0,4,0,0
4583,15,10,1,4,5,0.3333333333333333,0.06666666666666667,0.26666666666666666,Speed_Dynamics,4,1.0,1.158938532350277,0,0,0,4,0,0
4584,15,1,7,7,14,0.9333333333333333,0.4666666666666667,0.4666666666666667,Turning_Dynamics,2,0.2857142857142857,2.196791631981637,2,2,1,0,0,2
4585,15,3,6,6,12,0.8,0.4,0.4,Speed_Dynamics,3,0.5,1.9219280948873623,0,0,3,3,0,0
4586,15,1,7,7,14,0.9333333333333333,0.4666666666666667,0.4666666666666667,Temporal_Sequential_Context,2,0.2857142857142857,2.1967916319816365,0,1,2,2,2,0
4587,15,6,3,6,9,0.6,0.2,0.4,Speed_Dynamics,4,0.6666666666666666,1.8892464285091581,0,0,0,4,0,2
4588,15,0,11,4,15,1.0,0.7333333333333333,0.26666666666666666,Temporal_Sequential_Context,1,0.25,1.3699740752745009,1,1,0,1,1,0
4589,15,1,9,5,14,0.9333333333333333,0.6,0.3333333333333333,Temporal_Sequential_Context,2,0.4,1.7382689280764645,0,0,0,2,2,1
4590,15,1,6,8,14,0.9333333333333333,0.4,0.5333333333333333,Turning_Dynamics,2,0.25,2.339572261986723,2,2,0,2,0,2
4591,15,0,15,0,15,1.0,1.0,0.0,,0,0.0,0.0,0,0,0,0,0,0
4592,15,0,12,3,15,1.0,0.8,0.2,Speed_Dynamics,1,0.3333333333333333,1.0389205950315936,0,1,1,1,0,0
4593,15,1,11,3,14,0.9333333333333333,0.7333333333333333,0.2,Turning_Dynamics,1,0.3333333333333333,1.3699740752745009,1,0,0,1,0,1
4594,15,3,8,4,12,0.8,0.5333333333333333,0.26666666666666666,Acceleration_Dynamics,2,0.5,1.8565647621309542,2,0,1,0,0,1
4595,15,6,4,5,9,0.6,0.26666666666666666,0.3333333333333333,Speed_Dynamics,3,0.6,1.8892464285091581,0,0,0,3,2,0
4596,15,3,7,5,12,0.8,0.4666666666666667,0.3333333333333333,Speed_Dynamics,2,0.4,2.0131324651707385,0,0,2,2,0,1
4597,15,0,14,1,15,1.0,0.9333333333333333,0.06666666666666667,Turning_Dynamics,1,1.0,0.35335933502142136,0,0,0,0,0,1
4598,15,1,14,0,14,0.9333333333333333,0.9333333333333333,0.0,,0,0.0,0.35335933502142136,0,0,0,0,0,0
4599,15,3,8,4,12,0.8,0.5333333333333333,0.26666666666666666,Turning_Dynamics,2,0.5,1.856564762130954,1,0,0,1,0,2
4600,15,10,5,0,5,0.3333333333333333,0.3333333333333333,0.0,,0,0.0,0.9182958340544896,0,0,0,0,0,0
4601,15,1,6,8,14,0.9333333333333333,0.4,0.5333333333333333,Turning_Dynamics,2,0.25,2.339572261986723,2,0,2,0,2,2
4602,15,3,8,4,12,0.8,0.5333333333333333,0.26666666666666666,Speed_Dynamics,3,0.75,1.672905595320056,0,0,1,3,0,0
4603,15,1,10,4,14,0.9333333333333333,0.6666666666666666,0.26666666666666666,Turning_Dynamics,2,0.5,1.4256051990169436,0,0,0,2,0,2
4604,15,10,3,2,5,0.3333333333333333,0.2,0.13333333333333333,Acceleration_Dynamics,2,1.0,1.2419460322060458,2,0,0,0,0,0
4605,15,1,8,6,14,0.9333333333333333,0.5333333333333333,0.4,Turning_Dynamics,2,0.3333333333333333,1.9068905956085187,0,2,0,0,2,2
4606,15,3,8,4,12,0.8,0.5333333333333333,0.26666666666666666,Turning_Dynamics,2,0.5,1.856564762130954,0,0,1,1,0,2
4607,15,6,6,3,9,0.6,0.4,0.2,Acceleration_Dynamics,2,0.6666666666666666,1.7055872616982601,2,0,0,0,1,0
4608,15,3,6,6,12,0.8,0.4,0.4,Curvature_Geometry,3,0.5,1.9219280948873623,3,3,0,0,0,0
4609,15,6,3,6,9,0.6,0.2,0.4,Turning_Dynamics,4,0.6666666666666666,1.8892464285091581,0,0,0,2,0,4
4610,15,3,9,3,12,0.8,0.6,0.2,Turning_Dynamics,1,0.3333333333333333,1.6879430945989,1,1,0,0,0,1
4611,15,10,2,3,5,0.3333333333333333,0.13333333333333333,0.2,Temporal_Sequential_Context,3,1.0,1.2419460322060458,0,0,0,0,3,0
4612,15,3,6,6,12,0.8,0.4,0.4,Temporal_Sequential_Context,2,0.3333333333333333,2.155913095175825,0,0,2,2,2,0
4613,15,1,14,0,14,0.9333333333333333,0.9333333333333333,0.0,,0,0.0,0.35335933502142136,0,0,0,0,0,0
4614,15,3,12,0,12,0.8,0.8,0.0,,0,0.0,0.7219280948873623,0,0,0,0,0,0
4615,15,3,7,5,12,0.8,0.4666666666666667,0.3333333333333333,Speed_Dynamics,2,0.4,2.0131324651707385,2,0,0,2,0,1
4616,15,3,7,5,12,0.8,0.4666666666666667,0.3333333333333333,Speed_Dynamics,2,0.4,2.0131324651707385,2,0,0,2,1,0
4617,15,3,6,6,12,0.8,0.4,0.4,Speed_Dynamics,3,0.5,2.1055872616982603,0,1,2,3,0,0
4618,15,1,10,4,14,0.9333333333333333,0.6666666666666666,0.26666666666666666,Speed_Dynamics,2,0.5,1.4256051990169438,2,0,0,2,0,0
4619,15,6,6,3,9,0.6,0.4,0.2,Turning_Dynamics,2,0.6666666666666666,1.7055872616982601,1,0,0,0,0,2
4620,15,6,4,5,9,0.6,0.26666666666666666,0.3333333333333333,Speed_Dynamics,4,0.8,1.8062389286533893,1,0,0,4,0,0
4621,15,0,15,0,15,1.0,1.0,0.0,,0,0.0,0.0,0,0,0,0,0,0
4622,15,1,9,5,14,0.9333333333333333,0.6,0.3333333333333333,Turning_Dynamics,2,0.4,1.7382689280764645,0,1,2,0,0,2
4623,15,0,10,5,15,1.0,0.6666666666666666,0.3333333333333333,Temporal_Sequential_Context,1,0.2,1.6922718656836107,1,1,1,1,1,0
4624,15,0,13,2,15,1.0,0.8666666666666667,0.13333333333333333,Temporal_Sequential_Context,1,0.5,0.6998428398862386,0,0,1,0,1,0
4625,15,0,15,0,15,1.0,1.0,0.0,,0,0.0,0.0,0,0,0,0,0,0
4626,15,0,13,2,15,1.0,0.8666666666666667,0.13333333333333333,Temporal_Sequential_Context,1,0.5,0.6998428398862386,1,0,0,0,1,0
4627,15,6,4,5,9,0.6,0.26666666666666666,0.3333333333333333,Temporal_Sequential_Context,3,0.6,1.8892464285091581,0,0,0,2,3,0
4628,15,0,15,0,15,1.0,1.0,0.0,,0,0.0,0.0,0,0,0,0,0,0
4629,15,0,13,2,15,1.0,0.8666666666666667,0.13333333333333333,Spatial_Reach_and_Route,1,0.5,0.6998428398862386,0,1,1,0,0,0
4630,15,10,4,1,5,0.3333333333333333,0.26666666666666666,0.06666666666666667,Turning_Dynamics,1,1.0,1.158938532350277,0,0,0,0,0,1
4631,15,10,2,3,5,0.3333333333333333,0.13333333333333333,0.2,Turning_Dynamics,3,1.0,1.2419460322060458,0,0,0,0,0,3
4632,15,3,6,6,12,0.8,0.4,0.4,Turning_Dynamics,3,0.5,1.9219280948873623,3,0,0,0,0,3
4633,15,3,8,4,12,0.8,0.5333333333333333,0.26666666666666666,Curvature_Geometry,3,0.75,1.6729055953200562,0,3,0,0,0,1
4634,15,10,0,5,5,0.3333333333333333,0.0,0.3333333333333333,Acceleration_Dynamics,5,1.0,0.9182958340544896,5,0,0,0,0,0
4635,15,6,4,5,9,0.6,0.26666666666666666,0.3333333333333333,Temporal_Sequential_Context,4,0.8,1.8062389286533895,0,0,0,1,4,0
4636,15,3,9,3,12,0.8,0.6,0.2,Speed_Dynamics,3,1.0,1.3709505944546687,0,0,0,3,0,0
4637,15,6,3,6,9,0.6,0.2,0.4,Spatial_Reach_and_Route,3,0.5,1.9219280948873623,3,0,3,0,0,0
4638,15,6,3,6,9,0.6,0.2,0.4,Speed_Dynamics,4,0.6666666666666666,1.8892464285091581,0,2,0,4,0,0
4639,15,1,9,5,14,0.9333333333333333,0.6,0.3333333333333333,Spatial_Reach_and_Route,2,0.4,1.8716022614097982,0,1,2,1,1,0
4640,15,6,6,3,9,0.6,0.4,0.2,Spatial_Reach_and_Route,2,0.6666666666666666,1.7055872616982601,0,0,2,1,0,0
4641,15,3,6,6,12,0.8,0.4,0.4,Temporal_Sequential_Context,2,0.3333333333333333,2.155913095175825,2,0,2,0,2,0
4642,15,0,11,4,15,1.0,0.7333333333333333,0.26666666666666666,Turning_Dynamics,1,0.25,1.3699740752745009,0,1,1,0,1,1
4643,15,0,11,4,15,1.0,0.7333333333333333,0.26666666666666666,Turning_Dynamics,1,0.25,1.3699740752745009,1,0,1,0,1,1
4644,15,0,15,0,15,1.0,1.0,0.0,,0,0.0,0.0,0,0,0,0,0,0
4645,15,1,8,6,14,0.9333333333333333,0.5333333333333333,0.4,Turning_Dynamics,2,0.3333333333333333,1.9068905956085187,2,0,0,2,0,2
4646,15,6,5,4,9,0.6,0.3333333333333333,0.26666666666666666,Speed_Dynamics,3,0.75,1.781937063546704,1,0,0,3,0,0
4647,15,6,8,1,9,0.6,0.5333333333333333,0.06666666666666667,Speed_Dynamics,1,1.0,1.272905595320056,0,0,0,1,0,0
4648,15,3,12,0,12,0.8,0.8,0.0,,0,0.0,0.7219280948873623,0,0,0,0,0,0
4649,15,6,3,6,9,0.6,0.2,0.4,Turning_Dynamics,3,0.5,1.9219280948873623,0,0,0,3,0,3
4650,15,6,7,2,9,0.6,0.4666666666666667,0.13333333333333333,Speed_Dynamics,2,1.0,1.4294732983598406,0,0,0,2,0,0
4651,15,1,10,4,14,0.9333333333333333,0.6666666666666666,0.26666666666666666,Speed_Dynamics,2,0.5,1.4256051990169438,2,0,0,2,0,0
4652,15,1,13,1,14,0.9333333333333333,0.8666666666666667,0.06666666666666667,Curvature_Geometry,1,1.0,0.6998428398862386,0,1,0,0,0,0
4653,15,1,14,0,14,0.9333333333333333,0.9333333333333333,0.0,,0,0.0,0.35335933502142136,0,0,0,0,0,0
4654,15,3,6,6,12,0.8,0.4,0.4,Turning_Dynamics,2,0.3333333333333333,2.155913095175825,2,0,2,0,0,2
4655,15,6,7,2,9,0.6,0.4666666666666667,0.13333333333333333,Speed_Dynamics,2,1.0,1.4294732983598406,0,0,0,2,0,0
4656,15,6,9,0,9,0.6,0.6,0.0,,0,0.0,0.9709505944546686,0,0,0,0,0,0
4657,15,0,15,0,15,1.0,1.0,0.0,,0,0.0,0.0,0,0,0,0,0,0
4658,15,6,4,5,9,0.6,0.26666666666666666,0.3333333333333333,Temporal_Sequential_Context,4,0.8,1.8062389286533895,0,0,0,1,4,0
4659,15,3,11,1,12,0.8,0.7333333333333333,0.06666666666666667,Spatial_Reach_and_Route,1,1.0,1.0529815751302694,0,0,1,0,0,0
4660,15,1,10,4,14,0.9333333333333333,0.6666666666666666,0.26666666666666666,Acceleration_Dynamics,2,0.5,1.5589385323502774,2,0,1,1,0,0
4661,15,3,9,3,12,0.8,0.6,0.2,Speed_Dynamics,1,0.3333333333333333,1.6879430945989,0,1,1,1,0,0
4662,15,3,6,6,12,0.8,0.4,0.4,Temporal_Sequential_Context,3,0.5,1.9219280948873623,0,0,0,3,3,0
4663,15,1,9,5,14,0.9333333333333333,0.6,0.3333333333333333,Temporal_Sequential_Context,2,0.4,1.7382689280764645,0,0,1,2,2,0
4664,15,6,5,4,9,0.6,0.3333333333333333,0.26666666666666666,Speed_Dynamics,2,0.5,1.8322628970242685,0,0,2,2,0,0
4665,15,3,6,6,12,0.8,0.4,0.4,Speed_Dynamics,3,0.5,1.9219280948873623,0,3,0,3,0,0
4666,15,1,10,4,14,0.9333333333333333,0.6666666666666666,0.26666666666666666,Speed_Dynamics,2,0.5,1.4256051990169438,2,0,0,2,0,0
4667,15,3,5,7,12,0.8,0.3333333333333333,0.4666666666666667,Temporal_Sequential_Context,3,0.42857142857142855,2.181937063546704,0,0,0,3,3,1
4668,15,1,14,0,14,0.9333333333333333,0.9333333333333333,0.0,,0,0.0,0.35335933502142136,0,0,0,0,0,0
4669,15,10,0,5,5,0.3333333333333333,0.0,0.3333333333333333,Speed_Dynamics,5,1.0,0.9182958340544896,0,0,0,5,0,0
4670,15,10,4,1,5,0.3333333333333333,0.26666666666666666,0.06666666666666667,Turning_Dynamics,1,1.0,1.158938532350277,0,0,0,0,0,1
