trajectory_id,n_pair_labels,n_normal,n_hybrid,n_uncommon,non_normal_count,non_normal_ratio,hybrid_ratio,uncommon_ratio,dominant_uncommon_node,dominant_uncommon_node_count,dominant_uncommon_node_ratio,fingerprint_entropy,count_uncommon_Acceleration,count_uncommon_Curvature,count_uncommon_Displacement,count_uncommon_Duration,count_uncommon_Extent,count_uncommon_Geometric,count_uncommon_Indentation,count_uncommon_Kinematic,count_uncommon_Localization,count_uncommon_Path_Evolution,count_uncommon_Phase_Change,count_uncommon_Sampling_Gaps,count_uncommon_Sequence_Complexity,count_uncommon_Spatial_Context,count_uncommon_SpatioTemporal_Dynamics,count_uncommon_Speed,count_uncommon_Temporal
1,76,21,44,11,55,0.7236842105263158,0.5789473684210527,0.14473684210526316,Duration,6,0.5454545454545454,1.6694613015656643,0,0,1,6,1,0,0,0,1,0,1,0,1,0,0,0,0
2,76,24,27,25,52,0.6842105263157895,0.35526315789473684,0.32894736842105265,Localization,6,0.24,2.409700209616406,0,3,0,0,6,1,6,0,6,1,0,0,0,2,0,0,0
3,76,0,74,2,76,1.0,0.9736842105263158,0.02631578947368421,Path_Evolution,1,0.5,0.20188081533118699,0,0,1,0,0,0,0,0,0,1,0,0,0,0,0,0,0
4,76,9,58,9,67,0.881578947368421,0.7631578947368421,0.11842105263157894,Speed,4,0.4444444444444444,1.2440824775175328,0,0,0,2,0,0,0,2,0,0,0,1,0,0,0,4,0
5,76,4,57,15,72,0.9473684210526315,0.75,0.19736842105263158,Spatial_Context,2,0.13333333333333333,1.6890494765042392,2,1,0,1,1,2,1,0,1,1,1,1,0,2,1,0,0
6,76,46,9,21,30,0.39473684210526316,0.11842105263157894,0.27631578947368424,Speed,8,0.38095238095238093,1.7508954812023543,0,0,0,0,0,0,0,0,7,0,0,0,6,0,0,8,0
7,76,10,49,17,66,0.868421052631579,0.6447368421052632,0.2236842105263158,Displacement,5,0.29411764705882354,1.7800414047673687,5,0,5,0,1,0,4,0,1,0,1,0,0,0,0,0,0
8,76,21,36,19,55,0.7236842105263158,0.47368421052631576,0.25,Path_Evolution,6,0.3157894736842105,2.1608139813808536,0,1,2,0,0,0,0,0,3,6,0,0,1,0,4,2,0
9,76,15,40,21,61,0.8026315789473685,0.5263157894736842,0.27631578947368424,Extent,6,0.2857142857142857,2.2512808655999983,0,2,0,3,6,1,4,0,0,0,0,2,0,1,1,0,1
10,76,1,67,8,75,0.9868421052631579,0.881578947368421,0.10526315789473684,Path_Evolution,2,0.25,0.7949278323821282,0,2,2,0,0,0,0,0,2,2,0,0,0,0,0,0,0
11,76,3,55,18,73,0.9605263157894737,0.7236842105263158,0.23684210526315788,Phase_Change,3,0.16666666666666666,1.8599727864938056,2,1,0,2,1,1,1,1,0,2,3,1,0,0,1,1,1
12,76,15,32,29,61,0.8026315789473685,0.42105263157894735,0.3815789473684211,Localization,6,0.20689655172413793,2.607895158819434,6,0,6,0,0,0,0,1,6,3,2,0,0,1,0,3,1
13,76,4,58,14,72,0.9473684210526315,0.7631578947368421,0.18421052631578946,Spatial_Context,3,0.21428571428571427,1.5569040237124974,1,0,2,1,0,0,0,1,1,1,1,2,0,3,0,1,0
14,76,10,46,20,66,0.868421052631579,0.6052631578947368,0.2631578947368421,Path_Evolution,5,0.25,2.1832857844707827,2,0,2,0,0,0,0,1,2,5,1,0,2,1,1,2,1
15,76,11,33,32,65,0.8552631578947368,0.4342105263157895,0.42105263157894735,Speed,4,0.125,2.8101164444172344,0,0,0,4,4,0,0,1,4,4,0,4,3,2,2,4,0
16,76,21,36,19,55,0.7236842105263158,0.47368421052631576,0.25,Acceleration,6,0.3157894736842105,2.1033859816887452,6,1,0,0,0,0,5,0,0,3,3,0,0,0,0,0,1
17,76,6,47,23,70,0.9210526315789473,0.618421052631579,0.3026315789473684,SpatioTemporal_Dynamics,3,0.13043478260869565,2.243323716812096,3,0,1,2,2,0,1,1,3,3,3,0,0,0,3,1,0
18,76,11,43,22,65,0.8552631578947368,0.5657894736842105,0.2894736842105263,Localization,4,0.18181818181818182,2.26249452316033,4,2,0,0,3,0,0,1,4,2,0,3,0,1,0,2,0
19,76,18,38,20,58,0.7631578947368421,0.5,0.2631578947368421,Phase_Change,4,0.2,2.175566387845273,0,3,3,0,4,0,0,0,0,0,4,3,0,0,0,3,0
20,76,34,32,10,42,0.5526315789473685,0.42105263157894735,0.13157894736842105,Extent,6,0.6,1.6363023607220266,0,1,1,0,6,0,0,0,2,0,0,0,0,0,0,0,0
21,76,24,43,9,52,0.6842105263157895,0.5657894736842105,0.11842105263157894,Extent,5,0.5555555555555556,1.5771627115497067,0,0,0,1,5,0,1,0,1,0,0,0,1,0,0,0,0
22,76,9,49,18,67,0.881578947368421,0.6447368421052632,0.23684210526315788,Speed,4,0.2222222222222222,1.9367418900932432,1,2,1,0,0,0,0,2,4,0,2,0,0,0,0,4,2
23,76,3,51,22,73,0.9605263157894737,0.6710526315789473,0.2894736842105263,Sampling_Gaps,3,0.13636363636363635,2.039729915370861,1,0,1,3,3,1,3,0,0,0,3,3,0,1,1,2,0
24,76,18,31,27,58,0.7631578947368421,0.40789473684210525,0.35526315789473684,Speed,6,0.2222222222222222,2.439602208609033,6,0,3,0,0,0,0,3,0,6,0,0,0,0,3,6,0
25,76,21,34,21,55,0.7236842105263158,0.4473684210526316,0.27631578947368424,Localization,6,0.2857142857142857,2.1861334879668815,0,1,0,5,0,0,0,0,6,1,0,5,0,0,0,3,0
26,76,16,31,29,60,0.7894736842105263,0.40789473684210525,0.3815789473684211,Sampling_Gaps,6,0.20689655172413793,2.61873124266042,0,0,2,6,0,0,0,1,0,5,5,6,0,0,2,1,1
27,76,18,26,32,58,0.7631578947368421,0.34210526315789475,0.42105263157894735,Sequence_Complexity,6,0.1875,2.720768694797517,2,0,0,6,0,3,6,0,0,2,0,6,6,0,1,0,0
28,76,27,24,25,49,0.6447368421052632,0.3157894736842105,0.32894736842105265,Extent,6,0.24,2.4032498807259706,0,0,0,6,6,0,0,0,4,0,0,4,0,3,0,2,0
29,76,13,26,37,63,0.8289473684210527,0.34210526315789475,0.4868421052631579,Localization,5,0.13513513513513514,3.0024558629812166,0,0,5,0,5,0,0,0,5,4,0,4,4,3,3,4,0
30,76,31,27,18,45,0.5921052631578947,0.35526315789473684,0.23684210526315788,Speed,5,0.2777777777777778,2.107255090632963,0,0,1,0,0,0,1,3,0,5,0,0,0,0,3,5,0
31,76,18,43,15,58,0.7631578947368421,0.5657894736842105,0.19736842105263158,Indentation,6,0.4,1.860985612301405,3,0,1,0,0,3,6,0,1,1,0,0,0,0,0,0,0
32,76,27,27,22,49,0.6447368421052632,0.35526315789473684,0.2894736842105263,Localization,7,0.3181818181818182,2.2164856973611164,0,0,2,0,5,0,3,0,7,0,0,5,0,0,0,0,0
33,76,10,42,24,66,0.868421052631579,0.5526315789473685,0.3157894736842105,Duration,5,0.20833333333333334,2.299754609730667,0,0,0,5,0,0,0,1,4,3,4,4,0,1,1,0,1
34,76,24,37,15,52,0.6842105263157895,0.4868421052631579,0.19736842105263158,Localization,7,0.4666666666666667,1.926343842391189,0,0,1,0,0,0,0,0,7,2,0,0,0,1,2,2,0
35,76,11,45,20,65,0.8552631578947368,0.5921052631578947,0.2631578947368421,Phase_Change,4,0.2,2.1697429786803077,2,2,0,2,2,0,0,0,0,3,4,2,0,1,2,0,0
36,76,13,42,21,63,0.8289473684210527,0.5526315789473685,0.27631578947368424,Temporal,3,0.14285714285714285,2.259606814686705,0,0,3,3,0,0,0,1,1,1,3,3,0,0,0,3,3
37,76,21,47,8,55,0.7236842105263158,0.618421052631579,0.10526315789473684,Localization,3,0.375,1.5366218633203435,0,0,0,0,1,0,1,0,3,1,0,0,0,0,1,1,0
38,76,9,56,11,67,0.881578947368421,0.7368421052631579,0.14473684210526316,Sampling_Gaps,3,0.2727272727272727,1.468309412752354,0,3,0,1,0,0,1,0,1,1,0,3,0,0,1,0,0
39,76,29,17,30,47,0.618421052631579,0.2236842105263158,0.39473684210526316,Indentation,8,0.26666666666666666,2.4942311115593934,5,0,0,0,7,1,8,0,0,0,0,0,7,1,0,0,1
40,76,21,27,28,55,0.7236842105263158,0.35526315789473684,0.3684210526315789,Acceleration,7,0.25,2.499226153255934,7,0,0,0,5,0,0,1,6,2,0,0,0,0,0,6,1
41,76,13,42,21,63,0.8289473684210527,0.5526315789473685,0.27631578947368424,Speed,5,0.23809523809523808,2.2419097361610945,1,0,3,1,0,0,0,2,0,3,1,3,0,0,2,5,0
42,76,21,48,7,55,0.7236842105263158,0.631578947368421,0.09210526315789473,Sampling_Gaps,3,0.42857142857142855,1.3917202316655206,0,0,0,2,0,0,0,0,0,0,0,3,0,0,0,2,0
43,76,6,63,7,70,0.9210526315789473,0.8289473684210527,0.09210526315789473,Displacement,3,0.42857142857142855,1.0264367544043074,0,0,3,0,0,1,1,0,0,0,0,0,1,1,0,0,0
44,76,18,33,25,58,0.7631578947368421,0.4342105263157895,0.32894736842105265,Sequence_Complexity,6,0.24,2.447823980812864,3,0,0,0,3,2,6,0,1,0,1,0,6,3,0,0,0
45,76,18,29,29,58,0.7631578947368421,0.3815789473684211,0.3815789473684211,Sequence_Complexity,6,0.20689655172413793,2.5803737449681585,3,2,6,0,3,0,0,0,0,0,6,0,6,0,0,0,3
46,76,10,41,25,66,0.868421052631579,0.5394736842105263,0.32894736842105265,Phase_Change,5,0.2,2.384664762240749,1,0,4,0,5,0,0,1,0,1,5,0,3,0,1,3,1
47,76,15,29,32,61,0.8026315789473685,0.3815789473684211,0.42105263157894735,Speed,6,0.1875,2.741631115384134,6,0,4,0,5,0,0,1,0,3,5,0,0,0,1,6,1
48,76,11,53,12,65,0.8552631578947368,0.6973684210526315,0.15789473684210525,Displacement,5,0.4166666666666667,1.5473594559265242,2,0,5,0,1,0,1,0,0,1,2,0,0,0,0,0,0
49,76,34,27,15,42,0.5526315789473685,0.35526315789473684,0.19736842105263158,Displacement,7,0.4666666666666667,1.82007279476391,1,1,7,0,6,0,0,0,0,0,0,0,0,0,0,0,0
50,76,16,26,34,60,0.7894736842105263,0.34210526315789475,0.4473684210526316,Speed,5,0.14705882352941177,2.828594940834516,0,0,0,0,5,0,5,0,0,5,0,5,5,2,2,5,0
51,76,16,34,26,60,0.7894736842105263,0.4473684210526316,0.34210526315789475,Phase_Change,5,0.19230769230769232,2.556040972957423,0,4,0,0,0,2,0,0,2,2,5,4,0,0,1,4,2
52,76,55,14,7,21,0.27631578947368424,0.18421052631578946,0.09210526315789473,Acceleration,5,0.7142857142857143,1.1836197025606967,5,0,0,0,0,0,0,0,0,2,0,0,0,0,0,0,0
53,76,39,27,10,37,0.4868421052631579,0.35526315789473684,0.13157894736842105,Speed,4,0.4,1.6622347622061995,2,0,0,0,0,0,0,2,0,0,0,0,0,0,0,4,2
54,76,22,29,25,54,0.7105263157894737,0.3815789473684211,0.32894736842105265,Indentation,7,0.28,2.3294842452613023,0,0,0,7,0,2,7,0,0,0,0,6,2,0,0,0,1
55,76,39,22,15,37,0.4868421052631579,0.2894736842105263,0.19736842105263158,Sequence_Complexity,5,0.3333333333333333,1.9078245842319403,0,0,0,0,0,0,0,0,0,2,4,0,5,0,2,0,2
56,76,37,24,15,39,0.5131578947368421,0.3157894736842105,0.19736842105263158,Displacement,8,0.5333333333333333,1.8691265325807052,0,0,8,0,0,0,0,0,0,2,2,0,0,2,0,0,1
57,76,15,37,24,61,0.8026315789473685,0.4868421052631579,0.3157894736842105,Phase_Change,6,0.25,2.400918520403418,2,0,0,0,0,1,4,1,0,6,6,0,1,0,1,1,1
58,76,31,37,8,45,0.5921052631578947,0.4868421052631579,0.10526315789473684,Sequence_Complexity,3,0.375,1.5757597811747994,0,0,0,0,0,0,0,0,0,2,0,0,3,0,2,0,1
59,76,42,23,11,34,0.4473684210526316,0.3026315789473684,0.14473684210526316,Phase_Change,6,0.5454545454545454,1.6060338390684588,0,0,0,0,0,0,0,0,0,2,6,0,0,0,0,3,0
60,76,46,23,7,30,0.39473684210526316,0.3026315789473684,0.09210526315789473,Acceleration,5,0.7142857142857143,1.3829878365702866,5,0,0,0,0,0,0,1,0,1,0,0,0,0,0,0,0
61,76,39,31,6,37,0.4868421052631579,0.40789473684210525,0.07894736842105263,Indentation,5,0.8333333333333334,1.3621326103901954,0,0,0,0,0,1,5,0,0,0,0,0,0,0,0,0,0
62,76,42,22,12,34,0.4473684210526316,0.2894736842105263,0.15789473684210525,Indentation,7,0.5833333333333334,1.6658707789550105,0,0,0,0,0,2,7,0,0,1,0,0,2,0,0,0,0
63,76,22,45,9,54,0.7105263157894737,0.5921052631578947,0.11842105263157894,Sampling_Gaps,6,0.6666666666666666,1.5012083035859167,1,1,0,0,0,0,0,0,0,0,0,6,0,0,0,0,1
64,76,22,26,28,54,0.7105263157894737,0.34210526315789475,0.3684210526315789,Sampling_Gaps,7,0.25,2.5531994323988143,0,0,0,0,0,0,0,2,5,0,5,7,5,0,2,0,2
65,76,15,57,4,61,0.8026315789473685,0.75,0.05263157894736842,Spatial_Context,1,0.25,1.1021631747394005,1,0,1,0,0,0,0,1,0,0,0,0,0,1,0,0,0
66,76,29,39,8,47,0.618421052631579,0.5131578947368421,0.10526315789473684,Speed,2,0.25,1.6030309950971737,2,0,0,0,0,0,2,0,0,0,0,0,0,0,1,2,1
67,76,61,7,8,15,0.19736842105263158,0.09210526315789473,0.10526315789473684,Extent,6,0.75,0.9987664996269245,0,0,0,0,6,0,0,0,0,0,0,0,0,0,0,0,2
68,76,34,29,13,42,0.5526315789473685,0.3815789473684211,0.17105263157894737,Extent,6,0.46153846153846156,1.7463505665001442,0,0,0,0,6,0,0,0,3,0,0,0,4,0,0,0,0
69,76,18,41,17,58,0.7631578947368421,0.5394736842105263,0.2236842105263158,Localization,6,0.35294117647058826,2.0607162342379275,0,1,0,0,2,0,0,0,6,1,1,0,2,0,2,0,2
70,76,24,31,21,52,0.6842105263157895,0.40789473684210525,0.27631578947368424,Displacement,7,0.3333333333333333,2.165161459465191,0,3,7,0,6,2,0,0,0,0,0,0,0,3,0,0,0
71,76,10,37,29,66,0.868421052631579,0.4868421052631579,0.3815789473684211,Sequence_Complexity,5,0.1724137931034483,2.5169687713038664,4,5,0,0,0,1,2,0,5,0,4,3,5,0,0,0,0
72,76,27,32,17,49,0.6447368421052632,0.42105263157894735,0.2236842105263158,Extent,6,0.35294117647058826,1.9762613941685323,0,4,0,0,6,0,0,0,4,0,0,0,3,0,0,0,0
73,76,16,44,16,60,0.7894736842105263,0.5789473684210527,0.21052631578947367,Sequence_Complexity,6,0.375,1.9258268065155395,0,1,3,0,1,0,0,0,2,0,0,0,6,0,2,1,0
74,76,24,42,10,52,0.6842105263157895,0.5526315789473685,0.13157894736842105,Temporal,3,0.3,1.6785680492833335,0,0,2,0,0,0,2,0,2,0,0,0,0,1,0,0,3
75,76,24,37,15,52,0.6842105263157895,0.4868421052631579,0.19736842105263158,Displacement,4,0.26666666666666666,2.0270212694228107,0,2,4,0,2,2,0,0,1,0,0,0,2,0,0,0,2
76,76,34,19,23,42,0.5526315789473685,0.25,0.3026315789473684,Sampling_Gaps,6,0.2608695652173913,2.208867357218797,2,0,0,0,0,0,0,0,0,6,6,6,0,0,0,0,3
77,76,22,40,14,54,0.7105263157894737,0.5263157894736842,0.18421052631578946,Path_Evolution,4,0.2857142857142857,1.8402351528447034,0,0,4,0,0,0,0,0,4,4,0,0,0,1,1,0,0
78,76,37,25,14,39,0.5131578947368421,0.32894736842105265,0.18421052631578946,Extent,7,0.5,1.836709734111928,0,2,0,0,7,0,0,0,3,0,0,0,0,1,1,0,0
79,76,6,56,14,70,0.9210526315789473,0.7368421052631579,0.18421052631578946,Speed,4,0.2857142857142857,1.5542215839757856,1,1,0,0,1,0,0,0,1,1,0,0,4,1,0,4,0
80,76,29,43,4,47,0.618421052631579,0.5657894736842105,0.05263157894736842,Indentation,3,0.75,1.2615364501139372,0,0,1,0,0,0,3,0,0,0,0,0,0,0,0,0,0
81,76,16,38,22,60,0.7894736842105263,0.5,0.2894736842105263,Speed,6,0.2727272727272727,2.2321948421057756,3,2,0,0,2,0,0,1,0,0,6,2,0,0,0,6,0
82,76,39,29,8,37,0.4868421052631579,0.3815789473684211,0.10526315789473684,Temporal,3,0.375,1.566782475331865,0,0,2,0,0,0,0,0,0,0,0,0,1,2,0,0,3
83,76,29,41,6,47,0.618421052631579,0.5394736842105263,0.07894736842105263,Indentation,4,0.6666666666666666,1.3723869733377825,0,2,0,0,0,0,4,0,0,0,0,0,0,0,0,0,0
84,76,18,54,4,58,0.7631578947368421,0.7105263157894737,0.05263157894736842,Kinematic,3,0.75,1.1087503733784223,0,0,0,0,0,0,0,3,0,1,0,0,0,0,0,0,0
85,76,31,27,18,45,0.5921052631578947,0.35526315789473684,0.23684210526315788,Duration,8,0.4444444444444444,1.9640895048272224,1,0,0,8,5,0,0,0,0,0,4,0,0,0,0,0,0
86,76,38,35,3,38,0.5,0.4605263157894737,0.039473684210526314,Extent,2,0.6666666666666666,1.2354781568129267,0,0,1,0,2,0,0,0,0,0,0,0,0,0,0,0,0
87,76,37,26,13,39,0.5131578947368421,0.34210526315789475,0.17105263157894737,Phase_Change,3,0.23076923076923078,1.863376596253718,3,0,0,0,0,0,0,2,3,0,3,0,0,0,0,0,2
88,76,11,54,11,65,0.8552631578947368,0.7105263157894737,0.14473684210526316,Displacement,5,0.45454545454545453,1.4528312845452382,0,0,5,0,0,0,2,0,0,1,0,0,2,0,0,1,0
89,76,16,42,18,60,0.7894736842105263,0.5526315789473685,0.23684210526315788,Sequence_Complexity,6,0.3333333333333333,1.9162645172605788,0,0,0,0,0,0,0,0,0,1,5,5,6,0,1,0,0
90,76,22,36,18,54,0.7105263157894737,0.47368421052631576,0.23684210526315788,Sequence_Complexity,5,0.2777777777777778,1.9872879793986158,0,5,3,0,0,0,5,0,0,0,0,0,5,0,0,0,0
91,76,16,60,0,60,0.7894736842105263,0.7894736842105263,0.0,,0,0.0,0.7424875695421236,0,0,0,0,0,0,0,0,0,0,0,0,0,0,0,0,0
92,76,24,43,9,52,0.6842105263157895,0.5657894736842105,0.11842105263157894,Speed,5,0.5555555555555556,1.5245311326023385,0,0,0,0,0,0,0,2,0,0,0,0,0,2,0,5,0
93,76,39,24,13,37,0.4868421052631579,0.3157894736842105,0.17105263157894737,Phase_Change,4,0.3076923076923077,1.8310911771638174,0,0,3,0,0,0,0,0,0,0,4,0,3,1,2,0,0
94,76,29,34,13,47,0.618421052631579,0.4473684210526316,0.17105263157894737,Displacement,5,0.38461538461538464,1.8865482248166385,0,0,5,0,2,0,0,0,0,2,0,0,1,2,0,0,1
95,76,39,27,10,37,0.4868421052631579,0.35526315789473684,0.13157894736842105,Displacement,8,0.8,1.5043400253640944,0,0,8,0,0,0,0,0,0,0,0,0,0,2,0,0,0
96,76,3,54,19,73,0.9605263157894737,0.7105263157894737,0.25,Sequence_Complexity,3,0.15789473684210525,1.8659724131367732,1,3,2,2,1,0,0,0,0,2,0,1,3,1,1,2,0
97,76,1,72,3,75,0.9868421052631579,0.9473684210526315,0.039473684210526314,Localization,1,0.3333333333333333,0.40273540681402653,1,0,1,0,0,0,0,0,1,0,0,0,0,0,0,0,0
98,76,10,35,31,66,0.868421052631579,0.4605263157894737,0.40789473684210525,Speed,5,0.16129032258064516,2.6848697645734347,5,5,0,0,1,0,0,1,5,5,1,0,0,1,1,5,1
99,76,27,40,9,49,0.6447368421052632,0.5263157894736842,0.11842105263157894,Duration,4,0.4444444444444444,1.5997816403658467,0,0,0,4,1,0,0,0,2,0,0,2,0,0,0,0,0
100,76,29,26,21,47,0.618421052631579,0.34210526315789475,0.27631578947368424,Phase_Change,8,0.38095238095238093,2.1546001248861124,1,0,0,0,0,0,0,1,0,8,8,0,1,0,1,0,1
101,76,16,40,20,60,0.7894736842105263,0.5263157894736842,0.2631578947368421,Duration,6,0.3,2.169025680887556,0,0,0,6,1,1,1,0,0,0,2,5,0,0,2,2,0
102,76,11,53,12,65,0.8552631578947368,0.6973684210526315,0.15789473684210525,Indentation,5,0.4166666666666667,1.547359455926524,0,0,0,0,0,0,5,0,2,1,0,0,2,0,1,1,0
103,76,24,34,18,52,0.6842105263157895,0.4473684210526316,0.23684210526315788,Extent,6,0.3333333333333333,2.042111367352665,0,1,0,0,6,0,0,0,3,3,5,0,0,0,0,0,0
104,76,31,28,17,45,0.5921052631578947,0.3684210526315789,0.2236842105263158,Localization,7,0.4117647058823529,2.0196737910970564,0,0,3,0,3,2,0,0,7,0,0,0,0,2,0,0,0
105,76,15,44,17,61,0.8026315789473685,0.5789473684210527,0.2236842105263158,Path_Evolution,4,0.23529411764705882,1.9968352415928057,0,3,1,0,0,0,0,0,0,4,3,0,3,0,1,2,0
106,76,22,49,5,54,0.7105263157894737,0.6447368421052632,0.06578947368421052,Indentation,3,0.6,1.2481490203668855,0,0,0,0,0,0,3,0,0,0,0,0,2,0,0,0,0
107,76,18,35,23,58,0.7631578947368421,0.4605263157894737,0.3026315789473684,Phase_Change,4,0.17391304347826086,2.404594215767765,0,0,4,0,4,0,0,0,0,3,4,0,3,2,2,1,0
108,76,39,30,7,37,0.4868421052631579,0.39473684210526316,0.09210526315789473,Displacement,3,0.42857142857142855,1.4835552515219184,0,0,3,0,0,0,0,0,2,0,2,0,0,0,0,0,0
109,76,39,33,4,37,0.4868421052631579,0.4342105263157895,0.05263157894736842,Localization,2,0.5,1.2927210335165245,0,0,2,0,0,0,0,0,2,0,0,0,0,0,0,0,0
110,76,16,43,17,60,0.7894736842105263,0.5657894736842105,0.2236842105263158,Extent,6,0.35294117647058826,1.9163000472183562,0,0,1,0,6,0,1,0,5,1,0,0,0,0,0,3,0
111,76,29,19,28,47,0.618421052631579,0.25,0.3684210526315789,Localization,7,0.25,2.4037674417097143,0,0,0,0,7,0,7,1,7,0,0,0,5,0,1,0,0
112,76,29,30,17,47,0.618421052631579,0.39473684210526316,0.2236842105263158,Indentation,8,0.47058823529411764,1.85661631368887,0,0,7,0,0,0,8,0,2,0,0,0,0,0,0,0,0
113,76,29,25,22,47,0.618421052631579,0.32894736842105265,0.2894736842105263,Localization,8,0.36363636363636365,2.310525985686242,0,0,0,0,0,1,3,0,8,0,3,0,0,2,0,3,2
114,76,27,39,10,49,0.6447368421052632,0.5131578947368421,0.13157894736842105,Displacement,4,0.4,1.6523020319145747,0,1,4,0,0,0,0,0,0,0,3,0,0,0,0,0,2
115,76,28,32,16,48,0.631578947368421,0.42105263157894735,0.21052631578947367,Indentation,6,0.375,2.0423289894137593,0,0,0,0,3,1,6,1,0,0,3,0,1,1,0,0,0
116,76,18,41,17,58,0.7631578947368421,0.5394736842105263,0.2236842105263158,Localization,6,0.35294117647058826,2.0145349841809943,3,1,0,0,2,0,0,1,6,0,0,0,1,3,0,0,0
117,76,3,73,0,73,0.9605263157894737,0.9605263157894737,0.0,,0,0.0,0.23987382528036544,0,0,0,0,0,0,0,0,0,0,0,0,0,0,0,0,0
118,76,46,11,19,30,0.39473684210526316,0.14473684210526316,0.25,Curvature,8,0.42105263157894735,1.7098684965252127,8,8,3,0,0,0,0,0,0,0,0,0,0,0,0,0,0
119,76,13,44,19,63,0.8289473684210527,0.5789473684210527,0.25,Speed,5,0.2631578947368421,2.097399578777283,1,0,2,3,3,0,0,1,0,0,0,2,0,2,0,5,0
120,76,7,35,34,69,0.9078947368421053,0.4605263157894737,0.4473684210526316,Speed,4,0.11764705882352941,2.8113960654504657,4,0,0,4,0,2,4,2,0,0,4,4,4,0,0,4,2
121,76,4,67,5,72,0.9473684210526315,0.881578947368421,0.06578947368421052,Path_Evolution,1,0.2,0.7949278323821283,1,0,0,0,1,0,1,0,1,1,0,0,0,0,0,0,0
122,76,34,27,15,42,0.5526315789473685,0.35526315789473684,0.19736842105263158,Indentation,5,0.3333333333333333,1.9146397817072396,3,0,5,0,0,1,5,0,0,1,0,0,0,0,0,0,0
123,76,18,38,20,58,0.7631578947368421,0.5,0.2631578947368421,Sequence_Complexity,6,0.3,2.1492505983715886,0,4,3,0,2,0,0,0,0,2,0,0,6,0,3,0,0
124,76,18,30,28,58,0.7631578947368421,0.39473684210526316,0.3684210526315789,Sampling_Gaps,5,0.17857142857142858,2.6084003513139207,0,0,0,5,5,0,0,0,0,3,3,5,0,1,2,4,0
125,76,3,59,14,73,0.9605263157894737,0.7763157894736842,0.18421052631578946,Path_Evolution,3,0.21428571428571427,1.4308815934303942,3,0,3,0,1,0,0,1,1,3,0,0,0,1,1,0,0
126,76,13,49,14,63,0.8289473684210527,0.6447368421052632,0.18421052631578946,Sampling_Gaps,5,0.35714285714285715,1.753308741416221,0,2,0,0,1,1,0,0,0,1,0,5,0,1,0,3,0
127,76,11,52,13,65,0.8552631578947368,0.6842105263157895,0.17105263157894737,Indentation,5,0.38461538461538464,1.6152136499859027,0,0,0,0,1,2,5,0,0,1,0,0,0,2,2,0,0
128,76,6,57,13,70,0.9210526315789473,0.75,0.17105263157894737,Path_Evolution,4,0.3076923076923077,1.4323419106578323,4,0,1,0,2,0,0,1,0,4,0,0,0,1,0,0,0
129,76,21,40,15,55,0.7236842105263158,0.5263157894736842,0.19736842105263158,Indentation,6,0.4,1.8138473469333791,0,0,3,0,0,0,6,0,0,1,0,0,0,0,0,5,0
130,76,3,68,5,73,0.9605263157894737,0.8947368421052632,0.06578947368421052,Sequence_Complexity,2,0.4,0.7123701357174467,0,0,1,0,0,0,0,0,0,0,1,0,2,0,0,1,0
131,76,24,36,16,52,0.6842105263157895,0.47368421052631576,0.21052631578947367,Speed,5,0.3125,1.9779153023142269,0,0,3,0,0,0,0,2,0,4,0,0,0,2,0,5,0
132,76,15,50,11,61,0.8026315789473685,0.6578947368421053,0.14473684210526316,Phase_Change,3,0.2727272727272727,1.6222557249563816,2,0,2,0,0,0,1,0,0,2,3,0,0,0,0,1,0
133,76,15,43,18,61,0.8026315789473685,0.5657894736842105,0.23684210526315788,Displacement,6,0.3333333333333333,1.9523739818738646,3,0,6,0,3,0,0,0,0,0,0,0,3,0,0,3,0
134,76,28,37,11,48,0.631578947368421,0.4868421052631579,0.14473684210526316,Displacement,8,0.7272727272727273,1.5985102457345846,0,2,8,0,0,0,0,0,0,0,0,0,0,1,0,0,0
135,76,6,55,15,70,0.9210526315789473,0.7236842105263158,0.19736842105263158,Displacement,4,0.26666666666666666,1.7547096285990686,1,1,4,0,0,0,0,1,1,1,1,0,1,1,1,1,1
136,76,16,46,14,60,0.7894736842105263,0.6052631578947368,0.18421052631578946,Indentation,6,0.42857142857142855,1.7433418228499933,0,0,0,0,0,2,6,1,0,0,0,0,2,0,0,3,0
137,76,21,32,23,55,0.7236842105263158,0.42105263157894735,0.3026315789473684,Path_Evolution,7,0.30434782608695654,2.2359577721092294,3,0,3,0,0,0,6,0,0,7,4,0,0,0,0,0,0
138,76,18,50,8,58,0.7631578947368421,0.6578947368421053,0.10526315789473684,Displacement,4,0.5,1.415671467197561,0,1,4,0,0,0,0,0,1,0,0,0,0,2,0,0,0
139,76,21,44,11,55,0.7236842105263158,0.5789473684210527,0.14473684210526316,Displacement,6,0.5454545454545454,1.5805812028529875,0,0,6,0,0,0,2,0,0,0,3,0,0,0,0,0,0
140,76,10,52,14,66,0.868421052631579,0.6842105263157895,0.18421052631578946,Localization,5,0.35714285714285715,1.5786982076398477,2,0,5,0,1,0,0,0,5,0,1,0,0,0,0,0,0
141,76,10,58,8,66,0.868421052631579,0.7631578947368421,0.10526315789473684,Displacement,4,0.5,1.1724398007010026,0,0,4,0,0,0,3,0,1,0,0,0,0,0,0,0,0
142,76,46,21,9,30,0.39473684210526316,0.27631578947368424,0.11842105263157894,Sequence_Complexity,8,0.8888888888888888,1.3752628311149464,0,0,0,0,0,0,0,0,0,0,0,0,8,0,0,1,0
143,76,42,28,6,34,0.4473684210526316,0.3684210526315789,0.07894736842105263,Indentation,4,0.6666666666666666,1.365252913781469,0,0,0,0,0,2,4,0,0,0,0,0,0,0,0,0,0
144,76,42,32,2,34,0.4473684210526316,0.42105263157894735,0.02631578947368421,Phase_Change,2,1.0,1.1363836745395337,0,0,0,0,0,0,0,0,0,0,2,0,0,0,0,0,0
145,76,9,51,16,67,0.881578947368421,0.6710526315789473,0.21052631578947367,Localization,4,0.25,1.8356539284718216,0,1,1,0,1,0,1,0,4,3,1,0,1,3,0,0,0
146,76,31,37,8,45,0.5921052631578947,0.4868421052631579,0.10526315789473684,Sequence_Complexity,7,0.875,1.432383505487434,0,0,0,0,1,0,0,0,0,0,0,0,7,0,0,0,0
147,76,42,22,12,34,0.4473684210526316,0.2894736842105263,0.15789473684210525,Indentation,8,0.6666666666666666,1.5560218901971583,0,0,0,0,0,4,8,0,0,0,0,0,0,0,0,0,0
148,76,29,43,4,47,0.618421052631579,0.5657894736842105,0.05263157894736842,Localization,2,0.5,1.2714691804055618,0,0,0,0,0,0,2,0,2,0,0,0,0,0,0,0,0
149,76,13,49,14,63,0.8289473684210527,0.6447368421052632,0.18421052631578946,Extent,5,0.35714285714285715,1.6544959124119196,0,0,0,0,5,0,3,0,0,3,0,0,0,3,0,0,0
150,76,48,21,7,28,0.3684210526315789,0.27631578947368424,0.09210526315789473,Localization,3,0.42857142857142855,1.4180360211392047,0,0,2,0,0,0,0,0,3,0,0,0,0,1,0,0,1
151,76,11,38,27,65,0.8552631578947368,0.5,0.35526315789473684,Speed,5,0.18518518518518517,2.470838010268054,4,0,1,0,3,0,0,0,5,5,1,0,0,0,2,5,1
152,76,9,48,19,67,0.881578947368421,0.631578947368421,0.25,Phase_Change,4,0.21052631578947367,1.9931589272625359,0,0,0,2,1,0,0,0,4,3,4,1,0,0,2,0,2
153,76,31,16,29,45,0.5921052631578947,0.21052631578947367,0.3815789473684211,Sequence_Complexity,8,0.27586206896551724,2.46049661701617,3,0,0,0,0,3,8,0,0,4,0,0,8,0,3,0,0
154,76,51,8,17,25,0.32894736842105265,0.10526315789473684,0.2236842105263158,Extent,10,0.5882352941176471,1.520718817501699,0,0,0,0,10,0,0,0,3,0,0,0,0,4,0,0,0
155,76,3,62,11,73,0.9605263157894737,0.8157894736842105,0.14473684210526316,Speed,2,0.18181818181818182,1.2490451615205624,0,0,2,2,1,0,0,1,0,1,0,0,0,1,1,2,0
156,76,21,31,24,55,0.7236842105263158,0.40789473684210525,0.3157894736842105,Sampling_Gaps,5,0.20833333333333334,2.3446686591849337,0,0,4,5,0,0,0,0,0,5,0,5,0,0,4,1,0
157,76,18,50,8,58,0.7631578947368421,0.6578947368421053,0.10526315789473684,Sampling_Gaps,2,0.25,1.4683030461449293,0,1,0,2,1,0,0,0,2,0,0,2,0,0,0,0,0
158,76,13,41,22,63,0.8289473684210527,0.5394736842105263,0.2894736842105263,Speed,3,0.13636363636363635,2.2966818089941587,2,0,0,3,0,0,0,3,3,0,3,3,0,0,0,3,2
159,76,16,32,28,60,0.7894736842105263,0.42105263157894735,0.3684210526315789,Path_Evolution,6,0.21428571428571427,2.6408358622933537,3,0,3,3,0,1,5,0,0,6,0,3,0,0,2,0,2
160,76,6,61,9,70,0.9210526315789473,0.8026315789473685,0.11842105263157894,Displacement,4,0.4444444444444444,1.1783912950795985,0,0,4,0,0,0,1,1,0,1,0,0,0,1,0,0,1
161,76,11,48,17,65,0.8552631578947368,0.631578947368421,0.2236842105263158,Sequence_Complexity,5,0.29411764705882354,1.8466580948090323,0,0,0,2,4,0,3,0,0,0,0,1,5,0,0,2,0
162,76,11,39,26,65,0.8552631578947368,0.5131578947368421,0.34210526315789475,Speed,4,0.15384615384615385,2.4823428510667704,4,1,0,0,4,0,0,2,4,0,4,0,1,1,0,4,1
163,76,13,51,12,63,0.8289473684210527,0.6710526315789473,0.15789473684210525,Speed,5,0.4166666666666667,1.6030716022486209,0,0,0,1,1,0,2,0,2,1,0,0,0,0,0,5,0
164,76,18,40,18,58,0.7631578947368421,0.5263157894736842,0.23684210526315788,Localization,5,0.2777777777777778,2.028653437461261,3,1,0,5,0,0,0,0,5,1,0,3,0,0,0,0,0
165,76,31,26,19,45,0.5921052631578947,0.34210526315789475,0.25,Acceleration,8,0.42105263157894735,2.109159016130099,8,0,0,0,0,0,0,0,1,4,3,0,0,0,2,0,1
166,76,18,24,34,58,0.7631578947368421,0.3157894736842105,0.4473684210526316,Phase_Change,6,0.17647058823529413,2.838232117909676,0,0,0,6,3,0,0,0,0,6,6,4,0,0,3,4,2
167,76,16,38,22,60,0.7894736842105263,0.5,0.2894736842105263,Sampling_Gaps,5,0.22727272727272727,2.198454593200249,0,3,0,5,0,0,0,0,5,3,0,5,0,0,1,0,0
168,76,6,60,10,70,0.9210526315789473,0.7894736842105263,0.13157894736842105,Sequence_Complexity,3,0.3,1.2390051681409338,0,0,0,0,2,0,0,0,0,0,2,0,3,0,0,2,1
169,76,24,17,35,52,0.6842105263157895,0.2236842105263158,0.4605263157894737,Phase_Change,7,0.2,2.7695758731448956,3,0,5,0,0,3,7,0,0,7,7,0,0,0,3,0,0
170,76,13,47,16,63,0.8289473684210527,0.618421052631579,0.21052631578947367,Curvature,4,0.25,1.8705437322724001,2,4,0,0,0,0,0,0,0,2,2,0,3,0,0,0,3
171,76,10,49,17,66,0.868421052631579,0.6447368421052632,0.2236842105263158,Sampling_Gaps,5,0.29411764705882354,1.8538524636415374,2,0,0,0,0,0,0,0,0,2,4,5,0,0,1,2,1
172,76,1,64,11,75,0.9868421052631579,0.8421052631578947,0.14473684210526316,Speed,2,0.18181818181818182,1.1426643555488487,0,0,1,1,1,0,0,1,2,0,1,1,0,0,0,2,1
173,76,9,47,20,67,0.881578947368421,0.618421052631579,0.2631578947368421,Temporal,3,0.15,2.0819465785688007,3,0,3,2,0,0,0,0,0,2,2,2,0,0,3,0,3
174,76,39,17,20,37,0.4868421052631579,0.2236842105263158,0.2631578947368421,Indentation,7,0.35,1.9726574641581918,7,0,0,0,0,2,7,0,0,0,4,0,0,0,0,0,0
175,76,11,46,19,65,0.8552631578947368,0.6052631578947368,0.25,Sampling_Gaps,5,0.2631578947368421,1.9155983915699462,0,0,0,3,0,0,4,0,0,0,3,5,0,0,0,4,0
176,76,42,24,10,34,0.4473684210526316,0.3157894736842105,0.13157894736842105,Acceleration,6,0.6,1.5534394308053474,6,0,0,0,0,1,3,0,0,0,0,0,0,0,0,0,0
177,76,31,23,22,45,0.5921052631578947,0.3026315789473684,0.2894736842105263,Phase_Change,8,0.36363636363636365,2.1014566500800154,0,0,0,0,0,0,0,3,8,0,8,0,0,0,0,0,3
178,76,27,38,11,49,0.6447368421052632,0.5,0.14473684210526316,Speed,6,0.5454545454545454,1.625388262475206,0,1,0,0,0,0,0,0,4,0,0,0,0,0,0,6,0
179,76,4,53,19,72,0.9473684210526315,0.6973684210526315,0.25,Speed,3,0.15789473684210525,1.9178017358623158,2,1,1,0,0,0,1,2,3,1,2,0,1,0,0,3,2
180,76,16,48,12,60,0.7894736842105263,0.631578947368421,0.15789473684210525,Speed,5,0.4166666666666667,1.5941401383244764,0,0,0,2,1,0,0,4,0,0,0,0,0,0,0,5,0
181,76,29,23,24,47,0.618421052631579,0.3026315789473684,0.3157894736842105,Indentation,8,0.3333333333333333,2.3456267463065577,7,0,2,0,1,2,8,0,0,0,0,0,0,2,0,0,2
182,76,48,12,16,28,0.3684210526315789,0.15789473684210525,0.21052631578947367,Indentation,7,0.4375,1.708270973915125,0,0,0,0,3,3,7,0,0,0,0,0,0,0,0,0,3
183,76,31,18,27,45,0.5921052631578947,0.23684210526315788,0.35526315789473684,Duration,8,0.2962962962962963,2.317709196878787,0,0,0,8,7,0,0,0,0,0,3,7,0,2,0,0,0
184,76,51,23,2,25,0.32894736842105265,0.3026315789473684,0.02631578947368421,Phase_Change,1,0.5,1.0724588630507228,0,0,0,0,1,0,0,0,0,0,1,0,0,0,0,0,0
185,76,34,7,35,42,0.5526315789473685,0.09210526315789473,0.4605263157894737,Sampling_Gaps,8,0.22857142857142856,2.3876629271399246,0,8,8,8,0,3,0,0,0,0,0,8,0,0,0,0,0
186,76,22,31,23,54,0.7105263157894737,0.40789473684210525,0.3026315789473684,Localization,5,0.21739130434782608,2.2674472153472154,0,4,0,0,5,0,5,0,5,0,0,4,0,0,0,0,0
187,76,29,23,24,47,0.618421052631579,0.3026315789473684,0.3157894736842105,Extent,6,0.25,2.3539416732243126,0,6,0,0,6,2,0,0,0,0,4,0,0,2,0,4,0
188,76,16,39,21,60,0.7894736842105263,0.5131578947368421,0.27631578947368424,Displacement,6,0.2857142857142857,2.1788472237805405,0,2,6,5,4,1,0,0,0,1,2,0,0,0,0,0,0
189,76,24,20,32,52,0.6842105263157895,0.2631578947368421,0.42105263157894735,Speed,7,0.21875,2.6565868518305376,0,0,0,4,0,3,7,3,0,0,0,7,1,0,0,7,0
190,76,12,44,20,64,0.8421052631578947,0.5789473684210527,0.2631578947368421,Sampling_Gaps,4,0.2,2.159186510377508,0,2,0,3,2,3,2,0,2,2,0,4,0,0,0,0,0
191,76,27,33,16,49,0.6447368421052632,0.4342105263157895,0.21052631578947367,Duration,6,0.375,1.9062645663908704,0,0,0,6,0,0,0,0,0,0,5,0,0,0,0,1,4
192,76,29,22,25,47,0.618421052631579,0.2894736842105263,0.32894736842105265,Extent,7,0.28,2.4500271328761727,0,4,0,0,7,2,0,0,0,4,0,0,0,2,2,4,0
193,76,6,50,20,70,0.9210526315789473,0.6578947368421053,0.2631578947368421,Sampling_Gaps,4,0.2,1.90973561221907,2,2,0,4,0,0,0,0,0,4,2,4,0,0,0,2,0
194,76,4,60,12,72,0.9473684210526315,0.7894736842105263,0.15789473684210525,Curvature,3,0.25,1.390449576092604,1,3,0,1,2,0,1,1,1,0,0,1,0,0,0,1,0
195,76,1,51,24,75,0.9868421052631579,0.6710526315789473,0.3157894736842105,Speed,2,0.08333333333333333,2.178273665541661,2,2,2,2,2,1,2,1,2,2,2,0,0,1,0,2,1
196,76,27,33,16,49,0.6447368421052632,0.4342105263157895,0.21052631578947367,Duration,5,0.3125,2.0214604545772317,0,0,0,5,0,2,3,0,0,1,0,4,0,0,0,1,0
197,76,34,25,17,42,0.5526315789473685,0.32894736842105265,0.2236842105263158,Duration,6,0.35294117647058826,1.9986585091303368,0,0,0,6,3,0,0,0,0,0,0,5,0,0,0,2,1
198,76,37,30,9,39,0.5131578947368421,0.39473684210526316,0.11842105263157894,Speed,5,0.5555555555555556,1.569425765141434,0,2,0,0,0,0,0,0,0,0,0,0,0,2,0,5,0
199,76,11,42,23,65,0.8552631578947368,0.5526315789473685,0.3026315789473684,Speed,4,0.17391304347826086,2.326337321785097,0,0,3,0,0,2,4,0,0,2,3,0,1,0,2,4,2
200,76,16,36,24,60,0.7894736842105263,0.47368421052631576,0.3157894736842105,Extent,5,0.20833333333333334,2.3567835591493744,4,0,0,4,5,0,0,1,0,0,0,4,0,0,0,4,2
201,76,27,31,18,49,0.6447368421052632,0.40789473684210525,0.23684210526315788,Displacement,6,0.3333333333333333,2.1021187810860784,1,5,6,0,0,0,0,2,2,0,0,0,0,0,0,2,0
202,76,2,70,4,74,0.9736842105263158,0.9210526315789473,0.05263157894736842,Spatial_Context,2,0.5,0.5499036820469059,0,1,0,1,0,0,0,0,0,0,0,0,0,2,0,0,0
203,76,24,32,20,52,0.6842105263157895,0.42105263157894735,0.2631578947368421,Path_Evolution,6,0.3,2.1714335985998345,0,0,0,0,0,2,6,0,0,6,0,0,2,0,3,1,0
204,76,13,54,9,63,0.8289473684210527,0.7105263157894737,0.11842105263157894,Duration,5,0.5555555555555556,1.2679369617712395,0,0,0,5,0,0,0,0,0,0,0,0,0,0,0,4,0
205,76,7,48,21,69,0.9078947368421053,0.631578947368421,0.27631578947368424,Sampling_Gaps,4,0.19047619047619047,2.109972618822767,1,1,0,0,1,0,0,0,0,3,4,4,1,2,2,0,2
206,76,16,31,29,60,0.7894736842105263,0.40789473684210525,0.3815789473684211,Displacement,6,0.20689655172413793,2.6084586235666514,6,2,6,4,0,1,4,2,0,0,0,0,4,0,0,0,0
207,76,22,33,21,54,0.7105263157894737,0.4342105263157895,0.27631578947368424,Sampling_Gaps,6,0.2857142857142857,2.205799986707531,1,6,0,0,0,1,0,1,0,0,0,6,5,1,0,0,0
208,76,34,13,29,42,0.5526315789473685,0.17105263157894737,0.3815789473684211,Sampling_Gaps,8,0.27586206896551724,2.3172572845916255,0,0,8,0,0,4,2,0,0,0,0,8,7,0,0,0,0
209,76,11,44,21,65,0.8552631578947368,0.5789473684210527,0.27631578947368424,Duration,5,0.23809523809523808,2.0980833752354924,3,3,0,5,0,1,0,1,0,0,0,4,4,0,0,0,0
210,76,39,9,28,37,0.4868421052631579,0.11842105263157894,0.3684210526315789,Path_Evolution,8,0.2857142857142857,2.1503630522492174,0,0,8,0,0,3,8,0,0,8,0,0,0,0,1,0,0
211,76,10,35,31,66,0.868421052631579,0.4605263157894737,0.40789473684210525,Sampling_Gaps,5,0.16129032258064516,2.674597145479666,5,5,4,0,0,1,4,1,1,4,0,5,0,1,0,0,0
212,76,11,38,27,65,0.8552631578947368,0.5,0.35526315789473684,Sequence_Complexity,5,0.18518518518518517,2.5347163388505978,0,4,1,0,0,2,3,0,0,2,3,5,5,1,1,0,0
213,76,7,48,21,69,0.9078947368421053,0.631578947368421,0.27631578947368424,Indentation,4,0.19047619047619047,2.0637913687658336,4,3,0,3,0,1,4,1,0,0,0,3,1,1,0,0,0
214,76,11,33,32,65,0.8552631578947368,0.4342105263157895,0.42105263157894735,Sampling_Gaps,5,0.15625,2.730194945454774,0,2,5,5,0,2,4,0,0,4,0,5,4,0,1,0,0
215,76,22,35,19,54,0.7105263157894737,0.4605263157894737,0.25,Indentation,6,0.3157894736842105,2.132772030787558,4,0,0,0,0,1,6,1,1,0,0,5,0,1,0,0,0
216,76,18,22,36,58,0.7631578947368421,0.2894736842105263,0.47368421052631576,Sequence_Complexity,6,0.16666666666666666,2.8752346038113004,0,0,5,6,0,3,6,0,0,3,0,6,6,0,1,0,0
217,76,9,40,27,67,0.881578947368421,0.5263157894736842,0.35526315789473684,Speed,4,0.14814814814814814,2.5188952922794368,4,4,0,2,0,0,2,2,0,0,2,4,2,0,1,4,0
218,76,31,20,25,45,0.5921052631578947,0.2631578947368421,0.32894736842105265,Sampling_Gaps,8,0.32,2.260582809122609,6,0,0,0,6,0,0,1,0,4,0,8,0,0,0,0,0
219,76,15,38,23,61,0.8026315789473685,0.5,0.3026315789473684,Duration,6,0.2608695652173913,2.239324948600497,0,4,0,6,0,0,2,0,0,3,3,0,5,0,0,0,0
220,76,7,33,36,69,0.9078947368421053,0.4342105263157895,0.47368421052631576,Speed,4,0.1111111111111111,2.956921060901056,0,0,2,4,4,2,4,0,0,4,4,4,0,0,2,4,2
221,76,24,31,21,52,0.6842105263157895,0.40789473684210525,0.27631578947368424,Speed,7,0.3333333333333333,2.2575239595790575,0,0,4,0,0,2,1,2,0,0,0,4,1,0,0,7,0
222,76,48,15,13,28,0.3684210526315789,0.19736842105263158,0.17105263157894737,Extent,7,0.5384615384615384,1.5593348368232367,0,0,0,0,7,0,0,2,0,4,0,0,0,0,0,0,0
223,76,39,14,23,37,0.4868421052631579,0.18421052631578946,0.3026315789473684,Indentation,9,0.391304347826087,2.011572507424968,8,0,0,0,0,0,9,2,0,4,0,0,0,0,0,0,0
224,76,42,11,23,34,0.4473684210526316,0.14473684210526316,0.3026315789473684,Speed,8,0.34782608695652173,1.9678489994451427,0,0,4,0,0,3,8,0,0,0,0,0,0,0,0,8,0
225,76,72,3,1,4,0.05263157894736842,0.039473684210526314,0.013157894736842105,Kinematic,1,1.0,0.3401710975750335,0,0,0,0,0,0,0,1,0,0,0,0,0,0,0,0,0
226,76,16,33,27,60,0.7894736842105263,0.4342105263157895,0.35526315789473684,Speed,6,0.2222222222222222,2.560566415421924,0,0,4,6,0,2,1,2,0,0,1,3,0,0,0,6,2
227,76,51,4,21,25,0.32894736842105265,0.05263157894736842,0.27631578947368424,Sampling_Gaps,10,0.47619047619047616,1.461976798466039,0,0,0,0,0,0,10,1,0,0,0,10,0,0,0,0,0
228,76,24,22,30,52,0.6842105263157895,0.2894736842105263,0.39473684210526316,Speed,7,0.23333333333333334,2.5857248148289496,0,0,6,6,1,2,0,2,0,0,0,6,0,0,0,7,0
229,76,11,38,27,65,0.8552631578947368,0.5,0.35526315789473684,Phase_Change,5,0.18518518518518517,2.4493186415391097,0,0,4,0,5,0,0,0,0,4,5,4,0,0,1,2,2
230,76,39,20,17,37,0.4868421052631579,0.2631578947368421,0.2236842105263158,Duration,6,0.35294117647058826,1.8849170076274169,0,6,0,6,0,1,0,0,0,4,0,0,0,0,0,0,0
231,76,51,4,21,25,0.32894736842105265,0.05263157894736842,0.27631578947368424,Sampling_Gaps,9,0.42857142857142855,1.522832382276857,0,0,0,0,0,0,9,3,0,0,0,9,0,0,0,0,0
232,76,9,34,33,67,0.881578947368421,0.4473684210526316,0.4342105263157895,Sampling_Gaps,4,0.12121212121212122,2.823480814527061,4,4,0,4,3,0,4,2,0,0,4,4,2,0,0,0,2
233,76,9,41,26,67,0.881578947368421,0.5394736842105263,0.34210526315789475,Speed,4,0.15384615384615385,2.3308389317771487,4,4,0,4,3,0,0,3,0,0,0,4,0,0,0,4,0
234,76,34,14,28,42,0.5526315789473685,0.18421052631578946,0.3684210526315789,Curvature,8,0.2857142857142857,2.336134677654482,0,8,0,0,4,0,0,0,0,0,6,6,0,0,0,0,4
235,76,24,22,30,52,0.6842105263157895,0.2894736842105263,0.39473684210526316,Sequence_Complexity,6,0.2,2.6190415118768375,0,6,0,0,1,3,6,0,0,5,0,0,6,0,3,0,0
236,76,9,38,29,67,0.881578947368421,0.5,0.3815789473684211,Speed,4,0.13793103448275862,2.5936510919349747,0,4,0,3,3,0,0,2,0,0,4,3,3,0,0,4,3
237,76,16,31,29,60,0.7894736842105263,0.40789473684210525,0.3815789473684211,Indentation,5,0.1724137931034483,2.648529433535293,0,5,0,0,4,0,5,2,0,0,4,4,3,0,0,0,2
238,76,7,36,33,69,0.9078947368421053,0.47368421052631576,0.4342105263157895,Sequence_Complexity,4,0.12121212121212122,2.8100517304086723,4,4,0,4,3,2,4,2,2,3,0,0,4,0,1,0,0
239,76,11,35,30,65,0.8552631578947368,0.4605263157894737,0.39473684210526316,Curvature,5,0.16666666666666666,2.722359337460896,2,5,0,4,2,2,3,2,0,0,4,0,4,0,0,0,2
240,76,18,21,37,58,0.7631578947368421,0.27631578947368424,0.4868421052631579,Curvature,6,0.16216216216216217,2.938581259326741,6,6,0,0,0,0,0,3,0,5,0,5,5,0,2,5,0
241,76,11,35,30,65,0.8552631578947368,0.4605263157894737,0.39473684210526316,Sampling_Gaps,4,0.13333333333333333,2.674524179258268,4,4,0,4,4,2,0,2,0,0,4,4,0,0,0,0,2
242,76,3,57,16,73,0.9605263157894737,0.75,0.21052631578947367,Curvature,3,0.1875,1.6329354961556815,3,3,1,2,1,0,0,1,0,1,1,2,1,0,0,0,0
243,76,18,34,24,58,0.7631578947368421,0.4473684210526316,0.3157894736842105,Curvature,5,0.20833333333333334,2.4484348478952467,5,5,2,3,2,2,2,3,0,0,0,0,0,0,0,0,0
244,76,13,25,38,63,0.8289473684210527,0.32894736842105265,0.5,Speed,5,0.13157894736842105,3.0193783169810837,5,5,0,0,5,0,0,3,0,0,5,5,3,0,0,5,2
245,76,12,41,23,64,0.8421052631578947,0.5394736842105263,0.3026315789473684,Kinematic,4,0.17391304347826086,2.3045231423034647,4,0,0,2,3,0,3,4,1,0,0,3,0,0,0,3,0
246,76,31,16,29,45,0.5921052631578947,0.21052631578947367,0.3815789473684211,Phase_Change,8,0.27586206896551724,2.385371538798451,0,0,0,8,0,0,5,0,0,0,8,5,0,0,0,0,3
247,76,16,42,18,60,0.7894736842105263,0.5526315789473685,0.23684210526315788,Speed,4,0.2222222222222222,2.073819365300541,0,0,0,2,3,0,0,0,2,0,2,4,0,0,0,4,1
248,76,39,22,15,37,0.4868421052631579,0.2894736842105263,0.19736842105263158,Phase_Change,5,0.3333333333333333,1.8503965845398311,0,0,0,0,0,0,5,0,2,0,5,0,0,0,0,0,3
249,76,21,35,20,55,0.7236842105263158,0.4605263157894737,0.2631578947368421,Sampling_Gaps,6,0.3,2.204857165078392,0,0,0,0,4,0,1,0,2,0,2,6,0,0,0,4,1
250,76,61,3,12,15,0.19736842105263158,0.039473684210526314,0.15789473684210525,Phase_Change,9,0.75,0.9872159659614301,0,0,0,0,0,0,0,0,0,0,9,0,0,0,0,0,3
251,76,21,28,27,55,0.7236842105263158,0.3684210526315789,0.35526315789473684,Speed,6,0.2222222222222222,2.5395285377112446,0,0,0,0,5,0,5,0,3,0,3,3,0,0,0,6,2
252,76,16,46,14,60,0.7894736842105263,0.6052631578947368,0.18421052631578946,Acceleration,5,0.35714285714285715,1.804592112745435,5,0,0,1,1,0,0,4,1,0,0,1,0,0,0,1,0
253,76,13,33,30,63,0.8289473684210527,0.4342105263157895,0.39473684210526316,Sampling_Gaps,5,0.16666666666666666,2.583203050591778,0,0,5,5,0,0,4,0,3,0,5,5,0,0,0,0,3
254,76,9,43,24,67,0.881578947368421,0.5657894736842105,0.3157894736842105,Indentation,4,0.16666666666666666,2.351567355921725,0,0,1,0,4,1,4,0,2,0,3,3,1,0,0,3,2
255,76,51,3,22,25,0.32894736842105265,0.039473684210526314,0.2894736842105263,Sampling_Gaps,10,0.45454545454545453,1.520718817501699,0,0,0,0,0,0,0,0,0,0,8,10,0,0,0,0,4
256,76,21,30,25,55,0.7236842105263158,0.39473684210526316,0.32894736842105265,Phase_Change,5,0.2,2.449708241134597,0,0,0,4,5,0,0,0,2,0,5,4,0,0,0,4,1
257,76,18,47,11,58,0.7631578947368421,0.618421052631579,0.14473684210526316,Sequence_Complexity,2,0.18181818181818182,1.7199758548276565,0,1,0,0,0,2,0,0,2,0,1,2,2,0,0,0,1
258,76,27,47,2,49,0.6447368421052632,0.618421052631579,0.02631578947368421,Localization,1,0.5,1.1236164794006562,0,0,0,1,0,0,0,0,1,0,0,0,0,0,0,0,0
259,76,24,28,24,52,0.6842105263157895,0.3684210526315789,0.3157894736842105,Phase_Change,6,0.25,2.379123357914969,4,0,0,0,0,0,3,0,5,0,6,0,0,0,0,3,3
260,76,13,41,22,63,0.8289473684210527,0.5394736842105263,0.2894736842105263,Speed,5,0.22727272727272727,2.272534401578113,0,0,0,2,2,0,4,0,2,0,3,2,0,0,0,5,2
261,76,12,40,24,64,0.8421052631578947,0.5263157894736842,0.3157894736842105,Sampling_Gaps,4,0.16666666666666666,2.3709332857289556,4,0,0,4,1,0,1,4,0,0,1,4,3,0,0,2,0
262,76,61,3,12,15,0.19736842105263158,0.039473684210526314,0.15789473684210525,Phase_Change,10,0.8333333333333334,0.9617545392018334,0,0,0,0,0,0,0,0,0,0,10,0,0,0,0,0,2
263,76,4,50,22,72,0.9473684210526315,0.6578947368421053,0.2894736842105263,Indentation,3,0.13636363636363635,2.084013408243235,3,0,1,3,0,2,3,2,0,0,2,2,2,0,0,2,0
264,76,16,41,19,60,0.7894736842105263,0.5394736842105263,0.25,Phase_Change,4,0.21052631578947367,2.1734586688469877,4,0,0,2,0,0,2,0,2,0,4,2,2,0,0,0,1
265,76,10,35,31,66,0.868421052631579,0.4605263157894737,0.40789473684210525,Sampling_Gaps,5,0.16129032258064516,2.6271018760791818,4,5,0,5,0,0,0,1,1,4,5,5,0,0,0,0,1
266,76,22,40,14,54,0.7105263157894737,0.5263157894736842,0.18421052631578946,Phase_Change,3,0.21428571428571427,1.9157001198645667,3,0,0,0,0,0,3,1,2,2,3,0,0,0,0,0,0
267,76,11,55,10,65,0.8552631578947368,0.7236842105263158,0.13157894736842105,Speed,2,0.2,1.4580784075374464,2,2,0,0,0,0,0,0,1,0,2,0,1,0,0,2,0
268,76,27,21,28,49,0.6447368421052632,0.27631578947368424,0.3684210526315789,Sampling_Gaps,6,0.21428571428571427,2.491158020991629,6,6,0,5,0,0,0,3,0,0,0,6,2,0,0,0,0
269,76,21,31,24,55,0.7236842105263158,0.40789473684210525,0.3157894736842105,Duration,6,0.25,2.3999282768194043,5,0,0,6,0,1,3,0,0,0,0,4,3,0,0,2,0
270,76,7,60,9,69,0.9078947368421053,0.7894736842105263,0.11842105263157894,SpatioTemporal_Dynamics,1,0.1111111111111111,1.3260206688262912,1,1,0,1,0,1,1,1,1,0,0,1,0,0,1,0,0
271,76,9,49,18,67,0.881578947368421,0.6447368421052632,0.23684210526315788,SpatioTemporal_Dynamics,3,0.16666666666666666,1.985891067639422,2,2,3,2,1,1,0,0,0,3,0,1,0,0,3,0,0
272,76,21,28,27,55,0.7236842105263158,0.3684210526315789,0.35526315789473684,Speed,5,0.18518518518518517,2.5529436694040593,4,0,0,5,0,0,0,2,0,0,3,4,4,0,0,5,0
273,76,24,37,15,52,0.6842105263157895,0.4868421052631579,0.19736842105263158,Phase_Change,6,0.4,1.9445914996005684,2,2,3,0,1,0,0,0,0,0,6,0,0,0,0,0,1
274,76,4,48,24,72,0.9473684210526315,0.631578947368421,0.3157894736842105,Sequence_Complexity,3,0.125,2.2796646839838166,1,0,0,2,1,0,2,2,0,3,2,2,3,0,2,2,2
275,76,10,44,22,66,0.868421052631579,0.5789473684210527,0.2894736842105263,Phase_Change,5,0.22727272727272727,2.0878837223631215,5,0,0,0,0,0,4,0,0,2,5,3,0,0,0,3,0
276,76,16,28,32,60,0.7894736842105263,0.3684210526315789,0.42105263157894735,Sampling_Gaps,6,0.1875,2.8006904634058603,6,0,0,5,0,2,4,2,0,0,0,6,3,2,0,2,0
277,76,10,47,19,66,0.868421052631579,0.618421052631579,0.25,Acceleration,5,0.2631578947368421,1.9464255731697269,5,0,0,3,0,0,0,0,0,2,3,3,3,0,0,0,0
278,76,22,23,31,54,0.7105263157894737,0.3026315789473684,0.40789473684210525,Acceleration,7,0.22580645161290322,2.717266591513113,7,0,0,0,0,2,3,2,0,0,0,6,6,2,0,3,0
279,76,13,33,30,63,0.8289473684210527,0.4342105263157895,0.39473684210526316,Sequence_Complexity,5,0.16666666666666666,2.6306983199922627,0,5,5,0,4,3,4,0,3,0,0,0,5,0,0,1,0
280,76,31,24,21,45,0.5921052631578947,0.3157894736842105,0.27631578947368424,Speed,7,0.3333333333333333,2.0830354736732675,0,0,0,7,0,2,0,0,0,0,0,5,0,0,0,7,0
281,76,28,36,12,48,0.631578947368421,0.47368421052631576,0.15789473684210525,Phase_Change,6,0.5,1.7185457651032816,0,0,0,4,0,1,0,0,0,0,6,0,0,0,0,1,0
282,76,31,36,9,45,0.5921052631578947,0.47368421052631576,0.11842105263157894,Sequence_Complexity,3,0.3333333333333333,1.6267806624140684,2,1,0,0,0,0,3,0,0,0,0,0,3,0,0,0,0
283,76,29,20,27,47,0.618421052631579,0.2631578947368421,0.35526315789473684,Phase_Change,7,0.25925925925925924,2.3758950908165257,0,0,7,0,0,0,0,0,0,7,7,0,0,0,1,4,1
284,76,31,21,24,45,0.5921052631578947,0.27631578947368424,0.3157894736842105,Displacement,7,0.2916666666666667,2.2729350603140985,0,0,7,3,0,0,5,0,0,0,0,0,3,0,0,6,0
285,76,29,22,25,47,0.618421052631579,0.2894736842105263,0.32894736842105265,Path_Evolution,7,0.28,2.3445532850998108,0,0,7,0,0,0,0,1,0,7,5,0,0,0,2,3,0
286,76,42,9,25,34,0.4473684210526316,0.11842105263157894,0.32894736842105265,Duration,9,0.36,1.9377290687070419,0,0,9,9,0,1,6,0,0,0,0,0,0,0,0,0,0
287,76,24,20,32,52,0.6842105263157895,0.2631578947368421,0.42105263157894735,Path_Evolution,7,0.21875,2.648518719566233,0,0,7,0,0,0,1,2,0,7,0,6,0,0,3,6,0
288,76,3,52,21,73,0.9605263157894737,0.6842105263157895,0.27631578947368424,Speed,3,0.14285714285714285,1.9096764889898872,1,0,3,0,0,0,3,0,1,3,3,1,3,0,0,3,0
289,76,27,19,30,49,0.6447368421052632,0.25,0.39473684210526316,Displacement,7,0.23333333333333334,2.5206460031642988,0,0,7,0,0,0,6,0,0,0,6,0,4,0,0,6,1
290,76,21,25,30,55,0.7236842105263158,0.32894736842105265,0.39473684210526316,Sampling_Gaps,6,0.2,2.5776850192745084,0,0,6,5,0,0,0,0,0,3,5,6,5,0,0,0,0
291,76,21,28,27,55,0.7236842105263158,0.3684210526315789,0.35526315789473684,Displacement,6,0.2222222222222222,2.4756502091287014,0,0,6,5,0,0,5,0,0,0,3,5,3,0,0,0,0
292,76,34,15,27,42,0.5526315789473685,0.19736842105263158,0.35526315789473684,Sampling_Gaps,7,0.25925925925925924,2.221067988388639,0,0,7,7,0,0,0,0,0,0,6,7,0,0,0,0,0
293,76,18,39,19,58,0.7631578947368421,0.5131578947368421,0.25,Sampling_Gaps,6,0.3157894736842105,2.1136000585719645,0,1,0,0,4,1,1,0,0,3,0,6,0,0,3,0,0
294,76,18,22,36,58,0.7631578947368421,0.2894736842105263,0.47368421052631576,Extent,6,0.16666666666666666,2.8876756049627073,6,5,0,5,6,1,0,3,0,0,0,5,0,0,0,5,0
295,76,15,36,25,61,0.8026315789473685,0.47368421052631576,0.32894736842105265,Sequence_Complexity,4,0.16,2.517986112282869,3,2,0,4,0,1,0,1,0,0,4,4,4,1,0,0,1
296,76,1,51,24,75,0.9868421052631579,0.6710526315789473,0.3157894736842105,Speed,2,0.08333333333333333,2.178273665541661,2,2,0,2,2,1,2,1,0,2,2,2,2,0,1,2,1
297,76,6,38,32,70,0.9210526315789473,0.5,0.42105263157894735,Speed,4,0.125,2.6830456645595966,0,0,0,4,0,1,4,1,4,0,4,4,4,1,0,4,1
298,76,6,43,27,70,0.9210526315789473,0.5657894736842105,0.35526315789473684,Speed,4,0.14814814814814814,2.4801783758009006,1,3,0,0,3,1,0,1,0,4,2,4,2,0,1,4,1
299,76,21,24,31,55,0.7236842105263158,0.3157894736842105,0.40789473684210525,Speed,6,0.1935483870967742,2.6946090475688607,4,4,4,0,6,0,0,3,0,0,0,0,4,0,0,6,0
300,76,11,39,26,65,0.8552631578947368,0.5131578947368421,0.34210526315789475,Localization,5,0.19230769230769232,2.355900213245233,0,0,0,4,0,0,4,0,5,0,4,4,4,1,0,0,0
301,76,18,25,33,58,0.7631578947368421,0.32894736842105265,0.4342105263157895,Speed,6,0.18181818181818182,2.6497851806261132,6,6,0,0,6,0,0,3,0,0,0,6,0,0,0,6,0
302,76,15,38,23,61,0.8026315789473685,0.5,0.3026315789473684,Localization,6,0.2608695652173913,2.285506198657431,1,0,0,0,0,0,4,0,6,0,4,0,5,1,0,1,1
303,76,6,39,31,70,0.9210526315789473,0.5131578947368421,0.40789473684210525,Speed,4,0.12903225806451613,2.5947635458126035,4,0,0,0,4,0,4,1,0,4,4,4,0,0,1,4,1
304,76,13,38,25,63,0.8289473684210527,0.5,0.32894736842105265,Extent,4,0.16,2.4477804823668126,3,3,3,0,4,0,0,3,0,0,0,3,3,0,0,3,0
305,76,22,25,29,54,0.7105263157894737,0.32894736842105265,0.3815789473684211,Indentation,7,0.2413793103448276,2.4960907065496887,0,0,0,6,0,1,7,0,6,0,0,6,3,0,0,0,0
306,76,13,34,29,63,0.8289473684210527,0.4473684210526316,0.3815789473684211,Acceleration,5,0.1724137931034483,2.6137318763763546,5,2,0,4,4,0,4,3,0,0,0,3,0,0,0,4,0
307,76,24,25,27,52,0.6842105263157895,0.32894736842105265,0.35526315789473684,Acceleration,7,0.25925925925925924,2.454291799903323,7,0,0,3,0,2,6,3,0,0,0,6,0,0,0,0,0
308,76,10,46,20,66,0.868421052631579,0.6052631578947368,0.2631578947368421,Speed,4,0.2,2.0992021065028457,0,2,0,4,0,1,4,1,0,1,1,2,0,0,0,4,0
309,76,4,55,17,72,0.9473684210526315,0.7236842105263158,0.2236842105263158,Speed,3,0.17647058823529413,1.6558967995947675,0,3,0,0,0,2,3,0,0,3,0,0,0,1,2,3,0
310,76,16,24,36,60,0.7894736842105263,0.3157894736842105,0.47368421052631576,Sampling_Gaps,5,0.1388888888888889,2.9258530145612824,0,5,5,4,0,4,5,0,4,0,0,5,4,0,0,0,0
311,76,22,30,24,54,0.7105263157894737,0.39473684210526316,0.3157894736842105,Indentation,7,0.2916666666666667,2.3633175076650366,4,0,0,0,0,2,7,1,0,3,1,0,6,0,0,0,0
312,76,7,38,31,69,0.9078947368421053,0.5,0.40789473684210525,Sequence_Complexity,4,0.12903225806451613,2.654865277058592,4,4,2,4,0,2,4,1,0,0,2,4,4,0,0,0,0
313,76,34,17,25,42,0.5526315789473685,0.2236842105263158,0.32894736842105265,Indentation,7,0.28,2.2782446412903687,0,5,5,0,0,3,7,0,0,0,0,5,0,0,0,0,0
314,76,10,36,30,66,0.868421052631579,0.47368421052631576,0.39473684210526316,Sampling_Gaps,5,0.16666666666666666,2.598127732220153,5,0,0,5,0,0,1,1,0,5,5,5,1,0,1,0,1
315,76,34,24,18,42,0.5526315789473685,0.3157894736842105,0.23684210526315788,Curvature,6,0.3333333333333333,1.999412518696921,0,6,5,0,0,3,0,0,4,0,0,0,0,0,0,0,0
316,76,18,37,21,58,0.7631578947368421,0.4868421052631579,0.27631578947368424,Sampling_Gaps,5,0.23809523809523808,2.1930202433010457,4,0,0,4,0,0,0,3,0,0,1,5,0,0,0,4,0
317,76,27,23,26,49,0.6447368421052632,0.3026315789473684,0.34210526315789475,Sampling_Gaps,7,0.2692307692307692,2.415103132509351,0,5,5,0,0,4,1,0,0,0,0,7,4,0,0,0,0
318,76,21,21,34,55,0.7236842105263158,0.27631578947368424,0.4473684210526316,Phase_Change,7,0.20588235294117646,2.7599897558867323,7,0,0,0,0,1,7,1,0,7,7,0,2,0,1,0,1
319,76,16,47,13,60,0.7894736842105263,0.618421052631579,0.17105263157894737,Displacement,5,0.38461538461538464,1.6600944015582464,0,0,5,4,0,0,0,0,2,0,0,2,0,0,0,0,0
320,76,11,37,28,65,0.8552631578947368,0.4868421052631579,0.3684210526315789,Sampling_Gaps,4,0.14285714285714285,2.6022935023939566,4,0,4,0,0,1,4,1,0,3,3,4,3,0,1,0,0
321,76,16,36,24,60,0.7894736842105263,0.47368421052631576,0.3157894736842105,Acceleration,6,0.25,2.4271122166223535,6,2,0,3,0,1,4,2,0,0,0,0,4,1,0,1,0
322,76,21,36,19,55,0.7236842105263158,0.47368421052631576,0.25,Displacement,7,0.3684210526315789,2.0601365543492323,6,0,7,0,0,0,3,1,0,0,1,0,0,0,0,1,0
323,76,6,58,12,70,0.9210526315789473,0.7631578947368421,0.15789473684210525,Path_Evolution,3,0.25,1.448158464416571,0,0,0,3,0,1,0,0,0,3,0,1,1,1,1,1,0
324,76,22,25,29,54,0.7105263157894737,0.32894736842105265,0.3815789473684211,Sequence_Complexity,6,0.20689655172413793,2.636838943549952,2,0,5,0,0,2,5,1,0,0,0,6,6,2,0,0,0
325,76,10,46,20,66,0.868421052631579,0.6052631578947368,0.2631578947368421,Phase_Change,5,0.25,2.1043384160497296,1,0,0,0,0,1,1,0,0,4,5,4,1,0,1,1,1
326,76,29,25,22,47,0.618421052631579,0.32894736842105265,0.2894736842105263,Sampling_Gaps,6,0.2727272727272727,2.294482815306326,5,0,0,3,0,1,0,1,0,0,0,6,0,1,0,5,0
327,76,16,43,17,60,0.7894736842105263,0.5657894736842105,0.2236842105263158,Sequence_Complexity,5,0.29411764705882354,2.057811724878402,1,0,0,3,0,0,1,1,0,1,0,3,5,1,1,0,0
328,76,10,48,18,66,0.868421052631579,0.631578947368421,0.23684210526315788,Indentation,5,0.2777777777777778,1.9728338100498226,0,0,0,4,0,1,5,0,0,2,0,1,0,1,1,2,1
329,76,18,29,29,58,0.7631578947368421,0.3815789473684211,0.3815789473684211,Sampling_Gaps,6,0.20689655172413793,2.6389959961764986,2,0,5,5,0,2,2,0,0,0,0,6,5,2,0,0,0
330,76,6,50,20,70,0.9210526315789473,0.6578947368421053,0.2631578947368421,Sampling_Gaps,4,0.2,2.005066039822182,0,0,1,3,0,1,0,0,0,4,2,4,0,1,1,2,1
331,76,16,27,33,60,0.7894736842105263,0.35526315789473684,0.4342105263157895,Sequence_Complexity,6,0.18181818181818182,2.8377176439977316,3,0,6,0,0,2,3,2,3,0,0,6,6,2,0,0,0
332,76,15,37,24,61,0.8026315789473685,0.4868421052631579,0.3157894736842105,Sampling_Gaps,6,0.25,2.407368849293853,0,0,1,3,0,1,0,0,0,6,3,6,0,1,1,1,1
333,76,1,68,7,75,0.9868421052631579,0.8947368421052632,0.09210526315789473,Localization,2,0.2857142857142857,0.7486186554827555,2,0,0,0,0,0,0,1,2,0,0,1,0,1,0,0,0
334,76,10,42,24,66,0.868421052631579,0.5526315789473685,0.3157894736842105,Sampling_Gaps,5,0.20833333333333334,2.267328380168691,0,0,0,1,0,1,4,0,0,5,5,5,0,0,1,1,1
335,76,42,19,15,34,0.4473684210526316,0.25,0.19736842105263158,Acceleration,9,0.6,1.6990159407446792,9,0,0,0,0,0,0,4,0,0,0,0,2,0,0,0,0
336,76,16,41,19,60,0.7894736842105263,0.5394736842105263,0.25,Phase_Change,5,0.2631578947368421,2.1587295178106225,3,0,2,0,0,0,2,0,2,0,5,0,1,0,0,1,3
337,76,34,38,4,42,0.5526315789473685,0.5,0.05263157894736842,Displacement,4,1.0,1.2427303803729566,0,0,4,0,0,0,0,0,0,0,0,0,0,0,0,0,0
338,76,13,40,23,63,0.8289473684210527,0.5263157894736842,0.3026315789473684,Phase_Change,4,0.17391304347826086,2.320393103763906,4,0,4,3,2,0,0,0,2,0,4,0,0,0,0,3,1
339,76,11,45,20,65,0.8552631578947368,0.5921052631578947,0.2631578947368421,Path_Evolution,5,0.25,2.032053591223595,0,0,0,5,0,2,1,0,0,5,1,4,0,0,2,0,0
340,76,16,46,14,60,0.7894736842105263,0.6052631578947368,0.18421052631578946,Acceleration,6,0.42857142857142855,1.805906132088986,6,0,0,0,1,1,1,2,0,0,0,0,0,1,0,2,0
341,76,24,21,31,52,0.6842105263157895,0.27631578947368424,0.40789473684210525,Acceleration,7,0.22580645161290322,2.6667685488700004,7,0,0,6,0,0,0,3,0,0,5,5,2,0,0,0,3
342,76,18,39,19,58,0.7631578947368421,0.5131578947368421,0.25,Phase_Change,5,0.2631578947368421,2.2011661379410907,3,0,1,0,2,2,2,0,0,0,5,0,0,0,0,2,2
343,76,24,36,16,52,0.6842105263157895,0.47368421052631576,0.21052631578947367,Indentation,7,0.4375,2.003680513104142,0,0,1,0,0,0,7,0,0,1,1,0,2,0,1,0,3
344,76,13,32,31,63,0.8289473684210527,0.42105263157894735,0.40789473684210525,Sampling_Gaps,5,0.16129032258064516,2.682998069244314,4,0,5,5,0,0,4,0,0,0,4,5,0,0,0,2,2
345,76,39,16,21,37,0.4868421052631579,0.21052631578947367,0.27631578947368424,Path_Evolution,7,0.3333333333333333,2.008604579935722,0,0,0,7,0,0,0,0,0,7,4,0,0,0,3,0,0
346,76,27,31,18,49,0.6447368421052632,0.40789473684210525,0.23684210526315788,Sampling_Gaps,5,0.2777777777777778,2.1120515113777034,4,0,0,3,0,0,0,4,0,0,1,5,1,0,0,0,0
347,76,16,56,4,60,0.7894736842105263,0.7368421052631579,0.05263157894736842,Indentation,3,0.75,1.0641543142674106,0,0,0,0,0,0,3,0,0,0,0,0,0,0,0,0,1
348,76,39,29,8,37,0.4868421052631579,0.3815789473684211,0.10526315789473684,SpatioTemporal_Dynamics,3,0.375,1.566782475331865,0,0,0,0,0,0,0,0,0,2,1,0,2,0,3,0,0
349,76,9,43,24,67,0.881578947368421,0.5657894736842105,0.3157894736842105,Sampling_Gaps,4,0.16666666666666666,2.2135380796628685,3,0,4,4,0,0,4,0,0,0,4,4,0,0,0,1,0
350,76,34,18,24,42,0.5526315789473685,0.23684210526315788,0.3157894736842105,Sampling_Gaps,8,0.3333333333333333,2.206456433085205,0,0,0,6,1,0,0,0,0,5,0,8,0,0,4,0,0
351,76,9,53,14,67,0.881578947368421,0.6973684210526315,0.18421052631578946,Displacement,3,0.21428571428571427,1.7365591370357714,2,0,3,2,1,0,1,1,0,0,1,1,0,0,0,2,0
352,76,31,18,27,45,0.5921052631578947,0.23684210526315788,0.35526315789473684,Duration,7,0.25925925925925924,2.441220011982903,0,0,0,7,0,0,0,0,0,6,4,4,0,0,3,0,3
353,76,10,49,17,66,0.868421052631579,0.6447368421052632,0.2236842105263158,Sampling_Gaps,5,0.29411764705882354,1.9327998320625899,2,1,2,0,0,1,2,1,0,1,2,5,0,0,0,0,0
354,76,42,24,10,34,0.4473684210526316,0.3157894736842105,0.13157894736842105,Indentation,4,0.4,1.6095534111539054,0,0,4,0,0,0,4,0,0,0,1,0,0,0,0,0,1
355,76,51,7,18,25,0.32894736842105265,0.09210526315789473,0.23684210526315788,Curvature,10,0.5555555555555556,1.5304408579116986,0,10,0,0,0,0,0,0,0,0,0,0,5,0,3,0,0
356,76,7,44,25,69,0.9078947368421053,0.5789473684210527,0.32894736842105265,Speed,4,0.16,2.381263359832476,0,4,1,0,2,2,0,0,1,1,0,4,2,2,2,4,0
357,76,37,23,16,39,0.5131578947368421,0.3026315789473684,0.21052631578947367,Acceleration,6,0.375,1.98080284868162,6,0,0,0,0,1,0,2,0,0,4,0,0,0,0,2,1
358,76,51,9,16,25,0.32894736842105265,0.11842105263157894,0.21052631578947367,Curvature,10,0.625,1.4973709555172603,0,10,0,0,0,0,0,0,0,0,0,0,4,0,2,0,0
359,76,51,1,24,25,0.32894736842105265,0.013157894736842105,0.3157894736842105,Curvature,10,0.4166666666666667,1.461976798466039,10,10,0,0,0,0,0,4,0,0,0,0,0,0,0,0,0
360,76,9,48,19,67,0.881578947368421,0.631578947368421,0.25,Duration,3,0.15789473684210525,2.088489354865648,2,3,2,3,1,0,0,2,0,0,0,1,1,2,0,2,0
361,76,21,31,24,55,0.7236842105263158,0.40789473684210525,0.3157894736842105,Speed,7,0.2916666666666667,2.324252619917916,5,3,5,0,0,0,0,0,0,3,0,0,0,1,0,7,0
362,76,16,36,24,60,0.7894736842105263,0.47368421052631576,0.3157894736842105,Sampling_Gaps,6,0.25,2.292050867852743,1,0,6,6,0,0,0,2,0,0,0,6,0,2,0,0,1
363,76,18,40,18,58,0.7631578947368421,0.5263157894736842,0.23684210526315788,Sampling_Gaps,5,0.2777777777777778,2.007134068732317,2,0,0,3,0,0,0,0,4,0,0,5,4,0,0,0,0
364,76,11,40,25,65,0.8552631578947368,0.5263157894736842,0.32894736842105265,Sampling_Gaps,5,0.2,2.336485828862768,0,0,0,5,0,1,5,0,0,3,0,5,0,1,0,3,2
365,76,29,33,14,47,0.618421052631579,0.4342105263157895,0.18421052631578946,Duration,4,0.2857142857142857,1.9208718581560131,0,0,0,4,0,0,0,0,0,0,3,3,0,0,0,2,2
366,76,46,14,16,30,0.39473684210526316,0.18421052631578946,0.21052631578947367,Sequence_Complexity,8,0.5,1.7348162060506136,0,0,5,0,0,0,0,1,0,0,0,0,8,1,0,0,1
367,76,16,47,13,60,0.7894736842105263,0.618421052631579,0.17105263157894737,Indentation,4,0.3076923076923077,1.812852828853467,0,0,0,0,2,1,4,0,1,0,1,0,2,1,0,0,1
368,76,11,51,14,65,0.8552631578947368,0.6710526315789473,0.18421052631578946,Duration,5,0.35714285714285715,1.656386977654199,1,1,2,5,0,0,1,0,0,0,0,4,0,0,0,0,0
369,76,10,52,14,66,0.868421052631579,0.6842105263157895,0.18421052631578946,Sampling_Gaps,5,0.35714285714285715,1.6525092665140162,4,0,1,0,0,0,1,1,0,0,0,5,1,0,0,0,1
370,76,3,59,14,73,0.9605263157894737,0.7763157894736842,0.18421052631578946,Speed,3,0.21428571428571427,1.3420014947177175,0,0,0,2,0,0,3,0,0,0,3,3,0,0,0,3,0
371,76,29,26,21,47,0.618421052631579,0.34210526315789475,0.27631578947368424,Sampling_Gaps,6,0.2857142857142857,2.1989528816875503,0,0,6,0,0,0,0,0,0,0,5,6,0,1,1,0,2
372,76,10,50,16,66,0.868421052631579,0.6578947368421053,0.21052631578947367,Path_Evolution,4,0.25,1.8048123431264766,1,0,3,0,0,0,3,0,0,4,1,0,3,0,0,1,0
373,76,15,53,8,61,0.8026315789473685,0.6973684210526315,0.10526315789473684,Sampling_Gaps,4,0.5,1.3507808946807256,0,0,2,0,0,0,0,0,0,0,0,4,0,1,1,0,0
374,76,24,41,11,52,0.6842105263157895,0.5394736842105263,0.14473684210526316,Displacement,3,0.2727272727272727,1.7945904120118399,0,1,3,0,0,0,0,0,0,2,0,0,1,1,0,2,1
375,76,18,39,19,58,0.7631578947368421,0.5131578947368421,0.25,Indentation,6,0.3157894736842105,2.1235327888635895,0,0,1,0,4,0,6,0,0,0,2,2,0,1,0,0,3
376,76,2,57,17,74,0.9736842105263158,0.75,0.2236842105263158,Speed,2,0.11764705882352941,1.636417897556871,0,2,0,2,2,1,2,0,2,0,0,2,2,0,0,2,0
377,76,16,37,23,60,0.7894736842105263,0.4868421052631579,0.3026315789473684,Path_Evolution,4,0.17391304347826086,2.3333924867273406,4,0,3,0,4,0,4,0,0,4,2,0,0,0,0,0,2
378,76,37,31,8,39,0.5131578947368421,0.40789473684210525,0.10526315789473684,Localization,3,0.375,1.5658270508831749,0,0,3,0,0,0,0,1,3,0,0,0,0,1,0,0,0
379,76,31,39,6,45,0.5921052631578947,0.5131578947368421,0.07894736842105263,Sequence_Complexity,3,0.5,1.4260109389727396,1,0,0,0,0,0,0,0,0,0,0,0,3,0,0,2,0
380,76,7,51,18,69,0.9078947368421053,0.6710526315789473,0.23684210526315788,Phase_Change,4,0.2222222222222222,1.883452981902625,0,1,1,4,0,0,3,1,1,0,4,0,0,0,0,1,2
381,76,16,34,26,60,0.7894736842105263,0.4473684210526316,0.34210526315789475,Phase_Change,5,0.19230769230769232,2.3872393752822854,0,0,5,0,2,0,5,0,5,0,5,0,0,0,0,0,4
382,76,34,16,26,42,0.5526315789473685,0.21052631578947367,0.34210526315789475,Localization,8,0.3076923076923077,2.271153019610012,0,5,0,0,2,0,0,0,8,0,7,0,0,0,0,0,4
383,76,16,38,22,60,0.7894736842105263,0.5,0.2894736842105263,Sampling_Gaps,5,0.22727272727272727,2.2244304938717887,4,0,0,0,0,0,4,0,0,3,0,5,4,0,0,2,0
384,76,34,27,15,42,0.5526315789473685,0.35526315789473684,0.19736842105263158,Acceleration,7,0.4666666666666667,1.8563213145292183,7,0,0,0,0,0,4,0,1,0,0,0,0,0,0,3,0
385,76,27,24,25,49,0.6447368421052632,0.3157894736842105,0.32894736842105265,Speed,7,0.28,2.3732048951976465,0,0,0,0,2,0,2,0,4,0,7,0,0,0,0,7,3
386,76,13,33,30,63,0.8289473684210527,0.4342105263157895,0.39473684210526316,Phase_Change,5,0.16666666666666666,2.7157561285016065,3,0,0,4,3,2,4,0,0,3,5,4,0,0,2,0,0
387,76,16,43,17,60,0.7894736842105263,0.5657894736842105,0.2236842105263158,Phase_Change,6,0.35294117647058826,1.973728046910465,0,4,0,0,0,1,0,0,0,2,6,0,0,0,1,1,2
388,76,20,41,15,56,0.7368421052631579,0.5394736842105263,0.19736842105263158,Sampling_Gaps,5,0.3333333333333333,1.899733802079257,0,0,3,0,4,0,1,0,0,0,1,5,0,0,0,1,0
389,76,22,14,40,54,0.7105263157894737,0.18421052631578946,0.5263157894736842,Speed,7,0.175,2.9101921609324917,0,7,7,0,0,0,0,2,7,0,0,7,0,2,0,7,1
390,76,16,36,24,60,0.7894736842105263,0.47368421052631576,0.3157894736842105,Curvature,6,0.25,2.469811065278097,0,6,0,0,0,2,2,2,2,0,3,0,3,0,2,2,0
391,76,7,48,21,69,0.9078947368421053,0.631578947368421,0.27631578947368424,Sequence_Complexity,4,0.19047619047619047,2.083656829349083,0,3,4,0,1,0,2,2,2,0,0,0,4,2,1,0,0
392,76,18,34,24,58,0.7631578947368421,0.4473684210526316,0.3157894736842105,Displacement,6,0.25,2.362182787869672,0,6,6,0,0,0,2,0,3,0,0,0,1,3,0,3,0
393,76,4,54,18,72,0.9473684210526315,0.7105263157894737,0.23684210526315788,Localization,3,0.16666666666666666,1.833206294772654,2,0,1,2,0,0,2,1,3,0,2,2,0,0,0,2,1
394,76,1,63,12,75,0.9868421052631579,0.8289473684210527,0.15789473684210525,Speed,2,0.16666666666666666,1.2141296821212861,1,1,0,1,0,0,0,0,1,1,2,1,2,0,0,2,0
395,76,3,53,20,73,0.9605263157894737,0.6973684210526315,0.2631578947368421,Speed,3,0.15,1.8353719660400738,2,3,0,0,2,0,2,0,0,2,3,3,0,0,0,3,0
396,76,4,39,33,72,0.9473684210526315,0.5131578947368421,0.4342105263157895,Speed,3,0.09090909090909091,2.7883923285080736,0,3,3,3,3,2,0,0,3,3,0,3,3,2,2,3,0
397,76,1,64,11,75,0.9868421052631579,0.8421052631578947,0.14473684210526316,Speed,2,0.18181818181818182,1.1689801450225328,1,1,0,1,1,0,1,0,1,1,1,0,1,0,0,2,0
398,76,24,32,20,52,0.6842105263157895,0.42105263157894735,0.2631578947368421,Localization,7,0.35,2.185952059754574,0,3,0,0,0,3,0,0,7,0,3,0,3,0,0,1,0
399,76,38,33,5,38,0.5,0.4342105263157895,0.06578947368421052,Extent,3,0.6,1.3710704219718923,0,0,1,0,3,0,0,0,0,0,0,0,1,0,0,0,0
400,76,24,26,26,52,0.6842105263157895,0.34210526315789475,0.34210526315789475,Extent,7,0.2692307692307692,2.4385635974196886,0,0,4,4,7,0,4,0,0,0,0,5,0,2,0,0,0
401,76,21,26,29,55,0.7236842105263158,0.34210526315789475,0.3815789473684211,Acceleration,6,0.20689655172413793,2.596036954498543,6,5,5,0,0,0,4,1,0,0,0,0,3,0,0,5,0
402,76,31,30,15,45,0.5921052631578947,0.39473684210526316,0.19736842105263158,Path_Evolution,7,0.4666666666666667,1.9000553036455337,0,4,1,0,0,0,1,0,0,7,0,0,0,0,0,0,2
403,76,31,32,13,45,0.5921052631578947,0.42105263157894735,0.17105263157894737,Phase_Change,4,0.3076923076923077,1.8487831302309987,0,0,4,0,0,0,0,0,0,3,4,0,0,1,0,0,1
404,76,29,36,11,47,0.618421052631579,0.47368421052631576,0.14473684210526316,SpatioTemporal_Dynamics,2,0.18181818181818182,1.8137334488301269,0,0,2,0,2,0,0,0,0,2,0,0,1,2,2,0,0
405,76,21,42,13,55,0.7236842105263158,0.5526315789473685,0.17105263157894737,Speed,3,0.23076923076923078,1.850219978714785,2,0,2,0,0,0,3,0,0,2,0,0,0,0,0,3,1
406,76,48,12,16,28,0.3684210526315789,0.15789473684210525,0.21052631578947367,Sequence_Complexity,8,0.5,1.6596723750527145,0,0,5,0,0,0,0,0,0,0,0,0,8,2,1,0,0
407,76,11,50,15,65,0.8552631578947368,0.6578947368421053,0.19736842105263158,Path_Evolution,3,0.2,1.8300810358373558,0,0,1,0,3,0,0,2,0,3,1,0,0,2,0,2,1
408,76,31,39,6,45,0.5921052631578947,0.5131578947368421,0.07894736842105263,Sequence_Complexity,3,0.5,1.4523267284464236,1,0,1,0,0,0,0,0,0,1,0,0,3,0,0,0,0
409,76,16,50,10,60,0.7894736842105263,0.6578947368421053,0.13157894736842105,Sampling_Gaps,6,0.6,1.4623671911664384,0,0,1,1,0,0,0,0,2,0,0,6,0,0,0,0,0
410,76,6,69,1,70,0.9210526315789473,0.9078947368421053,0.013157894736842105,Curvature,1,1.0,0.497954322364367,0,1,0,0,0,0,0,0,0,0,0,0,0,0,0,0,0
411,76,34,30,12,42,0.5526315789473685,0.39473684210526316,0.15789473684210525,Displacement,6,0.5,1.678192382528706,0,0,6,0,0,0,0,0,0,5,0,0,0,1,0,0,0
412,76,16,48,12,60,0.7894736842105263,0.631578947368421,0.15789473684210525,Duration,5,0.4166666666666667,1.6105231975065357,0,0,0,5,3,0,0,0,0,2,0,2,0,0,0,0,0
413,76,18,42,16,58,0.7631578947368421,0.5526315789473685,0.21052631578947367,Displacement,6,0.375,1.924828410926172,0,0,6,0,3,0,0,0,0,0,3,0,2,1,0,0,1
414,76,4,59,13,72,0.9473684210526315,0.7763157894736842,0.17105263157894737,Localization,3,0.23076923076923078,1.4606797843052681,1,0,0,0,2,0,0,0,3,1,1,0,1,2,0,1,1
415,76,39,25,12,37,0.4868421052631579,0.32894736842105265,0.15789473684210525,Sequence_Complexity,7,0.5833333333333334,1.6606451024361841,0,0,3,0,0,0,2,0,0,0,0,0,7,0,0,0,0
416,76,15,40,21,61,0.8026315789473685,0.5263157894736842,0.27631578947368424,Indentation,5,0.23809523809523808,2.212404307147587,0,5,4,0,2,1,5,0,0,0,0,0,0,1,0,2,1
417,76,45,17,14,31,0.40789473684210525,0.2236842105263158,0.18421052631578946,Path_Evolution,9,0.6428571428571429,1.680169847008428,0,0,0,0,0,1,0,0,0,9,0,0,2,0,1,0,1
418,76,37,24,15,39,0.5131578947368421,0.3157894736842105,0.19736842105263158,Curvature,8,0.5333333333333333,1.8691265325807052,0,8,0,0,0,2,2,0,0,0,0,0,2,1,0,0,0
419,76,34,18,24,42,0.5526315789473685,0.23684210526315788,0.3157894736842105,Curvature,8,0.3333333333333333,2.2228394922672647,0,8,0,0,0,0,6,0,2,0,5,0,0,0,0,0,3
420,76,18,35,23,58,0.7631578947368421,0.4605263157894737,0.3026315789473684,Path_Evolution,6,0.2608695652173913,2.3109176963103466,1,1,3,0,0,0,0,0,4,6,0,0,0,0,3,5,0
421,76,21,49,6,55,0.7236842105263158,0.6447368421052632,0.07894736842105263,Sequence_Complexity,2,0.3333333333333333,1.335303194496228,0,2,0,0,0,0,0,0,0,0,2,0,2,0,0,0,0
422,76,6,51,19,70,0.9210526315789473,0.6710526315789473,0.25,Extent,4,0.21052631578947367,1.8391363298730117,1,4,3,3,4,0,0,0,0,1,0,3,0,0,0,0,0
423,76,16,39,21,60,0.7894736842105263,0.5131578947368421,0.27631578947368424,Sampling_Gaps,6,0.2857142857142857,2.2690413418367688,0,4,2,0,0,1,1,1,0,3,0,6,2,0,1,0,0
424,76,22,36,18,54,0.7105263157894737,0.47368421052631576,0.23684210526315788,Sequence_Complexity,6,0.3333333333333333,2.040893688887392,0,4,0,0,0,0,0,0,4,2,0,0,6,0,0,2,0
425,76,39,28,9,37,0.4868421052631579,0.3684210526315789,0.11842105263157894,Sequence_Complexity,5,0.5555555555555556,1.5854766604478296,0,0,0,0,0,0,0,0,2,0,0,0,5,0,1,0,1
426,76,9,41,26,67,0.881578947368421,0.5394736842105263,0.34210526315789475,Sampling_Gaps,4,0.15384615384615385,2.419719030489826,0,0,2,4,2,0,1,0,4,4,0,4,0,2,3,0,0
427,76,16,26,34,60,0.7894736842105263,0.34210526315789475,0.4473684210526316,Speed,6,0.17647058823529413,2.8697596491718853,0,0,0,0,2,0,4,2,0,4,6,0,6,0,2,6,2
428,76,42,23,11,34,0.4473684210526316,0.3026315789473684,0.14473684210526316,Displacement,5,0.45454545454545453,1.6211028789069672,0,0,5,0,3,0,3,0,0,0,0,0,0,0,0,0,0
429,76,31,33,12,45,0.5921052631578947,0.4342105263157895,0.15789473684210525,Sequence_Complexity,7,0.5833333333333334,1.6729725658748311,0,4,0,0,0,1,0,0,0,0,0,0,7,0,0,0,0
430,76,22,23,31,54,0.7105263157894737,0.3026315789473684,0.40789473684210525,Sequence_Complexity,7,0.22580645161290322,2.6921450535556604,0,5,5,0,0,2,0,0,5,0,0,0,7,1,1,5,0
431,76,21,41,14,55,0.7236842105263158,0.5394736842105263,0.18421052631578946,Localization,6,0.42857142857142855,1.8346633940748702,0,0,1,0,4,0,0,0,6,1,1,0,1,0,0,0,0
432,76,15,41,20,61,0.8026315789473685,0.5394736842105263,0.2631578947368421,Path_Evolution,6,0.3,2.099473024863019,0,2,0,0,2,0,6,0,0,6,0,0,0,1,1,2,0
433,76,11,34,31,65,0.8552631578947368,0.4473684210526316,0.40789473684210525,Localization,5,0.16129032258064516,2.72995144982307,4,3,0,0,5,2,5,1,5,1,0,3,0,2,0,0,0
434,76,11,32,33,65,0.8552631578947368,0.42105263157894735,0.4342105263157895,Sampling_Gaps,5,0.15151515151515152,2.820397122617828,0,4,2,5,5,0,0,2,0,5,0,5,1,2,2,0,0
435,76,13,36,27,63,0.8289473684210527,0.47368421052631576,0.35526315789473684,Extent,5,0.18518518518518517,2.513627180374752,0,5,5,0,5,1,0,0,2,0,1,0,4,3,0,1,0
436,76,13,38,25,63,0.8289473684210527,0.5,0.32894736842105265,Sequence_Complexity,5,0.2,2.4486348450809006,0,4,0,0,2,2,2,0,0,1,0,5,5,0,2,2,0
437,76,10,38,28,66,0.868421052631579,0.5,0.3684210526315789,Sampling_Gaps,5,0.17857142857142858,2.5408997451602873,0,3,1,3,0,1,5,1,5,0,0,5,0,0,0,3,1
438,76,22,37,17,54,0.7105263157894737,0.4868421052631579,0.2236842105263158,Sequence_Complexity,6,0.35294117647058826,2.0489547154859267,0,2,0,0,0,2,2,0,0,0,3,0,6,0,0,0,2
439,76,10,47,19,66,0.868421052631579,0.618421052631579,0.25,Displacement,4,0.21052631578947367,1.993920842570211,0,3,4,0,0,0,0,0,3,0,0,3,2,1,0,3,0
440,76,31,28,17,45,0.5921052631578947,0.3684210526315789,0.2236842105263158,Phase_Change,8,0.47058823529411764,1.946073422104513,0,3,0,0,0,2,0,0,4,0,8,0,0,0,0,0,0
441,76,6,38,32,70,0.9210526315789473,0.5,0.42105263157894735,Speed,4,0.125,2.577782506664859,0,4,4,4,0,0,4,0,4,0,4,0,4,0,0,4,0
442,76,16,38,22,60,0.7894736842105263,0.5,0.2894736842105263,Sequence_Complexity,6,0.2727272727272727,2.3197609214749018,0,2,2,2,5,1,0,0,0,0,0,2,6,1,0,0,1
443,76,34,25,17,42,0.5526315789473685,0.32894736842105265,0.2236842105263158,Sequence_Complexity,5,0.29411764705882354,1.9597819506779262,0,2,0,0,0,0,0,0,5,0,5,0,5,0,0,0,0
444,76,31,15,30,45,0.5921052631578947,0.19736842105263158,0.39473684210526316,Indentation,8,0.26666666666666666,2.489909532899618,0,6,0,0,0,3,8,0,7,0,0,0,3,0,3,0,0
445,76,22,23,31,54,0.7105263157894737,0.3026315789473684,0.40789473684210525,Sequence_Complexity,7,0.22580645161290322,2.5068333698723335,0,5,7,0,5,0,0,0,7,0,0,0,7,0,0,0,0
446,76,37,31,8,39,0.5131578947368421,0.40789473684210525,0.10526315789473684,Speed,3,0.375,1.5395112614094908,0,2,0,0,0,0,0,0,0,0,0,0,3,0,0,3,0
447,76,3,55,18,73,0.9605263157894737,0.7236842105263158,0.23684210526315788,Sequence_Complexity,3,0.16666666666666666,1.771092687781129,0,2,2,0,2,1,3,0,0,1,1,2,3,0,0,1,0
448,76,16,36,24,60,0.7894736842105263,0.47368421052631576,0.3157894736842105,Geometric,4,0.16666666666666666,2.4206618877319177,0,4,0,4,4,4,0,0,1,0,3,2,2,0,0,0,0
449,76,27,33,16,49,0.6447368421052632,0.4342105263157895,0.21052631578947367,Localization,6,0.375,2.012841743629158,1,0,0,0,1,2,3,0,6,0,0,0,0,0,0,3,0
450,76,48,26,2,28,0.3684210526315789,0.34210526315789475,0.02631578947368421,Phase_Change,1,0.5,1.1125376094135342,0,0,0,0,0,1,0,0,0,0,1,0,0,0,0,0,0
451,76,48,12,16,28,0.3684210526315789,0.15789473684210525,0.21052631578947367,Sequence_Complexity,7,0.4375,1.6905738953895142,0,0,0,0,0,2,5,0,0,0,0,0,7,0,2,0,0
452,76,11,50,15,65,0.8552631578947368,0.6578947368421053,0.19736842105263158,Sequence_Complexity,5,0.3333333333333333,1.7562699769631873,0,1,0,0,3,0,3,0,0,1,1,0,5,0,1,0,0
453,76,55,14,7,21,0.27631578947368424,0.18421052631578946,0.09210526315789473,Extent,5,0.7142857142857143,1.1836197025606967,0,2,0,0,5,0,0,0,0,0,0,0,0,0,0,0,0
454,76,15,51,10,61,0.8026315789473685,0.6710526315789473,0.13157894736842105,Sequence_Complexity,4,0.4,1.4761914755904602,1,0,0,0,2,0,3,0,0,0,0,0,4,0,0,0,0
455,76,46,22,8,30,0.39473684210526316,0.2894736842105263,0.10526315789473684,Speed,4,0.5,1.4559361241193338,0,0,0,0,0,0,2,0,2,0,0,0,0,0,0,4,0
456,76,42,28,6,34,0.4473684210526316,0.3684210526315789,0.07894736842105263,SpatioTemporal_Dynamics,2,0.3333333333333333,1.4178844927288374,0,0,0,0,0,0,0,0,0,0,2,0,2,0,2,0,0
457,76,18,36,22,58,0.7631578947368421,0.47368421052631576,0.2894736842105263,Duration,6,0.2727272727272727,2.21772533506663,2,0,0,6,0,0,0,1,0,0,4,0,4,0,0,5,0
458,76,31,34,11,45,0.5921052631578947,0.4473684210526316,0.14473684210526316,Sequence_Complexity,3,0.2727272727272727,1.763473766983124,3,1,0,0,0,0,0,0,0,0,3,0,3,0,0,1,0
459,76,34,25,17,42,0.5526315789473685,0.32894736842105265,0.2236842105263158,Phase_Change,8,0.47058823529411764,1.9870718706930182,0,0,0,0,0,0,0,0,2,2,8,0,2,0,0,0,3
460,76,46,23,7,30,0.39473684210526316,0.3026315789473684,0.09210526315789473,Extent,3,0.42857142857142855,1.4205503756791467,2,0,0,0,3,0,0,0,0,0,0,0,2,0,0,0,0
461,76,10,53,13,66,0.868421052631579,0.6973684210526315,0.17105263157894737,Extent,5,0.38461538461538464,1.558339282980954,0,0,2,0,5,0,2,0,2,2,0,0,0,0,0,0,0
462,76,29,36,11,47,0.618421052631579,0.47368421052631576,0.14473684210526316,Displacement,4,0.36363636363636365,1.7611018698827585,0,0,4,0,2,0,2,0,0,2,0,0,0,0,1,0,0
463,76,46,27,3,30,0.39473684210526316,0.35526315789473684,0.039473684210526314,Sequence_Complexity,2,0.6666666666666666,1.1891668221667928,0,1,0,0,0,0,0,0,0,0,0,0,2,0,0,0,0
464,76,34,23,19,42,0.5526315789473685,0.3026315789473684,0.25,Sampling_Gaps,7,0.3684210526315789,2.0232759607752597,0,0,0,7,1,0,3,1,0,0,0,7,0,0,0,0,0
465,76,34,23,19,42,0.5526315789473685,0.3026315789473684,0.25,Sequence_Complexity,8,0.42105263157894735,2.0503530188143375,0,0,1,0,2,0,0,0,4,0,0,0,8,0,4,0,0
466,76,11,42,23,65,0.8552631578947368,0.5526315789473685,0.3026315789473684,Sampling_Gaps,4,0.17391304347826086,2.2672554139472934,1,4,0,4,2,2,0,0,4,0,0,4,0,0,0,0,2
467,76,22,30,24,54,0.7105263157894737,0.39473684210526316,0.3157894736842105,Sequence_Complexity,5,0.20833333333333334,2.3465108966253383,0,0,0,0,0,0,5,0,0,5,5,0,5,0,0,3,1
468,76,37,31,8,39,0.5131578947368421,0.40789473684210525,0.10526315789473684,Acceleration,6,0.75,1.486879682462122,6,0,0,0,0,0,1,0,0,0,0,0,1,0,0,0,0
469,76,27,27,22,49,0.6447368421052632,0.35526315789473684,0.2894736842105263,Localization,7,0.3181818181818182,2.2126634071577835,2,0,0,0,0,0,0,3,7,0,0,6,4,0,0,0,0
470,76,39,22,15,37,0.4868421052631579,0.2894736842105263,0.19736842105263158,Path_Evolution,7,0.4666666666666667,1.8347769660175541,0,0,0,0,0,0,0,0,0,7,0,0,0,0,3,3,2
471,76,16,47,13,60,0.7894736842105263,0.618421052631579,0.17105263157894737,Localization,5,0.38461538461538464,1.7916733489266672,0,0,1,0,1,0,1,0,5,0,1,2,0,1,0,0,1
472,76,39,20,17,37,0.4868421052631579,0.2631578947368421,0.2236842105263158,Indentation,8,0.47058823529411764,1.8883994090286067,0,0,0,4,0,2,8,0,0,0,0,3,0,0,0,0,0
473,76,27,35,14,49,0.6447368421052632,0.4605263157894737,0.18421052631578946,Sampling_Gaps,6,0.42857142857142855,1.762053590283831,0,0,0,6,0,0,0,0,0,2,0,6,0,0,0,0,0
474,76,22,36,18,54,0.7105263157894737,0.47368421052631576,0.23684210526315788,Displacement,6,0.3333333333333333,2.0887288470900196,0,0,6,0,5,0,3,0,0,0,0,0,1,1,1,0,1
475,76,7,52,17,69,0.9078947368421053,0.6842105263157895,0.2236842105263158,Sampling_Gaps,4,0.23529411764705882,1.8785281739996373,0,0,0,2,2,0,0,1,2,1,0,4,1,1,0,1,2
476,76,42,16,18,34,0.4473684210526316,0.21052631578947367,0.23684210526315788,Duration,9,0.5,1.820079726943379,0,0,0,9,0,0,0,0,0,0,1,6,0,0,0,0,2
477,76,16,33,27,60,0.7894736842105263,0.4342105263157895,0.35526315789473684,Speed,6,0.2222222222222222,2.514385165364991,6,0,6,0,1,0,0,2,1,0,3,0,0,1,0,6,1
478,76,24,28,24,52,0.6842105263157895,0.3684210526315789,0.3157894736842105,Speed,7,0.2916666666666667,2.3871914901792746,5,3,4,0,1,0,0,3,0,0,0,0,0,1,0,7,0
479,76,2,68,6,74,0.9736842105263158,0.8947368421052632,0.07894736842105263,Curvature,2,0.3333333333333333,0.7486186554827556,0,2,0,0,1,0,0,1,0,0,0,0,0,0,0,1,1
480,76,34,37,5,42,0.5526315789473685,0.4868421052631579,0.06578947368421052,Displacement,4,0.8,1.330512893301708,0,0,4,0,0,0,0,0,0,0,0,0,0,1,0,0,0
481,76,11,64,1,65,0.8552631578947368,0.8421052631578947,0.013157894736842105,Geometric,1,1.0,0.6945887265355557,0,0,0,0,0,1,0,0,0,0,0,0,0,0,0,0,0
482,76,46,24,6,30,0.39473684210526316,0.3157894736842105,0.07894736842105263,Sequence_Complexity,4,0.6666666666666666,1.3515729082339756,0,0,0,0,0,0,0,0,0,0,0,0,4,0,1,1,0
483,76,6,44,26,70,0.9210526315789473,0.5789473684210527,0.34210526315789475,Phase_Change,4,0.15384615384615385,2.399511017041856,1,4,4,0,1,1,3,1,0,4,4,0,0,1,0,1,1
484,76,16,50,10,60,0.7894736842105263,0.6578947368421053,0.13157894736842105,Localization,4,0.4,1.534864230697056,1,0,0,0,0,0,2,0,4,2,0,0,1,0,0,0,0
485,76,36,30,10,40,0.5263157894736842,0.39473684210526316,0.13157894736842105,Acceleration,5,0.5,1.6566951661460114,5,0,2,0,0,0,2,0,0,0,0,0,0,0,0,0,1
486,76,6,50,20,70,0.9210526315789473,0.6578947368421053,0.2631578947368421,Curvature,4,0.2,1.9489520594736243,3,4,0,0,2,0,3,0,1,3,1,0,3,0,0,0,0
487,76,10,61,5,66,0.868421052631579,0.8026315789473685,0.06578947368421052,Phase_Change,3,0.6,0.9880703286755176,0,1,0,0,0,0,0,0,1,0,3,0,0,0,0,0,0
488,76,18,44,14,58,0.7631578947368421,0.5789473684210527,0.18421052631578946,Displacement,5,0.35714285714285715,1.8678843329114863,2,0,5,0,0,0,0,2,0,1,1,0,1,2,0,0,0
489,76,16,51,9,60,0.7894736842105263,0.6710526315789473,0.11842105263157894,Indentation,4,0.4444444444444444,1.4314988299868783,1,3,0,0,0,1,4,0,0,0,0,0,0,0,0,0,0
490,76,31,44,1,45,0.5921052631578947,0.5789473684210527,0.013157894736842105,Temporal,1,1.0,1.0664133444694512,0,0,0,0,0,0,0,0,0,0,0,0,0,0,0,0,1
491,76,24,37,15,52,0.6842105263157895,0.4868421052631579,0.19736842105263158,Sequence_Complexity,6,0.4,1.9182757101268844,2,0,2,0,0,0,3,0,0,0,0,0,6,2,0,0,0
492,76,10,56,10,66,0.868421052631579,0.7368421052631579,0.13157894736842105,Indentation,2,0.2,1.4527807162843818,1,0,2,0,2,0,2,0,0,1,0,0,1,0,0,1,0
493,76,51,23,2,25,0.32894736842105265,0.3026315789473684,0.02631578947368421,Kinematic,1,0.5,1.0724588630507228,0,0,0,0,0,0,1,1,0,0,0,0,0,0,0,0,0
494,76,13,49,14,63,0.8289473684210527,0.6447368421052632,0.18421052631578946,Curvature,5,0.35714285714285715,1.7369256822341612,0,5,1,0,1,0,1,0,4,1,0,0,0,0,0,1,0
495,76,11,51,14,65,0.8552631578947368,0.6710526315789473,0.18421052631578946,Extent,5,0.35714285714285715,1.6990858263099426,0,1,1,3,5,0,0,0,1,2,0,0,0,0,0,1,0
496,76,24,35,17,52,0.6842105263157895,0.4605263157894737,0.2236842105263158,Localization,7,0.4117647058823529,2.0477236968016803,0,0,0,0,2,2,2,0,7,2,0,0,0,0,0,2,0
497,76,1,62,13,75,0.9868421052631579,0.8157894736842105,0.17105263157894737,Speed,2,0.15384615384615385,1.232662102338503,1,2,0,0,0,0,2,0,2,2,0,0,2,0,0,2,0
498,76,24,36,16,52,0.6842105263157895,0.47368421052631576,0.21052631578947367,Speed,6,0.375,1.9102146835283498,0,0,0,0,0,0,0,0,4,0,4,0,2,0,0,6,0
499,76,9,52,15,67,0.881578947368421,0.6842105263157895,0.19736842105263158,Phase_Change,3,0.2,1.80441333109515,0,1,1,2,0,0,1,0,2,1,3,2,0,0,0,0,2
500,76,13,33,30,63,0.8289473684210527,0.4342105263157895,0.39473684210526316,Indentation,5,0.16666666666666666,2.705823398209982,4,4,1,3,0,3,5,0,4,0,0,3,0,0,0,0,3
501,76,24,36,16,52,0.6842105263157895,0.47368421052631576,0.21052631578947367,Localization,4,0.25,2.031860900605146,0,0,3,0,3,2,1,0,4,0,0,0,0,0,0,3,0
502,76,18,38,20,58,0.7631578947368421,0.5,0.2631578947368421,Acceleration,6,0.3,2.1854991181368972,6,2,0,0,0,1,2,3,0,0,0,0,2,0,0,4,0
503,76,38,32,6,38,0.5,0.42105263157894735,0.07894736842105263,Localization,2,0.3333333333333333,1.4397532304060032,0,0,2,0,2,0,0,0,2,0,0,0,0,0,0,0,0
504,76,29,37,10,47,0.618421052631579,0.4868421052631579,0.13157894736842105,Sequence_Complexity,8,0.8,1.54225352150976,0,1,0,0,0,0,0,0,0,0,0,0,8,0,0,1,0
505,76,39,27,10,37,0.4868421052631579,0.35526315789473684,0.13157894736842105,Indentation,4,0.4,1.652302031914575,3,0,0,0,0,0,4,0,0,0,0,0,0,1,0,2,0
506,76,6,63,7,70,0.9210526315789473,0.8289473684210527,0.09210526315789473,Duration,4,0.5714285714285714,0.9574221162748793,0,0,0,4,0,0,0,0,0,0,0,1,0,0,0,2,0
507,76,22,47,7,54,0.7105263157894737,0.618421052631579,0.09210526315789473,Speed,2,0.2857142857142857,1.495648939247934,1,1,0,0,1,0,0,1,0,0,0,0,0,0,0,2,1
508,76,3,63,10,73,0.9605263157894737,0.8289473684210527,0.13157894736842105,Localization,3,0.3,1.167948432064353,1,1,1,0,1,0,1,0,3,1,1,0,0,0,0,0,0
509,76,18,49,9,58,0.7631578947368421,0.6447368421052632,0.11842105263157894,Path_Evolution,2,0.2222222222222222,1.587671824132969,0,1,1,0,2,0,0,0,0,2,0,0,1,1,1,0,0
510,76,16,58,2,60,0.7894736842105263,0.7631578947368421,0.02631578947368421,Temporal,1,0.5,0.9352578066357016,0,0,0,0,0,0,0,0,0,0,0,0,0,1,0,0,1
511,76,28,30,18,48,0.631578947368421,0.39473684210526316,0.23684210526315788,Speed,4,0.2222222222222222,2.1615124714957967,3,4,4,0,0,0,0,0,0,0,0,0,0,1,1,4,1
512,76,28,42,6,48,0.631578947368421,0.5526315789473685,0.07894736842105263,Path_Evolution,2,0.3333333333333333,1.4705160716762058,1,0,1,0,1,0,0,0,0,2,0,0,0,0,1,0,0
513,76,22,53,1,54,0.7105263157894737,0.6973684210526315,0.013157894736842105,Displacement,1,1.0,0.9625685699979264,0,0,1,0,0,0,0,0,0,0,0,0,0,0,0,0,0
514,76,28,41,7,48,0.631578947368421,0.5394736842105263,0.09210526315789473,Sequence_Complexity,2,0.2857142857142857,1.5075910659836598,2,2,0,0,0,0,0,0,0,0,0,0,2,0,1,0,0
515,76,18,28,30,58,0.7631578947368421,0.3684210526315789,0.39473684210526316,Phase_Change,6,0.2,2.6603182199795654,5,0,1,0,6,0,0,2,2,5,6,0,0,3,0,0,0
516,76,31,32,13,45,0.5921052631578947,0.42105263157894735,0.17105263157894737,Spatial_Context,3,0.23076923076923078,1.9078650380688023,3,0,3,0,1,0,0,2,0,0,0,0,1,3,0,0,0
517,76,22,33,21,54,0.7105263157894737,0.4342105263157895,0.27631578947368424,Speed,6,0.2857142857142857,2.253295256108015,2,0,2,0,0,0,2,1,0,6,0,0,0,0,2,6,0
518,76,4,54,18,72,0.9473684210526315,0.7105263157894737,0.23684210526315788,Spatial_Context,2,0.1111111111111111,1.8694548145379628,0,2,2,2,1,0,0,0,1,1,2,2,2,2,1,0,0
519,76,16,44,16,60,0.7894736842105263,0.5789473684210527,0.21052631578947367,Localization,6,0.375,1.90944374733348,0,0,0,0,2,2,2,2,6,0,0,0,0,0,0,0,2
520,76,16,44,16,60,0.7894736842105263,0.5789473684210527,0.21052631578947367,Curvature,6,0.375,1.783001109511943,0,6,0,0,4,0,5,0,1,0,0,0,0,0,0,0,0
521,76,34,34,8,42,0.5526315789473685,0.4473684210526316,0.10526315789473684,Speed,3,0.375,1.544542668583717,0,0,0,0,0,0,2,0,0,0,3,0,0,0,0,3,0
522,76,29,25,22,47,0.618421052631579,0.32894736842105265,0.2894736842105263,Displacement,8,0.36363636363636365,2.2315786172651895,0,3,8,0,0,2,6,0,0,0,0,0,0,1,2,0,0
523,76,16,40,20,60,0.7894736842105263,0.5263157894736842,0.2631578947368421,Speed,5,0.25,2.194027451017689,0,0,0,2,0,0,0,1,2,2,0,5,0,1,2,5,0
524,76,22,23,31,54,0.7105263157894737,0.3026315789473684,0.40789473684210525,Speed,5,0.16129032258064516,2.7453272111867975,0,0,0,5,0,0,0,0,5,5,5,0,0,2,2,5,2
525,76,16,46,14,60,0.7894736842105263,0.6052631578947368,0.18421052631578946,Sampling_Gaps,5,0.35714285714285715,1.784726652162186,0,1,0,3,1,0,0,0,1,0,3,5,0,0,0,0,0
526,76,39,24,13,37,0.4868421052631579,0.3157894736842105,0.17105263157894737,Sampling_Gaps,5,0.38461538461538464,1.7245139999255295,0,0,0,0,4,0,0,0,0,0,4,5,0,0,0,0,0
527,76,22,27,27,54,0.7105263157894737,0.35526315789473684,0.35526315789473684,Sampling_Gaps,7,0.25925925925925924,2.5881782684062506,0,4,0,0,4,0,0,2,4,0,0,7,0,2,2,2,0
528,76,21,29,26,55,0.7236842105263158,0.3815789473684211,0.34210526315789475,Speed,6,0.23076923076923078,2.4794495232830873,0,6,3,0,3,0,3,0,0,4,0,0,0,0,1,6,0
529,76,24,32,20,52,0.6842105263157895,0.42105263157894735,0.2631578947368421,Curvature,7,0.35,2.0729245536258514,0,7,0,0,5,0,0,0,4,0,4,0,0,0,0,0,0
530,76,16,35,25,60,0.7894736842105263,0.4605263157894737,0.32894736842105265,Speed,6,0.24,2.484056058100762,3,0,4,0,3,1,0,1,0,3,0,0,3,0,1,6,0
531,76,4,63,9,72,0.9473684210526315,0.8289473684210527,0.11842105263157894,Extent,3,0.3333333333333333,1.062685274169616,1,1,0,3,3,0,0,0,0,1,0,0,0,0,0,0,0
532,76,4,53,19,72,0.9473684210526315,0.6973684210526315,0.25,Sampling_Gaps,3,0.15789473684210525,1.8552374266233227,3,2,2,0,0,0,0,0,0,2,3,3,1,0,1,0,2
533,76,18,43,15,58,0.7631578947368421,0.5657894736842105,0.19736842105263158,Sampling_Gaps,4,0.26666666666666666,1.9697311715973311,0,1,1,0,0,0,0,0,1,1,0,4,3,2,2,0,0
534,76,7,44,25,69,0.9078947368421053,0.5789473684210527,0.32894736842105265,Sampling_Gaps,4,0.16,2.3186990505934832,4,3,0,0,4,2,4,0,0,1,0,4,1,1,0,1,0
535,76,27,36,13,49,0.6447368421052632,0.47368421052631576,0.17105263157894737,Phase_Change,6,0.46153846153846156,1.8267559658822192,0,0,2,0,0,0,0,0,0,2,6,0,1,0,0,2,0
536,76,29,25,22,47,0.618421052631579,0.32894736842105265,0.2894736842105263,Sampling_Gaps,8,0.36363636363636365,2.156113650245326,0,0,0,0,0,0,2,0,0,2,8,8,0,0,0,0,2
537,76,34,31,11,42,0.5526315789473685,0.40789473684210525,0.14473684210526316,Extent,7,0.6363636363636364,1.692594530826376,0,1,0,0,7,1,0,0,1,0,0,0,1,0,0,0,0
538,76,27,24,25,49,0.6447368421052632,0.3157894736842105,0.32894736842105265,Duration,7,0.28,2.397902881297461,0,0,6,7,0,3,0,0,0,0,0,3,3,0,0,3,0
539,76,22,29,25,54,0.7105263157894737,0.3815789473684211,0.32894736842105265,Displacement,5,0.2,2.5032092905073102,0,4,5,0,0,1,0,0,0,4,4,0,4,0,2,0,1
540,76,51,23,2,25,0.32894736842105265,0.3026315789473684,0.02631578947368421,Speed,1,0.5,1.0724588630507228,0,0,0,0,0,1,0,0,0,0,0,0,0,0,0,1,0
541,76,39,20,17,37,0.4868421052631579,0.2631578947368421,0.2236842105263158,Phase_Change,8,0.47058823529411764,1.9410309879759748,3,0,0,0,0,0,0,2,0,0,8,0,0,0,0,2,2
542,76,11,38,27,65,0.8552631578947368,0.5,0.35526315789473684,Curvature,5,0.18518518518518517,2.5494454898869625,0,5,4,4,2,2,0,1,0,0,2,0,4,1,0,2,0
543,76,46,7,23,30,0.39473684210526316,0.09210526315789473,0.3026315789473684,Sampling_Gaps,9,0.391304347826087,1.742616659056424,5,0,9,0,0,0,0,0,0,0,0,9,0,0,0,0,0
544,76,24,25,27,52,0.6842105263157895,0.32894736842105265,0.35526315789473684,Curvature,7,0.25925925925925924,2.5104057802518813,0,7,1,0,0,3,0,0,4,0,0,6,0,2,0,4,0
545,76,16,41,19,60,0.7894736842105263,0.5394736842105263,0.25,Phase_Change,6,0.3157894736842105,2.11734468849843,2,2,0,0,0,0,0,0,2,3,6,0,2,0,0,0,2
546,76,15,51,10,61,0.8026315789473685,0.6710526315789473,0.13157894736842105,Phase_Change,5,0.5,1.4912605154289686,0,0,2,0,1,0,0,1,0,0,5,0,0,0,0,0,1
547,76,9,51,16,67,0.881578947368421,0.6710526315789473,0.21052631578947367,Sampling_Gaps,4,0.25,1.773089619232829,3,0,1,3,0,0,0,1,1,0,0,4,0,0,0,3,0
548,76,3,64,9,73,0.9605263157894737,0.8421052631578947,0.11842105263157894,Sequence_Complexity,3,0.3333333333333333,1.0076030067792383,0,3,1,0,0,0,0,0,0,1,0,0,3,0,0,1,0
549,76,11,49,16,65,0.8552631578947368,0.6447368421052632,0.21052631578947367,Speed,5,0.3125,1.7953773671866233,5,0,0,0,0,0,1,1,1,1,0,0,0,0,2,5,0
550,76,6,48,22,70,0.9210526315789473,0.631578947368421,0.2894736842105263,Speed,4,0.18181818181818182,2.1182875457405217,0,0,0,1,4,0,0,1,3,3,0,3,0,1,1,4,1
551,76,21,38,17,55,0.7236842105263158,0.5,0.2236842105263158,Sampling_Gaps,6,0.35294117647058826,2.0284609161032687,0,0,0,0,1,0,3,0,3,0,2,6,0,0,0,2,0
552,76,39,29,8,37,0.4868421052631579,0.3815789473684211,0.10526315789473684,Phase_Change,3,0.375,1.5305339555665565,0,2,0,0,0,0,0,3,0,0,3,0,0,0,0,0,0
553,76,22,32,22,54,0.7105263157894737,0.42105263157894735,0.2894736842105263,Duration,6,0.2727272727272727,2.300798584615326,0,0,0,6,5,0,0,0,0,2,3,0,0,0,1,4,1
554,76,48,22,6,28,0.3684210526315789,0.2894736842105263,0.07894736842105263,Phase_Change,2,0.3333333333333333,1.3770630970667954,0,0,0,0,0,1,0,0,0,2,2,0,0,0,1,0,0
555,76,3,57,16,73,0.9605263157894737,0.75,0.21052631578947367,Sampling_Gaps,3,0.1875,1.6855670751030498,1,0,1,0,1,0,1,1,3,1,1,3,1,0,1,0,1
556,76,46,16,14,30,0.39473684210526316,0.21052631578947367,0.18421052631578946,Displacement,8,0.5714285714285714,1.5940657969559615,0,0,8,0,5,0,0,0,0,0,1,0,0,0,0,0,0
557,76,9,55,12,67,0.881578947368421,0.7236842105263158,0.15789473684210525,Localization,4,0.3333333333333333,1.5307681811167813,1,2,0,0,1,0,0,1,4,0,2,0,1,0,0,0,0
558,76,39,9,28,37,0.4868421052631579,0.11842105263157894,0.3684210526315789,Sampling_Gaps,9,0.32142857142857145,2.1761643678109577,0,0,0,0,8,0,0,3,0,0,6,9,0,0,0,0,2
559,76,27,37,12,49,0.6447368421052632,0.4868421052631579,0.15789473684210525,Extent,4,0.3333333333333333,1.8382993938819432,0,2,0,0,4,0,1,2,2,0,0,0,0,0,0,1,0
560,76,29,33,14,47,0.618421052631579,0.4342105263157895,0.18421052631578946,Displacement,4,0.2857142857142857,1.9670531082129465,0,2,4,0,0,2,0,0,0,0,2,0,0,0,0,2,2
561,76,48,14,14,28,0.3684210526315789,0.18421052631578946,0.18421052631578946,Sequence_Complexity,9,0.6428571428571429,1.538578908754075,0,4,0,0,0,1,0,0,0,0,0,0,9,0,0,0,0
562,76,31,11,34,45,0.5921052631578947,0.14473684210526316,0.4473684210526316,Sampling_Gaps,8,0.23529411764705882,2.525074851130298,0,0,0,8,7,0,0,2,7,0,0,8,0,2,0,0,0
563,76,6,51,19,70,0.9210526315789473,0.6710526315789473,0.25,Sequence_Complexity,4,0.21052631578947367,1.8952503102215694,1,0,2,0,0,0,4,0,2,2,2,0,4,0,0,2,0
564,76,13,37,26,63,0.8289473684210527,0.4868421052631579,0.34210526315789475,Speed,5,0.19230769230769232,2.314984181387146,0,0,0,5,5,0,5,0,0,5,0,0,0,0,1,5,0
565,76,31,32,13,45,0.5921052631578947,0.42105263157894735,0.17105263157894737,Sequence_Complexity,7,0.5384615384615384,1.784354222964686,2,0,2,0,0,0,2,0,0,0,0,0,7,0,0,0,0
566,76,42,30,4,34,0.4473684210526316,0.39473684210526316,0.05263157894736842,Displacement,3,0.75,1.2684678144024413,0,0,3,0,0,0,0,0,0,1,0,0,0,0,0,0,0
567,76,61,3,12,15,0.19736842105263158,0.039473684210526314,0.15789473684210525,Indentation,10,0.8333333333333334,0.9617545392018334,0,0,0,0,0,2,10,0,0,0,0,0,0,0,0,0,0
568,76,29,34,13,47,0.618421052631579,0.4473684210526316,0.17105263157894737,Curvature,8,0.6153846153846154,1.7498329679013338,0,8,1,0,0,0,0,0,0,2,0,0,0,0,2,0,0
569,76,16,44,16,60,0.7894736842105263,0.5789473684210527,0.21052631578947367,Sequence_Complexity,3,0.1875,1.932277135405975,0,0,3,3,3,0,0,0,0,0,0,3,3,1,0,0,0
570,76,24,40,12,52,0.6842105263157895,0.5263157894736842,0.15789473684210525,Sequence_Complexity,3,0.25,1.794953844797149,0,2,0,0,0,0,0,0,3,0,0,0,3,0,0,2,2
571,76,39,30,7,37,0.4868421052631579,0.39473684210526316,0.09210526315789473,Phase_Change,7,1.0,1.340178975834553,0,0,0,0,0,0,0,0,0,0,7,0,0,0,0,0,0
572,76,51,12,13,25,0.32894736842105265,0.15789473684210525,0.17105263157894737,Localization,5,0.38461538461538464,1.5073036858088849,0,0,5,0,0,0,0,0,5,0,0,0,0,3,0,0,0
573,76,46,27,3,30,0.39473684210526316,0.35526315789473684,0.039473684210526314,Indentation,2,0.6666666666666666,1.1891668221667928,0,0,0,0,0,0,2,0,0,0,0,0,0,0,0,0,1
574,76,31,31,14,45,0.5921052631578947,0.40789473684210525,0.18421052631578946,Sequence_Complexity,6,0.42857142857142855,1.8970071680710436,0,2,2,0,2,0,0,0,0,0,2,0,6,0,0,0,0
575,76,16,33,27,60,0.7894736842105263,0.4342105263157895,0.35526315789473684,Sampling_Gaps,6,0.2222222222222222,2.516553547422629,5,0,0,0,0,2,4,1,4,0,0,6,0,0,0,4,1
576,76,31,26,19,45,0.5921052631578947,0.34210526315789475,0.25,Indentation,6,0.3157894736842105,2.137128713749478,0,5,0,0,0,1,6,0,3,3,0,0,0,0,1,0,0
577,76,39,15,22,37,0.4868421052631579,0.19736842105263158,0.2894736842105263,Indentation,9,0.4090909090909091,2.0054981721085006,0,0,0,0,0,3,9,0,7,0,3,0,0,0,0,0,0
578,76,31,40,5,45,0.5921052631578947,0.5263157894736842,0.06578947368421052,Indentation,2,0.4,1.3998063368976954,0,0,1,0,1,0,2,0,0,0,0,0,1,0,0,0,0
579,76,3,56,17,73,0.9605263157894737,0.7368421052631579,0.2236842105263158,Speed,3,0.17647058823529413,1.656002340469333,0,0,0,1,3,0,0,1,0,3,3,1,0,0,1,3,1
580,76,31,29,16,45,0.5921052631578947,0.3815789473684211,0.21052631578947367,Speed,7,0.4375,1.856289310950175,7,1,0,0,0,0,0,1,0,0,0,0,0,0,0,7,0
581,76,13,47,16,63,0.8289473684210527,0.618421052631579,0.21052631578947367,Localization,5,0.3125,1.9218612918762172,2,1,2,0,2,0,0,2,5,0,0,0,1,0,0,1,0
582,76,7,45,24,69,0.9078947368421053,0.5921052631578947,0.3157894736842105,Speed,3,0.125,2.319515522653376,3,0,0,3,0,0,0,2,2,3,1,3,0,0,2,3,2
583,76,46,20,10,30,0.39473684210526316,0.2631578947368421,0.13157894736842105,Localization,5,0.5,1.509347877248761,0,4,0,0,0,0,0,0,5,0,1,0,0,0,0,0,0
584,76,11,36,29,65,0.8552631578947368,0.47368421052631576,0.3815789473684211,Speed,4,0.13793103448275862,2.561466357431302,4,4,0,0,4,0,4,0,4,4,0,0,0,0,0,4,1
585,76,13,42,21,63,0.8289473684210527,0.5526315789473685,0.27631578947368424,Indentation,5,0.23809523809523808,2.1879641378701744,2,5,2,0,3,1,5,1,0,2,0,0,0,0,0,0,0
586,76,11,49,16,65,0.8552631578947368,0.6447368421052632,0.21052631578947367,Phase_Change,5,0.3125,1.8329399062954834,0,1,0,0,0,0,0,0,2,3,5,0,2,0,1,0,2
587,76,16,37,23,60,0.7894736842105263,0.4868421052631579,0.3026315789473684,Acceleration,6,0.2608695652173913,2.352743473398646,6,0,3,0,0,0,3,1,0,3,0,0,3,0,1,3,0
588,76,16,51,9,60,0.7894736842105263,0.6710526315789473,0.11842105263157894,Speed,5,0.5555555555555556,1.4465678698253868,1,0,1,0,0,0,0,0,1,0,0,0,0,1,0,5,0
589,76,7,49,20,69,0.9078947368421053,0.6447368421052632,0.2631578947368421,Indentation,4,0.2,2.0798713711271586,2,2,1,0,2,2,4,1,2,2,0,0,0,0,0,2,0
590,76,27,33,16,49,0.6447368421052632,0.4342105263157895,0.21052631578947367,Path_Evolution,7,0.4375,1.9518952377640348,1,2,2,0,0,0,0,0,0,7,0,0,0,0,4,0,0
591,76,13,44,19,63,0.8289473684210527,0.5789473684210527,0.25,Path_Evolution,5,0.2631578947368421,2.0335212501947386,2,1,0,0,0,0,5,0,0,5,0,0,2,0,3,1,0
592,76,10,52,14,66,0.868421052631579,0.6842105263157895,0.18421052631578946,Extent,5,0.35714285714285715,1.6788250559877003,0,0,2,0,5,0,0,0,0,2,2,0,0,1,1,0,1
593,76,21,42,13,55,0.7236842105263158,0.5526315789473685,0.17105263157894737,Localization,6,0.46153846153846156,1.8239041892411003,1,0,1,0,1,0,2,0,6,1,0,0,0,0,1,0,0
594,76,7,48,21,69,0.9078947368421053,0.631578947368421,0.27631578947368424,Sampling_Gaps,4,0.19047619047619047,1.9947767306364055,3,0,4,4,0,0,0,0,0,3,0,4,0,2,0,0,1
595,76,6,63,7,70,0.9210526315789473,0.8289473684210527,0.09210526315789473,Phase_Change,1,0.14285714285714285,1.0890010636433003,1,0,1,0,1,0,1,0,1,1,1,0,0,0,0,0,0
596,76,16,52,8,60,0.7894736842105263,0.6842105263157895,0.10526315789473684,Sequence_Complexity,3,0.375,1.3540769825532732,0,0,2,0,0,0,3,0,0,0,0,0,3,0,0,0,0
597,76,31,30,15,45,0.5921052631578947,0.39473684210526316,0.19736842105263158,Phase_Change,4,0.26666666666666666,1.997250329275966,3,0,3,0,0,0,0,3,0,1,4,0,0,1,0,0,0
598,76,1,67,8,75,0.9868421052631579,0.881578947368421,0.10526315789473684,Curvature,2,0.25,0.873875200803181,1,2,1,1,0,0,0,0,1,1,0,1,0,0,0,0,0
599,76,11,47,18,65,0.8552631578947368,0.618421052631579,0.23684210526315788,Displacement,5,0.2777777777777778,2.0441913054112235,1,1,5,0,0,2,3,0,1,0,0,0,1,2,1,1,0
600,76,31,33,12,45,0.5921052631578947,0.4342105263157895,0.15789473684210525,Speed,6,0.5,1.7801003217968876,2,0,2,0,0,0,0,0,1,0,0,0,0,0,1,6,0
601,76,11,37,28,65,0.8552631578947368,0.4868421052631579,0.3684210526315789,Sequence_Complexity,5,0.17857142857142858,2.5323047337231213,4,0,0,0,3,0,1,0,1,5,5,0,5,0,2,0,2
602,76,6,59,11,70,0.9210526315789473,0.7763157894736842,0.14473684210526316,Displacement,3,0.2727272727272727,1.3618669553009664,1,2,3,0,2,1,0,0,0,0,0,0,0,1,0,1,0
603,76,15,37,24,61,0.8026315789473685,0.4868421052631579,0.3157894736842105,Acceleration,6,0.25,2.417301579585477,6,0,4,0,0,0,0,1,3,3,2,0,3,1,1,0,0
604,76,16,43,17,60,0.7894736842105263,0.5657894736842105,0.2236842105263158,Curvature,6,0.35294117647058826,2.016426895566209,0,6,1,0,1,2,2,0,0,1,0,0,0,0,1,3,0
605,76,11,63,2,65,0.8552631578947368,0.8289473684210527,0.02631578947368421,Path_Evolution,1,0.5,0.7923698425816775,0,0,1,0,0,0,0,0,0,1,0,0,0,0,0,0,0
606,76,4,53,19,72,0.9473684210526315,0.6973684210526315,0.25,Phase_Change,3,0.15789473684210525,1.8716204858053822,0,0,3,0,3,1,3,1,1,1,3,0,0,2,0,1,0
607,76,6,53,17,70,0.9210526315789473,0.6973684210526315,0.2236842105263158,Sequence_Complexity,4,0.23529411764705882,1.733591209546526,1,4,4,0,0,0,0,0,1,1,1,0,4,0,0,1,0
608,76,7,40,29,69,0.9078947368421053,0.5263157894736842,0.3815789473684211,Path_Evolution,4,0.13793103448275862,2.5994604640743595,4,0,4,0,4,0,0,2,1,4,3,0,2,2,0,1,2
609,76,7,53,16,69,0.9078947368421053,0.6973684210526315,0.21052631578947367,Sampling_Gaps,3,0.1875,1.7545599995917012,0,3,2,3,0,1,0,0,1,0,0,3,0,1,0,0,2
610,76,4,62,10,72,0.9473684210526315,0.8157894736842105,0.13157894736842105,Temporal,1,0.1,1.2852936812858713,0,0,1,1,1,0,0,0,0,1,0,1,1,1,1,1,1
611,76,7,55,14,69,0.9078947368421053,0.7236842105263158,0.18421052631578946,Phase_Change,4,0.2857142857142857,1.5160029253085918,0,2,0,0,0,2,0,0,0,4,4,0,0,2,0,0,0
612,76,6,48,22,70,0.9210526315789473,0.631578947368421,0.2894736842105263,Phase_Change,4,0.18181818181818182,2.138153006323771,0,3,0,0,2,1,0,0,2,4,4,2,1,1,0,2,0
613,76,11,52,13,65,0.8552631578947368,0.6842105263157895,0.17105263157894737,Path_Evolution,4,0.3076923076923077,1.6527761890947623,2,0,3,0,0,0,0,1,0,4,0,0,0,1,0,1,1
614,76,21,43,12,55,0.7236842105263158,0.5657894736842105,0.15789473684210525,Phase_Change,6,0.5,1.7337456011426498,1,1,1,0,0,0,0,0,0,0,6,0,0,2,0,1,0
615,76,18,36,22,58,0.7631578947368421,0.47368421052631576,0.2894736842105263,Sequence_Complexity,5,0.22727272727272727,2.3380575327998754,2,0,5,0,2,0,0,0,2,2,0,0,5,3,0,0,1
616,76,1,63,12,75,0.9868421052631579,0.8289473684210527,0.15789473684210525,Phase_Change,2,0.16666666666666666,1.1614981031739178,2,1,2,2,0,0,0,0,1,2,2,0,0,0,0,0,0
617,76,22,37,17,54,0.7105263157894737,0.4868421052631579,0.2236842105263158,Path_Evolution,6,0.35294117647058826,1.9863904062469333,0,0,6,0,0,0,0,1,0,6,0,0,0,2,0,1,1
618,76,11,44,21,65,0.8552631578947368,0.5789473684210527,0.27631578947368424,Displacement,5,0.23809523809523808,2.134331895000801,1,0,5,0,3,0,0,1,0,4,0,0,0,2,0,4,1
619,76,4,49,23,72,0.9473684210526315,0.6447368421052632,0.3026315789473684,Speed,3,0.13043478260869565,2.1671336664659666,2,0,3,3,3,0,0,2,2,1,0,1,0,2,1,3,0
620,76,48,22,6,28,0.3684210526315789,0.2894736842105263,0.07894736842105263,Temporal,2,0.3333333333333333,1.3507473075931113,0,0,0,0,0,2,2,0,0,0,0,0,0,0,0,0,2
621,76,21,44,11,55,0.7236842105263158,0.5789473684210527,0.14473684210526316,Duration,4,0.36363636363636365,1.653078242383605,0,0,0,4,0,3,2,0,0,0,0,2,0,0,0,0,0
622,76,55,11,10,21,0.27631578947368424,0.14473684210526316,0.13157894736842105,Localization,9,0.9,1.1879557099982256,0,0,0,0,0,0,0,0,9,0,0,0,1,0,0,0,0
623,76,18,52,6,58,0.7631578947368421,0.6842105263157895,0.07894736842105263,Sequence_Complexity,3,0.5,1.271132738819087,0,0,0,0,0,1,0,0,0,2,0,0,3,0,0,0,0
624,76,16,55,5,60,0.7894736842105263,0.7236842105263158,0.06578947368421052,Indentation,2,0.4,1.1956277207612658,0,0,0,0,0,0,2,0,0,0,1,0,1,0,0,0,1
625,76,16,55,5,60,0.7894736842105263,0.7236842105263158,0.06578947368421052,Localization,5,1.0,1.069185082939729,0,0,0,0,0,0,0,0,5,0,0,0,0,0,0,0,0
626,76,29,41,6,47,0.618421052631579,0.5394736842105263,0.07894736842105263,Sequence_Complexity,4,0.6666666666666666,1.3987027628114665,1,0,0,0,0,0,1,0,0,0,0,0,4,0,0,0,0
627,76,24,33,19,52,0.6842105263157895,0.4342105263157895,0.25,Speed,7,0.3684210526315789,2.05818734348266,0,0,0,0,0,0,0,3,0,0,2,0,6,1,0,7,0
628,76,21,41,14,55,0.7236842105263158,0.5394736842105263,0.18421052631578946,Localization,6,0.42857142857142855,1.85104645325693,0,2,0,0,0,3,1,0,6,0,0,0,1,0,0,1,0
629,76,21,37,18,55,0.7236842105263158,0.4868421052631579,0.23684210526315788,Sequence_Complexity,5,0.2777777777777778,2.1313124688705285,0,3,0,0,2,3,3,0,1,0,1,0,5,0,0,0,0
630,76,31,35,10,45,0.5921052631578947,0.4605263157894737,0.13157894736842105,Sequence_Complexity,2,0.2,1.7597039448242833,2,2,0,0,2,0,0,1,0,0,0,0,2,0,0,0,1
631,76,18,45,13,58,0.7631578947368421,0.5921052631578947,0.17105263157894737,Displacement,6,0.46153846153846156,1.7156024888740145,0,0,6,0,0,0,0,0,0,0,0,0,1,3,0,2,1
632,76,39,22,15,37,0.4868421052631579,0.2894736842105263,0.19736842105263158,Localization,8,0.5333333333333333,1.7762456368635193,1,0,0,0,0,0,0,0,8,0,0,0,5,0,1,0,0
633,76,34,19,23,42,0.5526315789473685,0.25,0.3026315789473684,Duration,7,0.30434782608695654,2.180686969717793,0,1,0,7,6,0,0,0,0,0,0,6,0,0,3,0,0
634,76,12,49,15,64,0.8421052631578947,0.6447368421052632,0.19736842105263158,Sampling_Gaps,3,0.2,1.785297482141573,0,3,0,3,0,0,0,2,3,0,0,3,1,0,0,0,0
635,76,31,30,15,45,0.5921052631578947,0.39473684210526316,0.19736842105263158,Speed,8,0.5333333333333333,1.84283799383505,0,4,0,0,0,0,0,2,0,0,1,0,0,0,0,8,0
636,76,27,34,15,49,0.6447368421052632,0.4473684210526316,0.19736842105263158,Localization,7,0.4666666666666667,1.9452014132418955,2,0,1,0,0,0,0,0,7,0,0,0,2,1,0,2,0
637,76,9,47,20,67,0.881578947368421,0.618421052631579,0.2631578947368421,Sequence_Complexity,4,0.2,2.022864670730997,2,0,2,0,3,0,0,0,0,4,0,0,4,0,3,2,0
638,76,6,46,24,70,0.9210526315789473,0.6052631578947368,0.3157894736842105,Extent,4,0.16666666666666666,2.3287395201614816,2,2,0,0,4,1,2,1,3,3,0,0,1,1,1,3,0
639,76,15,41,20,61,0.8026315789473685,0.5394736842105263,0.2631578947368421,Duration,6,0.3,2.061910485754159,0,1,0,6,0,0,0,0,0,3,5,0,1,0,0,4,0
640,76,15,45,16,61,0.8026315789473685,0.5921052631578947,0.21052631578947367,Phase_Change,6,0.375,1.8682411483419157,0,0,1,0,1,0,1,0,0,1,6,0,0,0,0,5,1
641,76,10,50,16,66,0.868421052631579,0.6578947368421053,0.21052631578947367,Indentation,5,0.3125,1.7081678961798135,2,0,0,0,4,1,5,0,0,0,0,0,0,0,0,4,0
642,76,11,42,23,65,0.8552631578947368,0.5526315789473685,0.3026315789473684,Localization,4,0.17391304347826086,2.2866064006185987,3,3,0,3,0,0,0,0,4,3,0,3,0,0,0,3,1
643,76,31,31,14,45,0.5921052631578947,0.40789473684210525,0.18421052631578946,Speed,3,0.21428571428571427,1.9297732864351629,0,3,0,0,0,0,0,0,3,3,0,0,0,0,2,3,0
644,76,2,60,14,74,0.9736842105263158,0.7894736842105263,0.18421052631578946,Temporal,2,0.14285714285714285,1.5056454642789652,1,1,1,1,1,0,1,0,1,1,1,0,0,0,2,1,2
645,76,22,45,9,54,0.7105263157894737,0.5921052631578947,0.11842105263157894,Phase_Change,6,0.6666666666666666,1.5012083035859165,0,0,0,0,0,0,0,1,0,0,6,0,0,1,0,0,1
646,76,15,33,28,61,0.8026315789473685,0.4342105263157895,0.3684210526315789,Displacement,6,0.21428571428571427,2.561586081828355,0,3,6,0,1,1,5,0,5,0,0,0,0,1,1,5,0
647,76,6,52,18,70,0.9210526315789473,0.6842105263157895,0.23684210526315788,Indentation,4,0.2222222222222222,1.886843100917392,0,3,3,0,1,1,4,0,0,0,1,0,2,1,1,1,0
648,76,31,31,14,45,0.5921052631578947,0.40789473684210525,0.18421052631578946,Sequence_Complexity,8,0.5714285714285714,1.8279925299416153,0,0,0,0,1,1,3,0,0,0,0,0,8,1,0,0,0
649,76,7,47,22,69,0.9078947368421053,0.618421052631579,0.2894736842105263,Path_Evolution,4,0.18181818181818182,2.0671813227606113,3,0,4,3,0,0,3,0,0,4,0,3,0,0,0,2,0
650,76,7,41,28,69,0.9078947368421053,0.5394736842105263,0.3684210526315789,Sequence_Complexity,4,0.14285714285714285,2.5365327220500578,0,2,2,4,4,1,4,1,3,0,0,0,4,1,0,2,0
651,76,28,25,23,48,0.631578947368421,0.32894736842105265,0.3026315789473684,Indentation,8,0.34782608695652173,2.138559315595982,0,0,0,0,8,0,8,0,0,2,0,0,0,0,0,5,0
652,76,16,35,25,60,0.7894736842105263,0.4605263157894737,0.32894736842105265,Phase_Change,5,0.2,2.3912339013574306,5,0,0,5,0,0,0,0,2,0,5,3,0,0,0,1,4
653,76,24,34,18,52,0.6842105263157895,0.4473684210526316,0.23684210526315788,Displacement,6,0.3333333333333333,2.0995393670447737,0,0,6,0,2,0,3,0,2,0,4,0,0,0,0,0,1
654,76,24,33,19,52,0.6842105263157895,0.4342105263157895,0.25,Speed,4,0.21052631578947367,2.2149787508628394,0,1,0,0,2,2,0,0,0,4,0,0,4,0,2,4,0
655,76,15,54,7,61,0.8026315789473685,0.7105263157894737,0.09210526315789473,Acceleration,3,0.42857142857142855,1.3252673614288677,3,0,1,0,0,0,1,0,1,0,0,0,1,0,0,0,0
656,76,16,41,19,60,0.7894736842105263,0.5394736842105263,0.25,Sequence_Complexity,5,0.2631578947368421,2.1060979388632544,0,0,3,0,3,1,4,0,0,2,1,0,5,0,0,0,0
657,76,7,58,11,69,0.9078947368421053,0.7631578947368421,0.14473684210526316,Sampling_Gaps,2,0.18181818181818182,1.4398435374988166,1,0,1,2,0,0,2,0,1,0,0,2,1,0,0,1,0
658,76,31,42,3,45,0.5921052631578947,0.5526315789473685,0.039473684210526314,Speed,1,0.3333333333333333,1.2471720216185713,0,0,0,0,0,0,0,0,0,0,1,0,1,0,0,1,0
659,76,42,27,7,34,0.4473684210526316,0.35526315789473684,0.09210526315789473,Path_Evolution,5,0.7142857142857143,1.399652055686238,2,0,0,0,0,0,0,0,0,5,0,0,0,0,0,0,0
660,76,16,54,6,60,0.7894736842105263,0.7105263157894737,0.07894736842105263,Localization,2,0.3333333333333333,1.2905074461169102,0,0,0,0,0,0,1,0,2,0,1,0,1,0,1,0,0
661,76,18,51,7,58,0.7631578947368421,0.6710526315789473,0.09210526315789473,Temporal,3,0.42857142857142855,1.3912534349084358,1,1,1,0,0,0,0,0,0,0,0,0,1,0,0,0,3
662,76,11,45,20,65,0.8552631578947368,0.5921052631578947,0.2631578947368421,Sequence_Complexity,5,0.25,2.158496229045132,2,0,2,0,2,0,0,0,1,2,2,0,5,2,0,0,2
663,76,37,34,5,39,0.5131578947368421,0.4473684210526316,0.06578947368421052,Displacement,4,0.8,1.330512893301708,0,0,4,0,0,0,0,0,0,0,0,0,0,1,0,0,0
664,76,16,51,9,60,0.7894736842105263,0.6710526315789473,0.11842105263157894,Sequence_Complexity,3,0.3333333333333333,1.510446198407931,1,1,1,0,1,0,0,0,2,0,0,0,3,0,0,0,0
665,76,34,25,17,42,0.5526315789473685,0.32894736842105265,0.2236842105263158,Indentation,5,0.29411764705882354,1.971028700313102,4,0,5,0,0,0,5,0,0,0,3,0,0,0,0,0,0
666,76,11,33,32,65,0.8552631578947368,0.4342105263157895,0.42105263157894735,Indentation,5,0.15625,2.7578247542720087,0,5,4,4,0,2,5,0,0,4,0,3,0,0,0,3,2
667,76,24,37,15,52,0.6842105263157895,0.4868421052631579,0.19736842105263158,Phase_Change,7,0.4666666666666667,1.9164111120995644,0,1,0,0,0,0,0,0,1,1,7,0,0,0,0,2,3
668,76,16,47,13,60,0.7894736842105263,0.618421052631579,0.17105263157894737,Indentation,6,0.46153846153846156,1.587597362027629,0,0,0,0,0,2,6,0,0,0,5,0,0,0,0,0,0
669,76,22,26,28,54,0.7105263157894737,0.34210526315789475,0.3684210526315789,Indentation,7,0.25,2.5281976622686813,0,5,0,6,1,2,7,0,0,0,0,5,0,2,0,0,0
670,76,31,35,10,45,0.5921052631578947,0.4605263157894737,0.13157894736842105,Localization,3,0.3,1.7398384842410342,0,3,0,0,1,1,0,0,3,1,0,0,0,1,0,0,0
671,76,37,34,5,39,0.5131578947368421,0.4473684210526316,0.06578947368421052,Curvature,3,0.6,1.3468959524837678,0,3,2,0,0,0,0,0,0,0,0,0,0,0,0,0,0
672,76,16,45,15,60,0.7894736842105263,0.5921052631578947,0.19736842105263158,Extent,6,0.4,1.7709169237909657,0,0,0,0,6,0,0,1,0,0,5,0,2,1,0,0,0
673,76,29,28,19,47,0.618421052631579,0.3684210526315789,0.25,Path_Evolution,4,0.21052631578947367,2.2283566361236837,0,4,0,0,0,2,4,2,1,4,0,0,0,0,2,0,0
674,76,10,44,22,66,0.868421052631579,0.5789473684210527,0.2894736842105263,Sampling_Gaps,4,0.18181818181818182,2.298070149350452,0,4,2,0,0,1,2,0,0,2,3,4,1,1,1,0,1
675,76,3,52,21,73,0.9605263157894737,0.6842105263157895,0.27631578947368424,Speed,3,0.14285714285714285,1.9558577390468206,0,3,2,2,1,1,0,1,0,0,3,2,3,0,0,3,0
676,76,24,43,9,52,0.6842105263157895,0.5657894736842105,0.11842105263157894,Sequence_Complexity,2,0.2222222222222222,1.624657980950191,0,0,2,0,2,0,0,0,2,0,0,0,2,0,0,0,1
677,76,16,38,22,60,0.7894736842105263,0.5,0.2894736842105263,Localization,5,0.22727272727272727,2.298581441548101,0,3,0,0,5,2,0,0,5,3,0,0,1,2,1,0,0
678,76,18,37,21,58,0.7631578947368421,0.4868421052631579,0.27631578947368424,Speed,6,0.2857142857142857,2.2271003810087158,0,1,0,0,0,0,0,2,6,3,1,0,1,0,1,6,0
679,76,34,31,11,42,0.5526315789473685,0.40789473684210525,0.14473684210526316,Indentation,4,0.36363636363636365,1.7570234380926888,0,0,0,0,1,0,4,0,0,3,0,0,0,0,2,1,0
680,76,11,58,7,65,0.8552631578947368,0.7631578947368421,0.09210526315789473,Temporal,1,0.14285714285714285,1.2766558618329344,1,0,1,0,0,0,0,0,1,1,1,0,1,0,0,0,1
681,76,51,24,1,25,0.32894736842105265,0.3157894736842105,0.013157894736842105,Indentation,1,1.0,0.9935486653139273,0,0,0,0,0,0,1,0,0,0,0,0,0,0,0,0,0
682,76,10,54,12,66,0.868421052631579,0.7105263157894737,0.15789473684210525,Speed,2,0.16666666666666666,1.5902537494212046,0,0,0,2,0,1,0,0,2,2,0,2,0,1,0,2,0
683,76,24,38,14,52,0.6842105263157895,0.5,0.18421052631578946,Sequence_Complexity,3,0.21428571428571427,1.9720048748581784,0,0,1,0,0,2,3,0,2,0,1,0,3,2,0,0,0
684,76,16,37,23,60,0.7894736842105263,0.4868421052631579,0.3026315789473684,Speed,4,0.17391304347826086,2.395956795966334,0,0,0,0,2,1,2,0,4,4,4,0,0,0,1,4,1
685,76,24,29,23,52,0.6842105263157895,0.3815789473684211,0.3026315789473684,Extent,7,0.30434782608695654,2.2895499366422567,0,6,0,0,7,3,1,0,0,0,4,0,0,0,0,2,0
686,76,16,48,12,60,0.7894736842105263,0.631578947368421,0.15789473684210525,Sequence_Complexity,2,0.16666666666666666,1.7732143550933812,2,0,0,2,0,0,0,1,1,1,0,2,2,0,0,1,0
687,76,39,27,10,37,0.4868421052631579,0.35526315789473684,0.13157894736842105,Sequence_Complexity,5,0.5,1.6673710717530834,2,0,0,0,0,0,1,0,0,0,0,0,5,0,1,0,1
688,76,38,24,14,38,0.5,0.3157894736842105,0.18421052631578946,Sequence_Complexity,4,0.2857142857142857,1.8404259274897572,0,3,3,0,0,0,0,0,0,4,0,0,4,0,0,0,0
689,76,46,28,2,30,0.39473684210526316,0.3684210526315789,0.02631578947368421,Indentation,1,0.5,1.1335882003352233,0,0,0,0,1,0,1,0,0,0,0,0,0,0,0,0,0
690,76,51,11,14,25,0.32894736842105265,0.14473684210526316,0.18421052631578946,Sequence_Complexity,8,0.5714285714285714,1.4721764513384097,0,5,0,0,0,0,0,0,0,0,0,0,8,0,1,0,0
691,76,51,18,7,25,0.32894736842105265,0.23684210526315788,0.09210526315789473,Sequence_Complexity,4,0.5714285714285714,1.3222387967790077,0,0,0,0,0,0,0,0,0,2,0,0,4,0,1,0,0
692,76,55,17,4,21,0.27631578947368424,0.2236842105263158,0.05263157894736842,Sequence_Complexity,4,1.0,1.0444847167973743,0,0,0,0,0,0,0,0,0,0,0,0,4,0,0,0,0
693,76,31,29,16,45,0.5921052631578947,0.3815789473684211,0.21052631578947367,Sequence_Complexity,5,0.3125,1.947584586373941,4,0,0,0,4,0,0,0,3,0,0,0,5,0,0,0,0
694,76,11,55,10,65,0.8552631578947368,0.7236842105263158,0.13157894736842105,Phase_Change,3,0.3,1.4118971574805133,0,1,1,0,0,0,3,0,0,0,3,0,2,0,0,0,0
695,76,38,31,7,38,0.5,0.40789473684210525,0.09210526315789473,Extent,5,0.7142857142857143,1.4240989396635042,0,2,0,0,5,0,0,0,0,0,0,0,0,0,0,0,0
696,76,61,8,7,15,0.19736842105263158,0.10526315789473684,0.09210526315789473,Speed,6,0.8571428571428571,0.967864979290125,0,0,0,0,0,0,0,0,0,0,0,0,0,0,0,6,1
697,76,22,29,25,54,0.7105263157894737,0.3815789473684211,0.32894736842105265,Phase_Change,6,0.24,2.510973638741296,4,3,0,0,4,0,0,1,0,3,6,0,0,0,2,0,2
698,76,37,24,15,39,0.5131578947368421,0.3157894736842105,0.19736842105263158,Indentation,7,0.4666666666666667,1.9164111120995644,0,0,0,0,0,1,7,0,2,0,0,0,3,0,1,0,1
699,76,4,53,19,72,0.9473684210526315,0.6973684210526315,0.25,Duration,3,0.15789473684210525,1.8751028872065718,2,2,2,3,0,0,2,0,2,2,2,0,2,0,0,0,0
700,76,22,33,21,54,0.7105263157894737,0.4342105263157895,0.27631578947368424,Speed,6,0.2857142857142857,2.2369121969259553,2,4,0,0,0,0,0,0,3,4,0,0,0,0,2,6,0
701,76,18,40,18,58,0.7631578947368421,0.5263157894736842,0.23684210526315788,Displacement,6,0.3333333333333333,2.1037785156789806,0,1,6,0,3,0,1,2,1,0,0,0,0,3,0,1,0
702,76,51,15,10,25,0.32894736842105265,0.19736842105263158,0.13157894736842105,Displacement,5,0.5,1.412313147007916,0,0,5,0,4,1,0,0,0,0,0,0,0,0,0,0,0
703,76,22,22,32,54,0.7105263157894737,0.2894736842105263,0.42105263157894735,Localization,7,0.21875,2.6782907023953637,0,3,0,0,7,1,6,0,7,0,6,0,0,1,0,0,1
704,76,18,27,31,58,0.7631578947368421,0.35526315789473684,0.40789473684210525,Localization,6,0.1935483870967742,2.689581052337451,4,5,0,0,5,1,6,0,6,0,0,0,0,1,0,3,0
705,76,11,46,19,65,0.8552631578947368,0.6052631578947368,0.25,Extent,5,0.2631578947368421,2.010928819173058,0,2,0,3,5,0,0,0,3,2,0,3,0,1,0,0,0
706,76,16,41,19,60,0.7894736842105263,0.5394736842105263,0.25,Speed,6,0.3157894736842105,2.11734468849843,0,2,2,0,0,0,0,2,3,2,0,0,0,0,2,6,0
707,76,9,54,13,67,0.881578947368421,0.7105263157894737,0.17105263157894737,Sequence_Complexity,2,0.15384615384615385,1.6256479064724259,2,0,2,2,0,0,0,0,2,0,0,2,2,1,0,0,0
708,76,38,33,5,38,0.5,0.4342105263157895,0.06578947368421052,Acceleration,2,0.4,1.407318941737201,2,0,0,0,0,0,1,0,1,0,0,0,1,0,0,0,0
709,76,28,30,18,48,0.631578947368421,0.39473684210526316,0.23684210526315788,Extent,8,0.4444444444444444,2.0200007938357514,1,0,0,0,8,0,1,0,0,6,0,0,0,1,1,0,0
710,76,16,55,5,60,0.7894736842105263,0.7236842105263158,0.06578947368421052,Phase_Change,2,0.4,1.195627720761266,1,0,0,0,0,0,1,0,0,1,2,0,0,0,0,0,0
711,76,39,24,13,37,0.4868421052631579,0.3157894736842105,0.17105263157894737,Curvature,6,0.46153846153846156,1.7046485393422803,0,6,5,0,0,2,0,0,0,0,0,0,0,0,0,0,0
712,76,39,16,21,37,0.4868421052631579,0.21052631578947367,0.27631578947368424,Extent,9,0.42857142857142855,2.0252344337712316,0,0,0,0,9,0,0,0,2,0,6,0,0,1,0,0,3
713,76,16,37,23,60,0.7894736842105263,0.4868421052631579,0.3026315789473684,Sequence_Complexity,5,0.21739130434782608,2.296169836420624,0,0,2,5,5,0,0,1,3,0,0,0,5,0,0,2,0
714,76,28,33,15,48,0.631578947368421,0.4342105263157895,0.19736842105263158,Path_Evolution,7,0.4666666666666667,1.9027669448229005,0,0,3,0,0,0,0,0,0,7,3,0,0,0,1,0,1
715,76,13,35,28,63,0.8289473684210527,0.4605263157894737,0.3684210526315789,Speed,5,0.17857142857142858,2.5853001728895246,4,1,4,5,2,0,0,3,0,0,0,3,0,1,0,5,0
716,76,11,49,16,65,0.8552631578947368,0.6447368421052632,0.21052631578947367,Acceleration,3,0.1875,1.95938254411702,3,1,2,0,2,0,0,1,0,1,2,0,0,1,0,2,1
717,76,31,33,12,45,0.5921052631578947,0.4342105263157895,0.15789473684210525,Phase_Change,5,0.4166666666666667,1.795169361635396,2,0,0,0,3,0,0,0,0,0,5,0,0,1,0,0,1
718,76,10,32,34,66,0.868421052631579,0.42105263157894735,0.4473684210526316,Phase_Change,5,0.14705882352941177,2.8576927391459424,0,5,5,5,0,1,4,0,0,2,5,0,0,1,1,4,1
719,76,24,37,15,52,0.6842105263157895,0.4868421052631579,0.19736842105263158,Localization,4,0.26666666666666666,1.9808400193658773,3,0,0,0,3,2,1,2,4,0,0,0,0,0,0,0,0
720,76,22,29,25,54,0.7105263157894737,0.3815789473684211,0.32894736842105265,Curvature,6,0.24,2.388353291123092,0,6,5,0,5,0,2,0,5,0,0,0,0,2,0,0,0
721,76,29,30,17,47,0.618421052631579,0.39473684210526316,0.2236842105263158,Localization,6,0.35294117647058826,2.02282597744873,6,0,1,0,0,0,2,1,6,0,0,0,0,0,0,0,1
722,76,31,34,11,45,0.5921052631578947,0.4473684210526316,0.14473684210526316,Localization,6,0.5454545454545454,1.6582106090883872,0,0,2,0,0,0,0,0,6,0,0,0,3,0,0,0,0
723,76,42,14,20,34,0.4473684210526316,0.18421052631578946,0.2631578947368421,Extent,9,0.45,1.9068845377471113,0,0,0,0,9,4,5,0,0,0,2,0,0,0,0,0,0
724,76,16,44,16,60,0.7894736842105263,0.5789473684210527,0.21052631578947367,Sampling_Gaps,4,0.25,1.9456922670987888,0,1,0,4,1,2,0,0,0,0,1,4,0,0,0,3,0
725,76,24,38,14,52,0.6842105263157895,0.5,0.18421052631578946,Duration,7,0.5,1.8122455399887534,0,0,1,7,0,0,1,0,4,0,0,0,1,0,0,0,0
726,76,16,46,14,60,0.7894736842105263,0.6052631578947368,0.18421052631578946,Path_Evolution,4,0.2857142857142857,1.842154651854295,0,0,1,0,0,2,2,0,0,4,0,0,3,0,0,1,1
727,76,10,52,14,66,0.868421052631579,0.6842105263157895,0.18421052631578946,Sampling_Gaps,5,0.35714285714285715,1.6050139971135318,0,0,1,5,0,0,1,0,1,1,0,5,0,0,0,0,0
728,76,16,41,19,60,0.7894736842105263,0.5394736842105263,0.25,Speed,6,0.3157894736842105,2.1799089977374226,0,0,1,0,2,2,0,2,2,1,0,0,1,0,2,6,0
729,76,18,43,15,58,0.7631578947368421,0.5657894736842105,0.19736842105263158,Path_Evolution,6,0.4,1.7707914942451768,0,0,0,0,0,0,0,0,0,6,5,0,0,3,0,0,1
730,76,21,39,16,55,0.7236842105263158,0.5131578947368421,0.21052631578947367,Sequence_Complexity,7,0.4375,1.8593668309079034,0,6,0,0,0,1,1,0,0,0,0,0,7,0,0,0,1
731,76,34,31,11,42,0.5526315789473685,0.40789473684210525,0.14473684210526316,Curvature,4,0.36363636363636365,1.7570234380926888,0,4,1,0,2,3,0,0,0,1,0,0,0,0,0,0,0
732,76,31,29,16,45,0.5921052631578947,0.3815789473684211,0.21052631578947367,Displacement,7,0.4375,1.9271685471069229,0,3,7,0,0,0,0,0,0,0,0,0,0,3,0,3,0
733,76,31,32,13,45,0.5921052631578947,0.42105263157894735,0.17105263157894737,Indentation,6,0.46153846153846156,1.8289176696477496,0,0,0,0,0,1,6,0,2,0,0,0,3,0,0,0,1
734,76,37,30,9,39,0.5131578947368421,0.39473684210526316,0.11842105263157894,Extent,5,0.5555555555555556,1.5957415546151181,0,0,0,0,5,0,0,0,2,0,0,0,0,0,1,0,1
735,76,18,54,4,58,0.7631578947368421,0.7105263157894737,0.05263157894736842,SpatioTemporal_Dynamics,2,0.5,1.1449988931437312,0,0,0,0,0,0,0,0,0,1,0,0,0,0,2,0,1
736,76,48,18,10,28,0.3684210526315789,0.23684210526315788,0.13157894736842105,Sequence_Complexity,4,0.4,1.5224426442254653,4,0,0,0,0,0,0,1,0,0,0,0,4,0,0,0,1
737,76,24,42,10,52,0.6842105263157895,0.5526315789473685,0.13157894736842105,Sequence_Complexity,3,0.3,1.668635318991709,0,0,3,0,0,0,2,0,0,0,0,0,3,1,0,0,1
738,76,61,9,6,15,0.19736842105263158,0.11842105263157894,0.07894736842105263,Extent,4,0.6666666666666666,0.980765637070995,0,0,0,0,4,0,0,0,0,0,0,0,0,2,0,0,0
739,76,22,36,18,54,0.7105263157894737,0.47368421052631576,0.23684210526315788,Displacement,7,0.3888888888888889,2.0342326701153315,0,0,7,0,0,0,0,0,0,3,5,0,0,1,1,0,1
740,76,24,47,5,52,0.6842105263157895,0.618421052631579,0.06578947368421052,SpatioTemporal_Dynamics,2,0.4,1.3123383549415235,0,0,0,0,0,0,0,0,1,2,0,0,0,0,2,0,0
741,76,42,24,10,34,0.4473684210526316,0.3157894736842105,0.13157894736842105,Sequence_Complexity,6,0.6,1.5107405821496038,0,0,0,0,0,4,0,0,0,0,0,0,6,0,0,0,0
742,76,39,33,4,37,0.4868421052631579,0.4342105263157895,0.05263157894736842,SpatioTemporal_Dynamics,1,0.25,1.3453526124638924,0,0,1,0,0,0,1,0,0,0,0,0,1,0,1,0,0
743,76,46,23,7,30,0.39473684210526316,0.3026315789473684,0.09210526315789473,Localization,5,0.7142857142857143,1.3566720470966027,0,2,0,0,0,0,0,0,5,0,0,0,0,0,0,0,0
744,76,31,28,17,45,0.5921052631578947,0.3684210526315789,0.2236842105263158,Displacement,4,0.23529411764705882,2.094035428654994,4,0,4,0,3,0,0,2,0,0,3,0,0,1,0,0,0
745,76,37,34,5,39,0.5131578947368421,0.4473684210526316,0.06578947368421052,Indentation,2,0.4,1.3831444722490764,2,1,0,0,0,0,2,0,0,0,0,0,0,0,0,0,0
746,76,46,30,0,30,0.39473684210526316,0.39473684210526316,0.0,,0,0.0,0.9677884628267678,0,0,0,0,0,0,0,0,0,0,0,0,0,0,0,0,0
747,76,21,37,18,55,0.7236842105263158,0.4868421052631579,0.23684210526315788,Duration,6,0.3333333333333333,2.083477310667901,0,1,0,6,1,4,1,0,0,0,1,4,0,0,0,0,0
748,76,10,54,12,66,0.868421052631579,0.7105263157894737,0.15789473684210525,Speed,4,0.3333333333333333,1.4060432231054154,0,0,0,0,4,0,0,0,0,0,4,0,0,0,0,4,0
749,76,31,39,6,45,0.5921052631578947,0.5131578947368421,0.07894736842105263,Sequence_Complexity,2,0.3333333333333333,1.4622594587380482,0,0,1,0,2,0,0,0,0,0,0,0,2,0,1,0,0
750,76,28,20,28,48,0.631578947368421,0.2631578947368421,0.3684210526315789,Path_Evolution,8,0.2857142857142857,2.492545570128317,0,0,0,0,0,1,5,1,8,8,3,0,0,0,1,0,1
751,76,4,45,27,72,0.9473684210526315,0.5921052631578947,0.35526315789473684,Phase_Change,3,0.1111111111111111,2.456441469450306,3,2,0,3,3,2,2,2,0,0,3,2,2,0,0,1,2
752,76,27,31,18,49,0.6447368421052632,0.40789473684210525,0.23684210526315788,Extent,5,0.2777777777777778,2.092186050794454,0,3,0,0,5,4,0,0,0,0,0,0,3,0,0,3,0
753,76,7,50,19,69,0.9078947368421053,0.6578947368421053,0.25,Sampling_Gaps,3,0.15789473684210525,1.9833359812116134,0,3,0,0,0,1,2,0,1,2,3,3,2,0,2,0,0
754,76,34,25,17,42,0.5526315789473685,0.32894736842105265,0.2236842105263158,Sampling_Gaps,8,0.47058823529411764,1.9607560812193336,0,0,1,0,4,3,1,0,0,0,0,8,0,0,0,0,0
755,76,31,39,6,45,0.5921052631578947,0.5131578947368421,0.07894736842105263,Acceleration,3,0.5,1.4260109389727396,3,0,0,0,0,1,0,2,0,0,0,0,0,0,0,0,0
756,76,15,50,11,61,0.8026315789473685,0.6578947368421053,0.14473684210526316,Sequence_Complexity,4,0.36363636363636365,1.5532410868269535,0,0,0,0,0,1,0,1,0,0,4,0,4,0,1,0,0
757,76,51,13,12,25,0.32894736842105265,0.17105263157894737,0.15789473684210525,Indentation,9,0.75,1.4067599635835686,0,0,0,0,0,0,9,0,0,2,0,0,0,0,1,0,0
758,76,42,30,4,34,0.4473684210526316,0.39473684210526316,0.05263157894736842,Phase_Change,3,0.75,1.2684678144024413,0,1,0,0,0,0,0,0,0,0,3,0,0,0,0,0,0
759,76,21,32,23,55,0.7236842105263158,0.42105263157894735,0.3026315789473684,Path_Evolution,7,0.30434782608695654,2.3710191208788403,0,3,0,0,0,1,4,0,2,7,4,0,0,0,1,0,1
760,76,13,45,18,63,0.8289473684210527,0.5921052631578947,0.23684210526315788,Sampling_Gaps,5,0.2777777777777778,1.9537364456878838,0,4,0,0,1,2,3,0,0,0,0,5,3,0,0,0,0
761,76,48,12,16,28,0.3684210526315789,0.15789473684210525,0.21052631578947367,Indentation,10,0.625,1.62856016483429,0,0,0,0,0,3,10,0,0,2,0,0,0,0,0,0,1
762,76,55,19,2,21,0.27631578947368424,0.25,0.02631578947368421,Displacement,2,1.0,0.9757511055582644,0,0,2,0,0,0,0,0,0,0,0,0,0,0,0,0,0
763,76,21,21,34,55,0.7236842105263158,0.27631578947368424,0.4473684210526316,Curvature,6,0.17647058823529413,2.794958188985926,0,6,0,5,5,4,5,0,0,0,0,5,4,0,0,0,0
764,76,39,16,21,37,0.4868421052631579,0.21052631578947367,0.27631578947368424,Duration,8,0.38095238095238093,1.9940861187809824,0,0,0,8,0,3,0,0,0,0,0,7,0,0,0,0,3
765,76,61,12,3,15,0.19736842105263158,0.15789473684210525,0.039473684210526314,SpatioTemporal_Dynamics,2,0.6666666666666666,0.8953679397595073,0,0,0,0,0,0,0,0,0,0,0,0,0,0,2,1,0
766,76,24,33,19,52,0.6842105263157895,0.4342105263157895,0.25,Sampling_Gaps,6,0.3157894736842105,2.0699846718016044,4,0,0,6,0,0,0,0,0,0,0,6,0,0,0,1,2
767,76,34,41,1,42,0.5526315789473685,0.5394736842105263,0.013157894736842105,Extent,1,1.0,1.081698976708678,0,0,0,0,1,0,0,0,0,0,0,0,0,0,0,0,0
768,76,29,36,11,47,0.618421052631579,0.47368421052631576,0.14473684210526316,Indentation,8,0.7272727272727273,1.6032071330406532,0,0,2,0,0,1,8,0,0,0,0,0,0,0,0,0,0
769,76,38,33,5,38,0.5,0.4342105263157895,0.06578947368421052,Acceleration,3,0.6,1.371070421971892,3,0,0,0,1,0,0,0,1,0,0,0,0,0,0,0,0
770,76,21,45,10,55,0.7236842105263158,0.5921052631578947,0.13157894736842105,Spatial_Context,3,0.3,1.6673098461363116,2,0,1,0,0,0,1,0,0,2,0,0,1,3,0,0,0
771,76,6,56,14,70,0.9210526315789473,0.7368421052631579,0.18421052631578946,Phase_Change,4,0.2857142857142857,1.5706046431578453,0,1,0,3,2,0,1,0,0,1,4,1,0,0,0,0,1
772,76,11,35,30,65,0.8552631578947368,0.4605263157894737,0.39473684210526316,Sequence_Complexity,4,0.13333333333333333,2.674524179258268,0,4,0,4,0,2,0,0,0,4,4,4,4,0,2,0,2
773,76,31,19,26,45,0.5921052631578947,0.25,0.34210526315789475,Extent,8,0.3076923076923077,2.3031843110521617,8,4,0,0,8,3,0,3,0,0,0,0,0,0,0,0,0
774,76,37,29,10,39,0.5131578947368421,0.3815789473684211,0.13157894736842105,Localization,3,0.3,1.7428471070076088,0,0,2,0,0,0,0,0,3,0,0,0,2,1,1,0,1
775,76,39,16,21,37,0.4868421052631579,0.21052631578947367,0.27631578947368424,Indentation,8,0.38095238095238093,2.0485822957556703,0,0,0,0,1,3,8,0,0,0,0,6,0,0,0,0,3
776,76,18,35,23,58,0.7631578947368421,0.4605263157894737,0.3026315789473684,Sampling_Gaps,6,0.2608695652173913,2.2596001367065295,0,1,0,6,4,0,0,0,0,3,0,6,0,0,0,3,0
777,76,39,35,2,37,0.4868421052631579,0.4605263157894737,0.02631578947368421,Indentation,2,1.0,1.147196038065934,0,0,0,0,0,0,2,0,0,0,0,0,0,0,0,0,0
778,76,22,38,16,54,0.7105263157894737,0.5,0.21052631578947367,Localization,3,0.1875,2.1026838802172207,0,1,0,0,3,0,0,2,3,1,0,2,0,0,2,0,2
779,76,46,14,16,30,0.39473684210526316,0.18421052631578946,0.21052631578947367,Sampling_Gaps,7,0.4375,1.6599039898089076,0,0,0,7,2,0,0,0,0,0,0,7,0,0,0,0,0
780,76,27,36,13,49,0.6447368421052632,0.47368421052631576,0.17105263157894737,Phase_Change,5,0.38461538461538464,1.8517577360123525,0,0,2,0,2,0,0,0,2,0,5,0,0,0,0,2,0
781,76,51,17,8,25,0.32894736842105265,0.2236842105263158,0.10526315789473684,SpatioTemporal_Dynamics,4,0.5,1.3593031944440392,0,0,0,0,0,0,0,0,0,0,3,0,1,0,4,0,0
782,76,34,25,17,42,0.5526315789473685,0.32894736842105265,0.2236842105263158,Localization,5,0.29411764705882354,2.018523969713586,0,0,0,0,0,0,0,0,5,0,1,0,4,0,0,4,3
783,76,61,1,14,15,0.19736842105263158,0.013157894736842105,0.18421052631578946,Indentation,11,0.7857142857142857,0.9244589226737198,0,0,0,0,0,3,11,0,0,0,0,0,0,0,0,0,0
784,76,42,7,27,34,0.4473684210526316,0.09210526315789473,0.35526315789473684,Localization,9,0.3333333333333333,1.9970786558033398,0,0,0,0,0,3,8,0,9,0,0,0,7,0,0,0,0
785,76,34,38,4,42,0.5526315789473685,0.5,0.05263157894736842,Localization,3,0.75,1.2854292290287006,0,0,0,0,0,1,0,0,3,0,0,0,0,0,0,0,0
786,76,16,40,20,60,0.7894736842105263,0.5263157894736842,0.2631578947368421,Sampling_Gaps,5,0.25,2.1754760097779915,0,0,0,0,3,0,0,0,3,3,3,5,0,0,0,2,1
787,76,10,61,5,66,0.868421052631579,0.8026315789473685,0.06578947368421052,Sampling_Gaps,1,0.2,1.0506346379145106,0,0,0,0,0,0,1,0,1,1,1,1,0,0,0,0,0
788,76,42,18,16,34,0.4473684210526316,0.23684210526315788,0.21052631578947367,Sampling_Gaps,8,0.5,1.7604833451936313,0,0,0,0,0,1,6,0,0,0,0,8,1,0,0,0,0
789,76,51,22,3,25,0.32894736842105265,0.2894736842105263,0.039473684210526314,Kinematic,2,0.6666666666666666,1.1242276706729695,1,0,0,0,0,0,0,2,0,0,0,0,0,0,0,0,0
790,76,51,16,9,25,0.32894736842105265,0.21052631578947367,0.11842105263157894,Duration,5,0.5555555555555556,1.3413047119306503,0,0,0,5,0,0,4,0,0,0,0,0,0,0,0,0,0
791,76,31,40,5,45,0.5921052631578947,0.5263157894736842,0.06578947368421052,Speed,2,0.4,1.3998063368976954,0,0,1,0,0,0,1,0,1,0,0,0,0,0,0,2,0
792,76,42,21,13,34,0.4473684210526316,0.27631578947368424,0.17105263157894737,Localization,6,0.46153846153846156,1.7350240905284235,0,0,2,0,2,0,0,0,6,0,0,0,0,3,0,0,0
793,76,34,13,29,42,0.5526315789473685,0.17105263157894737,0.3815789473684211,Localization,8,0.27586206896551724,2.3538456931590774,0,0,0,0,5,0,0,0,8,5,7,0,0,4,0,0,0
794,76,18,28,30,58,0.7631578947368421,0.3684210526315789,0.39473684210526316,Sampling_Gaps,6,0.2,2.660318219979566,2,6,3,0,5,2,0,1,5,0,0,6,0,0,0,0,0
795,76,10,39,27,66,0.868421052631579,0.5131578947368421,0.35526315789473684,Displacement,5,0.18518518518518517,2.4310982576843503,0,5,5,0,2,0,3,0,0,4,3,0,4,1,0,0,0
796,76,18,41,17,58,0.7631578947368421,0.5394736842105263,0.2236842105263158,Sampling_Gaps,6,0.35294117647058826,1.9882191947073102,3,0,0,0,2,0,0,2,1,0,0,6,0,0,0,3,0
797,76,6,52,18,70,0.9210526315789473,0.6842105263157895,0.23684210526315788,Sequence_Complexity,4,0.2222222222222222,1.8014454036059044,4,0,0,0,0,1,0,1,0,2,4,0,4,0,1,0,1
798,76,4,50,22,72,0.9473684210526315,0.6578947368421053,0.2894736842105263,Localization,3,0.13636363636363635,2.156510447773852,0,2,1,2,1,2,1,0,3,2,0,2,2,2,2,0,0
799,76,42,20,14,34,0.4473684210526316,0.2631578947368421,0.18421052631578946,Speed,4,0.2857142857142857,1.794958188985926,3,0,0,0,4,0,0,3,0,0,0,0,0,0,0,4,0
800,76,29,38,9,47,0.618421052631579,0.5,0.11842105263157894,Sequence_Complexity,2,0.2222222222222222,1.664997324370482,2,2,0,0,0,0,0,2,0,1,0,0,2,0,0,0,0
801,76,18,35,23,58,0.7631578947368421,0.4605263157894737,0.3026315789473684,Phase_Change,5,0.21739130434782608,2.399797795023024,0,2,0,4,0,0,3,0,3,0,5,0,3,2,0,0,1
802,76,27,31,18,49,0.6447368421052632,0.40789473684210525,0.23684210526315788,Extent,6,0.3333333333333333,2.067184280664321,0,6,1,0,6,1,0,0,1,0,3,0,0,0,0,0,0
803,76,24,24,28,52,0.6842105263157895,0.3157894736842105,0.3684210526315789,Path_Evolution,7,0.25,2.5308145605200894,0,3,0,7,0,3,0,0,1,7,5,0,0,0,0,0,2
804,76,39,34,3,37,0.4868421052631579,0.4473684210526316,0.039473684210526314,SpatioTemporal_Dynamics,1,0.3333333333333333,1.2597114195207006,0,0,0,0,0,0,0,0,0,1,1,0,0,0,1,0,0
805,76,12,48,16,64,0.8421052631578947,0.631578947368421,0.21052631578947367,Duration,4,0.25,1.871512710185739,0,2,1,4,0,3,3,0,2,0,0,1,0,0,0,0,0
806,76,10,45,21,66,0.868421052631579,0.5921052631578947,0.27631578947368424,Curvature,5,0.23809523809523808,2.1431602666258773,0,5,0,0,2,1,0,0,2,4,4,0,0,0,1,1,1
807,76,11,43,22,65,0.8552631578947368,0.5657894736842105,0.2894736842105263,Sampling_Gaps,4,0.18181818181818182,2.2560441942698954,0,1,0,4,4,1,0,0,0,4,0,4,1,1,1,1,0
808,76,6,56,14,70,0.9210526315789473,0.7368421052631579,0.18421052631578946,Path_Evolution,4,0.2857142857142857,1.5706046431578453,0,2,1,0,0,1,0,0,0,4,3,0,0,1,1,0,1
809,76,24,35,17,52,0.6842105263157895,0.4605263157894737,0.2236842105263158,Indentation,4,0.23529411764705882,2.128535663250053,0,2,0,0,0,3,4,0,0,2,0,0,3,0,1,2,0
810,76,21,33,22,55,0.7236842105263158,0.4342105263157895,0.2894736842105263,Curvature,6,0.2727272727272727,2.2140067924158204,0,6,0,0,5,0,0,0,0,4,4,0,0,0,0,3,0
811,76,13,46,17,63,0.8289473684210527,0.6052631578947368,0.2236842105263158,Phase_Change,5,0.29411764705882354,1.924847325403361,0,4,1,0,1,0,0,0,0,0,5,0,0,1,0,2,3
812,76,22,37,17,54,0.7105263157894737,0.4868421052631579,0.2236842105263158,Sequence_Complexity,6,0.35294117647058826,2.0852032352512353,1,1,4,0,0,1,0,1,0,0,0,0,6,2,0,1,0
813,76,10,42,24,66,0.868421052631579,0.5526315789473685,0.3157894736842105,Phase_Change,5,0.20833333333333334,2.3462757485897434,0,5,2,0,5,1,1,0,0,1,5,0,0,1,1,1,1
814,76,18,35,23,58,0.7631578947368421,0.4605263157894737,0.3026315789473684,Curvature,6,0.2608695652173913,2.381246353783326,0,6,0,0,3,3,3,0,0,3,0,0,3,1,0,1,0
815,76,16,36,24,60,0.7894736842105263,0.47368421052631576,0.3157894736842105,Path_Evolution,6,0.25,2.407246756039104,0,2,0,0,6,1,0,0,0,6,3,0,1,0,2,1,2
816,76,56,15,5,20,0.2631578947368421,0.19736842105263158,0.06578947368421052,Phase_Change,5,1.0,1.0449686312884483,0,0,0,0,0,0,0,0,0,0,5,0,0,0,0,0,0
817,76,24,23,29,52,0.6842105263157895,0.3026315789473684,0.3815789473684211,Sequence_Complexity,6,0.20689655172413793,2.5970708951294643,0,0,4,0,5,0,0,1,6,0,4,0,6,3,0,0,0
818,76,27,19,30,49,0.6447368421052632,0.25,0.39473684210526316,Duration,7,0.23333333333333334,2.5655132338776805,0,0,5,7,0,0,0,0,4,6,0,0,4,0,4,0,0
819,76,24,34,18,52,0.6842105263157895,0.4473684210526316,0.23684210526315788,Speed,4,0.2222222222222222,2.1030217684459633,0,4,0,0,0,1,0,0,4,0,4,0,0,0,0,4,1
820,76,31,35,10,45,0.5921052631578947,0.4605263157894737,0.13157894736842105,Indentation,3,0.3,1.7234554250589746,2,0,0,0,0,2,3,1,0,0,0,2,0,0,0,0,0
821,76,34,34,8,42,0.5526315789473685,0.4473684210526316,0.10526315789473684,Localization,8,1.0,1.3801976028511764,0,0,0,0,0,0,0,0,8,0,0,0,0,0,0,0,0
822,76,18,29,29,58,0.7631578947368421,0.3815789473684211,0.3815789473684211,Duration,6,0.20689655172413793,2.6403100155200496,0,0,4,6,0,3,2,0,1,5,0,5,0,0,3,0,0
823,76,18,51,7,58,0.7631578947368421,0.6710526315789473,0.09210526315789473,Sequence_Complexity,2,0.2857142857142857,1.374870375726376,0,2,2,0,0,1,0,0,0,0,0,0,2,0,0,0,0
824,76,11,60,5,65,0.8552631578947368,0.7894736842105263,0.06578947368421052,Acceleration,2,0.4,1.0575698352656726,2,0,0,0,0,0,0,0,0,0,0,0,1,1,0,1,0
825,76,39,19,18,37,0.4868421052631579,0.25,0.23684210526315788,Speed,9,0.5,1.9468694962282755,3,0,0,0,3,0,0,2,0,0,0,0,0,1,0,9,0
826,76,16,43,17,60,0.7894736842105263,0.5657894736842105,0.2236842105263158,Sampling_Gaps,5,0.29411764705882354,2.0414286656963423,3,0,0,0,0,1,2,1,2,2,0,5,0,1,0,0,0
827,76,24,45,7,52,0.6842105263157895,0.5921052631578947,0.09210526315789473,Localization,3,0.42857142857142855,1.4594093969395516,2,0,0,0,0,1,0,0,3,1,0,0,0,0,0,0,0
828,76,18,39,19,58,0.7631578947368421,0.5131578947368421,0.25,Speed,4,0.21052631578947367,2.1697140389205227,0,0,0,4,1,1,0,0,0,0,1,3,4,0,0,4,1
829,76,18,44,14,58,0.7631578947368421,0.5789473684210527,0.18421052631578946,Phase_Change,6,0.42857142857142855,1.8165667733076691,0,1,0,0,0,2,0,0,2,0,6,0,0,0,0,1,2
830,76,22,27,27,54,0.7105263157894737,0.35526315789473684,0.35526315789473684,Sequence_Complexity,7,0.25925925925925924,2.4663213614478297,0,5,4,0,0,2,7,0,0,0,0,0,7,0,1,1,0
831,76,24,29,23,52,0.6842105263157895,0.3815789473684211,0.3026315789473684,Sequence_Complexity,7,0.30434782608695654,2.2777526083233126,0,3,0,0,0,0,0,1,7,0,0,0,7,0,2,3,0
832,76,16,34,26,60,0.7894736842105263,0.4473684210526316,0.34210526315789475,Sequence_Complexity,6,0.23076923076923078,2.463678472843557,0,6,0,0,1,1,4,0,0,0,5,0,6,0,1,1,1
833,76,29,22,25,47,0.618421052631579,0.2894736842105263,0.32894736842105265,Sequence_Complexity,8,0.32,2.2985827249245028,0,6,0,0,0,2,7,0,0,0,0,0,8,0,1,0,1
834,76,10,34,32,66,0.868421052631579,0.4473684210526316,0.42105263157894735,Path_Evolution,5,0.15625,2.603241889420787,5,3,0,0,5,0,5,0,5,5,0,4,0,0,0,0,0
835,76,24,29,23,52,0.6842105263157895,0.3815789473684211,0.3026315789473684,Sequence_Complexity,5,0.21739130434782608,2.372530285148268,4,0,4,0,4,1,4,0,0,0,0,0,5,1,0,0,0
836,76,24,35,17,52,0.6842105263157895,0.4605263157894737,0.2236842105263158,Duration,4,0.23529411764705882,2.075904084302684,4,0,0,4,0,0,0,3,0,3,0,2,0,0,1,0,0
837,76,27,20,29,49,0.6447368421052632,0.2631578947368421,0.3815789473684211,Duration,7,0.2413793103448276,2.528048041495011,0,5,3,7,0,3,5,0,0,0,0,0,0,0,0,6,0
838,76,11,35,30,65,0.8552631578947368,0.4605263157894737,0.39473684210526316,Sequence_Complexity,5,0.16666666666666666,2.658481008878352,2,2,0,0,4,2,5,0,4,0,4,0,5,2,0,0,0
839,76,34,30,12,42,0.5526315789473685,0.39473684210526316,0.15789473684210525,Acceleration,5,0.4166666666666667,1.7144409022940148,5,0,0,4,0,0,0,0,0,0,0,3,0,0,0,0,0
840,76,18,43,15,58,0.7631578947368421,0.5657894736842105,0.19736842105263158,Sampling_Gaps,4,0.26666666666666666,1.8744007439942192,4,1,0,0,4,0,0,0,0,0,0,4,1,0,0,1,0
841,76,7,40,29,69,0.9078947368421053,0.5263157894736842,0.3815789473684211,Path_Evolution,4,0.13793103448275862,2.5830774048923,4,4,0,0,4,0,0,1,4,4,2,0,2,1,0,2,1
842,76,6,54,16,70,0.9210526315789473,0.7105263157894737,0.21052631578947367,Indentation,4,0.25,1.7443261960599767,0,1,1,0,4,1,4,0,0,0,1,0,1,1,1,1,0
843,76,16,39,21,60,0.7894736842105263,0.5131578947368421,0.27631578947368424,Sequence_Complexity,6,0.2857142857142857,2.3052898616020774,0,2,0,0,2,2,2,2,0,0,1,0,6,0,2,2,0
844,76,6,41,29,70,0.9210526315789473,0.5394736842105263,0.3815789473684211,Extent,4,0.13793103448275862,2.603929556805616,4,3,0,2,4,1,3,1,3,0,0,0,3,0,1,3,1
845,76,18,34,24,58,0.7631578947368421,0.4473684210526316,0.3157894736842105,Extent,6,0.25,2.4234330777651136,5,1,0,0,6,2,3,2,3,0,0,0,0,0,0,2,0
846,76,38,22,16,38,0.5,0.2894736842105263,0.21052631578947367,Curvature,5,0.3125,1.9072266042662556,0,5,0,0,3,0,0,0,4,0,0,0,0,0,0,4,0
847,76,31,32,13,45,0.5921052631578947,0.42105263157894735,0.17105263157894737,Speed,4,0.3076923076923077,1.8224673407573144,0,0,0,0,0,2,4,0,0,3,0,0,0,0,0,4,0
848,76,27,32,17,49,0.6447368421052632,0.42105263157894735,0.2236842105263158,Sampling_Gaps,6,0.35294117647058826,2.018960242824276,0,0,0,3,3,0,0,0,0,0,0,6,4,1,0,0,0
849,76,11,45,20,65,0.8552631578947368,0.5921052631578947,0.2631578947368421,Sequence_Complexity,4,0.2,2.1171113997329396,4,2,0,0,3,1,0,2,0,0,2,0,4,0,2,0,0
850,76,18,45,13,58,0.7631578947368421,0.5921052631578947,0.17105263157894737,Curvature,4,0.3076923076923077,1.7980322586962565,0,4,0,0,0,1,0,0,0,0,2,0,2,0,2,2,0
851,76,9,38,29,67,0.881578947368421,0.5,0.3815789473684211,Phase_Change,4,0.13793103448275862,2.5872007630445393,0,3,0,0,4,3,4,0,2,4,4,0,0,0,3,2,0
852,76,6,52,18,70,0.9210526315789473,0.6842105263157895,0.23684210526315788,Extent,3,0.16666666666666666,1.8868431009173925,2,1,2,3,3,0,0,2,0,0,0,1,0,2,0,2,0
853,76,11,39,26,65,0.8552631578947368,0.5131578947368421,0.34210526315789475,Speed,5,0.19230769230769232,2.461503259942114,2,3,0,0,5,0,0,1,2,0,5,0,1,0,1,5,1
854,76,9,45,22,67,0.881578947368421,0.5921052631578947,0.2894736842105263,Path_Evolution,4,0.18181818181818182,2.268748541733327,0,2,2,0,2,2,2,0,3,4,0,0,1,2,0,2,0
855,76,22,24,30,54,0.7105263157894737,0.3157894736842105,0.39473684210526316,Localization,6,0.2,2.7052935719024127,0,5,0,0,0,2,5,0,6,5,0,3,0,2,2,0,0
856,76,37,20,19,39,0.5131578947368421,0.2631578947368421,0.25,Extent,6,0.3157894736842105,2.102366468615354,0,3,0,0,6,1,0,0,0,5,0,0,0,2,2,0,0
857,76,15,48,13,61,0.8026315789473685,0.631578947368421,0.17105263157894737,Path_Evolution,4,0.3076923076923077,1.7389596322759107,2,0,0,0,0,0,2,0,0,4,2,0,2,0,1,0,0
858,76,24,32,20,52,0.6842105263157895,0.42105263157894735,0.2631578947368421,Curvature,5,0.25,2.2525493490785258,0,5,0,0,4,2,2,0,0,0,2,0,4,1,0,0,0
859,76,7,52,17,69,0.9078947368421053,0.6842105263157895,0.2236842105263158,Sequence_Complexity,3,0.17647058823529413,1.9112942923637568,0,1,1,3,0,2,1,0,1,0,0,1,3,2,0,1,1
860,76,31,27,18,45,0.5921052631578947,0.35526315789473684,0.23684210526315788,Spatial_Context,3,0.16666666666666666,2.162514708267433,0,3,3,0,3,3,0,0,0,0,0,0,3,3,0,0,0
861,76,24,23,29,52,0.6842105263157895,0.3026315789473684,0.3815789473684211,Speed,7,0.2413793103448276,2.5839595474669688,0,0,0,0,5,2,2,0,0,0,6,0,5,0,0,7,2
862,76,16,39,21,60,0.7894736842105263,0.5131578947368421,0.27631578947368424,Phase_Change,6,0.2857142857142857,2.1801612431240915,0,2,0,0,6,2,0,0,0,0,6,0,1,0,0,2,2
863,76,11,50,15,65,0.8552631578947368,0.6578947368421053,0.19736842105263158,Duration,4,0.26666666666666666,1.8663295556026642,0,0,1,4,1,0,1,1,0,0,3,1,0,1,0,1,1
864,76,16,46,14,60,0.7894736842105263,0.6052631578947368,0.18421052631578946,Curvature,4,0.2857142857142857,1.8947862308016632,0,4,0,0,3,1,1,0,1,1,1,0,0,0,1,0,1
865,76,31,27,18,45,0.5921052631578947,0.35526315789473684,0.23684210526315788,Path_Evolution,4,0.2222222222222222,2.116847932122444,4,4,0,0,0,1,0,0,4,4,0,0,0,0,1,0,0
866,76,31,28,17,45,0.5921052631578947,0.3684210526315789,0.2236842105263158,Displacement,8,0.47058823529411764,2.008637731343506,1,0,8,0,4,1,0,1,2,0,0,0,0,0,0,0,0
867,76,16,49,11,60,0.7894736842105263,0.6447368421052632,0.14473684210526316,Indentation,4,0.36363636363636365,1.548969850790359,0,0,0,0,4,1,4,0,0,0,0,0,0,2,0,0,0
868,76,37,16,23,39,0.5131578947368421,0.21052631578947367,0.3026315789473684,Sequence_Complexity,9,0.391304347826087,2.1204870989986033,0,0,7,0,0,2,3,0,0,0,0,0,9,2,0,0,0
869,76,16,31,29,60,0.7894736842105263,0.40789473684210525,0.3815789473684211,Localization,6,0.20689655172413793,2.6463610514776548,2,6,3,0,0,2,5,0,6,0,0,0,3,1,1,0,0
870,76,13,49,14,63,0.8289473684210527,0.6447368421052632,0.18421052631578946,Curvature,3,0.21428571428571427,1.8534355897640737,1,3,0,0,1,2,1,0,0,1,0,0,2,0,2,1,0
871,76,11,38,27,65,0.8552631578947368,0.5,0.35526315789473684,Phase_Change,5,0.18518518518518517,2.4772883391584894,0,5,3,0,0,1,3,0,5,0,5,0,3,1,1,0,0
872,76,12,43,21,64,0.8421052631578947,0.5657894736842105,0.27631578947368424,Acceleration,4,0.19047619047619047,2.2597193297198017,4,2,0,0,3,0,0,2,2,0,2,2,2,0,0,2,0
873,76,39,24,13,37,0.4868421052631579,0.3157894736842105,0.17105263157894737,Extent,7,0.5384615384615384,1.7040979606585118,0,0,0,0,7,0,3,0,0,0,3,0,0,0,0,0,0
874,76,7,53,16,69,0.9078947368421053,0.6973684210526315,0.21052631578947367,Phase_Change,4,0.25,1.7580424009928906,0,1,0,0,1,2,0,0,4,1,4,0,1,1,0,1,0
875,76,21,38,17,55,0.7236842105263158,0.5,0.2236842105263158,Sequence_Complexity,6,0.35294117647058826,2.100957955633886,0,4,0,0,0,1,1,1,1,0,0,0,6,0,1,1,1
876,76,7,48,21,69,0.9078947368421053,0.631578947368421,0.27631578947368424,Speed,4,0.19047619047619047,1.9883264017459705,4,0,0,0,0,2,0,2,4,0,4,0,0,1,0,4,0
877,76,16,32,28,60,0.7894736842105263,0.42105263157894735,0.3684210526315789,Indentation,5,0.17857142857142858,2.554124145638314,5,4,0,0,3,4,5,0,0,0,4,0,3,0,0,0,0
878,76,24,35,17,52,0.6842105263157895,0.4605263157894737,0.2236842105263158,Sampling_Gaps,6,0.35294117647058826,2.056038623719435,0,3,2,0,0,1,0,0,0,3,0,6,0,0,2,0,0
879,76,11,42,23,65,0.8552631578947368,0.5526315789473685,0.3026315789473684,Sequence_Complexity,5,0.21739130434782608,2.251212243567377,0,1,0,4,5,1,1,1,0,0,4,1,5,0,0,0,0
880,76,6,56,14,70,0.9210526315789473,0.7368421052631579,0.18421052631578946,Curvature,4,0.2857142857142857,1.5279057945021015,4,4,0,2,0,1,0,1,0,1,0,0,0,1,0,0,0
881,76,37,29,10,39,0.5131578947368421,0.3815789473684211,0.13157894736842105,Sequence_Complexity,4,0.4,1.726464047825549,2,0,1,0,0,0,0,1,0,0,0,0,4,1,1,0,0
882,76,18,55,3,58,0.7631578947368421,0.7236842105263158,0.039473684210526314,Temporal,1,0.3333333333333333,1.0764349572617709,1,0,0,0,0,0,0,0,0,0,0,0,0,1,0,0,1
883,76,28,41,7,48,0.631578947368421,0.5394736842105263,0.09210526315789473,Indentation,3,0.42857142857142855,1.4976583356920352,1,0,2,0,0,0,3,0,0,0,0,0,0,0,0,1,0
884,76,46,28,2,30,0.39473684210526316,0.3684210526315789,0.02631578947368421,Temporal,1,0.5,1.1335882003352233,0,0,0,0,0,0,0,0,0,0,0,0,0,0,1,0,1
885,76,6,60,10,70,0.9210526315789473,0.7894736842105263,0.13157894736842105,Acceleration,3,0.3,1.2390051681409338,3,0,0,2,0,0,0,2,0,0,0,2,1,0,0,0,0
886,76,42,22,12,34,0.4473684210526316,0.2894736842105263,0.15789473684210525,Extent,4,0.3333333333333333,1.7139166270392634,4,0,0,0,4,0,2,2,0,0,0,0,0,0,0,0,0
887,76,3,61,12,73,0.9605263157894737,0.8026315789473685,0.15789473684210525,Speed,3,0.25,1.1749088936784091,0,3,0,0,3,0,0,0,3,0,0,0,0,0,0,3,0
888,76,10,53,13,66,0.868421052631579,0.6973684210526315,0.17105263157894737,Indentation,3,0.23076923076923078,1.6122848812718733,2,0,3,0,0,0,3,0,0,1,0,0,2,0,0,2,0
889,76,39,32,5,37,0.4868421052631579,0.42105263157894735,0.06578947368421052,Temporal,3,0.6,1.3415383813673862,0,0,0,0,0,0,0,2,0,0,0,0,0,0,0,0,3
890,76,6,58,12,70,0.9210526315789473,0.7631578947368421,0.15789473684210525,Sequence_Complexity,4,0.3333333333333333,1.441708135526136,1,0,1,0,1,1,0,1,0,2,0,0,4,1,0,0,0
891,76,37,32,7,39,0.5131578947368421,0.42105263157894735,0.09210526315789473,Acceleration,4,0.5714285714285714,1.5012199538610702,4,0,0,0,0,0,0,1,0,0,0,0,0,0,1,0,1
892,76,12,52,12,64,0.8421052631578947,0.6842105263157895,0.15789473684210525,Indentation,4,0.3333333333333333,1.6500009956542343,1,1,1,0,1,0,4,2,1,0,0,0,0,0,0,1,0
893,76,39,8,29,37,0.4868421052631579,0.10526315789473684,0.3815789473684211,Speed,9,0.3103448275862069,2.0674188085150313,0,0,0,0,9,0,0,2,9,0,0,0,0,0,0,9,0
894,76,34,24,18,42,0.5526315789473685,0.3157894736842105,0.23684210526315788,Sequence_Complexity,7,0.3888888888888889,1.9599853815607413,0,0,0,0,5,1,5,0,0,0,0,0,7,0,0,0,0
895,76,37,25,14,39,0.5131578947368421,0.32894736842105265,0.18421052631578946,Sequence_Complexity,5,0.35714285714285715,1.906274950925125,0,3,0,0,0,1,3,0,0,0,0,0,5,0,1,0,1
896,76,37,28,11,39,0.5131578947368421,0.3684210526315789,0.14473684210526316,Sequence_Complexity,7,0.6363636363636364,1.6194790357797597,0,1,0,0,0,0,0,0,0,0,0,0,7,0,0,3,0
897,76,31,25,20,45,0.5921052631578947,0.32894736842105265,0.2631578947368421,Sequence_Complexity,8,0.4,2.0994257918541375,0,4,0,0,0,0,0,0,0,2,5,0,8,0,1,0,0
898,76,42,21,13,34,0.4473684210526316,0.27631578947368424,0.17105263157894737,Sequence_Complexity,5,0.38461538461538464,1.7224633215496967,0,0,0,0,0,2,5,0,0,0,0,0,5,0,0,1,0
899,76,24,30,22,52,0.6842105263157895,0.39473684210526316,0.2894736842105263,Sequence_Complexity,5,0.22727272727272727,2.2845066405935803,0,4,0,0,4,3,0,0,1,0,5,0,5,0,0,0,0
900,76,29,30,17,47,0.618421052631579,0.39473684210526316,0.2236842105263158,Sequence_Complexity,8,0.47058823529411764,2.0263083788499197,0,2,0,0,0,1,0,1,0,0,0,0,8,0,2,3,0
901,76,20,36,20,56,0.7368421052631579,0.47368421052631576,0.2631578947368421,Sequence_Complexity,5,0.25,2.2245703700416892,2,2,0,0,2,0,0,0,5,2,0,0,5,0,0,2,0
902,76,28,36,12,48,0.631578947368421,0.47368421052631576,0.15789473684210525,Sequence_Complexity,5,0.4166666666666667,1.8125621733628428,1,1,0,0,0,1,0,0,0,3,0,0,5,0,1,0,0
903,76,31,27,18,45,0.5921052631578947,0.35526315789473684,0.23684210526315788,Sequence_Complexity,6,0.3333333333333333,2.0771170109559454,0,6,0,0,0,2,0,0,0,1,1,0,6,0,2,0,0
904,76,21,28,27,55,0.7236842105263158,0.3684210526315789,0.35526315789473684,Sequence_Complexity,7,0.25925925925925924,2.3827010255592413,0,4,0,0,4,0,0,0,5,7,0,0,7,0,0,0,0
905,76,16,46,14,60,0.7894736842105263,0.6052631578947368,0.18421052631578946,Sequence_Complexity,5,0.35714285714285715,1.778276323271751,0,4,2,0,0,1,0,0,0,0,0,0,5,1,1,0,0
906,76,13,43,20,63,0.8289473684210527,0.5657894736842105,0.2631578947368421,Sequence_Complexity,5,0.25,2.114188608953784,3,1,0,0,0,1,5,0,1,1,0,0,5,3,0,0,0
907,76,13,57,6,63,0.8289473684210527,0.75,0.07894736842105263,Sequence_Complexity,5,0.8333333333333334,1.0875316237375159,0,0,0,0,0,0,0,0,0,0,0,0,5,0,1,0,0
908,76,13,53,10,63,0.8289473684210527,0.6973684210526315,0.13157894736842105,Phase_Change,5,0.5,1.4414125015735777,0,0,0,0,0,1,0,0,0,1,5,0,2,0,1,0,0
909,76,22,49,5,54,0.7105263157894737,0.6447368421052632,0.06578947368421052,Sequence_Complexity,5,1.0,1.1842706917843415,0,0,0,0,0,0,0,0,0,0,0,0,5,0,0,0,0
910,76,36,33,7,40,0.5263157894736842,0.4342105263157895,0.09210526315789473,Acceleration,3,0.42857142857142855,1.4934907569578528,3,0,2,0,0,0,0,0,0,0,2,0,0,0,0,0,0
911,76,22,45,9,54,0.7105263157894737,0.5921052631578947,0.11842105263157894,Localization,5,0.5555555555555556,1.5525258631897338,1,0,0,0,0,0,0,1,5,0,1,0,0,0,0,1,0
912,76,21,44,11,55,0.7236842105263158,0.5789473684210527,0.14473684210526316,Indentation,6,0.5454545454545454,1.6694613015656643,0,0,1,0,1,1,6,0,0,0,1,0,1,0,0,0,0
913,76,22,38,16,54,0.7105263157894737,0.5,0.21052631578947367,Speed,5,0.3125,1.9222956441047643,0,0,4,0,0,0,1,0,5,0,0,0,1,0,0,5,0
914,76,37,33,6,39,0.5131578947368421,0.4342105263157895,0.07894736842105263,Displacement,3,0.5,1.4588529349006436,1,1,3,0,0,0,0,0,0,0,0,0,0,0,1,0,0
915,76,28,44,4,48,0.631578947368421,0.5789473684210527,0.05263157894736842,Indentation,4,1.0,1.2108100261060328,0,0,0,0,0,0,4,0,0,0,0,0,0,0,0,0,0
916,76,11,46,19,65,0.8552631578947368,0.6052631578947368,0.25,Duration,5,0.2631578947368421,2.0834258587036754,1,0,3,5,4,0,0,0,0,1,1,0,1,1,1,0,1
917,76,10,57,9,66,0.868421052631579,0.75,0.11842105263157894,Speed,3,0.3333333333333333,1.2847197929094953,0,0,2,0,1,0,3,0,0,0,0,0,0,0,0,3,0
918,76,15,53,8,61,0.8026315789473685,0.6973684210526315,0.10526315789473684,Localization,3,0.375,1.4197955328101537,0,0,1,0,0,0,0,0,3,0,1,0,0,0,1,1,1
919,76,13,52,11,63,0.8289473684210527,0.6842105263157895,0.14473684210526316,Extent,3,0.2727272727272727,1.5994608136891844,0,0,0,0,3,0,0,1,2,2,0,0,1,0,0,1,1
920,76,3,68,5,73,0.9605263157894737,0.8947368421052632,0.06578947368421052,Sampling_Gaps,3,0.6,0.6498058264784536,0,0,0,0,2,0,0,0,0,0,0,3,0,0,0,0,0
921,76,22,45,9,54,0.7105263157894737,0.5921052631578947,0.11842105263157894,Indentation,3,0.3333333333333333,1.5801556720069692,1,0,3,0,0,0,3,0,1,0,1,0,0,0,0,0,0
922,76,16,44,16,60,0.7894736842105263,0.5789473684210527,0.21052631578947367,Indentation,5,0.3125,1.908129727989929,0,2,0,0,0,1,5,2,0,0,2,0,0,0,0,4,0
923,76,13,52,11,63,0.8289473684210527,0.6842105263157895,0.14473684210526316,Curvature,4,0.36363636363636365,1.609393543980809,1,4,0,1,0,0,0,1,1,1,0,1,0,0,1,0,0
924,76,61,4,11,15,0.19736842105263158,0.05263157894736842,0.14473684210526316,Indentation,10,0.9090909090909091,0.9453714800197738,0,0,0,0,0,1,10,0,0,0,0,0,0,0,0,0,0
925,76,6,63,7,70,0.9210526315789473,0.8289473684210527,0.09210526315789473,Localization,3,0.42857142857142855,1.0264367544043074,0,0,0,0,1,0,1,0,3,0,1,0,0,1,0,0,0
926,76,15,41,20,61,0.8026315789473685,0.5394736842105263,0.2631578947368421,Sequence_Complexity,6,0.3,1.9743444063850328,0,1,0,0,0,0,0,0,0,6,6,0,6,0,0,1,0
927,76,31,23,22,45,0.5921052631578947,0.3026315789473684,0.2894736842105263,Indentation,8,0.36363636363636365,2.2593513869221207,0,0,3,0,0,2,8,0,3,0,4,0,0,0,0,0,2
928,76,18,35,23,58,0.7631578947368421,0.4605263157894737,0.3026315789473684,Indentation,5,0.21739130434782608,2.3898650647313993,1,0,0,3,0,3,5,1,0,0,3,3,0,0,0,4,0
929,76,21,35,20,55,0.7236842105263158,0.4605263157894737,0.2631578947368421,Localization,6,0.3,2.0598630860171565,6,0,6,0,0,0,0,0,6,1,0,0,0,0,0,1,0
930,76,6,60,10,70,0.9210526315789473,0.7894736842105263,0.13157894736842105,Speed,4,0.4,1.1501250694282568,3,0,0,0,3,0,0,0,0,0,0,0,0,0,0,4,0
931,76,48,16,12,28,0.3684210526315789,0.21052631578947367,0.15789473684210525,Speed,7,0.5833333333333334,1.5573410398753986,0,0,0,0,0,0,0,1,0,0,3,0,0,0,0,7,1
932,76,37,39,0,39,0.5131578947368421,0.5131578947368421,0.0,,0,0.0,0.9995003941817588,0,0,0,0,0,0,0,0,0,0,0,0,0,0,0,0,0
933,76,22,37,17,54,0.7105263157894737,0.4868421052631579,0.2236842105263158,Sequence_Complexity,6,0.35294117647058826,1.996323136538558,2,0,0,0,0,0,4,0,3,0,2,0,6,0,0,0,0
934,76,31,41,4,45,0.5921052631578947,0.5394736842105263,0.05263157894736842,Phase_Change,2,0.5,1.2842470159260255,0,2,0,0,0,0,0,0,0,0,2,0,0,0,0,0,0
935,76,12,41,23,64,0.8421052631578947,0.5394736842105263,0.3026315789473684,Spatial_Context,4,0.17391304347826086,2.2553739647572857,0,0,4,2,0,0,0,0,0,2,4,4,3,4,0,0,0
936,76,21,39,16,55,0.7236842105263158,0.5131578947368421,0.21052631578947367,Duration,7,0.4375,1.938314199328956,0,0,3,7,0,0,0,0,0,0,0,3,0,1,1,0,1
937,76,7,52,17,69,0.9078947368421053,0.6842105263157895,0.2236842105263158,Speed,4,0.23529411764705882,1.8785281739996373,1,2,0,0,2,1,2,1,1,0,0,0,2,0,1,4,0
938,76,31,31,14,45,0.5921052631578947,0.40789473684210525,0.18421052631578946,Indentation,8,0.5714285714285714,1.8379252602332397,0,0,2,0,0,2,8,0,0,1,0,0,1,0,0,0,0
939,76,9,53,14,67,0.881578947368421,0.6973684210526315,0.18421052631578946,Sampling_Gaps,4,0.2857142857142857,1.6675444989063435,0,0,2,2,0,0,0,0,0,2,1,4,0,1,0,2,0
940,76,13,44,19,63,0.8289473684210527,0.5789473684210527,0.25,Path_Evolution,3,0.15789473684210525,2.1811433679430756,2,0,2,0,2,0,0,2,2,3,2,0,0,2,0,2,0
941,76,29,38,9,47,0.618421052631579,0.5,0.11842105263157894,Displacement,2,0.2222222222222222,1.7176289033178502,2,0,2,0,0,0,0,1,0,0,1,0,0,1,0,1,1
942,76,6,53,17,70,0.9210526315789473,0.6973684210526315,0.2236842105263158,Path_Evolution,4,0.23529411764705882,1.8125385779675787,2,0,2,0,0,0,2,0,2,4,0,2,1,1,0,1,0
943,76,24,38,14,52,0.6842105263157895,0.5,0.18421052631578946,Localization,3,0.21428571428571427,1.9456890853844941,2,0,3,0,0,0,0,0,3,0,2,0,2,2,0,0,0
944,76,13,44,19,63,0.8289473684210527,0.5789473684210527,0.25,Curvature,4,0.21052631578947367,2.1285117889957075,0,4,0,2,0,0,2,3,2,0,2,2,0,0,0,0,2
945,76,18,26,32,58,0.7631578947368421,0.34210526315789475,0.42105263157894735,Localization,6,0.1875,2.748278735787432,0,5,5,5,0,0,0,0,6,0,2,5,0,1,0,0,3
946,76,4,58,14,72,0.9473684210526315,0.7631578947368421,0.18421052631578946,Acceleration,3,0.21428571428571427,1.5569040237124974,3,2,1,1,0,1,0,2,0,0,1,1,0,0,0,1,1
947,76,15,34,27,61,0.8026315789473685,0.4473684210526316,0.35526315789473684,Sampling_Gaps,5,0.18518518518518517,2.500946659015296,3,0,2,5,0,0,0,1,5,0,5,5,0,0,0,0,1
948,76,16,41,19,60,0.7894736842105263,0.5394736842105263,0.25,Speed,6,0.3157894736842105,2.054780379259437,0,0,0,2,6,0,0,1,0,0,1,2,0,0,0,6,1
949,76,16,55,5,60,0.7894736842105263,0.7236842105263158,0.06578947368421052,Sequence_Complexity,2,0.4,1.1693119312875817,0,0,0,0,0,0,2,0,0,0,0,0,2,0,1,0,0
950,76,7,61,8,69,0.9078947368421053,0.8026315789473685,0.10526315789473684,Localization,4,0.5,1.097579328631226,0,0,2,0,0,0,0,0,4,0,0,0,0,1,0,0,1
951,76,51,14,11,25,0.32894736842105265,0.18421052631578946,0.14473684210526316,Speed,8,0.7272727272727273,1.3979714430573653,0,1,0,0,0,0,0,0,0,0,0,0,0,0,0,8,2
952,76,61,15,0,15,0.19736842105263158,0.19736842105263158,0.0,,0,0.0,0.7166336117927454,0,0,0,0,0,0,0,0,0,0,0,0,0,0,0,0,0
953,76,46,23,7,30,0.39473684210526316,0.3026315789473684,0.09210526315789473,Duration,4,0.5714285714285714,1.367918796731778,0,0,0,4,0,0,0,0,0,0,0,0,0,0,0,3,0
954,76,24,46,6,52,0.6842105263157895,0.6052631578947368,0.07894736842105263,Curvature,3,0.5,1.3942717568897194,0,3,0,0,0,0,0,1,1,0,1,0,0,0,0,0,0
955,76,21,43,12,55,0.7236842105263158,0.5657894736842105,0.15789473684210525,Speed,5,0.4166666666666667,1.7850631607464666,0,1,1,0,0,0,1,0,0,0,2,0,1,1,0,5,0
956,76,51,20,5,25,0.32894736842105265,0.2631578947368421,0.06578947368421052,Curvature,3,0.6,1.2152019629112567,0,3,0,0,0,0,0,0,0,0,0,0,0,0,0,2,0
957,76,48,19,9,28,0.3684210526315789,0.25,0.11842105263157894,Phase_Change,4,0.4444444444444444,1.490773430651387,0,0,0,0,1,0,0,0,0,0,4,0,0,0,1,0,3
958,76,58,16,2,18,0.23684210526315788,0.21052631578947367,0.02631578947368421,Phase_Change,2,1.0,0.9089420171620173,0,0,0,0,0,0,0,0,0,0,2,0,0,0,0,0,0
959,76,10,46,20,66,0.868421052631579,0.6052631578947368,0.2631578947368421,Sequence_Complexity,5,0.25,1.9830320877750771,1,1,1,0,5,0,0,0,5,0,0,0,5,0,0,2,0
960,76,42,27,7,34,0.4473684210526316,0.35526315789473684,0.09210526315789473,Spatial_Context,4,0.5714285714285714,1.4471473250867224,0,0,2,0,0,0,0,0,0,0,0,0,0,4,0,1,0
961,76,10,60,6,66,0.868421052631579,0.7894736842105263,0.07894736842105263,Spatial_Context,1,0.16666666666666666,1.1474970307411547,1,0,1,0,1,0,1,0,0,0,0,0,1,1,0,0,0
962,76,24,48,4,52,0.6842105263157895,0.631578947368421,0.05263157894736842,Displacement,2,0.5,1.2463840917077533,0,0,2,0,0,0,1,0,0,0,0,0,0,1,0,0,0
963,76,18,29,29,58,0.7631578947368421,0.3815789473684211,0.3815789473684211,Sequence_Complexity,5,0.1724137931034483,2.6717621145406176,3,0,0,5,2,0,0,0,0,5,0,3,5,0,3,0,3
964,76,21,42,13,55,0.7236842105263158,0.5526315789473685,0.17105263157894737,Sequence_Complexity,6,0.46153846153846156,1.7613398800021076,0,0,0,0,1,2,3,0,1,0,0,0,6,0,0,0,0
965,76,15,38,23,61,0.8026315789473685,0.5,0.3026315789473684,Sequence_Complexity,6,0.2608695652173913,2.207872849579929,2,0,4,0,6,0,1,0,0,0,0,0,6,0,0,4,0
966,76,13,42,21,63,0.8289473684210527,0.5526315789473685,0.27631578947368424,Extent,5,0.23809523809523808,2.1927605586149155,0,2,0,0,5,2,4,0,0,0,1,0,4,2,0,1,0
967,76,7,51,18,69,0.9078947368421053,0.6710526315789473,0.23684210526315788,Speed,3,0.16666666666666666,1.9624003503236778,2,2,1,2,0,1,0,1,2,0,2,2,0,0,0,3,0
968,76,34,26,16,42,0.5526315789473685,0.34210526315789475,0.21052631578947367,Extent,8,0.5,1.9329267663864353,0,3,0,0,8,0,0,0,2,2,0,0,0,0,1,0,0
969,76,42,16,18,34,0.4473684210526316,0.21052631578947367,0.23684210526315788,Acceleration,9,0.5,1.7346820296318914,9,0,8,0,0,0,0,0,0,0,0,0,0,1,0,0,0
970,76,48,28,0,28,0.3684210526315789,0.3684210526315789,0.0,,0,0.0,0.9494520153879484,0,0,0,0,0,0,0,0,0,0,0,0,0,0,0,0,0
971,76,3,63,10,73,0.9605263157894737,0.8289473684210527,0.13157894736842105,Phase_Change,3,0.3,1.1153168531169844,1,0,2,0,0,0,0,1,0,0,3,0,2,1,0,0,0
972,76,3,62,11,73,0.9605263157894737,0.8157894736842105,0.14473684210526316,Sequence_Complexity,3,0.2727272727272727,1.1864808522815697,2,0,2,0,0,0,0,1,0,2,0,0,3,0,1,0,0
973,76,1,58,17,75,0.9868421052631579,0.7631578947368421,0.2236842105263158,Sequence_Complexity,2,0.11764705882352941,1.5668367540041224,2,0,2,0,2,0,2,0,1,2,2,2,2,0,0,0,0
974,76,10,57,9,66,0.868421052631579,0.75,0.11842105263157894,Acceleration,2,0.2222222222222222,1.4098484113874812,2,0,1,0,1,0,1,1,0,1,0,0,0,1,0,1,0
975,76,0,65,11,76,1.0,0.8552631578947368,0.14473684210526316,Speed,1,0.09090909090909091,1.0972181996692494,1,1,1,0,1,0,1,0,1,1,1,1,1,0,0,1,0
976,76,3,50,23,73,0.9605263157894737,0.6578947368421053,0.3026315789473684,Path_Evolution,3,0.13043478260869565,2.1167795266073544,3,3,3,0,2,0,2,0,2,3,1,0,0,1,1,2,0
977,76,25,30,21,51,0.6710526315789473,0.39473684210526316,0.27631578947368424,Duration,6,0.2857142857142857,2.2211883217880035,0,5,1,6,2,0,0,0,5,0,0,0,0,0,0,2,0
978,76,39,20,17,37,0.4868421052631579,0.2631578947368421,0.2236842105263158,Localization,7,0.4117647058823529,1.96199977802115,0,0,0,0,0,0,0,3,7,0,0,0,3,2,0,2,0
979,76,16,39,21,60,0.7894736842105263,0.5131578947368421,0.27631578947368424,Path_Evolution,6,0.2857142857142857,2.133979993067158,6,0,3,0,1,0,3,0,0,6,0,0,0,0,2,0,0
980,76,13,32,31,63,0.8289473684210527,0.42105263157894735,0.40789473684210525,Duration,5,0.16129032258064516,2.725357029097914,4,0,4,5,4,0,4,0,0,4,0,0,0,1,1,4,0
981,76,38,17,21,38,0.5,0.2236842105263158,0.27631578947368424,Localization,6,0.2857142857142857,2.043489299033024,0,5,4,0,6,0,0,0,6,0,0,0,0,0,0,0,0
982,76,24,42,10,52,0.6842105263157895,0.5526315789473685,0.13157894736842105,Speed,4,0.4,1.6095534111539054,0,0,0,0,1,0,0,0,4,1,0,0,0,0,0,4,0
983,76,21,27,28,55,0.7236842105263158,0.35526315789473684,0.3684210526315789,Localization,7,0.25,2.571172614102783,6,7,0,0,2,1,0,1,7,0,0,0,2,0,1,0,1
984,76,18,53,5,58,0.7631578947368421,0.6973684210526315,0.06578947368421052,Indentation,3,0.6,1.2032785447597085,0,0,0,0,0,1,3,0,0,0,0,0,0,0,0,0,1
985,76,31,38,7,45,0.5921052631578947,0.5,0.09210526315789473,Path_Evolution,4,0.5714285714285714,1.4715942090639884,0,0,2,0,0,0,0,0,0,4,0,0,0,0,1,0,0
986,76,6,61,9,70,0.9210526315789473,0.8026315789473685,0.11842105263157894,Sequence_Complexity,3,0.3333333333333333,1.132210045022665,0,0,0,3,0,0,0,0,2,0,1,0,3,0,0,0,0
987,76,51,7,18,25,0.32894736842105265,0.09210526315789473,0.23684210526315788,Speed,10,0.5555555555555556,1.5153718180731899,0,0,0,0,0,2,6,0,0,0,0,0,0,0,0,10,0
988,76,6,46,24,70,0.9210526315789473,0.6052631578947368,0.3157894736842105,Phase_Change,4,0.16666666666666666,2.338672250453106,0,3,2,0,2,1,0,1,3,2,4,0,2,1,1,2,0
989,76,22,36,18,54,0.7105263157894737,0.47368421052631576,0.23684210526315788,Duration,6,0.3333333333333333,1.9882621099400235,4,0,0,6,0,0,0,0,0,0,4,4,0,0,0,0,0
990,76,11,51,14,65,0.8552631578947368,0.6710526315789473,0.18421052631578946,Sampling_Gaps,4,0.2857142857142857,1.65770099699775,3,0,0,0,0,0,0,0,3,0,2,4,2,0,0,0,0
991,76,15,37,24,61,0.8026315789473685,0.4868421052631579,0.3157894736842105,Sequence_Complexity,4,0.16666666666666666,2.351769342857238,4,0,0,4,0,0,4,1,0,0,3,4,4,0,0,0,0
992,76,24,30,22,52,0.6842105263157895,0.39473684210526316,0.2894736842105263,Curvature,7,0.3181818181818182,2.2208411739870493,7,7,0,0,0,3,0,3,1,0,0,0,1,0,0,0,0
993,76,18,35,23,58,0.7631578947368421,0.4605263157894737,0.3026315789473684,Sampling_Gaps,5,0.21739130434782608,2.308289657623245,5,0,5,0,0,1,0,1,0,0,2,5,4,0,0,0,0
994,76,18,38,20,58,0.7631578947368421,0.5,0.2631578947368421,Sampling_Gaps,5,0.25,2.2333342763395256,3,0,3,3,0,1,0,1,0,0,1,5,3,0,0,0,0
995,76,31,25,20,45,0.5921052631578947,0.32894736842105265,0.2631578947368421,Indentation,6,0.3,2.19127381805606,0,5,0,0,0,3,6,0,1,0,0,0,2,3,0,0,0
996,76,18,24,34,58,0.7631578947368421,0.3157894736842105,0.4473684210526316,Sampling_Gaps,6,0.17647058823529413,2.741927559765157,6,0,0,6,0,0,0,1,0,5,5,6,5,0,0,0,0
997,76,16,43,17,60,0.7894736842105263,0.5657894736842105,0.2236842105263158,Curvature,6,0.35294117647058826,1.8999169880362965,0,6,0,0,0,0,2,0,2,0,0,0,5,0,0,2,0
998,76,21,33,22,55,0.7236842105263158,0.4342105263157895,0.2894736842105263,Phase_Change,7,0.3181818181818182,2.24490831275262,5,0,3,0,0,0,0,0,0,3,7,0,3,0,0,0,1
999,76,31,18,27,45,0.5921052631578947,0.23684210526315788,0.35526315789473684,Duration,7,0.25925925925925924,2.4450423021862355,0,5,0,7,0,3,0,0,4,0,0,5,0,3,0,0,0
1000,76,22,22,32,54,0.7105263157894737,0.2894736842105263,0.42105263157894735,Phase_Change,7,0.21875,2.6850448153161173,7,0,0,0,0,0,0,1,1,7,7,0,5,0,2,0,2
1001,76,39,14,23,37,0.4868421052631579,0.18421052631578946,0.3026315789473684,Indentation,7,0.30434782608695654,2.1294895284471247,0,7,0,0,0,3,7,0,3,0,0,0,0,3,0,0,0
1002,76,24,30,22,52,0.6842105263157895,0.39473684210526316,0.2894736842105263,Acceleration,6,0.2727272727272727,2.2007628514277875,6,0,0,0,0,0,5,0,0,1,5,0,5,0,0,0,0
1003,76,22,35,19,54,0.7105263157894737,0.4605263157894737,0.25,Duration,7,0.3684210526315789,2.069657142864796,0,0,0,7,3,0,0,1,0,0,0,6,0,0,1,0,1
1004,76,21,46,9,55,0.7236842105263158,0.6052631578947368,0.11842105263157894,Phase_Change,2,0.2222222222222222,1.6647365153254723,0,0,0,0,1,0,0,1,0,1,2,0,0,1,1,1,1
1005,76,36,24,16,40,0.5263157894736842,0.3157894736842105,0.21052631578947367,Indentation,8,0.5,1.8562690852374304,0,0,5,0,0,1,8,0,0,0,2,0,0,0,0,0,0
1006,76,27,45,4,49,0.6447368421052632,0.5921052631578947,0.05263157894736842,Path_Evolution,1,0.25,1.306936041163993,0,0,1,0,0,0,1,1,0,1,0,0,0,0,0,0,0
1007,76,22,33,21,54,0.7105263157894737,0.4342105263157895,0.27631578947368424,Indentation,6,0.2857142857142857,2.2994765061649485,0,0,4,0,0,1,6,0,4,0,0,2,2,1,1,0,0
1008,76,16,39,21,60,0.7894736842105263,0.5131578947368421,0.27631578947368424,Duration,6,0.2857142857142857,2.1737109142336566,4,0,0,6,0,1,4,1,0,0,0,0,4,0,0,0,1
1009,76,22,43,11,54,0.7105263157894737,0.5657894736842105,0.14473684210526316,Acceleration,5,0.45454545454545453,1.645277407669756,5,2,3,0,0,0,0,0,0,1,0,0,0,0,0,0,0
1010,76,34,38,4,42,0.5526315789473685,0.5,0.05263157894736842,Spatial_Context,3,0.75,1.2854292290287006,0,0,0,0,0,0,0,0,1,0,0,0,0,3,0,0,0
1011,76,18,48,10,58,0.7631578947368421,0.631578947368421,0.13157894736842105,Speed,2,0.2,1.654021591593886,0,0,2,0,1,0,1,1,2,0,0,0,0,1,0,2,0
1012,76,6,59,11,70,0.9210526315789473,0.7763157894736842,0.14473684210526316,Temporal,1,0.09090909090909091,1.4770628434873276,1,1,1,0,0,1,1,1,1,0,1,0,0,1,0,1,1
1013,76,36,23,17,40,0.5263157894736842,0.3026315789473684,0.2236842105263158,Path_Evolution,9,0.5294117647058824,1.8868296508596536,0,0,3,0,0,0,0,0,0,9,4,0,0,0,0,0,1
1014,76,15,49,12,61,0.8026315789473685,0.6447368421052632,0.15789473684210525,Sequence_Complexity,6,0.5,1.5638643055190673,0,2,0,0,0,0,3,0,0,0,0,0,6,0,1,0,0
1015,76,28,36,12,48,0.631578947368421,0.47368421052631576,0.15789473684210525,Speed,4,0.3333333333333333,1.7711773440506502,0,0,3,0,0,0,3,0,0,2,0,0,0,0,0,4,0
1016,76,10,64,2,66,0.868421052631579,0.8421052631578947,0.02631578947368421,Path_Evolution,1,0.5,0.7582001325373536,0,0,1,0,0,0,0,0,0,1,0,0,0,0,0,0,0
1017,76,28,30,18,48,0.631578947368421,0.39473684210526316,0.23684210526315788,Sequence_Complexity,6,0.3333333333333333,2.1204675309857475,3,0,5,0,0,0,0,1,0,0,0,0,6,1,1,0,1
1018,76,18,54,4,58,0.7631578947368421,0.7105263157894737,0.05263157894736842,Sequence_Complexity,1,0.25,1.1713146826174152,0,1,0,0,0,0,1,0,0,0,1,0,1,0,0,0,0
1019,76,16,47,13,60,0.7894736842105263,0.618421052631579,0.17105263157894737,Speed,4,0.3076923076923077,1.7403557893228498,0,0,1,0,3,0,0,0,3,1,1,0,0,0,0,4,0
1020,76,15,50,11,61,0.8026315789473685,0.6578947368421053,0.14473684210526316,Indentation,6,0.5454545454545454,1.4069329884221675,0,0,5,0,0,0,6,0,0,0,0,0,0,0,0,0,0
1021,76,9,53,14,67,0.881578947368421,0.6973684210526315,0.18421052631578946,Sampling_Gaps,4,0.2857142857142857,1.5851147290841017,0,0,0,0,0,0,1,0,0,3,3,4,3,0,0,0,0
1022,76,16,46,14,60,0.7894736842105263,0.6052631578947368,0.18421052631578946,Phase_Change,5,0.35714285714285715,1.8309079022191195,0,0,2,0,2,0,0,1,2,0,5,0,0,1,1,0,0
1023,76,34,20,22,42,0.5526315789473685,0.2631578947368421,0.2894736842105263,Extent,8,0.36363636363636365,2.176713059492812,0,0,4,0,8,0,0,0,4,0,4,0,0,0,0,0,2
1024,76,16,51,9,60,0.7894736842105263,0.6710526315789473,0.11842105263157894,Acceleration,4,0.4444444444444444,1.4677473497521867,4,0,1,0,0,0,0,0,1,2,0,0,0,0,1,0,0
1025,76,16,50,10,60,0.7894736842105263,0.6578947368421053,0.13157894736842105,Displacement,3,0.3,1.6301946583001679,1,1,3,0,0,0,1,1,1,0,0,0,0,1,0,0,1
1026,76,29,40,7,47,0.618421052631579,0.5263157894736842,0.09210526315789473,Displacement,2,0.2857142857142857,1.540577873256821,2,0,2,0,0,0,0,1,0,0,0,0,0,1,0,0,1
1027,76,11,62,3,65,0.8552631578947368,0.8157894736842105,0.039473684210526314,Extent,3,1.0,0.827285321980954,0,0,0,0,3,0,0,0,0,0,0,0,0,0,0,0,0
1028,76,7,60,9,69,0.9078947368421053,0.7894736842105263,0.11842105263157894,Extent,2,0.2222222222222222,1.2997048793526071,1,0,1,0,2,0,1,1,0,0,0,0,1,1,1,0,0
1029,76,6,49,21,70,0.9210526315789473,0.6447368421052632,0.27631578947368424,Phase_Change,4,0.19047619047619047,1.9402242914944328,4,0,1,0,4,0,1,0,0,4,4,0,3,0,0,0,0
1030,76,31,40,5,45,0.5921052631578947,0.5263157894736842,0.06578947368421052,Sequence_Complexity,2,0.4,1.3998063368976954,0,1,1,0,0,0,1,0,0,0,0,0,2,0,0,0,0
1031,76,22,33,21,54,0.7105263157894737,0.4342105263157895,0.27631578947368424,Sequence_Complexity,5,0.23809523809523808,2.3244782762950815,2,0,4,0,4,0,0,2,0,0,0,0,5,1,0,2,1
1032,76,31,35,10,45,0.5921052631578947,0.4605263157894737,0.13157894736842105,Localization,8,0.8,1.5491776290348098,0,0,1,0,0,0,0,0,8,0,0,0,1,0,0,0,0
1033,76,28,46,2,48,0.631578947368421,0.6052631578947368,0.02631578947368421,Curvature,1,0.5,1.1335882003352236,1,1,0,0,0,0,0,0,0,0,0,0,0,0,0,0,0
1034,76,13,48,15,63,0.8289473684210527,0.631578947368421,0.19736842105263158,Sampling_Gaps,4,0.26666666666666666,1.7519578900912613,0,0,0,4,0,3,0,0,1,0,0,4,0,3,0,0,0
1035,76,4,60,12,72,0.9473684210526315,0.7894736842105263,0.15789473684210525,Spatial_Context,2,0.16666666666666666,1.426698095857913,1,0,1,1,0,0,1,2,0,1,1,1,1,2,0,0,0
1036,76,16,48,12,60,0.7894736842105263,0.631578947368421,0.15789473684210525,Speed,4,0.3333333333333333,1.6942669866723288,0,0,2,0,0,0,2,1,2,0,0,0,1,0,0,4,0
1037,76,31,29,16,45,0.5921052631578947,0.3815789473684211,0.21052631578947367,Sampling_Gaps,7,0.4375,1.9271685471069229,0,0,3,3,0,0,0,0,0,0,0,7,0,0,0,3,0
1038,76,16,52,8,60,0.7894736842105263,0.6842105263157895,0.10526315789473684,Curvature,3,0.375,1.3903255023185819,0,3,0,0,0,2,1,0,0,0,0,0,0,2,0,0,0
1039,76,18,49,9,58,0.7631578947368421,0.6447368421052632,0.11842105263157894,Sampling_Gaps,2,0.2222222222222222,1.613987613606653,0,0,1,0,1,0,0,0,1,1,1,2,0,0,1,0,1
1040,76,51,17,8,25,0.32894736842105265,0.2236842105263158,0.10526315789473684,SpatioTemporal_Dynamics,4,0.5,1.3593031944440392,0,0,0,0,1,0,0,0,0,0,0,0,0,0,4,3,0
1041,76,24,48,4,52,0.6842105263157895,0.631578947368421,0.05263157894736842,Spatial_Context,2,0.5,1.246384091707753,0,0,1,0,0,0,1,0,0,0,0,0,0,2,0,0,0
1042,76,39,30,7,37,0.4868421052631579,0.39473684210526316,0.09210526315789473,Displacement,3,0.42857142857142855,1.5098710409956024,0,1,3,0,0,0,0,0,0,0,0,0,0,1,0,2,0
1043,76,10,53,13,66,0.868421052631579,0.6973684210526315,0.17105263157894737,Duration,3,0.23076923076923078,1.674849190510866,2,0,0,3,1,0,0,1,0,2,2,0,0,0,1,0,1
1044,76,18,56,2,58,0.7631578947368421,0.7368421052631579,0.02631578947368421,Indentation,1,0.5,0.9812100705332243,0,0,1,0,0,0,1,0,0,0,0,0,0,0,0,0,0
1045,76,46,16,14,30,0.39473684210526316,0.21052631578947367,0.18421052631578946,Sequence_Complexity,6,0.42857142857142855,1.6432149745021405,0,0,0,0,0,0,0,0,3,0,0,0,6,0,0,5,0
1046,76,11,43,22,65,0.8552631578947368,0.5657894736842105,0.2894736842105263,Sampling_Gaps,5,0.22727272727272727,2.050994076829449,0,5,0,5,0,0,0,0,0,3,0,5,4,0,0,0,0
1047,76,34,38,4,42,0.5526315789473685,0.5,0.05263157894736842,Sequence_Complexity,2,0.5,1.3216777487940092,0,1,0,0,0,0,1,0,0,0,0,0,2,0,0,0,0
1048,76,39,18,19,37,0.4868421052631579,0.23684210526315788,0.25,Sequence_Complexity,7,0.3684210526315789,1.9839788033795567,0,5,0,0,5,1,0,0,0,0,0,0,7,0,1,0,0
1049,76,6,52,18,70,0.9210526315789473,0.6842105263157895,0.23684210526315788,Sequence_Complexity,3,0.16666666666666666,1.8307291205688345,0,1,3,3,1,0,1,0,0,0,3,3,3,0,0,0,0
1050,76,31,21,24,45,0.5921052631578947,0.27631578947368424,0.3157894736842105,Extent,8,0.3333333333333333,2.2882147900342327,0,5,0,0,8,2,0,0,0,0,0,0,6,0,2,1,0
1051,76,31,24,21,45,0.5921052631578947,0.3157894736842105,0.27631578947368424,Sequence_Complexity,8,0.38095238095238093,2.058794972108528,0,2,0,0,0,3,0,0,8,0,0,0,8,0,0,0,0
1052,76,24,28,24,52,0.6842105263157895,0.3684210526315789,0.3157894736842105,Path_Evolution,6,0.25,2.4003028378417697,0,3,0,0,6,0,0,0,0,6,1,0,4,0,2,0,2
1053,76,16,48,12,60,0.7894736842105263,0.631578947368421,0.15789473684210525,Sequence_Complexity,3,0.25,1.763281624801757,0,1,0,0,1,2,1,0,1,0,0,0,3,0,1,2,0
1054,76,31,30,15,45,0.5921052631578947,0.39473684210526316,0.19736842105263158,Sequence_Complexity,8,0.5333333333333333,1.8592210530171096,0,0,0,0,0,0,0,0,0,0,3,0,8,0,2,0,2
1055,76,24,40,12,52,0.6842105263157895,0.5263157894736842,0.15789473684210525,Sequence_Complexity,5,0.4166666666666667,1.7211427859229802,0,3,0,0,0,1,0,0,0,0,0,0,5,0,3,0,0
1056,76,27,38,11,49,0.6447368421052632,0.5,0.14473684210526316,Localization,6,0.5454545454545454,1.6253882624752063,0,1,0,0,0,0,0,0,6,0,0,0,4,0,0,0,0
1057,76,21,46,9,55,0.7236842105263158,0.6052631578947368,0.11842105263157894,Sequence_Complexity,6,0.6666666666666666,1.4606605284264342,0,2,0,0,0,0,0,0,0,1,0,0,6,0,0,0,0
1058,76,18,32,26,58,0.7631578947368421,0.42105263157894735,0.34210526315789475,Sequence_Complexity,6,0.23076923076923078,2.5036061314661047,0,4,0,0,2,0,0,0,0,4,4,0,6,0,1,4,1
1059,76,27,38,11,49,0.6447368421052632,0.5,0.14473684210526316,Phase_Change,3,0.2727272727272727,1.7207186900783185,0,2,0,0,3,3,0,0,0,0,3,0,0,0,0,0,0
1060,76,39,23,14,37,0.4868421052631579,0.3026315789473684,0.18421052631578946,Indentation,9,0.6428571428571429,1.7024429866003847,0,2,0,0,0,3,9,0,0,0,0,0,0,0,0,0,0
1061,76,65,8,3,11,0.14473684210526316,0.10526315789473684,0.039473684210526314,Displacement,3,1.0,0.7188644167460458,0,0,3,0,0,0,0,0,0,0,0,0,0,0,0,0,0
1062,76,28,38,10,48,0.631578947368421,0.5,0.13157894736842105,Indentation,6,0.6,1.622441219591005,0,2,0,0,0,1,6,0,0,0,1,0,0,0,0,0,0
1063,76,11,41,24,65,0.8552631578947368,0.5394736842105263,0.3157894736842105,Speed,4,0.16666666666666666,2.3370965266188666,0,0,0,4,0,2,0,0,0,3,4,3,0,0,2,4,2
1064,76,27,31,18,49,0.6447368421052632,0.40789473684210525,0.23684210526315788,Speed,7,0.3888888888888889,2.0376898738197657,0,0,5,0,2,1,0,0,0,0,0,3,0,0,0,7,0
1065,76,7,54,15,69,0.9078947368421053,0.7105263157894737,0.19736842105263158,Duration,3,0.2,1.7225961374494079,0,0,3,3,0,0,1,0,0,2,1,2,0,1,1,0,1
1066,76,22,24,30,54,0.7105263157894737,0.3157894736842105,0.39473684210526316,Sampling_Gaps,7,0.23333333333333334,2.5543658099570754,7,0,5,7,0,0,0,2,0,1,0,7,0,1,0,0,0
1067,76,16,30,30,60,0.7894736842105263,0.39473684210526316,0.39473684210526316,Speed,5,0.16666666666666666,2.6473317270488117,1,0,5,5,0,0,5,0,0,0,4,4,0,0,0,5,1
1068,76,15,26,35,61,0.8026315789473685,0.34210526315789475,0.4605263157894737,Speed,6,0.17142857142857143,2.6956471568400637,0,6,6,6,0,0,0,0,0,5,6,0,0,0,0,6,0
1069,76,24,26,26,52,0.6842105263157895,0.34210526315789475,0.34210526315789475,Sampling_Gaps,7,0.2692307692307692,2.3392001897316175,0,0,6,7,0,0,0,0,0,0,4,7,0,0,0,2,0
1070,76,16,41,19,60,0.7894736842105263,0.5394736842105263,0.25,Displacement,4,0.21052631578947367,2.0974792279151804,0,3,4,3,0,0,0,0,0,0,3,3,0,0,0,3,0
1071,76,24,33,19,52,0.6842105263157895,0.4342105263157895,0.25,Speed,6,0.3157894736842105,2.132548981040597,0,0,4,4,0,1,0,0,0,0,0,3,0,1,0,6,0
1072,76,10,37,29,66,0.868421052631579,0.4868421052631579,0.3815789473684211,Speed,5,0.1724137931034483,2.521765192048607,0,0,4,4,0,0,2,1,0,4,4,5,0,0,0,5,0
1073,76,10,47,19,66,0.868421052631579,0.618421052631579,0.25,Phase_Change,3,0.15789473684210525,2.036619691225955,3,0,0,3,0,0,3,0,0,3,3,2,0,0,1,0,1
1074,76,6,48,22,70,0.9210526315789473,0.631578947368421,0.2894736842105263,Speed,3,0.13636363636363635,2.197234914161575,2,3,2,3,0,1,2,0,0,2,0,2,0,1,1,3,0
1075,76,1,60,15,75,0.9868421052631579,0.7894736842105263,0.19736842105263158,Phase_Change,2,0.13333333333333333,1.453013885331597,2,1,1,2,1,0,2,1,2,0,2,1,0,0,0,0,0
1076,76,24,25,27,52,0.6842105263157895,0.32894736842105265,0.35526315789473684,Indentation,7,0.25925925925925924,2.4196610835118846,4,0,0,7,0,0,7,2,0,1,0,6,0,0,0,0,0
1077,76,11,38,27,65,0.8552631578947368,0.5,0.35526315789473684,Speed,5,0.18518518518518517,2.433275471159194,0,0,5,0,5,2,5,2,0,0,1,2,0,0,0,5,0
1078,76,42,15,19,34,0.4473684210526316,0.19736842105263158,0.25,Duration,9,0.47368421052631576,1.864772372546961,0,0,2,9,0,0,0,2,0,0,0,6,0,0,0,0,0
1079,76,24,21,31,52,0.6842105263157895,0.27631578947368424,0.40789473684210525,Speed,7,0.22580645161290322,2.6542077798912738,0,0,5,5,0,1,0,3,0,0,0,5,5,0,0,7,0
1080,76,24,28,24,52,0.6842105263157895,0.3684210526315789,0.3157894736842105,Sampling_Gaps,7,0.2916666666666667,2.33969622077879,0,0,0,0,3,0,5,3,0,0,5,7,0,0,0,0,1
1081,76,24,41,11,52,0.6842105263157895,0.5394736842105263,0.14473684210526316,Speed,6,0.5454545454545454,1.6431460040601698,0,0,3,0,0,1,0,1,0,0,0,0,0,0,0,6,0
1082,76,24,36,16,52,0.6842105263157895,0.47368421052631576,0.21052631578947367,Displacement,6,0.375,1.9956123808398372,0,3,6,0,0,2,1,0,0,1,0,3,0,0,0,0,0
1083,76,34,17,25,42,0.5526315789473685,0.2236842105263158,0.32894736842105265,Indentation,8,0.32,2.1621582856180956,0,0,0,7,0,0,8,3,0,0,0,7,0,0,0,0,0
1084,76,24,32,20,52,0.6842105263157895,0.42105263157894735,0.2631578947368421,Sequence_Complexity,5,0.25,2.2654500068593957,3,0,0,0,3,0,3,0,0,3,0,0,5,2,1,0,0
1085,76,11,26,39,65,0.8552631578947368,0.34210526315789475,0.5131578947368421,Sequence_Complexity,5,0.1282051282051282,3.0811128973190725,5,0,0,0,5,0,0,0,3,5,5,5,5,2,2,0,2
1086,76,7,34,35,69,0.9078947368421053,0.4473684210526316,0.4605263157894737,Sequence_Complexity,4,0.11428571428571428,2.8712798679578646,4,0,0,0,4,0,4,0,4,4,4,4,4,1,1,0,1
1087,76,39,28,9,37,0.4868421052631579,0.3684210526315789,0.11842105263157894,Sequence_Complexity,4,0.4444444444444444,1.5967234100830054,0,1,0,0,0,0,0,1,0,0,0,0,4,0,0,3,0
1088,76,22,45,9,54,0.7105263157894737,0.5921052631578947,0.11842105263157894,Indentation,4,0.4444444444444444,1.54738955364285,0,0,2,0,0,1,4,0,0,0,0,0,2,0,0,0,0
1089,76,27,30,19,49,0.6447368421052632,0.39473684210526316,0.25,Indentation,7,0.3684210526315789,2.078851127186885,0,2,0,5,0,4,7,0,0,0,0,0,1,0,0,0,0
1090,76,39,19,18,37,0.4868421052631579,0.25,0.23684210526315788,Acceleration,6,0.3333333333333333,1.9965331476863986,6,4,0,0,0,0,0,1,0,0,0,0,4,0,0,0,3
1091,76,18,37,21,58,0.7631578947368421,0.4868421052631579,0.27631578947368424,Sampling_Gaps,6,0.2857142857142857,2.190851861243407,3,0,0,6,1,0,0,0,0,3,0,6,0,0,1,1,0
1092,76,39,33,4,37,0.4868421052631579,0.4342105263157895,0.05263157894736842,Indentation,2,0.5,1.2927210335165242,0,2,0,0,0,0,2,0,0,0,0,0,0,0,0,0,0
1093,76,42,26,8,34,0.4473684210526316,0.34210526315789475,0.10526315789473684,Indentation,6,0.75,1.4558414682764371,0,0,0,0,1,0,6,0,0,1,0,0,0,0,0,0,0
1094,76,13,41,22,63,0.8289473684210527,0.5394736842105263,0.2894736842105263,Speed,4,0.18181818181818182,2.1720676644281167,4,0,0,4,4,0,0,0,0,0,2,0,4,0,0,4,0
1095,76,7,55,14,69,0.9078947368421053,0.7236842105263158,0.18421052631578946,Localization,4,0.2857142857142857,1.6212660832033283,0,1,0,0,1,2,0,0,4,0,0,0,1,2,0,1,2
1096,76,31,24,21,45,0.5921052631578947,0.3157894736842105,0.27631578947368424,Indentation,8,0.38095238095238093,2.205442959315458,0,5,0,0,2,2,8,0,0,2,0,0,0,0,0,0,2
1097,76,7,61,8,69,0.9078947368421053,0.8026315789473685,0.10526315789473684,Indentation,4,0.5,1.1238951181049104,0,0,1,0,1,0,4,0,1,0,0,0,0,1,0,0,0
1098,76,18,42,16,58,0.7631578947368421,0.5526315789473685,0.21052631578947367,Phase_Change,4,0.25,1.9183780820357368,0,0,4,0,3,0,0,0,0,0,4,0,0,0,0,3,2
1099,76,58,16,2,18,0.23684210526315788,0.21052631578947367,0.02631578947368421,Path_Evolution,2,1.0,0.9089420171620173,0,0,0,0,0,0,0,0,0,2,0,0,0,0,0,0,0
1100,76,27,35,14,49,0.6447368421052632,0.4605263157894737,0.18421052631578946,Localization,7,0.5,1.7701217225481358,4,0,0,0,0,0,0,0,7,0,0,0,0,3,0,0,0
1101,76,31,37,8,45,0.5921052631578947,0.4868421052631579,0.10526315789473684,Sequence_Complexity,6,0.75,1.4868796824621222,0,0,0,0,0,1,0,0,0,0,0,0,6,0,0,0,1
1102,76,55,15,6,21,0.27631578947368424,0.19736842105263158,0.07894736842105263,Extent,5,0.8333333333333334,1.140193518016995,1,0,0,0,5,0,0,0,0,0,0,0,0,0,0,0,0
1103,76,46,19,11,30,0.39473684210526316,0.25,0.14473684210526316,Localization,6,0.5454545454545454,1.485902668538132,0,5,0,0,0,0,0,0,6,0,0,0,0,0,0,0,0
1104,76,48,13,15,28,0.3684210526315789,0.17105263157894737,0.19736842105263158,Sequence_Complexity,9,0.6,1.587098350446777,0,0,0,0,0,3,0,0,0,3,0,0,9,0,0,0,0
1105,76,31,25,20,45,0.5921052631578947,0.32894736842105265,0.2631578947368421,Indentation,8,0.4,2.1270556006713726,0,4,0,0,0,3,8,0,0,3,0,0,0,2,0,0,0
1106,76,21,43,12,55,0.7236842105263158,0.5657894736842105,0.15789473684210525,SpatioTemporal_Dynamics,4,0.3333333333333333,1.7074298116689657,0,2,0,0,0,0,0,0,0,3,0,0,3,0,4,0,0
1107,76,46,19,11,30,0.39473684210526316,0.25,0.14473684210526316,Sequence_Complexity,7,0.6363636363636364,1.5216006096196721,0,0,0,0,0,0,1,0,0,3,0,0,7,0,0,0,0
1108,76,24,31,21,52,0.6842105263157895,0.40789473684210525,0.27631578947368424,Sampling_Gaps,7,0.3333333333333333,2.221275439813749,0,0,0,0,0,0,2,0,1,4,0,7,4,0,3,0,0
1109,76,16,50,10,60,0.7894736842105263,0.6578947368421053,0.13157894736842105,Indentation,5,0.5,1.4774362310049471,0,0,1,0,3,0,5,0,0,0,0,0,1,0,0,0,0
1110,76,31,23,22,45,0.5921052631578947,0.3026315789473684,0.2894736842105263,Extent,8,0.36363636363636365,2.101456650080015,8,0,0,0,8,0,0,3,0,0,0,0,0,3,0,0,0
1111,76,28,46,2,48,0.631578947368421,0.6052631578947368,0.02631578947368421,Localization,2,1.0,1.1072724108615393,0,0,0,0,0,0,0,0,2,0,0,0,0,0,0,0,0
1112,76,39,32,5,37,0.4868421052631579,0.42105263157894735,0.06578947368421052,SpatioTemporal_Dynamics,2,0.4,1.404102690606379,0,0,0,0,0,0,1,0,0,0,1,0,0,0,2,0,1
1113,76,22,29,25,54,0.7105263157894737,0.3815789473684211,0.32894736842105265,Extent,6,0.24,2.3996000407582674,5,0,0,0,6,0,0,0,0,5,0,0,4,0,0,3,2
1114,76,4,53,19,72,0.9473684210526315,0.6973684210526315,0.25,Speed,3,0.15789473684210525,1.8453046963316981,3,0,3,2,3,0,0,1,0,0,0,2,0,0,1,3,1
1115,76,7,50,19,69,0.9078947368421053,0.6578947368421053,0.25,Temporal,2,0.10526315789473684,2.0657657510338554,2,0,1,2,2,0,0,1,2,2,0,2,0,0,1,2,2
1116,76,3,61,12,73,0.9605263157894737,0.8026315789473685,0.15789473684210525,Phase_Change,3,0.25,1.2374732029174018,0,0,0,0,0,1,3,0,1,3,3,0,0,0,1,0,0
1117,76,3,62,11,73,0.9605263157894737,0.8157894736842105,0.14473684210526316,Indentation,3,0.2727272727272727,1.1601650628078854,2,0,0,0,0,0,3,0,0,2,2,0,0,0,0,2,0
1118,76,24,42,10,52,0.6842105263157895,0.5526315789473685,0.13157894736842105,Path_Evolution,3,0.3,1.6785680492833335,0,1,0,0,0,0,2,2,0,3,0,0,2,0,0,0,0
1119,76,6,62,8,70,0.9210526315789473,0.8157894736842105,0.10526315789473684,Extent,2,0.25,1.1601650628078854,1,0,0,0,2,1,1,0,0,1,0,0,1,0,1,0,0
1120,76,4,46,26,72,0.9473684210526315,0.6052631578947368,0.34210526315789475,Speed,3,0.11538461538461539,2.355055309635165,3,0,3,2,0,0,2,2,3,0,2,3,2,0,0,3,1
1121,76,7,54,15,69,0.9078947368421053,0.7105263157894737,0.19736842105263158,Speed,3,0.2,1.6863476176840995,1,0,0,0,3,0,0,2,1,3,0,0,0,1,1,3,0
1122,76,2,67,7,74,0.9736842105263158,0.881578947368421,0.09210526315789473,Localization,2,0.2857142857142857,0.8212436218558125,0,0,0,0,1,0,0,2,2,0,0,0,0,1,1,0,0
1123,76,24,35,17,52,0.6842105263157895,0.4605263157894737,0.2236842105263158,Sequence_Complexity,5,0.29411764705882354,2.0072293349753996,3,0,5,0,0,0,0,0,0,0,0,3,5,1,0,0,0
1124,76,4,65,7,72,0.9473684210526315,0.8552631578947368,0.09210526315789473,Acceleration,3,0.42857142857142855,0.9030749430618353,3,0,0,0,0,0,0,0,0,0,0,2,0,0,0,1,1
1125,76,29,36,11,47,0.618421052631579,0.47368421052631576,0.14473684210526316,Extent,3,0.2727272727272727,1.7675521987731937,0,3,0,0,3,0,1,0,0,0,0,0,0,0,0,2,2
1126,76,46,13,17,30,0.39473684210526316,0.17105263157894737,0.2236842105263158,Extent,9,0.5294117647058824,1.6858368380825643,0,4,0,0,9,0,0,0,4,0,0,0,0,0,0,0,0
1127,76,42,17,17,34,0.4473684210526316,0.2236842105263158,0.2236842105263158,Path_Evolution,6,0.35294117647058826,1.8402465915144068,0,0,0,0,6,0,0,0,0,6,0,0,1,0,4,0,0
1128,76,6,54,16,70,0.9210526315789473,0.7105263157894737,0.21052631578947367,Phase_Change,4,0.25,1.6981449460030436,1,2,0,0,0,1,1,0,3,3,4,0,0,0,0,1,0
1129,76,42,20,14,34,0.4473684210526316,0.2631578947368421,0.18421052631578946,Extent,5,0.35714285714285715,1.7198331107682066,0,4,5,0,5,0,0,0,0,0,0,0,0,0,0,0,0
1130,76,51,21,4,25,0.32894736842105265,0.27631578947368424,0.05263157894736842,Indentation,2,0.5,1.1751333250370033,0,0,0,0,0,2,2,0,0,0,0,0,0,0,0,0,0
1131,76,24,28,24,52,0.6842105263157895,0.3684210526315789,0.3157894736842105,Path_Evolution,7,0.2916666666666667,2.3444926415235305,0,4,0,0,4,0,0,1,0,7,0,0,5,0,3,0,0
1132,76,16,58,2,60,0.7894736842105263,0.7631578947368421,0.02631578947368421,Spatial_Context,2,1.0,0.9089420171620173,0,0,0,0,0,0,0,0,0,0,0,0,0,2,0,0,0
1133,76,24,41,11,52,0.6842105263157895,0.5394736842105263,0.14473684210526316,Sequence_Complexity,4,0.36363636363636365,1.6793945238254788,0,0,0,0,1,0,3,0,3,0,0,0,4,0,0,0,0
1134,76,16,57,3,60,0.7894736842105263,0.75,0.039473684210526314,Localization,3,1.0,0.9685904304231414,0,0,0,0,0,0,0,0,3,0,0,0,0,0,0,0,0
1135,76,18,46,12,58,0.7631578947368421,0.6052631578947368,0.15789473684210525,Indentation,5,0.4166666666666667,1.7380309281933088,0,1,0,0,0,1,5,0,1,1,1,0,0,0,0,2,0
1136,76,13,48,15,63,0.8289473684210527,0.631578947368421,0.19736842105263158,Localization,4,0.26666666666666666,1.80458946903863,0,0,2,0,2,0,3,0,4,1,0,0,0,0,0,3,0
1137,76,11,54,11,65,0.8552631578947368,0.7105263157894737,0.14473684210526316,Sequence_Complexity,3,0.2727272727272727,1.5430254026014665,1,1,0,0,0,0,2,0,0,1,0,0,3,2,0,0,1
1138,76,24,46,6,52,0.6842105263157895,0.6052631578947368,0.07894736842105263,Temporal,2,0.3333333333333333,1.404204487181344,0,2,0,0,1,0,0,0,0,0,1,0,0,0,0,0,2
1139,76,13,51,12,63,0.8289473684210527,0.6710526315789473,0.15789473684210525,Displacement,4,0.3333333333333333,1.6406341413574808,1,0,4,0,0,0,0,1,3,0,1,0,1,0,0,1,0
1140,76,7,45,24,69,0.9078947368421053,0.5921052631578947,0.3157894736842105,Sequence_Complexity,3,0.125,2.3458313121270606,3,2,0,0,1,0,0,0,0,3,3,3,3,1,2,2,1
1141,76,7,55,14,69,0.9078947368421053,0.7236842105263158,0.18421052631578946,Duration,3,0.21428571428571427,1.611333352911704,2,0,0,3,0,0,0,1,2,0,0,2,0,0,0,2,2
1142,76,10,48,18,66,0.868421052631579,0.631578947368421,0.23684210526315788,Duration,5,0.2777777777777778,1.883953711337146,2,0,0,5,0,0,2,0,0,3,0,2,0,0,0,4,0
1143,76,15,32,29,61,0.8026315789473685,0.42105263157894735,0.3815789473684211,Phase_Change,6,0.20689655172413793,2.600130810585448,0,4,0,0,0,1,6,1,0,5,6,0,0,0,1,4,1
1144,76,3,55,18,73,0.9605263157894737,0.7236842105263158,0.23684210526315788,Duration,3,0.16666666666666666,1.7547096285990693,1,2,0,3,2,0,2,0,0,2,2,2,0,0,0,2,0
1145,76,6,50,20,70,0.9210526315789473,0.6578947368421053,0.2631578947368421,Phase_Change,4,0.2,1.9261186714011294,3,0,2,0,0,0,4,0,1,4,4,0,1,0,0,1,0
1146,76,9,50,17,67,0.881578947368421,0.6578947368421053,0.2236842105263158,Phase_Change,4,0.23529411764705882,1.9489520594736238,1,0,2,0,1,0,1,0,1,0,4,0,2,0,2,1,2
1147,76,16,41,19,60,0.7894736842105263,0.5394736842105263,0.25,Sampling_Gaps,5,0.2631578947368421,2.142346458628563,0,0,3,0,0,0,0,1,4,2,0,5,0,1,1,2,0
1148,76,2,62,12,74,0.9736842105263158,0.8157894736842105,0.15789473684210525,Temporal,2,0.16666666666666666,1.2063463128648189,0,0,0,0,0,0,2,0,0,2,2,2,0,0,2,0,2
1149,76,22,37,17,54,0.7105263157894737,0.4868421052631579,0.2236842105263158,Phase_Change,7,0.4117647058823529,2.010841597693298,0,0,3,0,0,0,0,1,0,3,7,0,0,0,1,0,2
1150,76,7,42,27,69,0.9078947368421053,0.5526315789473685,0.35526315789473684,Sequence_Complexity,4,0.14814814814814814,2.4532764776856704,3,0,2,4,0,0,0,0,4,3,0,3,4,1,1,2,0
1151,76,11,50,15,65,0.8552631578947368,0.6578947368421053,0.19736842105263158,Sequence_Complexity,4,0.26666666666666666,1.7347506082342437,0,0,1,0,0,1,4,0,0,3,0,0,4,0,2,0,0
1152,76,16,51,9,60,0.7894736842105263,0.6710526315789473,0.11842105263157894,Speed,2,0.2222222222222222,1.5203789286995553,1,2,2,0,0,0,0,0,1,0,0,0,1,0,0,2,0
1153,76,10,42,24,66,0.868421052631579,0.5526315789473685,0.3157894736842105,Sampling_Gaps,5,0.20833333333333334,2.2673283801686908,1,1,1,5,0,0,0,0,0,5,4,5,0,0,1,0,1
1154,76,11,52,13,65,0.8552631578947368,0.6842105263157895,0.17105263157894737,Indentation,5,0.38461538461538464,1.6052809196942779,0,3,2,0,0,1,5,0,0,0,0,0,0,1,1,0,0
1155,76,36,37,3,40,0.5263157894736842,0.4868421052631579,0.039473684210526314,Sequence_Complexity,2,0.6666666666666666,1.2365186373883963,0,0,1,0,0,0,0,0,0,0,0,0,2,0,0,0,0
1156,76,6,70,0,70,0.9210526315789473,0.9210526315789473,0.0,,0,0.0,0.3984592740952357,0,0,0,0,0,0,0,0,0,0,0,0,0,0,0,0,0
1157,76,18,43,15,58,0.7631578947368421,0.5657894736842105,0.19736842105263158,Localization,6,0.4,1.85453528341097,1,0,4,0,0,0,2,0,6,0,0,0,0,1,1,0,0
1158,76,15,40,21,61,0.8026315789473685,0.5263157894736842,0.27631578947368424,Path_Evolution,6,0.2857142857142857,2.1610867475437696,1,2,5,0,0,0,2,0,0,6,4,0,0,0,1,0,0
1159,76,7,57,12,69,0.9078947368421053,0.75,0.15789473684210525,Sampling_Gaps,3,0.25,1.463243430994632,0,0,1,3,0,0,0,2,0,1,0,3,0,1,0,0,1
1160,76,16,59,1,60,0.7894736842105263,0.7763157894736842,0.013157894736842105,Indentation,1,1.0,0.839033567228472,0,0,0,0,0,0,1,0,0,0,0,0,0,0,0,0,0
1161,76,48,23,5,28,0.3684210526315789,0.3026315789473684,0.06578947368421052,Sequence_Complexity,4,0.8,1.246346921023496,1,0,0,0,0,0,0,0,0,0,0,0,4,0,0,0,0
1162,76,29,35,12,47,0.618421052631579,0.4605263157894737,0.15789473684210525,Path_Evolution,8,0.6666666666666666,1.6636333759202508,0,0,0,0,0,0,0,2,0,8,0,0,0,2,0,0,0
1163,76,16,50,10,60,0.7894736842105263,0.6578947368421053,0.13157894736842105,Spatial_Context,2,0.2,1.5874958096444243,2,0,2,0,0,0,0,0,1,2,1,0,0,2,0,0,0
1164,76,31,37,8,45,0.5921052631578947,0.4868421052631579,0.10526315789473684,Displacement,6,0.75,1.460563892988438,0,0,6,0,0,0,0,0,0,0,0,0,0,2,0,0,0
1165,76,28,40,8,48,0.631578947368421,0.5263157894736842,0.10526315789473684,Speed,5,0.625,1.4967077491337932,2,0,0,0,0,0,0,0,0,0,0,0,0,0,0,5,1
1166,76,18,34,24,58,0.7631578947368421,0.4473684210526316,0.3157894736842105,Speed,4,0.16666666666666666,2.4118464393277943,0,0,0,4,0,0,0,0,2,4,0,4,0,3,3,4,0
1167,76,31,22,23,45,0.5921052631578947,0.2894736842105263,0.3026315789473684,Localization,7,0.30434782608695654,2.289390135933798,0,6,0,0,0,2,4,0,7,0,0,0,0,2,0,2,0
1168,76,15,51,10,61,0.8026315789473685,0.6710526315789473,0.13157894736842105,Extent,6,0.6,1.4036944360598427,0,0,0,0,6,0,0,0,0,3,1,0,0,0,0,0,0
1169,76,24,19,33,52,0.6842105263157895,0.25,0.4342105263157895,Sequence_Complexity,7,0.21212121212121213,2.6331416431199086,0,7,7,0,0,3,0,0,6,0,0,0,7,3,0,0,0
1170,76,21,41,14,55,0.7236842105263158,0.5394736842105263,0.18421052631578946,Path_Evolution,7,0.5,1.8591145855212348,1,0,0,0,1,0,0,1,0,7,2,0,0,1,0,1,0
1171,76,24,38,14,52,0.6842105263157895,0.5,0.18421052631578946,Speed,5,0.35714285714285715,1.8917434870935745,1,1,0,0,0,2,4,0,1,0,0,0,0,0,0,5,0
1172,76,10,59,7,66,0.868421052631579,0.7763157894736842,0.09210526315789473,Extent,2,0.2857142857142857,1.2177272389538187,0,0,0,0,2,1,0,0,1,0,0,0,0,1,1,0,1
1173,76,29,18,29,47,0.618421052631579,0.23684210526315788,0.3815789473684211,Curvature,7,0.2413793103448276,2.5594980490716774,0,7,0,0,0,2,0,0,5,6,0,0,0,2,2,5,0
1174,76,15,52,9,61,0.8026315789473685,0.6842105263157895,0.11842105263157894,Path_Evolution,5,0.5555555555555556,1.3974556088133039,0,0,0,0,0,0,0,0,1,5,2,0,1,0,0,0,0
1175,76,29,31,16,47,0.618421052631579,0.40789473684210525,0.21052631578947367,Displacement,6,0.375,2.0541617636122282,1,2,6,0,0,0,0,1,0,0,0,0,0,2,1,3,0
1176,76,1,67,8,75,0.9868421052631579,0.881578947368421,0.10526315789473684,Spatial_Context,2,0.25,0.8212436218558125,0,0,0,0,0,2,0,2,0,0,0,1,1,2,0,0,0
1177,76,28,36,12,48,0.631578947368421,0.47368421052631576,0.15789473684210525,Extent,6,0.5,1.7185457651032816,0,0,0,0,6,0,0,0,0,4,1,0,0,0,0,0,1
1178,76,11,54,11,65,0.8552631578947368,0.7105263157894737,0.14473684210526316,Sequence_Complexity,3,0.2727272727272727,1.470528363070849,0,3,0,0,0,1,0,0,0,3,0,0,3,0,0,1,0
1179,76,42,18,16,34,0.4473684210526316,0.23684210526315788,0.21052631578947367,Sequence_Complexity,9,0.5625,1.7733840029745016,0,4,0,0,0,1,0,0,0,0,0,0,9,0,0,2,0
1180,76,22,32,22,54,0.7105263157894737,0.42105263157894735,0.2894736842105263,Sequence_Complexity,7,0.3181818181818182,2.203052980301125,0,7,0,0,1,2,0,0,0,0,1,0,7,0,0,4,0
1181,76,6,58,12,70,0.9210526315789473,0.7631578947368421,0.15789473684210525,Sequence_Complexity,3,0.25,1.4844069841818803,0,1,0,0,1,1,1,0,0,1,2,0,3,0,1,1,0
1182,76,11,29,36,65,0.8552631578947368,0.3815789473684211,0.47368421052631576,Sequence_Complexity,5,0.1388888888888889,2.97314417705169,3,4,0,0,0,2,5,0,5,3,5,0,5,0,2,0,2
1183,76,31,23,22,45,0.5921052631578947,0.3026315789473684,0.2894736842105263,Sequence_Complexity,8,0.36363636363636365,2.2593513869221202,0,3,0,0,0,2,4,0,0,0,0,0,8,0,2,3,0
1184,76,31,21,24,45,0.5921052631578947,0.27631578947368424,0.3157894736842105,Sequence_Complexity,8,0.3333333333333333,2.3158445988514673,0,2,0,0,0,3,3,0,0,0,0,0,8,0,2,6,0
1185,76,16,29,31,60,0.7894736842105263,0.3815789473684211,0.40789473684210525,Path_Evolution,6,0.1935483870967742,2.769435509311169,0,3,0,0,2,2,5,0,0,6,4,0,5,0,2,0,2
1186,76,13,36,27,63,0.8289473684210527,0.47368421052631576,0.35526315789473684,Sequence_Complexity,5,0.18518518518518517,2.493761719791503,0,3,0,5,3,2,1,0,0,0,0,5,5,0,0,3,0
1187,76,10,53,13,66,0.868421052631579,0.6973684210526315,0.17105263157894737,Sequence_Complexity,5,0.38461538461538464,1.5484065526893291,0,2,0,0,0,0,0,0,2,3,0,0,5,0,1,0,0
1188,76,18,47,11,58,0.7631578947368421,0.618421052631579,0.14473684210526316,Indentation,5,0.45454545454545453,1.5672174275324353,0,0,0,0,0,1,5,0,0,0,0,0,4,0,1,0,0
1189,76,16,50,10,60,0.7894736842105263,0.6578947368421053,0.13157894736842105,Sequence_Complexity,3,0.3,1.5512472898791156,0,2,2,0,0,0,0,0,0,2,0,0,3,0,0,1,0
1190,76,10,57,9,66,0.868421052631579,0.75,0.11842105263157894,Sequence_Complexity,3,0.3333333333333333,1.3472841021484883,0,1,2,0,1,0,0,0,1,0,0,0,3,0,0,1,0
1191,76,16,41,19,60,0.7894736842105263,0.5394736842105263,0.25,Path_Evolution,5,0.2631578947368421,2.073331820499135,2,2,0,0,0,0,0,0,0,5,4,0,4,0,2,0,0
1192,76,10,41,25,66,0.868421052631579,0.5394736842105263,0.32894736842105265,Sequence_Complexity,5,0.2,2.3095396840230293,1,0,0,0,0,1,5,0,0,5,5,0,5,0,1,1,1
1193,76,11,49,16,65,0.8552631578947368,0.6447368421052632,0.21052631578947367,Speed,3,0.1875,1.8968182348780274,2,0,2,2,0,0,0,1,0,0,0,3,2,1,0,3,0
1194,76,34,13,29,42,0.5526315789473685,0.17105263157894737,0.3815789473684211,Sequence_Complexity,8,0.27586206896551724,2.3538456931590774,0,0,0,0,0,0,0,0,7,0,5,0,8,0,0,5,4
1195,76,21,31,24,55,0.7236842105263158,0.40789473684210525,0.3157894736842105,Sampling_Gaps,6,0.25,2.3684761777988355,0,4,0,4,3,3,4,0,0,0,0,6,0,0,0,0,0
1196,76,29,30,17,47,0.618421052631579,0.39473684210526316,0.2236842105263158,Path_Evolution,5,0.29411764705882354,2.146640576583165,2,0,2,0,0,2,0,2,2,5,0,0,0,0,2,0,0
1197,76,21,34,21,55,0.7236842105263158,0.4473684210526316,0.27631578947368424,Curvature,7,0.3333333333333333,2.2430109089752213,0,7,0,0,1,1,2,0,0,2,6,0,0,0,1,0,1
1198,76,16,48,12,60,0.7894736842105263,0.631578947368421,0.15789473684210525,Displacement,6,0.5,1.6480857366153954,1,0,6,0,0,0,1,0,0,2,0,0,1,1,0,0,0
1199,76,24,30,22,52,0.6842105263157895,0.39473684210526316,0.2894736842105263,Displacement,7,0.3181818181818182,2.2675730027277523,5,0,7,0,0,0,0,0,0,2,4,0,2,2,0,0,0
1200,76,28,34,14,48,0.631578947368421,0.4473684210526316,0.18421052631578946,Path_Evolution,5,0.35714285714285715,1.9691207385151472,0,2,0,0,0,0,0,0,0,5,2,0,0,1,1,2,1
1201,76,37,34,5,39,0.5131578947368421,0.4473684210526316,0.06578947368421052,Extent,2,0.4,1.4094602617227605,0,0,0,0,2,1,0,0,0,1,0,0,0,0,1,0,0
1202,76,6,47,23,70,0.9210526315789473,0.618421052631579,0.3026315789473684,Sampling_Gaps,4,0.17391304347826086,2.177791480083857,0,1,4,0,4,0,0,0,3,2,2,4,0,1,1,0,1
1203,76,18,38,20,58,0.7631578947368421,0.5,0.2631578947368421,Duration,5,0.25,2.2467494080323394,0,2,0,5,4,1,0,0,2,2,0,2,0,0,2,0,0
1204,76,20,47,9,56,0.7368421052631579,0.618421052631579,0.11842105263157894,Sampling_Gaps,4,0.4444444444444444,1.5702401723041612,0,0,1,0,0,0,1,0,0,0,1,4,1,0,0,1,0
1205,76,7,45,24,69,0.9078947368421053,0.5921052631578947,0.3157894736842105,Speed,4,0.16666666666666666,2.296682134580881,0,0,4,0,3,0,0,1,0,2,2,2,3,2,1,4,0
1206,76,21,52,3,55,0.7236842105263158,0.6842105263157895,0.039473684210526314,Curvature,2,0.6666666666666666,1.1076442078950228,0,2,0,0,0,1,0,0,0,0,0,0,0,0,0,0,0
1207,76,6,44,26,70,0.9210526315789473,0.5789473684210527,0.34210526315789475,Speed,4,0.15384615384615385,2.373195227568172,3,0,4,0,2,1,4,1,1,0,0,4,1,1,0,4,0
1208,76,24,30,22,52,0.6842105263157895,0.39473684210526316,0.2894736842105263,Indentation,7,0.3181818181818182,2.2307739042786743,0,7,1,0,0,3,7,0,0,2,0,0,2,0,0,0,0
1209,76,61,8,7,15,0.19736842105263158,0.10526315789473684,0.09210526315789473,Curvature,4,0.5714285714285714,1.0041134990554337,0,4,0,0,0,0,0,0,0,0,0,0,0,0,0,0,3
1210,76,22,38,16,54,0.7105263157894737,0.5,0.21052631578947367,Sequence_Complexity,6,0.375,1.923609663448315,0,0,0,0,0,2,0,2,5,0,0,0,6,0,1,0,0
1211,76,24,33,19,52,0.6842105263157895,0.4342105263157895,0.25,Indentation,7,0.3684210526315789,2.0036911665079717,0,2,0,0,7,3,7,0,0,0,0,0,0,0,0,0,0
1212,76,15,44,17,61,0.8026315789473685,0.5789473684210527,0.2236842105263158,Phase_Change,6,0.35294117647058826,1.9968352415928055,1,3,0,0,0,0,2,0,0,2,6,0,0,0,1,1,1
1213,76,24,24,28,52,0.6842105263157895,0.3157894736842105,0.3684210526315789,Indentation,7,0.25,2.479497000916272,6,7,0,0,0,3,7,3,0,0,0,0,2,0,0,0,0
1214,76,18,37,21,58,0.7631578947368421,0.4868421052631579,0.27631578947368424,Sampling_Gaps,5,0.23809523809523808,2.213225592686438,0,2,0,5,5,1,0,1,0,0,2,5,0,0,0,0,0
1215,76,29,30,17,47,0.618421052631579,0.39473684210526316,0.2236842105263158,Phase_Change,8,0.47058823529411764,1.9900598590846108,1,3,0,0,0,0,0,0,0,3,8,0,0,0,0,0,2
1216,76,24,28,24,52,0.6842105263157895,0.3684210526315789,0.3157894736842105,Indentation,7,0.2916666666666667,2.2969973721230454,0,0,4,5,0,3,7,0,0,0,0,5,0,0,0,0,0
1217,76,6,45,25,70,0.9210526315789473,0.5921052631578947,0.32894736842105265,Sampling_Gaps,4,0.16,2.3049970614986366,2,4,0,0,0,1,3,0,0,3,3,4,3,0,1,0,1
1218,76,13,34,29,63,0.8289473684210527,0.4473684210526316,0.3815789473684211,Extent,5,0.1724137931034483,2.6387336465064886,0,4,2,5,5,1,0,0,0,0,2,4,0,0,0,4,2
1219,76,22,31,23,54,0.7105263157894737,0.40789473684210525,0.3026315789473684,Curvature,6,0.2608695652173913,2.4115869316943632,0,6,0,0,0,2,5,0,0,3,2,0,2,0,2,0,1
1220,76,34,36,6,42,0.5526315789473685,0.47368421052631576,0.07894736842105263,Sequence_Complexity,3,0.5,1.4604811429620295,0,0,0,0,1,0,1,0,1,0,0,0,3,0,0,0,0
1221,76,22,32,22,54,0.7105263157894737,0.42105263157894735,0.2894736842105263,Sequence_Complexity,7,0.3181818181818182,2.2989339865880063,3,1,0,0,0,2,0,2,5,0,0,0,7,0,2,0,0
1222,76,6,59,11,70,0.9210526315789473,0.7763157894736842,0.14473684210526316,Phase_Change,3,0.2727272727272727,1.3881827447746504,1,1,2,0,1,0,1,0,0,0,3,0,0,1,0,1,0
1223,76,65,9,2,11,0.14473684210526316,0.11842105263157894,0.02631578947368421,Curvature,2,1.0,0.6955165547616071,0,2,0,0,0,0,0,0,0,0,0,0,0,0,0,0,0
1224,76,7,53,16,69,0.9078947368421053,0.6973684210526315,0.21052631578947367,Sequence_Complexity,4,0.25,1.7054108220455224,2,0,0,4,0,0,0,1,0,0,0,2,4,1,0,2,0
1225,76,13,48,15,63,0.8289473684210527,0.631578947368421,0.19736842105263158,Localization,3,0.2,1.8835368374596824,2,2,0,0,1,0,0,3,3,0,1,0,2,1,0,0,0
1226,76,7,56,13,69,0.9078947368421053,0.7368421052631579,0.17105263157894737,Extent,3,0.23076923076923078,1.558807314838901,0,0,1,3,3,0,0,0,1,2,0,1,1,0,1,0,0
1227,76,13,43,20,63,0.8289473684210527,0.5657894736842105,0.2631578947368421,Extent,5,0.25,2.05162429971479,1,0,5,0,5,0,0,0,0,3,0,0,3,0,0,3,0
1228,76,7,54,15,69,0.9078947368421053,0.7105263157894737,0.19736842105263158,Localization,4,0.26666666666666666,1.6635142296116046,1,0,0,4,1,0,0,0,4,1,1,2,1,0,0,0,0
1229,76,13,47,16,63,0.8289473684210527,0.618421052631579,0.21052631578947367,Extent,5,0.3125,1.8131157325802914,3,0,0,0,5,0,0,0,0,3,0,0,0,0,2,3,0
1230,76,15,33,28,61,0.8026315789473685,0.4342105263157895,0.3684210526315789,Speed,6,0.21428571428571427,2.549145080676948,0,0,0,0,6,1,0,1,6,3,3,0,0,0,1,6,1
1231,76,21,54,1,55,0.7236842105263158,0.7105263157894737,0.013157894736842105,Sequence_Complexity,1,1.0,0.9452618424543583,0,0,0,0,0,0,0,0,0,0,0,0,1,0,0,0,0
1232,76,10,35,31,66,0.868421052631579,0.4605263157894737,0.40789473684210525,Path_Evolution,5,0.16129032258064516,2.553290817205013,4,5,5,5,0,0,0,0,5,5,0,0,0,0,0,2,0
1233,76,37,24,15,39,0.5131578947368421,0.3157894736842105,0.19736842105263158,Phase_Change,7,0.4666666666666667,1.8900953226258803,0,0,0,0,0,1,3,0,2,0,7,0,0,0,0,0,2
1234,76,27,46,3,49,0.6447368421052632,0.6052631578947368,0.039473684210526314,Sequence_Complexity,1,0.3333333333333333,1.2154826116404769,0,1,0,0,1,0,0,0,0,0,0,0,1,0,0,0,0
1235,76,38,18,20,38,0.5,0.23684210526315788,0.2631578947368421,Sequence_Complexity,8,0.4,1.9521394142749293,0,2,0,8,2,0,0,0,0,0,0,0,8,0,0,0,0
1236,76,27,34,15,49,0.6447368421052632,0.4473684210526316,0.19736842105263158,Extent,5,0.3333333333333333,1.9983835708730329,0,2,0,2,5,2,2,0,0,0,0,0,0,0,0,2,0
1237,76,15,35,26,61,0.8026315789473685,0.4605263157894737,0.34210526315789475,Phase_Change,6,0.23076923076923078,2.542163835397158,0,4,2,0,2,1,0,0,0,0,6,4,4,1,1,0,1
1238,76,46,27,3,30,0.39473684210526316,0.35526315789473684,0.039473684210526314,Curvature,2,0.6666666666666666,1.1891668221667928,0,2,0,0,0,1,0,0,0,0,0,0,0,0,0,0,0
1239,76,16,48,12,60,0.7894736842105263,0.631578947368421,0.15789473684210525,Sequence_Complexity,2,0.16666666666666666,1.7468985656196971,2,2,0,0,0,1,0,0,2,2,0,0,2,0,1,0,0
1240,76,21,41,14,55,0.7236842105263158,0.5394736842105263,0.18421052631578946,Sequence_Complexity,4,0.2857142857142857,1.8510464532569302,0,3,0,0,0,3,1,0,0,0,0,0,4,0,0,3,0
1241,76,31,35,10,45,0.5921052631578947,0.4605263157894737,0.13157894736842105,Sequence_Complexity,5,0.5,1.6595770964764305,0,2,0,0,0,0,2,0,0,1,0,0,5,0,0,0,0
1242,76,31,34,11,45,0.5921052631578947,0.4473684210526316,0.14473684210526316,Sequence_Complexity,7,0.6363636363636364,1.6662787413526918,0,2,0,0,0,1,0,0,0,0,0,0,7,0,1,0,0
1243,76,34,28,14,42,0.5526315789473685,0.3684210526315789,0.18421052631578946,Sequence_Complexity,8,0.5714285714285714,1.7534581131787899,0,2,0,0,0,0,0,0,0,0,0,0,8,0,0,4,0
1244,76,31,32,13,45,0.5921052631578947,0.42105263157894735,0.17105263157894737,Sequence_Complexity,8,0.6153846153846154,1.743519972336262,0,1,0,0,1,0,0,0,3,0,0,0,8,0,0,0,0
1245,76,28,34,14,48,0.631578947368421,0.4473684210526316,0.18421052631578946,Curvature,8,0.5714285714285714,1.7599084420692253,3,8,0,0,0,0,0,0,0,3,0,0,0,0,0,0,0
1246,76,46,26,4,30,0.39473684210526316,0.34210526315789475,0.05263157894736842,Sequence_Complexity,3,0.75,1.2341094851218164,0,0,0,0,0,0,1,0,0,0,0,0,3,0,0,0,0
1247,76,42,19,15,34,0.4473684210526316,0.25,0.19736842105263158,Localization,7,0.4666666666666667,1.7795811125396017,0,0,4,0,0,0,0,0,7,0,0,0,3,1,0,0,0
1248,76,38,27,11,38,0.5,0.35526315789473684,0.14473684210526316,Curvature,4,0.36363636363636365,1.7142683611878833,0,4,2,0,0,0,0,0,3,0,2,0,0,0,0,0,0
1249,76,27,28,21,49,0.6447368421052632,0.3684210526315789,0.27631578947368424,Duration,7,0.3333333333333333,2.1570847853262145,0,0,3,7,0,1,4,0,0,0,0,6,0,0,0,0,0
1250,76,42,23,11,34,0.4473684210526316,0.3026315789473684,0.14473684210526316,Temporal,4,0.36363636363636365,1.6785308785990762,0,0,0,0,0,0,2,0,3,0,2,0,0,0,0,0,4
1251,76,34,30,12,42,0.5526315789473685,0.39473684210526316,0.15789473684210525,Phase_Change,3,0.25,1.830950809823927,0,0,0,0,3,0,0,0,2,0,3,0,2,0,2,0,0
1252,76,42,24,10,34,0.4473684210526316,0.3157894736842105,0.13157894736842105,Localization,4,0.4,1.6095534111539054,0,1,4,0,0,0,0,0,4,0,0,0,0,1,0,0,0
1253,76,39,32,5,37,0.4868421052631579,0.42105263157894735,0.06578947368421052,Sequence_Complexity,2,0.4,1.377786901132695,0,0,2,0,0,0,0,0,0,1,0,0,2,0,0,0,0
1254,76,38,21,17,38,0.5,0.27631578947368424,0.2236842105263158,Phase_Change,8,0.47058823529411764,1.906814699026472,3,0,3,0,0,0,0,0,3,0,8,0,0,0,0,0,0
1255,76,16,39,21,60,0.7894736842105263,0.5131578947368421,0.27631578947368424,Path_Evolution,6,0.2857142857142857,2.126215644833172,1,0,1,0,0,0,0,0,5,6,4,0,4,0,0,0,0
1256,76,10,63,3,66,0.868421052631579,0.8289473684210527,0.039473684210526314,Localization,3,1.0,0.7934169393444823,0,0,0,0,0,0,0,0,3,0,0,0,0,0,0,0,0
1257,76,29,25,22,47,0.618421052631579,0.32894736842105265,0.2894736842105263,Path_Evolution,8,0.36363636363636365,2.2453336377601474,1,0,0,0,0,1,5,0,0,8,5,0,0,0,1,0,1
1258,76,31,28,17,45,0.5921052631578947,0.3684210526315789,0.2236842105263158,Extent,7,0.4117647058823529,2.0196737910970564,0,3,0,0,7,0,2,0,3,0,0,0,0,0,0,2,0
1259,76,24,34,18,52,0.6842105263157895,0.4473684210526316,0.23684210526315788,Extent,7,0.3888888888888889,2.077809308434205,0,0,0,0,7,0,0,1,3,3,0,0,0,1,0,3,0
1260,76,29,29,18,47,0.618421052631579,0.3815789473684211,0.23684210526315788,Sequence_Complexity,5,0.2777777777777778,2.1198082217536345,5,0,0,0,0,0,0,0,0,3,0,0,5,0,1,2,2
1261,76,3,60,13,73,0.9605263157894737,0.7894736842105263,0.17105263157894737,Curvature,3,0.23076923076923078,1.4331484247483477,0,3,0,1,1,1,1,1,2,0,0,1,0,0,1,0,1
1262,76,16,29,31,60,0.7894736842105263,0.3815789473684211,0.40789473684210525,Speed,6,0.1935483870967742,2.7194319690509032,1,6,0,3,0,0,0,2,4,6,0,0,0,1,2,6,0
1263,76,51,6,19,25,0.32894736842105265,0.07894736842105263,0.25,Localization,9,0.47368421052631576,1.5198644547876115,0,0,8,0,0,0,0,0,9,0,0,0,0,2,0,0,0
1264,76,29,40,7,47,0.618421052631579,0.5263157894736842,0.09210526315789473,Sequence_Complexity,5,0.7142857142857143,1.414135235435284,0,0,0,0,0,0,0,0,0,0,0,0,5,0,2,0,0
1265,76,11,42,23,65,0.8552631578947368,0.5526315789473685,0.3026315789473684,Displacement,5,0.21739130434782608,2.3513390919152304,2,0,5,0,2,0,0,2,2,2,0,0,1,1,2,4,0
1266,76,15,47,14,61,0.8026315789473685,0.618421052631579,0.18421052631578946,Extent,6,0.42857142857142855,1.7850484349264317,0,1,0,0,6,1,1,0,0,2,2,0,0,0,1,0,0
1267,76,13,57,6,63,0.8289473684210527,0.75,0.07894736842105263,SpatioTemporal_Dynamics,3,0.5,1.1514099523200598,0,0,0,0,0,0,0,0,0,2,0,0,1,0,3,0,0
1268,76,51,11,14,25,0.32894736842105265,0.14473684210526316,0.18421052631578946,Extent,9,0.6428571428571429,1.4764583981712063,0,0,0,0,9,0,0,0,0,0,0,0,2,3,0,0,0
1269,76,22,34,20,54,0.7105263157894737,0.4473684210526316,0.2631578947368421,Path_Evolution,6,0.3,2.2366687012942514,0,0,3,0,0,0,0,0,3,6,3,0,0,2,1,0,2
1270,76,13,53,10,63,0.8289473684210527,0.6973684210526315,0.13157894736842105,Indentation,3,0.3,1.5052908301561219,0,0,2,0,1,1,3,0,2,0,1,0,0,0,0,0,0
1271,76,38,28,10,38,0.5,0.3684210526315789,0.13157894736842105,Phase_Change,4,0.4,1.6159908907005702,0,0,2,0,0,0,0,0,0,4,4,0,0,0,0,0,0
1272,76,24,48,4,52,0.6842105263157895,0.631578947368421,0.05263157894736842,Extent,2,0.5,1.2200683022340693,0,2,0,0,2,0,0,0,0,0,0,0,0,0,0,0,0
1273,76,48,13,15,28,0.3684210526315789,0.17105263157894737,0.19736842105263158,Phase_Change,7,0.4666666666666667,1.6711459236428892,0,0,0,0,0,2,4,0,0,0,7,0,0,0,0,0,2
1274,76,29,25,22,47,0.618421052631579,0.32894736842105265,0.2894736842105263,Phase_Change,7,0.3181818181818182,2.2974146380237466,0,5,1,0,4,2,0,0,0,0,7,0,0,1,0,0,2
1275,76,16,45,15,60,0.7894736842105263,0.5921052631578947,0.19736842105263158,Extent,4,0.26666666666666666,1.8645934432483833,0,0,2,4,4,0,0,0,0,2,0,2,0,0,0,1,0
1276,76,37,19,20,39,0.5131578947368421,0.25,0.2631578947368421,Indentation,9,0.45,1.9894905825082787,0,0,2,0,0,1,9,0,7,0,0,0,0,0,0,0,1
1277,76,10,32,34,66,0.868421052631579,0.42105263157894735,0.4473684210526316,Speed,5,0.14705882352941177,2.7787453707248897,4,0,5,0,4,1,5,1,5,4,0,0,0,0,0,5,0
1278,76,51,15,10,25,0.32894736842105265,0.19736842105263158,0.13157894736842105,Temporal,4,0.4,1.4334926269347164,0,0,2,0,0,0,0,0,4,0,0,0,0,0,0,0,4
1279,76,13,44,19,63,0.8289473684210527,0.5789473684210527,0.25,Sampling_Gaps,5,0.2631578947368421,1.9333944018468858,0,0,3,5,5,0,0,0,0,0,0,5,0,1,0,0,0
1280,76,42,31,3,34,0.4473684210526316,0.40789473684210525,0.039473684210526314,Phase_Change,2,0.6666666666666666,1.2208562321448873,0,0,0,0,0,0,1,0,0,0,2,0,0,0,0,0,0
1281,76,3,52,21,73,0.9605263157894737,0.6842105263157895,0.27631578947368424,Sampling_Gaps,3,0.14285714285714285,1.9459250087551958,3,1,3,0,3,0,2,0,3,1,0,3,0,1,0,1,0
1282,76,51,18,7,25,0.32894736842105265,0.23684210526315788,0.09210526315789473,Phase_Change,4,0.5714285714285714,1.3222387967790077,0,0,0,0,0,1,2,0,0,0,4,0,0,0,0,0,0
1283,76,11,42,23,65,0.8552631578947368,0.5526315789473685,0.3026315789473684,Sampling_Gaps,5,0.21739130434782608,2.337923960222416,1,0,0,3,1,2,0,1,3,0,3,5,0,0,0,3,1
1284,76,29,40,7,47,0.618421052631579,0.5263157894736842,0.09210526315789473,Displacement,5,0.7142857142857143,1.4404510249089681,0,0,5,0,0,0,1,0,0,0,1,0,0,0,0,0,0
1285,76,21,43,12,55,0.7236842105263158,0.5657894736842105,0.15789473684210525,Extent,6,0.5,1.7600613906163338,0,0,1,0,6,0,1,0,0,1,1,0,0,1,1,0,0
1286,76,51,21,4,25,0.32894736842105265,0.27631578947368424,0.05263157894736842,Speed,2,0.5,1.2014491145106874,0,0,0,0,0,1,0,0,0,0,0,0,1,0,0,2,0
1287,76,15,34,27,61,0.8026315789473685,0.4473684210526316,0.35526315789473684,Phase_Change,6,0.2222222222222222,2.572249447029683,0,2,0,0,4,1,3,0,2,6,6,0,0,1,1,0,1
1288,76,15,41,20,61,0.8026315789473685,0.5394736842105263,0.2631578947368421,Speed,6,0.3,2.02566196598885,1,1,6,0,0,0,0,0,0,5,1,0,0,0,0,6,0
1289,76,3,65,8,73,0.9605263157894737,0.8552631578947368,0.10526315789473684,Curvature,3,0.375,0.9194580022438951,2,3,0,0,1,0,0,0,0,0,0,0,0,0,0,2,0
1290,76,18,31,27,58,0.7631578947368421,0.40789473684210525,0.35526315789473684,Sequence_Complexity,6,0.2222222222222222,2.554798096795395,0,0,0,0,6,2,3,0,3,3,3,0,6,0,1,0,0
1291,76,9,50,17,67,0.881578947368421,0.6578947368421053,0.2236842105263158,Sequence_Complexity,3,0.17647058823529413,1.9390193291819995,0,0,0,2,2,0,0,0,0,2,2,2,3,0,1,1,2
1292,76,6,57,13,70,0.9210526315789473,0.75,0.17105263157894737,Duration,3,0.23076923076923078,1.5276723382609447,2,1,1,3,1,0,1,0,0,0,0,0,0,2,0,2,0
1293,76,15,30,31,61,0.8026315789473685,0.39473684210526316,0.40789473684210525,Phase_Change,6,0.1935483870967742,2.6183330816055452,6,0,6,0,0,0,0,1,6,0,6,0,0,1,0,4,1
1294,76,9,52,15,67,0.881578947368421,0.6842105263157895,0.19736842105263158,Indentation,3,0.2,1.7780975416214657,2,0,1,0,0,0,3,1,2,2,0,0,2,0,0,2,0
1295,76,24,28,24,52,0.6842105263157895,0.3684210526315789,0.3157894736842105,Speed,5,0.20833333333333334,2.4191941678836115,3,0,0,0,0,0,0,3,5,5,0,0,1,0,2,5,0
1296,76,6,51,19,70,0.9210526315789473,0.6710526315789473,0.25,Sequence_Complexity,3,0.15789473684210525,1.9344667574761236,3,0,2,0,3,1,2,1,0,0,0,3,3,0,0,1,0
1297,76,13,48,15,63,0.8289473684210527,0.631578947368421,0.19736842105263158,Extent,4,0.26666666666666666,1.8770865085692472,2,0,0,0,4,0,0,1,1,2,0,0,2,0,1,2,0
1298,76,3,45,28,73,0.9605263157894737,0.5921052631578947,0.3684210526315789,Speed,3,0.10714285714285714,2.469342127231177,3,0,0,3,2,0,0,1,3,3,3,3,1,1,1,3,1
1299,76,7,57,12,69,0.9078947368421053,0.75,0.15789473684210525,Phase_Change,3,0.25,1.525807740233625,0,1,0,1,1,0,0,0,0,1,3,1,0,1,1,0,2
1300,76,37,15,24,39,0.5131578947368421,0.19736842105263158,0.3157894736842105,Speed,8,0.3333333333333333,2.1938746060151333,3,0,0,0,0,0,0,2,0,8,0,0,0,1,2,8,0
1301,76,24,47,5,52,0.6842105263157895,0.618421052631579,0.06578947368421052,Extent,2,0.4,1.3386541444152076,1,1,0,0,2,0,1,0,0,0,0,0,0,0,0,0,0
1302,76,11,37,28,65,0.8552631578947368,0.4868421052631579,0.3684210526315789,Speed,4,0.14285714285714285,2.5958431735035217,4,3,0,0,4,1,4,2,1,0,0,0,4,1,0,4,0
1303,76,29,45,2,47,0.618421052631579,0.5921052631578947,0.02631578947368421,Kinematic,1,0.5,1.1424691161602307,0,0,0,0,0,1,0,1,0,0,0,0,0,0,0,0,0
1304,76,6,42,28,70,0.9210526315789473,0.5526315789473685,0.3684210526315789,Speed,4,0.14285714285714285,2.448690746822555,4,0,4,0,2,0,1,1,3,0,4,4,0,0,0,4,1
1305,76,16,42,18,60,0.7894736842105263,0.5526315789473685,0.23684210526315788,Path_Evolution,6,0.3333333333333333,2.0340884441340426,3,0,0,0,1,0,0,0,0,6,3,3,0,0,1,1,0
1306,76,16,50,10,60,0.7894736842105263,0.6578947368421053,0.13157894736842105,Path_Evolution,5,0.5,1.4873689612965717,1,0,0,0,0,0,0,0,0,5,0,2,0,0,2,0,0
1307,76,10,41,25,66,0.868421052631579,0.5394736842105263,0.32894736842105265,Sampling_Gaps,5,0.2,2.3207864336582045,5,0,0,0,2,0,2,0,0,3,5,5,0,0,0,2,1
1308,76,22,38,16,54,0.7105263157894737,0.5,0.21052631578947367,Path_Evolution,7,0.4375,1.8159313288424899,7,0,0,0,0,0,0,1,0,7,0,0,0,0,1,0,0
1309,76,1,58,17,75,0.9868421052631579,0.7631578947368421,0.2236842105263158,Speed,2,0.11764705882352941,1.5931525434778064,2,0,0,2,2,0,0,0,0,2,2,2,1,0,1,2,1
1310,76,11,49,16,65,0.8552631578947368,0.6447368421052632,0.21052631578947367,Duration,5,0.3125,1.737609478692371,0,0,0,5,0,0,0,0,0,4,4,0,0,0,2,0,1
1311,76,7,62,7,69,0.9078947368421053,0.8157894736842105,0.09210526315789473,Temporal,1,0.14285714285714285,1.1319846753068816,1,0,0,1,0,0,1,1,0,0,0,1,0,0,0,1,1
1312,76,10,48,18,66,0.868421052631579,0.631578947368421,0.23684210526315788,Phase_Change,5,0.2777777777777778,1.8265257116450373,2,0,0,0,0,0,3,0,3,5,5,0,0,0,0,0,0
1313,76,27,40,9,49,0.6447368421052632,0.5263157894736842,0.11842105263157894,Kinematic,4,0.4444444444444444,1.589848910074222,3,0,0,0,0,0,0,4,0,1,0,0,0,0,0,1,0
1314,76,15,38,23,61,0.8026315789473685,0.5,0.3026315789473684,Sampling_Gaps,5,0.21739130434782608,2.3445881064952343,3,3,0,0,0,0,4,0,0,3,0,5,0,1,1,3,0
1315,76,10,40,26,66,0.868421052631579,0.5263157894736842,0.34210526315789475,Sampling_Gaps,5,0.19230769230769232,2.267204268152594,4,0,0,5,0,0,2,0,0,5,5,5,0,0,0,0,0
1316,76,22,41,13,54,0.7105263157894737,0.5394736842105263,0.17105263157894737,Acceleration,6,0.46153846153846156,1.7311261607634683,6,0,0,0,0,0,0,0,0,4,2,0,0,0,1,0,0
1317,76,10,45,21,66,0.868421052631579,0.5921052631578947,0.27631578947368424,Speed,3,0.14285714285714285,2.183690733223983,3,0,3,0,0,0,3,1,1,3,3,0,0,0,1,3,0
1318,76,16,35,25,60,0.7894736842105263,0.4605263157894737,0.32894736842105265,Speed,6,0.24,2.4249741502629583,1,0,0,0,4,1,6,1,1,4,0,0,0,0,1,6,0
1319,76,42,26,8,34,0.4473684210526316,0.34210526315789475,0.10526315789473684,Kinematic,4,0.5,1.5283385078070548,1,0,0,0,0,0,1,4,0,0,0,0,0,0,0,2,0
1320,76,15,45,16,61,0.8026315789473685,0.5921052631578947,0.21052631578947367,Phase_Change,5,0.3125,1.8932429184720487,1,0,0,0,0,0,1,0,0,5,5,0,0,0,1,2,1
1321,76,24,32,20,52,0.6842105263157895,0.42105263157894735,0.2631578947368421,Path_Evolution,4,0.2,2.280179157895761,3,4,0,0,3,0,0,2,0,4,0,0,0,0,2,2,0
1322,76,1,61,14,75,0.9868421052631579,0.8026315789473685,0.18421052631578946,Path_Evolution,2,0.14285714285714285,1.4614146503996897,1,1,1,1,0,1,0,1,0,2,1,1,1,1,1,1,0
1323,76,22,32,22,54,0.7105263157894737,0.42105263157894735,0.2894736842105263,Duration,7,0.3181818181818182,2.2251229277138376,0,5,0,7,0,0,1,0,0,0,0,3,5,0,0,0,1
1324,76,31,36,9,45,0.5921052631578947,0.47368421052631576,0.11842105263157894,Indentation,4,0.4444444444444444,1.6103976032320084,0,0,0,0,0,3,4,0,0,1,0,0,0,0,1,0,0
1325,76,39,13,24,37,0.4868421052631579,0.17105263157894737,0.3157894736842105,Phase_Change,9,0.375,2.0864077385913538,0,0,0,0,0,3,8,0,1,0,9,0,0,0,0,0,3
1326,76,6,55,15,70,0.9210526315789473,0.7236842105263158,0.19736842105263158,Phase_Change,3,0.2,1.6722798587768268,3,3,1,0,0,1,0,1,1,1,3,0,0,1,0,0,0
1327,76,15,35,26,61,0.8026315789473685,0.4605263157894737,0.34210526315789475,Path_Evolution,6,0.23076923076923078,2.4761171247569753,0,0,0,6,1,1,0,0,3,6,3,4,0,1,1,0,0
1328,76,51,20,5,25,0.32894736842105265,0.2631578947368421,0.06578947368421052,Sequence_Complexity,4,0.8,1.198818903729197,0,0,0,0,0,0,0,0,0,0,0,0,4,0,0,1,0
1329,76,4,51,21,72,0.9473684210526315,0.6710526315789473,0.27631578947368424,Phase_Change,3,0.14285714285714285,2.0332795864804254,3,1,1,3,1,2,0,2,1,3,3,0,0,0,0,1,0
1330,76,22,31,23,54,0.7105263157894737,0.40789473684210525,0.3026315789473684,Sampling_Gaps,7,0.30434782608695654,2.23675855698643,4,0,0,0,0,0,0,2,6,0,4,7,0,0,0,0,0
1331,76,42,20,14,34,0.4473684210526316,0.2631578947368421,0.18421052631578946,Indentation,9,0.6428571428571429,1.6499641099246907,0,0,0,0,0,0,9,0,0,0,4,0,0,0,0,0,1
1332,76,6,49,21,70,0.9210526315789473,0.6447368421052632,0.27631578947368424,Speed,3,0.14285714285714285,2.147268205882717,1,3,0,0,1,1,2,1,1,3,0,0,3,0,1,3,1
1333,76,46,21,9,30,0.39473684210526316,0.27631578947368424,0.11842105263157894,Displacement,5,0.5555555555555556,1.433030719609199,0,4,5,0,0,0,0,0,0,0,0,0,0,0,0,0,0
1334,76,18,34,24,58,0.7631578947368421,0.4473684210526316,0.3157894736842105,Sampling_Gaps,6,0.25,2.398431307634981,0,0,0,6,3,0,2,0,0,2,3,6,0,0,1,0,1
1335,76,27,27,22,49,0.6447368421052632,0.35526315789473684,0.2894736842105263,Extent,7,0.3181818181818182,2.2687773875063413,0,4,2,0,7,1,4,0,0,0,4,0,0,0,0,0,0
1336,76,31,35,10,45,0.5921052631578947,0.4605263157894737,0.13157894736842105,Phase_Change,3,0.3,1.7135226947673499,0,0,0,0,2,1,3,0,0,0,3,0,0,0,0,0,1
1337,76,15,38,23,61,0.8026315789473685,0.5,0.3026315789473684,Displacement,6,0.2608695652173913,2.250571698235673,6,0,6,0,0,0,3,0,0,4,0,0,0,1,0,2,1
1338,76,6,53,17,70,0.9210526315789473,0.6973684210526315,0.2236842105263158,Phase_Change,4,0.23529411764705882,1.733591209546526,1,0,4,0,0,0,1,0,1,4,4,0,0,1,0,0,1
1339,76,6,56,14,70,0.9210526315789473,0.7368421052631579,0.18421052631578946,Phase_Change,4,0.2857142857142857,1.5442888536841612,0,1,3,0,0,0,1,0,0,2,4,0,1,0,0,2,0
1340,76,15,45,16,61,0.8026315789473685,0.5921052631578947,0.21052631578947367,Speed,4,0.25,1.869555167685467,3,0,3,0,0,0,0,0,3,0,3,0,0,0,0,4,0
1341,76,10,43,23,66,0.868421052631579,0.5657894736842105,0.3026315789473684,Phase_Change,5,0.21739130434782608,2.3199954890738366,2,0,5,0,1,0,0,1,2,3,5,0,0,1,1,1,1
1342,76,37,17,22,39,0.5131578947368421,0.2236842105263158,0.2894736842105263,Localization,8,0.36363636363636365,2.1441363649708207,0,0,7,0,0,0,0,1,8,0,0,0,0,2,0,2,2
1343,76,28,38,10,48,0.631578947368421,0.5,0.13157894736842105,Indentation,4,0.4,1.642306680174254,4,0,1,0,0,0,4,0,0,1,0,0,0,0,0,0,0
1344,76,21,39,16,55,0.7236842105263158,0.5131578947368421,0.21052631578947367,Phase_Change,4,0.25,1.9436611987574655,1,0,3,0,0,0,4,0,0,4,4,0,0,0,0,0,0
1345,76,15,55,6,61,0.8026315789473685,0.7236842105263158,0.07894736842105263,SpatioTemporal_Dynamics,1,0.16666666666666666,1.292951945312216,1,0,1,0,0,0,0,1,0,0,0,0,1,1,1,0,0
1346,76,24,52,0,52,0.6842105263157895,0.6842105263157895,0.0,,0,0.0,0.8997437586982626,0,0,0,0,0,0,0,0,0,0,0,0,0,0,0,0,0
1347,76,13,52,11,63,0.8289473684210527,0.6842105263157895,0.14473684210526316,Path_Evolution,4,0.36363636363636365,1.5567619650334406,0,2,0,0,2,0,0,0,1,4,0,0,1,0,0,1,0
1348,76,21,34,21,55,0.7236842105263158,0.4473684210526316,0.27631578947368424,Path_Evolution,6,0.2857142857142857,2.3125761257884183,5,0,1,0,2,0,0,1,0,6,3,0,0,1,1,0,1
1349,76,10,53,13,66,0.868421052631579,0.6973684210526315,0.17105263157894737,Sequence_Complexity,3,0.23076923076923078,1.6649164602192414,0,0,1,0,0,0,2,1,0,3,0,0,3,1,1,1,0
1350,76,22,32,22,54,0.7105263157894737,0.42105263157894735,0.2894736842105263,Localization,6,0.2727272727272727,2.3547441829062454,3,0,4,0,0,0,0,1,6,3,3,0,0,1,1,0,0
1351,76,65,8,3,11,0.14473684210526316,0.10526315789473684,0.039473684210526314,Curvature,3,1.0,0.7188644167460458,0,3,0,0,0,0,0,0,0,0,0,0,0,0,0,0,0
1352,76,27,38,11,49,0.6447368421052632,0.5,0.14473684210526316,Indentation,5,0.45454545454545453,1.755653190500076,0,0,0,0,1,0,5,0,1,1,0,0,1,0,2,0,0
1353,76,27,34,15,49,0.6447368421052632,0.4473684210526316,0.19736842105263158,Curvature,5,0.3333333333333333,1.899570741868731,0,5,0,0,3,4,0,0,3,0,0,0,0,0,0,0,0
1354,76,46,22,8,30,0.39473684210526316,0.2894736842105263,0.10526315789473684,Extent,6,0.75,1.4097548740624004,0,0,0,0,6,1,0,0,0,0,0,0,1,0,0,0,0
1355,76,21,37,18,55,0.7236842105263158,0.4868421052631579,0.23684210526315788,Phase_Change,6,0.3333333333333333,2.1425592185057045,1,3,0,0,0,1,3,0,0,0,6,0,2,1,0,0,1
1356,76,9,42,25,67,0.881578947368421,0.5526315789473685,0.32894736842105265,Sampling_Gaps,4,0.16,2.4417259440201753,2,0,3,0,3,0,2,3,2,2,0,4,0,0,2,2,0
1357,76,15,48,13,61,0.8026315789473685,0.631578947368421,0.17105263157894737,Path_Evolution,4,0.3076923076923077,1.7553426914579702,0,0,0,0,0,0,0,0,1,4,3,0,2,1,1,0,1
1358,76,3,57,16,73,0.9605263157894737,0.75,0.21052631578947367,Sequence_Complexity,2,0.125,1.7054325356862987,2,1,2,0,1,1,1,0,1,0,1,2,2,1,0,0,1
1359,76,15,30,31,61,0.8026315789473685,0.39473684210526316,0.40789473684210525,Phase_Change,6,0.1935483870967742,2.6610319302612897,0,6,6,0,3,1,0,0,0,6,6,0,0,1,1,0,1
1360,76,31,37,8,45,0.5921052631578947,0.4868421052631579,0.10526315789473684,Indentation,4,0.5,1.5593767219927397,2,1,0,0,0,0,4,0,0,0,0,0,0,0,0,1,0
1361,76,48,5,23,28,0.3684210526315789,0.06578947368421052,0.3026315789473684,Extent,10,0.43478260869565216,1.6310684356940721,0,10,0,0,10,3,0,0,0,0,0,0,0,0,0,0,0
1362,76,34,29,13,42,0.5526315789473685,0.3815789473684211,0.17105263157894737,Curvature,5,0.38461538461538464,1.807600856395586,0,5,0,0,0,4,0,0,2,0,0,0,2,0,0,0,0
1363,76,48,21,7,28,0.3684210526315789,0.27631578947368424,0.09210526315789473,Sequence_Complexity,6,0.8571428571428571,1.3028401329528434,0,0,0,0,0,0,0,0,0,0,0,0,6,0,0,0,1
1364,76,22,39,15,54,0.7105263157894737,0.5131578947368421,0.19736842105263158,Speed,3,0.2,1.931971991647986,0,3,3,0,0,0,3,0,0,3,0,0,0,0,0,3,0
1365,76,6,57,13,70,0.9210526315789473,0.75,0.17105263157894737,Sequence_Complexity,3,0.23076923076923078,1.4914238184956359,3,0,0,2,0,0,0,0,2,0,1,1,3,0,1,0,0
1366,76,7,43,26,69,0.9078947368421053,0.5657894736842105,0.34210526315789475,Sequence_Complexity,4,0.15384615384615385,2.395884007951339,3,0,0,3,0,0,0,1,4,0,3,3,4,1,1,3,0
1367,76,9,62,5,67,0.881578947368421,0.8157894736842105,0.06578947368421052,Phase_Change,3,0.6,0.926290885033973,0,0,0,2,0,0,0,0,0,0,3,0,0,0,0,0,0
1368,76,37,16,23,39,0.5131578947368421,0.21052631578947367,0.3026315789473684,Extent,9,0.391304347826087,2.092553506151049,0,9,0,0,9,1,0,0,2,0,0,0,0,1,0,0,1
1369,76,56,19,1,20,0.2631578947368421,0.25,0.013157894736842105,Acceleration,1,1.0,0.9068420083034019,1,0,0,0,0,0,0,0,0,0,0,0,0,0,0,0,0
1370,76,31,24,21,45,0.5921052631578947,0.3157894736842105,0.27631578947368424,Localization,7,0.3333333333333333,2.157397111231205,0,0,0,0,0,0,0,0,7,5,4,0,0,0,1,4,0
1371,76,21,39,16,55,0.7236842105263158,0.5131578947368421,0.21052631578947367,Phase_Change,4,0.25,2.085172876417511,0,2,1,0,0,0,0,1,1,4,4,0,0,1,1,0,1
1372,76,37,17,22,39,0.5131578947368421,0.2236842105263158,0.2894736842105263,Phase_Change,8,0.36363636363636365,2.119685173524456,0,0,6,0,0,0,0,0,0,4,8,0,0,2,0,0,2
1373,76,46,27,3,30,0.39473684210526316,0.35526315789473684,0.039473684210526314,Speed,2,0.6666666666666666,1.1891668221667928,0,0,0,0,0,0,0,0,0,0,1,0,0,0,0,2,0
1374,76,10,44,22,66,0.868421052631579,0.5789473684210527,0.2894736842105263,Sequence_Complexity,5,0.22727272727272727,2.176763821075799,0,1,5,0,1,0,0,0,0,4,3,0,5,1,1,0,1
1375,76,51,17,8,25,0.32894736842105265,0.2236842105263158,0.10526315789473684,Localization,7,0.875,1.2685584977040423,0,0,0,0,0,0,0,0,7,0,0,0,0,1,0,0,0
1376,76,6,53,17,70,0.9210526315789473,0.6973684210526315,0.2236842105263158,Speed,3,0.17647058823529413,1.8090561765663895,2,0,0,0,1,3,0,2,1,3,1,0,1,0,0,3,0
1377,76,16,30,30,60,0.7894736842105263,0.39473684210526316,0.39473684210526316,Sampling_Gaps,6,0.2,2.499829377127795,0,0,5,6,6,0,0,0,0,0,6,6,0,0,0,0,1
1378,76,7,54,15,69,0.9078947368421053,0.7105263157894737,0.19736842105263158,Phase_Change,4,0.26666666666666666,1.6635142296116046,0,0,0,2,2,0,2,0,0,1,4,2,0,0,0,0,2
1379,76,18,40,18,58,0.7631578947368421,0.5263157894736842,0.23684210526315788,Extent,6,0.3333333333333333,2.0412142064399874,3,0,3,0,6,0,0,0,2,0,3,0,0,0,0,0,1
1380,76,27,31,18,49,0.6447368421052632,0.40789473684210525,0.23684210526315788,Sampling_Gaps,7,0.3888888888888889,2.001441354054457,0,0,5,3,0,3,0,0,0,0,0,7,0,0,0,0,0
1381,76,18,38,20,58,0.7631578947368421,0.5,0.2631578947368421,Duration,6,0.3,2.1393178680799645,0,0,0,6,0,0,3,0,3,0,0,3,4,0,1,0,0
1382,76,21,38,17,55,0.7236842105263158,0.5,0.2236842105263158,Sampling_Gaps,5,0.29411764705882354,1.9732012984687979,0,5,0,0,1,0,0,0,4,0,0,5,0,2,0,0,0
1383,76,10,47,19,66,0.868421052631579,0.618421052631579,0.25,Localization,5,0.2631578947368421,1.8122185871142038,0,0,0,0,5,0,5,0,5,4,0,0,0,0,0,0,0
1384,76,27,26,23,49,0.6447368421052632,0.34210526315789475,0.3026315789473684,Localization,7,0.30434782608695654,2.313720050461365,0,0,0,0,0,0,3,0,7,4,1,0,0,0,4,4,0
1385,76,16,46,14,60,0.7894736842105263,0.6052631578947368,0.18421052631578946,Extent,6,0.42857142857142855,1.7070933030846847,0,3,0,0,6,2,0,0,3,0,0,0,0,0,0,0,0
1386,76,51,12,13,25,0.32894736842105265,0.15789473684210525,0.17105263157894737,Displacement,5,0.38461538461538464,1.5121001065536255,0,0,5,0,0,4,4,0,0,0,0,0,0,0,0,0,0
1387,76,39,10,27,37,0.4868421052631579,0.13157894736842105,0.35526315789473684,Indentation,9,0.3333333333333333,2.0629261718006098,0,7,0,0,9,2,9,0,0,0,0,0,0,0,0,0,0
1388,76,13,46,17,63,0.8289473684210527,0.6052631578947368,0.2236842105263158,Displacement,5,0.29411764705882354,1.8411035362375676,5,0,5,0,0,3,1,3,0,0,0,0,0,0,0,0,0
1389,76,15,26,35,61,0.8026315789473685,0.34210526315789475,0.4605263157894737,Phase_Change,6,0.17142857142857143,2.897095105052001,0,5,0,0,0,0,4,1,5,6,6,5,0,1,1,0,1
1390,76,18,48,10,58,0.7631578947368421,0.631578947368421,0.13157894736842105,Extent,3,0.3,1.6177730718285774,0,0,0,0,3,0,1,0,2,0,1,0,0,1,0,2,0
1391,76,16,38,22,60,0.7894736842105263,0.5,0.2894736842105263,Speed,6,0.2727272727272727,2.304691881636393,0,0,0,0,2,2,0,0,0,3,0,4,2,0,2,6,1
1392,76,3,58,15,73,0.9605263157894737,0.7631578947368421,0.19736842105263158,Indentation,3,0.2,1.5007900433639396,3,0,0,0,3,1,3,1,2,0,0,0,0,1,1,0,0
1393,76,22,41,13,54,0.7105263157894737,0.5394736842105263,0.17105263157894737,Phase_Change,4,0.3076923076923077,1.7936904700024612,0,0,0,0,0,0,0,1,4,0,4,3,0,0,0,0,1
1394,76,42,21,13,34,0.4473684210526316,0.27631578947368424,0.17105263157894737,Indentation,4,0.3076923076923077,1.7548895511116727,0,0,0,0,0,4,4,0,0,3,0,0,0,0,0,2,0
1395,76,7,49,20,69,0.9078947368421053,0.6447368421052632,0.2631578947368421,Sequence_Complexity,4,0.2,2.053555581653474,4,2,2,0,1,0,1,2,1,0,0,0,4,0,2,1,0
1396,76,51,12,13,25,0.32894736842105265,0.15789473684210525,0.17105263157894737,Indentation,8,0.6153846153846154,1.4707152772414325,0,0,0,0,0,3,8,0,0,2,0,0,0,0,0,0,0
1397,76,39,14,23,37,0.4868421052631579,0.18421052631578946,0.3026315789473684,Path_Evolution,8,0.34782608695652173,2.087551948356775,0,0,0,0,0,2,8,0,2,8,0,0,0,0,3,0,0
1398,76,29,27,20,47,0.618421052631579,0.35526315789473684,0.2631578947368421,Extent,7,0.35,2.0895813114662145,0,6,0,0,7,1,0,0,0,0,5,0,0,0,0,0,1
1399,76,3,65,8,73,0.9605263157894737,0.8552631578947368,0.10526315789473684,Displacement,3,0.375,0.9720895811912635,0,0,3,0,0,0,0,0,0,1,0,1,1,0,1,0,1
1400,76,21,35,20,55,0.7236842105263158,0.4605263157894737,0.2631578947368421,Localization,5,0.25,2.2151297841721598,1,5,0,0,1,0,0,0,5,3,0,0,0,0,2,3,0
1401,76,31,28,17,45,0.5921052631578947,0.3684210526315789,0.2236842105263158,Phase_Change,7,0.4117647058823529,1.9821112519881965,1,0,5,0,1,0,0,0,0,0,7,0,0,0,0,0,3
1402,76,24,28,24,52,0.6842105263157895,0.3684210526315789,0.3157894736842105,Phase_Change,7,0.2916666666666667,2.4083709701060743,0,0,0,0,2,0,0,0,4,4,7,0,0,0,1,3,3
1403,76,27,36,13,49,0.6447368421052632,0.47368421052631576,0.17105263157894737,Localization,6,0.46153846153846156,1.8168232355905947,1,3,0,0,0,0,0,0,6,0,0,0,1,0,2,0,0
1404,76,13,48,15,63,0.8289473684210527,0.631578947368421,0.19736842105263158,Sequence_Complexity,4,0.26666666666666666,1.7455075612008262,0,0,0,4,0,0,0,0,4,0,0,1,4,0,0,0,2
1405,76,27,32,17,49,0.6447368421052632,0.42105263157894735,0.2236842105263158,Indentation,6,0.35294117647058826,2.035343302006336,0,0,3,0,3,0,6,0,3,0,0,0,0,2,0,0,0
1406,76,16,48,12,60,0.7894736842105263,0.631578947368421,0.15789473684210525,Curvature,5,0.4166666666666667,1.699403296219213,0,5,0,0,1,0,1,0,2,1,0,0,0,0,1,1,0
1407,76,39,26,11,37,0.4868421052631579,0.34210526315789475,0.14473684210526316,Extent,4,0.36363636363636365,1.6545458462138547,4,0,0,0,4,0,0,0,0,0,0,0,0,0,3,0,0
1408,76,27,33,16,49,0.6447368421052632,0.4342105263157895,0.21052631578947367,Phase_Change,4,0.25,2.006391414738723,0,0,3,0,0,0,0,0,3,4,4,0,2,0,0,0,0
1409,76,58,6,12,18,0.23684210526315788,0.07894736842105263,0.15789473684210525,Indentation,9,0.75,1.1353369182216064,0,0,0,0,0,3,9,0,0,0,0,0,0,0,0,0,0
1410,76,34,30,12,42,0.5526315789473685,0.39473684210526316,0.15789473684210525,Sampling_Gaps,5,0.4166666666666667,1.767072481241383,0,0,0,3,0,0,0,0,2,0,0,5,0,0,0,0,2
1411,76,22,31,23,54,0.7105263157894737,0.40789473684210525,0.3026315789473684,Extent,6,0.2608695652173913,2.416383352439104,4,0,1,0,6,2,0,2,4,0,0,0,2,2,0,0,0
1412,76,27,23,26,49,0.6447368421052632,0.3026315789473684,0.34210526315789475,Extent,7,0.2692307692307692,2.4158665731691333,0,7,0,0,7,4,3,0,2,0,0,0,3,0,0,0,0
1413,76,39,15,22,37,0.4868421052631579,0.19736842105263158,0.2894736842105263,Curvature,9,0.4090909090909091,2.084996119213322,0,9,0,0,0,3,3,0,0,5,0,0,0,0,2,0,0
1414,76,7,40,29,69,0.9078947368421053,0.5263157894736842,0.3815789473684211,Sampling_Gaps,4,0.13793103448275862,2.6024283915636053,0,3,4,0,3,0,3,1,3,0,3,4,0,1,0,3,1
1415,76,39,20,17,37,0.4868421052631579,0.2631578947368421,0.2236842105263158,Sequence_Complexity,6,0.35294117647058826,1.9013000668094766,0,0,0,0,0,0,6,0,0,3,0,0,6,0,2,0,0
1416,76,39,35,2,37,0.4868421052631579,0.4605263157894737,0.02631578947368421,Localization,2,1.0,1.147196038065934,0,0,0,0,0,0,0,0,2,0,0,0,0,0,0,0,0
1417,76,51,22,3,25,0.32894736842105265,0.2894736842105263,0.039473684210526314,Localization,3,1.0,1.0879791509076608,0,0,0,0,0,0,0,0,3,0,0,0,0,0,0,0,0
1418,76,22,48,6,54,0.7105263157894737,0.631578947368421,0.07894736842105263,Phase_Change,2,0.3333333333333333,1.4033788865404795,0,1,0,0,1,1,1,0,0,0,2,0,0,0,0,0,0
1419,76,42,19,15,34,0.4473684210526316,0.25,0.19736842105263158,Indentation,7,0.4666666666666667,1.7959641717216615,0,3,0,0,2,3,7,0,0,0,0,0,0,0,0,0,0
1420,76,21,43,12,55,0.7236842105263158,0.5657894736842105,0.15789473684210525,Acceleration,3,0.25,1.7963099103816427,3,2,0,0,2,1,0,0,2,0,0,0,2,0,0,0,0
1421,76,29,27,20,47,0.618421052631579,0.35526315789473684,0.2631578947368421,Curvature,6,0.3,2.260587395970815,0,6,0,0,3,2,3,0,0,3,0,0,0,1,2,0,0
1422,76,39,23,14,37,0.4868421052631579,0.3026315789473684,0.18421052631578946,Curvature,6,0.42857142857142855,1.7948054867142516,1,6,0,0,4,0,0,0,0,0,0,0,0,0,0,0,3
1423,76,6,45,25,70,0.9210526315789473,0.5921052631578947,0.32894736842105265,Path_Evolution,4,0.16,2.371043772138819,0,4,2,0,2,1,0,0,4,4,1,0,2,1,1,2,1
1424,76,31,28,17,45,0.5921052631578947,0.3684210526315789,0.2236842105263158,Phase_Change,5,0.29411764705882354,2.0827886790198176,0,0,0,0,0,2,1,0,2,0,5,0,4,0,3,0,0
1425,76,15,41,20,61,0.8026315789473685,0.5394736842105263,0.2631578947368421,Phase_Change,5,0.25,2.120992393591963,0,0,3,0,3,0,3,0,0,3,5,0,3,0,0,0,0
1426,76,39,21,16,37,0.4868421052631579,0.27631578947368424,0.21052631578947367,Sequence_Complexity,7,0.4375,1.9055480809648369,0,2,4,0,0,0,0,0,0,0,0,0,7,1,2,0,0
1427,76,51,16,9,25,0.32894736842105265,0.21052631578947367,0.11842105263157894,Path_Evolution,5,0.5555555555555556,1.384003560586394,0,0,0,0,0,0,0,0,1,5,0,0,0,0,3,0,0
1428,76,51,22,3,25,0.32894736842105265,0.2894736842105263,0.039473684210526314,Extent,3,1.0,1.0879791509076608,0,0,0,0,3,0,0,0,0,0,0,0,0,0,0,0,0
1429,76,16,45,15,60,0.7894736842105263,0.5921052631578947,0.19736842105263158,Phase_Change,6,0.4,1.7459151536608324,0,1,1,0,0,0,0,0,1,6,6,0,0,0,0,0,0
1430,76,7,52,17,69,0.9078947368421053,0.6842105263157895,0.2236842105263158,Phase_Change,3,0.17647058823529413,1.8224141936510796,0,2,3,0,0,2,0,1,1,3,3,0,0,2,0,0,0
1431,76,42,25,9,34,0.4473684210526316,0.32894736842105265,0.11842105263157894,Indentation,4,0.4444444444444444,1.5824836121136372,2,0,2,0,0,1,4,0,0,0,0,0,0,0,0,0,0
1432,76,42,23,11,34,0.4473684210526316,0.3026315789473684,0.14473684210526316,Path_Evolution,4,0.36363636363636365,1.6785308785990762,0,0,2,0,0,0,0,0,3,4,0,0,0,2,0,0,0
1433,76,16,33,27,60,0.7894736842105263,0.4342105263157895,0.35526315789473684,Path_Evolution,5,0.18518518518518517,2.6070875542810006,3,0,5,0,3,0,0,0,0,5,0,0,3,2,1,3,2
1434,76,37,25,14,39,0.5131578947368421,0.32894736842105265,0.18421052631578946,Speed,5,0.35714285714285715,1.852329352634205,5,0,2,0,0,0,0,1,0,0,0,0,0,1,0,5,0
1435,76,28,36,12,48,0.631578947368421,0.47368421052631576,0.15789473684210525,Localization,4,0.3333333333333333,1.8436743835812675,2,0,2,0,2,0,0,1,4,0,0,0,0,1,0,0,0
1436,76,25,32,19,51,0.6710526315789473,0.42105263157894735,0.25,Extent,5,0.2631578947368421,2.179298299981324,0,3,0,0,5,0,0,0,2,3,4,0,2,0,0,0,0
1437,76,22,51,3,54,0.7105263157894737,0.6710526315789473,0.039473684210526314,SpatioTemporal_Dynamics,1,0.3333333333333333,1.1505434601466538,0,0,1,0,1,0,0,0,0,0,0,0,0,0,1,0,0
1438,76,36,37,3,40,0.5263157894736842,0.4868421052631579,0.039473684210526314,Temporal,1,0.3333333333333333,1.2628344268620804,1,0,0,0,0,0,0,0,0,0,0,0,1,0,0,0,1
1439,76,13,46,17,63,0.8289473684210527,0.6052631578947368,0.2236842105263158,Sequence_Complexity,5,0.29411764705882354,1.9136005757681853,1,0,1,0,1,2,5,0,0,0,2,0,5,0,0,0,0
1440,76,7,59,10,69,0.9078947368421053,0.7763157894736842,0.13157894736842105,Path_Evolution,3,0.3,1.2711222585609696,0,0,0,0,0,1,1,0,3,3,0,0,0,2,0,0,0
1441,76,11,44,21,65,0.8552631578947368,0.5789473684210527,0.27631578947368424,Path_Evolution,5,0.23809523809523808,2.175716724312994,2,0,1,0,2,2,5,0,0,5,1,0,0,2,0,0,1
1442,76,27,38,11,49,0.6447368421052632,0.5,0.14473684210526316,Acceleration,3,0.2727272727272727,1.7668999401352516,3,2,0,0,2,0,0,2,0,0,0,0,2,0,0,0,0
1443,76,21,27,28,55,0.7236842105263158,0.35526315789473684,0.3684210526315789,Speed,5,0.17857142857142858,2.5985895609440037,4,0,0,5,0,0,3,3,0,0,4,4,0,0,0,5,0
1444,76,39,24,13,37,0.4868421052631579,0.3157894736842105,0.17105263157894737,Speed,5,0.38461538461538464,1.809911697237017,0,0,0,0,0,0,0,1,3,0,0,0,3,0,0,5,1
1445,76,16,38,22,60,0.7894736842105263,0.5,0.2894736842105263,Sampling_Gaps,6,0.2727272727272727,2.2308808227622245,3,0,4,0,0,1,5,0,0,0,0,6,0,1,0,2,0
1446,76,24,46,6,52,0.6842105263157895,0.6052631578947368,0.07894736842105263,Temporal,2,0.3333333333333333,1.3778886977076599,0,0,0,0,0,0,0,2,0,0,0,0,0,0,0,2,2
1447,76,29,20,27,47,0.618421052631579,0.2631578947368421,0.35526315789473684,Localization,8,0.2962962962962963,2.4314924251587517,0,0,6,0,5,0,0,1,8,0,0,0,0,1,1,5,0
1448,76,39,29,8,37,0.4868421052631579,0.3815789473684211,0.10526315789473684,Sequence_Complexity,7,0.875,1.4234061996444998,0,0,0,0,0,0,0,0,0,0,0,0,7,0,0,1,0
1449,76,24,47,5,52,0.6842105263157895,0.618421052631579,0.06578947368421052,Path_Evolution,3,0.6,1.2760898351762149,2,0,0,0,0,0,0,0,0,3,0,0,0,0,0,0,0
1450,76,31,43,2,45,0.5921052631578947,0.5657894736842105,0.02631578947368421,Path_Evolution,1,0.5,1.1570134335201205,1,0,0,0,0,0,0,0,0,1,0,0,0,0,0,0,0
1451,76,36,25,15,40,0.5263157894736842,0.32894736842105265,0.19736842105263158,Displacement,5,0.3333333333333333,1.9935443519297023,0,0,5,0,0,0,0,1,0,3,3,0,0,1,1,0,1
1452,76,29,47,0,47,0.618421052631579,0.618421052631579,0.0,,0,0.0,0.959149554396894,0,0,0,0,0,0,0,0,0,0,0,0,0,0,0,0,0
1453,76,24,46,6,52,0.6842105263157895,0.6052631578947368,0.07894736842105263,Acceleration,4,0.6666666666666666,1.3252571187602915,4,0,0,0,0,0,0,0,0,0,0,0,0,0,0,2,0
1454,76,16,54,6,60,0.7894736842105263,0.7105263157894737,0.07894736842105263,Sequence_Complexity,2,0.3333333333333333,1.2905074461169104,0,0,0,0,0,0,0,0,0,1,1,0,2,0,1,0,1
1455,76,34,26,16,42,0.5526315789473685,0.34210526315789475,0.21052631578947367,Sequence_Complexity,6,0.375,1.9445134048237542,0,0,3,0,5,0,1,1,0,0,0,0,6,0,0,0,0
1456,76,16,57,3,60,0.7894736842105263,0.75,0.039473684210526314,Temporal,1,0.3333333333333333,1.0311547396621346,0,0,0,0,0,0,0,0,1,0,0,0,0,0,0,1,1
1457,76,37,31,8,39,0.5131578947368421,0.40789473684210525,0.10526315789473684,Phase_Change,4,0.5,1.4804293535716873,0,0,0,0,4,0,0,0,0,0,4,0,0,0,0,0,0
1458,76,37,33,6,39,0.5131578947368421,0.4342105263157895,0.07894736842105263,Displacement,3,0.5,1.396288625661651,0,3,3,0,0,0,0,0,0,0,0,0,0,0,0,0,0
1459,76,34,26,16,42,0.5526315789473685,0.34210526315789475,0.21052631578947367,Sequence_Complexity,8,0.5,1.9165437072043758,1,0,0,0,0,0,0,0,0,1,0,0,8,4,0,2,0
1460,76,22,35,19,54,0.7105263157894737,0.4605263157894737,0.25,Extent,7,0.3684210526315789,2.1848530310511576,1,0,3,0,7,0,0,0,0,1,0,0,3,2,1,0,1
1461,76,15,50,11,61,0.8026315789473685,0.6578947368421053,0.14473684210526316,Indentation,6,0.5454545454545454,1.5070598367700203,2,0,0,0,0,1,6,0,0,0,2,0,0,0,0,0,0
1462,76,24,36,16,52,0.6842105263157895,0.47368421052631576,0.21052631578947367,Speed,5,0.3125,2.020614150969971,2,0,0,0,3,0,2,0,0,0,3,0,0,0,0,5,1
1463,76,39,33,4,37,0.4868421052631579,0.4342105263157895,0.05263157894736842,Displacement,2,0.5,1.3190368229902083,0,0,2,0,0,0,0,0,0,0,0,0,1,1,0,0,0
1464,76,39,18,19,37,0.4868421052631579,0.23684210526315788,0.25,Indentation,9,0.47368421052631576,1.915974400563361,0,2,0,0,0,2,9,0,0,0,0,0,6,0,0,0,0
1465,76,39,20,17,37,0.4868421052631579,0.2631578947368421,0.2236842105263158,Indentation,4,0.23529411764705882,1.9936625669233434,4,4,0,0,0,2,4,3,0,0,0,0,0,0,0,0,0
1466,76,3,66,7,73,0.9605263157894737,0.868421052631579,0.09210526315789473,Extent,3,0.42857142857142855,0.8474040018385215,0,1,0,0,3,0,0,0,0,1,0,0,0,0,0,2,0
1467,76,13,37,26,63,0.8289473684210527,0.4868421052631579,0.34210526315789475,Sequence_Complexity,5,0.19230769230769232,2.4966864368431527,3,3,0,0,1,3,5,2,0,1,0,0,5,0,0,3,0
1468,76,10,47,19,66,0.868421052631579,0.618421052631579,0.25,Path_Evolution,4,0.21052631578947367,1.987470513679776,4,0,2,0,2,0,3,0,0,4,0,0,0,0,1,3,0
1469,76,13,43,20,63,0.8289473684210527,0.5657894736842105,0.2631578947368421,Speed,5,0.25,2.124121339245408,2,3,2,0,5,0,1,1,0,0,0,0,0,1,0,5,0
1470,76,9,57,10,67,0.881578947368421,0.75,0.13157894736842105,Indentation,4,0.4,1.2873478315965974,1,4,0,0,0,0,4,0,0,0,0,0,0,0,0,1,0
1471,76,10,48,18,66,0.868421052631579,0.631578947368421,0.23684210526315788,Phase_Change,5,0.2777777777777778,1.8740209810455213,0,4,0,0,1,0,0,0,3,2,5,0,3,0,0,0,0
1472,76,29,22,25,47,0.618421052631579,0.2894736842105263,0.32894736842105265,Speed,8,0.32,2.366494033592005,0,0,2,0,0,0,0,2,1,8,0,0,0,2,2,8,0
1473,76,0,71,5,76,1.0,0.9342105263157895,0.06578947368421052,Speed,1,0.2,0.5027690202221062,0,0,0,1,0,0,0,0,1,0,1,1,0,0,0,1,0
1474,76,16,55,5,60,0.7894736842105263,0.7236842105263158,0.06578947368421052,SpatioTemporal_Dynamics,2,0.4,1.1693119312875817,0,0,0,0,0,0,0,0,1,2,0,0,0,0,2,0,0
1475,76,13,38,25,63,0.8289473684210527,0.5,0.32894736842105265,Sampling_Gaps,5,0.2,2.402453595023967,0,0,4,0,3,0,0,0,0,3,5,5,0,0,2,1,2
1476,76,24,48,4,52,0.6842105263157895,0.631578947368421,0.05263157894736842,Acceleration,3,0.75,1.2101355719424445,3,0,1,0,0,0,0,0,0,0,0,0,0,0,0,0,0
1477,76,24,28,24,52,0.6842105263157895,0.3684210526315789,0.3157894736842105,Sequence_Complexity,6,0.25,2.436551357607078,0,0,4,0,0,0,0,0,2,2,0,0,6,3,3,4,0
1478,76,16,21,39,60,0.7894736842105263,0.27631578947368424,0.5131578947368421,Speed,6,0.15384615384615385,3.0388826927843944,5,0,0,0,0,2,6,2,0,6,6,0,4,0,2,6,0
1479,76,16,42,18,60,0.7894736842105263,0.5526315789473685,0.23684210526315788,Sampling_Gaps,3,0.16666666666666666,2.1229685428467198,3,0,2,3,0,1,3,0,0,1,0,3,2,0,0,0,0
1480,76,24,36,16,52,0.6842105263157895,0.47368421052631576,0.21052631578947367,Speed,5,0.3125,2.004231091787911,0,1,0,0,3,0,0,0,4,1,0,0,0,2,0,5,0
1481,76,24,30,22,52,0.6842105263157895,0.39473684210526316,0.2894736842105263,Extent,7,0.3181818181818182,2.331451331310296,0,0,0,0,7,0,3,2,2,2,0,0,4,0,2,0,0
1482,76,21,49,6,55,0.7236842105263158,0.6447368421052632,0.07894736842105263,Phase_Change,3,0.5,1.3253704642046034,0,0,1,0,0,0,0,0,0,2,3,0,0,0,0,0,0
1483,76,15,54,7,61,0.8026315789473685,0.7105263157894737,0.09210526315789473,Phase_Change,2,0.2857142857142857,1.308884302246808,2,0,2,0,0,0,0,1,0,0,2,0,0,0,0,0,0
1484,76,13,52,11,63,0.8289473684210527,0.6842105263157895,0.14473684210526316,Sampling_Gaps,3,0.2727272727272727,1.5895280833975598,0,0,1,1,3,0,1,0,0,1,0,3,0,0,0,1,0
1485,76,1,61,14,75,0.9868421052631579,0.8026315789473685,0.18421052631578946,Path_Evolution,2,0.14285714285714285,1.4614146503996899,1,1,1,1,1,0,0,1,0,2,1,1,0,1,1,1,1
1486,76,7,65,4,69,0.9078947368421053,0.8552631578947368,0.05263157894736842,Duration,4,1.0,0.7333828779007858,0,0,0,4,0,0,0,0,0,0,0,0,0,0,0,0,0
1487,76,15,50,11,61,0.8026315789473685,0.6578947368421053,0.14473684210526316,Speed,2,0.18181818181818182,1.6321884552480062,0,0,2,0,0,0,0,0,2,2,0,0,2,1,0,2,0
1488,76,11,58,7,65,0.8552631578947368,0.7631578947368421,0.09210526315789473,Path_Evolution,3,0.42857142857142855,1.1877757631202575,2,0,1,0,0,0,0,0,0,3,0,0,0,1,0,0,0
1489,76,22,36,18,54,0.7105263157894737,0.47368421052631576,0.23684210526315788,Sampling_Gaps,5,0.2777777777777778,2.0874148277464686,2,2,0,5,0,0,0,0,0,0,0,5,3,0,1,0,0
1490,76,10,48,18,66,0.868421052631579,0.631578947368421,0.23684210526315788,Sampling_Gaps,4,0.2222222222222222,1.862434342608202,4,0,4,4,0,0,0,1,0,0,0,4,0,1,0,0,0
1491,76,15,53,8,61,0.8026315789473685,0.6973684210526315,0.10526315789473684,Speed,2,0.25,1.3770966841544101,2,2,0,0,0,0,0,0,0,0,2,0,0,0,0,2,0
1492,76,24,29,23,52,0.6842105263157895,0.3815789473684211,0.3026315789473684,Extent,7,0.30434782608695654,2.3473178251365097,3,0,0,0,7,0,0,1,3,0,0,0,3,1,0,5,0
1493,76,31,27,18,45,0.5921052631578947,0.35526315789473684,0.23684210526315788,Speed,8,0.4444444444444444,2.0706666820655104,0,3,0,0,3,0,0,2,0,1,0,0,0,1,0,8,0
1494,76,7,57,12,69,0.9078947368421053,0.75,0.15789473684210525,Path_Evolution,3,0.25,1.4994919507599407,0,2,0,0,0,0,1,0,0,3,1,0,0,1,1,2,1
1495,76,29,24,23,47,0.618421052631579,0.3157894736842105,0.3026315789473684,Localization,7,0.30434782608695654,2.2994826669338813,0,6,0,0,4,2,0,0,7,0,0,0,2,2,0,0,0
1496,76,42,31,3,34,0.4473684210526316,0.40789473684210525,0.039473684210526314,Geometric,2,0.6666666666666666,1.2208562321448873,0,0,0,0,0,2,0,0,1,0,0,0,0,0,0,0,0
1497,76,27,41,8,49,0.6447368421052632,0.5394736842105263,0.10526315789473684,Extent,6,0.75,1.4380410693372432,0,2,0,0,6,0,0,0,0,0,0,0,0,0,0,0,0
1498,76,16,56,4,60,0.7894736842105263,0.7368421052631579,0.05263157894736842,Temporal,1,0.25,1.1267186235064035,0,0,1,0,0,0,0,1,0,0,0,0,0,1,0,0,1
1499,76,42,27,7,34,0.4473684210526316,0.35526315789473684,0.09210526315789473,Phase_Change,4,0.5714285714285714,1.4471473250867224,0,0,0,0,0,0,0,0,0,0,4,0,1,0,2,0,0
1500,76,22,47,7,54,0.7105263157894737,0.618421052631579,0.09210526315789473,Sequence_Complexity,2,0.2857142857142857,1.46933314977425,1,1,0,0,2,0,0,1,0,0,0,0,2,0,0,0,0
1501,76,55,6,15,21,0.27631578947368424,0.07894736842105263,0.19736842105263158,Curvature,8,0.5333333333333333,1.285611148935869,0,8,0,0,7,0,0,0,0,0,0,0,0,0,0,0,0
1502,76,39,25,12,37,0.4868421052631579,0.32894736842105265,0.15789473684210525,Path_Evolution,5,0.4166666666666667,1.730210319249381,0,0,3,0,1,0,0,0,0,5,0,0,0,0,0,0,3
1503,76,51,14,11,25,0.32894736842105265,0.18421052631578946,0.14473684210526316,Path_Evolution,4,0.36363636363636365,1.4669860811867934,0,0,0,0,4,0,0,0,0,4,0,0,0,0,0,0,3
1504,76,34,31,11,42,0.5526315789473685,0.40789473684210525,0.14473684210526316,Extent,4,0.36363636363636365,1.7207749183273802,0,1,0,0,4,0,0,3,0,0,0,0,0,0,0,3,0
1505,76,31,34,11,45,0.5921052631578947,0.4473684210526316,0.14473684210526316,Displacement,4,0.36363636363636365,1.740640378910629,1,4,4,0,0,0,0,0,1,0,0,0,0,0,1,0,0
1506,76,55,15,6,21,0.27631578947368424,0.19736842105263158,0.07894736842105263,Path_Evolution,3,0.5,1.1678233268342304,0,0,0,0,0,0,0,0,3,3,0,0,0,0,0,0,0
1507,76,27,35,14,49,0.6447368421052632,0.4605263157894737,0.18421052631578946,SpatioTemporal_Dynamics,3,0.21428571428571427,1.9661295771828695,0,2,0,0,3,0,0,0,0,2,0,0,2,0,3,2,0
1508,76,61,15,0,15,0.19736842105263158,0.19736842105263158,0.0,,0,0.0,0.7166336117927454,0,0,0,0,0,0,0,0,0,0,0,0,0,0,0,0,0
1509,76,34,40,2,42,0.5526315789473685,0.5263157894736842,0.02631578947368421,Sequence_Complexity,2,1.0,1.1446267187329797,0,0,0,0,0,0,0,0,0,0,0,0,2,0,0,0,0
1510,76,16,40,20,60,0.7894736842105263,0.5263157894736842,0.2631578947368421,Displacement,6,0.3,2.163889371340672,2,0,6,0,0,0,0,0,0,4,2,0,0,2,2,2,0
1511,76,16,58,2,60,0.7894736842105263,0.7631578947368421,0.02631578947368421,Temporal,1,0.5,0.9352578066357016,0,0,0,0,0,0,0,0,0,0,1,0,0,0,0,0,1
1512,76,31,43,2,45,0.5921052631578947,0.5657894736842105,0.02631578947368421,Displacement,2,1.0,1.1306976440464362,0,0,2,0,0,0,0,0,0,0,0,0,0,0,0,0,0
1513,76,37,28,11,39,0.5131578947368421,0.3684210526315789,0.14473684210526316,Displacement,6,0.5454545454545454,1.6476594232807638,3,0,6,0,0,0,0,0,0,0,2,0,0,0,0,0,0
1514,76,28,42,6,48,0.631578947368421,0.5526315789473685,0.07894736842105263,Path_Evolution,3,0.5,1.434267551910897,0,0,1,0,0,0,0,0,0,3,1,0,1,0,0,0,0
1515,76,22,44,10,54,0.7105263157894737,0.5789473684210527,0.13157894736842105,Displacement,3,0.3,1.644871436675315,3,0,3,0,0,0,0,0,0,0,1,0,0,2,1,0,0
1516,76,31,25,20,45,0.5921052631578947,0.32894736842105265,0.2631578947368421,Path_Evolution,8,0.4,2.0908070809060644,0,0,3,0,0,0,0,0,0,8,6,0,2,1,0,0,0
1517,76,34,35,7,42,0.5526315789473685,0.4605263157894737,0.09210526315789473,Acceleration,3,0.42857142857142855,1.5209073858416273,3,1,1,0,0,0,0,0,0,2,0,0,0,0,0,0,0
1518,76,21,40,15,55,0.7236842105263158,0.5263157894736842,0.19736842105263158,Sequence_Complexity,6,0.4,1.850095866698688,0,0,1,0,0,0,2,0,0,5,1,0,6,0,0,0,0
1519,76,15,53,8,61,0.8026315789473685,0.6973684210526315,0.10526315789473684,Temporal,1,0.125,1.4823598420491466,0,1,1,0,1,1,1,1,0,0,0,0,1,0,0,0,1
1520,76,10,62,4,66,0.868421052631579,0.8157894736842105,0.05263157894736842,Spatial_Context,1,0.25,0.9534610372217449,0,0,1,0,1,0,0,0,0,1,0,0,0,1,0,0,0
1521,76,7,59,10,69,0.9078947368421053,0.7763157894736842,0.13157894736842105,Phase_Change,4,0.4,1.2646719296705344,0,0,2,0,2,0,1,0,0,0,4,0,1,0,0,0,0
1522,76,13,54,9,63,0.8289473684210527,0.7105263157894737,0.11842105263157894,Speed,3,0.3333333333333333,1.3745141390095272,0,0,0,0,3,0,0,2,0,0,0,0,0,0,1,3,0
1523,76,34,24,18,42,0.5526315789473685,0.3157894736842105,0.23684210526315788,Speed,7,0.3888888888888889,2.0514935189605206,0,0,0,0,3,0,3,2,3,0,0,0,0,0,0,7,0
1524,76,24,40,12,52,0.6842105263157895,0.5263157894736842,0.15789473684210525,SpatioTemporal_Dynamics,3,0.25,1.794953844797149,0,0,2,0,0,0,0,0,0,3,0,0,2,2,3,0,0
1525,76,10,42,24,66,0.868421052631579,0.5526315789473685,0.3157894736842105,Sequence_Complexity,5,0.20833333333333334,2.2198331107682066,0,0,5,0,1,0,0,0,5,1,5,0,5,1,0,0,1
1526,76,10,39,27,66,0.868421052631579,0.5131578947368421,0.35526315789473684,Speed,5,0.18518518518518517,2.3084779100661463,2,5,5,0,5,0,0,0,5,0,0,0,0,0,0,5,0
1527,76,31,35,10,45,0.5921052631578947,0.4605263157894737,0.13157894736842105,Sequence_Complexity,8,0.8,1.5491776290348098,0,0,0,0,0,0,1,0,1,0,0,0,8,0,0,0,0
1528,76,39,28,9,37,0.4868421052631579,0.3684210526315789,0.11842105263157894,Sequence_Complexity,4,0.4444444444444444,1.6066561403746302,0,1,2,0,0,0,0,0,0,0,0,0,4,0,2,0,0
1529,76,24,43,9,52,0.6842105263157895,0.5657894736842105,0.11842105263157894,Localization,4,0.4444444444444444,1.572026402002823,0,2,1,0,0,0,0,2,4,0,0,0,0,0,0,0,0
1530,76,42,23,11,34,0.4473684210526316,0.3026315789473684,0.14473684210526316,Indentation,5,0.45454545454545453,1.657351398672276,0,0,0,0,2,0,5,0,0,3,0,0,0,0,1,0,0
1531,76,11,50,15,65,0.8552631578947368,0.6578947368421053,0.19736842105263158,Speed,5,0.3333333333333333,1.8287670164938046,1,0,2,0,0,1,1,2,0,1,0,0,1,0,1,5,0
1532,76,34,32,10,42,0.5526315789473685,0.42105263157894735,0.13157894736842105,Indentation,3,0.3,1.7251824594347038,0,0,1,0,2,0,3,0,0,2,0,0,0,0,2,0,0
1533,76,16,35,25,60,0.7894736842105263,0.4605263157894737,0.32894736842105265,Localization,6,0.24,2.362409841023965,0,0,4,0,6,0,0,0,6,0,4,0,0,1,0,3,1
1534,76,22,43,11,54,0.7105263157894737,0.5657894736842105,0.14473684210526316,Indentation,4,0.36363636363636365,1.7290211968355491,0,0,0,0,0,0,4,0,0,2,2,0,0,1,1,0,1
1535,76,16,47,13,60,0.7894736842105263,0.618421052631579,0.17105263157894737,Speed,4,0.3076923076923077,1.812852828853467,0,2,0,0,1,0,0,1,0,1,2,0,0,0,1,4,1
1536,76,24,38,14,52,0.6842105263157895,0.5,0.18421052631578946,Displacement,6,0.42857142857142855,1.8205604669065085,0,0,6,0,0,0,3,0,2,0,0,0,0,0,0,0,3
1537,76,42,31,3,34,0.4473684210526316,0.40789473684210525,0.039473684210526314,Sequence_Complexity,3,1.0,1.1846077123795786,0,0,0,0,0,0,0,0,0,0,0,0,3,0,0,0,0
1538,76,21,38,17,55,0.7236842105263158,0.5,0.2236842105263158,Geometric,4,0.23529411764705882,2.054776705576953,0,3,0,3,0,4,0,0,0,0,3,3,0,0,0,1,0
1539,76,39,25,12,37,0.4868421052631579,0.32894736842105265,0.15789473684210525,Extent,7,0.5833333333333334,1.6869608919098682,0,0,0,0,7,1,0,0,0,0,0,0,0,1,0,3,0
1540,76,48,17,11,28,0.3684210526315789,0.2236842105263158,0.14473684210526316,Duration,6,0.5454545454545454,1.5396415813072477,0,0,0,6,0,0,0,1,0,0,0,0,3,0,0,0,1
1541,76,18,38,20,58,0.7631578947368421,0.5,0.2631578947368421,SpatioTemporal_Dynamics,3,0.15,2.270896815448385,2,0,2,0,3,0,0,3,3,3,0,0,0,0,3,1,0
1542,76,11,58,7,65,0.8552631578947368,0.7631578947368421,0.09210526315789473,Phase_Change,3,0.42857142857142855,1.2140915525939415,0,0,0,0,0,1,0,0,0,1,3,0,0,0,1,0,1
1543,76,42,24,10,34,0.4473684210526316,0.3157894736842105,0.13157894736842105,Displacement,6,0.6,1.5534394308053474,0,0,6,0,0,0,0,0,3,0,0,0,0,1,0,0,0
1544,76,18,38,20,58,0.7631578947368421,0.5,0.2631578947368421,Sequence_Complexity,5,0.25,2.2156371978139147,1,2,1,0,1,3,5,0,0,0,0,0,5,2,0,0,0
1545,76,27,47,2,49,0.6447368421052632,0.618421052631579,0.02631578947368421,Kinematic,2,1.0,1.0973006899269722,0,0,0,0,0,0,0,2,0,0,0,0,0,0,0,0,0
1546,76,16,41,19,60,0.7894736842105263,0.5394736842105263,0.25,Sampling_Gaps,6,0.3157894736842105,2.07978214938957,0,1,5,2,0,2,0,0,0,0,0,6,1,2,0,0,0
1547,76,10,62,4,66,0.868421052631579,0.8157894736842105,0.05263157894736842,Path_Evolution,4,1.0,0.848197879327008,0,0,0,0,0,0,0,0,0,4,0,0,0,0,0,0,0
1548,76,10,56,10,66,0.868421052631579,0.7368421052631579,0.13157894736842105,Temporal,1,0.1,1.5317280847054342,1,0,1,0,0,0,0,0,1,1,1,0,1,1,1,1,1
1549,76,28,33,15,48,0.631578947368421,0.4342105263157895,0.19736842105263158,Displacement,6,0.4,1.9309473323239046,3,0,6,0,0,0,2,0,0,0,3,0,0,0,0,0,1
1550,76,15,42,19,61,0.8026315789473685,0.5526315789473685,0.25,Speed,6,0.3157894736842105,1.9885869716813962,0,0,0,0,3,0,5,0,2,3,0,0,0,0,0,6,0
1551,76,21,53,2,55,0.7236842105263158,0.6973684210526315,0.02631578947368421,Localization,2,1.0,1.01347422436196,0,0,0,0,0,0,0,0,2,0,0,0,0,0,0,0,0
1552,76,15,46,15,61,0.8026315789473685,0.6052631578947368,0.19736842105263158,Path_Evolution,6,0.4,1.7254701592145822,0,0,1,0,0,1,6,0,0,6,0,0,0,0,1,0,0
1553,76,11,40,25,65,0.8552631578947368,0.5263157894736842,0.32894736842105265,Path_Evolution,4,0.16,2.4625885778821615,0,4,0,2,4,0,0,1,0,4,0,2,2,0,1,3,2
1554,76,34,11,31,42,0.5526315789473685,0.14473684210526316,0.40789473684210525,Speed,7,0.22580645161290322,2.386194450613869,0,0,7,0,0,0,0,0,7,0,6,0,0,0,0,7,4
1555,76,16,43,17,60,0.7894736842105263,0.5657894736842105,0.2236842105263158,Speed,5,0.29411764705882354,1.9512345476401138,0,0,0,0,0,1,0,0,0,2,5,0,0,0,2,5,2
1556,76,10,43,23,66,0.868421052631579,0.5657894736842105,0.3026315789473684,Speed,5,0.21739130434782608,2.256117160491293,0,0,1,0,0,0,0,1,5,5,1,0,2,1,1,5,1
1557,76,18,39,19,58,0.7631578947368421,0.5131578947368421,0.25,Speed,3,0.15789473684210525,2.172681966409768,3,3,3,0,0,0,0,3,3,0,0,0,1,0,0,3,0
1558,76,2,59,15,74,0.9736842105263158,0.7763157894736842,0.19736842105263158,Speed,2,0.13333333333333333,1.5495598830179453,2,1,1,2,1,0,0,2,1,0,1,1,1,0,0,2,0
1559,76,11,62,3,65,0.8552631578947368,0.8157894736842105,0.039473684210526314,Kinematic,2,0.6666666666666666,0.8635338417462627,0,0,0,0,0,0,0,2,0,0,0,0,0,0,1,0,0
1560,76,2,65,9,74,0.9736842105263158,0.8552631578947368,0.11842105263157894,Temporal,2,0.2222222222222222,1.018270831248197,0,0,0,1,0,0,1,0,1,0,1,2,0,0,0,1,2
1561,76,51,16,9,25,0.32894736842105265,0.21052631578947367,0.11842105263157894,Displacement,5,0.5555555555555556,1.3840035605863938,0,3,5,0,0,0,0,0,0,0,0,0,0,1,0,0,0
1562,76,15,38,23,61,0.8026315789473685,0.5,0.3026315789473684,Localization,6,0.2608695652173913,2.265640738074182,0,0,0,0,6,1,0,0,6,0,2,0,0,1,1,5,1
1563,76,18,25,33,58,0.7631578947368421,0.32894736842105265,0.4342105263157895,Phase_Change,6,0.18181818181818182,2.7649810688124745,6,0,0,0,6,2,0,3,3,6,6,0,1,0,0,0,0
1564,76,16,27,33,60,0.7894736842105263,0.35526315789473684,0.4342105263157895,Speed,5,0.15151515151515152,2.7849662972230433,5,5,0,0,0,0,5,4,5,0,3,0,1,0,0,5,0
1565,76,18,24,34,58,0.7631578947368421,0.3157894736842105,0.4473684210526316,Speed,6,0.17647058823529413,2.769557368582391,6,6,5,0,0,0,0,3,5,0,0,0,3,0,0,6,0
1566,76,10,33,33,66,0.868421052631579,0.4342105263157895,0.4342105263157895,Speed,5,0.15151515151515152,2.703952122202488,5,5,0,5,0,0,0,1,0,0,5,5,0,1,0,5,1
1567,76,34,22,20,42,0.5526315789473685,0.2894736842105263,0.2631578947368421,Speed,8,0.4,1.986925938250223,0,8,0,0,0,1,3,0,0,0,0,0,0,0,0,8,0
1568,76,24,27,25,52,0.6842105263157895,0.35526315789473684,0.32894736842105265,Speed,6,0.24,2.434701979746539,0,3,6,0,0,1,0,0,5,0,0,0,2,2,0,6,0
1569,76,6,53,17,70,0.9210526315789473,0.6973684210526315,0.2236842105263158,Path_Evolution,4,0.23529411764705882,1.749974268728586,1,1,4,0,1,0,0,0,2,4,1,0,0,0,0,3,0
1570,76,9,46,21,67,0.881578947368421,0.6052631578947368,0.27631578947368424,Localization,4,0.19047619047619047,2.078482283205509,4,2,0,2,3,0,0,3,4,0,0,0,0,0,0,3,0
1571,76,4,60,12,72,0.9473684210526315,0.7894736842105263,0.15789473684210525,Speed,3,0.25,1.3115022076715515,2,0,0,0,0,0,0,2,2,2,0,0,0,0,1,3,0
1572,76,18,41,17,58,0.7631578947368421,0.5394736842105263,0.2236842105263158,Displacement,5,0.29411764705882354,1.9592753665465237,0,5,5,0,1,0,0,0,1,0,4,0,0,0,0,0,1
1573,76,3,46,27,73,0.9605263157894737,0.6052631578947368,0.35526315789473684,Speed,3,0.1111111111111111,2.4240699477645933,3,2,3,2,3,1,2,1,2,0,0,3,0,1,1,3,0
1574,76,11,44,21,65,0.8552631578947368,0.5789473684210527,0.27631578947368424,Sequence_Complexity,5,0.23809523809523808,2.0755898759651408,0,0,0,0,5,1,0,0,2,5,0,0,5,2,0,0,1
1575,76,16,34,26,60,0.7894736842105263,0.4473684210526316,0.34210526315789475,Speed,6,0.23076923076923078,2.3661796631828054,6,3,3,0,0,0,0,2,6,0,0,0,0,0,0,6,0
1576,76,6,49,21,70,0.9210526315789473,0.6447368421052632,0.27631578947368424,Duration,4,0.19047619047619047,1.9829231401501763,4,4,0,4,0,0,1,0,3,0,1,0,1,0,0,3,0
1577,76,6,49,21,70,0.9210526315789473,0.6447368421052632,0.27631578947368424,Phase_Change,4,0.19047619047619047,2.108051758628162,0,0,1,2,2,0,0,1,0,4,4,2,0,1,1,2,1
1578,76,27,23,26,49,0.6447368421052632,0.3026315789473684,0.34210526315789475,Sampling_Gaps,5,0.19230769230769232,2.4259263302868885,0,0,5,0,5,0,5,0,5,0,0,5,0,1,0,0,0
1579,76,22,34,20,54,0.7105263157894737,0.4473684210526316,0.2631578947368421,Extent,7,0.35,2.264602294141805,2,1,0,0,7,2,0,2,2,0,0,0,0,2,0,2,0
1580,76,29,28,19,47,0.618421052631579,0.3684210526315789,0.25,Extent,8,0.42105263157894735,2.0932952873540738,0,0,0,0,8,0,0,0,0,3,0,0,3,0,2,3,0
1581,76,7,48,21,69,0.9078947368421053,0.631578947368421,0.27631578947368424,Sequence_Complexity,3,0.14285714285714285,2.1690545266605707,2,0,1,2,0,1,3,1,0,2,0,3,3,0,1,2,0
1582,76,11,47,18,65,0.8552631578947368,0.618421052631579,0.23684210526315788,Path_Evolution,5,0.2777777777777778,1.953997187354995,2,1,0,0,0,0,5,1,0,5,0,0,0,1,2,1,0
1583,76,24,44,8,52,0.6842105263157895,0.5789473684210527,0.10526315789473684,Path_Evolution,3,0.375,1.5141924313162727,0,0,0,0,0,0,3,0,0,3,0,0,0,0,1,1,0
1584,76,18,28,30,58,0.7631578947368421,0.3684210526315789,0.39473684210526316,Sampling_Gaps,6,0.2,2.6814976999063656,4,0,5,0,0,0,0,2,2,6,0,6,2,0,3,0,0
1585,76,27,37,12,49,0.6447368421052632,0.4868421052631579,0.15789473684210525,Speed,7,0.5833333333333334,1.7376219668503219,2,0,0,0,0,0,0,0,0,1,0,0,1,0,1,7,0
1586,76,21,32,23,55,0.7236842105263158,0.42105263157894735,0.3026315789473684,Sampling_Gaps,6,0.2608695652173913,2.309005390323615,4,0,0,2,0,0,0,2,0,0,0,6,5,0,0,4,0
1587,76,27,35,14,49,0.6447368421052632,0.4605263157894737,0.18421052631578946,Duration,7,0.5,1.7701217225481358,0,0,0,7,0,0,0,3,0,4,0,0,0,0,0,0,0
1588,76,29,43,4,47,0.618421052631579,0.5657894736842105,0.05263157894736842,Acceleration,3,0.75,1.261536450113937,3,0,0,0,0,0,0,1,0,0,0,0,0,0,0,0,0
1589,76,6,54,16,70,0.9210526315789473,0.7105263157894737,0.21052631578947367,Speed,2,0.125,1.744326196059977,2,2,2,0,0,0,2,0,0,2,2,0,2,0,0,2,0
1590,76,22,29,25,54,0.7105263157894737,0.3815789473684211,0.32894736842105265,Curvature,7,0.28,2.444680133447664,7,7,3,0,0,0,0,2,1,0,0,0,0,2,2,1,0
1591,76,13,40,23,63,0.8289473684210527,0.5263157894736842,0.3026315789473684,Speed,5,0.21739130434782608,2.204223085036137,5,2,0,0,0,0,0,3,0,0,0,0,5,0,3,5,0
1592,76,24,19,33,52,0.6842105263157895,0.25,0.4342105263157895,Speed,7,0.21212121212121213,2.6991883537600914,7,7,0,0,0,0,0,2,0,4,0,0,4,0,2,7,0
1593,76,7,59,10,69,0.9078947368421053,0.7763157894736842,0.13157894736842105,Sequence_Complexity,3,0.3,1.3073707783262782,0,2,1,0,0,0,0,0,0,1,0,0,3,1,2,0,0
1594,76,13,31,32,63,0.8289473684210527,0.40789473684210525,0.42105263157894735,Speed,5,0.15625,2.736018527829099,0,5,0,4,0,0,4,0,0,0,4,4,4,0,0,5,2
1595,76,28,31,17,48,0.631578947368421,0.40789473684210525,0.2236842105263158,Displacement,6,0.35294117647058826,1.9788395404686323,0,4,6,0,0,0,4,0,0,0,0,0,3,0,0,0,0
1596,76,16,25,35,60,0.7894736842105263,0.32894736842105265,0.4605263157894737,Sequence_Complexity,6,0.17142857142857143,2.897588964004784,0,4,6,0,0,0,4,2,4,0,6,0,6,2,1,0,0
1597,76,16,29,31,60,0.7894736842105263,0.3815789473684211,0.40789473684210525,Speed,6,0.1935483870967742,2.744433739181036,5,6,3,0,0,0,0,2,0,1,4,0,0,2,2,6,0
1598,76,9,38,29,67,0.881578947368421,0.5,0.3815789473684211,Duration,4,0.13793103448275862,2.6135165525182242,4,4,4,4,0,0,0,3,1,0,1,2,3,3,0,0,0
1599,76,51,1,24,25,0.32894736842105265,0.013157894736842105,0.3157894736842105,Curvature,10,0.4166666666666667,1.461976798466039,10,10,0,0,0,0,0,4,0,0,0,0,0,0,0,0,0
1600,76,7,44,25,69,0.9078947368421053,0.5789473684210527,0.32894736842105265,Displacement,4,0.16,2.397646419014536,0,4,4,0,2,2,2,0,1,2,3,0,2,2,1,0,0
1601,76,34,16,26,42,0.5526315789473685,0.21052631578947367,0.34210526315789475,Speed,8,0.3076923076923077,2.2941970975641315,0,6,0,0,0,0,0,4,4,0,0,0,4,0,0,8,0
1602,76,9,46,21,67,0.881578947368421,0.6052631578947368,0.27631578947368424,Speed,4,0.19047619047619047,2.134596263554067,2,4,1,0,0,0,0,1,4,2,2,0,1,0,0,4,0
1603,76,34,12,30,42,0.5526315789473685,0.15789473684210525,0.39473684210526316,Speed,8,0.26666666666666666,2.326963215928251,8,8,0,0,0,0,0,4,0,0,2,0,0,0,0,8,0
1604,76,9,50,17,67,0.881578947368421,0.6578947368421053,0.2236842105263158,Speed,4,0.23529411764705882,1.9127035397083152,2,1,2,0,1,0,0,3,2,0,1,0,1,0,0,4,0
1605,76,13,35,28,63,0.8289473684210527,0.4605263157894737,0.3684210526315789,Speed,5,0.17857142857142858,2.490309634088556,5,0,5,3,0,0,0,3,0,0,0,5,2,0,0,5,0
1606,76,11,50,15,65,0.8552631578947368,0.6578947368421053,0.19736842105263158,Sampling_Gaps,5,0.3333333333333333,1.7023243786722675,0,5,0,0,0,1,0,0,0,0,0,5,2,1,1,0,0
1607,76,31,19,26,45,0.5921052631578947,0.25,0.34210526315789475,Speed,8,0.3076923076923077,2.3950323372540843,0,0,3,0,3,0,0,0,0,6,0,0,0,3,3,8,0
1608,76,10,41,25,66,0.868421052631579,0.5394736842105263,0.32894736842105265,Speed,5,0.2,2.3583489727670646,4,3,1,0,0,1,5,1,3,0,2,0,0,0,0,5,0
1609,76,7,49,20,69,0.9078947368421053,0.6447368421052632,0.2631578947368421,Sampling_Gaps,3,0.15,2.050073180252285,0,2,0,3,0,0,0,2,0,2,3,3,1,0,2,0,2
1610,76,9,44,23,67,0.881578947368421,0.5789473684210527,0.3026315789473684,Speed,4,0.17391304347826086,2.2118180893248764,4,4,0,0,0,0,0,2,4,0,0,2,2,0,0,4,1
1611,76,22,23,31,54,0.7105263157894737,0.3026315789473684,0.40789473684210525,Speed,7,0.22580645161290322,2.704705822534387,5,0,3,6,0,0,0,2,0,0,0,5,0,1,0,7,2
1612,76,7,63,6,69,0.9078947368421053,0.8289473684210527,0.07894736842105263,Phase_Change,4,0.6666666666666666,0.9292417287738753,0,1,0,0,0,0,0,1,0,0,4,0,0,0,0,0,0
1613,76,25,31,20,51,0.6710526315789473,0.40789473684210525,0.2631578947368421,Sequence_Complexity,6,0.3,2.163644009238825,1,0,5,5,0,0,0,0,0,0,0,2,6,0,0,1,0
1614,76,11,42,23,65,0.8552631578947368,0.5526315789473685,0.3026315789473684,Speed,3,0.13043478260869565,2.339237979565967,1,0,3,3,3,0,0,0,0,0,0,3,3,2,0,3,2
1615,76,16,42,18,60,0.7894736842105263,0.5526315789473685,0.23684210526315788,Acceleration,5,0.2777777777777778,2.062572615665365,5,0,2,0,2,0,0,0,0,2,0,0,4,2,0,1,0
1616,76,7,38,31,69,0.9078947368421053,0.5,0.40789473684210525,Phase_Change,4,0.12903225806451613,2.6876313954227116,4,4,0,0,4,1,3,1,4,3,4,0,0,1,0,2,0
1617,76,15,32,29,61,0.8026315789473685,0.42105263157894735,0.3815789473684211,Extent,6,0.20689655172413793,2.593680481695013,0,4,0,0,6,1,0,0,4,4,0,0,4,1,0,5,0
1618,76,10,41,25,66,0.868421052631579,0.5394736842105263,0.32894736842105265,Speed,4,0.16,2.4106406629122894,4,3,0,4,0,1,2,1,0,0,0,4,0,1,0,4,1
1619,76,42,18,16,34,0.4473684210526316,0.23684210526315788,0.21052631578947367,Localization,6,0.375,1.7669336740840669,0,0,0,0,0,4,6,0,6,0,0,0,0,0,0,0,0
1620,76,3,58,15,73,0.9605263157894737,0.7631578947368421,0.19736842105263158,Sampling_Gaps,2,0.13333333333333333,1.5569040237124976,2,0,2,2,2,0,0,1,0,1,2,2,0,0,0,1,0
1621,76,31,17,28,45,0.5921052631578947,0.2236842105263158,0.3684210526315789,Indentation,8,0.2857142857142857,2.3735718304369664,0,0,6,0,0,3,8,0,5,0,0,0,6,0,0,0,0
1622,76,6,54,16,70,0.9210526315789473,0.7105263157894737,0.21052631578947367,Sampling_Gaps,3,0.1875,1.6981449460030438,0,2,0,2,2,0,2,0,0,3,2,3,0,0,0,0,0
1623,76,34,17,25,42,0.5526315789473685,0.2236842105263158,0.32894736842105265,Extent,8,0.32,2.225273173540857,0,5,0,0,8,4,0,0,7,0,0,0,1,0,0,0,0
1624,76,24,19,33,52,0.6842105263157895,0.25,0.4342105263157895,Indentation,7,0.21212121212121213,2.739505958382183,0,5,0,0,6,3,7,0,5,0,0,0,4,3,0,0,0
1625,76,16,37,23,60,0.7894736842105263,0.4868421052631579,0.3026315789473684,Speed,6,0.2608695652173913,2.2923475462172913,3,0,5,0,1,0,0,2,0,2,0,0,4,0,0,6,0
1626,76,21,43,12,55,0.7236842105263158,0.5657894736842105,0.15789473684210525,Path_Evolution,4,0.3333333333333333,1.7963099103816424,0,0,1,0,0,1,0,0,0,4,3,0,0,1,1,0,1
1627,76,7,58,11,69,0.9078947368421053,0.7631578947368421,0.14473684210526316,Path_Evolution,4,0.36363636363636365,1.3246476493124553,0,0,0,0,0,0,0,0,0,4,3,0,0,1,2,0,1
1628,76,22,34,20,54,0.7105263157894737,0.4473684210526316,0.2631578947368421,Path_Evolution,5,0.25,2.186205504404521,4,4,4,0,0,0,0,1,0,5,0,0,0,0,0,0,2
1629,76,18,28,30,58,0.7631578947368421,0.3684210526315789,0.39473684210526316,Phase_Change,6,0.2,2.596439891397022,0,5,0,5,6,0,0,1,5,0,6,2,0,0,0,0,0
1630,76,42,14,20,34,0.4473684210526316,0.18421052631578946,0.2631578947368421,Sampling_Gaps,8,0.4,1.8724645112372977,0,0,0,8,0,0,0,0,0,1,0,8,0,0,0,0,3
1631,76,16,44,16,60,0.7894736842105263,0.5789473684210527,0.21052631578947367,Curvature,5,0.3125,1.9245127871719887,2,5,0,3,0,2,0,0,0,0,0,2,2,0,0,0,0
1632,76,21,39,16,55,0.7236842105263158,0.5131578947368421,0.21052631578947367,Duration,5,0.3125,2.037677607017027,0,2,0,5,0,0,0,0,2,0,2,0,2,0,0,2,1
1633,76,7,55,14,69,0.9078947368421053,0.7236842105263158,0.18421052631578946,Sequence_Complexity,4,0.2857142857142857,1.5686345042559602,1,4,1,0,0,0,1,2,0,0,0,0,4,1,0,0,0
1634,76,31,15,30,45,0.5921052631578947,0.19736842105263158,0.39473684210526316,Phase_Change,8,0.26666666666666666,2.3835430455429556,0,8,0,0,0,3,8,0,0,0,8,0,0,0,0,0,3
1635,76,16,33,27,60,0.7894736842105263,0.4342105263157895,0.35526315789473684,Indentation,6,0.2222222222222222,2.560566415421924,0,6,0,0,1,2,6,0,0,4,3,0,1,0,2,0,2
1636,76,39,19,18,37,0.4868421052631579,0.25,0.23684210526315788,Indentation,9,0.5,1.9304864370462158,0,0,4,0,0,3,9,1,0,0,1,0,0,0,0,0,0
1637,76,24,24,28,52,0.6842105263157895,0.3157894736842105,0.3684210526315789,Sampling_Gaps,7,0.25,2.4631139417342123,4,7,0,0,0,3,6,0,0,0,1,7,0,0,0,0,0
1638,76,6,49,21,70,0.9210526315789473,0.6447368421052632,0.27631578947368424,Indentation,3,0.14285714285714285,2.0683208374616644,2,2,3,3,3,0,3,0,0,0,0,2,0,1,0,2,0
1639,76,39,22,15,37,0.4868421052631579,0.2894736842105263,0.19736842105263158,Curvature,7,0.4666666666666667,1.8347769660175541,0,7,3,0,0,2,0,0,3,0,0,0,0,0,0,0,0
1640,76,22,24,30,54,0.7105263157894737,0.3157894736842105,0.39473684210526316,Phase_Change,7,0.23333333333333334,2.6281768688312437,0,0,2,0,7,2,0,0,0,7,7,0,1,0,2,0,2
1641,76,34,13,29,42,0.5526315789473685,0.17105263157894737,0.3815789473684211,Curvature,8,0.27586206896551724,2.350023402955744,4,8,0,0,0,4,7,0,0,0,0,0,6,0,0,0,0
1642,76,29,15,32,47,0.618421052631579,0.19736842105263158,0.42105263157894735,Sequence_Complexity,8,0.25,2.603261950323134,0,0,0,0,8,2,0,0,0,4,6,0,8,0,2,0,2
1643,76,3,66,7,73,0.9605263157894737,0.868421052631579,0.09210526315789473,Sequence_Complexity,3,0.42857142857142855,0.8474040018385215,2,0,0,0,0,1,0,1,0,0,0,0,3,0,0,0,0
1644,76,10,55,11,66,0.868421052631579,0.7236842105263158,0.14473684210526316,Acceleration,3,0.2727272727272727,1.5643886621949878,3,1,0,0,0,1,0,1,1,1,1,0,1,0,0,1,0
1645,76,24,30,22,52,0.6842105263157895,0.39473684210526316,0.2894736842105263,Extent,6,0.2727272727272727,2.2495721401718223,0,6,0,0,6,1,5,0,0,0,2,0,2,0,0,0,0
1646,76,15,35,26,61,0.8026315789473685,0.4605263157894737,0.34210526315789475,Indentation,6,0.23076923076923078,2.4761171247569753,3,6,0,0,0,1,6,0,0,4,3,0,0,0,1,1,1
1647,76,16,49,11,60,0.7894736842105263,0.6447368421052632,0.14473684210526316,Localization,6,0.5454545454545454,1.555420179680794,0,0,0,0,0,0,1,0,6,2,0,0,0,0,1,1,0
1648,76,10,33,33,66,0.868421052631579,0.4342105263157895,0.4342105263157895,Speed,5,0.15151515151515152,2.6413878129634942,0,0,5,0,5,0,5,0,0,5,5,3,0,0,0,5,0
1649,76,16,49,11,60,0.7894736842105263,0.6447368421052632,0.14473684210526316,Extent,5,0.45454545454545453,1.6330535287582952,0,0,0,0,5,0,1,0,1,1,1,0,1,1,0,0,0
1650,76,31,32,13,45,0.5921052631578947,0.42105263157894735,0.17105263157894737,Path_Evolution,4,0.3076923076923077,1.8587158605226233,0,0,2,0,4,0,0,0,0,4,0,0,0,1,2,0,0
1651,76,13,31,32,63,0.8289473684210527,0.40789473684210525,0.42105263157894735,Sampling_Gaps,5,0.15625,2.7052462064128173,0,0,5,5,5,0,5,0,3,0,0,5,0,0,0,1,3
1652,76,34,34,8,42,0.5526315789473685,0.4473684210526316,0.10526315789473684,Localization,8,1.0,1.3801976028511764,0,0,0,0,0,0,0,0,8,0,0,0,0,0,0,0,0
1653,76,11,41,24,65,0.8552631578947368,0.5394736842105263,0.3157894736842105,Localization,5,0.20833333333333334,2.2584890469999577,0,0,4,3,3,0,5,0,5,0,0,3,0,0,0,0,1
1654,76,3,46,27,73,0.9605263157894737,0.6052631578947368,0.35526315789473684,Speed,3,0.1111111111111111,2.3778886977076605,3,3,0,3,3,1,0,1,1,2,0,3,3,1,0,3,0
1655,76,1,64,11,75,0.9868421052631579,0.8421052631578947,0.14473684210526316,Phase_Change,2,0.18181818181818182,1.1426643555488487,0,1,0,0,2,0,0,0,0,1,2,1,1,1,0,1,1
1656,76,16,30,30,60,0.7894736842105263,0.39473684210526316,0.39473684210526316,Speed,6,0.2,2.646137475532581,6,4,0,0,6,0,0,2,2,0,0,0,2,2,0,6,0
1657,76,1,64,11,75,0.9868421052631579,0.8421052631578947,0.14473684210526316,Curvature,2,0.18181818181818182,1.1426643555488487,2,2,0,1,1,0,1,0,0,1,1,1,0,0,0,1,0
1658,76,3,60,13,73,0.9605263157894737,0.7894736842105263,0.17105263157894737,Speed,3,0.23076923076923078,1.396899904983039,1,0,1,1,0,1,0,0,1,0,1,3,0,1,0,3,0
1659,76,42,28,6,34,0.4473684210526316,0.3684210526315789,0.07894736842105263,Extent,5,0.8333333333333334,1.3440734338546687,0,0,0,0,5,0,0,0,0,0,0,0,0,0,0,0,1
1660,76,34,31,11,42,0.5526315789473685,0.40789473684210525,0.14473684210526316,Path_Evolution,3,0.2727272727272727,1.7734064972747485,0,2,0,0,3,0,0,0,0,3,0,0,2,0,1,0,0
1661,76,42,22,12,34,0.4473684210526316,0.2894736842105263,0.15789473684210525,Indentation,5,0.4166666666666667,1.709120206294523,0,0,0,0,0,3,5,0,0,2,0,0,0,0,0,2,0
1662,76,56,16,4,20,0.2631578947368421,0.21052631578947367,0.05263157894736842,Speed,2,0.5,1.1004028340327194,0,0,0,0,0,0,0,0,0,0,0,0,0,0,1,2,1
1663,76,29,31,16,47,0.618421052631579,0.40789473684210525,0.21052631578947367,Indentation,6,0.375,1.9027173556605583,3,0,0,0,6,0,6,0,0,0,0,0,0,0,0,1,0
1664,76,46,26,4,30,0.39473684210526316,0.34210526315789475,0.05263157894736842,Extent,2,0.5,1.270358004887125,0,0,0,0,2,0,1,0,0,0,0,0,0,0,0,1,0
1665,76,16,50,10,60,0.7894736842105263,0.6578947368421053,0.13157894736842105,Indentation,6,0.6,1.4623671911664384,0,0,0,0,1,1,6,0,0,0,0,0,0,0,0,2,0
1666,76,65,11,0,11,0.14473684210526316,0.14473684210526316,0.0,,0,0.0,0.596510991708588,0,0,0,0,0,0,0,0,0,0,0,0,0,0,0,0,0
1667,76,69,4,3,7,0.09210526315789473,0.05263157894736842,0.039473684210526314,Temporal,3,1.0,0.5342028421296758,0,0,0,0,0,0,0,0,0,0,0,0,0,0,0,0,3
1668,76,72,0,4,4,0.05263157894736842,0.0,0.05263157894736842,SpatioTemporal_Dynamics,4,1.0,0.2974722489192896,0,0,0,0,0,0,0,0,0,0,0,0,0,0,4,0,0
1669,76,31,27,18,45,0.5921052631578947,0.35526315789473684,0.23684210526315788,Sampling_Gaps,8,0.4444444444444444,1.9063216163329697,0,0,0,8,0,0,1,0,0,0,1,8,0,0,0,0,0
1670,76,27,36,13,49,0.6447368421052632,0.47368421052631576,0.17105263157894737,Localization,3,0.23076923076923078,1.8957706040116473,0,0,0,0,3,2,3,0,3,1,1,0,0,0,0,0,0
1671,76,31,39,6,45,0.5921052631578947,0.5131578947368421,0.07894736842105263,Sequence_Complexity,3,0.5,1.4260109389727396,0,0,0,0,0,0,0,0,0,0,0,0,3,2,1,0,0
1672,76,51,20,5,25,0.32894736842105265,0.2631578947368421,0.06578947368421052,Phase_Change,3,0.6,1.2415177523849408,0,0,0,0,0,0,0,0,0,0,3,0,1,0,0,0,1
1673,76,27,16,33,49,0.6447368421052632,0.21052631578947367,0.4342105263157895,Sampling_Gaps,7,0.21212121212121213,2.6250799355274888,7,0,0,7,4,0,0,4,0,0,4,7,0,0,0,0,0
1674,76,6,51,19,70,0.9210526315789473,0.6710526315789473,0.25,Speed,2,0.10526315789473684,2.0268292575899904,2,1,2,2,0,0,2,1,2,2,0,2,0,0,1,2,0
1675,76,34,27,15,42,0.5526315789473685,0.35526315789473684,0.19736842105263158,Displacement,6,0.4,1.873254952395047,0,0,6,0,0,0,0,0,2,0,5,0,0,0,0,2,0
1676,76,13,40,23,63,0.8289473684210527,0.5263157894736842,0.3026315789473684,Speed,3,0.13043478260869565,2.3759926102005204,3,0,3,0,0,0,0,1,3,3,0,3,3,0,1,3,0
1677,76,18,48,10,58,0.7631578947368421,0.631578947368421,0.13157894736842105,Displacement,3,0.3,1.6177730718285774,1,0,3,0,0,0,1,0,1,0,2,0,2,0,0,0,0
1678,76,1,55,20,75,0.9868421052631579,0.7236842105263158,0.2631578947368421,Speed,2,0.1,1.8272066681296868,2,0,2,2,0,0,2,1,1,2,2,2,2,0,0,2,0
1679,76,4,52,20,72,0.9473684210526315,0.6842105263157895,0.2631578947368421,Speed,3,0.15,1.9230916206827011,2,2,3,2,0,0,0,0,1,2,2,3,0,0,0,3,0
1680,76,11,45,20,65,0.8552631578947368,0.5921052631578947,0.2631578947368421,Displacement,5,0.25,2.066133728931266,2,0,5,3,0,0,0,0,1,3,3,3,0,0,0,0,0
1681,76,31,23,22,45,0.5921052631578947,0.3026315789473684,0.2894736842105263,Sampling_Gaps,8,0.36363636363636365,2.115975111234755,4,0,0,0,0,0,3,0,0,0,0,8,7,0,0,0,0
1682,76,9,56,11,67,0.881578947368421,0.7368421052631579,0.14473684210526316,Speed,2,0.18181818181818182,1.5144906628092871,1,0,0,2,1,0,0,1,0,1,0,2,0,0,1,2,0
1683,76,16,46,14,60,0.7894736842105263,0.6052631578947368,0.18421052631578946,Sampling_Gaps,3,0.21428571428571427,1.8947862308016632,0,0,1,0,2,0,2,1,0,2,2,3,0,0,0,0,1
1684,76,1,62,13,75,0.9868421052631579,0.8157894736842105,0.17105263157894737,Sampling_Gaps,2,0.15384615384615385,1.258977891812187,0,1,0,2,0,0,2,0,2,1,2,2,0,0,0,1,0
1685,76,31,24,21,45,0.5921052631578947,0.3157894736842105,0.27631578947368424,Sampling_Gaps,8,0.38095238095238093,2.1592617092585242,5,2,0,0,0,0,0,3,3,0,0,8,0,0,0,0,0
1686,76,27,20,29,49,0.6447368421052632,0.2631578947368421,0.3815789473684211,Sampling_Gaps,6,0.20689655172413793,2.543667660017289,5,0,0,5,5,0,0,3,0,0,0,6,5,0,0,0,0
1687,76,6,47,23,70,0.9210526315789473,0.618421052631579,0.3026315789473684,Phase_Change,4,0.17391304347826086,2.10529444055324,4,3,0,4,0,0,1,1,0,0,4,3,3,0,0,0,0
1688,76,11,51,14,65,0.8552631578947368,0.6710526315789473,0.18421052631578946,Curvature,5,0.35714285714285715,1.6201384578888902,0,5,0,3,0,1,4,0,0,0,0,0,0,1,0,0,0
1689,76,37,19,20,39,0.5131578947368421,0.25,0.2631578947368421,Acceleration,9,0.45,2.042672740139416,9,0,0,0,0,2,5,2,0,0,0,0,2,0,0,0,0
1690,76,16,46,14,60,0.7894736842105263,0.6052631578947368,0.18421052631578946,Localization,4,0.2857142857142857,1.842154651854295,1,3,2,0,0,1,2,0,4,0,1,0,0,0,0,0,0
1691,76,15,40,21,61,0.8026315789473685,0.5263157894736842,0.27631578947368424,Phase_Change,5,0.23809523809523808,2.0972084189612255,3,0,0,4,0,0,0,0,0,5,5,4,0,0,0,0,0
1692,76,37,21,18,39,0.5131578947368421,0.27631578947368424,0.23684210526315788,Acceleration,9,0.5,1.9436195411535495,9,0,0,0,0,1,5,2,0,1,0,0,0,0,0,0,0
1693,76,9,42,25,67,0.881578947368421,0.5526315789473685,0.32894736842105265,Localization,4,0.16,2.3429131150158735,3,4,3,3,0,0,0,0,4,3,0,3,2,0,0,0,0
1694,76,22,25,29,54,0.7105263157894737,0.32894736842105265,0.3815789473684211,Sampling_Gaps,7,0.2413793103448276,2.550340088870927,7,4,0,6,0,2,1,2,0,0,0,7,0,0,0,0,0
1695,76,1,63,12,75,0.9868421052631579,0.8289473684210527,0.15789473684210525,Speed,1,0.08333333333333333,1.2930770505423388,1,1,1,1,0,0,1,1,1,1,1,1,1,0,0,1,0
1696,76,9,47,20,67,0.881578947368421,0.618421052631579,0.2631578947368421,Sampling_Gaps,4,0.2,2.059113190496306,4,1,1,4,0,0,0,3,1,0,0,4,1,1,0,0,0
1697,76,29,25,22,47,0.618421052631579,0.32894736842105265,0.2894736842105263,Indentation,8,0.36363636363636365,2.1824294397190105,1,0,0,8,0,2,8,2,0,0,0,0,1,0,0,0,0
1698,76,6,44,26,70,0.9210526315789473,0.5789473684210527,0.34210526315789475,Path_Evolution,4,0.15384615384615385,2.339914635292108,3,3,0,3,0,0,3,0,0,4,3,3,3,0,1,0,0
1699,76,29,32,15,47,0.618421052631579,0.42105263157894735,0.19736842105263158,Indentation,8,0.5333333333333333,1.8480429889300787,3,0,3,0,0,0,8,0,0,0,0,0,0,1,0,0,0
1700,76,10,41,25,66,0.868421052631579,0.5394736842105263,0.32894736842105265,Sampling_Gaps,5,0.2,2.2319063349455273,3,3,0,0,0,0,0,0,0,5,5,5,4,0,0,0,0
1701,76,6,36,34,70,0.9210526315789473,0.47368421052631576,0.4473684210526316,Speed,4,0.11764705882352941,2.7955332692539323,0,4,0,0,4,1,4,0,4,4,3,0,4,0,1,4,1
1702,76,11,43,22,65,0.8552631578947368,0.5657894736842105,0.2894736842105263,Indentation,5,0.22727272727272727,2.240001023889979,0,5,2,0,2,1,5,0,2,2,2,0,0,1,0,0,0
1703,76,3,48,25,73,0.9605263157894737,0.631578947368421,0.32894736842105265,Speed,3,0.12,2.2200683022340697,3,0,3,3,0,1,3,1,0,3,0,3,0,1,0,3,1
1704,76,31,32,13,45,0.5921052631578947,0.42105263157894735,0.17105263157894737,Speed,4,0.3076923076923077,1.8651661894130582,0,2,0,0,0,0,3,0,3,0,0,0,1,0,0,4,0
1705,76,10,44,22,66,0.868421052631579,0.5789473684210527,0.2894736842105263,Sampling_Gaps,5,0.22727272727272727,2.2242590904762833,3,4,2,0,2,1,0,0,2,2,0,5,0,1,0,0,0
1706,76,3,47,26,73,0.9605263157894737,0.618421052631579,0.34210526315789475,Path_Evolution,3,0.11538461538461539,2.3222710852331487,3,3,3,0,3,1,0,1,3,3,2,0,0,1,0,2,1
1707,76,1,61,14,75,0.9868421052631579,0.8026315789473685,0.18421052631578946,Speed,2,0.14285714285714285,1.3035199135575843,2,2,2,2,0,0,2,0,0,0,0,2,0,0,0,2,0
1708,76,6,48,22,70,0.9210526315789473,0.631578947368421,0.2894736842105263,Sequence_Complexity,3,0.13636363636363635,2.1609863943962657,3,0,3,3,2,1,2,0,2,0,0,2,3,0,0,1,0
1709,76,24,40,12,52,0.6842105263157895,0.5263157894736842,0.15789473684210525,Extent,4,0.3333333333333333,1.7686380553234649,0,0,1,0,4,0,0,0,0,3,3,0,0,0,0,0,1
1710,76,21,21,34,55,0.7236842105263158,0.27631578947368424,0.4473684210526316,Speed,6,0.17647058823529413,2.747582687412762,6,0,2,6,6,0,0,0,0,0,0,6,0,0,0,6,2
1711,76,16,45,15,60,0.7894736842105263,0.5921052631578947,0.19736842105263158,Speed,3,0.2,1.9236753510861866,3,0,0,2,0,0,0,1,0,2,0,2,2,0,0,3,0
1712,76,24,32,20,52,0.6842105263157895,0.42105263157894735,0.2631578947368421,Speed,6,0.3,2.186502638438343,3,0,0,0,3,1,0,0,5,0,0,0,0,0,0,6,2
1713,76,11,42,23,65,0.8552631578947368,0.5526315789473685,0.3026315789473684,Sampling_Gaps,3,0.13043478260869565,2.375486499331276,3,0,0,3,3,0,0,0,2,3,1,3,0,1,2,0,2
1714,76,4,51,21,72,0.9473684210526315,0.6710526315789473,0.27631578947368424,Temporal,2,0.09523809523809523,2.0993262971206077,1,2,0,2,2,2,0,1,1,0,2,2,2,0,0,2,2
1715,76,24,26,26,52,0.6842105263157895,0.34210526315789475,0.34210526315789475,Curvature,7,0.2692307692307692,2.418698136836439,0,7,0,0,5,2,4,0,6,0,0,0,0,2,0,0,0
1716,76,10,48,18,66,0.868421052631579,0.631578947368421,0.23684210526315788,Duration,4,0.2222222222222222,1.9279665793364409,1,0,0,4,3,0,1,0,0,0,3,3,0,0,0,3,0
1717,76,21,35,20,55,0.7236842105263158,0.4605263157894737,0.2631578947368421,Duration,6,0.3,2.1914420333855777,0,0,0,6,0,0,0,0,3,3,0,3,3,0,2,0,0
1718,76,15,41,20,61,0.8026315789473685,0.5394736842105263,0.2631578947368421,Phase_Change,5,0.25,2.0442134072285483,0,0,0,4,0,0,0,0,5,2,5,4,0,0,0,0,0
1719,76,51,11,14,25,0.32894736842105265,0.14473684210526316,0.18421052631578946,Displacement,8,0.5714285714285714,1.499806260155645,0,3,8,0,0,0,0,3,0,0,0,0,0,0,0,0,0
1720,76,39,21,16,37,0.4868421052631579,0.27631578947368424,0.21052631578947367,Path_Evolution,8,0.5,1.8547811000447885,3,0,0,0,3,0,0,0,0,8,0,0,0,0,2,0,0
1721,76,21,45,10,55,0.7236842105263158,0.5921052631578947,0.13157894736842105,Path_Evolution,4,0.4,1.6146782671889433,0,3,0,0,1,0,0,0,0,4,0,0,0,1,1,0,0
1722,76,4,47,25,72,0.9473684210526315,0.618421052631579,0.32894736842105265,SpatioTemporal_Dynamics,3,0.12,2.345618947217587,2,2,2,2,2,3,2,0,2,2,0,2,1,0,3,0,0
1723,76,20,43,13,56,0.7368421052631579,0.5657894736842105,0.17105263157894737,Localization,3,0.23076923076923078,1.8463112785475206,2,2,0,0,0,0,2,0,3,2,0,0,0,0,0,2,0
1724,76,3,57,16,73,0.9605263157894737,0.75,0.21052631578947367,Curvature,3,0.1875,1.5902366474999376,2,3,0,2,2,0,0,1,0,0,0,2,2,0,0,2,0
1725,76,6,58,12,70,0.9210526315789473,0.7631578947368421,0.15789473684210525,Path_Evolution,4,0.3333333333333333,1.4680239249998204,1,0,1,1,0,0,0,1,0,4,0,0,0,1,1,1,1
1726,76,11,42,23,65,0.8552631578947368,0.5526315789473685,0.3026315789473684,Localization,4,0.17391304347826086,2.369036170440841,0,0,3,3,2,0,0,0,4,3,0,2,0,1,1,2,2
1727,76,0,69,7,76,1.0,0.9078947368421053,0.09210526315789473,Speed,1,0.14285714285714285,0.7020303092634057,1,0,1,1,1,0,0,0,0,0,0,1,0,1,0,1,0
1728,76,22,35,19,54,0.7105263157894737,0.4605263157894737,0.25,Phase_Change,6,0.3157894736842105,2.1539515107143576,0,1,0,0,0,1,4,0,0,0,6,0,4,0,2,1,0
1729,76,31,37,8,45,0.5921052631578947,0.4868421052631579,0.10526315789473684,Sequence_Complexity,3,0.375,1.5757597811747994,0,0,0,0,0,0,0,0,1,0,0,0,3,0,2,0,2
1730,76,29,36,11,47,0.618421052631579,0.47368421052631576,0.14473684210526316,Speed,6,0.5454545454545454,1.6786721000605165,0,3,0,0,0,0,0,0,0,0,0,0,0,0,1,6,1
1731,76,51,5,20,25,0.32894736842105265,0.06578947368421052,0.2631578947368421,Sequence_Complexity,10,0.5,1.5304408579116984,0,0,0,0,0,3,7,0,0,0,0,0,10,0,0,0,0
1732,76,42,17,17,34,0.4473684210526316,0.2236842105263158,0.2236842105263158,Indentation,6,0.35294117647058826,1.8402465915144068,0,6,0,0,4,1,6,0,0,0,0,0,0,0,0,0,0
1733,76,11,47,18,65,0.8552631578947368,0.618421052631579,0.23684210526315788,Phase_Change,4,0.2222222222222222,1.943724568261227,0,2,0,0,0,0,4,0,4,1,4,0,1,0,0,0,2
1734,76,6,57,13,70,0.9210526315789473,0.75,0.17105263157894737,Phase_Change,4,0.3076923076923077,1.4586577001315166,1,4,1,0,1,0,1,0,1,0,4,0,0,0,0,0,0
1735,76,39,35,2,37,0.4868421052631579,0.4605263157894737,0.02631578947368421,Speed,2,1.0,1.147196038065934,0,0,0,0,0,0,0,0,0,0,0,0,0,0,0,2,0
1736,76,46,8,22,30,0.39473684210526316,0.10526315789473684,0.2894736842105263,Sequence_Complexity,10,0.45454545454545453,1.8406299426291188,0,0,0,0,0,2,7,0,0,0,0,0,10,0,2,0,1
1737,76,51,13,12,25,0.32894736842105265,0.17105263157894737,0.15789473684210525,Sequence_Complexity,8,0.6666666666666666,1.4400405558596319,0,2,0,0,0,0,0,2,0,0,0,0,8,0,0,0,0
1738,76,24,32,20,52,0.6842105263157895,0.42105263157894735,0.2631578947368421,Phase_Change,7,0.35,2.153185941390455,0,0,1,0,6,0,0,0,0,2,7,0,2,0,0,0,2
1739,76,38,29,9,38,0.5,0.3815789473684211,0.11842105263157894,Localization,3,0.3333333333333333,1.6287488046051735,0,2,0,0,0,0,2,0,3,2,0,0,0,0,0,0,0
1740,76,37,30,9,39,0.5131578947368421,0.39473684210526316,0.11842105263157894,Curvature,7,0.7777777777777778,1.516243607510297,0,7,0,0,0,1,0,0,0,0,0,0,0,1,0,0,0
1741,76,18,48,10,58,0.7631578947368421,0.631578947368421,0.13157894736842105,Geometric,3,0.3,1.6440888613022617,0,1,1,0,2,3,1,0,0,0,0,0,1,1,0,0,0
1742,76,21,44,11,55,0.7236842105263158,0.5789473684210527,0.14473684210526316,Speed,4,0.36363636363636365,1.6431455120919807,1,0,0,0,0,0,0,0,3,0,0,0,3,0,0,4,0
1743,76,72,3,1,4,0.05263157894736842,0.039473684210526314,0.013157894736842105,Spatial_Context,1,1.0,0.3401710975750335,0,0,0,0,0,0,0,0,0,0,0,0,0,1,0,0,0
1744,76,29,24,23,47,0.618421052631579,0.3157894736842105,0.3026315789473684,Indentation,7,0.30434782608695654,2.303304957137214,0,0,0,0,0,2,7,0,5,5,0,0,0,2,2,0,0
1745,76,29,23,24,47,0.618421052631579,0.3026315789473684,0.3157894736842105,Phase_Change,7,0.2916666666666667,2.302717207769189,0,0,0,0,7,0,0,2,5,0,7,0,0,0,1,0,2
1746,76,48,10,18,28,0.3684210526315789,0.13157894736842105,0.23684210526315788,Curvature,7,0.3888888888888889,1.7470277645402157,0,7,0,0,5,3,0,0,0,0,0,0,0,3,0,0,0
1747,76,61,13,2,15,0.19736842105263158,0.17105263157894737,0.02631578947368421,Spatial_Context,1,0.5,0.8547604880860822,0,0,1,0,0,0,0,0,0,0,0,0,0,1,0,0,0
1748,76,42,22,12,34,0.4473684210526316,0.2894736842105263,0.15789473684210525,Curvature,9,0.75,1.5753728768684632,0,9,0,0,0,1,0,0,0,0,2,0,0,0,0,0,0
1749,76,42,23,11,34,0.4473684210526316,0.3026315789473684,0.14473684210526316,Localization,5,0.45454545454545453,1.593473070089732,0,0,0,0,5,1,0,0,5,0,0,0,0,0,0,0,0
1750,76,21,47,8,55,0.7236842105263158,0.618421052631579,0.10526315789473684,Speed,3,0.375,1.4740575540813505,1,0,0,0,0,0,0,0,0,1,3,0,0,0,0,3,0
1751,76,61,10,5,15,0.19736842105263158,0.13157894736842105,0.06578947368421052,Temporal,4,0.8,0.9453714800197738,0,0,0,0,0,0,0,0,0,0,0,0,1,0,0,0,4
1752,76,7,53,16,69,0.9078947368421053,0.6973684210526315,0.21052631578947367,Phase_Change,4,0.25,1.675612631170649,0,1,0,3,0,0,3,2,0,0,4,3,0,0,0,0,0
1753,76,10,60,6,66,0.868421052631579,0.7894736842105263,0.07894736842105263,Path_Evolution,4,0.6666666666666666,1.0159180833727337,0,0,0,0,0,0,0,0,0,4,2,0,0,0,0,0,0
1754,76,15,44,17,61,0.8026315789473685,0.5789473684210527,0.2236842105263158,Path_Evolution,6,0.35294117647058826,1.9015048139896933,0,0,0,0,4,1,0,0,4,6,0,0,0,0,1,0,1
1755,76,58,10,8,18,0.23684210526315788,0.13157894736842105,0.10526315789473684,Path_Evolution,4,0.5,1.1823725309926274,0,0,0,0,0,2,0,0,0,4,0,0,0,0,2,0,0
1756,76,7,44,25,69,0.9078947368421053,0.5789473684210527,0.32894736842105265,Sampling_Gaps,4,0.16,2.3251493794839186,0,0,1,4,3,0,0,0,3,1,4,4,0,1,0,3,1
1757,76,31,7,38,45,0.5921052631578947,0.09210526315789473,0.5,Sequence_Complexity,8,0.21052631578947367,2.5802782360656473,0,0,0,8,0,0,0,3,8,0,0,8,8,3,0,0,0
1758,76,11,35,30,65,0.8552631578947368,0.4605263157894737,0.39473684210526316,Phase_Change,5,0.16666666666666666,2.5159952006768993,0,0,0,4,5,0,5,0,5,5,5,0,0,0,1,0,0
1759,76,16,21,39,60,0.7894736842105263,0.27631578947368424,0.5131578947368421,Sequence_Complexity,6,0.15384615384615385,2.9676996725973286,0,0,0,6,0,0,6,1,6,6,0,6,6,1,1,0,0
1760,76,10,37,29,66,0.868421052631579,0.4868421052631579,0.3815789473684211,Phase_Change,4,0.13793103448275862,2.5805072110842664,4,0,4,4,4,0,0,0,3,4,4,0,0,0,1,0,1
1761,76,21,42,13,55,0.7236842105263158,0.5526315789473685,0.17105263157894737,Geometric,4,0.3076923076923077,1.8437696498243494,0,4,0,0,0,4,1,0,1,1,0,0,1,0,0,1,0
1762,76,16,41,19,60,0.7894736842105263,0.5394736842105263,0.25,Sequence_Complexity,5,0.2631578947368421,2.1686622481022475,2,1,2,0,0,0,0,0,2,2,0,0,5,0,3,2,0
1763,76,18,42,16,58,0.7631578947368421,0.5526315789473685,0.21052631578947367,Sequence_Complexity,6,0.375,1.9347611412177967,0,2,1,0,0,2,3,0,0,0,0,0,6,0,2,0,0
1764,76,21,26,29,55,0.7236842105263158,0.34210526315789475,0.3815789473684211,Speed,7,0.2413793103448276,2.5522369484752625,0,5,0,0,7,1,0,1,0,6,0,0,0,1,1,7,0
1765,76,13,43,20,63,0.8289473684210527,0.5657894736842105,0.2631578947368421,Sequence_Complexity,3,0.15,2.2255622069368117,2,2,0,3,0,2,3,0,0,0,1,2,3,0,0,0,2
1766,76,22,32,22,54,0.7105263157894737,0.42105263157894735,0.2894736842105263,Indentation,7,0.3181818181818182,2.2739322164578732,0,0,0,0,2,2,7,0,0,3,6,0,0,0,1,0,1
1767,76,13,52,11,63,0.8289473684210527,0.6842105263157895,0.14473684210526316,Spatial_Context,3,0.2727272727272727,1.5368965044501917,0,0,0,0,1,0,0,3,2,0,0,0,0,3,0,2,0
1768,76,31,29,16,45,0.5921052631578947,0.3815789473684211,0.21052631578947367,Localization,6,0.375,1.9752143951911758,3,4,2,0,1,0,0,0,6,0,0,0,0,0,0,0,0
1769,76,9,43,24,67,0.881578947368421,0.5657894736842105,0.3157894736842105,Sequence_Complexity,4,0.16666666666666666,2.282552717792296,4,3,2,4,2,0,2,0,0,0,0,3,4,0,0,0,0
1770,76,25,28,23,51,0.6710526315789473,0.3684210526315789,0.3026315789473684,Duration,6,0.2608695652173913,2.276588591854838,0,0,4,6,0,0,0,0,4,0,0,5,4,0,0,0,0
1771,76,21,36,19,55,0.7236842105263158,0.47368421052631576,0.25,Sequence_Complexity,5,0.2631578947368421,2.2483800607499793,0,0,0,4,0,0,0,1,0,2,2,2,5,1,1,0,1
1772,76,11,40,25,65,0.8552631578947368,0.5263157894736842,0.32894736842105265,Sequence_Complexity,5,0.2,2.4003641574453125,0,0,3,3,0,0,1,1,0,0,3,5,5,2,0,0,2
1773,76,21,33,22,55,0.7236842105263158,0.4342105263157895,0.2894736842105263,Sampling_Gaps,7,0.3181818181818182,2.1952085565226724,0,2,4,0,0,0,0,0,0,7,1,7,0,0,1,0,0
1774,76,15,49,12,61,0.8026315789473685,0.6447368421052632,0.15789473684210525,Sequence_Complexity,5,0.4166666666666667,1.5789333453575758,0,0,3,0,0,0,0,0,0,3,1,0,5,0,0,0,0
1775,76,21,36,19,55,0.7236842105263158,0.47368421052631576,0.25,Path_Evolution,6,0.3157894736842105,2.1707467116724786,0,4,4,0,0,1,0,1,1,6,0,0,0,1,1,0,0
1776,76,15,46,15,61,0.8026315789473685,0.6052631578947368,0.19736842105263158,Sequence_Complexity,6,0.4,1.9295461461136203,1,0,0,0,0,0,0,1,1,1,1,0,6,1,1,1,1
1777,76,27,40,9,49,0.6447368421052632,0.5263157894736842,0.11842105263157894,Localization,7,0.7777777777777778,1.4991042133342252,0,1,0,0,0,0,0,0,7,0,0,0,1,0,0,0,0
1778,76,42,23,11,34,0.4473684210526316,0.3026315789473684,0.14473684210526316,Sequence_Complexity,6,0.5454545454545454,1.6422823588337674,0,0,0,0,0,2,0,0,0,0,2,0,6,0,0,1,0
1779,76,16,41,19,60,0.7894736842105263,0.5394736842105263,0.25,Phase_Change,3,0.15789473684210525,2.1764265963362335,0,0,3,0,3,0,3,0,3,0,3,0,1,0,0,2,1
1780,76,7,54,15,69,0.9078947368421053,0.7105263157894737,0.19736842105263158,Speed,2,0.13333333333333333,1.742461598032657,2,0,0,2,0,1,0,0,0,2,2,2,1,0,1,2,0
1781,76,16,50,10,60,0.7894736842105263,0.6578947368421053,0.13157894736842105,Geometric,3,0.3,1.5512472898791156,0,0,0,2,0,3,1,0,0,0,2,0,2,0,0,0,0
1782,76,4,61,11,72,0.9473684210526315,0.8026315789473685,0.14473684210526316,Duration,2,0.18181818181818182,1.3561514925049527,1,1,1,2,1,0,1,0,0,1,1,1,0,0,0,1,0
1783,76,11,41,24,65,0.8552631578947368,0.5394736842105263,0.3157894736842105,Phase_Change,5,0.20833333333333334,2.3146030273485154,0,0,0,2,0,0,4,2,0,5,5,2,0,0,2,0,2
1784,76,12,46,18,64,0.8421052631578947,0.6052631578947368,0.23684210526315788,Sampling_Gaps,4,0.2222222222222222,1.891303829400474,0,4,0,4,0,0,0,0,4,0,0,4,0,2,0,0,0
1785,76,13,49,14,63,0.8289473684210527,0.6447368421052632,0.18421052631578946,SpatioTemporal_Dynamics,3,0.21428571428571427,1.8435028594724494,1,1,1,0,2,0,0,1,1,3,0,0,0,0,3,1,0
1786,76,34,20,22,42,0.5526315789473685,0.2631578947368421,0.2894736842105263,Duration,6,0.2727272727272727,2.209479177856931,0,0,0,6,4,0,0,4,4,0,0,4,0,0,0,0,0
1787,76,9,50,17,67,0.881578947368421,0.6578947368421053,0.2236842105263158,Duration,4,0.23529411764705882,1.8501392304693225,2,0,0,4,1,0,3,0,0,2,0,0,3,0,0,2,0
1788,76,1,62,13,75,0.9868421052631579,0.8157894736842105,0.17105263157894737,Sampling_Gaps,2,0.15384615384615385,1.3116094707595554,2,0,1,1,1,0,0,1,2,0,0,2,0,1,1,0,1
1789,76,22,32,22,54,0.7105263157894737,0.42105263157894735,0.2894736842105263,Acceleration,7,0.3181818181818182,2.2100538878753286,7,1,0,6,0,0,0,2,0,0,0,5,0,0,0,1,0
1790,76,24,34,18,52,0.6842105263157895,0.4473684210526316,0.23684210526315788,Extent,6,0.3333333333333333,1.9881657690617454,0,0,0,2,6,0,5,0,0,0,0,5,0,0,0,0,0
1791,76,7,54,15,69,0.9078947368421053,0.7105263157894737,0.19736842105263158,Path_Evolution,4,0.26666666666666666,1.6699645585020395,3,0,0,1,0,0,0,1,1,4,0,3,1,0,1,0,0
1792,76,3,62,11,73,0.9605263157894737,0.8157894736842105,0.14473684210526316,Sampling_Gaps,3,0.2727272727272727,1.1402996022246363,0,0,0,1,1,0,0,0,0,3,3,3,0,0,0,0,0
1793,76,21,43,12,55,0.7236842105263158,0.5657894736842105,0.15789473684210525,Path_Evolution,5,0.4166666666666667,1.7488146409811585,1,1,0,0,0,0,0,1,0,5,3,0,0,0,0,1,0
1794,76,11,44,21,65,0.8552631578947368,0.5789473684210527,0.27631578947368424,Sequence_Complexity,5,0.23809523809523808,2.2395950528955377,2,0,3,0,0,0,1,2,0,2,1,0,5,0,2,1,2
1795,76,18,28,30,58,0.7631578947368421,0.3684210526315789,0.39473684210526316,Acceleration,6,0.2,2.663800621380755,6,0,0,4,0,1,0,1,5,0,0,4,5,0,0,4,0
1796,76,16,46,14,60,0.7894736842105263,0.6052631578947368,0.18421052631578946,Duration,4,0.2857142857142857,1.8257715926722355,2,2,0,4,2,0,2,0,0,0,0,2,0,0,0,0,0
1797,76,13,52,11,63,0.8289473684210527,0.6842105263157895,0.14473684210526316,Speed,4,0.36363636363636365,1.4941976557944479,0,0,0,0,0,0,0,3,0,2,0,0,2,0,0,4,0
1798,76,21,42,13,55,0.7236842105263158,0.5526315789473685,0.17105263157894737,Localization,3,0.23076923076923078,1.876535768188469,0,1,1,3,0,0,0,0,3,0,0,2,0,1,0,2,0
1799,76,27,41,8,49,0.6447368421052632,0.5394736842105263,0.10526315789473684,Localization,3,0.375,1.54330422723198,1,3,0,0,0,0,1,0,3,0,0,0,0,0,0,0,0
1800,76,34,12,30,42,0.5526315789473685,0.15789473684210525,0.39473684210526316,Sequence_Complexity,8,0.26666666666666666,2.326963215928251,0,0,0,8,0,0,0,0,2,0,0,8,8,0,4,0,0
1801,76,76,0,0,0,0.0,0.0,0.0,,0,0.0,0.0,0,0,0,0,0,0,0,0,0,0,0,0,0,0,0,0,0
1802,76,58,7,11,18,0.23684210526315788,0.09210526315789473,0.14473684210526316,Displacement,8,0.7272727272727273,1.1404371229966659,0,0,8,0,0,0,0,0,0,0,0,0,0,3,0,0,0
1803,76,13,42,21,63,0.8289473684210527,0.5526315789473685,0.27631578947368424,Sequence_Complexity,4,0.19047619047619047,2.161308459594347,0,0,0,4,0,1,4,0,2,0,0,4,4,0,0,2,0
1804,76,20,44,12,56,0.7368421052631579,0.5789473684210527,0.15789473684210525,Localization,3,0.25,1.7457784592052268,2,0,0,0,3,0,2,0,3,2,0,0,0,0,0,0,0
1805,76,29,33,14,47,0.618421052631579,0.4342105263157895,0.18421052631578946,Extent,5,0.35714285714285715,1.899692378229213,0,0,0,0,5,0,0,0,0,3,1,0,3,0,2,0,0
1806,76,39,34,3,37,0.4868421052631579,0.4473684210526316,0.039473684210526314,Localization,2,0.6666666666666666,1.2333956300470166,0,0,0,0,0,0,0,0,2,0,0,0,0,0,1,0,0
1807,76,22,31,23,54,0.7105263157894737,0.40789473684210525,0.3026315789473684,Speed,7,0.30434782608695654,2.160532321401173,0,0,0,0,7,0,1,1,0,0,0,0,7,0,0,7,0
1808,76,31,26,19,45,0.5921052631578947,0.34210526315789475,0.25,Sampling_Gaps,8,0.42105263157894735,2.08929355554685,0,0,0,0,0,0,3,0,3,0,0,8,3,0,0,0,2
1809,76,34,20,22,42,0.5526315789473685,0.2631578947368421,0.2894736842105263,Sequence_Complexity,7,0.3181818181818182,2.1778163889547377,0,0,0,0,4,0,3,0,0,6,0,0,7,0,2,0,0
1810,76,21,33,22,55,0.7236842105263158,0.4342105263157895,0.2894736842105263,Sequence_Complexity,6,0.2727272727272727,2.250255312181129,4,2,0,0,4,0,0,0,1,0,5,0,6,0,0,0,0
1811,76,24,31,21,52,0.6842105263157895,0.40789473684210525,0.27631578947368424,Sampling_Gaps,7,0.3333333333333333,2.1831623220211203,1,0,0,0,7,0,0,0,2,2,0,7,0,2,0,0,0
1812,76,34,24,18,42,0.5526315789473685,0.3157894736842105,0.23684210526315788,Sampling_Gaps,8,0.4444444444444444,1.8924954526564897,1,0,0,8,1,0,0,0,0,0,0,8,0,0,0,0,0
1813,76,10,50,16,66,0.868421052631579,0.6578947368421053,0.21052631578947367,Speed,3,0.1875,1.8837597115475289,3,0,3,0,0,0,0,1,1,1,2,0,0,1,1,3,0
1814,76,39,19,18,37,0.4868421052631579,0.25,0.23684210526315788,Extent,8,0.4444444444444444,1.8367738128169735,0,0,7,0,8,0,0,0,0,0,0,0,0,3,0,0,0
1815,76,16,48,12,60,0.7894736842105263,0.631578947368421,0.15789473684210525,Displacement,6,0.5,1.6744015260890794,0,0,6,0,0,0,1,0,1,1,1,0,0,1,0,0,1
1816,76,16,40,20,60,0.7894736842105263,0.5263157894736842,0.2631578947368421,Path_Evolution,5,0.25,2.167711661544005,0,2,0,0,5,2,2,0,2,5,0,0,0,0,2,0,0
1817,76,7,49,20,69,0.9078947368421053,0.6447368421052632,0.2631578947368421,Duration,4,0.2,1.9611930815396077,0,2,3,4,3,0,3,0,0,0,0,3,0,2,0,0,0
1818,76,42,21,13,34,0.4473684210526316,0.27631578947368424,0.17105263157894737,Localization,9,0.6923076923076923,1.5736469522851286,0,0,0,0,4,0,0,0,9,0,0,0,0,0,0,0,0
1819,76,29,35,12,47,0.618421052631579,0.4605263157894737,0.15789473684210525,Phase_Change,7,0.5833333333333334,1.7208506857307346,0,0,0,0,0,0,0,0,1,0,7,0,0,0,0,2,2
1820,76,9,50,17,67,0.881578947368421,0.6578947368421053,0.2236842105263158,Phase_Change,4,0.23529411764705882,1.9390193291819995,1,1,1,0,1,2,2,0,1,0,4,0,0,0,0,1,3
1821,76,13,41,22,63,0.8289473684210527,0.5394736842105263,0.2894736842105263,Extent,5,0.22727272727272727,2.2513549216513127,0,3,5,0,5,2,0,0,0,0,0,2,2,2,0,1,0
1822,76,27,23,26,49,0.6447368421052632,0.3026315789473684,0.34210526315789475,Curvature,6,0.23076923076923078,2.422104040083555,0,6,0,0,5,1,4,0,5,0,0,0,5,0,0,0,0
1823,76,10,43,23,66,0.868421052631579,0.5657894736842105,0.3026315789473684,Sequence_Complexity,5,0.21739130434782608,2.2474984495432198,0,3,0,0,0,1,0,1,3,3,5,0,5,0,1,0,1
1824,76,13,42,21,63,0.8289473684210527,0.5526315789473685,0.27631578947368424,Phase_Change,5,0.23809523809523808,2.1616483483964903,1,1,0,0,5,0,0,0,4,1,5,0,1,0,0,0,3
1825,76,6,53,17,70,0.9210526315789473,0.6973684210526315,0.2236842105263158,Extent,4,0.23529411764705882,1.8388543674412627,0,2,0,0,4,1,0,0,1,2,2,0,0,1,1,2,1
1826,76,9,46,21,67,0.881578947368421,0.6052631578947368,0.27631578947368424,Indentation,4,0.19047619047619047,2.1936781713918707,0,0,3,0,3,0,4,0,2,2,1,0,2,1,1,2,0
1827,76,38,29,9,38,0.5,0.3815789473684211,0.11842105263157894,Speed,4,0.4444444444444444,1.576117225657805,0,0,0,0,0,0,3,0,2,0,0,0,0,0,0,4,0
1828,76,16,31,29,60,0.7894736842105263,0.40789473684210525,0.3815789473684211,Sequence_Complexity,6,0.20689655172413793,2.4672868347087493,0,1,6,6,0,0,5,0,0,5,0,0,6,0,0,0,0
1829,76,15,40,21,61,0.8026315789473685,0.5263157894736842,0.27631578947368424,Extent,5,0.23809523809523808,2.29266569491219,1,0,3,0,5,0,0,1,4,3,0,0,0,1,1,1,1
1830,76,39,17,20,37,0.4868421052631579,0.2236842105263158,0.2631578947368421,Extent,9,0.45,2.0142890881238342,0,2,5,0,9,2,0,0,0,0,0,0,0,2,0,0,0
1831,76,51,12,13,25,0.32894736842105265,0.15789473684210525,0.17105263157894737,Extent,10,0.7692307692307693,1.375724738440464,0,0,0,0,10,0,0,0,0,0,3,0,0,0,0,0,0
1832,76,13,39,24,63,0.8289473684210527,0.5131578947368421,0.3157894736842105,Sequence_Complexity,5,0.20833333333333334,2.239046398059255,0,2,2,0,5,0,0,0,5,0,5,0,5,0,0,0,0
1833,76,25,45,6,51,0.6710526315789473,0.5921052631578947,0.07894736842105263,Sequence_Complexity,2,0.3333333333333333,1.4159565387172237,0,0,1,0,2,0,0,0,1,0,0,0,2,0,0,0,0
1834,76,51,18,7,25,0.32894736842105265,0.23684210526315788,0.09210526315789473,Indentation,4,0.5714285714285714,1.285990277013699,0,0,3,0,0,0,4,0,0,0,0,0,0,0,0,0,0
1835,76,24,36,16,52,0.6842105263157895,0.47368421052631576,0.21052631578947367,Phase_Change,5,0.3125,2.0667954010269036,0,0,0,0,2,2,2,0,1,2,5,0,0,0,0,0,2
1836,76,9,53,14,67,0.881578947368421,0.6973684210526315,0.18421052631578946,Localization,3,0.21428571428571427,1.7628749265094559,1,1,0,0,1,0,1,2,3,1,1,0,1,0,2,0,0
1837,76,31,25,20,45,0.5921052631578947,0.32894736842105265,0.2631578947368421,Localization,8,0.4,2.041657903359885,0,1,0,0,8,0,0,2,8,0,0,0,0,1,0,0,0
1838,76,27,28,21,49,0.6447368421052632,0.3684210526315789,0.27631578947368424,Localization,6,0.2857142857142857,2.2003342126657275,0,0,1,0,6,1,5,0,6,0,0,0,2,0,0,0,0
1839,76,27,38,11,49,0.6447368421052632,0.5,0.14473684210526316,Sequence_Complexity,5,0.45454545454545453,1.6503900326053393,0,0,0,0,2,0,0,0,4,0,0,0,5,0,0,0,0
1840,76,42,25,9,34,0.4473684210526316,0.32894736842105265,0.11842105263157894,Displacement,4,0.4444444444444444,1.5824836121136372,0,0,4,0,0,0,2,0,2,0,0,0,0,1,0,0,0
1841,76,39,22,15,37,0.4868421052631579,0.2894736842105263,0.19736842105263158,Speed,7,0.4666666666666667,1.77089863743501,0,0,5,0,0,0,0,0,0,0,0,0,0,3,0,7,0
1842,76,31,17,28,45,0.5921052631578947,0.2236842105263158,0.3684210526315789,Localization,8,0.2857142857142857,2.3128360144534685,0,8,0,0,8,2,0,0,8,0,0,0,0,0,0,0,2
1843,76,9,51,16,67,0.881578947368421,0.6710526315789473,0.21052631578947367,Indentation,4,0.25,1.7239404416866497,0,4,0,0,4,2,4,0,1,0,0,0,0,0,0,1,0
1844,76,13,46,17,63,0.8289473684210527,0.6052631578947368,0.2236842105263158,Path_Evolution,4,0.23529411764705882,1.9723425948038449,0,0,1,0,4,0,2,0,0,4,1,0,1,0,3,1,0
1845,76,21,35,20,55,0.7236842105263158,0.4605263157894737,0.2631578947368421,Indentation,5,0.25,2.1888139946984753,0,0,2,0,5,0,5,0,0,0,0,3,0,3,0,2,0
1846,76,15,46,15,61,0.8026315789473685,0.6052631578947368,0.19736842105263158,Sequence_Complexity,3,0.2,1.9295461461136207,2,0,2,0,2,0,0,1,3,0,0,0,3,0,1,1,0
1847,76,15,46,15,61,0.8026315789473685,0.6052631578947368,0.19736842105263158,Extent,5,0.3333333333333333,1.8492847583490173,2,2,0,0,5,0,0,0,2,2,2,0,0,0,0,0,0
1848,76,24,35,17,52,0.6842105263157895,0.4605263157894737,0.2236842105263158,Extent,6,0.35294117647058826,2.003407044772066,0,6,1,0,6,1,2,0,0,0,0,0,0,1,0,0,0
1849,76,21,40,15,55,0.7236842105263158,0.5263157894736842,0.19736842105263158,Extent,6,0.4,1.913974195281232,0,0,0,0,6,0,1,0,0,3,1,0,0,0,2,2,0
1850,76,25,39,12,51,0.6710526315789473,0.5131578947368421,0.15789473684210525,Extent,6,0.5,1.6987582202288125,0,0,1,0,6,0,4,0,1,0,0,0,0,0,0,0,0
1851,76,24,24,28,52,0.6842105263157895,0.3157894736842105,0.3684210526315789,Indentation,7,0.25,2.5766920265467035,0,3,0,0,6,3,7,0,0,0,0,0,3,3,0,3,0
1852,76,13,48,15,63,0.8289473684210527,0.631578947368421,0.19736842105263158,Sampling_Gaps,5,0.3333333333333333,1.7834099891118296,0,0,3,0,3,0,1,0,0,0,2,5,0,0,0,0,1
1853,76,18,36,22,58,0.7631578947368421,0.47368421052631576,0.2894736842105263,Extent,6,0.2727272727272727,2.2491774340871986,2,1,0,0,6,0,5,0,5,0,0,2,0,0,0,0,1
1854,76,13,52,11,63,0.8289473684210527,0.6842105263157895,0.14473684210526316,Curvature,5,0.45454545454545453,1.456635116685588,0,5,1,0,4,0,0,0,1,0,0,0,0,0,0,0,0
1855,76,4,60,12,72,0.9473684210526315,0.7894736842105263,0.15789473684210525,Duration,2,0.16666666666666666,1.4266980958579125,2,1,0,2,1,0,1,0,1,1,0,1,1,0,0,1,0
1856,76,0,76,0,76,1.0,1.0,0.0,,0,0.0,0.0,0,0,0,0,0,0,0,0,0,0,0,0,0,0,0,0,0
1857,76,1,72,3,75,0.9868421052631579,0.9473684210526315,0.039473684210526314,Path_Evolution,2,0.6666666666666666,0.37641961734034224,1,0,0,0,0,0,0,0,0,2,0,0,0,0,0,0,0
1858,76,3,48,25,73,0.9605263157894737,0.631578947368421,0.32894736842105265,Speed,3,0.12,2.1674367232867007,3,3,3,0,3,0,0,0,3,3,2,0,2,0,0,3,0
1859,76,1,71,4,75,0.9868421052631579,0.9342105263157895,0.05263157894736842,Path_Evolution,2,0.5,0.47645323074842205,1,0,0,0,0,0,0,0,0,2,0,0,0,0,0,1,0
1860,76,27,35,14,49,0.6447368421052632,0.4605263157894737,0.18421052631578946,Speed,3,0.21428571428571427,1.9462641165996204,0,0,3,0,3,0,1,1,0,0,0,0,3,0,0,3,0
1861,76,31,26,19,45,0.5921052631578947,0.34210526315789475,0.25,Sampling_Gaps,7,0.3684210526315789,2.039383109435277,7,0,1,1,0,0,0,0,0,0,0,7,3,0,0,0,0
1862,76,24,26,26,52,0.6842105263157895,0.34210526315789475,0.34210526315789475,Speed,6,0.23076923076923078,2.479644642701562,0,0,1,0,0,0,0,0,3,6,5,0,0,0,3,6,2
1863,76,34,16,26,42,0.5526315789473685,0.21052631578947367,0.34210526315789475,Sampling_Gaps,8,0.3076923076923077,2.192756229872728,0,5,0,0,8,0,0,0,0,0,0,8,0,0,0,5,0
1864,76,48,14,14,28,0.3684210526315789,0.18421052631578946,0.18421052631578946,Indentation,8,0.5714285714285714,1.5783098299205738,0,0,0,0,0,3,8,0,0,0,0,0,0,0,3,0,0
1865,76,11,43,22,65,0.8552631578947368,0.5657894736842105,0.2894736842105263,Sampling_Gaps,5,0.22727272727272727,2.1925057544894946,1,0,5,5,0,0,0,0,0,0,1,5,2,1,0,1,1
1866,76,24,22,30,52,0.6842105263157895,0.2894736842105263,0.39473684210526316,Sampling_Gaps,7,0.23333333333333334,2.5937929470932546,0,0,0,0,0,2,7,0,4,0,1,7,6,0,0,0,3
1867,76,6,55,15,70,0.9210526315789473,0.7236842105263158,0.19736842105263158,Speed,4,0.26666666666666666,1.5605663719916554,1,2,0,4,0,1,0,0,3,0,0,0,0,0,0,4,0
1868,76,7,39,30,69,0.9078947368421053,0.5131578947368421,0.39473684210526316,Sampling_Gaps,4,0.13333333333333333,2.6355977964410275,4,3,1,0,4,2,1,2,4,4,0,4,0,0,1,0,0
1869,76,13,50,13,63,0.8289473684210527,0.6578947368421053,0.17105263157894737,Sequence_Complexity,5,0.38461538461538464,1.6965042726671742,2,1,1,0,2,0,1,0,0,0,0,0,5,1,0,0,0
1870,76,34,21,21,42,0.5526315789473685,0.27631578947368424,0.27631578947368424,Indentation,8,0.38095238095238093,2.0593509613432004,5,0,0,0,0,2,8,0,6,0,0,0,0,0,0,0,0
1871,76,15,38,23,61,0.8026315789473685,0.5,0.3026315789473684,Extent,5,0.21739130434782608,2.2694630282775146,5,0,0,5,5,0,0,1,0,3,0,0,3,0,1,0,0
1872,76,16,46,14,60,0.7894736842105263,0.6052631578947368,0.18421052631578946,Curvature,6,0.42857142857142855,1.805906132088986,0,6,2,0,1,0,0,2,1,0,0,0,1,0,1,0,0
1873,76,21,24,31,55,0.7236842105263158,0.3157894736842105,0.40789473684210525,Phase_Change,7,0.22580645161290322,2.686083430769482,5,0,2,0,0,1,7,1,0,0,7,0,0,1,1,6,0
1874,76,31,17,28,45,0.5921052631578947,0.2236842105263158,0.3684210526315789,Sampling_Gaps,8,0.2857142857142857,2.3338048044986435,0,8,0,7,0,0,0,0,0,0,0,8,0,0,0,2,3
1875,76,7,39,30,69,0.9078947368421053,0.5131578947368421,0.39473684210526316,Speed,4,0.13333333333333333,2.5829662174936594,4,4,3,4,0,1,4,1,0,0,0,4,0,1,0,4,0
1876,76,34,15,27,42,0.5526315789473685,0.19736842105263158,0.35526315789473684,Curvature,8,0.2962962962962963,2.2054461977719733,8,8,0,0,0,0,0,4,0,0,0,0,0,0,0,7,0
1877,76,7,54,15,69,0.9078947368421053,0.7105263157894737,0.19736842105263158,Acceleration,4,0.26666666666666666,1.627265709846296,4,3,0,0,0,2,0,2,2,0,0,0,0,2,0,0,0
1878,76,11,40,25,65,0.8552631578947368,0.5263157894736842,0.32894736842105265,Speed,5,0.2,2.4089828683933856,5,5,0,0,1,1,2,2,0,2,0,0,1,0,1,5,0
1879,76,34,14,28,42,0.5526315789473685,0.18421052631578946,0.3684210526315789,Sequence_Complexity,8,0.2857142857142857,2.2751881717893587,8,7,0,0,0,0,1,4,0,0,0,0,8,0,0,0,0
1880,76,6,45,25,70,0.9210526315789473,0.5921052631578947,0.32894736842105265,Speed,3,0.12,2.3015146600974465,3,3,0,3,3,0,0,2,0,0,0,3,3,0,2,3,0
1881,76,22,31,23,54,0.7105263157894737,0.40789473684210525,0.3026315789473684,Indentation,5,0.21739130434782608,2.4314523922776123,2,4,4,0,0,0,5,2,0,3,0,0,0,2,1,0,0
1882,76,16,36,24,60,0.7894736842105263,0.47368421052631576,0.3157894736842105,Acceleration,6,0.25,2.405932736695553,6,2,3,0,0,0,2,2,0,0,0,0,2,2,0,5,0
1883,76,18,28,30,58,0.7631578947368421,0.3684210526315789,0.39473684210526316,Speed,6,0.2,2.6202474100109234,6,0,0,6,0,0,0,3,0,0,0,4,2,0,0,6,3
1884,76,12,35,29,64,0.8421052631578947,0.4605263157894737,0.3815789473684211,Sequence_Complexity,4,0.13793103448275862,2.6255677357608067,4,4,0,0,4,0,1,4,4,0,1,0,4,0,0,3,0
1885,76,29,16,31,47,0.618421052631579,0.21052631578947367,0.40789473684210525,Displacement,8,0.25806451612903225,2.5258031863554327,8,8,8,0,0,0,0,2,0,0,0,0,0,2,1,2,0
1886,76,24,21,31,52,0.6842105263157895,0.27631578947368424,0.40789473684210525,Sampling_Gaps,7,0.22580645161290322,2.602890220287456,0,0,0,5,6,3,5,0,0,0,0,7,5,0,0,0,0
1887,76,42,13,21,34,0.4473684210526316,0.17105263157894737,0.27631578947368424,Indentation,7,0.3333333333333333,1.9500208752394796,0,7,0,0,0,4,7,0,3,0,0,0,0,0,0,0,0
1888,76,24,39,13,52,0.6842105263157895,0.5131578947368421,0.17105263157894737,Acceleration,6,0.46153846153846156,1.7685268679248245,6,0,0,0,0,0,0,3,2,0,2,0,0,0,0,0,0
1889,76,24,32,20,52,0.6842105263157895,0.42105263157894735,0.2631578947368421,Localization,7,0.35,2.12555613257322,0,5,4,0,0,2,0,0,7,0,0,0,0,2,0,0,0
1890,76,29,23,24,47,0.618421052631579,0.3026315789473684,0.3157894736842105,Indentation,8,0.3333333333333333,2.2620936470223896,0,0,0,0,8,1,8,0,0,4,2,0,0,0,1,0,0
1891,76,22,37,17,54,0.7105263157894737,0.4868421052631579,0.2236842105263158,Acceleration,7,0.4117647058823529,1.9832117888760628,7,1,5,0,0,0,1,2,1,0,0,0,0,0,0,0,0
1892,76,34,31,11,42,0.5526315789473685,0.40789473684210525,0.14473684210526316,Speed,6,0.5454545454545454,1.6418275499063275,0,0,0,0,0,4,1,0,0,0,0,0,0,0,0,6,0
1893,76,39,14,23,37,0.4868421052631579,0.18421052631578946,0.3026315789473684,Extent,9,0.391304347826087,1.994674974330964,9,0,0,0,9,2,0,3,0,0,0,0,0,0,0,0,0
1894,76,6,55,15,70,0.9210526315789473,0.7236842105263158,0.19736842105263158,Sequence_Complexity,3,0.2,1.7085283785421357,0,0,1,0,0,1,3,0,2,1,1,0,3,1,0,1,1
1895,76,13,40,23,63,0.8289473684210527,0.5263157894736842,0.3026315789473684,Sampling_Gaps,5,0.21739130434782608,2.235335295254562,4,0,3,5,4,0,0,1,0,0,1,5,0,0,0,0,0
1896,76,28,33,15,48,0.631578947368421,0.4342105263157895,0.19736842105263158,Path_Evolution,4,0.26666666666666666,1.90811394425141,0,4,0,0,4,0,0,0,0,4,3,0,0,0,0,0,0
1897,76,24,33,19,52,0.6842105263157895,0.4342105263157895,0.25,Extent,7,0.3684210526315789,2.137134711903713,0,3,3,0,7,0,0,0,0,0,1,0,3,2,0,0,0
1898,76,7,62,7,69,0.9078947368421053,0.8157894736842105,0.09210526315789473,Displacement,4,0.5714285714285714,1.0004057279384606,0,0,4,0,0,1,0,2,0,0,0,0,0,0,0,0,0
1899,76,39,20,17,37,0.4868421052631579,0.2631578947368421,0.2236842105263158,Extent,9,0.5294117647058824,1.8715018759346027,0,3,0,0,9,3,0,0,0,0,0,0,2,0,0,0,0
1900,76,18,35,23,58,0.7631578947368421,0.4605263157894737,0.3026315789473684,Sampling_Gaps,5,0.21739130434782608,2.3622352559141646,0,1,3,4,5,1,0,0,1,0,0,5,0,3,0,0,0
1901,76,18,31,27,58,0.7631578947368421,0.40789473684210525,0.35526315789473684,Sampling_Gaps,6,0.2222222222222222,2.489265860067156,0,0,4,6,0,0,0,0,0,0,1,6,4,2,0,4,0
1902,76,10,42,24,66,0.868421052631579,0.5526315789473685,0.3157894736842105,Sequence_Complexity,5,0.20833333333333334,2.162065222273954,4,5,0,0,0,0,0,0,5,4,0,0,5,0,0,1,0
1903,76,27,24,25,49,0.6447368421052632,0.3157894736842105,0.32894736842105265,Indentation,7,0.28,2.2725274681660257,0,7,0,0,7,3,7,0,0,0,1,0,0,0,0,0,0
1904,76,22,22,32,54,0.7105263157894737,0.2894736842105263,0.42105263157894735,Sampling_Gaps,7,0.21875,2.6801553004226832,0,0,0,6,0,2,6,0,0,3,6,7,0,0,0,0,2
1905,76,29,30,17,47,0.618421052631579,0.39473684210526316,0.2236842105263158,Curvature,8,0.47058823529411764,2.062556898615228,2,8,0,0,0,2,0,1,0,0,2,0,1,0,0,0,1
1906,76,7,37,32,69,0.9078947368421053,0.4868421052631579,0.42105263157894735,Sequence_Complexity,4,0.125,2.775413908351463,0,0,4,3,4,2,0,0,0,3,4,2,4,0,2,2,2
1907,76,7,39,30,69,0.9078947368421053,0.5131578947368421,0.39473684210526316,Sampling_Gaps,4,0.13333333333333333,2.6256650661494025,4,3,2,4,4,0,0,2,0,3,0,4,2,0,2,0,0
1908,76,16,36,24,60,0.7894736842105263,0.47368421052631576,0.3157894736842105,Curvature,6,0.25,2.3282993876180518,6,6,4,0,0,2,3,2,0,0,0,0,0,0,0,1,0
1909,76,10,47,19,66,0.868421052631579,0.618421052631579,0.25,Indentation,5,0.2631578947368421,2.007675863065168,1,5,0,0,0,1,5,0,0,3,1,0,1,0,1,1,0
1910,76,13,52,11,63,0.8289473684210527,0.6842105263157895,0.14473684210526316,Indentation,4,0.36363636363636365,1.4842649255028233,0,0,0,3,0,0,4,0,0,0,0,3,1,0,0,0,0
1911,76,11,42,23,65,0.8552631578947368,0.5526315789473685,0.3026315789473684,Sampling_Gaps,4,0.17391304347826086,2.2573226836556692,2,4,0,4,0,0,0,1,0,4,3,4,0,0,1,0,0
1912,76,24,35,17,52,0.6842105263157895,0.4605263157894737,0.2236842105263158,Extent,6,0.35294117647058826,2.019790103954126,0,0,3,0,6,0,3,2,0,0,0,3,0,0,0,0,0
1913,76,15,47,14,61,0.8026315789473685,0.618421052631579,0.18421052631578946,Curvature,6,0.42857142857142855,1.684921586578579,0,6,0,0,0,0,0,0,0,1,5,0,0,0,1,0,1
1914,76,7,41,28,69,0.9078947368421053,0.5394736842105263,0.3684210526315789,Sampling_Gaps,4,0.14285714285714285,2.5201496628679982,0,4,1,4,4,2,4,0,0,1,2,4,0,0,1,0,1
1915,76,28,27,21,48,0.631578947368421,0.35526315789473684,0.27631578947368424,Phase_Change,8,0.38095238095238093,2.0934171466252955,0,0,0,8,0,1,0,0,0,3,8,0,0,0,0,0,1
1916,76,24,35,17,52,0.6842105263157895,0.4605263157894737,0.2236842105263158,Extent,7,0.4117647058823529,2.0377909665100558,0,0,1,0,7,0,0,0,2,0,0,0,2,0,0,3,2
1917,76,24,18,34,52,0.6842105263157895,0.23684210526315788,0.4473684210526316,Extent,7,0.20588235294117646,2.6749903816390614,0,0,0,6,7,3,6,0,6,0,0,6,0,0,0,0,0
1918,76,16,49,11,60,0.7894736842105263,0.6447368421052632,0.14473684210526316,Temporal,2,0.18181818181818182,1.68054879815878,0,0,0,1,1,0,0,2,0,0,0,1,0,0,2,2,2
1919,76,42,24,10,34,0.4473684210526316,0.3157894736842105,0.13157894736842105,Indentation,4,0.4,1.6259364703359651,0,2,0,0,0,0,4,0,0,0,0,0,1,0,0,0,3
1920,76,16,41,19,60,0.7894736842105263,0.5394736842105263,0.25,Sequence_Complexity,4,0.21052631578947367,2.137210149081679,0,0,1,4,1,0,0,0,1,0,1,4,4,0,0,0,3
1921,76,10,45,21,66,0.868421052631579,0.5921052631578947,0.27631578947368424,Extent,5,0.23809523809523808,2.1694760560995614,1,1,1,2,5,0,0,0,4,0,0,4,0,1,1,0,1
1922,76,25,33,18,51,0.6710526315789473,0.4342105263157895,0.23684210526315788,Extent,6,0.3333333333333333,2.115411912291954,2,0,2,0,6,0,0,0,2,4,2,0,0,0,0,0,0
1923,76,31,33,12,45,0.5921052631578947,0.4342105263157895,0.15789473684210525,Sequence_Complexity,5,0.4166666666666667,1.7589208418700877,0,3,0,0,0,0,0,0,1,0,0,0,5,0,0,3,0
1924,76,9,52,15,67,0.881578947368421,0.6842105263157895,0.19736842105263158,Sampling_Gaps,2,0.13333333333333333,1.8143460613867746,0,1,0,2,2,1,2,0,2,1,2,2,0,0,0,0,0
1925,76,22,29,25,54,0.7105263157894737,0.3815789473684211,0.32894736842105265,Localization,6,0.24,2.464792388684363,0,0,0,0,6,0,0,1,6,0,0,3,3,0,1,4,1
1926,76,13,39,24,63,0.8289473684210527,0.5131578947368421,0.3157894736842105,Phase_Change,5,0.20833333333333334,2.397915265442768,4,0,0,2,4,0,0,3,1,0,5,2,1,2,0,0,0
1927,76,4,51,21,72,0.9473684210526315,0.6710526315789473,0.27631578947368424,Speed,3,0.14285714285714285,2.0069637970067413,0,2,0,3,2,1,3,0,1,0,0,3,2,1,0,3,0
1928,76,29,32,15,47,0.618421052631579,0.42105263157894735,0.19736842105263158,Speed,4,0.26666666666666666,1.989554666590124,0,0,0,0,0,0,0,0,3,0,1,4,0,0,2,4,1
1929,76,51,22,3,25,0.32894736842105265,0.2894736842105263,0.039473684210526314,Extent,2,0.6666666666666666,1.1242276706729695,0,0,0,0,2,0,0,0,0,0,0,0,0,0,0,1,0
1930,76,31,45,0,45,0.5921052631578947,0.5921052631578947,0.0,,0,0.0,0.9753817903274211,0,0,0,0,0,0,0,0,0,0,0,0,0,0,0,0,0
1931,76,24,44,8,52,0.6842105263157895,0.5789473684210527,0.10526315789473684,Displacement,5,0.625,1.4865626224990374,0,0,5,0,0,0,1,0,0,0,0,0,0,1,0,0,1
1932,76,21,34,21,55,0.7236842105263158,0.4473684210526316,0.27631578947368424,Indentation,7,0.3333333333333333,2.0915665010235513,0,0,0,0,0,1,7,0,6,0,0,0,6,0,1,0,0
1933,76,11,46,19,65,0.8552631578947368,0.6052631578947368,0.25,Indentation,4,0.21052631578947367,2.0321082990998582,0,3,0,3,0,2,4,0,0,0,2,3,0,0,0,2,0
1934,76,18,43,15,58,0.7631578947368421,0.5657894736842105,0.19736842105263158,Phase_Change,6,0.4,1.9071668623583382,0,1,2,0,2,0,0,0,1,2,6,0,0,0,0,0,1
1935,76,18,44,14,58,0.7631578947368421,0.5789473684210527,0.18421052631578946,Localization,6,0.42857142857142855,1.8066340430160444,0,1,3,0,0,0,0,0,6,1,2,0,0,0,0,1,0
1936,76,11,48,17,65,0.8552631578947368,0.631578947368421,0.2236842105263158,Indentation,4,0.23529411764705882,1.9204691536832008,0,2,0,2,0,0,4,0,2,0,3,2,0,0,0,0,2
1937,76,11,50,15,65,0.8552631578947368,0.6578947368421053,0.19736842105263158,Extent,5,0.3333333333333333,1.7498196480727521,0,1,1,0,5,0,0,1,0,1,0,0,0,2,0,4,0
1938,76,16,39,21,60,0.7894736842105263,0.5131578947368421,0.27631578947368424,Localization,5,0.23809523809523808,2.156353724510189,5,5,0,2,0,0,0,0,5,0,0,2,2,0,0,0,0
1939,76,10,49,17,66,0.868421052631579,0.6447368421052632,0.2236842105263158,Phase_Change,4,0.23529411764705882,1.9013477330420216,0,0,1,2,0,0,0,0,0,4,4,2,0,0,1,2,1
1940,76,10,38,28,66,0.868421052631579,0.5,0.3684210526315789,Displacement,5,0.17857142857142858,2.44522942875503,4,0,5,0,4,0,3,0,4,4,0,0,4,0,0,0,0
1941,76,15,41,20,61,0.8026315789473685,0.5394736842105263,0.2631578947368421,Speed,5,0.25,2.229737952887889,2,0,2,0,2,0,3,1,3,0,0,0,0,1,1,5,0
1942,76,10,48,18,66,0.868421052631579,0.631578947368421,0.23684210526315788,Indentation,5,0.2777777777777778,1.8675706521550863,0,0,4,0,2,1,5,0,0,0,0,0,2,0,0,4,0
1943,76,6,54,16,70,0.9210526315789473,0.7105263157894737,0.21052631578947367,Displacement,4,0.25,1.7343934657683522,0,1,4,0,1,0,2,0,1,0,1,0,2,1,0,3,0
1944,76,6,40,30,70,0.9210526315789473,0.5263157894736842,0.39473684210526316,Speed,4,0.13333333333333333,2.4861291739153173,0,4,4,4,3,0,4,0,3,0,0,0,4,0,0,4,0
1945,76,6,44,26,70,0.9210526315789473,0.5789473684210527,0.34210526315789475,Temporal,3,0.11538461538461539,2.3925462142394767,0,2,0,3,3,2,3,0,3,0,3,3,1,0,0,0,3
1946,76,16,39,21,60,0.7894736842105263,0.5131578947368421,0.27631578947368424,Sequence_Complexity,6,0.2857142857142857,2.2577945922015936,0,0,2,2,2,0,0,0,0,1,0,5,6,1,1,0,1
1947,76,11,65,0,65,0.8552631578947368,0.8552631578947368,0.0,,0,0.0,0.596510991708588,0,0,0,0,0,0,0,0,0,0,0,0,0,0,0,0,0
1948,76,31,31,14,45,0.5921052631578947,0.40789473684210525,0.18421052631578946,Speed,5,0.35714285714285715,1.8382651490353834,0,1,0,0,5,0,0,3,0,0,0,0,0,0,0,5,0
1949,76,13,40,23,63,0.8289473684210527,0.5263157894736842,0.3026315789473684,Sampling_Gaps,4,0.17391304347826086,2.3303258340555306,2,2,0,4,4,0,0,0,2,0,0,4,0,3,0,2,0
1950,76,7,67,2,69,0.9078947368421053,0.881578947368421,0.02631578947368421,Speed,1,0.5,0.6416188264031384,0,0,0,0,0,0,0,0,0,0,0,0,1,0,0,1,0
1951,76,16,43,17,60,0.7894736842105263,0.5657894736842105,0.2236842105263158,Localization,5,0.29411764705882354,1.9788643564573494,3,0,0,2,0,0,0,3,5,0,0,2,0,0,0,2,0
1952,76,3,66,7,73,0.9605263157894737,0.868421052631579,0.09210526315789473,Speed,1,0.14285714285714285,0.9362841005511988,1,0,0,0,0,0,0,0,1,0,1,0,1,1,1,1,0
1953,76,51,20,5,25,0.32894736842105265,0.2631578947368421,0.06578947368421052,Temporal,2,0.4,1.2514504826765653,0,0,2,0,0,0,0,0,0,1,0,0,0,0,0,0,2
1954,76,28,30,18,48,0.631578947368421,0.39473684210526316,0.23684210526315788,Extent,5,0.2777777777777778,2.1994148994068006,3,0,3,0,5,0,0,1,0,0,3,0,0,1,1,0,1
1955,76,3,56,17,73,0.9605263157894737,0.7368421052631579,0.2236842105263158,Duration,3,0.17647058823529413,1.6594847418705228,0,0,2,3,0,0,2,0,2,2,2,2,0,0,0,2,0
1956,76,39,28,9,37,0.4868421052631579,0.3684210526315789,0.11842105263157894,Sequence_Complexity,6,0.6666666666666666,1.5341591008440125,0,0,0,0,0,0,2,1,0,0,0,0,6,0,0,0,0
1957,76,24,31,21,52,0.6842105263157895,0.40789473684210525,0.27631578947368424,Sequence_Complexity,6,0.2857142857142857,2.2347266762783877,0,3,0,0,1,0,0,0,5,3,0,0,6,0,0,0,3
1958,76,10,56,10,66,0.868421052631579,0.7368421052631579,0.13157894736842105,Sequence_Complexity,3,0.3,1.4065994662274486,1,0,0,0,0,0,3,0,1,0,1,0,3,0,0,0,1
1959,76,13,49,14,63,0.8289473684210527,0.6447368421052632,0.18421052631578946,Sampling_Gaps,3,0.21428571428571427,1.7546227607597722,0,3,0,3,0,0,2,0,2,0,0,3,0,0,0,1,0
1960,76,55,9,12,21,0.27631578947368424,0.11842105263157894,0.15789473684210525,Sequence_Complexity,9,0.75,1.250712753285936,0,0,0,0,0,0,0,0,0,0,0,0,9,0,0,3,0
1961,76,42,28,6,34,0.4473684210526316,0.3684210526315789,0.07894736842105263,Localization,4,0.6666666666666666,1.3915687032551531,0,0,1,0,0,0,0,0,4,0,0,0,0,0,1,0,0
1962,76,9,52,15,67,0.881578947368421,0.6842105263157895,0.19736842105263158,Spatial_Context,3,0.2,1.7319162915645325,0,2,2,0,1,3,0,0,0,1,0,0,3,3,0,0,0
1963,76,48,16,12,28,0.3684210526315789,0.21052631578947367,0.15789473684210525,Displacement,5,0.4166666666666667,1.5729606583976758,0,5,5,0,0,1,0,0,0,0,0,0,0,1,0,0,0
1964,76,13,49,14,63,0.8289473684210527,0.6447368421052632,0.18421052631578946,Sequence_Complexity,3,0.21428571428571427,1.7546227607597722,0,3,0,0,0,2,3,0,0,1,0,0,3,0,2,0,0
1965,76,28,29,19,48,0.631578947368421,0.3815789473684211,0.25,Sequence_Complexity,8,0.42105263157894735,2.0656654785368382,0,5,3,0,0,1,2,0,0,0,0,0,8,0,0,0,0
1966,76,31,23,22,45,0.5921052631578947,0.3026315789473684,0.2894736842105263,Sequence_Complexity,6,0.2727272727272727,2.2808707556510637,0,4,0,0,5,0,0,0,2,0,0,0,6,0,3,0,2
1967,76,37,21,18,39,0.5131578947368421,0.27631578947368424,0.23684210526315788,Sequence_Complexity,9,0.5,2.0074978697360932,0,3,0,0,0,1,2,0,0,0,0,0,9,0,2,0,1
1968,76,29,28,19,47,0.618421052631579,0.3684210526315789,0.25,Sequence_Complexity,8,0.42105263157894735,2.0505964386983297,0,2,0,0,2,1,0,0,0,0,0,0,8,0,0,6,0
1969,76,31,28,17,45,0.5921052631578947,0.3684210526315789,0.2236842105263158,Sequence_Complexity,5,0.29411764705882354,2.0189103504372743,0,2,0,0,0,1,4,0,0,0,5,0,5,0,0,0,0
1970,76,21,40,15,55,0.7236842105263158,0.5263157894736842,0.19736842105263158,Indentation,4,0.26666666666666666,1.9601554453381653,2,2,0,0,0,2,4,0,0,0,3,0,2,0,0,0,0
1971,76,24,35,17,52,0.6842105263157895,0.4605263157894737,0.2236842105263158,Acceleration,7,0.4117647058823529,2.001542446744747,7,3,0,0,0,0,2,0,2,0,0,0,3,0,0,0,0
1972,76,6,51,19,70,0.9210526315789473,0.6710526315789473,0.25,Sequence_Complexity,3,0.15789473684210525,1.9081509680024398,2,2,0,3,0,0,1,0,3,2,0,3,3,0,0,0,0
1973,76,34,18,24,42,0.5526315789473685,0.23684210526315788,0.3157894736842105,Sequence_Complexity,7,0.2916666666666667,2.252426993260513,0,5,0,0,0,3,4,0,0,0,5,0,7,0,0,0,0
1974,76,56,3,17,20,0.2631578947368421,0.039473684210526314,0.2236842105263158,Acceleration,11,0.6470588235294118,1.3266050010435912,11,0,0,0,0,2,0,2,0,0,0,0,0,0,0,0,2
1975,76,34,35,7,42,0.5526315789473685,0.4605263157894737,0.09210526315789473,Sampling_Gaps,3,0.42857142857142855,1.520907385841627,0,2,0,0,0,1,0,0,1,0,0,3,0,0,0,0,0
1976,76,31,25,20,45,0.5921052631578947,0.32894736842105265,0.2631578947368421,Sampling_Gaps,6,0.3,2.123573199270183,4,0,0,6,0,1,0,3,0,0,0,6,0,0,0,0,0
1977,76,18,33,25,58,0.7631578947368421,0.4342105263157895,0.32894736842105265,Phase_Change,6,0.24,2.3688766123918112,6,6,0,0,0,0,0,2,1,0,6,3,0,0,0,0,1
1978,76,34,23,19,42,0.5526315789473685,0.3026315789473684,0.25,Duration,7,0.3684210526315789,2.076458118406397,2,0,0,7,0,0,0,3,0,0,0,5,0,0,0,2,0
1979,76,24,31,21,52,0.6842105263157895,0.40789473684210525,0.27631578947368424,Duration,6,0.2857142857142857,2.239523097023128,4,3,0,6,0,1,0,3,0,0,0,4,0,0,0,0,0
1980,76,20,38,18,56,0.7368421052631579,0.5,0.23684210526315788,Speed,4,0.2222222222222222,2.039245837014592,0,4,0,4,0,0,0,0,0,0,0,4,2,0,0,4,0
1981,76,21,40,15,55,0.7236842105263158,0.5263157894736842,0.19736842105263158,Duration,5,0.3333333333333333,1.8651649065371965,5,0,1,5,0,0,0,3,0,0,0,1,0,0,0,0,0
1982,76,11,44,21,65,0.8552631578947368,0.5789473684210527,0.27631578947368424,Speed,5,0.23809523809523808,2.1080161055271165,4,4,0,0,0,0,0,0,2,1,2,0,3,0,0,5,0
1983,76,39,15,22,37,0.4868421052631579,0.19736842105263158,0.2894736842105263,Sampling_Gaps,9,0.4090909090909091,2.0699270793748132,2,0,0,0,0,2,6,3,0,0,0,9,0,0,0,0,0
1984,76,13,49,14,63,0.8289473684210527,0.6447368421052632,0.18421052631578946,Sequence_Complexity,4,0.2857142857142857,1.7844209516346456,1,1,0,1,4,1,0,0,0,0,0,1,4,1,0,0,0
1985,76,16,36,24,60,0.7894736842105263,0.47368421052631576,0.3157894736842105,Path_Evolution,6,0.25,2.318366657326427,6,0,0,4,0,0,0,1,0,6,3,3,0,0,1,0,0
1986,76,21,36,19,55,0.7236842105263158,0.47368421052631576,0.25,Sampling_Gaps,6,0.3157894736842105,2.1133187119803694,3,0,2,5,0,0,0,2,0,0,0,6,1,0,0,0,0
1987,76,29,30,17,47,0.618421052631579,0.39473684210526316,0.2236842105263158,Displacement,7,0.4117647058823529,1.9933315706041748,0,0,7,0,0,0,0,0,0,0,2,5,2,1,0,0,0
1988,76,15,35,26,61,0.8026315789473685,0.4605263157894737,0.34210526315789475,Path_Evolution,6,0.23076923076923078,2.349674486935438,5,0,1,0,6,0,0,1,6,6,0,0,0,0,1,0,0
1989,76,7,46,23,69,0.9078947368421053,0.6052631578947368,0.3026315789473684,Sequence_Complexity,4,0.17391304347826086,2.1525971261099963,2,0,3,4,0,0,0,0,0,3,0,4,4,1,2,0,0
1990,76,12,48,16,64,0.8421052631578947,0.631578947368421,0.21052631578947367,Speed,3,0.1875,1.887895769367799,0,2,0,3,0,0,0,0,3,2,0,2,0,0,1,3,0
1991,76,16,42,18,60,0.7894736842105263,0.5526315789473685,0.23684210526315788,Sequence_Complexity,6,0.3333333333333333,1.9387580165309302,2,0,6,0,0,0,2,0,0,2,0,0,6,0,0,0,0
1992,76,7,46,23,69,0.9078947368421053,0.6052631578947368,0.3026315789473684,Sequence_Complexity,4,0.17391304347826086,2.172462586693246,2,0,4,0,0,0,2,0,1,4,0,4,4,1,1,0,0
1993,76,21,42,13,55,0.7236842105263158,0.5526315789473685,0.17105263157894737,Localization,5,0.38461538461538464,1.8489059593712334,0,1,0,0,2,0,0,0,5,0,1,0,1,0,0,2,1
1994,76,16,45,15,60,0.7894736842105263,0.5921052631578947,0.19736842105263158,Duration,5,0.3333333333333333,1.8485502728684668,0,0,5,5,0,0,1,0,0,1,0,1,0,1,1,0,0
1995,76,7,51,18,69,0.9078947368421053,0.6710526315789473,0.23684210526315788,Sampling_Gaps,3,0.16666666666666666,1.9062863699751198,0,1,0,3,0,0,1,0,3,3,1,3,1,0,2,0,0
1996,76,15,47,14,61,0.8026315789473685,0.618421052631579,0.18421052631578946,Sequence_Complexity,5,0.35714285714285715,1.7574186261091962,0,0,4,0,0,0,1,0,1,0,2,0,5,0,0,1,0
1997,76,10,42,24,66,0.868421052631579,0.5526315789473685,0.3157894736842105,Indentation,5,0.20833333333333334,2.304890919277551,0,0,5,4,0,1,5,0,0,2,3,2,0,0,1,0,1
1998,76,7,44,25,69,0.9078947368421053,0.5789473684210527,0.32894736842105265,Displacement,4,0.16,2.3579154978480377,3,0,4,0,0,0,3,2,1,3,0,3,3,2,1,0,0
1999,76,18,31,27,58,0.7631578947368421,0.40789473684210525,0.35526315789473684,Localization,6,0.2222222222222222,2.524540249291058,0,0,2,5,2,0,5,0,6,0,0,5,0,1,0,0,1
2000,76,24,22,30,52,0.6842105263157895,0.2894736842105263,0.39473684210526316,Sampling_Gaps,6,0.2,2.56772395227302,0,0,3,6,0,3,6,0,0,0,6,6,0,0,0,0,0
2001,76,42,18,16,34,0.4473684210526316,0.23684210526315788,0.21052631578947367,Sampling_Gaps,6,0.375,1.834634292869944,0,0,0,5,0,3,0,0,0,0,0,6,2,0,0,0,0
2002,76,18,32,26,58,0.7631578947368421,0.42105263157894735,0.34210526315789475,Duration,5,0.19230769230769232,2.4711799019041285,4,5,0,5,0,1,0,3,0,0,0,4,4,0,0,0,0
2003,76,16,43,17,60,0.7894736842105263,0.5657894736842105,0.2236842105263158,Extent,4,0.23529411764705882,2.0199092969673984,0,4,2,0,4,2,0,0,1,0,2,2,0,0,0,0,0
2004,76,11,34,31,65,0.8552631578947368,0.4473684210526316,0.40789473684210525,Phase_Change,5,0.16129032258064516,2.7562672392967538,0,2,2,5,0,2,5,2,3,0,5,3,0,0,0,0,2
2005,76,13,53,10,63,0.8289473684210527,0.6973684210526315,0.13157894736842105,Localization,5,0.5,1.441412501573578,0,1,0,0,0,1,1,0,5,0,0,0,2,0,0,0,0
2006,76,11,55,10,65,0.8552631578947368,0.7236842105263158,0.13157894736842105,Speed,2,0.2,1.4843941970111305,0,0,1,0,0,0,2,0,1,1,2,0,1,0,0,2,0
2007,76,37,29,10,39,0.5131578947368421,0.3815789473684211,0.13157894736842105,Speed,8,0.8,1.54225352150976,0,0,0,0,0,1,0,1,0,0,0,0,0,0,0,8,0
2008,76,18,43,15,58,0.7631578947368421,0.5657894736842105,0.19736842105263158,Sampling_Gaps,5,0.3333333333333333,1.885987382431538,0,0,1,3,0,0,0,0,3,0,2,5,0,0,0,1,0
2009,76,27,18,31,49,0.6447368421052632,0.23684210526315788,0.40789473684210525,Indentation,7,0.22580645161290322,2.5537223302306216,7,5,7,0,0,3,7,0,0,0,2,0,0,0,0,0,0
2010,76,22,36,18,54,0.7105263157894737,0.47368421052631576,0.23684210526315788,Speed,3,0.16666666666666666,2.215171484911557,0,0,3,0,2,0,0,0,0,3,1,0,0,2,2,3,2
2011,76,6,51,19,70,0.9210526315789473,0.6710526315789473,0.25,Sequence_Complexity,4,0.21052631578947367,1.8689345207478851,2,2,1,0,4,0,1,0,4,1,0,0,4,0,0,0,0
2012,76,18,50,8,58,0.7631578947368421,0.6578947368421053,0.10526315789473684,Curvature,6,0.75,1.3431744276669433,0,6,0,0,1,0,0,0,1,0,0,0,0,0,0,0,0
2013,76,9,50,17,67,0.881578947368421,0.6578947368421053,0.2236842105263158,Localization,4,0.23529411764705882,1.9127035397083152,1,2,1,2,0,0,1,2,4,0,1,0,0,0,0,3,0
2014,76,51,16,9,25,0.32894736842105265,0.21052631578947367,0.11842105263157894,Extent,9,1.0,1.2239404416866502,0,0,0,0,9,0,0,0,0,0,0,0,0,0,0,0,0
2015,76,34,28,14,42,0.5526315789473685,0.3684210526315789,0.18421052631578946,Extent,6,0.42857142857142855,1.8176763305634773,0,1,2,0,6,0,0,0,5,0,0,0,0,0,0,0,0
2016,76,39,26,11,37,0.4868421052631579,0.34210526315789475,0.14473684210526316,Localization,7,0.6363636363636364,1.6690643073685942,0,1,0,0,0,0,0,0,7,1,0,0,0,0,1,0,1
2017,76,34,33,9,42,0.5526315789473685,0.4342105263157895,0.11842105263157894,Sequence_Complexity,3,0.3333333333333333,1.6301838615269086,0,0,3,0,0,0,0,0,0,0,0,0,3,0,0,2,1
2018,76,16,39,21,60,0.7894736842105263,0.5131578947368421,0.27631578947368424,Indentation,6,0.2857142857142857,2.1262156448331724,0,4,4,0,0,1,6,0,0,0,0,0,5,1,0,0,0
2019,76,4,63,9,72,0.9473684210526315,0.8289473684210527,0.11842105263157894,Sequence_Complexity,3,0.3333333333333333,1.0363694846959317,0,3,0,0,0,0,0,0,2,0,0,0,3,0,0,1,0
2020,76,6,43,27,70,0.9210526315789473,0.5657894736842105,0.35526315789473684,Localization,4,0.14814814814814814,2.407681336270283,0,3,0,4,4,0,0,1,4,1,3,0,3,0,0,3,1
2021,76,39,24,13,37,0.4868421052631579,0.3157894736842105,0.17105263157894737,Displacement,9,0.6923076923076923,1.6498485783372736,0,0,9,0,0,1,0,0,0,3,0,0,0,0,0,0,0
2022,76,21,37,18,55,0.7236842105263158,0.4868421052631579,0.23684210526315788,Acceleration,7,0.3888888888888889,2.0604332327137804,7,0,0,0,0,1,0,1,0,0,5,0,2,1,0,0,1
2023,76,10,36,30,66,0.868421052631579,0.47368421052631576,0.39473684210526316,Phase_Change,5,0.16666666666666666,2.705679039999848,0,4,3,3,0,1,3,0,0,4,5,4,0,1,1,0,1
2024,76,27,27,22,49,0.6447368421052632,0.35526315789473684,0.2894736842105263,Sampling_Gaps,5,0.22727272727272727,2.2959836444659376,0,0,0,5,0,0,0,0,5,2,0,5,0,2,0,3,0
2025,76,15,32,29,61,0.8026315789473685,0.42105263157894735,0.3815789473684211,Speed,6,0.20689655172413793,2.553949560528515,0,0,2,6,0,0,0,0,0,2,6,5,0,1,0,6,1
2026,76,6,44,26,70,0.9210526315789473,0.5789473684210527,0.34210526315789475,Speed,4,0.15384615384615385,2.3533297669849227,0,0,2,3,0,0,0,0,0,4,3,4,3,1,1,4,1
2027,76,16,37,23,60,0.7894736842105263,0.4868421052631579,0.3026315789473684,Duration,6,0.2608695652173913,2.3350463948730353,2,0,0,6,0,0,0,1,0,3,0,5,0,2,1,3,0
2028,76,39,20,17,37,0.4868421052631579,0.2631578947368421,0.2236842105263158,Phase_Change,7,0.4117647058823529,1.8981214494386058,0,0,5,0,0,0,0,0,0,0,7,0,0,2,0,3,0
2029,76,21,31,24,55,0.7236842105263158,0.40789473684210525,0.3157894736842105,Path_Evolution,7,0.2916666666666667,2.461942007374629,0,0,3,0,0,0,0,1,0,7,4,0,3,1,1,3,1
2030,76,18,34,24,58,0.7631578947368421,0.4473684210526316,0.3157894736842105,Sampling_Gaps,5,0.20833333333333334,2.3206781907301592,0,0,5,5,0,0,0,0,0,0,5,5,0,2,0,0,2
2031,76,22,34,20,54,0.7105263157894737,0.4473684210526316,0.2631578947368421,Sampling_Gaps,4,0.2,2.2828499513511846,0,0,3,4,0,0,0,1,0,3,3,4,0,1,1,0,0
2032,76,18,43,15,58,0.7631578947368421,0.5657894736842105,0.19736842105263158,Sampling_Gaps,4,0.26666666666666666,1.8907838031762787,4,0,0,1,0,0,0,3,2,0,0,4,0,0,0,1,0
2033,76,18,26,32,58,0.7631578947368421,0.34210526315789475,0.42105263157894735,Indentation,6,0.1875,2.699589214870716,0,0,6,6,0,3,6,0,0,0,0,3,5,3,0,0,0
2034,76,16,36,24,60,0.7894736842105263,0.47368421052631576,0.3157894736842105,Duration,5,0.20833333333333334,2.428766124768048,3,0,0,5,0,0,3,0,3,3,0,0,3,1,0,3,0
2035,76,11,50,15,65,0.8552631578947368,0.6578947368421053,0.19736842105263158,Phase_Change,5,0.3333333333333333,1.6760085891985839,0,0,0,0,0,0,0,2,1,5,5,0,0,0,0,0,2
2036,76,6,53,17,70,0.9210526315789473,0.6973684210526315,0.2236842105263158,Speed,4,0.23529411764705882,1.707275420072842,0,0,4,0,4,1,0,1,2,0,0,0,0,1,0,4,0
2037,76,13,32,31,63,0.8289473684210527,0.42105263157894735,0.40789473684210525,Speed,5,0.16129032258064516,2.7157641876084333,4,0,1,3,5,0,0,3,0,0,0,4,5,1,0,5,0
2038,76,22,16,38,54,0.7105263157894737,0.21052631578947367,0.5,Phase_Change,7,0.18421052631578946,2.903435875917349,0,0,7,5,7,0,0,0,0,0,7,6,0,2,2,0,2
2039,76,15,45,16,61,0.8026315789473685,0.5921052631578947,0.21052631578947367,Path_Evolution,6,0.375,1.9157364177424,1,1,0,0,0,1,0,1,0,6,0,0,0,1,1,4,0
2040,76,6,48,22,70,0.9210526315789473,0.631578947368421,0.2894736842105263,Sequence_Complexity,4,0.18181818181818182,2.0691383681943427,4,0,1,0,4,1,4,1,0,0,2,0,4,0,0,0,1
2041,76,7,44,25,69,0.9078947368421053,0.5789473684210527,0.32894736842105265,Localization,4,0.16,2.3514651689576027,3,4,3,0,0,1,2,1,4,0,0,2,3,0,0,2,0
2042,76,22,27,27,54,0.7105263157894737,0.35526315789473684,0.35526315789473684,Localization,7,0.25925925925925924,2.482704420629889,3,0,7,0,0,0,0,2,7,0,0,0,2,1,0,5,0
2043,76,6,49,21,70,0.9210526315789473,0.6447368421052632,0.27631578947368424,Path_Evolution,4,0.19047619047619047,2.124434817810222,2,1,4,0,3,1,1,1,0,4,0,0,1,1,1,1,0
2044,76,1,74,1,75,0.9868421052631579,0.9736842105263158,0.013157894736842105,Phase_Change,1,1.0,0.20188081533118699,0,0,0,0,0,0,0,0,0,0,1,0,0,0,0,0,0
2045,76,11,46,19,65,0.8552631578947368,0.6052631578947368,0.25,Sampling_Gaps,4,0.21052631578947367,2.0882222794484164,2,0,1,2,4,1,0,2,0,0,0,4,0,1,0,2,0
2046,76,24,47,5,52,0.6842105263157895,0.618421052631579,0.06578947368421052,Indentation,2,0.4,1.3386541444152076,1,0,0,0,0,0,2,1,0,0,0,0,0,1,0,0,0
2047,76,16,49,11,60,0.7894736842105263,0.6447368421052632,0.14473684210526316,Localization,2,0.18181818181818182,1.733180377106148,1,0,0,0,0,1,2,1,2,1,0,0,1,0,1,1,0
2048,76,21,45,10,55,0.7236842105263158,0.5921052631578947,0.13157894736842105,Localization,6,0.6,1.473166589528898,0,0,0,0,0,0,0,0,6,0,0,0,4,0,0,0,0
2049,76,11,39,26,65,0.8552631578947368,0.5131578947368421,0.34210526315789475,Sampling_Gaps,5,0.19230769230769232,2.4351874704684295,0,0,0,5,0,1,1,0,2,5,3,5,0,2,2,0,0
2050,76,22,44,10,54,0.7105263157894737,0.5789473684210527,0.13157894736842105,Duration,4,0.4,1.6284883774932555,1,1,0,4,0,0,0,0,0,0,0,3,0,0,0,1,0
2051,76,34,21,21,42,0.5526315789473685,0.27631578947368424,0.27631578947368424,Curvature,8,0.38095238095238093,2.11329655963412,1,8,0,0,0,3,0,0,6,0,0,0,3,0,0,0,0
2052,76,22,27,27,54,0.7105263157894737,0.35526315789473684,0.35526315789473684,Sequence_Complexity,7,0.25925925925925924,2.4413195913176966,7,0,0,0,0,0,0,1,0,6,4,0,7,0,1,1,0
2053,76,6,35,35,70,0.9210526315789473,0.4605263157894737,0.4605263157894737,Speed,4,0.11428571428571428,2.8822753016072142,4,4,0,0,0,1,4,1,4,4,3,0,4,0,1,4,1
2054,76,9,40,27,67,0.881578947368421,0.5263157894736842,0.35526315789473684,Phase_Change,4,0.14814814814814814,2.4627813119308786,4,3,0,3,0,1,4,1,4,0,4,3,0,0,0,0,0
2055,76,22,33,21,54,0.7105263157894737,0.4342105263157895,0.27631578947368424,Curvature,5,0.23809523809523808,2.304612815711832,0,5,3,0,3,2,0,0,0,4,0,0,0,2,0,2,0
2056,76,22,39,15,54,0.7105263157894737,0.5131578947368421,0.19736842105263158,Path_Evolution,5,0.3333333333333333,1.9242076434139999,0,0,0,0,3,0,0,0,0,5,4,0,0,1,1,0,1
2057,76,18,46,12,58,0.7631578947368421,0.6052631578947368,0.15789473684210525,Extent,6,0.5,1.6504648488241822,3,0,0,1,6,0,0,1,0,0,0,0,0,0,0,1,0
2058,76,13,43,20,63,0.8289473684210527,0.5657894736842105,0.2631578947368421,Speed,5,0.25,2.0287909116422953,0,1,0,4,0,0,0,0,5,1,0,4,0,0,0,5,0
2059,76,11,51,14,65,0.8552631578947368,0.6710526315789473,0.18421052631578946,Duration,5,0.35714285714285715,1.6088917082537146,5,0,0,5,0,1,0,2,0,0,0,1,0,0,0,0,0
2060,76,22,23,31,54,0.7105263157894737,0.3026315789473684,0.40789473684210525,Acceleration,7,0.22580645161290322,2.7133245334824605,7,4,0,5,0,2,5,2,0,0,0,5,0,1,0,0,0
2061,76,24,32,20,52,0.6842105263157895,0.42105263157894735,0.2631578947368421,Sampling_Gaps,4,0.2,2.2538633684220764,0,0,0,4,1,3,4,0,1,0,0,4,0,0,0,0,3
2062,76,16,39,21,60,0.7894736842105263,0.5131578947368421,0.27631578947368424,Sampling_Gaps,4,0.19047619047619047,2.1836436445252807,0,4,0,4,0,3,4,0,0,2,0,4,0,0,0,0,0
2063,76,22,32,22,54,0.7105263157894737,0.42105263157894735,0.2894736842105263,Speed,4,0.18181818181818182,2.3517762554169996,4,0,4,0,0,2,4,2,0,0,0,0,0,2,0,4,0
2064,76,37,18,21,39,0.5131578947368421,0.23684210526315788,0.27631578947368424,Displacement,9,0.42857142857142855,2.0276101249727922,0,0,9,0,0,0,3,0,0,0,0,0,0,1,0,7,1
2065,76,6,57,13,70,0.9210526315789473,0.75,0.17105263157894737,Duration,3,0.23076923076923078,1.4651080290219518,3,0,0,3,0,0,2,2,0,0,0,2,0,0,0,0,1
2066,76,3,62,11,73,0.9605263157894737,0.8157894736842105,0.14473684210526316,Speed,3,0.2727272727272727,1.1402996022246363,3,0,0,1,0,0,0,0,0,0,3,0,1,0,0,3,0
2067,76,7,40,29,69,0.9078947368421053,0.5263157894736842,0.3815789473684211,Speed,4,0.13793103448275862,2.5205130956533064,4,0,0,4,0,0,0,2,0,4,4,3,0,0,2,4,2
2068,76,22,21,33,54,0.7105263157894737,0.27631578947368424,0.4342105263157895,Speed,7,0.21212121212121213,2.702880567285713,7,0,6,0,3,0,0,2,0,0,6,0,0,0,0,7,2
2069,76,18,28,30,58,0.7631578947368421,0.3684210526315789,0.39473684210526316,Phase_Change,6,0.2,2.7142638182704846,5,0,0,0,3,0,0,3,0,3,6,0,3,0,0,4,3
2070,76,4,47,25,72,0.9473684210526315,0.618421052631579,0.32894736842105265,Speed,3,0.12,2.3356862169259625,3,0,2,2,2,0,0,1,0,3,2,2,2,0,2,3,1
2071,76,6,49,21,70,0.9210526315789473,0.6447368421052632,0.27631578947368424,Speed,4,0.19047619047619047,2.0191716599154854,4,1,3,0,2,0,1,0,0,1,4,0,0,0,0,4,1
2072,76,10,40,26,66,0.868421052631579,0.5263157894736842,0.34210526315789475,Speed,5,0.19230769230769232,2.4264130243382507,5,0,0,3,1,0,0,1,0,3,5,1,0,0,1,5,1
2073,76,1,63,12,75,0.9868421052631579,0.8289473684210527,0.15789473684210525,SpatioTemporal_Dynamics,2,0.16666666666666666,1.2404454715949707,1,1,1,0,1,0,0,2,0,1,1,1,0,0,2,1,0
2074,76,6,45,25,70,0.9210526315789473,0.5921052631578947,0.32894736842105265,Speed,4,0.16,2.3476959101543806,3,0,3,0,2,0,3,1,0,3,3,0,1,1,1,4,0
2075,76,18,29,29,58,0.7631578947368421,0.3815789473684211,0.3815789473684211,Phase_Change,6,0.20689655172413793,2.6464204556083413,6,0,4,0,2,0,0,2,0,2,6,0,0,0,0,4,3
2076,76,1,59,16,75,0.9868421052631579,0.7763157894736842,0.21052631578947367,Speed,2,0.125,1.523244093544261,2,0,0,2,1,0,1,0,1,2,2,2,1,0,0,2,0
2077,76,6,43,27,70,0.9210526315789473,0.5657894736842105,0.35526315789473684,Speed,4,0.14814814814814814,2.364982487614539,4,0,4,0,3,0,0,1,0,3,4,3,0,0,0,4,1
2078,76,11,36,29,65,0.8552631578947368,0.47368421052631576,0.3815789473684211,Speed,5,0.1724137931034483,2.55055949659827,5,0,0,0,0,0,0,2,0,4,5,4,0,0,2,5,2
2079,76,29,29,18,47,0.618421052631579,0.3815789473684211,0.23684210526315788,Phase_Change,6,0.3333333333333333,2.132368990732361,0,0,0,0,3,0,0,0,3,0,6,0,0,2,2,0,2
2080,76,24,25,27,52,0.6842105263157895,0.32894736842105265,0.35526315789473684,Sampling_Gaps,7,0.25925925925925924,2.417796485484565,0,2,0,7,0,0,0,0,0,7,0,7,0,0,2,0,2
2081,76,34,29,13,42,0.5526315789473685,0.3815789473684211,0.17105263157894737,Phase_Change,4,0.3076923076923077,1.8188476060307617,0,0,0,0,0,0,0,0,3,4,4,0,0,0,2,0,0
2082,76,31,29,16,45,0.5921052631578947,0.3815789473684211,0.21052631578947367,Sequence_Complexity,3,0.1875,2.0606120925026636,0,3,3,0,3,3,0,0,0,0,0,0,3,1,0,0,0
2083,76,1,64,11,75,0.9868421052631579,0.8421052631578947,0.14473684210526316,Phase_Change,2,0.18181818181818182,1.0900327766014801,0,0,0,1,2,0,0,0,2,2,2,1,0,0,0,0,1
2084,76,10,46,20,66,0.868421052631579,0.6052631578947368,0.2631578947368421,Phase_Change,5,0.25,2.08315893612293,0,0,2,0,2,1,0,0,0,5,5,0,2,1,1,0,1
2085,76,10,49,17,66,0.868421052631579,0.6447368421052632,0.2236842105263158,Sequence_Complexity,5,0.29411764705882354,1.7325461353668845,0,0,0,0,1,0,0,0,5,0,5,0,5,0,0,0,1
2086,76,22,29,25,54,0.7105263157894737,0.3815789473684211,0.32894736842105265,Extent,7,0.28,2.4339839624962565,5,5,0,0,7,2,0,0,2,0,0,0,2,2,0,0,0
2087,76,10,46,20,66,0.868421052631579,0.6052631578947368,0.2631578947368421,Phase_Change,5,0.25,1.9567162983013924,0,0,2,0,0,0,2,0,5,5,5,0,0,0,1,0,0
2088,76,22,27,27,54,0.7105263157894737,0.35526315789473684,0.35526315789473684,Sequence_Complexity,7,0.25925925925925924,2.505748498584009,0,3,0,0,4,2,6,0,4,0,0,0,7,0,1,0,0
2089,76,29,26,21,47,0.618421052631579,0.34210526315789475,0.27631578947368424,Curvature,7,0.3333333333333333,2.2644490136439646,4,7,0,0,2,2,0,1,0,0,0,0,4,1,0,0,0
2090,76,18,55,3,58,0.7631578947368421,0.7236842105263158,0.039473684210526314,Speed,1,0.3333333333333333,1.0764349572617709,0,0,0,0,1,0,0,0,1,0,0,0,0,0,0,1,0
2091,76,6,56,14,70,0.9210526315789473,0.7368421052631579,0.18421052631578946,Sequence_Complexity,4,0.2857142857142857,1.5542215839757856,1,1,0,0,4,1,0,0,1,0,0,0,4,1,0,1,0
2092,76,42,21,13,34,0.4473684210526316,0.27631578947368424,0.17105263157894737,Extent,9,0.6923076923076923,1.6163458009408724,0,0,0,0,9,1,0,0,3,0,0,0,0,0,0,0,0
2093,76,34,18,24,42,0.5526315789473685,0.23684210526315788,0.3157894736842105,Phase_Change,8,0.3333333333333333,2.158961163684721,5,6,0,0,0,0,0,0,5,0,8,0,0,0,0,0,0
2094,76,34,35,7,42,0.5526315789473685,0.4605263157894737,0.09210526315789473,Spatial_Context,3,0.42857142857142855,1.5472231753153112,0,0,1,0,1,0,1,0,0,1,0,0,0,3,0,0,0
2095,76,37,27,12,39,0.5131578947368421,0.35526315789473684,0.15789473684210525,Localization,6,0.5,1.765802354351326,0,0,0,0,0,0,0,2,6,1,0,0,0,0,2,0,1
2096,76,34,40,2,42,0.5526315789473685,0.5263157894736842,0.02631578947368421,Localization,1,0.5,1.1709425082066638,0,0,0,0,0,0,1,0,1,0,0,0,0,0,0,0,0
2097,76,42,21,13,34,0.4473684210526316,0.27631578947368424,0.17105263157894737,Curvature,5,0.38461538461538464,1.686214801784388,5,5,0,0,0,0,0,3,0,0,0,0,0,0,0,0,0
2098,76,27,42,7,49,0.6447368421052632,0.5526315789473685,0.09210526315789473,Indentation,4,0.5714285714285714,1.4108988053214138,0,0,0,0,0,3,4,0,0,0,0,0,0,0,0,0,0
2099,76,22,17,37,54,0.7105263157894737,0.2236842105263158,0.4868421052631579,Sampling_Gaps,7,0.1891891891891892,2.8575560298481943,0,5,0,0,0,2,7,0,0,7,6,7,0,0,1,0,2
2100,76,11,44,21,65,0.8552631578947368,0.5789473684210527,0.27631578947368424,Path_Evolution,5,0.23809523809523808,2.1230851453656254,0,1,0,0,4,1,0,0,5,5,2,0,2,0,0,0,1
2101,76,24,21,31,52,0.6842105263157895,0.27631578947368424,0.40789473684210525,Displacement,7,0.22580645161290322,2.671564969614741,0,6,7,0,0,3,4,0,5,0,0,0,4,2,0,0,0
2102,76,27,42,7,49,0.6447368421052632,0.5526315789473685,0.09210526315789473,Temporal,3,0.42857142857142855,1.4635303842687823,0,2,0,0,0,0,0,0,0,0,0,0,2,0,0,0,3
2103,76,15,51,10,61,0.8026315789473685,0.6710526315789473,0.13157894736842105,Curvature,2,0.2,1.6440189427241894,0,2,0,0,1,1,1,1,0,0,1,0,0,0,1,1,1
2104,76,21,41,14,55,0.7236842105263158,0.5394736842105263,0.18421052631578946,Extent,5,0.35714285714285715,1.9023640128607473,1,0,1,0,5,0,0,3,2,1,0,0,0,0,0,1,0
2105,76,24,37,15,52,0.6842105263157895,0.4868421052631579,0.19736842105263158,Path_Evolution,6,0.4,1.9709072890742525,2,0,1,0,1,0,0,0,1,6,0,0,0,3,0,0,1
2106,76,24,36,16,52,0.6842105263157895,0.47368421052631576,0.21052631578947367,Localization,5,0.3125,1.9567358223874265,0,1,0,0,5,0,0,0,5,0,0,0,3,0,0,0,2
2107,76,10,40,26,66,0.868421052631579,0.5263157894736842,0.34210526315789475,Speed,5,0.19230769230769232,2.2460247882257938,5,5,5,0,0,0,1,0,5,0,0,0,0,0,0,5,0
2108,76,29,17,30,47,0.618421052631579,0.2236842105263158,0.39473684210526316,Speed,8,0.26666666666666666,2.4536075508125936,0,8,0,0,0,0,0,2,0,0,0,8,0,0,2,8,2
2109,76,4,67,5,72,0.9473684210526315,0.881578947368421,0.06578947368421052,Phase_Change,2,0.4,0.7422962534347598,0,0,0,0,2,1,0,0,0,0,2,0,0,0,0,0,0
2110,76,6,54,16,70,0.9210526315789473,0.7105263157894737,0.21052631578947367,Displacement,4,0.25,1.7180104065862927,1,0,4,2,0,0,0,0,2,1,0,2,2,0,0,2,0
2111,76,13,47,16,63,0.8289473684210527,0.618421052631579,0.21052631578947367,Localization,5,0.3125,1.8592969826372243,0,0,0,2,0,0,2,0,5,0,0,2,0,3,0,2,0
2112,76,3,60,13,73,0.9605263157894737,0.7894736842105263,0.17105263157894737,Path_Evolution,3,0.23076923076923078,1.3179525365619864,3,0,2,2,0,0,0,0,0,3,0,1,0,0,0,2,0
2113,76,18,35,23,58,0.7631578947368421,0.4605263157894737,0.3026315789473684,Sampling_Gaps,4,0.17391304347826086,2.4145269460593886,2,0,2,4,4,0,0,3,0,2,0,4,0,0,2,0,0
2114,76,21,38,17,55,0.7236842105263158,0.5,0.2236842105263158,Sequence_Complexity,7,0.4117647058823529,1.921333160181212,0,3,3,0,0,0,0,0,0,0,0,4,7,0,0,0,0
2115,76,7,45,24,69,0.9078947368421053,0.5921052631578947,0.3157894736842105,Sequence_Complexity,4,0.16666666666666666,2.2112844372693936,0,0,4,0,4,0,0,0,2,4,0,0,4,2,0,2,2
2116,76,31,33,12,45,0.5921052631578947,0.4342105263157895,0.15789473684210525,Sampling_Gaps,5,0.4166666666666667,1.7312910330528521,0,1,0,5,1,0,0,0,0,0,0,5,0,0,0,0,0
2117,76,34,33,9,42,0.5526315789473685,0.4342105263157895,0.11842105263157894,SpatioTemporal_Dynamics,4,0.4444444444444444,1.571101953689105,4,0,0,0,0,0,0,0,0,1,0,0,0,0,4,0,0
2118,76,11,30,35,65,0.8552631578947368,0.39473684210526316,0.4605263157894737,Path_Evolution,5,0.14285714285714285,2.8571508348776242,5,0,0,5,5,0,4,1,4,5,0,4,0,0,0,0,2
2119,76,34,25,17,42,0.5526315789473685,0.32894736842105265,0.2236842105263158,Localization,8,0.47058823529411764,1.9132608118188497,0,0,0,0,0,0,1,0,8,0,5,0,0,0,0,0,3
2120,76,18,22,36,58,0.7631578947368421,0.2894736842105263,0.47368421052631576,Speed,6,0.16666666666666666,2.9028644126285355,6,0,3,0,0,0,0,3,3,0,6,6,0,0,0,6,3
2121,76,3,58,15,73,0.9605263157894737,0.7631578947368421,0.19736842105263158,Path_Evolution,3,0.2,1.527105832837624,1,3,1,0,1,0,0,0,3,3,1,0,1,0,0,1,0
2122,76,1,65,10,75,0.9868421052631579,0.8552631578947368,0.13157894736842105,Path_Evolution,2,0.2,0.9656392523008283,2,0,2,2,0,0,0,0,2,2,0,0,0,0,0,0,0
2123,76,0,65,11,76,1.0,0.8552631578947368,0.14473684210526316,Speed,1,0.09090909090909091,1.0972181996692494,1,1,1,1,1,0,0,0,1,1,1,1,1,0,0,1,0
2124,76,3,61,12,73,0.9605263157894737,0.8026315789473685,0.15789473684210525,Sampling_Gaps,3,0.25,1.3362860319217038,1,1,0,1,1,0,0,0,1,1,2,3,1,0,0,0,0
2125,76,22,43,11,54,0.7105263157894737,0.5657894736842105,0.14473684210526316,Sequence_Complexity,5,0.45454545454545453,1.6288943484876963,0,4,0,0,0,1,0,0,0,0,0,0,5,0,1,0,0
2126,76,7,55,14,69,0.9078947368421053,0.7236842105263158,0.18421052631578946,Sequence_Complexity,3,0.21428571428571427,1.5914678923284549,0,3,1,3,0,0,2,0,1,1,0,0,3,0,0,0,0
2127,76,9,55,12,67,0.881578947368421,0.7236842105263158,0.15789473684210525,Sequence_Complexity,3,0.25,1.5109027205335326,0,2,0,0,0,2,1,0,0,0,1,3,3,0,0,0,0
2128,76,42,21,13,34,0.4473684210526316,0.27631578947368424,0.17105263157894737,Duration,7,0.5384615384615384,1.6904606438453598,0,1,0,7,0,0,0,0,0,0,0,0,4,1,0,0,0
2129,76,18,33,25,58,0.7631578947368421,0.4342105263157895,0.32894736842105265,Localization,6,0.24,2.3524935532097517,0,0,0,6,6,0,0,0,6,0,4,1,0,1,1,0,0
2130,76,28,40,8,48,0.631578947368421,0.5263157894736842,0.10526315789473684,Sequence_Complexity,2,0.25,1.6231503869553299,0,2,0,0,0,1,0,0,0,0,0,0,2,1,1,0,1
2131,76,6,48,22,70,0.9210526315789473,0.631578947368421,0.2894736842105263,Sequence_Complexity,4,0.18181818181818182,2.069138368194343,2,2,2,4,0,0,4,0,0,0,2,2,4,0,0,0,0
2132,76,16,44,16,60,0.7894736842105263,0.5789473684210527,0.21052631578947367,Sampling_Gaps,5,0.3125,1.9081297279899287,0,0,0,0,2,0,4,0,0,0,2,5,2,0,0,1,0
2133,76,10,64,2,66,0.868421052631579,0.8421052631578947,0.02631578947368421,Sequence_Complexity,2,1.0,0.7318843430636693,0,0,0,0,0,0,0,0,0,0,0,0,2,0,0,0,0
2134,76,18,46,12,58,0.7631578947368421,0.6052631578947368,0.15789473684210525,Phase_Change,5,0.4166666666666667,1.6115882903717718,0,0,0,0,0,0,0,1,5,0,5,0,0,0,1,0,0
2135,76,31,29,16,45,0.5921052631578947,0.3815789473684211,0.21052631578947367,Sampling_Gaps,7,0.4375,1.9634170668722315,0,2,0,3,1,0,0,0,0,0,0,7,3,0,0,0,0
2136,76,22,41,13,54,0.7105263157894737,0.5394736842105263,0.17105263157894737,Sequence_Complexity,5,0.38461538461538464,1.861391088788338,0,2,0,0,0,1,1,0,2,0,0,0,5,0,1,0,1
2137,76,13,59,4,63,0.8289473684210527,0.7763157894736842,0.05263157894736842,Temporal,2,0.5,0.9955372996517061,0,0,0,0,0,0,0,0,0,0,0,0,0,2,0,0,2
2138,76,3,57,16,73,0.9605263157894737,0.75,0.21052631578947367,Sequence_Complexity,3,0.1875,1.5604384566250642,3,3,0,0,1,0,0,0,1,3,1,0,3,0,0,1,0
2139,76,18,31,27,58,0.7631578947368421,0.40789473684210525,0.35526315789473684,Speed,6,0.2222222222222222,2.5405834196709733,0,0,1,5,0,1,4,0,0,0,4,4,0,0,0,6,2
2140,76,29,25,22,47,0.618421052631579,0.32894736842105265,0.2894736842105263,Phase_Change,6,0.2727272727272727,2.3320453544151856,0,3,0,0,3,2,0,0,5,0,6,0,0,1,0,0,2
2141,76,15,39,22,61,0.8026315789473685,0.5131578947368421,0.2894736842105263,Displacement,6,0.2727272727272727,2.2925545075135507,2,0,6,0,2,0,0,1,0,5,0,3,0,1,1,0,1
2142,76,2,60,14,74,0.9736842105263158,0.7894736842105263,0.18421052631578946,Displacement,2,0.14285714285714285,1.5319612537526495,1,1,2,1,1,0,0,1,1,1,0,1,1,1,0,1,1
2143,76,7,42,27,69,0.9078947368421053,0.5526315789473685,0.35526315789473684,Path_Evolution,4,0.14814814814814814,2.5059080566330385,3,0,4,2,1,0,0,1,3,4,0,3,0,2,0,2,2
2144,76,10,49,17,66,0.868421052631579,0.6447368421052632,0.2236842105263158,Path_Evolution,5,0.29411764705882354,1.8866185820056565,0,1,3,0,0,0,0,1,0,5,2,0,0,1,1,3,0
2145,76,13,41,22,63,0.8289473684210527,0.5394736842105263,0.2894736842105263,Localization,4,0.18181818181818182,2.2673980920312293,0,0,4,4,0,0,0,0,4,2,1,3,0,2,0,0,2
2146,76,16,37,23,60,0.7894736842105263,0.4868421052631579,0.3026315789473684,Displacement,6,0.2608695652173913,2.3812276449299685,2,0,6,0,1,0,0,2,5,0,1,0,0,2,0,2,2
2147,76,31,26,19,45,0.5921052631578947,0.34210526315789475,0.25,Sampling_Gaps,7,0.3684210526315789,2.0761822078843544,0,0,2,5,1,0,0,0,4,0,0,7,0,0,0,0,0
2148,76,27,35,14,49,0.6447368421052632,0.4605263157894737,0.18421052631578946,Sampling_Gaps,6,0.42857142857142855,1.8133711498876484,0,0,1,2,0,0,0,0,5,0,0,6,0,0,0,0,0
2149,76,6,45,25,70,0.9210526315789473,0.5921052631578947,0.32894736842105265,Indentation,4,0.16,2.248883081150078,3,0,3,0,0,0,4,0,3,3,3,0,3,0,0,3,0
2150,76,15,32,29,61,0.8026315789473685,0.42105263157894735,0.3815789473684211,Speed,6,0.20689655172413793,2.528947790398382,6,0,0,0,0,1,6,1,0,6,0,0,2,0,1,6,0
2151,76,6,53,17,70,0.9210526315789473,0.6973684210526315,0.2236842105263158,Phase_Change,4,0.23529411764705882,1.6809596305991579,4,2,0,0,0,0,0,0,1,4,4,0,0,0,0,2,0
2152,76,15,43,18,61,0.8026315789473685,0.5657894736842105,0.23684210526315788,Displacement,6,0.3333333333333333,1.9886225016391734,3,1,6,0,0,0,3,0,2,0,0,0,0,0,0,3,0
2153,76,11,45,20,65,0.8552631578947368,0.5921052631578947,0.2631578947368421,Displacement,5,0.25,2.0532330711503954,2,0,5,0,4,0,0,1,4,0,0,0,0,2,0,2,0
2154,76,22,27,27,54,0.7105263157894737,0.35526315789473684,0.35526315789473684,Speed,7,0.25925925925925924,2.4676353807913807,6,2,7,0,0,0,1,2,0,0,0,0,0,2,0,7,0
2155,76,15,43,18,61,0.8026315789473685,0.5657894736842105,0.23684210526315788,Displacement,6,0.3333333333333333,2.0775026003518504,1,0,6,0,0,0,0,1,0,0,3,0,1,1,1,3,1
2156,76,48,11,17,28,0.3684210526315789,0.14473684210526316,0.2236842105263158,Sequence_Complexity,10,0.5882352941176471,1.6149522990927585,0,0,0,0,0,0,4,0,0,0,0,0,10,0,3,0,0
2157,76,61,12,3,15,0.19736842105263158,0.15789473684210525,0.039473684210526314,Localization,3,1.0,0.8591194199941985,0,0,0,0,0,0,0,0,3,0,0,0,0,0,0,0,0
2158,76,48,21,7,28,0.3684210526315789,0.27631578947368424,0.09210526315789473,Temporal,3,0.42857142857142855,1.3917202316655206,0,0,0,0,2,0,0,0,2,0,0,0,0,0,0,0,3
2159,76,55,17,4,21,0.27631578947368424,0.2236842105263158,0.05263157894736842,Sequence_Complexity,2,0.5,1.0971162957447427,0,0,0,0,0,0,0,0,2,0,0,0,2,0,0,0,0
2160,76,61,13,2,15,0.19736842105263158,0.17105263157894737,0.02631578947368421,Phase_Change,2,1.0,0.8284446986123979,0,0,0,0,0,0,0,0,0,0,2,0,0,0,0,0,0
2161,76,42,32,2,34,0.4473684210526316,0.42105263157894735,0.02631578947368421,Indentation,2,1.0,1.1363836745395337,0,0,0,0,0,0,2,0,0,0,0,0,0,0,0,0,0
2162,76,42,32,2,34,0.4473684210526316,0.42105263157894735,0.02631578947368421,Localization,2,1.0,1.1363836745395337,0,0,0,0,0,0,0,0,2,0,0,0,0,0,0,0,0
2163,76,6,60,10,70,0.9210526315789473,0.7894736842105263,0.13157894736842105,Duration,3,0.3,1.2916367470883021,1,1,0,3,0,0,0,0,1,1,2,0,1,0,0,0,0
2164,76,6,44,26,70,0.9210526315789473,0.5789473684210527,0.34210526315789475,Sampling_Gaps,4,0.15384615384615385,2.3831279578597964,4,2,0,2,2,0,0,1,1,4,4,4,0,0,1,0,1
2165,76,6,50,20,70,0.9210526315789473,0.6578947368421053,0.2631578947368421,Acceleration,4,0.2,2.0313818292958663,4,0,2,0,0,0,0,1,1,2,2,3,2,0,0,2,1
2166,76,7,45,24,69,0.9078947368421053,0.5921052631578947,0.3157894736842105,Phase_Change,4,0.16666666666666666,2.2902318056904463,0,1,4,4,4,0,1,0,0,1,4,0,0,1,2,1,1
2167,76,7,56,13,69,0.9078947368421053,0.7368421052631579,0.17105263157894737,Acceleration,4,0.3076923076923077,1.4535441569441643,4,0,3,3,0,0,0,1,0,0,0,2,0,0,0,0,0
2168,76,3,53,20,73,0.9605263157894737,0.6973684210526315,0.2631578947368421,Phase_Change,3,0.15,1.976883643700119,3,1,3,1,1,0,0,1,0,2,3,1,0,1,1,1,1
2169,76,4,54,18,72,0.9473684210526315,0.7105263157894737,0.23684210526315788,Spatial_Context,3,0.16666666666666666,1.8068905052989699,2,0,2,2,0,0,0,1,2,2,0,2,2,3,0,0,0
2170,76,3,52,21,73,0.9605263157894737,0.6842105263157895,0.27631578947368424,Speed,3,0.14285714285714285,1.8932934298078277,3,0,3,0,0,0,2,0,2,3,2,0,3,0,0,3,0
2171,76,3,62,11,73,0.9605263157894737,0.8157894736842105,0.14473684210526316,Duration,3,0.2727272727272727,1.1601650628078854,2,0,0,3,0,0,0,0,0,0,2,2,0,0,0,2,0
2172,76,1,61,14,75,0.9868421052631579,0.8026315789473685,0.18421052631578946,Speed,2,0.14285714285714285,1.382467281978637,1,2,2,1,0,0,0,0,1,2,1,1,1,0,0,2,0
2173,76,21,37,18,55,0.7236842105263158,0.4868421052631579,0.23684210526315788,Displacement,7,0.3888888888888889,1.8756721277142228,4,7,7,0,0,0,0,0,0,0,0,0,0,0,0,0,0
2174,76,3,57,16,73,0.9605263157894737,0.75,0.21052631578947367,Speed,2,0.125,1.7054325356862992,2,0,2,1,1,0,0,1,0,1,1,2,0,1,1,2,1
2175,76,3,61,12,73,0.9605263157894737,0.8026315789473685,0.15789473684210525,Path_Evolution,3,0.25,1.1749088936784091,0,0,3,3,0,0,0,0,3,3,0,0,0,0,0,0,0
2176,76,3,52,21,73,0.9605263157894737,0.6842105263157895,0.27631578947368424,Phase_Change,3,0.14285714285714285,1.9295419495731363,3,2,2,3,2,0,1,0,0,3,3,0,0,0,0,2,0
2177,76,11,42,23,65,0.8552631578947368,0.5526315789473685,0.3026315789473684,Path_Evolution,5,0.21739130434782608,2.2576625724578125,5,0,2,0,0,0,0,2,3,5,3,0,0,1,2,0,0
2178,76,29,21,26,47,0.618421052631579,0.27631578947368424,0.34210526315789475,Localization,7,0.2692307692307692,2.4593372680463883,3,0,7,0,0,0,0,2,7,0,3,0,0,2,0,0,2
2179,76,6,48,22,70,0.9210526315789473,0.631578947368421,0.2894736842105263,Displacement,4,0.18181818181818182,2.1972349141615743,3,0,4,3,1,0,0,1,3,1,2,1,0,1,1,0,1
2180,76,10,55,11,66,0.868421052631579,0.7236842105263158,0.14473684210526316,Displacement,3,0.2727272727272727,1.5643886621949878,1,0,3,0,1,0,0,1,0,1,1,0,0,1,1,0,1
2181,76,10,43,23,66,0.868421052631579,0.5657894736842105,0.3026315789473684,Displacement,5,0.21739130434782608,2.3476252978910708,2,0,5,0,1,0,0,1,3,2,3,0,0,1,1,3,1
2182,76,4,48,24,72,0.9473684210526315,0.631578947368421,0.3157894736842105,Sampling_Gaps,3,0.125,2.2334834339268834,2,2,3,3,0,0,2,1,3,0,0,3,1,2,0,2,0
2183,76,24,30,22,52,0.6842105263157895,0.39473684210526316,0.2894736842105263,Displacement,7,0.3181818181818182,2.2917204101437973,3,0,7,0,0,0,0,0,3,0,3,0,0,3,0,3,0
2184,76,22,25,29,54,0.7105263157894737,0.32894736842105265,0.3815789473684211,Speed,7,0.2413793103448276,2.5965213389278605,4,0,7,0,0,0,0,1,4,0,0,0,4,1,0,7,1
2185,76,10,46,20,66,0.868421052631579,0.6052631578947368,0.2631578947368421,Displacement,4,0.2,2.204465264397582,2,0,4,0,2,0,0,1,2,2,2,0,0,1,1,2,1
2186,76,18,38,20,58,0.7631578947368421,0.5,0.2631578947368421,Localization,6,0.3,2.0966190194242205,1,0,6,0,0,0,0,1,6,0,0,0,0,2,0,4,0
2187,76,7,49,20,69,0.9078947368421053,0.6447368421052632,0.2631578947368421,Speed,4,0.2,1.9482924237587373,4,0,4,0,0,0,0,1,4,0,1,0,1,1,0,4,0
2188,76,7,56,13,69,0.9078947368421053,0.7368421052631579,0.17105263157894737,Displacement,4,0.3076923076923077,1.57867277542215,1,0,4,0,0,0,0,1,1,0,1,0,1,2,0,1,1
2189,76,7,56,13,69,0.9078947368421053,0.7368421052631579,0.17105263157894737,Extent,4,0.3076923076923077,1.4734096175274134,0,0,4,0,4,0,0,1,0,0,0,0,0,2,0,1,1
2190,76,6,53,17,70,0.9210526315789473,0.6973684210526315,0.2236842105263158,Speed,4,0.23529411764705882,1.7236584792549017,1,3,4,0,1,0,0,0,2,0,2,0,0,0,0,4,0
2191,76,10,44,22,66,0.868421052631579,0.5789473684210527,0.2894736842105263,Sampling_Gaps,4,0.18181818181818182,2.166491201982031,4,0,4,4,0,0,0,1,3,0,0,4,0,1,0,0,1
2192,76,34,18,24,42,0.5526315789473685,0.23684210526315788,0.3157894736842105,Sampling_Gaps,8,0.3333333333333333,2.0941923676162646,8,0,0,7,0,0,0,0,0,0,1,8,0,0,0,0,0
2193,76,18,35,23,58,0.7631578947368421,0.4605263157894737,0.3026315789473684,Sequence_Complexity,6,0.2608695652173913,2.378278426294081,0,0,0,0,4,0,2,0,2,4,2,0,6,0,2,0,1
2194,76,20,37,19,56,0.7368421052631579,0.4868421052631579,0.25,Sampling_Gaps,4,0.21052631578947367,2.1960429880727714,2,0,0,4,2,0,0,0,2,3,2,4,0,0,0,0,0
2195,76,37,17,22,39,0.5131578947368421,0.2236842105263158,0.2894736842105263,Localization,8,0.36363636363636365,2.1460009629981402,0,0,0,0,0,0,4,0,8,6,0,0,0,2,1,0,1
2196,76,6,41,29,70,0.9210526315789473,0.5394736842105263,0.3815789473684211,Speed,3,0.10344827586206896,2.6103798856960507,2,3,2,3,0,3,3,2,0,0,3,3,2,0,0,3,0
2197,76,3,67,6,73,0.9605263157894737,0.881578947368421,0.07894736842105263,Path_Evolution,3,0.5,0.712498062559886,3,0,0,0,0,0,0,0,0,3,0,0,0,0,0,0,0
2198,76,7,48,21,69,0.9078947368421053,0.631578947368421,0.27631578947368424,Localization,4,0.19047619047619047,2.0538586384742095,3,0,3,0,3,0,2,1,4,0,3,0,0,0,0,2,0
2199,76,2,50,24,74,0.9736842105263158,0.6578947368421053,0.3157894736842105,Temporal,2,0.08333333333333333,2.2190747570128453,2,0,2,2,2,0,0,1,2,2,1,2,2,2,0,2,2
2200,76,6,62,8,70,0.9210526315789473,0.8157894736842105,0.10526315789473684,Sequence_Complexity,2,0.25,1.0812176943868328,2,0,0,0,0,0,0,0,2,2,0,0,2,0,0,0,0
2201,76,6,49,21,70,0.9210526315789473,0.6447368421052632,0.27631578947368424,Path_Evolution,4,0.19047619047619047,1.992855870441801,4,3,4,2,0,0,0,0,2,4,0,1,0,1,0,0,0
2202,76,3,51,22,73,0.9605263157894737,0.6710526315789473,0.2894736842105263,Path_Evolution,3,0.13636363636363635,1.9970310667151168,3,3,3,0,2,0,2,0,0,3,2,0,2,0,0,2,0
2203,76,1,71,4,75,0.9868421052631579,0.9342105263157895,0.05263157894736842,Acceleration,2,0.5,0.47645323074842205,2,0,0,1,0,0,0,0,0,1,0,0,0,0,0,0,0
2204,76,0,65,11,76,1.0,0.8552631578947368,0.14473684210526316,Speed,1,0.09090909090909091,1.0972181996692494,1,0,1,0,1,0,1,0,1,1,1,1,1,1,0,1,0
2205,76,16,53,7,60,0.7894736842105263,0.6973684210526315,0.09210526315789473,Temporal,2,0.2857142857142857,1.3850356174981964,0,0,0,0,1,0,1,0,0,0,1,0,1,0,0,1,2
2206,76,6,60,10,70,0.9210526315789473,0.7894736842105263,0.13157894736842105,Displacement,2,0.2,1.327885266853611,2,0,2,0,0,0,0,1,0,1,1,0,1,1,1,0,0
2207,76,7,65,4,69,0.9078947368421053,0.8552631578947368,0.05263157894736842,Indentation,3,0.75,0.7760817265565296,1,0,0,0,0,0,3,0,0,0,0,0,0,0,0,0,0
2208,76,21,40,15,55,0.7236842105263158,0.5263157894736842,0.19736842105263158,Path_Evolution,7,0.4666666666666667,1.7641475907034316,0,4,0,0,0,0,0,0,0,7,4,0,0,0,0,0,0
2209,76,22,44,10,54,0.7105263157894737,0.5789473684210527,0.13157894736842105,Speed,2,0.2,1.664736897258564,2,0,2,0,0,0,2,0,0,2,0,0,0,0,0,2,0
2210,76,28,33,15,48,0.631578947368421,0.4342105263157895,0.19736842105263158,Indentation,8,0.5333333333333333,1.865415095595666,0,1,4,0,0,1,8,0,0,0,0,0,0,1,0,0,0
2211,76,18,44,14,58,0.7631578947368421,0.5789473684210527,0.18421052631578946,Curvature,3,0.21428571428571427,1.9054468720203463,2,3,2,0,2,0,0,2,1,0,0,0,2,0,0,0,0
2212,76,7,59,10,69,0.9078947368421053,0.7763157894736842,0.13157894736842105,Path_Evolution,2,0.2,1.3699350875652714,2,0,1,0,0,0,1,0,1,2,1,0,1,0,0,1,0
2213,76,29,34,13,47,0.618421052631579,0.4473684210526316,0.17105263157894737,Path_Evolution,6,0.46153846153846156,1.8352306652128214,1,0,0,0,0,0,0,0,0,6,2,0,0,0,2,0,2
2214,76,37,30,9,39,0.5131578947368421,0.39473684210526316,0.11842105263157894,Indentation,6,0.6666666666666666,1.5444239950113008,0,0,0,0,0,0,6,0,0,2,0,0,0,0,0,1,0
2215,76,11,56,9,65,0.8552631578947368,0.7368421052631579,0.11842105263157894,Sequence_Complexity,3,0.3333333333333333,1.3429880602256508,1,0,3,0,0,0,0,0,0,1,1,0,3,0,0,0,0
2216,76,16,46,14,60,0.7894736842105263,0.6052631578947368,0.18421052631578946,Sequence_Complexity,6,0.42857142857142855,1.7269587636679338,1,0,0,0,0,1,4,0,0,0,0,0,6,2,0,0,0
2217,76,22,46,8,54,0.7105263157894737,0.6052631578947368,0.10526315789473684,Speed,2,0.25,1.508567703066702,2,0,0,0,0,0,0,0,0,0,0,0,2,2,0,2,0
2218,76,10,60,6,66,0.868421052631579,0.7894736842105263,0.07894736842105263,Sequence_Complexity,3,0.5,1.0849327215021618,0,0,0,0,1,0,0,0,0,0,0,0,3,0,1,1,0
2219,76,21,30,25,55,0.7236842105263158,0.39473684210526316,0.32894736842105265,Extent,6,0.24,2.4247064710044635,0,4,4,0,6,1,4,0,0,0,0,5,1,0,0,0,0
2220,76,25,20,31,51,0.6710526315789473,0.2631578947368421,0.40789473684210525,Sequence_Complexity,6,0.1935483870967742,2.6113033282583267,0,5,0,5,4,0,0,0,0,0,6,5,6,0,0,0,0
2221,76,6,63,7,70,0.9210526315789473,0.8289473684210527,0.09210526315789473,Speed,1,0.14285714285714285,1.0890010636433003,0,0,0,1,1,0,1,0,1,0,0,1,0,0,1,1,0
2222,76,29,24,23,47,0.618421052631579,0.3157894736842105,0.3026315789473684,Extent,8,0.34782608695652173,2.275031475487517,0,0,0,0,8,0,3,0,3,0,0,6,0,2,0,0,1
2223,76,7,51,18,69,0.9078947368421053,0.6710526315789473,0.23684210526315788,Spatial_Context,2,0.1111111111111111,1.946017291141618,2,0,2,0,2,2,0,2,2,2,2,0,0,2,0,0,0
2224,76,28,43,5,48,0.631578947368421,0.5657894736842105,0.06578947368421052,Temporal,1,0.2,1.4066732730514386,0,0,1,0,0,0,0,0,0,0,1,0,0,1,1,0,1
2225,76,39,21,16,37,0.4868421052631579,0.27631578947368424,0.21052631578947367,Localization,9,0.5625,1.7938706989514894,5,0,0,0,0,0,0,1,9,0,0,0,0,1,0,0,0
2226,76,11,47,18,65,0.8552631578947368,0.618421052631579,0.23684210526315788,Phase_Change,5,0.2777777777777778,2.00149245675548,2,0,2,0,0,0,0,1,0,2,5,0,2,2,0,0,2
2227,76,13,36,27,63,0.8289473684210527,0.47368421052631576,0.35526315789473684,Phase_Change,5,0.18518518518518517,2.5149411997183027,3,0,5,3,2,0,0,0,3,0,5,0,4,2,0,0,0
2228,76,18,40,18,58,0.7631578947368421,0.5263157894736842,0.23684210526315788,Phase_Change,6,0.3333333333333333,2.0183808183674925,0,0,4,0,0,0,0,1,0,4,6,0,0,2,0,1,0
2229,76,9,45,22,67,0.881578947368421,0.5921052631578947,0.2894736842105263,Sequence_Complexity,4,0.18181818181818182,2.1997339036038994,4,0,4,0,2,0,0,0,2,1,2,0,4,2,0,1,0
2230,76,22,46,8,54,0.7105263157894737,0.6052631578947368,0.10526315789473684,Speed,4,0.5,1.482251913593018,1,0,2,0,0,0,0,0,0,0,1,0,0,0,0,4,0
2231,76,18,34,24,58,0.7631578947368421,0.4473684210526316,0.3157894736842105,Speed,6,0.25,2.3031008800318684,0,6,0,0,0,3,4,0,4,0,0,0,0,1,0,6,0
2232,76,36,28,12,40,0.5263157894736842,0.3684210526315789,0.15789473684210525,Displacement,7,0.5833333333333334,1.742996956549646,0,0,7,0,0,0,0,0,0,0,0,0,0,1,1,2,1
2233,76,10,48,18,66,0.868421052631579,0.631578947368421,0.23684210526315788,Indentation,4,0.2222222222222222,1.94783203991969,2,3,2,0,0,0,4,0,3,0,2,0,0,0,0,2,0
2234,76,15,54,7,61,0.8026315789473685,0.7105263157894737,0.09210526315789473,Curvature,5,0.7142857142857143,1.2350732433726395,0,5,0,0,0,0,0,0,0,0,0,0,1,0,0,1,0
2235,76,9,56,11,67,0.881578947368421,0.7368421052631579,0.14473684210526316,Spatial_Context,3,0.2727272727272727,1.4419936232786699,1,0,2,0,1,0,0,0,1,3,0,0,0,3,0,0,0
2236,76,10,46,20,66,0.868421052631579,0.6052631578947368,0.2631578947368421,Displacement,5,0.25,2.0469104163576204,2,5,5,0,3,1,0,0,2,0,0,0,0,1,0,0,1
2237,76,1,60,15,75,0.9868421052631579,0.7894736842105263,0.19736842105263158,Spatial_Context,2,0.13333333333333333,1.5319612537526495,1,1,1,1,1,2,0,1,1,1,0,1,1,2,0,1,0
2238,76,6,40,30,70,0.9210526315789473,0.5263157894736842,0.39473684210526316,Speed,4,0.13333333333333333,2.6504742396478584,3,0,0,3,0,1,4,1,3,3,2,0,4,0,1,4,1
2239,76,22,35,19,54,0.7105263157894737,0.4605263157894737,0.25,Phase_Change,7,0.3684210526315789,2.1684699718690976,0,0,0,3,0,0,0,0,2,2,7,0,0,0,1,2,2
2240,76,2,56,18,74,0.9736842105263158,0.7368421052631579,0.23684210526315788,Sequence_Complexity,2,0.1111111111111111,1.8109291498221927,2,1,1,1,2,2,2,0,0,1,1,1,2,1,1,0,0
2241,76,48,6,22,28,0.3684210526315789,0.07894736842105263,0.2894736842105263,Sequence_Complexity,9,0.4090909090909091,1.7031707691400655,0,0,0,0,0,3,9,0,0,0,0,0,9,1,0,0,0
2242,76,11,47,18,65,0.8552631578947368,0.618421052631579,0.23684210526315788,Duration,4,0.2222222222222222,2.0028064760990305,2,0,0,4,2,0,0,1,0,0,0,3,3,1,0,2,0
2243,76,16,27,33,60,0.7894736842105263,0.35526315789473684,0.4342105263157895,Curvature,6,0.18181818181818182,2.846336354945805,6,6,0,0,3,2,0,2,0,0,0,4,5,2,0,3,0
2244,76,9,39,28,67,0.881578947368421,0.5131578947368421,0.3684210526315789,Sampling_Gaps,4,0.14285714285714285,2.5515502232449156,0,4,1,4,1,3,4,0,0,0,0,4,3,3,0,1,0
2245,76,15,51,10,61,0.8026315789473685,0.6710526315789473,0.13157894736842105,Acceleration,4,0.4,1.565071574303137,4,1,0,0,1,0,1,1,0,0,0,0,1,1,0,0,0
2246,76,7,46,23,69,0.9078947368421053,0.6052631578947368,0.3026315789473684,Sequence_Complexity,3,0.13043478260869565,2.2906264023688525,3,3,1,2,1,2,0,2,0,0,0,3,3,2,0,1,0
2247,76,6,60,10,70,0.9210526315789473,0.7894736842105263,0.13157894736842105,Sequence_Complexity,3,0.3,1.2290724378493092,0,3,0,2,0,1,0,0,0,0,0,0,3,1,0,0,0
2248,76,7,45,24,69,0.9078947368421053,0.5921052631578947,0.3157894736842105,Acceleration,4,0.16666666666666666,2.3493137135282494,4,3,0,2,1,2,3,2,0,0,0,2,2,2,0,1,0
2249,76,46,19,11,30,0.39473684210526316,0.25,0.14473684210526316,Localization,5,0.45454545454545453,1.6010985567244933,3,0,0,0,0,2,0,1,5,0,0,0,0,0,0,0,0
2250,76,58,11,7,18,0.23684210526315788,0.14473684210526316,0.09210526315789473,Sequence_Complexity,6,0.8571428571428571,1.0725798749338962,0,0,0,0,0,1,0,0,0,0,0,0,6,0,0,0,0
2251,76,22,35,19,54,0.7105263157894737,0.4605263157894737,0.25,Sampling_Gaps,7,0.3684210526315789,2.105905662630105,3,3,0,0,0,1,0,1,4,0,0,7,0,0,0,0,0
2252,76,39,11,26,37,0.4868421052631579,0.14473684210526316,0.34210526315789475,Sequence_Complexity,9,0.34615384615384615,2.105128502377317,0,5,0,0,0,2,0,0,0,0,0,9,9,1,0,0,0
2253,76,13,34,29,63,0.8289473684210527,0.4473684210526316,0.3815789473684211,Speed,5,0.1724137931034483,2.633937225761748,5,2,0,5,0,0,0,2,1,0,0,4,3,2,0,5,0
2254,76,37,18,21,39,0.5131578947368421,0.23684210526315788,0.27631578947368424,Displacement,9,0.42857142857142855,2.065723242765421,2,0,9,6,0,0,0,0,0,0,0,0,0,2,0,0,2
2255,76,18,40,18,58,0.7631578947368421,0.5263157894736842,0.23684210526315788,Sequence_Complexity,6,0.3333333333333333,2.0347638775495525,0,0,1,0,2,0,2,0,4,0,0,0,6,0,0,3,0
2256,76,61,6,9,15,0.19736842105263158,0.07894736842105263,0.11842105263157894,Sequence_Complexity,8,0.8888888888888888,0.967864979290125,0,0,0,0,0,0,0,0,0,0,0,0,8,0,1,0,0
2257,76,13,33,30,63,0.8289473684210527,0.4342105263157895,0.39473684210526316,Sampling_Gaps,5,0.16666666666666666,2.6669468397575713,0,5,2,5,4,3,1,0,0,0,0,5,0,1,0,4,0
2258,76,24,39,13,52,0.6842105263157895,0.5131578947368421,0.17105263157894737,Phase_Change,3,0.23076923076923078,1.9199712758764944,0,0,2,0,0,0,0,0,2,0,3,0,2,1,0,2,1
2259,76,24,40,12,52,0.6842105263157895,0.5263157894736842,0.15789473684210525,Displacement,4,0.3333333333333333,1.7423222658497806,0,0,4,3,0,0,0,0,0,0,0,3,0,0,2,0,0
2260,76,3,65,8,73,0.9605263157894737,0.8552631578947368,0.10526315789473684,Curvature,3,0.375,0.9095252719522704,3,3,0,0,0,0,0,0,0,0,1,0,0,1,0,0,0
2261,76,38,20,18,38,0.5,0.2631578947368421,0.23684210526315788,Sampling_Gaps,8,0.4444444444444444,1.8653079297925705,0,0,0,5,0,0,0,0,5,0,0,8,0,0,0,0,0
2262,76,58,14,4,18,0.23684210526315788,0.18421052631578946,0.05263157894736842,Temporal,3,0.75,1.0134439064913603,0,0,0,0,0,0,1,0,0,0,0,0,0,0,0,0,3
2263,76,42,30,4,34,0.4473684210526316,0.39473684210526316,0.05263157894736842,Phase_Change,2,0.5,1.30471633416775,0,0,0,0,1,0,0,0,0,0,2,0,0,0,1,0,0
2264,76,6,45,25,70,0.9210526315789473,0.5921052631578947,0.32894736842105265,Sequence_Complexity,4,0.16,2.3675613707376293,1,1,0,3,0,1,4,1,3,0,0,3,4,0,1,2,1
2265,76,42,32,2,34,0.4473684210526316,0.42105263157894735,0.02631578947368421,Spatial_Context,1,0.5,1.1626994640132178,0,0,1,0,0,0,0,0,0,0,0,0,0,1,0,0,0
2266,76,24,36,16,52,0.6842105263157895,0.47368421052631576,0.21052631578947367,Indentation,7,0.4375,1.9609816644483982,0,0,2,0,0,1,7,0,4,1,1,0,0,0,0,0,0
2267,76,51,22,3,25,0.32894736842105265,0.2894736842105263,0.039473684210526314,Extent,3,1.0,1.0879791509076608,0,0,0,0,3,0,0,0,0,0,0,0,0,0,0,0,0
2268,76,46,29,1,30,0.39473684210526316,0.3815789473684211,0.013157894736842105,Phase_Change,1,1.0,1.0510156866367146,0,0,0,0,0,0,0,0,0,0,1,0,0,0,0,0,0
2269,76,16,40,20,60,0.7894736842105263,0.5263157894736842,0.2631578947368421,Localization,6,0.3,2.0452110817531213,0,0,3,0,6,0,0,0,6,3,0,0,0,0,2,0,0
2270,76,42,26,8,34,0.4473684210526316,0.34210526315789475,0.10526315789473684,Localization,3,0.375,1.5347888366974898,3,0,0,0,1,0,0,0,3,0,0,0,0,0,0,0,1
2271,76,15,38,23,61,0.8026315789473685,0.5,0.3026315789473684,Curvature,6,0.2608695652173913,2.211695139783262,0,6,0,0,5,0,2,0,0,4,0,0,5,1,0,0,0
2272,76,27,26,23,49,0.6447368421052632,0.34210526315789475,0.3026315789473684,Acceleration,6,0.2608695652173913,2.341900437962369,6,0,0,0,4,0,0,0,3,4,4,0,0,0,0,0,2
2273,76,21,45,10,55,0.7236842105263158,0.5921052631578947,0.13157894736842105,Indentation,3,0.3,1.6409940566626275,2,0,0,0,2,1,3,0,0,0,2,0,0,0,0,0,0
2274,76,39,25,12,37,0.4868421052631579,0.32894736842105265,0.15789473684210525,Indentation,6,0.5,1.6788927596455634,0,0,0,3,0,0,6,0,0,0,0,3,0,0,0,0,0
2275,76,21,32,23,55,0.7236842105263158,0.42105263157894735,0.3026315789473684,Sampling_Gaps,5,0.21739130434782608,2.302894950235324,0,0,0,0,5,0,1,0,4,0,5,5,0,0,0,0,3
2276,76,13,37,26,63,0.8289473684210527,0.4868421052631579,0.34210526315789475,Localization,5,0.19230769230769232,2.4263577793701745,0,5,0,1,5,0,1,3,5,0,0,4,0,2,0,0,0
2277,76,7,45,24,69,0.9078947368421053,0.5921052631578947,0.3157894736842105,Sampling_Gaps,3,0.125,2.3095827923617507,3,3,1,3,3,0,1,0,0,3,0,3,0,2,2,0,0
2278,76,4,46,26,72,0.9473684210526315,0.6052631578947368,0.34210526315789475,Sequence_Complexity,3,0.11538461538461539,2.3913038294004743,3,0,1,3,2,2,3,1,0,2,0,2,3,0,2,2,0
2279,76,6,45,25,70,0.9210526315789473,0.5921052631578947,0.32894736842105265,Speed,4,0.16,2.33479525237351,4,2,0,2,0,1,0,1,4,3,0,2,0,1,1,4,0
2280,76,6,50,20,70,0.9210526315789473,0.6578947368421053,0.2631578947368421,Phase_Change,4,0.2,1.942501730583189,3,0,0,3,2,0,2,0,4,1,4,0,0,0,0,1,0
2281,76,38,28,10,38,0.5,0.3684210526315789,0.13157894736842105,Sampling_Gaps,4,0.4,1.6224412195910054,0,0,0,0,0,0,3,0,3,0,0,4,0,0,0,0,0
2282,76,15,43,18,61,0.8026315789473685,0.5657894736842105,0.23684210526315788,Sequence_Complexity,4,0.2222222222222222,1.9856545741499276,0,0,4,4,0,1,4,0,0,0,0,0,4,1,0,0,0
2283,76,22,19,35,54,0.7105263157894737,0.25,0.4605263157894737,Sequence_Complexity,7,0.2,2.815688786766537,7,0,5,0,0,2,5,2,0,0,0,0,7,1,0,6,0
2284,76,22,27,27,54,0.7105263157894737,0.35526315789473684,0.35526315789473684,Speed,7,0.25925925925925924,2.5565154795040574,7,0,0,3,2,2,2,2,0,0,0,0,0,0,0,7,2
2285,76,7,35,34,69,0.9078947368421053,0.4605263157894737,0.4473684210526316,Speed,4,0.11764705882352941,2.8605452429966447,3,4,0,0,4,2,4,2,3,0,0,4,3,1,0,4,0
2286,76,24,20,32,52,0.6842105263157895,0.2631578947368421,0.42105263157894735,Sampling_Gaps,7,0.21875,2.5757748853821654,7,0,0,7,0,0,0,2,0,0,7,7,0,0,0,0,2
2287,76,24,34,18,52,0.6842105263157895,0.4473684210526316,0.23684210526315788,Indentation,5,0.2777777777777778,2.150856926648591,0,1,0,0,0,3,5,2,0,0,0,2,1,0,0,4,0
2288,76,31,28,17,45,0.5921052631578947,0.3684210526315789,0.2236842105263158,Indentation,5,0.29411764705882354,1.9977308705104737,0,0,0,5,5,0,5,0,0,0,1,0,0,0,0,0,1
2289,76,3,53,20,73,0.9605263157894737,0.6973684210526315,0.2631578947368421,Speed,3,0.15,1.9768836437001187,1,3,1,0,1,1,1,1,1,2,0,0,3,1,1,3,0
2290,76,6,43,27,70,0.9210526315789473,0.5657894736842105,0.35526315789473684,Phase_Change,4,0.14814814814814814,2.480178375800901,2,0,3,0,4,0,0,1,0,4,4,3,1,1,1,2,1
2291,76,7,48,21,69,0.9078947368421053,0.631578947368421,0.27631578947368424,Displacement,4,0.19047619047619047,2.1725369280617604,2,2,4,0,0,0,0,1,2,2,1,2,0,2,0,2,1
2292,76,11,54,11,65,0.8552631578947368,0.7105263157894737,0.14473684210526316,Localization,3,0.2727272727272727,1.5330926723098417,0,0,3,0,0,0,1,0,3,0,1,0,1,0,0,1,1
2293,76,11,45,20,65,0.8552631578947368,0.5921052631578947,0.2631578947368421,Localization,4,0.2,2.1270441300245637,0,0,4,4,0,0,0,1,4,1,0,1,1,2,0,0,2
2294,76,16,41,19,60,0.7894736842105263,0.5394736842105263,0.25,Speed,6,0.3157894736842105,2.11734468849843,1,1,3,0,4,0,2,1,0,0,0,0,0,1,0,6,0
2295,76,10,53,13,66,0.868421052631579,0.6973684210526315,0.17105263157894737,Displacement,4,0.3076923076923077,1.5234047825591963,0,0,4,0,0,0,3,0,0,0,0,3,0,0,0,3,0
2296,76,11,42,23,65,0.8552631578947368,0.5526315789473685,0.3026315789473684,Sampling_Gaps,4,0.17391304347826086,2.3099542626030374,2,0,2,3,0,1,4,2,4,0,0,4,0,1,0,0,0
2297,76,22,34,20,54,0.7105263157894737,0.4473684210526316,0.2631578947368421,Speed,4,0.2,2.292782681642809,0,0,4,0,0,0,0,1,3,3,1,0,0,2,0,4,2
2298,76,1,68,7,75,0.9868421052631579,0.8947368421052632,0.09210526315789473,Temporal,1,0.14285714285714285,0.8012502344301241,0,0,1,0,0,0,0,1,0,0,0,0,1,1,1,1,1
2299,76,3,58,15,73,0.9605263157894737,0.7631578947368421,0.19736842105263158,Path_Evolution,2,0.13333333333333333,1.5569040237124978,2,0,2,2,1,0,2,0,2,2,1,0,0,0,0,1,0
2300,76,13,44,19,63,0.8289473684210527,0.5789473684210527,0.25,Duration,5,0.2631578947368421,2.023588519903114,1,0,5,5,0,0,0,3,0,0,0,1,0,3,0,1,0
2301,76,6,51,19,70,0.9210526315789473,0.6710526315789473,0.25,Displacement,4,0.21052631578947367,1.8917679088203798,0,0,4,3,2,0,0,0,2,3,0,3,0,1,0,0,1
2302,76,9,51,16,67,0.881578947368421,0.6710526315789473,0.21052631578947367,Speed,2,0.125,1.855519389055071,2,2,2,2,0,0,0,0,2,0,0,2,2,0,0,2,0
2303,76,24,32,20,52,0.6842105263157895,0.42105263157894735,0.2631578947368421,Indentation,7,0.35,2.1432532110988305,3,0,0,0,3,3,7,0,0,0,0,0,4,0,0,0,0
2304,76,24,30,22,52,0.6842105263157895,0.39473684210526316,0.2894736842105263,Localization,7,0.3181818181818182,2.2589542917796783,0,2,0,0,0,3,0,0,7,0,6,0,2,0,2,0,0
2305,76,42,22,12,34,0.4473684210526316,0.2894736842105263,0.15789473684210525,Sequence_Complexity,5,0.4166666666666667,1.645241877711979,0,5,0,0,0,2,0,0,0,0,0,0,5,0,0,0,0
2306,76,10,60,6,66,0.868421052631579,0.7894736842105263,0.07894736842105263,Displacement,3,0.5,1.0849327215021616,1,0,3,0,0,0,0,1,0,1,0,0,0,0,0,0,0
2307,76,1,59,16,75,0.9868421052631579,0.7763157894736842,0.21052631578947367,Duration,2,0.125,1.6021914619653133,1,2,2,2,1,1,1,0,0,1,0,1,1,1,1,1,0
2308,76,10,29,37,66,0.868421052631579,0.3815789473684211,0.4868421052631579,Speed,5,0.13513513513513514,2.8878194459616005,0,5,5,0,5,1,5,0,5,0,0,0,5,1,0,5,0
2309,76,3,42,31,73,0.9605263157894737,0.5526315789473685,0.40789473684210525,Speed,3,0.0967741935483871,2.6423195295180255,3,3,0,0,3,1,3,1,3,3,0,3,3,1,1,3,0
2310,76,1,56,19,75,0.9868421052631579,0.7368421052631579,0.25,Speed,2,0.10526315789473684,1.73198178140114,2,2,2,2,2,0,0,0,1,2,2,0,2,0,0,2,0
2311,76,7,57,12,69,0.9078947368421053,0.75,0.15789473684210525,Displacement,4,0.3333333333333333,1.420544582338888,3,0,4,0,0,0,0,1,0,1,0,0,2,1,0,0,0
2312,76,6,56,14,70,0.9210526315789473,0.7368421052631579,0.18421052631578946,Sequence_Complexity,4,0.2857142857142857,1.5343561233925367,1,3,0,0,1,0,0,1,0,1,0,0,4,0,0,3,0
2313,76,15,28,33,61,0.8026315789473685,0.3684210526315789,0.4342105263157895,Sequence_Complexity,6,0.18181818181818182,2.764267358530752,6,6,6,0,3,0,0,1,0,3,0,0,6,1,1,0,0
2314,76,6,53,17,70,0.9210526315789473,0.6973684210526315,0.2236842105263158,Duration,4,0.23529411764705882,1.687409959489593,2,4,0,4,0,1,0,0,0,3,3,0,0,0,0,0,0
2315,76,6,55,15,70,0.9210526315789473,0.7236842105263158,0.19736842105263158,Path_Evolution,4,0.26666666666666666,1.6494464707043321,4,0,1,0,1,0,0,1,0,4,1,0,0,1,1,0,1
2316,76,16,32,28,60,0.7894736842105263,0.42105263157894735,0.3684210526315789,Indentation,6,0.21428571428571427,2.5882042833459855,2,3,0,6,0,1,6,1,0,0,0,5,0,0,1,3,0
2317,76,10,40,26,66,0.868421052631579,0.5263157894736842,0.34210526315789475,Speed,4,0.15384615384615385,2.351922187859794,4,4,0,2,4,0,0,0,0,4,4,0,0,0,0,4,0
2318,76,16,38,22,60,0.7894736842105263,0.5,0.2894736842105263,Duration,5,0.22727272727272727,2.273579671417968,0,0,0,5,3,0,3,0,4,0,0,3,1,0,0,3,0
2319,76,18,26,32,58,0.7631578947368421,0.34210526315789475,0.42105263157894735,Sequence_Complexity,5,0.15625,2.7633477756259404,0,0,5,0,3,0,0,0,5,0,5,5,5,3,0,0,1
2320,76,10,46,20,66,0.868421052631579,0.6052631578947368,0.2631578947368421,Speed,4,0.2,2.1845998038143333,0,1,2,2,3,1,0,1,1,0,0,3,0,1,1,4,0
2321,76,13,33,30,63,0.8289473684210527,0.4342105263157895,0.39473684210526316,Speed,5,0.16666666666666666,2.5719563009566024,0,0,5,5,0,3,0,0,0,0,0,5,5,2,0,5,0
2322,76,27,35,14,49,0.6447368421052632,0.4605263157894737,0.18421052631578946,Speed,6,0.42857142857142855,1.8772494784701923,0,2,0,0,0,2,3,0,0,0,0,0,1,0,0,6,0
2323,76,25,28,23,51,0.6710526315789473,0.3684210526315789,0.3026315789473684,Speed,6,0.2608695652173913,2.3144910197658417,0,0,0,3,3,0,0,0,5,0,1,5,0,0,0,6,0
2324,76,18,27,31,58,0.7631578947368421,0.35526315789473684,0.40789473684210525,Curvature,6,0.1935483870967742,2.7357623023943836,0,6,0,0,4,2,5,0,2,0,4,0,0,0,0,5,3
2325,76,42,16,18,34,0.4473684210526316,0.21052631578947367,0.23684210526315788,Speed,8,0.4444444444444444,1.8796761086931266,0,0,0,0,3,0,0,4,0,0,0,3,0,0,0,8,0
2326,76,3,57,16,73,0.9605263157894737,0.75,0.21052631578947367,Sampling_Gaps,3,0.1875,1.6329354961556815,1,0,2,2,0,1,3,0,1,0,1,3,1,1,0,0,0
2327,76,6,39,31,70,0.9210526315789473,0.5131578947368421,0.40789473684210525,Sampling_Gaps,4,0.12903225806451613,2.702994631196586,3,4,0,0,3,1,3,1,0,0,4,4,3,1,0,3,1
2328,76,3,58,15,73,0.9605263157894737,0.7631578947368421,0.19736842105263158,Speed,2,0.13333333333333333,1.63585139213355,1,1,2,0,0,0,1,1,1,2,0,1,1,1,1,2,0
2329,76,10,36,30,66,0.868421052631579,0.47368421052631576,0.39473684210526316,Displacement,5,0.16666666666666666,2.662980191344104,4,0,5,0,3,0,0,1,3,4,4,0,0,1,1,4,0
2330,76,6,41,29,70,0.9210526315789473,0.5394736842105263,0.3815789473684211,Speed,4,0.13793103448275862,2.43313416218264,4,3,4,0,4,0,0,0,0,4,2,4,0,0,0,4,0
2331,76,4,46,26,72,0.9473684210526315,0.6052631578947368,0.34210526315789475,Speed,3,0.11538461538461539,2.3813710991088497,0,0,3,2,3,0,2,0,3,3,2,2,0,1,1,3,1
2332,76,6,59,11,70,0.9210526315789473,0.7763157894736842,0.14473684210526316,Path_Evolution,4,0.36363636363636365,1.282919586879914,1,2,0,0,0,0,0,0,1,4,0,0,0,0,0,3,0
2333,76,0,67,9,76,1.0,0.881578947368421,0.11842105263157894,Speed,1,0.1111111111111111,0.9001909902768652,1,0,1,1,1,0,0,0,0,1,1,1,1,0,0,1,0
2334,76,2,66,8,74,0.9736842105263158,0.868421052631579,0.10526315789473684,Spatial_Context,2,0.25,0.8672694624217705,2,0,2,2,0,0,0,0,0,0,0,0,0,2,0,0,0
2335,76,15,55,6,61,0.8026315789473685,0.7236842105263158,0.07894736842105263,Acceleration,4,0.6666666666666666,1.1876887874174793,4,0,1,0,0,0,0,0,0,0,0,0,0,0,0,1,0
2336,76,55,17,4,21,0.27631578947368424,0.2236842105263158,0.05263157894736842,Sequence_Complexity,4,1.0,1.0444847167973743,0,0,0,0,0,0,0,0,0,0,0,0,4,0,0,0,0
2337,76,46,25,5,30,0.39473684210526316,0.32894736842105265,0.06578947368421052,Localization,3,0.6,1.314570378902083,0,0,1,0,0,0,0,0,3,1,0,0,0,0,0,0,0
2338,76,38,27,11,38,0.5,0.35526315789473684,0.14473684210526316,Sampling_Gaps,8,0.7272727272727273,1.5563736243457782,0,0,0,3,0,0,0,0,0,0,0,8,0,0,0,0,0
2339,76,18,45,13,58,0.7631578947368421,0.5921052631578947,0.17105263157894737,Sequence_Complexity,6,0.46153846153846156,1.7781667981130074,1,1,0,0,0,0,1,0,1,1,0,0,6,0,2,0,0
2340,76,51,19,6,25,0.32894736842105265,0.25,0.07894736842105263,SpatioTemporal_Dynamics,4,0.6666666666666666,1.2478707345491855,0,0,0,0,0,0,0,0,0,2,0,0,0,0,4,0,0
2341,76,31,30,15,45,0.5921052631578947,0.39473684210526316,0.19736842105263158,Duration,7,0.4666666666666667,1.8737395141718498,4,0,2,7,0,0,0,0,0,0,0,2,0,0,0,0,0
2342,76,22,42,12,54,0.7105263157894737,0.5526315789473685,0.15789473684210525,Sequence_Complexity,6,0.5,1.7203669559296983,0,0,0,0,0,0,2,0,2,1,0,0,6,0,1,0,0
2343,76,58,9,9,18,0.23684210526315788,0.11842105263157894,0.11842105263157894,Indentation,7,0.7777777777777778,1.1434050504859112,0,0,0,0,0,1,7,0,0,0,0,0,0,0,1,0,0
2344,76,34,36,6,42,0.5526315789473685,0.47368421052631576,0.07894736842105263,SpatioTemporal_Dynamics,3,0.5,1.4341653534883454,0,0,0,0,0,0,0,0,0,1,0,0,2,0,3,0,0
2345,76,42,28,6,34,0.4473684210526316,0.3684210526315789,0.07894736842105263,Indentation,5,0.8333333333333334,1.3440734338546687,0,0,0,0,0,1,5,0,0,0,0,0,0,0,0,0,0
2346,76,31,31,14,45,0.5921052631578947,0.40789473684210525,0.18421052631578946,Speed,6,0.42857142857142855,1.8771417074877943,0,1,3,0,0,0,0,0,3,0,0,0,0,0,0,6,1
2347,76,27,33,16,49,0.6447368421052632,0.4342105263157895,0.21052631578947367,Extent,7,0.4375,2.004526816711403,1,0,0,0,7,0,0,0,2,2,0,0,2,2,0,0,0
2348,76,24,30,22,52,0.6842105263157895,0.39473684210526316,0.2894736842105263,Duration,7,0.3181818181818182,2.3003391210918713,0,0,0,7,0,3,5,1,1,3,0,2,0,0,0,0,0
2349,76,55,20,1,21,0.27631578947368424,0.2631578947368421,0.013157894736842105,Acceleration,1,1.0,0.9266992747382758,1,0,0,0,0,0,0,0,0,0,0,0,0,0,0,0,0
2350,76,34,22,20,42,0.5526315789473685,0.2894736842105263,0.2631578947368421,Duration,7,0.35,2.093292425606886,0,0,0,7,3,0,0,0,0,0,3,6,0,0,0,0,1
2351,76,51,22,3,25,0.32894736842105265,0.2894736842105263,0.039473684210526314,Indentation,2,0.6666666666666666,1.1242276706729697,0,0,1,0,0,0,2,0,0,0,0,0,0,0,0,0,0
2352,76,46,25,5,30,0.39473684210526316,0.32894736842105265,0.06578947368421052,Extent,3,0.6,1.2882545894283988,0,0,0,0,3,0,0,0,0,0,0,0,2,0,0,0,0
2353,76,16,43,17,60,0.7894736842105263,0.5657894736842105,0.2236842105263158,Acceleration,3,0.17647058823529413,2.0889239350968265,3,2,2,0,2,0,0,2,2,0,0,2,2,0,0,0,0
2354,76,55,16,5,21,0.27631578947368424,0.21052631578947367,0.06578947368421052,Curvature,3,0.6,1.133063411522273,0,3,2,0,0,0,0,0,0,0,0,0,0,0,0,0,0
2355,76,42,12,22,34,0.4473684210526316,0.15789473684210525,0.2894736842105263,Indentation,7,0.3181818181818182,1.9726274643569754,0,0,0,0,6,3,7,0,0,0,0,0,6,0,0,0,0
2356,76,6,61,9,70,0.9210526315789473,0.8026315789473685,0.11842105263157894,Speed,1,0.1111111111111111,1.2836544529743354,1,0,1,1,1,0,0,0,0,0,1,1,1,1,0,1,0
2357,76,21,33,22,55,0.7236842105263158,0.4342105263157895,0.2894736842105263,Sequence_Complexity,6,0.2727272727272727,2.2843354498887996,0,3,4,0,3,0,0,0,0,3,3,0,6,0,0,0,0
2358,76,31,31,14,45,0.5921052631578947,0.40789473684210525,0.18421052631578946,Sequence_Complexity,5,0.35714285714285715,1.938391997383236,2,1,0,0,0,1,3,0,0,0,0,0,5,0,0,0,2
2359,76,22,41,13,54,0.7105263157894737,0.5394736842105263,0.17105263157894737,Localization,4,0.3076923076923077,1.767374680528777,0,0,3,0,2,0,4,0,4,0,0,0,0,0,0,0,0
2360,76,7,61,8,69,0.9078947368421053,0.8026315789473685,0.10526315789473684,Spatial_Context,2,0.25,1.202842486525963,1,0,1,0,1,0,0,0,0,0,0,0,1,2,0,1,1
2361,76,18,38,20,58,0.7631578947368421,0.5,0.2631578947368421,Indentation,5,0.25,2.207018486865841,3,1,0,0,0,3,5,0,3,0,0,0,2,3,0,0,0
2362,76,24,36,16,52,0.6842105263157895,0.47368421052631576,0.21052631578947367,Sequence_Complexity,7,0.4375,1.9510489341567738,0,2,2,0,2,0,3,0,0,0,0,0,7,0,0,0,0
2363,76,10,33,33,66,0.868421052631579,0.4342105263157895,0.4342105263157895,Localization,5,0.15151515151515152,2.788670041909688,4,0,5,0,4,0,4,0,5,4,0,0,4,1,1,0,1
2364,76,13,50,13,63,0.8289473684210527,0.6578947368421053,0.17105263157894737,Phase_Change,5,0.38461538461538464,1.6175569042461215,0,0,0,1,0,0,0,0,2,0,5,0,0,1,0,4,0
2365,76,7,53,16,69,0.9078947368421053,0.6973684210526315,0.21052631578947367,Speed,3,0.1875,1.8171243088306939,1,0,3,1,2,0,0,0,1,1,0,1,0,2,0,3,1
2366,76,9,53,14,67,0.881578947368421,0.6973684210526315,0.18421052631578946,Sampling_Gaps,2,0.14285714285714285,1.693860288380028,2,0,2,2,2,0,0,0,2,2,0,2,0,0,0,0,0
2367,76,22,36,18,54,0.7105263157894737,0.47368421052631576,0.23684210526315788,Localization,6,0.3333333333333333,2.047344017777827,6,1,0,0,0,0,1,2,6,0,0,0,0,0,2,0,0
2368,76,13,26,37,63,0.8289473684210527,0.34210526315789475,0.4868421052631579,Speed,5,0.13513513513513514,2.9976594422364764,5,4,4,5,0,0,0,3,5,3,0,0,0,0,3,5,0
2369,76,11,38,27,65,0.8552631578947368,0.5,0.35526315789473684,Localization,5,0.18518518518518517,2.46221929931998,3,3,4,0,0,0,5,1,5,3,0,3,0,0,0,0,0
2370,76,11,31,34,65,0.8552631578947368,0.40789473684210525,0.4473684210526316,Speed,5,0.14705882352941177,2.8474416805310736,0,0,2,5,5,1,5,0,0,0,3,5,0,1,0,5,2
2371,76,16,42,18,60,0.7894736842105263,0.5526315789473685,0.23684210526315788,Sampling_Gaps,5,0.2777777777777778,2.1315872537947933,0,0,0,2,3,0,0,0,0,2,2,5,0,1,1,1,1
2372,76,3,44,29,73,0.9605263157894737,0.5789473684210527,0.3815789473684211,Speed,3,0.10344827586206896,2.497809372134214,3,3,0,0,3,1,3,1,3,2,3,0,3,1,0,3,0
2373,76,22,37,17,54,0.7105263157894737,0.4868421052631579,0.2236842105263158,Displacement,7,0.4117647058823529,2.0833386372239158,2,0,7,0,1,0,0,1,2,0,0,0,0,2,0,1,1
2374,76,10,59,7,66,0.868421052631579,0.7763157894736842,0.09210526315789473,Phase_Change,2,0.2857142857142857,1.1650956600064506,2,0,0,0,0,0,1,0,0,2,2,0,0,0,0,0,0
2375,76,3,49,24,73,0.9605263157894737,0.6447368421052632,0.3157894736842105,Sequence_Complexity,3,0.125,2.1110196861174084,2,3,3,3,0,0,3,0,0,3,2,0,3,0,0,2,0
2376,76,6,56,14,70,0.9210526315789473,0.7368421052631579,0.18421052631578946,Displacement,4,0.2857142857142857,1.4916572747367929,4,1,4,0,0,0,0,0,0,0,3,0,1,1,0,0,0
2377,76,15,33,28,61,0.8026315789473685,0.4342105263157895,0.3684210526315789,Localization,6,0.21428571428571427,2.6280924490980007,3,0,6,0,0,0,0,1,6,3,3,0,0,1,1,3,1
2378,76,11,56,9,65,0.8552631578947368,0.7368421052631579,0.11842105263157894,Displacement,4,0.4444444444444444,1.3102219418615315,0,0,4,0,0,0,0,2,0,0,1,0,0,2,0,0,0
2379,76,1,70,5,75,0.9868421052631579,0.9210526315789473,0.06578947368421052,Localization,2,0.4,0.549903682046906,0,0,2,0,0,0,0,0,2,0,0,0,0,1,0,0,0
2380,76,15,41,20,61,0.8026315789473685,0.5394736842105263,0.2631578947368421,Duration,6,0.3,2.0506637361189832,1,0,5,6,2,0,0,0,0,0,0,5,0,1,0,0,0
2381,76,21,36,19,55,0.7236842105263158,0.47368421052631576,0.25,Speed,6,0.3157894736842105,2.13101579050598,0,1,3,0,3,0,0,0,3,0,0,0,3,0,0,6,0
2382,76,7,64,5,69,0.9078947368421053,0.8421052631578947,0.06578947368421052,Speed,2,0.4,0.884092191675122,0,0,0,0,2,0,0,0,0,0,0,0,0,1,0,2,0
2383,76,13,35,28,63,0.8289473684210527,0.4605263157894737,0.3684210526315789,Sampling_Gaps,4,0.14285714285714285,2.6013433432694413,3,0,4,4,4,1,4,0,0,0,0,4,3,0,0,0,1
2384,76,6,52,18,70,0.9210526315789473,0.6842105263157895,0.23684210526315788,Phase_Change,4,0.2222222222222222,1.860527311443708,0,0,0,2,0,0,1,1,3,3,4,2,0,0,1,0,1
2385,76,27,27,22,49,0.6447368421052632,0.35526315789473684,0.2894736842105263,Sampling_Gaps,7,0.3181818181818182,2.1732362700216044,2,0,0,7,5,0,1,0,0,0,0,7,0,0,0,0,0
2386,76,9,52,15,67,0.881578947368421,0.6842105263157895,0.19736842105263158,Speed,4,0.26666666666666666,1.7353986929657217,1,0,0,1,1,0,1,0,4,0,1,2,0,0,0,4,0
2387,76,16,35,25,60,0.7894736842105263,0.4605263157894737,0.32894736842105265,Curvature,5,0.2,2.4650449602315994,5,5,2,0,0,0,0,0,2,4,0,2,0,0,3,2,0
2388,76,21,41,14,55,0.7236842105263158,0.5394736842105263,0.18421052631578946,Sampling_Gaps,5,0.35714285714285715,1.8397997036217544,0,0,3,0,0,0,0,1,0,0,0,5,2,0,0,3,0
2389,76,11,37,28,65,0.8552631578947368,0.4868421052631579,0.3684210526315789,Speed,5,0.17857142857142858,2.5897327334152296,0,1,2,0,4,0,0,0,5,4,2,0,0,2,2,5,1
2390,76,65,5,6,11,0.14473684210526316,0.06578947368421052,0.07894736842105263,Localization,6,1.0,0.7403837854749895,0,0,0,0,0,0,0,0,6,0,0,0,0,0,0,0,0
2391,76,6,61,9,70,0.9210526315789473,0.8026315789473685,0.11842105263157894,Indentation,2,0.2222222222222222,1.2310228740269669,0,0,1,2,0,0,2,0,1,1,1,1,0,0,0,0,0
2392,76,42,19,15,34,0.4473684210526316,0.25,0.19736842105263158,Path_Evolution,5,0.3333333333333333,1.8115837902439385,0,0,5,0,0,0,0,0,3,5,0,0,0,0,2,0,0
2393,76,7,50,19,69,0.9078947368421053,0.6578947368421053,0.25,Speed,4,0.21052631578947367,1.8716224944264415,0,1,0,3,0,0,4,0,2,0,4,1,0,0,0,4,0
2394,76,15,31,30,61,0.8026315789473685,0.40789473684210525,0.39473684210526316,Speed,6,0.2,2.6647379076075532,0,0,0,0,5,1,2,1,6,6,0,0,1,1,1,6,0
2395,76,27,25,24,49,0.6447368421052632,0.32894736842105265,0.3157894736842105,Sampling_Gaps,6,0.25,2.3174380626500426,5,0,1,6,0,0,0,0,5,0,0,6,0,1,0,0,0
2396,76,34,33,9,42,0.5526315789473685,0.4342105263157895,0.11842105263157894,Sampling_Gaps,3,0.3333333333333333,1.5939353417616,0,0,0,3,0,0,3,0,0,0,0,3,0,0,0,0,0
2397,76,65,4,7,11,0.14473684210526316,0.05263157894736842,0.09210526315789473,Acceleration,7,1.0,0.7333828779007858,7,0,0,0,0,0,0,0,0,0,0,0,0,0,0,0,0
2398,76,31,24,21,45,0.5921052631578947,0.3157894736842105,0.27631578947368424,Speed,8,0.38095238095238093,2.0424119129264686,0,0,0,0,0,0,1,0,0,4,0,0,8,0,0,8,0
2399,76,22,33,21,54,0.7105263157894737,0.4342105263157895,0.27631578947368424,Sampling_Gaps,6,0.2857142857142857,2.2420485064728397,0,0,4,0,0,0,0,1,5,1,0,6,0,0,1,3,0
2400,76,42,32,2,34,0.4473684210526316,0.42105263157894735,0.02631578947368421,Speed,2,1.0,1.1363836745395337,0,0,0,0,0,0,0,0,0,0,0,0,0,0,0,2,0
2401,76,34,14,28,42,0.5526315789473685,0.18421052631578946,0.3684210526315789,Extent,7,0.25,2.345856718064481,5,0,0,6,7,0,0,4,0,0,0,6,0,0,0,0,0
2402,76,24,39,13,52,0.6842105263157895,0.5131578947368421,0.17105263157894737,Sampling_Gaps,3,0.23076923076923078,1.8737900258195612,0,0,2,3,0,0,3,0,0,1,0,3,0,1,0,0,0
2403,76,38,19,19,38,0.5,0.25,0.25,Localization,8,0.42105263157894735,1.968305358903479,5,0,3,0,0,0,0,0,8,0,0,0,0,0,0,3,0
2404,76,11,48,17,65,0.8552631578947368,0.631578947368421,0.2236842105263158,Speed,4,0.23529411764705882,1.8216563246788993,0,0,0,4,0,0,3,0,0,0,3,3,0,0,0,4,0
2405,76,11,48,17,65,0.8552631578947368,0.631578947368421,0.2236842105263158,Sequence_Complexity,5,0.29411764705882354,1.8617271346475404,2,0,0,0,0,1,2,0,0,5,0,1,5,0,1,0,0
2406,76,13,45,18,63,0.8289473684210527,0.5921052631578947,0.23684210526315788,Indentation,3,0.16666666666666666,2.0801790835094214,2,2,2,2,0,3,3,0,0,2,0,2,0,0,0,0,0
2407,76,10,38,28,66,0.868421052631579,0.5,0.3684210526315789,Speed,5,0.17857142857142858,2.4869541468693677,5,0,0,0,0,1,5,1,0,5,3,0,2,0,1,5,0
2408,76,7,49,20,69,0.9078947368421053,0.6447368421052632,0.2631578947368421,Phase_Change,3,0.15,2.122570219782902,2,0,2,2,0,0,0,1,2,0,3,2,2,1,0,2,1
2409,76,11,51,14,65,0.8552631578947368,0.6710526315789473,0.18421052631578946,Phase_Change,5,0.35714285714285715,1.6464542473625747,0,0,0,0,3,0,0,0,0,2,5,0,0,0,2,2,0
2410,76,31,32,13,45,0.5921052631578947,0.42105263157894735,0.17105263157894737,Displacement,6,0.46153846153846156,1.792669149882441,0,0,6,0,3,0,0,1,0,0,0,0,0,3,0,0,0
2411,76,6,62,8,70,0.9210526315789473,0.8157894736842105,0.10526315789473684,Displacement,4,0.5,1.0812176943868328,1,0,4,0,0,0,1,0,0,1,1,0,0,0,0,0,0
2412,76,15,44,17,61,0.8026315789473685,0.5789473684210527,0.2236842105263158,Displacement,5,0.29411764705882354,1.9130914524270128,3,0,5,0,0,0,3,0,0,0,3,0,0,0,0,3,0
2413,76,24,42,10,52,0.6842105263157895,0.5526315789473685,0.13157894736842105,Displacement,3,0.3,1.6785680492833335,2,0,3,0,0,0,0,0,0,0,0,0,2,1,0,2,0
2414,76,22,45,9,54,0.7105263157894737,0.5921052631578947,0.11842105263157894,Indentation,4,0.4444444444444444,1.600021132590218,0,0,0,0,0,1,4,1,0,1,0,0,0,1,0,1,0
2415,76,21,53,2,55,0.7236842105263158,0.6973684210526315,0.02631578947368421,Temporal,1,0.5,1.0397900138356444,0,0,0,0,0,0,0,0,0,0,0,0,0,0,1,0,1
2416,76,3,68,5,73,0.9605263157894737,0.8947368421052632,0.06578947368421052,Indentation,2,0.4,0.6860543462437626,0,0,2,0,0,0,2,0,0,0,1,0,0,0,0,0,0
2417,76,28,40,8,48,0.631578947368421,0.5263157894736842,0.10526315789473684,Displacement,4,0.5,1.5705188080079613,1,0,4,0,0,0,1,0,0,0,0,0,0,1,0,1,0
2418,76,21,48,7,55,0.7236842105263158,0.631578947368421,0.09210526315789473,Spatial_Context,2,0.2857142857142857,1.4542845409045133,0,1,2,0,1,0,0,0,0,1,0,0,0,2,0,0,0
2419,76,21,42,13,55,0.7236842105263158,0.5526315789473685,0.17105263157894737,Acceleration,5,0.38461538461538464,1.7962743804238654,5,0,2,0,0,0,2,0,2,0,2,0,0,0,0,0,0
2420,76,16,42,18,60,0.7894736842105263,0.5526315789473685,0.23684210526315788,Displacement,5,0.2777777777777778,2.0953387340294847,1,0,5,0,0,0,0,0,0,1,2,0,3,2,0,3,1
2421,76,10,52,14,66,0.868421052631579,0.6842105263157895,0.18421052631578946,Displacement,5,0.35714285714285715,1.6788250559877005,2,0,5,0,0,0,1,0,0,2,2,0,0,1,0,1,0
2422,76,51,22,3,25,0.32894736842105265,0.2894736842105263,0.039473684210526314,Acceleration,2,0.6666666666666666,1.1242276706729695,2,0,1,0,0,0,0,0,0,0,0,0,0,0,0,0,0
2423,76,10,50,16,66,0.868421052631579,0.6578947368421053,0.21052631578947367,Indentation,5,0.3125,1.7573170737259922,3,0,3,0,0,0,5,0,0,0,3,0,1,0,0,1,0
2424,76,10,61,5,66,0.868421052631579,0.8026315789473685,0.06578947368421052,Phase_Change,2,0.4,0.9980030589671421,1,2,0,0,0,0,0,0,0,0,2,0,0,0,0,0,0
2425,76,6,56,14,70,0.9210526315789473,0.7368421052631579,0.18421052631578946,Extent,4,0.2857142857142857,1.5542215839757856,1,1,4,0,4,0,0,0,1,1,1,0,0,0,0,1,0
2426,76,61,13,2,15,0.19736842105263158,0.17105263157894737,0.02631578947368421,Path_Evolution,2,1.0,0.8284446986123979,0,0,0,0,0,0,0,0,0,2,0,0,0,0,0,0,0
2427,76,22,36,18,54,0.7105263157894737,0.47368421052631576,0.23684210526315788,Indentation,6,0.3333333333333333,2.172472636255813,0,0,2,0,1,2,6,0,2,0,0,0,2,1,0,0,2
2428,76,24,38,14,52,0.6842105263157895,0.5,0.18421052631578946,Extent,5,0.35714285714285715,1.9081265462756345,0,1,2,0,5,0,0,0,0,0,0,0,2,1,3,0,0
2429,76,42,23,11,34,0.4473684210526316,0.3026315789473684,0.14473684210526316,Extent,5,0.45454545454545453,1.657351398672276,3,0,2,0,5,0,0,0,0,0,0,0,0,1,0,0,0
2430,76,31,33,12,45,0.5921052631578947,0.4342105263157895,0.15789473684210525,Speed,4,0.3333333333333333,1.806416111270572,0,0,0,0,3,0,0,0,1,0,0,0,1,0,3,4,0
2431,76,31,18,27,45,0.5921052631578947,0.23684210526315788,0.35526315789473684,Localization,7,0.25925925925925924,2.3504753152429063,0,0,0,0,7,3,6,0,7,0,4,0,0,0,0,0,0
2432,76,31,28,17,45,0.5921052631578947,0.3684210526315789,0.2236842105263158,Phase_Change,5,0.29411764705882354,2.040089830364074,2,0,0,0,4,0,0,0,4,2,5,0,0,0,0,0,0
2433,76,11,48,17,65,0.8552631578947368,0.631578947368421,0.2236842105263158,Phase_Change,5,0.29411764705882354,1.735284496826004,5,0,0,0,0,0,0,0,5,0,5,0,2,0,0,0,0
2434,76,29,19,28,47,0.618421052631579,0.25,0.3684210526315789,Phase_Change,8,0.2857142857142857,2.415775459910284,2,0,0,0,7,0,0,0,0,8,8,0,0,1,1,0,1
2435,76,39,26,11,37,0.4868421052631579,0.34210526315789475,0.14473684210526316,Localization,5,0.45454545454545453,1.6696148860523632,0,0,1,0,4,0,0,0,5,0,0,0,0,0,1,0,0
2436,76,10,38,28,66,0.868421052631579,0.5,0.3684210526315789,Indentation,5,0.17857142857142858,2.44043300801029,0,5,0,0,4,0,5,0,3,4,4,0,0,0,0,3,0
2437,76,1,72,3,75,0.9868421052631579,0.9473684210526315,0.039473684210526314,Temporal,1,0.3333333333333333,0.40273540681402653,0,0,0,0,0,1,0,1,0,0,0,0,0,0,0,0,1
2438,76,1,57,18,75,0.9868421052631579,0.75,0.23684210526315788,Speed,2,0.1111111111111111,1.6627336870305551,2,2,2,2,2,0,1,0,1,2,2,0,0,0,0,2,0
2439,76,0,71,5,76,1.0,0.9342105263157895,0.06578947368421052,Temporal,1,0.2,0.5027690202221062,0,0,1,0,0,1,0,1,0,0,0,0,0,1,0,0,1
2440,76,6,49,21,70,0.9210526315789473,0.6447368421052632,0.27631578947368424,Speed,3,0.14285714285714285,2.05838810717004,3,1,2,3,3,0,0,0,0,3,2,0,0,1,0,3,0
2441,76,3,53,20,73,0.9605263157894737,0.6973684210526315,0.2631578947368421,Sequence_Complexity,3,0.15,1.8254392357484492,0,3,2,0,3,0,3,0,3,0,1,0,3,0,0,2,0
2442,76,6,55,15,70,0.9210526315789473,0.7236842105263158,0.19736842105263158,Path_Evolution,4,0.26666666666666666,1.5868821614653392,4,0,3,0,1,0,0,0,1,4,1,0,1,0,0,0,0
2443,76,1,59,16,75,0.9868421052631579,0.7763157894736842,0.21052631578947367,Path_Evolution,2,0.125,1.5232440935442608,0,2,2,2,2,1,0,1,2,2,0,0,0,1,0,0,1
2444,76,6,46,24,70,0.9210526315789473,0.6052631578947368,0.3157894736842105,Path_Evolution,4,0.16666666666666666,2.3386722504531052,2,0,2,0,2,0,0,1,0,4,2,3,2,1,1,3,1
2445,76,1,64,11,75,0.9868421052631579,0.8421052631578947,0.14473684210526316,Path_Evolution,2,0.18181818181818182,1.1426643555488487,1,1,1,2,1,0,0,0,0,2,1,1,0,0,0,0,1
2446,76,1,74,1,75,0.9868421052631579,0.9736842105263158,0.013157894736842105,Displacement,1,1.0,0.20188081533118699,0,0,1,0,0,0,0,0,0,0,0,0,0,0,0,0,0
2447,76,55,1,20,21,0.27631578947368424,0.013157894736842105,0.2631578947368421,Sampling_Gaps,10,0.5,1.1898571694751179,0,0,0,10,0,0,0,0,0,0,0,10,0,0,0,0,0
2448,76,4,53,19,72,0.9473684210526315,0.6973684210526315,0.25,Sampling_Gaps,2,0.10526315789473684,1.9639829859192488,2,2,0,2,1,0,2,2,1,2,0,2,0,1,1,1,0
2449,76,39,28,9,37,0.4868421052631579,0.3684210526315789,0.11842105263157894,Sequence_Complexity,3,0.3333333333333333,1.6394222587387492,0,0,0,0,3,0,0,1,1,0,0,0,3,0,0,0,1
2450,76,24,32,20,52,0.6842105263157895,0.42105263157894735,0.2631578947368421,Phase_Change,4,0.2,2.286629486786196,0,0,0,0,3,2,3,0,3,0,4,0,0,0,0,3,2
2451,76,18,38,20,58,0.7631578947368421,0.5,0.2631578947368421,Sequence_Complexity,3,0.15,2.2808295457400103,2,3,0,0,3,0,0,0,3,0,0,0,3,2,2,2,0
2452,76,7,43,26,69,0.9078947368421053,0.5657894736842105,0.34210526315789475,Acceleration,4,0.15384615384615385,2.422199797425023,4,3,0,3,0,0,3,2,2,0,2,3,0,0,0,3,1
2453,76,37,21,18,39,0.5131578947368421,0.27631578947368424,0.23684210526315788,Speed,6,0.3333333333333333,2.0010475408456587,0,0,0,0,3,1,6,2,0,0,0,0,0,0,0,6,0
2454,76,9,57,10,67,0.881578947368421,0.75,0.13157894736842105,Localization,4,0.4,1.392610989491334,0,1,1,0,1,0,1,0,4,0,0,0,1,0,0,0,1
2455,76,31,29,16,45,0.5921052631578947,0.3815789473684211,0.21052631578947367,Phase_Change,5,0.3125,1.9902834350296845,0,0,3,0,4,0,0,0,0,3,5,0,1,0,0,0,0
2456,76,42,22,12,34,0.4473684210526316,0.2894736842105263,0.15789473684210525,SpatioTemporal_Dynamics,4,0.3333333333333333,1.661285048091895,0,0,0,0,4,0,0,0,0,4,0,0,0,0,4,0,0
2457,76,31,39,6,45,0.5921052631578947,0.5131578947368421,0.07894736842105263,Indentation,4,0.6666666666666666,1.4096278797906798,0,0,0,0,0,1,4,0,0,0,0,0,0,0,0,0,1
2458,76,16,37,23,60,0.7894736842105263,0.4868421052631579,0.3026315789473684,Extent,6,0.2608695652173913,2.3726089339818954,0,0,3,0,6,0,1,0,3,0,3,0,4,1,1,0,1
2459,76,29,28,19,47,0.618421052631579,0.3684210526315789,0.25,Sequence_Complexity,6,0.3157894736842105,2.172242655775126,0,0,2,0,0,2,3,0,4,0,0,0,6,0,0,0,2
2460,76,18,35,23,58,0.7631578947368421,0.4605263157894737,0.3026315789473684,Speed,4,0.17391304347826086,2.309263788164652,4,0,4,0,0,0,3,0,4,0,4,0,0,0,0,4,0
2461,76,38,34,4,38,0.5,0.4473684210526316,0.05263157894736842,Speed,1,0.25,1.3479935382676933,0,1,0,0,0,0,0,0,0,1,0,0,1,0,0,1,0
2462,76,39,30,7,37,0.4868421052631579,0.39473684210526316,0.09210526315789473,Indentation,4,0.5714285714285714,1.4671721923398586,0,0,0,0,0,1,4,0,0,0,0,0,2,0,0,0,0
2463,76,7,52,17,69,0.9078947368421053,0.6842105263157895,0.2236842105263158,Localization,4,0.23529411764705882,1.8422796542343287,2,0,0,0,0,1,3,1,4,2,1,2,0,0,0,0,1
2464,76,38,30,8,38,0.5,0.39473684210526316,0.10526315789473684,Sequence_Complexity,5,0.625,1.4717105219210582,0,0,0,0,0,0,3,0,0,0,0,0,5,0,0,0,0
2465,76,36,36,4,40,0.5263157894736842,0.47368421052631576,0.05263157894736842,Acceleration,3,0.75,1.287539518627665,3,0,0,0,0,0,1,0,0,0,0,0,0,0,0,0,0
2466,76,42,20,14,34,0.4473684210526316,0.2631578947368421,0.18421052631578946,Indentation,5,0.35714285714285715,1.7673283801686908,4,0,0,0,0,1,5,0,0,4,0,0,0,0,0,0,0
2467,76,18,31,27,58,0.7631578947368421,0.40789473684210525,0.35526315789473684,Speed,6,0.2222222222222222,2.4594676691922825,0,0,0,0,6,0,4,0,1,1,0,6,0,3,0,6,0
2468,76,7,44,25,69,0.9078947368421053,0.5789473684210527,0.32894736842105265,Speed,4,0.16,2.335082109775543,3,0,4,3,0,2,4,2,1,0,0,1,0,0,0,4,1
2469,76,7,51,18,69,0.9078947368421053,0.6710526315789473,0.23684210526315788,Curvature,3,0.16666666666666666,1.9360845608499935,0,3,2,2,2,0,0,0,0,2,0,2,0,2,2,1,0
2470,76,3,57,16,73,0.9605263157894737,0.75,0.21052631578947367,Curvature,3,0.1875,1.6691840159209903,2,3,1,1,1,1,2,0,0,2,1,1,0,1,0,0,0
2471,76,6,45,25,70,0.9210526315789473,0.5921052631578947,0.32894736842105265,Indentation,4,0.16,2.341245581263945,4,3,0,0,3,1,4,1,0,3,0,2,2,0,1,1,0
2472,76,10,51,15,66,0.868421052631579,0.6710526315789473,0.19736842105263158,Curvature,4,0.26666666666666666,1.7575609227648568,3,4,0,2,2,0,1,0,0,1,0,2,0,0,0,0,0
2473,76,3,62,11,73,0.9605263157894737,0.8157894736842105,0.14473684210526316,Acceleration,3,0.2727272727272727,1.2654282207026222,3,0,0,1,1,0,1,0,0,1,1,1,1,0,0,1,0
2474,76,18,48,10,58,0.7631578947368421,0.631578947368421,0.13157894736842105,Sampling_Gaps,3,0.3,1.5452760322979602,0,3,0,3,0,0,0,0,0,0,0,3,0,1,0,0,0
2475,76,13,34,29,63,0.8289473684210527,0.4473684210526316,0.3815789473684211,Speed,4,0.13793103448275862,2.6021452379390357,0,4,4,0,4,1,4,0,0,4,0,0,4,0,0,4,0
2476,76,6,46,24,70,0.9210526315789473,0.6052631578947368,0.3157894736842105,Indentation,4,0.16666666666666666,2.2199939608655552,1,0,0,3,3,1,4,0,3,3,0,3,0,0,0,3,0
2477,76,13,52,11,63,0.8289473684210527,0.6842105263157895,0.14473684210526316,Curvature,3,0.2727272727272727,1.6520923926365525,0,3,1,1,1,1,0,0,0,1,0,1,0,0,1,1,0
2478,76,6,49,21,70,0.9210526315789473,0.6447368421052632,0.27631578947368424,Phase_Change,3,0.14285714285714285,2.1770663967575907,2,2,0,2,2,1,0,1,0,2,3,2,2,1,1,0,0
2479,76,16,34,26,60,0.7894736842105263,0.4473684210526316,0.34210526315789475,Curvature,6,0.23076923076923078,2.5374895317177253,0,6,0,0,3,2,1,0,0,4,3,0,4,2,1,0,0
2480,76,22,29,25,54,0.7105263157894737,0.3815789473684211,0.32894736842105265,Path_Evolution,7,0.28,2.4352979818398075,0,5,0,0,4,0,3,0,0,7,0,0,3,1,2,0,0
2481,76,16,30,30,60,0.7894736842105263,0.39473684210526316,0.39473684210526316,Sampling_Gaps,6,0.2,2.6249579956057807,2,0,0,6,0,0,0,0,0,6,0,6,5,0,2,1,2
2482,76,9,49,18,67,0.881578947368421,0.6447368421052632,0.23684210526315788,Sequence_Complexity,3,0.16666666666666666,1.9595752781657376,0,0,2,3,0,0,3,1,2,0,2,2,3,0,0,0,0
2483,76,10,46,20,66,0.868421052631579,0.6052631578947368,0.2631578947368421,Indentation,5,0.25,2.0646074948832314,0,0,0,3,0,1,5,0,3,1,0,3,1,0,0,3,0
2484,76,24,34,18,52,0.6842105263157895,0.4473684210526316,0.23684210526315788,Indentation,6,0.3333333333333333,2.105989695935209,0,0,2,3,0,1,6,0,0,0,3,3,0,0,0,0,0
2485,76,37,23,16,39,0.5131578947368421,0.3026315789473684,0.21052631578947367,Curvature,7,0.4375,1.8538096321763142,6,7,0,0,0,1,0,2,0,0,0,0,0,0,0,0,0
2486,76,65,10,1,11,0.14473684210526316,0.13157894736842105,0.013157894736842105,Indentation,1,1.0,0.6601223977103859,0,0,0,0,0,0,1,0,0,0,0,0,0,0,0,0,0
2487,76,1,69,6,75,0.9868421052631579,0.9078947368421053,0.07894736842105263,Duration,2,0.3333333333333333,0.6757145197897215,0,0,0,2,1,0,0,0,0,0,1,1,0,0,0,0,1
2488,76,51,16,9,25,0.32894736842105265,0.21052631578947367,0.11842105263157894,Displacement,7,0.7777777777777778,1.3144383437731972,0,0,7,0,0,0,2,0,0,0,0,0,0,0,0,0,0
2489,76,42,18,16,34,0.4473684210526316,0.23684210526315788,0.21052631578947367,Speed,4,0.25,1.8592961741979335,4,0,0,0,0,0,0,4,0,0,0,0,4,0,0,4,0
2490,76,15,35,26,61,0.8026315789473685,0.4605263157894737,0.34210526315789475,Sequence_Complexity,4,0.15384615384615385,2.5684796248708417,4,4,0,0,3,1,4,1,0,3,0,0,4,1,1,0,0
2491,76,22,32,22,54,0.7105263157894737,0.42105263157894735,0.2894736842105263,Phase_Change,7,0.3181818181818182,2.245751828956869,0,0,0,0,0,0,1,1,3,7,7,0,0,0,2,0,1
2492,76,13,49,14,63,0.8289473684210527,0.6447368421052632,0.18421052631578946,Speed,4,0.2857142857142857,1.6791577937399091,1,4,4,0,0,0,0,1,0,0,0,0,0,0,0,4,0
2493,76,16,43,17,60,0.7894736842105263,0.5657894736842105,0.2236842105263158,Extent,5,0.29411764705882354,1.9249187581664295,0,0,0,5,5,1,0,0,0,0,1,0,4,0,0,1,0
2494,76,16,36,24,60,0.7894736842105263,0.47368421052631576,0.3157894736842105,Sequence_Complexity,4,0.16666666666666666,2.463360736387662,4,2,0,0,4,2,0,1,3,0,3,0,4,0,0,0,1
2495,76,11,28,37,65,0.8552631578947368,0.3684210526315789,0.4868421052631579,Indentation,5,0.13513513513513514,2.996634782912395,5,0,0,5,5,1,5,2,4,0,4,4,0,0,0,0,2
2496,76,11,39,26,65,0.8552631578947368,0.5131578947368421,0.34210526315789475,Sampling_Gaps,5,0.19230769230769232,2.526695607868209,3,2,0,3,3,2,3,2,0,0,2,5,0,0,0,0,1
2497,76,24,25,27,52,0.6842105263157895,0.32894736842105265,0.35526315789473684,Localization,6,0.2222222222222222,2.50615993819091,6,0,0,5,0,0,1,2,6,0,5,0,0,0,0,0,2
2498,76,29,18,29,47,0.618421052631579,0.23684210526315788,0.3815789473684211,Acceleration,8,0.27586206896551724,2.528596528734878,8,0,0,0,0,1,6,2,0,0,0,5,0,2,0,5,0
2499,76,39,27,10,37,0.4868421052631579,0.35526315789473684,0.13157894736842105,Curvature,8,0.8,1.5306558148377785,1,8,1,0,0,0,0,0,0,0,0,0,0,0,0,0,0
2500,76,21,26,29,55,0.7236842105263158,0.34210526315789475,0.3815789473684211,Path_Evolution,7,0.2413793103448276,2.500919388871445,0,0,0,7,0,0,0,1,0,7,0,6,6,1,1,0,0
2501,76,16,48,12,60,0.7894736842105263,0.631578947368421,0.15789473684210525,Indentation,4,0.3333333333333333,1.5626880393039078,0,4,0,0,4,0,4,0,0,0,0,0,0,0,0,0,0
2502,76,39,22,15,37,0.4868421052631579,0.2894736842105263,0.19736842105263158,Sampling_Gaps,8,0.5333333333333333,1.776245636863519,0,0,0,0,0,0,0,1,0,0,0,8,0,1,0,5,0
2503,76,37,10,29,39,0.5131578947368421,0.13157894736842105,0.3815789473684211,Indentation,8,0.27586206896551724,2.3055519880284803,8,0,0,0,0,2,8,2,0,0,0,0,0,2,0,7,0
2504,76,16,38,22,60,0.7894736842105263,0.5,0.2894736842105263,Sampling_Gaps,4,0.18181818181818182,2.3344900725112665,4,4,2,4,0,1,0,1,1,0,0,4,0,1,0,0,0
2505,76,22,23,31,54,0.7105263157894737,0.3026315789473684,0.40789473684210525,Speed,7,0.22580645161290322,2.660142375851324,4,0,0,0,0,0,0,1,0,5,0,7,5,1,1,7,0
2506,76,4,62,10,72,0.9473684210526315,0.8157894736842105,0.13157894736842105,Speed,1,0.1,1.2852936812858713,1,1,1,1,1,0,1,1,0,0,0,1,0,1,0,1,0
2507,76,11,33,32,65,0.8552631578947368,0.4342105263157895,0.42105263157894735,Speed,5,0.15625,2.741781583892093,0,0,0,3,5,2,5,2,0,0,0,5,3,2,0,5,0
2508,76,11,50,15,65,0.8552631578947368,0.6578947368421053,0.19736842105263158,Acceleration,4,0.26666666666666666,1.7412009371246786,4,3,0,3,0,0,0,1,0,0,0,3,0,1,0,0,0
2509,76,21,31,24,55,0.7236842105263158,0.40789473684210525,0.3157894736842105,Indentation,6,0.25,2.4197937374026535,4,0,0,0,5,1,6,1,0,2,0,0,0,1,0,4,0
2510,76,4,62,10,72,0.9473684210526315,0.8157894736842105,0.13157894736842105,Sampling_Gaps,2,0.2,1.1537147339174505,2,2,0,2,0,0,2,0,0,0,0,2,0,0,0,0,0
2511,76,31,25,20,45,0.5921052631578947,0.32894736842105265,0.2631578947368421,Extent,8,0.4,2.0725594236966844,1,0,0,0,8,0,0,2,0,0,0,0,0,2,0,7,0
2512,76,55,18,3,21,0.27631578947368424,0.23684210526315788,0.039473684210526314,Phase_Change,3,1.0,1.013870648022778,0,0,0,0,0,0,0,0,0,0,3,0,0,0,0,0,0
2513,76,15,56,5,61,0.8026315789473685,0.7368421052631579,0.06578947368421052,Temporal,1,0.2,1.1977270585836695,0,0,0,0,0,1,1,1,0,1,0,0,0,0,0,0,1
2514,76,21,34,21,55,0.7236842105263158,0.4473684210526316,0.27631578947368424,Phase_Change,7,0.3333333333333333,2.1885147320005336,0,0,2,0,0,0,1,0,0,7,7,0,0,0,1,2,1
2515,76,21,32,23,55,0.7236842105263158,0.42105263157894735,0.3026315789473684,Sequence_Complexity,6,0.2608695652173913,2.2904539490839175,0,0,0,6,0,0,1,0,0,0,1,6,6,0,1,2,0
2516,76,24,37,15,52,0.6842105263157895,0.4868421052631579,0.19736842105263158,Path_Evolution,7,0.4666666666666667,1.837463743678512,0,0,0,0,0,0,0,0,0,7,4,0,0,0,1,0,3
2517,76,39,17,20,37,0.4868421052631579,0.2236842105263158,0.2631578947368421,Speed,7,0.35,1.9726574641581918,0,0,7,0,4,0,0,0,0,0,0,0,0,0,0,7,2
2518,76,39,26,11,37,0.4868421052631579,0.34210526315789475,0.14473684210526316,Sequence_Complexity,5,0.45454545454545453,1.7222464649997313,0,0,0,0,0,0,0,0,1,0,1,0,5,0,2,0,2
2519,76,29,32,15,47,0.618421052631579,0.42105263157894735,0.19736842105263158,Path_Evolution,5,0.3333333333333333,2.0046237064286325,0,0,0,0,2,0,0,0,0,5,0,0,2,0,2,2,2
2520,76,27,32,17,49,0.6447368421052632,0.42105263157894735,0.2236842105263158,Speed,6,0.35294117647058826,2.0340292826627846,1,0,1,0,0,0,0,3,5,0,0,0,1,0,0,6,0
2521,76,24,33,19,52,0.6842105263157895,0.4342105263157895,0.25,Indentation,7,0.3684210526315789,2.140617113304902,4,0,0,0,0,2,7,2,2,0,0,0,2,0,0,0,0
2522,76,10,58,8,66,0.868421052631579,0.7631578947368421,0.10526315789473684,Extent,4,0.5,1.2086883204663115,1,0,2,0,4,0,0,0,0,0,0,0,0,0,1,0,0
2523,76,31,43,2,45,0.5921052631578947,0.5657894736842105,0.02631578947368421,Phase_Change,1,0.5,1.1570134335201203,0,0,0,0,1,0,0,0,0,0,1,0,0,0,0,0,0
2524,76,24,48,4,52,0.6842105263157895,0.631578947368421,0.05263157894736842,Spatial_Context,1,0.25,1.2726998811814374,1,0,1,0,0,0,0,0,0,0,0,0,1,1,0,0,0
2525,76,34,34,8,42,0.5526315789473685,0.4473684210526316,0.10526315789473684,Sequence_Complexity,3,0.375,1.570858458057401,0,0,1,0,1,0,3,0,0,0,0,0,3,0,0,0,0
2526,76,29,21,26,47,0.618421052631579,0.27631578947368424,0.34210526315789475,Phase_Change,7,0.2692307692307692,2.380389899625336,0,0,0,7,2,2,6,0,0,0,7,0,0,0,0,0,2
2527,76,58,10,8,18,0.23684210526315788,0.13157894736842105,0.10526315789473684,Indentation,6,0.75,1.136191280935694,0,0,0,0,0,0,6,0,0,0,0,0,0,1,1,0,0
2528,76,6,58,12,70,0.9210526315789473,0.7631578947368421,0.15789473684210525,Phase_Change,3,0.25,1.4218426749428872,1,0,0,1,0,0,0,3,0,1,3,1,0,0,2,0,0
2529,76,11,42,23,65,0.8552631578947368,0.5526315789473685,0.3026315789473684,Phase_Change,5,0.21739130434782608,2.293911092223121,5,0,0,2,0,0,1,2,0,3,5,2,0,0,1,2,0
2530,76,24,34,18,52,0.6842105263157895,0.4473684210526316,0.23684210526315788,Path_Evolution,7,0.3888888888888889,2.0238637101432855,0,0,0,0,2,0,5,0,1,7,3,0,0,0,0,0,0
2531,76,10,45,21,66,0.868421052631579,0.5921052631578947,0.27631578947368424,Localization,5,0.23809523809523808,2.050797766512011,0,0,0,3,4,0,3,0,5,3,0,3,0,0,0,0,0
2532,76,22,29,25,54,0.7105263157894737,0.3815789473684211,0.32894736842105265,Displacement,7,0.28,2.4237113434024886,0,4,7,4,4,1,0,0,0,4,0,0,0,1,0,0,0
2533,76,6,52,18,70,0.9210526315789473,0.6842105263157895,0.23684210526315788,Sampling_Gaps,4,0.2222222222222222,1.9067085615006412,2,0,0,2,2,1,0,1,2,1,0,4,0,1,0,2,0
2534,76,6,54,16,70,0.9210526315789473,0.7105263157894737,0.21052631578947367,Displacement,3,0.1875,1.7244607354767278,2,3,3,2,0,0,0,0,2,0,2,1,0,0,0,0,1
2535,76,37,18,21,39,0.5131578947368421,0.23684210526315788,0.27631578947368424,Curvature,8,0.38095238095238093,2.0971392370141646,0,8,2,0,0,2,7,0,0,0,0,0,0,1,0,0,1
2536,76,1,63,12,75,0.9868421052631579,0.8289473684210527,0.15789473684210525,Temporal,1,0.08333333333333333,1.2930770505423388,1,0,1,1,1,1,0,1,1,0,1,1,1,0,0,1,1
2537,76,9,40,27,67,0.881578947368421,0.5263157894736842,0.35526315789473684,Speed,4,0.14814814814814814,2.377383614619391,0,3,0,4,4,0,0,0,4,0,4,4,0,0,0,4,0
2538,76,34,24,18,42,0.5526315789473685,0.3157894736842105,0.23684210526315788,Phase_Change,4,0.2222222222222222,2.083156307862714,4,0,4,0,3,0,0,3,0,0,4,0,0,0,0,0,0
2539,76,10,41,25,66,0.868421052631579,0.5394736842105263,0.32894736842105265,Path_Evolution,5,0.2,2.3945974925323736,0,4,1,0,0,1,5,0,0,5,3,0,2,0,1,2,1
2540,76,9,54,13,67,0.881578947368421,0.7105263157894737,0.17105263157894737,Duration,4,0.3076923076923077,1.6519636959461101,0,1,1,4,0,0,1,0,1,1,0,2,0,0,1,1,0
2541,76,18,33,25,58,0.7631578947368421,0.4342105263157895,0.32894736842105265,Sampling_Gaps,4,0.16,2.4811045730889267,0,4,0,4,0,0,0,3,4,0,4,4,1,0,0,0,1
2542,76,39,20,17,37,0.4868421052631579,0.2631578947368421,0.2236842105263158,Sampling_Gaps,7,0.4117647058823529,1.8548720220990933,0,0,0,7,0,0,0,2,0,0,1,7,0,0,0,0,0
2543,76,21,31,24,55,0.7236842105263158,0.40789473684210525,0.3157894736842105,Acceleration,7,0.2916666666666667,2.461942007374629,7,0,0,4,3,1,0,1,0,0,3,0,3,1,0,0,1
2544,76,16,22,38,60,0.7894736842105263,0.2894736842105263,0.5,Sampling_Gaps,6,0.15789473684210525,2.991799328623694,0,6,0,0,5,2,6,0,5,0,5,6,0,1,0,0,2
2545,76,11,43,22,65,0.8552631578947368,0.5657894736842105,0.2894736842105263,Indentation,5,0.22727272727272727,2.2249319840514703,1,4,4,0,1,2,5,1,0,0,0,0,0,1,0,3,0
2546,76,18,35,23,58,0.7631578947368421,0.4605263157894737,0.3026315789473684,Sampling_Gaps,6,0.2608695652173913,2.374796024892891,3,0,0,4,0,0,0,1,0,3,2,6,0,0,1,3,0
2547,76,15,34,27,61,0.8026315789473685,0.4473684210526316,0.35526315789473684,Phase_Change,6,0.2222222222222222,2.5096851377906897,2,0,0,0,2,0,6,1,2,6,6,0,0,0,1,0,1
2548,76,16,35,25,60,0.7894736842105263,0.4605263157894737,0.32894736842105265,Localization,5,0.2,2.4451794996483507,0,0,1,3,5,0,0,0,5,0,3,4,0,0,0,3,1
2549,76,4,52,20,72,0.9473684210526315,0.6842105263157895,0.2631578947368421,Speed,2,0.1,2.0318371799786275,1,2,0,2,2,0,2,0,2,1,0,2,1,2,1,2,0
2550,76,18,41,17,58,0.7631578947368421,0.5394736842105263,0.2236842105263158,Localization,6,0.35294117647058826,2.050783503946303,0,2,0,0,3,1,0,0,6,0,2,0,1,0,0,1,1
2551,76,39,18,19,37,0.4868421052631579,0.23684210526315788,0.25,Phase_Change,9,0.47368421052631576,1.9672919601671783,0,5,0,0,0,0,0,1,2,0,9,0,0,0,0,0,2
2552,76,13,49,14,63,0.8289473684210527,0.6447368421052632,0.18421052631578946,Duration,5,0.35714285714285715,1.7369256822341612,0,0,1,5,0,1,0,0,1,0,0,4,0,1,0,1,0
2553,76,11,39,26,65,0.8552631578947368,0.5131578947368421,0.34210526315789475,Displacement,4,0.15384615384615385,2.52800962721176,0,3,4,0,3,2,3,0,3,0,0,3,0,1,0,3,1
2554,76,11,42,23,65,0.8552631578947368,0.5526315789473685,0.3026315789473684,Speed,4,0.17391304347826086,2.3625858415504055,0,1,3,0,1,2,4,0,2,2,0,0,0,2,2,4,0
2555,76,13,42,21,63,0.8289473684210527,0.5526315789473685,0.27631578947368424,Sampling_Gaps,5,0.23809523809523808,2.21559394668741,3,2,0,3,0,0,1,2,3,0,2,5,0,0,0,0,0
2556,76,7,52,17,69,0.9078947368421053,0.6842105263157895,0.2236842105263158,Path_Evolution,4,0.23529411764705882,1.8159638647606446,0,2,0,0,0,0,2,0,0,4,2,3,0,0,2,1,1
2557,76,9,42,25,67,0.881578947368421,0.5526315789473685,0.32894736842105265,Speed,4,0.16,2.3136293980529437,2,0,4,4,4,0,0,1,0,0,2,4,0,0,0,4,0
2558,76,24,27,25,52,0.6842105263157895,0.35526315789473684,0.32894736842105265,Curvature,6,0.24,2.4381843811477286,0,6,0,0,4,1,4,0,4,0,0,0,0,1,0,5,0
2559,76,13,53,10,63,0.8289473684210527,0.6973684210526315,0.13157894736842105,Displacement,4,0.4,1.462591981500378,0,0,4,0,0,1,1,0,0,2,0,0,0,0,2,0,0
2560,76,11,48,17,65,0.8552631578947368,0.631578947368421,0.2236842105263158,Speed,4,0.23529411764705882,1.815205995788464,0,0,0,4,4,0,0,2,3,0,0,0,0,0,0,4,0
2561,76,27,32,17,49,0.6447368421052632,0.42105263157894735,0.2236842105263158,Sampling_Gaps,5,0.29411764705882354,2.042647993610858,0,1,0,5,0,4,0,0,1,0,0,5,0,0,0,1,0
2562,76,29,42,5,47,0.618421052631579,0.5526315789473685,0.06578947368421052,Displacement,2,0.4,1.3879435579776966,0,0,2,0,0,0,0,0,0,1,1,0,0,0,0,1,0
2563,76,27,37,12,49,0.6447368421052632,0.4868421052631579,0.15789473684210525,Duration,3,0.25,1.8447497227723784,3,0,0,3,0,0,0,1,0,1,0,2,0,0,0,2,0
2564,76,36,16,24,40,0.5263157894736842,0.21052631578947367,0.3157894736842105,Phase_Change,9,0.375,2.1733725782651923,6,0,0,0,0,0,0,1,0,6,9,0,0,0,1,0,1
2565,76,21,31,24,55,0.7236842105263158,0.40789473684210525,0.3157894736842105,Sampling_Gaps,4,0.16666666666666666,2.424590158147393,4,1,0,4,0,0,4,3,0,4,0,4,0,0,0,0,0
2566,76,46,13,17,30,0.39473684210526316,0.17105263157894737,0.2236842105263158,Acceleration,7,0.4117647058823529,1.8077868391896799,7,0,0,0,0,1,0,2,0,5,0,0,0,0,2,0,0
2567,76,29,16,31,47,0.618421052631579,0.21052631578947367,0.40789473684210525,Path_Evolution,7,0.22580645161290322,2.5460107078352143,6,0,0,7,0,2,7,1,0,7,0,0,0,0,1,0,0
2568,76,24,26,26,52,0.6842105263157895,0.34210526315789475,0.34210526315789475,Sampling_Gaps,6,0.23076923076923078,2.4908913923367377,4,0,0,0,0,0,1,3,0,6,0,6,0,0,3,3,0
2569,76,21,23,32,55,0.7236842105263158,0.3026315789473684,0.42105263157894735,Sampling_Gaps,7,0.21875,2.6229313721624625,6,0,0,7,0,0,0,1,0,7,3,7,0,0,1,0,0
2570,76,31,27,18,45,0.5921052631578947,0.35526315789473684,0.23684210526315788,Path_Evolution,5,0.2777777777777778,2.134884899450198,3,0,0,0,0,0,0,3,1,5,0,0,0,0,3,3,0
2571,76,21,22,33,55,0.7236842105263158,0.2894736842105263,0.4342105263157895,Duration,7,0.21212121212121213,2.7679531473844885,7,0,0,7,0,1,5,1,0,5,5,0,0,0,1,0,1
2572,76,0,66,10,76,1.0,0.868421052631579,0.13157894736842105,Speed,1,0.1,0.9988484097901918,1,1,1,1,1,0,1,0,0,0,1,1,1,0,0,1,0
2573,76,22,32,22,54,0.7105263157894737,0.42105263157894735,0.2894736842105263,Path_Evolution,7,0.3181818181818182,2.273932216457873,6,0,1,0,0,0,0,2,0,7,3,0,0,0,2,0,1
2574,76,13,45,18,63,0.8289473684210527,0.5921052631578947,0.23684210526315788,Extent,5,0.2777777777777778,1.9999176957448173,0,0,2,0,5,1,4,0,2,0,0,0,2,0,0,2,0
2575,76,10,42,24,66,0.868421052631579,0.5526315789473685,0.3157894736842105,Phase_Change,5,0.20833333333333334,2.304890919277551,2,0,2,3,0,0,0,1,0,5,5,4,0,0,1,0,1
2576,76,9,47,20,67,0.881578947368421,0.618421052631579,0.2631578947368421,Sampling_Gaps,3,0.15,2.108262368042485,0,3,3,0,3,1,2,0,0,0,2,3,2,1,0,0,0
2577,76,48,18,10,28,0.3684210526315789,0.23684210526315788,0.13157894736842105,Curvature,9,0.9,1.357583104580981,0,9,0,0,0,0,0,0,0,0,0,0,0,1,0,0,0
2578,76,15,37,24,61,0.8026315789473685,0.4868421052631579,0.3157894736842105,Phase_Change,5,0.20833333333333334,2.276984153441662,5,5,0,0,0,0,0,0,0,5,5,0,2,0,0,2,0
2579,76,11,45,20,65,0.8552631578947368,0.5921052631578947,0.2631578947368421,Curvature,5,0.25,2.112314978988199,2,5,3,0,0,0,0,1,0,0,2,3,2,0,0,2,0
2580,76,6,38,32,70,0.9210526315789473,0.5,0.42105263157894735,Speed,4,0.125,2.6830456645595966,4,4,4,0,0,0,0,1,0,4,4,4,1,0,1,4,1
2581,76,18,35,23,58,0.7631578947368421,0.4605263157894737,0.3026315789473684,Acceleration,6,0.2608695652173913,2.2781515779462276,6,0,0,5,0,0,0,2,0,0,0,4,4,2,0,0,0
2582,76,37,25,14,39,0.5131578947368421,0.32894736842105265,0.18421052631578946,Curvature,9,0.6428571428571429,1.7824603517906896,0,9,0,0,0,1,0,0,0,1,0,0,0,2,1,0,0
2583,76,21,23,32,55,0.7236842105263158,0.3026315789473684,0.42105263157894735,Sampling_Gaps,7,0.21875,2.685495681401456,6,0,0,0,0,0,0,1,0,7,7,7,1,1,1,0,1
2584,76,39,19,18,37,0.4868421052631579,0.25,0.23684210526315788,Curvature,9,0.5,1.8679221278072229,0,9,0,0,0,0,0,0,0,6,0,0,0,1,2,0,0
2585,76,21,28,27,55,0.7236842105263158,0.3684210526315789,0.35526315789473684,Path_Evolution,7,0.25925925925925924,2.5360100315382312,5,0,4,0,0,0,0,1,0,7,4,0,4,1,1,0,0
2586,76,16,36,24,60,0.7894736842105263,0.47368421052631576,0.3157894736842105,Extent,6,0.25,2.318366657326427,0,6,0,0,6,0,0,0,0,3,0,3,4,1,1,0,0
2587,76,10,45,21,66,0.868421052631579,0.5921052631578947,0.27631578947368424,Speed,5,0.23809523809523808,2.0395510168768354,3,3,0,0,0,0,3,0,0,2,5,0,0,0,0,5,0
2588,76,37,28,11,39,0.5131578947368421,0.3684210526315789,0.14473684210526316,Curvature,9,0.8181818181818182,1.5652296534585213,0,9,0,0,0,0,0,0,0,1,0,0,0,1,0,0,0
2589,76,15,34,27,61,0.8026315789473685,0.4473684210526316,0.35526315789473684,Phase_Change,6,0.2222222222222222,2.3344332112251167,6,5,0,0,0,0,0,0,0,5,6,0,0,0,0,5,0
2590,76,1,63,12,75,0.9868421052631579,0.8289473684210527,0.15789473684210525,Speed,2,0.16666666666666666,1.1614981031739178,2,0,2,0,2,0,0,0,1,0,0,2,1,0,0,2,0
2591,76,1,64,11,75,0.9868421052631579,0.8421052631578947,0.14473684210526316,Sampling_Gaps,2,0.18181818181818182,1.0900327766014803,0,1,1,2,0,0,0,0,2,1,2,2,0,0,0,0,0
2592,76,55,18,3,21,0.27631578947368424,0.23684210526315788,0.039473684210526314,Phase_Change,3,1.0,1.013870648022778,0,0,0,0,0,0,0,0,0,0,3,0,0,0,0,0,0
2593,76,21,44,11,55,0.7236842105263158,0.5789473684210527,0.14473684210526316,Phase_Change,4,0.36363636363636365,1.653078242383605,2,0,0,0,0,0,0,0,0,3,4,0,2,0,0,0,0
2594,76,10,46,20,66,0.868421052631579,0.6052631578947368,0.2631578947368421,Sampling_Gaps,5,0.25,1.9567162983013924,2,0,0,5,0,0,5,0,0,0,2,5,1,0,0,0,0
2595,76,37,30,9,39,0.5131578947368421,0.39473684210526316,0.11842105263157894,Acceleration,4,0.4444444444444444,1.5806725147766096,4,3,0,0,0,0,2,0,0,0,0,0,0,0,0,0,0
2596,76,21,28,27,55,0.7236842105263158,0.3684210526315789,0.35526315789473684,Sampling_Gaps,7,0.25925925925925924,2.410330834376477,7,0,0,0,0,0,4,1,0,6,0,7,2,0,0,0,0
2597,76,22,45,9,54,0.7105263157894737,0.5921052631578947,0.11842105263157894,Curvature,4,0.4444444444444444,1.573705343116534,1,4,0,0,0,0,2,0,0,1,1,0,0,0,0,0,0
2598,76,36,30,10,40,0.5263157894736842,0.39473684210526316,0.13157894736842105,Path_Evolution,6,0.6,1.6053776065421943,2,0,0,0,0,0,2,0,0,6,0,0,0,0,0,0,0
2599,76,22,42,12,54,0.7105263157894737,0.5526315789473685,0.15789473684210525,Sampling_Gaps,7,0.5833333333333334,1.655938048663386,1,0,0,0,0,0,0,1,0,0,0,7,3,0,0,0,0
2600,76,28,39,9,48,0.631578947368421,0.5131578947368421,0.11842105263157894,Path_Evolution,4,0.4444444444444444,1.5967234100830054,1,0,0,0,0,0,3,0,0,4,0,0,1,0,0,0,0
2601,76,46,19,11,30,0.39473684210526316,0.25,0.14473684210526316,Duration,9,0.8181818181818182,1.4673512272984337,1,0,0,9,0,0,0,1,0,0,0,0,0,0,0,0,0
2602,76,36,31,9,40,0.5263157894736842,0.40789473684210525,0.11842105263157894,Path_Evolution,6,0.6666666666666666,1.5478332939930157,0,0,0,0,0,0,0,0,0,6,2,0,0,0,1,0,0
2603,76,37,24,15,39,0.5131578947368421,0.3157894736842105,0.19736842105263158,Sequence_Complexity,4,0.26666666666666666,1.9480739010017578,0,4,0,0,0,1,4,1,0,0,0,0,4,1,0,0,0
2604,76,10,42,24,66,0.868421052631579,0.5526315789473685,0.3157894736842105,Sequence_Complexity,4,0.16666666666666666,2.2583697804184735,0,4,2,0,4,0,0,0,3,0,3,4,4,0,0,0,0
2605,76,7,51,18,69,0.9078947368421053,0.6710526315789473,0.23684210526315788,Duration,3,0.16666666666666666,1.952467620032053,0,3,0,3,1,2,1,0,1,0,1,2,0,2,0,2,0
2606,76,48,21,7,28,0.3684210526315789,0.27631578947368424,0.09210526315789473,Phase_Change,4,0.5714285714285714,1.3753371724834609,0,0,0,0,0,0,2,0,0,0,4,0,0,0,0,0,1
2607,76,24,45,7,52,0.6842105263157895,0.5921052631578947,0.09210526315789473,Indentation,3,0.42857142857142855,1.4857251864132355,1,0,0,0,1,0,3,0,0,0,0,0,1,0,0,1,0
2608,76,24,49,3,52,0.6842105263157895,0.6447368421052632,0.039473684210526314,Speed,1,0.3333333333333333,1.180034324246836,0,0,1,0,0,0,0,0,0,0,0,0,0,1,0,1,0
2609,76,13,54,9,63,0.8289473684210527,0.7105263157894737,0.11842105263157894,Localization,3,0.3333333333333333,1.43707844824852,1,0,1,0,0,0,0,2,3,0,1,0,0,0,0,1,0
2610,76,10,44,22,66,0.868421052631579,0.5789473684210527,0.2894736842105263,Speed,5,0.22727272727272727,2.2293954000231673,1,3,0,0,2,0,2,1,0,1,0,0,5,1,1,5,0
2611,76,21,37,18,55,0.7236842105263158,0.4868421052631579,0.23684210526315788,Curvature,6,0.3333333333333333,1.9884867718669317,5,6,0,0,1,0,0,0,0,1,0,5,0,0,0,0,0
2612,76,27,38,11,49,0.6447368421052632,0.5,0.14473684210526316,Path_Evolution,6,0.5454545454545454,1.6417713216572658,0,0,2,0,0,0,0,0,0,6,3,0,0,0,0,0,0
2613,76,29,36,11,47,0.618421052631579,0.47368421052631576,0.14473684210526316,Indentation,4,0.36363636363636365,1.8137334488301267,2,0,0,0,0,1,4,0,1,0,0,0,0,0,1,1,1
2614,76,34,34,8,42,0.5526315789473685,0.4473684210526316,0.10526315789473684,Speed,3,0.375,1.5807911883490255,2,0,0,0,0,0,0,1,0,2,0,0,0,0,0,3,0
2615,76,24,36,16,52,0.6842105263157895,0.47368421052631576,0.21052631578947367,Sequence_Complexity,3,0.1875,2.0844924795525146,3,0,2,0,0,2,3,1,0,0,2,0,3,0,0,0,0
2616,76,9,55,12,67,0.881578947368421,0.7236842105263158,0.15789473684210525,Geometric,3,0.25,1.573467029772525,0,2,0,0,0,3,2,1,1,0,0,1,1,0,0,1,0
2617,76,1,60,15,75,0.9868421052631579,0.7894736842105263,0.19736842105263158,Sequence_Complexity,2,0.13333333333333333,1.453013885331597,1,0,1,1,1,0,2,0,0,2,2,2,2,0,0,1,0
2618,76,39,19,18,37,0.4868421052631579,0.25,0.23684210526315788,Curvature,8,0.4444444444444444,1.8367738128169735,0,8,0,0,7,0,0,0,0,3,0,0,0,0,0,0,0
2619,76,7,54,15,69,0.9078947368421053,0.7105263157894737,0.19736842105263158,Sequence_Complexity,4,0.26666666666666666,1.5746341308989276,0,2,0,3,2,0,0,0,0,0,0,4,4,0,0,0,0
2620,76,31,30,15,45,0.5921052631578947,0.39473684210526316,0.19736842105263158,Acceleration,8,0.5333333333333333,1.8065894740697415,8,0,0,0,0,0,0,3,0,0,0,0,4,0,0,0,0
2621,76,51,16,9,25,0.32894736842105265,0.21052631578947367,0.11842105263157894,Curvature,9,1.0,1.2239404416866502,0,9,0,0,0,0,0,0,0,0,0,0,0,0,0,0,0
2622,76,6,48,22,70,0.9210526315789473,0.631578947368421,0.2894736842105263,Phase_Change,4,0.18181818181818182,2.0691383681943427,0,0,0,0,4,1,4,0,0,4,4,0,2,1,1,0,1
2623,76,25,36,15,51,0.6710526315789473,0.47368421052631576,0.19736842105263158,Curvature,6,0.4,1.8619654045612815,0,6,0,5,0,0,2,0,0,0,0,2,0,0,0,0,0
2624,76,10,34,32,66,0.868421052631579,0.4473684210526316,0.42105263157894735,Sampling_Gaps,5,0.15625,2.7133014680602647,5,0,0,5,0,1,4,1,0,4,5,5,0,0,1,0,1
2625,76,4,49,23,72,0.9473684210526315,0.6447368421052632,0.3026315789473684,Extent,3,0.13043478260869565,2.1869991270492153,2,3,0,2,3,2,2,1,0,2,0,2,2,0,2,0,0
2626,76,21,25,30,55,0.7236842105263158,0.32894736842105265,0.39473684210526316,Phase_Change,6,0.2,2.683922307710653,6,0,0,6,0,1,0,1,0,4,6,0,4,0,1,0,1
2627,76,24,32,20,52,0.6842105263157895,0.42105263157894735,0.2631578947368421,Sequence_Complexity,4,0.2,2.263796098713701,2,4,1,0,0,3,0,2,4,0,0,0,4,0,0,0,0
2628,76,6,41,29,70,0.9210526315789473,0.5394736842105263,0.3815789473684211,Sampling_Gaps,4,0.13793103448275862,2.5383973200773777,4,0,2,4,0,1,4,1,0,3,4,4,0,0,1,0,1
2629,76,29,23,24,47,0.618421052631579,0.3026315789473684,0.3157894736842105,Indentation,8,0.3333333333333333,2.2685439759128245,4,6,0,0,0,2,8,0,0,4,0,0,0,0,0,0,0
2630,76,6,40,30,70,0.9210526315789473,0.5263157894736842,0.39473684210526316,Phase_Change,4,0.13333333333333333,2.4796788450248823,4,4,4,4,0,0,4,0,4,2,4,0,0,0,0,0,0
2631,76,31,16,29,45,0.5921052631578947,0.21052631578947367,0.3815789473684211,Sampling_Gaps,8,0.27586206896551724,2.3697519202761734,0,0,0,8,0,3,7,0,0,0,3,8,0,0,0,0,0
2632,76,1,59,16,75,0.9868421052631579,0.7763157894736842,0.21052631578947367,Speed,2,0.125,1.5232440935442613,2,1,1,0,0,0,1,0,2,2,2,1,2,0,0,2,0
2633,76,7,50,19,69,0.9078947368421053,0.6578947368421053,0.25,Sampling_Gaps,3,0.15789473684210525,1.9009062113893713,3,3,0,3,3,0,0,1,0,0,3,3,0,0,0,0,0
2634,76,24,33,19,52,0.6842105263157895,0.4342105263157895,0.25,Sampling_Gaps,5,0.2631578947368421,2.0988087321350704,0,5,0,0,0,2,5,0,0,0,2,5,0,0,0,0,0
2635,76,6,46,24,70,0.9210526315789473,0.6052631578947368,0.3157894736842105,Phase_Change,4,0.16666666666666666,2.2597248820320535,4,1,3,0,0,0,1,1,4,3,4,0,0,0,1,1,1
2636,76,10,41,25,66,0.868421052631579,0.5394736842105263,0.32894736842105265,Acceleration,4,0.16,2.4399243798752193,4,3,3,0,3,0,0,1,0,3,3,0,3,0,1,0,1
2637,76,1,63,12,75,0.9868421052631579,0.8289473684210527,0.15789473684210525,Sampling_Gaps,2,0.16666666666666666,1.2667612610686547,1,1,1,0,0,0,1,1,1,1,1,2,1,0,0,1,0
2638,76,31,28,17,45,0.5921052631578947,0.3684210526315789,0.2236842105263158,Curvature,7,0.4117647058823529,1.9670422121496878,0,7,0,0,0,2,1,0,0,0,6,0,0,0,0,0,1
2639,76,11,42,23,65,0.8552631578947368,0.5526315789473685,0.3026315789473684,Speed,5,0.21739130434782608,2.168782473745135,3,5,3,0,3,0,4,0,0,0,0,0,0,0,0,5,0
2640,76,28,33,15,48,0.631578947368421,0.4342105263157895,0.19736842105263158,Curvature,5,0.3333333333333333,1.9758145630372865,2,5,0,0,0,1,0,0,0,4,2,0,0,0,1,0,0
2641,76,2,59,15,74,0.9736842105263158,0.7763157894736842,0.19736842105263158,Sampling_Gaps,2,0.13333333333333333,1.5232440935442613,2,2,1,2,1,0,0,1,1,0,2,2,0,0,0,1,0
2642,76,31,28,17,45,0.5921052631578947,0.3684210526315789,0.2236842105263158,Sequence_Complexity,5,0.29411764705882354,2.018910350437274,0,0,0,0,0,2,5,0,0,0,4,0,5,0,0,0,1
2643,76,10,46,20,66,0.868421052631579,0.6052631578947368,0.2631578947368421,Curvature,5,0.25,2.163420323887533,1,5,0,0,3,1,1,1,3,0,2,0,1,1,0,0,1
2644,76,7,41,28,69,0.9078947368421053,0.5394736842105263,0.3684210526315789,Localization,4,0.14285714285714285,2.5166672614668077,3,4,0,4,1,0,0,2,4,2,0,3,3,2,0,0,0
2645,76,6,45,25,70,0.9210526315789473,0.5921052631578947,0.32894736842105265,Sampling_Gaps,4,0.16,2.213149035296713,4,4,0,4,1,0,0,0,2,2,4,4,0,0,0,0,0
2646,76,6,51,19,70,0.9210526315789473,0.6710526315789473,0.25,Curvature,4,0.21052631578947367,1.9379491588773132,2,4,2,0,0,0,2,0,2,2,0,0,1,1,0,3,0
2647,76,3,46,27,73,0.9605263157894737,0.6052631578947368,0.35526315789473684,Sequence_Complexity,3,0.1111111111111111,2.2790758687033583,3,3,3,3,0,0,0,0,3,3,3,3,3,0,0,0,0
2648,76,10,35,31,66,0.868421052631579,0.4605263157894737,0.40789473684210525,Sampling_Gaps,5,0.16129032258064516,2.744925802952645,4,3,4,0,0,1,3,1,0,0,5,5,3,1,0,0,1
2649,76,10,43,23,66,0.868421052631579,0.5657894736842105,0.3026315789473684,Curvature,5,0.21739130434782608,2.2751282583604544,3,5,3,0,0,1,3,1,3,0,1,0,0,0,0,3,0
2650,76,15,55,6,61,0.8026315789473685,0.7236842105263158,0.07894736842105263,Sequence_Complexity,1,0.16666666666666666,1.292951945312216,1,0,1,0,0,0,1,0,0,1,1,0,1,0,0,0,0
2651,76,6,45,25,70,0.9210526315789473,0.5921052631578947,0.32894736842105265,Indentation,4,0.16,2.3874268313208784,2,4,2,0,0,1,4,1,2,2,0,0,2,1,1,3,0
2652,76,10,45,21,66,0.868421052631579,0.5921052631578947,0.27631578947368424,Sampling_Gaps,4,0.19047619047619047,2.197105864916797,3,3,0,0,1,1,0,1,0,0,4,4,2,1,0,0,1
2653,76,24,27,25,52,0.6842105263157895,0.35526315789473684,0.32894736842105265,Localization,7,0.28,2.4059710135617665,3,7,0,0,0,1,3,0,7,0,0,0,3,1,0,0,0
2654,76,3,58,15,73,0.9605263157894737,0.7631578947368421,0.19736842105263158,Sampling_Gaps,3,0.2,1.5007900433639398,2,3,0,0,3,0,1,0,1,1,1,3,0,0,0,0,0
2655,76,16,42,18,60,0.7894736842105263,0.5526315789473685,0.23684210526315788,Sequence_Complexity,5,0.2777777777777778,1.9675820768643961,0,5,0,0,1,0,1,0,5,0,0,0,5,1,0,0,0
2656,76,6,56,14,70,0.9210526315789473,0.7368421052631579,0.18421052631578946,Sampling_Gaps,4,0.2857142857142857,1.4916572747367929,1,4,0,0,0,0,1,0,0,3,1,4,0,0,0,0,0
2657,76,51,14,11,25,0.32894736842105265,0.18421052631578946,0.14473684210526316,Indentation,8,0.7272727272727273,1.3617229232920565,0,0,0,0,0,3,8,0,0,0,0,0,0,0,0,0,0
2658,76,11,47,18,65,0.8552631578947368,0.618421052631579,0.23684210526315788,Sequence_Complexity,5,0.2777777777777778,1.8599807790954341,0,0,0,0,0,0,3,0,0,0,0,4,5,2,0,4,0
2659,76,28,20,28,48,0.631578947368421,0.2631578947368421,0.3684210526315789,Path_Evolution,8,0.2857142857142857,2.443949143360295,0,0,7,0,0,1,3,0,0,8,7,0,0,0,1,0,1
2660,76,22,28,26,54,0.7105263157894737,0.3684210526315789,0.34210526315789475,Speed,7,0.2692307692307692,2.4963511268093725,0,0,4,0,0,2,4,0,4,0,0,0,3,2,0,7,0
2661,76,18,35,23,58,0.7631578947368421,0.4605263157894737,0.3026315789473684,Indentation,5,0.21739130434782608,2.272041137857936,0,1,5,5,0,3,5,0,4,0,0,0,0,0,0,0,0
2662,76,24,33,19,52,0.6842105263157895,0.4342105263157895,0.25,Duration,7,0.3684210526315789,2.1570001724869616,2,0,1,7,0,3,1,0,0,0,0,0,4,1,0,0,0
2663,76,7,50,19,69,0.9078947368421053,0.6578947368421053,0.25,Sampling_Gaps,4,0.21052631578947367,1.9341868036654344,0,0,2,4,0,0,2,0,2,0,0,4,2,1,0,2,0
2664,76,22,32,22,54,0.7105263157894737,0.42105263157894735,0.2894736842105263,Sampling_Gaps,7,0.3181818181818182,2.203052980301125,0,0,7,0,0,1,2,0,0,4,0,7,0,0,1,0,0
2665,76,6,63,7,70,0.9210526315789473,0.8289473684210527,0.09210526315789473,Sequence_Complexity,2,0.2857142857142857,1.0100536952222476,1,0,2,0,0,0,0,0,0,0,0,2,2,0,0,0,0
2666,76,28,30,18,48,0.631578947368421,0.39473684210526316,0.23684210526315788,Path_Evolution,7,0.3888888888888889,2.022721926671547,0,0,7,0,0,1,1,0,0,7,1,0,0,0,1,0,0
2667,76,13,53,10,63,0.8289473684210527,0.6973684210526315,0.13157894736842105,Path_Evolution,4,0.4,1.4263434617350694,0,0,0,0,0,1,3,0,0,4,0,0,0,2,0,0,0
2668,76,28,37,11,48,0.631578947368421,0.4868421052631579,0.14473684210526316,Sequence_Complexity,3,0.2727272727272727,1.7529225811755005,3,1,3,0,0,0,0,0,0,0,0,0,3,0,0,0,1
2669,76,34,35,7,42,0.5526315789473685,0.4605263157894737,0.09210526315789473,Sequence_Complexity,2,0.2857142857142857,1.5571559056069357,0,0,1,0,0,2,1,0,1,0,0,0,2,0,0,0,0
2670,76,31,30,15,45,0.5921052631578947,0.39473684210526316,0.19736842105263158,Sequence_Complexity,8,0.5333333333333333,1.8691537833087344,0,1,0,0,0,1,4,0,0,0,0,0,8,0,0,1,0
2671,76,11,35,30,65,0.8552631578947368,0.4605263157894737,0.39473684210526316,Speed,5,0.16666666666666666,2.6325051082068116,0,0,5,0,5,0,0,2,5,3,0,0,1,2,2,5,0
2672,76,22,19,35,54,0.7105263157894737,0.25,0.4605263157894737,Path_Evolution,7,0.2,2.790687016636404,0,0,0,0,0,0,0,1,7,7,5,6,0,0,2,6,1
2673,76,13,42,21,63,0.8289473684210527,0.5526315789473685,0.27631578947368424,Indentation,5,0.23809523809523808,2.2242126576354835,0,1,5,0,1,2,5,0,1,2,0,0,2,2,0,0,0
2674,76,7,60,9,69,0.9078947368421053,0.7894736842105263,0.11842105263157894,Sequence_Complexity,3,0.3333333333333333,1.237140570113614,0,0,1,0,0,0,0,1,0,1,0,0,3,2,0,0,1
2675,76,24,45,7,52,0.6842105263157895,0.5921052631578947,0.09210526315789473,Temporal,2,0.2857142857142857,1.5219737061785448,0,0,1,0,1,0,0,0,1,0,0,0,1,0,0,1,2
2676,76,18,51,7,58,0.7631578947368421,0.6710526315789473,0.09210526315789473,Localization,5,0.7142857142857143,1.3010593168522075,0,0,0,0,0,0,0,0,5,0,0,0,1,0,1,0,0
2677,76,46,18,12,30,0.39473684210526316,0.23684210526315788,0.15789473684210525,Localization,7,0.5833333333333334,1.5696528823758105,0,0,0,0,0,0,0,0,7,0,0,0,2,0,0,3,0
2678,76,18,50,8,58,0.7631578947368421,0.6578947368421053,0.10526315789473684,Speed,1,0.125,1.547250414565982,0,1,1,0,0,1,0,0,1,1,1,0,0,0,1,1,0
2679,76,42,25,9,34,0.4473684210526316,0.32894736842105265,0.11842105263157894,Phase_Change,6,0.6666666666666666,1.5099865725830197,0,0,0,0,2,0,0,0,0,0,6,0,0,0,0,0,1
2680,76,22,31,23,54,0.7105263157894737,0.40789473684210525,0.3026315789473684,Speed,7,0.30434782608695654,2.287525537906479,4,7,0,0,1,0,0,2,0,1,0,0,0,0,1,7,0
2681,76,24,37,15,52,0.6842105263157895,0.4868421052631579,0.19736842105263158,Phase_Change,6,0.4,1.9346587693089439,0,0,0,0,0,1,3,0,0,1,6,0,0,0,0,3,1
2682,76,22,21,33,54,0.7105263157894737,0.27631578947368424,0.4342105263157895,Sequence_Complexity,7,0.21212121212121213,2.7471972193153262,0,0,4,0,7,2,0,0,3,0,7,0,7,1,0,0,2
2683,76,46,27,3,30,0.39473684210526316,0.35526315789473684,0.039473684210526314,Indentation,2,0.6666666666666666,1.1891668221667928,0,0,1,0,0,0,2,0,0,0,0,0,0,0,0,0,0
2684,76,16,48,12,60,0.7894736842105263,0.631578947368421,0.15789473684210525,Speed,5,0.4166666666666667,1.663154776453904,0,0,1,0,1,0,0,1,3,1,0,0,0,0,0,5,0
2685,76,24,19,33,52,0.6842105263157895,0.25,0.4342105263157895,Path_Evolution,7,0.21212121212121213,2.705638682650526,0,7,0,0,7,3,0,0,2,7,0,0,4,0,3,0,0
2686,76,13,56,7,63,0.8289473684210527,0.7368421052631579,0.09210526315789473,Acceleration,2,0.2857142857142857,1.3095381454033217,2,1,0,0,1,0,1,0,0,0,0,0,1,1,0,0,0
2687,76,13,29,34,63,0.8289473684210527,0.3815789473684211,0.4473684210526316,Sequence_Complexity,5,0.14705882352941177,2.8620609131518595,0,5,4,5,4,3,4,0,1,0,0,0,5,3,0,0,0
2688,76,16,35,25,60,0.7894736842105263,0.4605263157894737,0.32894736842105265,Localization,5,0.2,2.4438654803047997,0,0,5,5,3,0,2,0,5,0,0,0,2,1,0,2,0
2689,76,10,31,35,66,0.868421052631579,0.40789473684210525,0.4605263157894737,Speed,5,0.14285714285714285,2.815722658929759,5,0,0,5,4,0,0,1,5,0,0,4,5,1,0,5,0
2690,76,11,43,22,65,0.8552631578947368,0.5657894736842105,0.2894736842105263,Curvature,5,0.22727272727272727,2.2576981024155893,3,5,0,3,1,2,2,2,0,1,0,3,0,0,0,0,0
2691,76,3,59,14,73,0.9605263157894737,0.7763157894736842,0.18421052631578946,Curvature,3,0.21428571428571427,1.5296944224346958,1,3,1,0,2,1,1,0,1,1,0,0,1,0,1,1,0
2692,76,39,17,20,37,0.4868421052631579,0.2236842105263158,0.2631578947368421,Sampling_Gaps,6,0.3,1.997906028941775,0,5,0,0,6,3,0,0,0,0,0,6,0,0,0,0,0
2693,76,11,41,24,65,0.8552631578947368,0.5394736842105263,0.3157894736842105,Sampling_Gaps,5,0.20833333333333334,2.2671077579480317,0,5,0,5,0,2,0,1,1,0,0,5,0,1,0,4,0
2694,76,21,39,16,55,0.7236842105263158,0.5131578947368421,0.21052631578947367,Speed,6,0.375,1.9764273171215847,0,2,0,0,0,0,0,0,2,0,1,3,2,0,0,6,0
2695,76,13,50,13,63,0.8289473684210527,0.6578947368421053,0.17105263157894737,Sequence_Complexity,5,0.38461538461538464,1.643872693719806,0,0,2,0,2,0,0,0,2,0,2,0,5,0,0,0,0
2696,76,22,31,23,54,0.7105263157894737,0.40789473684210525,0.3026315789473684,Acceleration,7,0.30434782608695654,2.3157059254074825,7,4,0,0,2,0,0,2,1,0,0,0,6,1,0,0,0
2697,76,27,35,14,49,0.6447368421052632,0.4605263157894737,0.18421052631578946,Extent,7,0.5,1.7701217225481358,0,4,0,0,7,3,0,0,0,0,0,0,0,0,0,0,0
2698,76,3,55,18,73,0.9605263157894737,0.7236842105263158,0.23684210526315788,Phase_Change,3,0.16666666666666666,1.7249114377241954,0,0,3,3,0,1,0,0,0,3,3,1,2,0,1,0,1
2699,76,11,39,26,65,0.8552631578947368,0.5131578947368421,0.34210526315789475,Curvature,5,0.19230769230769232,2.424914851374661,0,5,2,0,3,2,0,0,0,2,0,4,4,0,0,4,0
2700,76,27,44,5,49,0.6447368421052632,0.5789473684210527,0.06578947368421052,Displacement,2,0.4,1.3716518058323388,0,0,2,0,1,0,0,0,1,0,0,0,0,1,0,0,0
2701,76,4,42,30,72,0.9473684210526315,0.5526315789473685,0.39473684210526316,Speed,3,0.1,2.6095534111539056,0,3,0,3,3,2,1,0,0,3,3,3,3,0,1,3,2
2702,76,22,31,23,54,0.7105263157894737,0.40789473684210525,0.3026315789473684,Localization,6,0.2608695652173913,2.312774102690062,0,5,3,0,6,1,0,1,6,0,0,0,0,1,0,0,0
2703,76,13,47,16,63,0.8289473684210527,0.618421052631579,0.21052631578947367,Sampling_Gaps,4,0.25,1.8804764625640245,2,0,0,4,1,0,0,0,0,0,1,4,3,0,0,1,0
2704,76,13,43,20,63,0.8289473684210527,0.5657894736842105,0.2631578947368421,Path_Evolution,4,0.2,2.2191118780463763,1,2,2,0,3,0,0,2,2,4,2,0,0,2,0,0,0
2705,76,2,66,8,74,0.9736842105263158,0.868421052631579,0.10526315789473684,Kinematic,2,0.25,0.8935852518954548,0,1,0,2,0,2,0,2,0,0,0,1,0,0,0,0,0
2706,76,6,58,12,70,0.9210526315789473,0.7631578947368421,0.15789473684210525,Duration,4,0.3333333333333333,1.3364449776313994,0,4,0,4,0,1,0,1,0,0,0,0,2,0,0,0,0
2707,76,6,43,27,70,0.9210526315789473,0.5657894736842105,0.35526315789473684,Sequence_Complexity,4,0.14814814814814814,2.421096467963097,0,4,4,0,2,1,0,0,1,4,4,0,4,1,1,0,1
2708,76,29,41,6,47,0.618421052631579,0.5394736842105263,0.07894736842105263,Curvature,2,0.3333333333333333,1.477650131232519,0,2,1,0,1,0,0,0,0,0,1,0,0,0,1,0,0
2709,76,25,34,17,51,0.6710526315789473,0.4473684210526316,0.2236842105263158,Sampling_Gaps,6,0.35294117647058826,2.008591239421962,0,2,0,0,2,0,0,0,2,0,0,6,0,0,0,5,0
2710,76,22,41,13,54,0.7105263157894737,0.5394736842105263,0.17105263157894737,Phase_Change,5,0.38461538461538464,1.8350752993146537,2,0,1,0,2,0,0,0,0,2,5,0,0,0,0,0,1
2711,76,34,32,10,42,0.5526315789473685,0.42105263157894735,0.13157894736842105,Spatial_Context,3,0.3,1.688933939669395,0,2,3,0,0,0,0,0,2,0,0,0,0,3,0,0,0
2712,76,27,29,20,49,0.6447368421052632,0.3815789473684211,0.2631578947368421,Acceleration,7,0.35,2.188394140470516,7,0,0,0,0,0,2,2,0,2,0,0,2,0,0,5,0
2713,76,12,46,18,64,0.8421052631578947,0.6052631578947368,0.23684210526315788,Displacement,4,0.2222222222222222,2.0392658359509546,2,2,4,0,0,0,2,1,3,2,0,0,2,0,0,0,0
2714,76,16,45,15,60,0.7894736842105263,0.5921052631578947,0.19736842105263158,Duration,4,0.26666666666666666,1.8973595616125025,1,3,0,4,0,0,0,0,2,1,0,3,0,0,0,1,0
2715,76,11,56,9,65,0.8552631578947368,0.7368421052631579,0.11842105263157894,Path_Evolution,4,0.4444444444444444,1.3365377313352156,1,0,0,0,0,0,0,0,0,4,1,0,0,0,2,1,0
2716,76,24,39,13,52,0.6842105263157895,0.5131578947368421,0.17105263157894737,Extent,5,0.38461538461538464,1.8034613683465819,0,2,0,0,5,0,0,0,0,0,4,0,0,0,0,1,1
2717,76,18,37,21,58,0.7631578947368421,0.4868421052631579,0.27631578947368424,Localization,5,0.23809523809523808,2.2585524800292838,0,0,3,0,0,0,1,3,5,0,3,0,0,0,0,3,3
2718,76,15,40,21,61,0.8026315789473685,0.5263157894736842,0.27631578947368424,Curvature,5,0.23809523809523808,2.1675370764342046,3,5,0,0,0,0,3,0,3,4,3,0,0,0,0,0,0
2719,76,42,26,8,34,0.4473684210526316,0.34210526315789475,0.10526315789473684,Spatial_Context,4,0.5,1.4493911393860022,0,0,4,0,0,0,0,0,0,0,0,0,0,4,0,0,0
2720,76,16,48,12,60,0.7894736842105263,0.631578947368421,0.15789473684210525,Duration,6,0.5,1.6118372168500867,1,0,0,6,0,0,0,0,0,0,0,3,0,1,0,0,1
2721,76,39,13,24,37,0.4868421052631579,0.17105263157894737,0.3157894736842105,Sampling_Gaps,9,0.375,2.1291065872470973,0,6,0,0,0,2,0,0,0,4,0,9,0,0,3,0,0
2722,76,28,25,23,48,0.631578947368421,0.32894736842105265,0.3026315789473684,Indentation,8,0.34782608695652173,2.327906151458656,0,0,5,0,1,1,8,1,0,0,0,0,5,1,0,0,1
2723,76,22,26,28,54,0.7105263157894737,0.34210526315789475,0.3684210526315789,Extent,7,0.25,2.601458142459081,0,7,0,0,7,2,0,0,3,3,0,0,0,2,2,2,0
2724,76,11,49,16,65,0.8552631578947368,0.6447368421052632,0.21052631578947367,Extent,5,0.3125,1.869188426060792,0,2,0,0,5,2,0,0,2,2,0,0,1,1,1,0,0
2725,76,61,8,7,15,0.19736842105263158,0.10526315789473684,0.09210526315789473,Speed,5,0.7142857142857143,0.9928667494202581,0,0,0,0,0,0,0,2,0,0,0,0,0,0,0,5,0
2726,76,56,15,5,20,0.2631578947368421,0.19736842105263158,0.06578947368421052,Displacement,3,0.6,1.1351627493446765,0,0,3,0,0,0,0,0,0,0,0,0,0,1,1,0,0
2727,76,6,43,27,70,0.9210526315789473,0.5657894736842105,0.35526315789473684,Duration,4,0.14814814814814814,2.4176140665619075,3,4,4,4,0,0,0,0,0,3,2,3,2,1,0,0,1
2728,76,22,46,8,54,0.7105263157894737,0.6052631578947368,0.10526315789473684,Indentation,6,0.75,1.3834390845887161,0,0,0,0,0,2,6,0,0,0,0,0,0,0,0,0,0
2729,76,24,39,13,52,0.6842105263157895,0.5131578947368421,0.17105263157894737,Curvature,5,0.38461538461538464,1.8297771578202662,1,5,0,0,0,1,1,1,0,0,0,0,4,0,0,0,0
2730,76,65,10,1,11,0.14473684210526316,0.13157894736842105,0.013157894736842105,Phase_Change,1,1.0,0.6601223977103859,0,0,0,0,0,0,0,0,0,0,1,0,0,0,0,0,0
2731,76,31,28,17,45,0.5921052631578947,0.3684210526315789,0.2236842105263158,Extent,7,0.4117647058823529,2.0132234622066214,0,0,0,0,7,0,4,0,0,0,2,0,0,2,0,2,0
2732,76,24,33,19,52,0.6842105263157895,0.4342105263157895,0.25,Path_Evolution,7,0.3684210526315789,2.0732563833211684,0,0,0,0,0,0,0,0,0,7,3,0,5,0,1,0,3
2733,76,31,33,12,45,0.5921052631578947,0.4342105263157895,0.15789473684210525,Localization,7,0.5833333333333334,1.7256041448221995,0,0,0,0,2,0,0,0,7,0,0,0,0,1,0,2,0
2734,76,29,33,14,47,0.618421052631579,0.4342105263157895,0.18421052631578946,Curvature,7,0.5,1.866375681181325,0,7,0,0,0,2,0,0,2,0,0,0,0,2,1,0,0
2735,76,6,44,26,70,0.9210526315789473,0.5789473684210527,0.34210526315789475,Phase_Change,4,0.15384615384615385,2.3960286156406667,0,2,0,4,3,0,0,0,1,3,4,3,3,1,1,0,1
2736,76,29,26,21,47,0.618421052631579,0.34210526315789475,0.27631578947368424,Path_Evolution,8,0.38095238095238093,2.2386838028540486,0,0,1,0,0,2,1,0,0,8,5,0,0,0,2,0,2
2737,76,34,29,13,42,0.5526315789473685,0.3815789473684211,0.17105263157894737,Localization,7,0.5384615384615384,1.7971175474201926,0,0,0,0,0,1,1,0,7,3,0,0,0,0,0,1,0
2738,76,29,31,16,47,0.618421052631579,0.40789473684210525,0.21052631578947367,Phase_Change,8,0.5,2.0050125860660493,0,1,0,0,0,0,0,1,1,0,8,0,0,2,0,1,2
2739,76,37,35,4,39,0.5131578947368421,0.4605263157894737,0.05263157894736842,Displacement,2,0.5,1.296944880267994,0,2,2,0,0,0,0,0,0,0,0,0,0,0,0,0,0
2740,76,39,21,16,37,0.4868421052631579,0.27631578947368424,0.21052631578947367,Localization,9,0.5625,1.7788016591129812,0,0,0,0,0,0,0,0,9,0,3,0,0,0,0,4,0
2741,76,46,19,11,30,0.39473684210526316,0.25,0.14473684210526316,Indentation,5,0.45454545454545453,1.5648500369591847,0,0,0,0,0,0,5,0,0,0,0,0,3,0,0,3,0
2742,76,6,62,8,70,0.9210526315789473,0.8157894736842105,0.10526315789473684,Sampling_Gaps,1,0.125,1.1864808522815697,0,1,1,1,1,0,1,0,1,0,1,1,0,0,0,0,0
2743,76,27,27,22,49,0.6447368421052632,0.35526315789473684,0.2894736842105263,Duration,6,0.2727272727272727,2.28222862397098,0,1,0,6,0,0,3,0,4,5,0,0,0,0,3,0,0
2744,76,27,36,13,49,0.6447368421052632,0.47368421052631576,0.17105263157894737,Speed,3,0.23076923076923078,1.8694548145379632,0,3,0,0,0,0,0,0,2,0,3,0,0,2,0,3,0
2745,76,7,55,14,69,0.9078947368421053,0.7236842105263158,0.18421052631578946,Phase_Change,3,0.21428571428571427,1.6540322015674476,0,1,1,1,0,0,3,0,1,2,3,0,0,0,0,1,1
2746,76,48,14,14,28,0.3684210526315789,0.18421052631578946,0.18421052631578946,Path_Evolution,6,0.42857142857142855,1.6637075272320616,0,0,0,0,0,0,0,0,0,6,0,0,0,3,3,2,0
2747,76,27,26,23,49,0.6447368421052632,0.34210526315789475,0.3026315789473684,Sequence_Complexity,7,0.30434782608695654,2.245808741793863,0,0,0,0,7,0,3,0,0,3,0,0,7,0,3,0,0
2748,76,27,33,16,49,0.6447368421052632,0.4342105263157895,0.21052631578947367,Sampling_Gaps,6,0.375,1.8976458554427968,0,3,0,6,0,0,0,0,1,0,0,6,0,0,0,0,0
2749,76,21,43,12,55,0.7236842105263158,0.5657894736842105,0.15789473684210525,Duration,5,0.4166666666666667,1.6798000028517301,0,1,0,5,0,0,0,0,2,0,0,4,0,0,0,0,0
2750,76,37,21,18,39,0.5131578947368421,0.27631578947368424,0.23684210526315788,Phase_Change,6,0.3333333333333333,1.9884867718669321,0,0,0,5,0,0,0,0,0,0,6,0,0,1,0,5,1
2751,76,27,16,33,49,0.6447368421052632,0.21052631578947367,0.4342105263157895,Sampling_Gaps,7,0.21212121212121213,2.615393999889314,0,0,0,6,0,0,6,0,6,0,6,7,0,0,0,0,2
2752,76,42,28,6,34,0.4473684210526316,0.3684210526315789,0.07894736842105263,Temporal,2,0.3333333333333333,1.4442002822025215,1,2,0,0,0,0,0,0,0,0,0,0,1,0,0,0,2
2753,76,11,49,16,65,0.8552631578947368,0.6447368421052632,0.21052631578947367,Phase_Change,4,0.25,1.864052116513908,1,0,4,0,0,0,1,0,1,0,4,0,0,2,0,1,2
2754,76,34,40,2,42,0.5526315789473685,0.5263157894736842,0.02631578947368421,Localization,1,0.5,1.170942508206664,0,0,1,0,0,0,0,0,1,0,0,0,0,0,0,0,0
2755,76,38,33,5,38,0.5,0.4342105263157895,0.06578947368421052,Duration,3,0.6,1.3447546324982083,0,0,0,3,0,0,0,0,0,0,0,2,0,0,0,0,0
2756,76,9,31,36,67,0.881578947368421,0.40789473684210525,0.47368421052631576,Speed,4,0.1111111111111111,2.96991487339585,4,0,0,4,0,0,3,3,4,0,4,4,3,0,0,4,3
2757,76,24,29,23,52,0.6842105263157895,0.3815789473684211,0.3026315789473684,Sampling_Gaps,6,0.2608695652173913,2.245233284612643,0,0,0,6,0,0,0,0,6,2,3,6,0,0,0,0,0
2758,76,18,34,24,58,0.7631578947368421,0.4473684210526316,0.3157894736842105,Duration,5,0.20833333333333334,2.3906669594009946,0,4,0,5,3,1,0,0,0,3,0,4,4,0,0,0,0
2759,76,16,30,30,60,0.7894736842105263,0.39473684210526316,0.39473684210526316,Speed,5,0.16666666666666666,2.6787838260693806,0,5,2,5,5,1,0,0,0,0,5,0,0,1,0,5,1
2760,76,16,40,20,60,0.7894736842105263,0.5263157894736842,0.2631578947368421,Speed,6,0.3,2.1604069699394826,0,3,0,0,0,0,3,2,1,0,3,0,0,0,0,6,2
2761,76,6,56,14,70,0.9210526315789473,0.7368421052631579,0.18421052631578946,Indentation,3,0.21428571428571427,1.5969204326315296,2,2,2,0,0,0,3,0,0,1,1,1,0,0,0,2,0
2762,76,4,50,22,72,0.9473684210526315,0.6578947368421053,0.2894736842105263,Speed,3,0.13636363636363635,2.1003964674252944,3,0,2,2,3,0,0,1,3,0,0,2,1,1,0,3,1
2763,76,1,58,17,75,0.9868421052631579,0.7631578947368421,0.2236842105263158,Speed,2,0.11764705882352941,1.5931525434778062,2,2,0,2,2,0,0,1,2,2,0,1,0,1,0,2,0
2764,76,18,42,16,58,0.7631578947368421,0.5526315789473685,0.21052631578947367,Speed,6,0.375,1.908445351744112,0,4,0,0,1,3,1,0,0,0,0,0,0,1,0,6,0
2765,76,13,48,15,63,0.8289473684210527,0.631578947368421,0.19736842105263158,Sequence_Complexity,3,0.2,1.837355587402749,0,0,0,3,0,0,0,0,0,1,3,3,3,0,0,1,1
2766,76,31,30,15,45,0.5921052631578947,0.39473684210526316,0.19736842105263158,Displacement,6,0.4,1.9709345398022815,0,1,6,0,2,1,0,0,2,0,0,0,0,3,0,0,0
2767,76,24,26,26,52,0.6842105263157895,0.34210526315789475,0.34210526315789475,Sampling_Gaps,5,0.19230769230769232,2.449386795197225,0,4,0,5,5,0,0,2,5,0,0,5,0,0,0,0,0
2768,76,7,53,16,69,0.9078947368421053,0.6973684210526315,0.21052631578947367,Sampling_Gaps,3,0.1875,1.764492729883326,0,2,0,0,1,0,3,0,2,2,1,3,2,0,0,0,0
2769,76,1,68,7,75,0.9868421052631579,0.8947368421052632,0.09210526315789473,Displacement,2,0.2857142857142857,0.7749344449564398,0,0,2,1,0,0,1,0,0,0,0,1,1,0,0,1,0
2770,76,55,13,8,21,0.27631578947368424,0.17105263157894737,0.10526315789473684,Localization,4,0.5,1.220552505816079,0,0,4,0,0,0,0,0,4,0,0,0,0,0,0,0,0
2771,76,21,34,21,55,0.7236842105263158,0.4473684210526316,0.27631578947368424,Localization,6,0.2857142857142857,2.1460626779982395,0,0,1,6,6,0,0,0,6,0,1,0,0,0,0,1,0
2772,76,10,57,9,66,0.868421052631579,0.75,0.11842105263157894,Indentation,4,0.4444444444444444,1.3045852534927445,1,0,0,0,1,0,4,0,0,1,2,0,0,0,0,0,0
2773,76,16,28,32,60,0.7894736842105263,0.3684210526315789,0.42105263157894735,Sampling_Gaps,6,0.1875,2.736812134823317,0,0,0,5,4,2,0,0,5,0,6,6,0,2,0,0,2
2774,76,22,36,18,54,0.7105263157894737,0.47368421052631576,0.23684210526315788,Sampling_Gaps,6,0.3333333333333333,2.1362241164905043,0,3,0,0,0,2,0,0,2,2,0,6,1,2,0,0,0
2775,76,25,23,28,51,0.6710526315789473,0.3026315789473684,0.3684210526315789,Speed,6,0.21428571428571427,2.5125730963970874,3,0,0,6,0,0,0,0,5,0,0,5,3,0,0,6,0
2776,76,27,15,34,49,0.6447368421052632,0.19736842105263158,0.4473684210526316,Extent,7,0.20588235294117646,2.650153915201271,0,0,6,0,7,0,6,0,6,0,0,0,0,3,0,6,0
2777,76,1,61,14,75,0.9868421052631579,0.8026315789473685,0.18421052631578946,Sequence_Complexity,2,0.14285714285714285,1.4087830714523213,2,1,1,1,2,0,1,1,1,0,0,0,2,1,1,0,0
2778,76,42,18,16,34,0.4473684210526316,0.23684210526315788,0.21052631578947367,Extent,8,0.5,1.785485115323765,0,0,2,0,8,0,0,0,0,0,0,0,0,1,0,5,0
2779,76,4,50,22,72,0.9473684210526315,0.6578947368421053,0.2894736842105263,Sequence_Complexity,3,0.13636363636363635,2.1565104477738526,0,1,2,2,2,2,1,0,2,1,0,2,3,2,2,0,0
2780,76,27,20,29,49,0.6447368421052632,0.2631578947368421,0.3815789473684211,Extent,7,0.2413793103448276,2.48797723152637,3,0,0,6,7,0,6,0,0,0,0,0,0,1,0,6,0
2781,76,38,10,28,38,0.5,0.13157894736842105,0.3684210526315789,Sampling_Gaps,8,0.2857142857142857,2.1439584162255603,0,0,0,8,0,0,5,0,7,0,0,8,0,0,0,0,0
2782,76,16,39,21,60,0.7894736842105263,0.5131578947368421,0.27631578947368424,Sampling_Gaps,5,0.23809523809523808,2.2465478425664176,0,1,0,3,0,2,0,0,0,5,0,5,0,0,1,2,2
2783,76,11,38,27,65,0.8552631578947368,0.5,0.35526315789473684,Localization,5,0.18518518518518517,2.4609052799764286,2,0,3,5,2,0,5,2,5,0,3,0,0,0,0,0,0
2784,76,46,17,13,30,0.39473684210526316,0.2236842105263158,0.17105263157894737,Sequence_Complexity,5,0.38461538461538464,1.6271333193078594,4,4,0,0,0,0,0,0,0,0,0,0,5,0,0,0,0
2785,76,15,42,19,61,0.8026315789473685,0.5526315789473685,0.25,Indentation,5,0.2631578947368421,2.1400313796330663,0,2,0,3,2,1,5,0,3,0,0,2,0,0,1,0,0
2786,76,22,34,20,54,0.7105263157894737,0.4473684210526316,0.2631578947368421,Indentation,7,0.35,2.2646022941418047,2,0,2,0,2,2,7,1,2,0,0,0,0,2,0,0,0
2787,76,46,24,6,30,0.39473684210526316,0.3157894736842105,0.07894736842105263,Sequence_Complexity,4,0.6666666666666666,1.3252571187602915,0,0,0,0,0,0,0,0,0,0,2,0,4,0,0,0,0
2788,76,16,27,33,60,0.7894736842105263,0.35526315789473684,0.4342105263157895,Phase_Change,6,0.18181818181818182,2.8299532957637465,0,0,0,0,3,1,4,0,5,6,6,0,0,0,2,4,2
2789,76,31,37,8,45,0.5921052631578947,0.4868421052631579,0.10526315789473684,Speed,3,0.375,1.6020755706484835,0,0,0,0,0,0,1,1,0,0,0,0,1,0,0,3,2
2790,76,28,38,10,48,0.631578947368421,0.5,0.13157894736842105,Indentation,7,0.7,1.5942608320900011,1,0,0,0,0,0,7,0,0,0,1,0,0,0,0,1,0
2791,76,58,16,2,18,0.23684210526315788,0.21052631578947367,0.02631578947368421,Temporal,2,1.0,0.9089420171620173,0,0,0,0,0,0,0,0,0,0,0,0,0,0,0,0,2
2792,76,29,42,5,47,0.618421052631579,0.5526315789473685,0.06578947368421052,Extent,2,0.4,1.3616277685040126,2,0,0,0,2,0,0,0,0,0,0,0,0,0,1,0,0
2793,76,15,50,11,61,0.8026315789473685,0.6578947368421053,0.14473684210526316,Displacement,6,0.5454545454545454,1.5333756262437044,0,0,6,0,0,0,0,0,0,0,2,0,0,1,1,0,1
2794,76,37,19,20,39,0.5131578947368421,0.25,0.2631578947368421,Phase_Change,8,0.4,1.9655538649738586,0,0,0,0,0,0,0,0,0,8,8,0,0,0,2,0,2
2795,76,42,28,6,34,0.4473684210526316,0.3684210526315789,0.07894736842105263,Sequence_Complexity,5,0.8333333333333334,1.3440734338546687,0,0,0,0,0,0,0,0,0,0,0,0,5,0,0,0,1
2796,76,24,40,12,52,0.6842105263157895,0.5263157894736842,0.15789473684210525,Spatial_Context,3,0.25,1.821269634270833,3,0,2,0,0,0,0,0,0,2,1,0,1,3,0,0,0
2797,76,51,17,8,25,0.32894736842105265,0.2236842105263158,0.10526315789473684,Indentation,6,0.75,1.2967388852050463,0,0,2,0,0,0,6,0,0,0,0,0,0,0,0,0,0
2798,76,39,31,6,37,0.4868421052631579,0.40789473684210525,0.07894736842105263,Speed,2,0.3333333333333333,1.4359436692643641,0,0,0,0,0,0,2,0,0,0,2,0,0,0,0,2,0
2799,76,39,21,16,37,0.4868421052631579,0.27631578947368424,0.21052631578947367,Indentation,5,0.3125,1.927618028377549,0,0,0,0,5,1,5,0,0,0,3,0,0,0,0,0,2
2800,76,37,35,4,39,0.5131578947368421,0.4605263157894737,0.05263157894736842,SpatioTemporal_Dynamics,1,0.25,1.349576459215362,0,0,0,0,0,0,0,1,0,0,1,0,0,1,1,0,0
2801,76,22,35,19,54,0.7105263157894737,0.4605263157894737,0.25,Sequence_Complexity,5,0.2631578947368421,2.2579006492655433,2,0,2,0,2,0,0,0,0,0,2,0,5,2,2,0,2
2802,76,10,54,12,66,0.868421052631579,0.7105263157894737,0.15789473684210525,Phase_Change,3,0.25,1.5803210191295802,1,0,1,0,0,0,2,0,1,2,3,0,0,0,0,2,0
2803,76,61,15,0,15,0.19736842105263158,0.19736842105263158,0.0,,0,0.0,0.7166336117927454,0,0,0,0,0,0,0,0,0,0,0,0,0,0,0,0,0
2804,76,22,34,20,54,0.7105263157894737,0.4473684210526316,0.2631578947368421,Extent,7,0.35,2.264602294141805,2,2,1,0,7,2,0,2,0,0,0,0,2,2,0,0,0
2805,76,11,41,24,65,0.8552631578947368,0.5394736842105263,0.3157894736842105,Sequence_Complexity,5,0.20833333333333334,2.299533987510007,4,4,0,0,0,2,0,1,0,0,3,4,5,0,0,0,1
2806,76,3,52,21,73,0.9605263157894737,0.6842105263157895,0.27631578947368424,Sequence_Complexity,3,0.14285714285714285,1.9196092192815117,3,3,0,2,0,0,0,0,1,3,3,2,3,0,0,1,0
2807,76,24,32,20,52,0.6842105263157895,0.42105263157894735,0.2631578947368421,Curvature,7,0.35,2.1682549812289635,0,7,0,2,0,3,0,0,0,0,0,2,5,1,0,0,0
2808,76,4,56,16,72,0.9473684210526315,0.7368421052631579,0.21052631578947367,Extent,3,0.1875,1.6594847418705225,1,2,2,3,3,1,0,0,0,1,0,1,0,2,0,0,0
2809,76,10,43,23,66,0.868421052631579,0.5657894736842105,0.3026315789473684,Speed,3,0.13043478260869565,2.3390065869429986,0,3,0,3,3,0,0,0,2,3,0,3,0,1,1,3,1
2810,76,11,47,18,65,0.8552631578947368,0.618421052631579,0.23684210526315788,Extent,4,0.2222222222222222,1.9501748971516621,0,4,0,3,4,0,0,0,0,0,3,1,0,1,0,0,2
2811,76,6,54,16,70,0.9210526315789473,0.7105263157894737,0.21052631578947367,Indentation,3,0.1875,1.7408437946587874,2,3,3,0,1,1,3,1,1,0,0,0,0,1,0,0,0
2812,76,15,43,18,61,0.8026315789473685,0.5657894736842105,0.23684210526315788,Extent,6,0.3333333333333333,2.0710522714614155,2,2,0,0,6,1,0,1,2,0,2,0,2,0,0,0,0
2813,76,6,50,20,70,0.9210526315789473,0.6578947368421053,0.2631578947368421,Displacement,4,0.2,1.9127035397083156,0,3,4,3,3,0,1,0,3,0,0,3,0,0,0,0,0
2814,76,61,6,9,15,0.19736842105263158,0.07894736842105263,0.11842105263157894,Extent,7,0.7777777777777778,0.9987664996269245,0,0,0,0,7,0,0,0,0,0,0,0,0,0,0,0,2
2815,76,21,48,7,55,0.7236842105263158,0.631578947368421,0.09210526315789473,Indentation,2,0.2857142857142857,1.4279687514308292,2,0,2,0,0,0,2,0,0,1,0,0,0,0,0,0,0
2816,76,46,24,6,30,0.39473684210526316,0.3157894736842105,0.07894736842105263,Phase_Change,4,0.6666666666666666,1.3515729082339756,0,0,1,0,0,0,0,0,0,0,4,0,0,0,1,0,0
2817,76,16,52,8,60,0.7894736842105263,0.6842105263157895,0.10526315789473684,Speed,3,0.375,1.3540769825532732,0,0,0,0,3,0,2,0,0,0,0,0,0,0,0,3,0
2818,76,16,42,18,60,0.7894736842105263,0.5526315789473685,0.23684210526315788,Sequence_Complexity,4,0.2222222222222222,2.100135154774225,1,0,3,0,1,0,0,0,2,1,4,0,4,2,0,0,0
2819,76,39,21,16,37,0.4868421052631579,0.27631578947368424,0.21052631578947367,Displacement,6,0.375,1.940178797356276,0,0,6,0,0,0,0,0,0,2,0,0,2,3,0,0,3
2820,76,48,18,10,28,0.3684210526315789,0.23684210526315788,0.13157894736842105,Curvature,6,0.6,1.476261394168532,0,6,0,0,0,2,0,0,0,0,2,0,0,0,0,0,0
2821,76,51,10,15,25,0.32894736842105265,0.13157894736842105,0.19736842105263158,Curvature,6,0.4,1.542238186230643,0,6,0,0,0,4,0,0,0,0,0,5,0,0,0,0,0
2822,76,34,29,13,42,0.5526315789473685,0.3815789473684211,0.17105263157894737,Phase_Change,5,0.38461538461538464,1.786421376468786,0,0,0,0,0,2,5,0,0,0,5,0,0,0,0,1,0
2823,76,39,18,19,37,0.4868421052631579,0.23684210526315788,0.25,Indentation,9,0.47368421052631576,1.93583986114661,0,4,0,0,0,2,9,0,0,0,4,0,0,0,0,0,0
2824,76,31,43,2,45,0.5921052631578947,0.5657894736842105,0.02631578947368421,Spatial_Context,2,1.0,1.1306976440464362,0,0,0,0,0,0,0,0,0,0,0,0,0,2,0,0,0
2825,76,15,55,6,61,0.8026315789473685,0.7236842105263158,0.07894736842105263,Indentation,6,1.0,1.0888759584131777,0,0,0,0,0,0,6,0,0,0,0,0,0,0,0,0,0
2826,76,16,30,30,60,0.7894736842105263,0.39473684210526316,0.39473684210526316,Path_Evolution,6,0.2,2.6660029361158295,4,0,6,0,0,0,0,0,4,6,2,0,0,2,0,4,2
2827,76,27,40,9,49,0.6447368421052632,0.5263157894736842,0.11842105263157894,Path_Evolution,2,0.2222222222222222,1.6787290087868991,0,2,1,0,0,0,0,0,2,2,1,0,0,0,0,0,1
2828,76,11,38,27,65,0.8552631578947368,0.5,0.35526315789473684,Path_Evolution,5,0.18518518518518517,2.5510993980326573,5,0,0,3,0,1,3,2,2,5,0,2,0,1,0,3,0
2829,76,10,36,30,66,0.868421052631579,0.47368421052631576,0.39473684210526316,Localization,5,0.16666666666666666,2.6780492311826123,0,5,0,0,4,1,4,0,5,0,1,4,0,1,1,3,1
2830,76,21,32,23,55,0.7236842105263158,0.42105263157894735,0.3026315789473684,Localization,6,0.2608695652173913,2.2666464304700153,0,1,0,5,5,1,0,0,6,0,0,5,0,0,0,0,0
2831,76,24,31,21,52,0.6842105263157895,0.40789473684210525,0.27631578947368424,Phase_Change,5,0.23809523809523808,2.259728446408521,0,0,0,5,3,0,0,0,0,0,5,3,0,0,0,3,2
2832,76,31,33,12,45,0.5921052631578947,0.4342105263157895,0.15789473684210525,Extent,6,0.5,1.6286559138452177,0,6,0,0,6,0,0,0,0,0,0,0,0,0,0,0,0
2833,76,11,31,34,65,0.8552631578947368,0.40789473684210525,0.4473684210526316,Sequence_Complexity,5,0.14705882352941177,2.896250969275108,5,5,0,0,4,2,0,2,3,0,0,3,5,0,0,3,2
2834,76,18,27,31,58,0.7631578947368421,0.35526315789473684,0.40789473684210525,Indentation,5,0.16129032258064516,2.757281671123327,0,5,0,3,5,3,5,0,0,3,0,4,0,0,3,0,0
2835,76,15,51,10,61,0.8026315789473685,0.6710526315789473,0.13157894736842105,Phase_Change,2,0.2,1.5913873637768212,0,1,2,0,0,1,0,0,0,2,2,0,0,1,1,0,0
2836,76,28,37,11,48,0.631578947368421,0.4868421052631579,0.14473684210526316,Phase_Change,3,0.2727272727272727,1.7891711009408091,1,0,2,0,0,0,0,0,0,3,3,0,0,1,1,0,0
2837,76,13,60,3,63,0.8289473684210527,0.7894736842105263,0.039473684210526314,Geometric,2,0.6666666666666666,0.925307091439042,0,0,0,0,0,2,0,0,0,0,0,0,0,0,1,0,0
2838,76,24,28,24,52,0.6842105263157895,0.3684210526315789,0.3157894736842105,Acceleration,7,0.2916666666666667,2.3785727792312,7,0,1,0,1,3,6,3,0,0,0,0,3,0,0,0,0
2839,76,10,49,17,66,0.868421052631579,0.6447368421052632,0.2236842105263158,Localization,5,0.29411764705882354,1.832672983714737,2,0,5,0,1,0,1,0,5,2,1,0,0,0,0,0,0
2840,76,31,29,16,45,0.5921052631578947,0.3815789473684211,0.21052631578947367,Phase_Change,8,0.5,1.932515546535432,0,0,0,0,1,0,0,0,0,1,8,0,0,0,0,3,3
2841,76,10,42,24,66,0.868421052631579,0.5526315789473685,0.3157894736842105,Indentation,5,0.20833333333333334,2.3225879978031614,3,0,0,0,3,1,5,0,4,3,0,0,3,0,1,1,0
2842,76,38,14,24,38,0.5,0.18421052631578946,0.3157894736842105,Sampling_Gaps,8,0.3333333333333333,2.0972265874848586,5,0,0,6,0,0,0,0,0,5,0,8,0,0,0,0,0
2843,76,24,33,19,52,0.6842105263157895,0.4342105263157895,0.25,Acceleration,6,0.3157894736842105,2.1916308888784006,6,0,0,3,0,1,3,3,0,0,0,2,0,0,0,1,0
2844,76,7,58,11,69,0.9078947368421053,0.7631578947368421,0.14473684210526316,Speed,3,0.2727272727272727,1.4299108072071922,1,0,0,1,1,0,0,1,0,0,2,1,0,1,0,3,0
2845,76,24,23,29,52,0.6842105263157895,0.3026315789473684,0.3815789473684211,Indentation,7,0.2413793103448276,2.6150717576853935,5,0,4,4,0,3,7,0,0,0,0,4,0,0,0,0,2
2846,76,29,26,21,47,0.618421052631579,0.34210526315789475,0.27631578947368424,Extent,8,0.38095238095238093,2.2287510725624244,0,0,0,0,8,1,3,0,0,0,5,0,0,1,0,2,1
2847,76,21,39,16,55,0.7236842105263158,0.5131578947368421,0.21052631578947367,Indentation,5,0.3125,1.985046028069658,2,0,2,0,4,0,5,0,2,0,0,0,0,1,0,0,0
2848,76,9,46,21,67,0.881578947368421,0.6052631578947368,0.27631578947368424,Duration,4,0.19047619047619047,2.2036109016834944,0,2,2,4,2,0,1,1,2,0,0,2,0,2,0,3,0
2849,76,13,40,23,63,0.8289473684210527,0.5263157894736842,0.3026315789473684,Sampling_Gaps,5,0.21739130434782608,2.2581686833270567,0,5,0,3,3,0,0,1,3,0,0,5,0,3,0,0,0
2850,76,13,39,24,63,0.8289473684210527,0.5131578947368421,0.3157894736842105,Phase_Change,5,0.20833333333333334,2.3504199960422834,0,0,3,5,0,1,0,0,4,0,5,2,0,0,0,2,2
2851,76,38,17,21,38,0.5,0.2236842105263158,0.27631578947368424,Sampling_Gaps,7,0.3333333333333333,2.0166229308755708,0,2,0,6,0,0,0,0,6,0,0,7,0,0,0,0,0
2852,76,22,35,19,54,0.7105263157894737,0.4605263157894737,0.25,Speed,7,0.3684210526315789,1.972462117234364,4,0,0,0,0,0,7,0,1,0,0,0,0,0,0,7,0
2853,76,18,41,17,58,0.7631578947368421,0.5394736842105263,0.2236842105263158,Indentation,4,0.23529411764705882,2.044333175055868,0,0,4,0,0,0,4,0,1,0,2,3,0,2,0,1,0
2854,76,24,22,30,52,0.6842105263157895,0.2894736842105263,0.39473684210526316,Localization,7,0.23333333333333334,2.5510940984375106,0,0,0,7,0,0,6,0,7,0,4,4,0,0,0,0,2
2855,76,46,12,18,30,0.39473684210526316,0.15789473684210525,0.23684210526315788,Sampling_Gaps,6,0.3333333333333333,1.7264442897559897,0,0,6,6,0,0,0,0,0,0,0,6,0,0,0,0,0
2856,76,16,46,14,60,0.7894736842105263,0.6052631578947368,0.18421052631578946,Speed,4,0.2857142857142857,1.773140013724867,0,0,0,0,4,0,0,2,0,0,2,0,0,2,0,4,0
2857,76,31,28,17,45,0.5921052631578947,0.3684210526315789,0.2236842105263158,Duration,6,0.35294117647058826,1.9740431197238917,0,0,0,6,0,3,0,0,0,0,0,5,0,3,0,0,0
2858,76,1,53,22,75,0.9868421052631579,0.6973684210526315,0.2894736842105263,Sequence_Complexity,2,0.09090909090909091,2.0429303543403017,2,2,1,2,1,1,2,1,2,0,2,2,2,1,0,0,1
2859,76,27,24,25,49,0.6447368421052632,0.3157894736842105,0.32894736842105265,Sampling_Gaps,7,0.28,2.4000712633550996,0,5,0,0,2,4,3,0,0,0,0,7,4,0,0,0,0
2860,76,27,18,31,49,0.6447368421052632,0.23684210526315788,0.40789473684210525,Sequence_Complexity,7,0.22580645161290322,2.5287205601004885,0,3,0,7,7,1,0,0,0,0,0,6,7,0,0,0,0
2861,76,13,31,32,63,0.8289473684210527,0.40789473684210525,0.42105263157894735,Sequence_Complexity,5,0.15625,2.7151789367044428,5,0,3,5,2,0,0,2,5,0,0,5,5,0,0,0,0
2862,76,9,45,22,67,0.881578947368421,0.5921052631578947,0.2894736842105263,Speed,3,0.13636363636363635,2.229017620566829,3,2,0,3,0,0,2,1,2,0,0,3,3,0,0,3,0
2863,76,31,35,10,45,0.5921052631578947,0.4605263157894737,0.13157894736842105,Extent,4,0.4,1.6708238461116063,1,0,0,0,4,0,0,0,0,3,0,0,0,0,0,2,0
2864,76,16,49,11,60,0.7894736842105263,0.6447368421052632,0.14473684210526316,Sampling_Gaps,3,0.2727272727272727,1.571803238862854,0,3,0,3,0,2,0,0,0,0,0,3,0,0,0,0,0
2865,76,16,37,23,60,0.7894736842105263,0.4868421052631579,0.3026315789473684,Path_Evolution,5,0.21739130434782608,2.343665105821109,0,5,0,0,4,2,0,0,1,5,1,0,3,0,2,0,0
2866,76,24,25,27,52,0.6842105263157895,0.32894736842105265,0.35526315789473684,Curvature,7,0.25925925925925924,2.5142280704552147,0,7,3,0,5,2,0,0,5,4,0,0,0,0,1,0,0
2867,76,6,50,20,70,0.9210526315789473,0.6578947368421053,0.2631578947368421,Path_Evolution,4,0.2,2.0413145595874904,0,1,0,2,4,0,0,0,1,4,2,0,2,1,1,1,1
2868,76,13,33,30,63,0.8289473684210527,0.4342105263157895,0.39473684210526316,Speed,5,0.16666666666666666,2.635834629539147,0,2,2,5,3,0,0,0,0,0,5,5,0,0,0,5,3
2869,76,4,60,12,72,0.9473684210526315,0.7894736842105263,0.15789473684210525,Phase_Change,3,0.25,1.3641337866189196,0,1,0,1,0,0,0,0,0,1,3,1,0,0,1,2,2
2870,76,10,43,23,66,0.868421052631579,0.5657894736842105,0.3026315789473684,Sampling_Gaps,5,0.21739130434782608,2.2311153903611594,3,3,0,5,2,1,0,0,2,0,2,5,0,0,0,0,0
2871,76,48,21,7,28,0.3684210526315789,0.27631578947368424,0.09210526315789473,Curvature,4,0.5714285714285714,1.3753371724834609,0,4,0,0,1,2,0,0,0,0,0,0,0,0,0,0,0
2872,76,21,33,22,55,0.7236842105263158,0.4342105263157895,0.2894736842105263,Speed,7,0.3181818181818182,2.1688927670489884,7,0,0,0,4,0,0,0,2,2,0,0,0,0,0,7,0
2873,76,15,35,26,61,0.8026315789473685,0.4605263157894737,0.34210526315789475,Speed,6,0.23076923076923078,2.4398686049916662,6,6,0,0,1,1,0,1,3,0,0,0,0,1,1,6,0
2874,76,10,47,19,66,0.868421052631579,0.618421052631579,0.25,Curvature,4,0.21052631578947367,2.0828009412828883,3,4,3,0,0,1,0,1,1,1,1,0,3,0,0,0,1
2875,76,22,42,12,54,0.7105263157894737,0.5526315789473685,0.15789473684210525,Curvature,6,0.5,1.7203669559296983,0,6,0,0,0,2,1,2,0,1,0,0,0,0,0,0,0
2876,76,21,42,13,55,0.7236842105263158,0.5526315789473685,0.17105263157894737,Path_Evolution,5,0.38461538461538464,1.838973229079609,3,0,0,0,0,1,1,1,0,5,1,0,0,0,1,0,0
2877,76,24,20,32,52,0.6842105263157895,0.2631578947368421,0.42105263157894735,Duration,7,0.21875,2.6891401082186435,5,0,6,7,0,2,0,2,0,0,5,5,0,0,0,0,0
2878,76,22,29,25,54,0.7105263157894737,0.3815789473684211,0.32894736842105265,Displacement,7,0.28,2.4301616722929236,2,6,7,0,0,2,0,2,0,2,0,4,0,0,0,0,0
2879,76,29,32,15,47,0.618421052631579,0.42105263157894735,0.19736842105263158,Displacement,8,0.5333333333333333,1.9106072981690712,3,0,8,0,0,1,0,1,0,1,0,0,0,0,1,0,0
2880,76,11,34,31,65,0.8552631578947368,0.4473684210526316,0.40789473684210525,Sampling_Gaps,5,0.16129032258064516,2.6824561804225855,3,5,5,5,0,2,0,2,0,3,0,5,1,0,0,0,0
2881,76,15,29,32,61,0.8026315789473685,0.3815789473684211,0.42105263157894735,Indentation,6,0.1875,2.780507673836545,6,6,4,0,0,1,6,1,0,3,3,0,0,0,1,0,1
2882,76,10,47,19,66,0.868421052631579,0.618421052631579,0.25,Curvature,5,0.2631578947368421,1.972741362643411,1,5,3,0,0,0,0,0,0,3,3,0,3,0,0,0,1
2883,76,29,37,10,47,0.618421052631579,0.4868421052631579,0.13157894736842105,Displacement,4,0.4,1.6475166794044966,0,4,4,0,0,1,0,0,0,0,1,0,0,0,0,0,0
2884,76,15,33,28,61,0.8026315789473685,0.4342105263157895,0.3684210526315789,Indentation,6,0.21428571428571427,2.506446232021204,6,6,4,0,0,1,6,1,0,0,3,0,0,0,0,0,1
2885,76,11,45,20,65,0.8552631578947368,0.5921052631578947,0.2631578947368421,Duration,5,0.25,2.158496229045132,0,2,2,5,0,2,0,0,1,0,2,2,2,0,0,0,2
2886,76,39,23,14,37,0.4868421052631579,0.3026315789473684,0.18421052631578946,Sequence_Complexity,5,0.35714285714285715,1.8198072568443846,0,4,0,0,0,3,0,0,0,0,0,0,5,0,0,2,0
2887,76,22,23,31,54,0.7105263157894737,0.3026315789473684,0.40789473684210525,Sequence_Complexity,7,0.22580645161290322,2.7140879741422426,0,7,3,0,0,2,5,0,0,0,0,0,7,2,0,3,2
2888,76,31,22,23,45,0.5921052631578947,0.2894736842105263,0.3026315789473684,Sequence_Complexity,6,0.2608695652173913,2.2588285043991423,0,4,0,5,0,0,0,0,3,0,0,5,6,0,0,0,0
2889,76,24,37,15,52,0.6842105263157895,0.4868421052631579,0.19736842105263158,Sequence_Complexity,5,0.3333333333333333,1.979526000022326,4,2,0,0,0,1,1,0,1,0,0,0,5,1,0,0,0
2890,76,29,18,29,47,0.618421052631579,0.23684210526315788,0.3815789473684211,Curvature,8,0.27586206896551724,2.420918194129053,7,8,0,0,0,1,0,0,7,0,0,0,5,1,0,0,0
2891,76,36,14,26,40,0.5263157894736842,0.18421052631578946,0.34210526315789475,Sequence_Complexity,9,0.34615384615384615,2.259626810385156,0,0,0,0,0,1,0,0,0,6,7,0,9,1,1,0,1
2892,76,58,9,9,18,0.23684210526315788,0.11842105263157894,0.11842105263157894,Spatial_Context,3,0.3333333333333333,1.2142842866426593,0,0,0,0,0,3,3,0,0,0,0,0,0,3,0,0,0
2893,76,15,40,21,61,0.8026315789473685,0.5263157894736842,0.27631578947368424,Sequence_Complexity,5,0.23809523809523808,2.292665694912191,0,3,1,0,0,1,1,0,0,3,4,0,5,1,1,0,1
2894,76,29,19,28,47,0.618421052631579,0.25,0.3684210526315789,Sequence_Complexity,7,0.25,2.5326252562423393,0,4,0,0,0,2,5,0,0,0,6,0,7,2,0,0,2
2895,76,21,34,21,55,0.7236842105263158,0.4473684210526316,0.27631578947368424,Sequence_Complexity,7,0.3333333333333333,2.3219582773962744,0,2,0,0,0,1,2,0,0,3,3,0,7,1,1,0,1
2896,76,0,65,11,76,1.0,0.8552631578947368,0.14473684210526316,Temporal,1,0.09090909090909091,1.0972181996692494,1,0,0,1,1,1,1,1,1,0,0,1,1,1,0,0,1
2897,76,18,35,23,58,0.7631578947368421,0.4605263157894737,0.3026315789473684,Sequence_Complexity,4,0.17391304347826086,2.3618953671120204,4,4,4,0,2,0,0,2,3,0,0,0,4,0,0,0,0
2898,76,10,55,11,66,0.868421052631579,0.7236842105263158,0.14473684210526316,Extent,4,0.36363636363636365,1.4164266556445073,0,4,0,0,4,1,1,0,0,1,0,0,0,0,0,0,0
2899,76,6,50,20,70,0.9210526315789473,0.6578947368421053,0.2631578947368421,Speed,2,0.1,2.0676303490611754,2,2,0,2,0,0,0,0,2,2,2,2,2,0,2,2,0
2900,76,0,65,11,76,1.0,0.8552631578947368,0.14473684210526316,Speed,1,0.09090909090909091,1.0972181996692494,1,1,1,1,0,0,1,1,1,1,1,1,0,0,0,1,0
2901,76,6,61,9,70,0.9210526315789473,0.8026315789473685,0.11842105263157894,Curvature,4,0.4444444444444444,1.1257597161322301,2,4,0,1,0,0,0,0,0,2,0,0,0,0,0,0,0
2902,76,21,28,27,55,0.7236842105263158,0.3684210526315789,0.35526315789473684,Displacement,7,0.25925925925925924,2.382701025559241,7,0,7,0,0,0,0,0,0,5,0,0,4,0,0,4,0
2903,76,7,42,27,69,0.9078947368421053,0.5526315789473685,0.35526315789473684,Speed,3,0.1111111111111111,2.5088759841222843,3,0,3,3,3,1,3,0,0,3,0,3,0,1,1,3,0
2904,76,34,19,23,42,0.5526315789473685,0.25,0.3026315789473684,Speed,8,0.34782608695652173,2.0993222524912634,0,0,0,0,8,0,0,0,0,0,5,0,0,0,0,8,2
2905,76,39,27,10,37,0.4868421052631579,0.35526315789473684,0.13157894736842105,Indentation,8,0.8,1.5043400253640942,0,0,0,0,0,2,8,0,0,0,0,0,0,0,0,0,0
2906,76,16,27,33,60,0.7894736842105263,0.35526315789473684,0.4342105263157895,Sequence_Complexity,6,0.18181818181818182,2.74238721639462,0,0,0,0,6,1,6,0,0,2,6,0,6,0,0,4,2
2907,76,31,33,12,45,0.5921052631578947,0.4342105263157895,0.15789473684210525,Displacement,5,0.4166666666666667,1.8314178814007047,0,0,5,0,0,0,2,0,0,1,0,0,0,1,1,2,0
2908,76,16,38,22,60,0.7894736842105263,0.5,0.2894736842105263,Extent,5,0.22727272727272727,2.2985814415481016,1,0,0,5,5,0,0,0,3,3,1,0,0,0,2,2,0
2909,76,13,41,22,63,0.8289473684210527,0.5394736842105263,0.2894736842105263,Sequence_Complexity,5,0.22727272727272727,2.315233250233857,1,0,0,0,3,0,2,0,2,3,0,0,5,2,2,2,0
2910,76,21,30,25,55,0.7236842105263158,0.39473684210526316,0.32894736842105265,Duration,6,0.24,2.468719339003758,3,3,0,6,0,0,2,0,0,4,0,3,0,0,4,0,0
2911,76,22,41,13,54,0.7105263157894737,0.5394736842105263,0.17105263157894737,Phase_Change,3,0.23076923076923078,1.8527723778402647,0,2,3,0,0,0,0,0,0,3,3,0,0,1,1,0,0
2912,76,31,30,15,45,0.5921052631578947,0.39473684210526316,0.19736842105263158,Displacement,8,0.5333333333333333,1.8592210530171098,0,0,8,0,0,2,3,0,0,0,0,0,0,2,0,0,0
2913,76,37,23,16,39,0.5131578947368421,0.3026315789473684,0.21052631578947367,Indentation,8,0.5,1.8690893618964481,0,4,0,0,0,2,8,0,0,0,0,0,0,2,0,0,0
2914,76,16,48,12,60,0.7894736842105263,0.631578947368421,0.15789473684210525,Displacement,5,0.4166666666666667,1.6994032962192125,0,1,5,0,0,0,0,0,0,1,1,0,1,2,0,1,0
2915,76,39,12,25,37,0.4868421052631579,0.15789473684210525,0.32894736842105265,Duration,9,0.36,2.1415336514195187,0,0,0,9,0,0,0,0,0,7,0,4,0,3,2,0,0
2916,76,39,19,18,37,0.4868421052631579,0.25,0.23684210526315788,Displacement,9,0.5,1.8679221278072229,0,0,9,0,0,0,0,0,0,6,2,0,0,0,1,0,0
2917,76,9,52,15,67,0.881578947368421,0.6842105263157895,0.19736842105263158,Sampling_Gaps,4,0.26666666666666666,1.735398692965722,1,1,0,4,1,0,0,0,0,1,0,4,2,1,0,0,0
2918,76,4,61,11,72,0.9473684210526315,0.8026315789473685,0.14473684210526316,SpatioTemporal_Dynamics,2,0.18181818181818182,1.3298357030312689,1,0,2,1,0,0,0,0,1,1,1,1,0,0,2,0,1
2919,76,10,46,20,66,0.868421052631579,0.6052631578947368,0.2631578947368421,Indentation,4,0.2,2.1845998038143333,0,0,1,3,0,1,4,0,0,2,3,2,1,1,1,0,1
2920,76,13,44,19,63,0.8289473684210527,0.5789473684210527,0.25,Sampling_Gaps,4,0.21052631578947367,2.0858129403399635,0,2,4,4,0,0,1,0,0,2,0,4,0,0,1,1,0
2921,76,28,30,18,48,0.631578947368421,0.39473684210526316,0.23684210526315788,Path_Evolution,7,0.3888888888888889,1.9757772359548311,1,5,0,0,0,0,0,0,0,7,5,0,0,0,0,0,0
2922,76,0,73,3,76,1.0,0.9605263157894737,0.039473684210526314,Sequence_Complexity,1,0.3333333333333333,0.3024381345193584,0,0,0,1,0,0,0,0,0,0,0,1,1,0,0,0,0
2923,76,18,42,16,58,0.7631578947368421,0.5526315789473685,0.21052631578947367,Curvature,5,0.3125,1.9597629113479296,0,5,0,1,4,0,0,0,0,0,0,1,0,1,0,1,3
2924,76,31,27,18,45,0.5921052631578947,0.35526315789473684,0.23684210526315788,Sequence_Complexity,7,0.3888888888888889,2.06400566329345,3,0,0,0,0,0,1,1,0,0,0,0,7,1,0,5,0
2925,76,27,28,21,49,0.6447368421052632,0.3684210526315789,0.27631578947368424,Sampling_Gaps,7,0.3333333333333333,2.1609070755295474,5,0,0,0,0,0,3,1,0,0,0,7,0,0,0,5,0
2926,76,6,64,6,70,0.9210526315789473,0.8421052631578947,0.07894736842105263,Phase_Change,2,0.3333333333333333,0.9122725791761258,0,0,0,2,0,0,0,0,2,0,2,0,0,0,0,0,0
2927,76,13,43,20,63,0.8289473684210527,0.5657894736842105,0.2631578947368421,Indentation,4,0.2,2.166480299099008,2,0,4,2,0,1,4,0,0,0,2,0,3,2,0,0,0
2928,76,3,56,17,73,0.9605263157894737,0.7368421052631579,0.2236842105263158,Path_Evolution,3,0.17647058823529413,1.6133034918135893,3,0,0,2,0,0,2,0,3,3,0,2,2,0,0,0,0
2929,76,10,29,37,66,0.868421052631579,0.3815789473684211,0.4868421052631579,Phase_Change,5,0.13513513513513514,2.9828099847625693,4,5,0,0,5,1,0,1,5,5,5,0,0,1,1,4,0
2930,76,12,41,23,64,0.8421052631578947,0.5394736842105263,0.3026315789473684,Speed,3,0.13043478260869565,2.3273565303759596,3,2,0,3,3,0,0,3,3,0,0,3,0,0,0,3,0
2931,76,6,42,28,70,0.9210526315789473,0.5526315789473685,0.3684210526315789,Speed,4,0.14285714285714285,2.4288252862393054,4,2,3,0,0,0,3,1,4,4,0,0,3,0,0,4,0
2932,76,24,34,18,52,0.6842105263157895,0.4473684210526316,0.23684210526315788,Indentation,7,0.3888888888888889,2.1076074993090788,2,0,4,0,1,2,7,0,0,1,0,0,0,1,0,0,0
2933,76,13,39,24,63,0.8289473684210527,0.5131578947368421,0.3157894736842105,Sequence_Complexity,4,0.16666666666666666,2.389296554494694,3,0,4,0,0,2,3,0,0,3,0,3,4,0,2,0,0
2934,76,1,60,15,75,0.9868421052631579,0.7894736842105263,0.19736842105263158,Speed,2,0.13333333333333333,1.4530138853315966,0,1,0,2,2,0,2,0,1,1,1,2,1,0,0,2,0
2935,76,7,61,8,69,0.9078947368421053,0.8026315789473685,0.10526315789473684,Phase_Change,4,0.5,1.1238951181049106,0,1,0,1,0,0,1,0,0,0,4,1,0,0,0,0,0
2936,76,34,31,11,42,0.5526315789473685,0.40789473684210525,0.14473684210526316,Acceleration,5,0.45454545454545453,1.7095281686922044,5,0,0,0,0,0,1,3,0,0,0,0,0,0,0,2,0
2937,76,29,28,19,47,0.618421052631579,0.3684210526315789,0.25,Phase_Change,6,0.3157894736842105,2.1359941360098174,2,0,0,0,0,0,0,2,6,0,6,0,0,0,2,0,1
2938,76,13,51,12,63,0.8289473684210527,0.6710526315789473,0.15789473684210525,Localization,3,0.25,1.7195815097785334,0,1,0,0,1,1,2,0,3,1,0,0,1,0,1,1,0
2939,76,37,31,8,39,0.5131578947368421,0.40789473684210525,0.10526315789473684,Speed,3,0.375,1.5395112614094908,0,0,0,0,0,0,0,0,0,3,0,0,0,0,0,3,2
2940,76,22,40,14,54,0.7105263157894737,0.5263157894736842,0.18421052631578946,Phase_Change,3,0.21428571428571427,1.9519486396298753,2,0,3,0,0,0,0,1,0,2,3,0,0,0,2,0,1
2941,76,38,24,14,38,0.5,0.3157894736842105,0.18421052631578946,Localization,4,0.2857142857142857,1.8339755985993225,0,4,2,0,4,0,0,0,4,0,0,0,0,0,0,0,0
2942,76,29,28,19,47,0.618421052631579,0.3684210526315789,0.25,Localization,8,0.42105263157894735,2.014347918933021,0,0,0,0,0,0,3,0,8,0,0,0,2,0,0,6,0
2943,76,16,40,20,60,0.7894736842105263,0.5263157894736842,0.2631578947368421,Localization,6,0.3,2.124158450174174,0,0,3,0,0,0,0,0,6,3,3,0,3,0,0,0,2
2944,76,76,0,0,0,0.0,0.0,0.0,,0,0.0,0.0,0,0,0,0,0,0,0,0,0,0,0,0,0,0,0,0,0
2945,76,42,30,4,34,0.4473684210526316,0.39473684210526316,0.05263157894736842,SpatioTemporal_Dynamics,3,0.75,1.2684678144024413,0,0,0,0,0,0,0,0,0,0,0,0,1,0,3,0,0
2946,76,18,52,6,58,0.7631578947368421,0.6842105263157895,0.07894736842105263,Speed,1,0.16666666666666666,1.360012837531764,0,0,0,0,1,1,1,1,0,0,1,0,0,0,0,1,0
2947,76,29,21,26,47,0.618421052631579,0.27631578947368424,0.34210526315789475,Indentation,7,0.2692307692307692,2.471134596365333,0,0,0,0,0,2,7,0,6,3,4,0,0,0,2,0,2
2948,76,16,43,17,60,0.7894736842105263,0.5657894736842105,0.2236842105263158,Indentation,6,0.35294117647058826,2.0263596258578334,1,1,0,0,4,1,6,0,1,1,0,0,0,1,0,0,1
2949,76,65,7,4,11,0.14473684210526316,0.09210526315789473,0.05263157894736842,Sequence_Complexity,4,1.0,0.7333828779007858,0,0,0,0,0,0,0,0,0,0,0,0,4,0,0,0,0
2950,76,11,29,36,65,0.8552631578947368,0.3815789473684211,0.47368421052631576,Sequence_Complexity,5,0.1388888888888889,2.9731441770516898,0,5,5,0,4,2,0,0,5,0,3,0,5,2,0,3,2
2951,76,10,53,13,66,0.868421052631579,0.6973684210526315,0.17105263157894737,Phase_Change,3,0.23076923076923078,1.5661036312149401,3,0,0,0,3,0,0,0,3,1,3,0,0,0,0,0,0
2952,76,4,62,10,72,0.9473684210526315,0.8157894736842105,0.13157894736842105,Spatial_Context,2,0.2,1.2063463128648189,0,1,2,1,0,2,0,0,0,0,0,1,0,2,0,1,0
2953,76,24,32,20,52,0.6842105263157895,0.42105263157894735,0.2631578947368421,Extent,6,0.3,2.250380967020887,0,0,0,3,6,0,0,0,0,2,0,3,0,2,1,3,0
2954,76,31,33,12,45,0.5921052631578947,0.4342105263157895,0.15789473684210525,Extent,4,0.3333333333333333,1.806416111270572,0,1,0,0,4,3,0,0,0,0,3,0,0,0,1,0,0
2955,76,39,28,9,37,0.4868421052631579,0.3684210526315789,0.11842105263157894,Curvature,3,0.3333333333333333,1.6394222587387492,3,3,0,0,1,0,0,1,0,0,0,0,0,0,0,0,1
2956,76,42,27,7,34,0.4473684210526316,0.35526315789473684,0.09210526315789473,Speed,3,0.42857142857142855,1.4535976539771576,0,0,0,0,0,0,1,0,0,3,0,0,0,0,0,3,0
2957,76,22,40,14,54,0.7105263157894737,0.5263157894736842,0.18421052631578946,Sequence_Complexity,3,0.21428571428571427,1.9057673895729421,0,1,3,0,0,0,3,0,0,3,0,0,3,0,1,0,0
2958,76,48,23,5,28,0.3684210526315789,0.3026315789473684,0.06578947368421052,Indentation,2,0.4,1.3252942894445487,0,0,0,0,0,0,2,0,0,0,0,0,0,0,1,1,1
2959,76,22,46,8,54,0.7105263157894737,0.6052631578947368,0.10526315789473684,Extent,5,0.625,1.4347566441925335,0,0,0,0,5,0,0,0,1,2,0,0,0,0,0,0,0
2960,76,27,34,15,49,0.6447368421052632,0.4473684210526316,0.19736842105263158,Indentation,4,0.26666666666666666,1.9897648599249593,0,0,0,0,1,1,4,0,3,0,0,0,3,0,0,3,0
2961,76,55,17,4,21,0.27631578947368424,0.2236842105263158,0.05263157894736842,Curvature,4,1.0,1.0444847167973743,0,4,0,0,0,0,0,0,0,0,0,0,0,0,0,0,0
2962,76,39,33,4,37,0.4868421052631579,0.4342105263157895,0.05263157894736842,Sequence_Complexity,2,0.5,1.2927210335165242,0,2,0,0,0,0,0,0,0,0,0,0,2,0,0,0,0
2963,76,16,39,21,60,0.7894736842105263,0.5131578947368421,0.27631578947368424,Phase_Change,6,0.2857142857142857,2.1538454536504075,0,3,0,0,0,0,0,0,3,4,6,0,4,0,0,0,1
2964,76,34,34,8,42,0.5526315789473685,0.4473684210526316,0.10526315789473684,Localization,6,0.75,1.4655953001626643,0,0,0,0,0,0,0,0,6,0,0,0,2,0,0,0,0
2965,76,34,27,15,42,0.5526315789473685,0.35526315789473684,0.19736842105263158,Sequence_Complexity,6,0.4,1.9272005506859664,0,2,0,0,3,0,0,0,3,0,0,0,6,0,1,0,0
2966,76,11,53,12,65,0.8552631578947368,0.6973684210526315,0.15789473684210525,SpatioTemporal_Dynamics,2,0.16666666666666666,1.673802093748061,1,0,1,0,1,2,1,0,0,1,0,0,1,2,2,0,0
2967,76,15,53,8,61,0.8026315789473685,0.6973684210526315,0.10526315789473684,Extent,6,0.75,1.2782838551501081,0,0,0,0,6,0,1,0,0,0,0,0,1,0,0,0,0
2968,76,6,61,9,70,0.9210526315789473,0.8026315789473685,0.11842105263157894,Sequence_Complexity,4,0.4444444444444444,1.1783912950795985,0,1,1,0,1,0,0,0,1,1,0,0,4,0,0,0,0
2969,76,31,29,16,45,0.5921052631578947,0.3815789473684211,0.21052631578947367,Speed,7,0.4375,1.8562893109501748,0,0,0,0,0,0,0,1,7,0,0,0,1,0,0,7,0
2970,76,61,11,4,15,0.19736842105263158,0.14473684210526316,0.05263157894736842,Temporal,2,0.5,0.9343916529653442,0,0,0,0,2,0,0,0,0,0,0,0,0,0,0,0,2
2971,76,48,26,2,28,0.3684210526315789,0.34210526315789475,0.02631578947368421,Path_Evolution,1,0.5,1.1125376094135342,1,0,0,0,0,0,0,0,0,1,0,0,0,0,0,0,0
2972,76,42,24,10,34,0.4473684210526316,0.3157894736842105,0.13157894736842105,Speed,5,0.5,1.5620581417534212,0,4,0,0,0,0,0,0,0,0,0,0,0,0,1,5,0
2973,76,39,16,21,37,0.4868421052631579,0.21052631578947367,0.27631578947368424,Speed,9,0.42857142857142855,2.06148295353654,0,0,0,0,0,0,0,0,0,2,4,0,0,0,3,9,3
2974,76,39,28,9,37,0.4868421052631579,0.3684210526315789,0.11842105263157894,Displacement,4,0.4444444444444444,1.5967234100830052,0,3,4,0,0,0,0,0,0,0,0,0,0,1,0,0,1
2975,76,42,23,11,34,0.4473684210526316,0.3026315789473684,0.14473684210526316,Phase_Change,4,0.36363636363636365,1.6258992996517079,0,0,0,0,0,0,0,0,0,4,4,0,0,0,3,0,0
2976,76,25,45,6,51,0.6710526315789473,0.5921052631578947,0.07894736842105263,Speed,2,0.3333333333333333,1.3896407492435396,0,2,0,0,0,0,0,0,0,0,0,0,2,0,0,2,0
2977,76,34,36,6,42,0.5526315789473685,0.47368421052631576,0.07894736842105263,SpatioTemporal_Dynamics,4,0.6666666666666666,1.3914665048326016,0,0,0,0,0,0,0,0,0,2,0,0,0,0,4,0,0
2978,76,24,38,14,52,0.6842105263157895,0.5,0.18421052631578946,Localization,5,0.35714285714285715,1.89819381598401,0,0,0,0,0,0,0,0,5,3,3,0,0,0,1,1,1
2979,76,22,40,14,54,0.7105263157894737,0.5263157894736842,0.18421052631578946,Displacement,7,0.5,1.80857236394251,0,0,7,0,1,0,3,0,1,0,0,0,0,2,0,0,0
2980,76,42,18,16,34,0.4473684210526316,0.23684210526315788,0.21052631578947367,Phase_Change,5,0.3125,1.822073523891217,5,0,0,0,0,0,0,0,5,0,5,0,0,1,0,0,0
2981,76,29,38,9,47,0.618421052631579,0.5,0.11842105263157894,Speed,2,0.2222222222222222,1.7176289033178502,0,0,0,0,1,0,0,1,1,0,0,0,2,1,1,2,0
2982,76,39,22,15,37,0.4868421052631579,0.2894736842105263,0.19736842105263158,Path_Evolution,6,0.4,1.8465742943364984,3,0,0,0,0,0,4,0,0,6,0,0,0,0,2,0,0
2983,76,29,42,5,47,0.618421052631579,0.5526315789473685,0.06578947368421052,Temporal,1,0.2,1.414259347451381,1,1,0,0,0,0,0,1,0,0,0,0,0,1,0,0,1
2984,76,29,38,9,47,0.618421052631579,0.5,0.11842105263157894,Sequence_Complexity,5,0.5555555555555556,1.5911862654963134,0,0,0,0,0,0,0,0,1,0,1,0,5,0,2,0,0
2985,76,10,52,14,66,0.868421052631579,0.6842105263157895,0.18421052631578946,Path_Evolution,5,0.35714285714285715,1.6788250559877003,0,0,1,0,0,0,0,0,2,5,2,0,0,0,1,2,1
2986,76,55,19,2,21,0.27631578947368424,0.25,0.02631578947368421,Sequence_Complexity,1,0.5,1.0020668950319487,0,1,0,0,0,0,0,0,0,0,0,0,1,0,0,0,0
2987,76,39,19,18,37,0.4868421052631579,0.25,0.23684210526315788,Sequence_Complexity,5,0.2777777777777778,2.010288168181356,0,0,0,0,0,2,5,0,0,4,0,0,5,0,0,0,2
2988,76,27,34,15,49,0.6447368421052632,0.4473684210526316,0.19736842105263158,Sequence_Complexity,5,0.3333333333333333,1.8931204129782961,2,0,0,0,4,0,4,0,0,0,0,0,5,0,0,0,0
2989,76,18,43,15,58,0.7631578947368421,0.5657894736842105,0.19736842105263158,Indentation,5,0.3333333333333333,1.9123031719052224,0,0,1,0,0,1,5,0,0,1,3,0,3,0,1,0,0
2990,76,34,29,13,42,0.5526315789473685,0.3815789473684211,0.17105263157894737,Sequence_Complexity,4,0.3076923076923077,1.8550961257960705,1,4,0,0,0,0,0,2,2,0,0,0,4,0,0,0,0
2991,76,22,49,5,54,0.7105263157894737,0.6447368421052632,0.06578947368421052,SpatioTemporal_Dynamics,1,0.2,1.3370291190795622,0,0,0,0,0,0,0,1,1,1,0,0,1,0,1,0,0
2992,76,48,22,6,28,0.3684210526315789,0.2894736842105263,0.07894736842105263,Localization,3,0.5,1.3671303667751709,0,0,0,0,0,0,0,1,3,0,1,0,0,0,0,0,1
2993,76,24,43,9,52,0.6842105263157895,0.5657894736842105,0.11842105263157894,Speed,2,0.2222222222222222,1.6772895598975592,2,0,1,0,1,0,0,1,0,0,0,0,1,0,1,2,0
2994,76,29,36,11,47,0.618421052631579,0.47368421052631576,0.14473684210526316,Localization,3,0.2727272727272727,1.7774849290648183,0,0,2,0,0,0,0,0,3,0,2,0,0,0,2,0,2
2995,76,16,52,8,60,0.7894736842105263,0.6842105263157895,0.10526315789473684,Indentation,3,0.375,1.416641291792266,0,0,0,0,2,0,3,0,1,1,1,0,0,0,0,0,0
2996,76,36,34,6,40,0.5263157894736842,0.4473684210526316,0.07894736842105263,Phase_Change,5,0.8333333333333334,1.3702870249058015,0,0,1,0,0,0,0,0,0,0,5,0,0,0,0,0,0
2997,76,34,26,16,42,0.5526315789473685,0.34210526315789475,0.21052631578947367,Sequence_Complexity,7,0.4375,1.894813648593807,0,0,4,0,0,0,0,0,4,0,0,0,7,0,0,1,0
2998,76,65,7,4,11,0.14473684210526316,0.09210526315789473,0.05263157894736842,Sequence_Complexity,4,1.0,0.7333828779007858,0,0,0,0,0,0,0,0,0,0,0,0,4,0,0,0,0
2999,76,34,41,1,42,0.5526315789473685,0.5394736842105263,0.013157894736842105,Kinematic,1,1.0,1.081698976708678,0,0,0,0,0,0,0,1,0,0,0,0,0,0,0,0,0
3000,76,21,44,11,55,0.7236842105263158,0.5789473684210527,0.14473684210526316,Localization,3,0.2727272727272727,1.722092880513033,0,3,1,0,1,0,1,0,3,0,0,0,2,0,0,0,0
3001,76,27,36,13,49,0.6447368421052632,0.47368421052631576,0.17105263157894737,Sequence_Complexity,6,0.46153846153846156,1.774124386934851,0,1,0,0,0,0,0,0,0,4,2,0,6,0,0,0,0
3002,76,4,56,16,72,0.9473684210526315,0.7368421052631579,0.21052631578947367,Phase_Change,3,0.1875,1.6232362221052137,0,3,0,0,2,2,0,1,3,0,3,0,0,1,0,1,0
3003,76,21,40,15,55,0.7236842105263158,0.5263157894736842,0.19736842105263158,Sequence_Complexity,4,0.26666666666666666,1.9864712348118494,3,1,0,0,1,0,0,0,2,0,2,0,4,0,2,0,0
3004,76,29,21,26,47,0.618421052631579,0.27631578947368424,0.34210526315789475,Sampling_Gaps,5,0.19230769230769232,2.490576505090943,5,5,0,0,0,2,5,2,0,0,0,5,0,2,0,0,0
3005,76,21,29,26,55,0.7236842105263158,0.3815789473684211,0.34210526315789475,Sequence_Complexity,7,0.2692307692307692,2.3476237812612166,0,7,4,0,4,0,4,0,0,0,0,0,7,0,0,0,0
3006,76,22,24,30,54,0.7105263157894737,0.3157894736842105,0.39473684210526316,Duration,6,0.2,2.66390874259022,0,6,0,6,0,1,0,0,4,5,0,5,0,2,1,0,0
3007,76,2,56,18,74,0.9736842105263158,0.7368421052631579,0.23684210526315788,Speed,2,0.1111111111111111,1.7582975708748243,1,2,1,2,2,0,2,1,2,0,1,2,0,0,0,2,0
3008,76,21,34,21,55,0.7236842105263158,0.4473684210526316,0.27631578947368424,Sampling_Gaps,4,0.19047619047619047,2.337238007116408,4,0,0,4,0,1,0,1,4,0,0,4,0,1,0,1,1
3009,76,15,43,18,61,0.8026315789473685,0.5657894736842105,0.23684210526315788,Speed,6,0.3333333333333333,1.9096751332181208,0,0,0,0,0,0,6,0,2,0,3,0,1,0,0,6,0
3010,76,34,13,29,42,0.5526315789473685,0.17105263157894737,0.3815789473684211,Phase_Change,8,0.27586206896551724,2.3570243105299484,0,0,5,6,0,0,0,0,6,0,8,0,0,0,0,0,4
3011,76,18,22,36,58,0.7631578947368421,0.2894736842105263,0.47368421052631576,Speed,6,0.16666666666666666,2.905032794686174,0,6,5,0,6,0,0,0,4,0,4,0,0,3,0,6,2
3012,76,39,24,13,37,0.4868421052631579,0.3157894736842105,0.17105263157894737,Speed,6,0.46153846153846156,1.7685268679248245,0,0,0,0,3,2,0,0,0,0,0,0,0,2,0,6,0
3013,76,7,40,29,69,0.9078947368421053,0.5263157894736842,0.3815789473684211,Extent,4,0.13793103448275862,2.6158435232564186,2,4,0,4,4,2,3,1,0,0,0,3,2,2,0,2,0
3014,76,18,29,29,58,0.7631578947368421,0.3815789473684211,0.3815789473684211,Speed,6,0.20689655172413793,2.587678436572682,0,0,0,5,0,0,0,0,6,1,0,4,5,1,0,6,1
3015,76,16,33,27,60,0.7894736842105263,0.4342105263157895,0.35526315789473684,Displacement,6,0.2222222222222222,2.464261857277404,0,0,6,0,3,0,5,0,0,5,0,0,5,1,0,0,2
3016,76,11,44,21,65,0.8552631578947368,0.5789473684210527,0.27631578947368424,Displacement,5,0.23809523809523808,2.160647684474485,1,0,5,0,3,0,0,2,0,4,0,0,0,2,0,2,2
3017,76,10,52,14,66,0.868421052631579,0.6842105263157895,0.18421052631578946,Displacement,5,0.35714285714285715,1.6788250559877005,2,1,5,0,0,0,2,0,0,1,1,0,2,0,0,0,0
3018,76,21,36,19,55,0.7236842105263158,0.47368421052631576,0.25,Displacement,7,0.3684210526315789,2.1852651728272185,2,0,7,0,0,0,2,0,0,2,3,0,0,1,1,0,1
3019,76,10,43,23,66,0.868421052631579,0.5657894736842105,0.3026315789473684,Displacement,5,0.21739130434782608,2.2984761203448922,2,1,5,0,2,0,0,1,0,4,2,0,0,1,0,4,1
3020,76,7,57,12,69,0.9078947368421053,0.75,0.15789473684210525,Displacement,4,0.3333333333333333,1.483108891577881,2,1,4,0,0,0,0,0,0,1,1,0,1,1,0,1,0
3021,76,15,46,15,61,0.8026315789473685,0.6052631578947368,0.19736842105263158,Path_Evolution,6,0.4,1.6991543697408982,2,1,6,0,0,0,0,0,0,6,0,0,0,0,0,0,0
3022,76,15,47,14,61,0.8026315789473685,0.618421052631579,0.18421052631578946,Displacement,6,0.42857142857142855,1.7324168559790631,0,0,6,0,0,0,0,0,0,0,1,0,4,1,1,0,1
3023,76,21,33,22,55,0.7236842105263158,0.4342105263157895,0.2894736842105263,Displacement,7,0.3181818181818182,2.3286521019184137,2,0,7,0,0,0,0,1,0,1,2,0,0,1,1,6,1
3024,76,15,41,20,61,0.8026315789473685,0.5394736842105263,0.2631578947368421,Displacement,5,0.25,2.170656045050085,4,2,5,0,0,1,0,1,0,2,0,0,0,1,0,4,0
3025,76,10,45,21,66,0.868421052631579,0.5921052631578947,0.27631578947368424,Duration,4,0.19047619047619047,2.2035561938072323,3,0,3,4,0,0,0,1,1,0,3,3,0,1,1,0,1
3026,76,6,63,7,70,0.9210526315789473,0.8289473684210527,0.09210526315789473,Displacement,4,0.5714285714285714,0.9837379057485636,1,0,4,0,0,0,0,0,0,0,0,0,0,1,0,1,0
3027,76,6,45,25,70,0.9210526315789473,0.5921052631578947,0.32894736842105265,Speed,4,0.16,2.361111041847194,4,0,4,0,1,0,0,1,2,1,2,0,3,1,1,4,1
3028,76,1,65,10,75,0.9868421052631579,0.8552631578947368,0.13157894736842105,Sampling_Gaps,2,0.2,0.9656392523008283,2,0,2,2,0,0,0,0,0,0,2,2,0,0,0,0,0
3029,76,15,47,14,61,0.8026315789473685,0.618421052631579,0.18421052631578946,Displacement,6,0.42857142857142855,1.8113642244001156,1,0,6,0,1,0,2,1,0,0,0,0,1,1,0,1,0
3030,76,24,25,27,52,0.6842105263157895,0.32894736842105265,0.35526315789473684,Localization,7,0.25925925925925924,2.492158123042502,7,1,0,0,4,0,0,2,7,0,4,0,0,0,2,0,0
3031,76,34,32,10,42,0.5526315789473685,0.42105263157894735,0.13157894736842105,Sequence_Complexity,4,0.4,1.68248361077896,0,2,0,0,0,0,2,0,0,0,0,0,4,0,0,2,0
3032,76,22,42,12,54,0.7105263157894737,0.5526315789473685,0.15789473684210525,Phase_Change,3,0.25,1.8355628441160596,0,0,0,0,0,0,0,1,2,2,3,0,2,0,1,0,1
3033,76,42,25,9,34,0.4473684210526316,0.32894736842105265,0.11842105263157894,Curvature,4,0.4444444444444444,1.5725508818220126,0,4,0,0,0,0,0,0,3,0,1,0,0,0,1,0,0
3034,76,58,13,5,18,0.23684210526315788,0.17105263157894737,0.06578947368421052,Displacement,3,0.6,1.0555130192936268,0,0,3,0,0,0,0,0,0,0,0,0,0,0,0,0,2
3035,76,25,49,2,51,0.6710526315789473,0.6447368421052632,0.02631578947368421,Localization,2,1.0,1.0740171567855155,0,0,0,0,0,0,0,0,2,0,0,0,0,0,0,0,0
3036,76,34,33,9,42,0.5526315789473685,0.4342105263157895,0.11842105263157894,Phase_Change,5,0.5555555555555556,1.576238263235989,0,2,0,0,0,0,2,0,0,0,5,0,0,0,0,0,0
3037,76,24,36,16,52,0.6842105263157895,0.47368421052631576,0.21052631578947367,Path_Evolution,6,0.375,2.0154778414230865,0,0,0,0,2,0,0,0,2,6,2,0,2,0,0,0,2
3038,76,42,24,10,34,0.4473684210526316,0.3157894736842105,0.13157894736842105,Temporal,4,0.4,1.6358692006275897,0,0,2,0,0,0,2,0,0,0,2,0,0,0,0,0,4
3039,76,51,15,10,25,0.32894736842105265,0.19736842105263158,0.13157894736842105,Indentation,6,0.6,1.4036944360598427,0,0,0,0,0,3,6,0,1,0,0,0,0,0,0,0,0
3040,76,22,35,19,54,0.7105263157894737,0.4605263157894737,0.25,Sampling_Gaps,7,0.3684210526315789,2.1784027021607226,0,2,0,0,0,1,4,0,0,0,0,7,2,0,1,1,1
3041,76,42,11,23,34,0.4473684210526316,0.14473684210526316,0.3026315789473684,Indentation,9,0.391304347826087,1.9654699275058787,0,0,0,0,4,3,9,0,0,0,7,0,0,0,0,0,0
3042,76,31,35,10,45,0.5921052631578947,0.4605263157894737,0.13157894736842105,Extent,4,0.4,1.733388155350599,0,1,0,0,4,1,2,0,0,0,1,0,0,0,1,0,0
3043,76,25,35,16,51,0.6710526315789473,0.4605263157894737,0.21052631578947367,Localization,6,0.375,1.9698869168413633,0,2,0,0,4,0,0,0,6,0,0,0,2,0,0,2,0
3044,76,29,30,17,47,0.618421052631579,0.39473684210526316,0.2236842105263158,Localization,8,0.47058823529411764,1.9624300502673753,0,0,0,0,5,0,0,0,8,1,0,0,0,0,0,1,2
3045,76,27,36,13,49,0.6447368421052632,0.47368421052631576,0.17105263157894737,Localization,7,0.5384615384615384,1.7985755783812152,0,2,0,0,0,0,1,0,7,0,2,0,0,0,0,0,1
3046,76,16,37,23,60,0.7894736842105263,0.4868421052631579,0.3026315789473684,Localization,6,0.2608695652173913,2.2410299866134737,2,2,0,0,6,0,4,0,6,0,0,0,0,0,0,3,0
3047,76,16,48,12,60,0.7894736842105263,0.631578947368421,0.15789473684210525,Localization,6,0.5,1.6744015260890797,0,1,1,0,1,0,0,0,6,0,1,0,0,0,1,1,0
3048,76,31,29,16,45,0.5921052631578947,0.3815789473684211,0.21052631578947367,Extent,8,0.5,1.9786967965923652,0,2,0,0,8,1,2,0,2,0,0,0,0,0,0,0,1
3049,76,15,31,30,61,0.8026315789473685,0.40789473684210525,0.39473684210526316,Localization,6,0.2,2.6371080987903173,0,5,5,0,1,1,6,1,6,0,0,0,0,0,0,4,1
3050,76,6,54,16,70,0.9210526315789473,0.7105263157894737,0.21052631578947367,Localization,4,0.25,1.63906303816524,0,1,1,0,4,0,4,0,4,0,0,0,1,0,0,1,0
3051,76,18,44,14,58,0.7631578947368421,0.5789473684210527,0.18421052631578946,Spatial_Context,3,0.21428571428571427,1.8955141417287218,2,1,0,0,2,0,0,0,2,3,0,0,0,3,0,1,0
3052,76,29,31,16,47,0.618421052631579,0.40789473684210525,0.21052631578947367,Extent,7,0.4375,1.9996655866375401,0,0,0,0,7,0,0,1,3,0,0,0,0,2,1,2,0
3053,76,1,68,7,75,0.9868421052631579,0.8947368421052632,0.09210526315789473,Phase_Change,2,0.2857142857142857,0.7223028660090713,2,0,2,0,0,0,0,0,0,0,2,0,0,0,0,1,0
3054,76,38,31,7,38,0.5,0.40789473684210525,0.09210526315789473,Sequence_Complexity,2,0.2857142857142857,1.5242257880113568,0,1,0,0,2,0,0,0,2,0,0,0,2,0,0,0,0
3055,76,9,43,24,67,0.881578947368421,0.5657894736842105,0.3157894736842105,Sampling_Gaps,3,0.125,2.3744007439942196,3,0,2,3,3,2,3,0,0,1,3,3,0,0,1,0,0
3056,76,24,39,13,52,0.6842105263157895,0.5131578947368421,0.17105263157894737,Sequence_Complexity,3,0.23076923076923078,1.91003854558487,0,2,0,0,0,3,1,0,1,2,0,0,3,0,1,0,0
3057,76,46,26,4,30,0.39473684210526316,0.34210526315789475,0.05263157894736842,Displacement,3,0.75,1.2341094851218164,0,1,3,0,0,0,0,0,0,0,0,0,0,0,0,0,0
3058,76,16,46,14,60,0.7894736842105263,0.6052631578947368,0.18421052631578946,Sequence_Complexity,5,0.35714285714285715,1.8209751719274947,0,1,0,0,0,1,3,0,0,2,1,0,5,0,1,0,0
3059,76,31,30,15,45,0.5921052631578947,0.39473684210526316,0.19736842105263158,Sequence_Complexity,6,0.4,1.9346860200369729,0,3,0,0,0,0,0,0,0,1,0,0,6,0,3,0,2
3060,76,31,32,13,45,0.5921052631578947,0.42105263157894735,0.17105263157894737,Sampling_Gaps,5,0.38461538461538464,1.7585890121747707,0,0,0,4,0,0,0,0,0,0,0,5,4,0,0,0,0
3061,76,27,36,13,49,0.6447368421052632,0.47368421052631576,0.17105263157894737,Sequence_Complexity,6,0.46153846153846156,1.8168232355905947,0,1,1,0,0,2,3,0,0,0,0,0,6,0,0,0,0
3062,76,39,31,6,37,0.4868421052631579,0.40789473684210525,0.07894736842105263,Indentation,2,0.3333333333333333,1.4622594587380482,0,2,0,0,0,1,2,0,0,0,0,0,1,0,0,0,0
3063,76,39,27,10,37,0.4868421052631579,0.35526315789473684,0.13157894736842105,Sequence_Complexity,5,0.5,1.6048067625140905,0,0,0,0,0,2,3,0,0,0,0,0,5,0,0,0,0
3064,76,31,36,9,45,0.5921052631578947,0.47368421052631576,0.11842105263157894,Sequence_Complexity,4,0.4444444444444444,1.6103976032320086,0,0,0,0,3,1,0,0,0,0,0,0,4,0,0,0,1
3065,76,18,40,18,58,0.7631578947368421,0.5263157894736842,0.23684210526315788,Sequence_Complexity,6,0.3333333333333333,2.0973281867885456,1,2,0,0,4,1,2,0,1,0,0,0,6,0,1,0,0
3066,76,39,22,15,37,0.4868421052631579,0.2894736842105263,0.19736842105263158,Sequence_Complexity,8,0.5333333333333333,1.8237409062640033,0,4,0,0,0,1,0,0,1,0,0,0,8,0,1,0,0
3067,76,51,16,9,25,0.32894736842105265,0.21052631578947367,0.11842105263157894,Sequence_Complexity,3,0.3333333333333333,1.4116333694036292,0,3,0,0,0,3,0,0,0,0,0,0,3,0,0,0,0
3068,76,39,13,24,37,0.4868421052631579,0.17105263157894737,0.3157894736842105,Sequence_Complexity,9,0.375,2.0630598766069146,0,1,0,0,0,3,9,0,0,0,0,0,9,0,2,0,0
3069,76,29,34,13,47,0.618421052631579,0.4473684210526316,0.17105263157894737,Sequence_Complexity,7,0.5384615384615384,1.8333660671855012,0,0,0,0,0,1,1,0,2,0,0,0,7,0,1,0,1
3070,76,3,62,11,73,0.9605263157894737,0.8157894736842105,0.14473684210526316,Speed,3,0.2727272727272727,1.2028639114636293,1,0,0,1,0,0,3,0,1,0,1,1,0,0,0,3,0
3071,76,9,53,14,67,0.881578947368421,0.6973684210526315,0.18421052631578946,Speed,4,0.2857142857142857,1.6675444989063435,2,0,0,2,0,2,0,2,0,0,1,1,0,0,0,4,0
3072,76,4,49,23,72,0.9473684210526315,0.6447368421052632,0.3026315789473684,Phase_Change,3,0.13043478260869565,2.150750607283906,3,0,2,2,3,0,2,2,0,2,3,2,0,0,0,2,0
3073,76,31,11,34,45,0.5921052631578947,0.14473684210526316,0.4473684210526316,Sampling_Gaps,8,0.23529411764705882,2.522353718294502,0,0,8,6,8,0,0,0,0,0,0,8,0,2,0,0,2
3074,76,6,45,25,70,0.9210526315789473,0.5921052631578947,0.32894736842105265,Sequence_Complexity,4,0.16,2.2851316009153866,3,3,2,0,3,0,0,1,3,3,0,0,4,0,0,3,0
3075,76,18,41,17,58,0.7631578947368421,0.5394736842105263,0.2236842105263158,Curvature,5,0.29411764705882354,2.0032882345458187,0,5,3,3,0,0,0,0,0,1,0,2,0,0,0,0,3
3076,76,15,29,32,61,0.8026315789473685,0.3815789473684211,0.42105263157894735,Localization,6,0.1875,2.5962971475207546,6,6,0,0,6,0,0,0,6,4,0,0,4,0,0,0,0
3077,76,21,32,23,55,0.7236842105263158,0.42105263157894735,0.3026315789473684,Sequence_Complexity,4,0.17391304347826086,2.34011760054204,0,4,4,4,0,0,3,0,0,0,0,4,4,0,0,0,0
3078,76,22,27,27,54,0.7105263157894737,0.35526315789473684,0.35526315789473684,Localization,6,0.2222222222222222,2.4450487873723357,6,6,0,0,0,0,0,1,6,4,0,0,4,0,0,0,0
3079,76,34,13,29,42,0.5526315789473685,0.17105263157894737,0.3815789473684211,Localization,8,0.27586206896551724,2.3242581921658294,0,8,6,0,0,0,0,0,8,5,0,0,0,0,2,0,0
3080,76,11,47,18,65,0.8552631578947368,0.618421052631579,0.23684210526315788,Sequence_Complexity,5,0.2777777777777778,1.8487340294602586,0,4,0,0,0,0,0,0,0,2,5,2,5,0,0,0,0
3081,76,24,29,23,52,0.6842105263157895,0.3815789473684211,0.3026315789473684,Localization,7,0.30434782608695654,2.2138742797407684,0,7,1,0,0,0,0,0,7,5,0,0,0,0,0,3,0
3082,76,31,29,16,45,0.5921052631578947,0.3815789473684211,0.21052631578947367,Curvature,6,0.375,1.9113360666086319,0,6,0,5,0,0,0,0,0,4,1,0,0,0,0,0,0
3083,76,6,45,25,70,0.9210526315789473,0.5921052631578947,0.32894736842105265,Path_Evolution,3,0.12,2.4003274891017488,3,3,2,0,0,1,3,1,3,3,2,2,0,0,1,0,1
3084,76,18,43,15,58,0.7631578947368421,0.5657894736842105,0.19736842105263158,Curvature,4,0.26666666666666666,1.9533481124152718,1,4,2,0,2,0,2,0,0,0,0,0,2,0,0,0,2
3085,76,16,28,32,60,0.7894736842105263,0.3684210526315789,0.42105263157894735,Sequence_Complexity,5,0.15625,2.766950214500334,5,5,3,0,4,0,3,2,5,0,0,0,5,0,0,0,0
3086,76,24,32,20,52,0.6842105263157895,0.42105263157894735,0.2631578947368421,Curvature,6,0.3,2.132557040147424,2,6,5,0,0,0,5,0,0,0,0,0,0,0,0,0,2
3087,76,24,30,22,52,0.6842105263157895,0.39473684210526316,0.2894736842105263,Localization,6,0.2727272727272727,2.196940561224454,5,6,0,0,0,0,0,1,6,4,0,0,0,0,0,0,0
3088,76,16,47,13,60,0.7894736842105263,0.618421052631579,0.17105263157894737,Acceleration,6,0.46153846153846156,1.6877242103754817,6,1,0,0,0,0,0,0,0,0,2,2,2,0,0,0,0
3089,76,16,55,5,60,0.7894736842105263,0.7236842105263158,0.06578947368421052,Displacement,3,0.6,1.133063411522273,0,0,3,0,0,0,2,0,0,0,0,0,0,0,0,0,0
3090,76,24,23,29,52,0.6842105263157895,0.3026315789473684,0.3815789473684211,Phase_Change,7,0.2413793103448276,2.4974606927879437,7,0,0,7,0,0,0,2,0,0,7,4,0,0,0,0,2
3091,76,1,52,23,75,0.9868421052631579,0.6842105263157895,0.3026315789473684,Speed,2,0.08695652173913043,2.11078454839968,0,2,2,2,1,1,0,0,2,2,2,2,2,1,1,2,1
3092,76,15,39,22,61,0.8026315789473685,0.5131578947368421,0.2894736842105263,Extent,6,0.2727272727272727,2.1022335411094693,5,0,0,0,6,0,0,0,0,0,5,5,0,0,0,0,1
3093,76,31,29,16,45,0.5921052631578947,0.3815789473684211,0.21052631578947367,Speed,4,0.25,1.9523810071186811,0,0,4,0,4,0,0,0,0,0,0,4,0,0,0,4,0
3094,76,3,63,10,73,0.9605263157894737,0.8289473684210527,0.13157894736842105,Speed,3,0.3,1.1053841228253598,0,0,0,0,0,1,0,0,0,0,3,0,0,1,1,3,1
3095,76,10,47,19,66,0.868421052631579,0.618421052631579,0.25,Sequence_Complexity,5,0.2631578947368421,2.0124722838099087,1,0,4,0,1,0,0,0,0,4,0,0,5,1,1,1,1
3096,76,6,58,12,70,0.9210526315789473,0.7631578947368421,0.15789473684210525,Path_Evolution,4,0.3333333333333333,1.3001964578660907,0,4,0,0,3,0,0,0,0,4,1,0,0,0,0,0,0
3097,76,28,31,17,48,0.631578947368421,0.40789473684210525,0.2236842105263158,Phase_Change,5,0.29411764705882354,1.9714150810367896,5,0,0,0,0,0,5,0,0,2,5,0,0,0,0,0,0
3098,76,11,52,13,65,0.8552631578947368,0.6842105263157895,0.17105263157894737,Extent,4,0.3076923076923077,1.689024708860071,0,0,2,0,4,1,1,0,0,0,1,0,1,0,0,1,2
3099,76,7,38,31,69,0.9078947368421053,0.5,0.40789473684210525,Speed,4,0.12903225806451613,2.7139471848963956,3,0,2,0,4,0,4,2,2,0,4,3,0,0,1,4,2
3100,76,6,58,12,70,0.9210526315789473,0.7631578947368421,0.15789473684210525,Phase_Change,4,0.3333333333333333,1.4680239249998202,1,1,0,0,1,1,1,0,1,0,4,0,0,0,0,1,1
3101,76,3,65,8,73,0.9605263157894737,0.8552631578947368,0.10526315789473684,Localization,3,0.375,0.9095252719522705,1,3,0,0,0,0,0,0,3,0,0,0,0,0,0,1,0
3102,76,21,43,12,55,0.7236842105263158,0.5657894736842105,0.15789473684210525,Sequence_Complexity,4,0.3333333333333333,1.7337456011426498,1,0,3,0,0,0,3,0,0,0,0,0,4,0,0,1,0
3103,76,1,59,16,75,0.9868421052631579,0.7763157894736842,0.21052631578947367,Speed,2,0.125,1.6285072514389978,1,1,0,1,1,1,0,1,1,1,2,1,1,0,1,2,1
3104,76,22,36,18,54,0.7105263157894737,0.47368421052631576,0.23684210526315788,Localization,3,0.16666666666666666,2.215171484911557,3,2,0,3,0,2,0,0,3,2,0,0,0,0,1,0,2
3105,76,6,55,15,70,0.9210526315789473,0.7236842105263158,0.19736842105263158,Indentation,4,0.26666666666666666,1.623130681230648,1,0,1,4,0,0,4,0,1,0,0,2,1,0,1,0,0
3106,76,7,44,25,69,0.9078947368421053,0.5789473684210527,0.32894736842105265,Localization,4,0.16,2.331599708374353,3,3,3,0,0,0,0,2,4,3,2,0,3,2,0,0,0
3107,76,13,51,12,63,0.8289473684210527,0.6710526315789473,0.15789473684210525,Speed,3,0.25,1.6932657203048491,0,1,0,2,2,0,0,0,0,1,0,1,0,0,1,3,1
3108,76,27,28,21,49,0.6447368421052632,0.3684210526315789,0.27631578947368424,Speed,5,0.23809523809523808,2.20415650286906,0,3,0,0,5,0,0,0,0,0,5,0,0,3,0,5,0
3109,76,27,26,23,49,0.6447368421052632,0.34210526315789475,0.3026315789473684,Sampling_Gaps,6,0.2608695652173913,2.3121022470874952,0,0,0,0,3,0,1,0,0,0,6,6,4,0,0,0,3
3110,76,6,44,26,70,0.9210526315789473,0.5789473684210527,0.34210526315789475,Sampling_Gaps,3,0.11538461538461539,2.392546214239476,3,3,1,3,3,0,0,0,3,0,3,3,0,2,0,0,2
3111,76,7,52,17,69,0.9078947368421053,0.6842105263157895,0.2236842105263158,Acceleration,4,0.23529411764705882,1.8685954437080128,4,0,1,0,1,2,1,2,0,0,1,0,1,1,0,3,0
3112,76,10,45,21,66,0.868421052631579,0.5921052631578947,0.27631578947368424,Sequence_Complexity,4,0.19047619047619047,2.1380239570789934,0,0,4,0,0,1,4,1,4,0,0,0,4,1,1,1,0
3113,76,9,46,21,67,0.881578947368421,0.6052631578947368,0.27631578947368424,Localization,4,0.19047619047619047,2.0849326120959444,0,3,0,3,3,0,2,0,4,0,0,0,3,0,0,3,0
3114,76,7,61,8,69,0.9078947368421053,0.8026315789473685,0.10526315789473684,Speed,2,0.25,1.176526697052279,0,1,0,0,0,1,0,1,0,0,0,0,2,0,1,2,0
3115,76,0,68,8,76,1.0,0.8947368421052632,0.10526315789473684,Speed,1,0.125,0.8012502344301241,1,0,0,0,0,1,1,1,0,0,1,0,1,0,1,1,0
3116,76,1,69,6,75,0.9868421052631579,0.9078947368421053,0.07894736842105263,Phase_Change,2,0.3333333333333333,0.6230829408423529,0,0,0,0,2,0,0,0,2,0,2,0,0,0,0,0,0
3117,76,9,48,19,67,0.881578947368421,0.631578947368421,0.25,Sequence_Complexity,4,0.21052631578947367,1.9931589272625354,4,2,0,0,1,0,0,3,0,0,2,0,4,0,2,1,0
3118,76,13,46,17,63,0.8289473684210527,0.6052631578947368,0.2236842105263158,Sequence_Complexity,5,0.29411764705882354,1.9412303845854204,0,1,3,0,1,0,3,0,0,0,0,0,5,2,0,2,0
3119,76,7,52,17,69,0.9078947368421053,0.6842105263157895,0.2236842105263158,Phase_Change,4,0.23529411764705882,1.7107007068659077,0,0,0,0,4,1,4,0,0,0,4,0,3,1,0,0,0
3120,76,16,48,12,60,0.7894736842105263,0.631578947368421,0.15789473684210525,Sequence_Complexity,5,0.4166666666666667,1.7257190856928968,0,1,0,0,1,1,1,1,0,0,0,0,5,0,0,1,1
3121,76,6,56,14,70,0.9210526315789473,0.7368421052631579,0.18421052631578946,Sequence_Complexity,4,0.2857142857142857,1.5706046431578458,0,3,2,0,1,0,1,0,0,1,1,0,4,0,0,1,0
3122,76,6,56,14,70,0.9210526315789473,0.7368421052631579,0.18421052631578946,Path_Evolution,3,0.21428571428571427,1.586987702339905,0,1,2,0,0,0,3,0,2,3,1,0,1,0,0,1,0
3123,76,24,28,24,52,0.6842105263157895,0.3684210526315789,0.3157894736842105,Localization,7,0.2916666666666667,2.2996254108101484,0,3,0,0,6,0,0,0,7,0,0,0,0,0,1,6,1
3124,76,6,45,25,70,0.9210526315789473,0.5921052631578947,0.32894736842105265,Sequence_Complexity,4,0.16,2.3874268313208784,0,2,4,0,2,1,3,1,2,2,0,0,4,1,1,2,0
3125,76,24,28,24,52,0.6842105263157895,0.3684210526315789,0.3157894736842105,Speed,7,0.2916666666666667,2.2819283322845374,0,0,0,0,0,0,0,2,6,5,0,0,4,0,0,7,0
3126,76,24,34,18,52,0.6842105263157895,0.4473684210526316,0.23684210526315788,Localization,7,0.3888888888888889,1.9876151903779766,0,0,5,0,0,0,0,0,7,3,0,0,0,3,0,0,0
3127,76,48,23,5,28,0.3684210526315789,0.3026315789473684,0.06578947368421052,Indentation,3,0.6,1.2627299802055556,0,0,0,0,0,0,3,0,0,0,0,0,0,0,0,0,2
3128,76,11,44,21,65,0.8552631578947368,0.5789473684210527,0.27631578947368424,Extent,5,0.23809523809523808,2.196896204239794,2,4,0,0,5,1,4,1,1,0,1,0,1,1,0,0,0
3129,76,58,12,6,18,0.23684210526315788,0.15789473684210525,0.07894736842105263,Path_Evolution,4,0.6666666666666666,1.1060532012586766,0,0,0,0,0,0,0,0,0,4,0,0,0,0,1,0,1
3130,76,16,38,22,60,0.7894736842105263,0.5,0.2894736842105263,Phase_Change,6,0.2727272727272727,2.1946323029969155,0,0,1,0,0,1,0,2,5,6,6,0,0,0,1,0,0
3131,76,29,24,23,47,0.618421052631579,0.3157894736842105,0.3026315789473684,Localization,8,0.34782608695652173,2.3410781861276995,0,2,0,0,0,0,0,2,8,0,4,4,0,1,0,0,2
3132,76,11,39,26,65,0.8552631578947368,0.5131578947368421,0.34210526315789475,Extent,5,0.19230769230769232,2.526695607868209,0,0,3,0,5,0,3,0,3,3,2,0,2,2,2,0,1
3133,76,11,53,12,65,0.8552631578947368,0.6973684210526315,0.15789473684210525,Phase_Change,4,0.3333333333333333,1.5322904160880157,0,0,0,0,0,0,3,2,0,0,4,0,0,1,0,0,2
3134,76,16,51,9,60,0.7894736842105263,0.6710526315789473,0.11842105263157894,Path_Evolution,5,0.5555555555555556,1.3939362908780186,0,0,0,0,0,0,0,0,0,5,0,0,0,2,0,0,2
3135,76,46,28,2,30,0.39473684210526316,0.3684210526315789,0.02631578947368421,Speed,1,0.5,1.1335882003352233,0,0,0,0,0,0,0,0,1,0,0,0,0,0,0,1,0
3136,76,21,43,12,55,0.7236842105263158,0.5657894736842105,0.15789473684210525,Extent,3,0.25,1.8226256998553267,0,0,0,0,3,0,0,1,2,2,0,0,2,1,1,0,0
3137,76,18,48,10,58,0.7631578947368421,0.631578947368421,0.13157894736842105,Geometric,3,0.3,1.5552087625895847,0,3,0,0,2,3,2,0,0,0,0,0,0,0,0,0,0
3138,76,16,59,1,60,0.7894736842105263,0.7763157894736842,0.013157894736842105,Curvature,1,1.0,0.839033567228472,0,1,0,0,0,0,0,0,0,0,0,0,0,0,0,0,0
3139,76,24,15,37,52,0.6842105263157895,0.19736842105263158,0.4868421052631579,Sampling_Gaps,7,0.1891891891891892,2.822585825708772,5,7,0,5,0,3,7,0,0,0,0,7,0,0,3,0,0
3140,76,6,51,19,70,0.9210526315789473,0.6710526315789473,0.25,Sequence_Complexity,4,0.21052631578947367,2.000513468116306,2,0,4,0,1,0,0,1,1,1,1,0,4,1,1,1,1
3141,76,6,46,24,70,0.9210526315789473,0.6052631578947368,0.3157894736842105,Duration,4,0.16666666666666666,2.2398594214488043,3,0,4,4,0,0,0,1,3,0,3,3,0,1,1,0,1
3142,76,34,37,5,42,0.5526315789473685,0.4868421052631579,0.06578947368421052,SpatioTemporal_Dynamics,1,0.2,1.4357760511964446,0,1,0,0,0,0,1,0,0,0,1,0,1,0,1,0,0
3143,76,29,36,11,47,0.618421052631579,0.47368421052631576,0.14473684210526316,Sequence_Complexity,4,0.36363636363636365,1.7347860804090742,0,0,0,0,0,0,4,0,0,1,1,0,4,0,0,0,1
3144,76,42,26,8,34,0.4473684210526316,0.34210526315789475,0.10526315789473684,Indentation,3,0.375,1.5084730472238057,0,3,0,0,0,2,3,0,0,0,0,0,0,0,0,0,0
3145,76,46,19,11,30,0.39473684210526316,0.25,0.14473684210526316,Extent,6,0.5454545454545454,1.549780997120676,0,0,0,0,6,0,2,0,0,0,3,0,0,0,0,0,0
3146,76,51,16,9,25,0.32894736842105265,0.21052631578947367,0.11842105263157894,Curvature,4,0.4444444444444444,1.4051830405131942,3,4,0,0,0,0,0,2,0,0,0,0,0,0,0,0,0
3147,76,65,11,0,11,0.14473684210526316,0.14473684210526316,0.0,,0,0.0,0.596510991708588,0,0,0,0,0,0,0,0,0,0,0,0,0,0,0,0,0
3148,76,6,63,7,70,0.9210526315789473,0.8289473684210527,0.09210526315789473,Phase_Change,4,0.5714285714285714,0.9574221162748793,0,1,0,0,0,0,0,0,0,0,4,0,0,0,0,2,0
3149,76,10,58,8,66,0.868421052631579,0.7631578947368421,0.10526315789473684,Phase_Change,5,0.625,1.1611930510658273,0,0,0,0,0,0,0,0,1,0,5,0,0,0,0,2,0
3150,76,51,15,10,25,0.32894736842105265,0.19736842105263158,0.13157894736842105,Localization,5,0.5,1.4286962061899757,0,3,0,0,0,0,0,0,5,0,0,0,0,0,0,0,2
3151,76,31,37,8,45,0.5921052631578947,0.4868421052631579,0.10526315789473684,Extent,6,0.75,1.460563892988438,0,0,0,0,6,0,0,0,2,0,0,0,0,0,0,0,0
3152,76,27,38,11,49,0.6447368421052632,0.5,0.14473684210526316,Extent,3,0.2727272727272727,1.7832829993173112,3,1,0,0,3,0,1,2,0,0,1,0,0,0,0,0,0
3153,76,20,40,16,56,0.7368421052631579,0.5263157894736842,0.21052631578947367,Duration,5,0.3125,1.988977333577243,3,2,0,5,2,0,0,0,0,0,0,2,2,0,0,0,0
3154,76,15,54,7,61,0.8026315789473685,0.7105263157894737,0.09210526315789473,Extent,4,0.5714285714285714,1.2825685127731237,0,0,0,0,4,0,0,0,0,0,0,0,0,1,1,0,1
3155,76,21,26,29,55,0.7236842105263158,0.34210526315789475,0.3815789473684211,Sampling_Gaps,6,0.20689655172413793,2.6150480523677047,0,3,0,6,0,0,0,0,0,5,3,6,0,0,3,3,0
3156,76,28,20,28,48,0.631578947368421,0.2631578947368421,0.3684210526315789,Indentation,7,0.25,2.414150952485421,7,0,0,6,0,1,7,1,0,0,0,6,0,0,0,0,0
3157,76,24,32,20,52,0.6842105263157895,0.42105263157894735,0.2631578947368421,Phase_Change,7,0.35,2.179501730864139,0,0,1,4,0,0,0,0,0,0,7,3,0,2,0,0,3
3158,76,3,56,17,73,0.9605263157894737,0.7368421052631579,0.2236842105263158,Phase_Change,3,0.17647058823529413,1.6659350707609575,3,2,0,0,0,1,0,1,0,3,3,0,2,1,1,0,0
3159,76,46,12,18,30,0.39473684210526316,0.15789473684210525,0.23684210526315788,Speed,6,0.3333333333333333,1.72644428975599,0,0,0,0,6,0,0,0,6,0,0,0,0,0,0,6,0
3160,76,42,23,11,34,0.4473684210526316,0.3026315789473684,0.14473684210526316,Displacement,5,0.45454545454545453,1.6672841289639007,0,0,5,0,0,0,0,0,0,0,0,0,2,2,0,2,0
3161,76,21,44,11,55,0.7236842105263158,0.5789473684210527,0.14473684210526316,Extent,3,0.2727272727272727,1.7583414002783417,1,0,2,0,3,0,0,1,1,0,2,0,1,0,0,0,0
3162,76,46,21,9,30,0.39473684210526316,0.27631578947368424,0.11842105263157894,Localization,9,1.0,1.315666449365199,0,0,0,0,0,0,0,0,9,0,0,0,0,0,0,0,0
3163,76,38,36,2,38,0.5,0.47368421052631576,0.02631578947368421,Curvature,2,1.0,1.1487361244596448,0,2,0,0,0,0,0,0,0,0,0,0,0,0,0,0,0
3164,76,15,50,11,61,0.8026315789473685,0.6578947368421053,0.14473684210526316,Curvature,6,0.5454545454545454,1.5596914157173885,0,6,0,0,0,1,0,0,1,0,0,0,1,1,1,0,0
3165,76,42,27,7,34,0.4473684210526316,0.35526315789473684,0.09210526315789473,Localization,4,0.5714285714285714,1.4471473250867224,0,0,0,0,2,0,0,0,4,0,0,0,0,0,0,0,1
3166,76,34,26,16,42,0.5526315789473685,0.34210526315789475,0.21052631578947367,Curvature,6,0.375,1.8504969965641933,6,6,0,0,0,0,0,4,0,0,0,0,0,0,0,0,0
3167,76,27,33,16,49,0.6447368421052632,0.4342105263157895,0.21052631578947367,Indentation,6,0.375,2.012841743629158,0,1,0,0,1,2,6,0,0,3,0,0,0,0,0,3,0
3168,76,28,40,8,48,0.631578947368421,0.5263157894736842,0.10526315789473684,Localization,5,0.625,1.5230235386074769,0,0,0,0,0,0,1,0,5,0,0,0,0,0,1,0,1
3169,76,37,28,11,39,0.5131578947368421,0.3684210526315789,0.14473684210526316,Speed,4,0.36363636363636365,1.7300891931030056,0,0,4,0,1,0,0,0,0,0,0,0,0,1,0,4,1
3170,76,34,36,6,42,0.5526315789473685,0.47368421052631576,0.07894736842105263,Curvature,3,0.5,1.4604811429620295,1,3,1,0,0,0,0,0,0,1,0,0,0,0,0,0,0
3171,76,42,20,14,34,0.4473684210526316,0.2631578947368421,0.18421052631578946,Sequence_Complexity,8,0.5714285714285714,1.7358762811481223,2,0,0,0,0,0,0,2,0,0,0,2,8,0,0,0,0
3172,76,24,43,9,52,0.6842105263157895,0.5657894736842105,0.11842105263157894,Sampling_Gaps,3,0.3333333333333333,1.6147252506585665,2,0,0,0,0,0,0,1,0,0,0,3,0,0,0,2,1
3173,76,22,42,12,54,0.7105263157894737,0.5526315789473685,0.15789473684210525,Curvature,4,0.3333333333333333,1.7829312651686913,0,4,0,0,0,1,2,0,0,0,3,0,0,0,1,0,1
3174,76,37,32,7,39,0.5131578947368421,0.42105263157894735,0.09210526315789473,Indentation,3,0.42857142857142855,1.4813544932778213,0,0,3,0,0,0,3,0,1,0,0,0,0,0,0,0,0
3175,76,34,27,15,42,0.5526315789473685,0.35526315789473684,0.19736842105263158,Indentation,6,0.4,1.937133280977591,0,2,0,0,3,2,6,0,2,0,0,0,0,0,0,0,0
3176,76,28,25,23,48,0.631578947368421,0.32894736842105265,0.3026315789473684,Displacement,8,0.34782608695652173,2.2653418422196627,0,0,8,0,0,0,5,0,0,0,3,0,5,1,1,0,0
3177,76,29,35,12,47,0.618421052631579,0.4605263157894737,0.15789473684210525,Curvature,3,0.25,1.8642269614181,0,3,0,0,0,0,0,0,0,2,2,0,0,0,1,2,2
3178,76,51,22,3,25,0.32894736842105265,0.2894736842105263,0.039473684210526314,SpatioTemporal_Dynamics,3,1.0,1.0879791509076608,0,0,0,0,0,0,0,0,0,0,0,0,0,0,3,0,0
3179,76,10,47,19,66,0.868421052631579,0.618421052631579,0.25,Phase_Change,5,0.2631578947368421,1.9826740929350353,3,1,0,0,0,0,2,0,2,3,5,0,3,0,0,0,0
3180,76,48,22,6,28,0.3684210526315789,0.2894736842105263,0.07894736842105263,Acceleration,4,0.6666666666666666,1.324431518119427,4,0,0,0,0,0,0,1,0,0,0,0,0,0,1,0,0
3181,76,27,18,31,49,0.6447368421052632,0.23684210526315788,0.40789473684210525,Localization,7,0.22580645161290322,2.587589605962278,0,0,5,5,0,0,0,0,7,0,0,6,5,3,0,0,0
3182,76,11,43,22,65,0.8552631578947368,0.5657894736842105,0.2894736842105263,Speed,4,0.18181818181818182,2.167164095557218,0,0,2,0,4,0,3,0,4,0,0,0,4,0,1,4,0
3183,76,24,30,22,52,0.6842105263157895,0.39473684210526316,0.2894736842105263,Speed,7,0.3181818181818182,2.1851432329055096,0,0,0,6,0,0,0,1,0,0,0,5,0,0,0,7,3
3184,76,39,33,4,37,0.4868421052631579,0.4342105263157895,0.05263157894736842,Indentation,2,0.5,1.3190368229902083,0,0,0,0,0,1,2,0,0,0,0,0,0,0,0,0,1
3185,76,24,27,25,52,0.6842105263157895,0.35526315789473684,0.32894736842105265,Sequence_Complexity,7,0.28,2.425836474145015,0,0,0,0,2,3,7,0,2,2,0,0,7,0,2,0,0
3186,76,27,29,20,49,0.6447368421052632,0.3815789473684211,0.2631578947368421,Duration,6,0.3,2.160460547622962,0,0,0,6,0,3,3,0,0,0,0,5,3,0,0,0,0
3187,76,31,29,16,45,0.5921052631578947,0.3815789473684211,0.21052631578947367,Indentation,8,0.5,1.9260652176449968,0,0,0,0,0,2,8,0,0,4,1,0,0,0,0,0,1
3188,76,42,27,7,34,0.4473684210526316,0.35526315789473684,0.09210526315789473,Indentation,5,0.7142857142857143,1.425967845159922,0,0,0,0,0,1,5,0,0,0,1,0,0,0,0,0,0
3189,76,48,22,6,28,0.3684210526315789,0.2894736842105263,0.07894736842105263,Indentation,4,0.6666666666666666,1.298115728645743,0,0,0,0,0,0,4,0,0,0,0,0,0,0,0,0,2
3190,76,51,21,4,25,0.32894736842105265,0.27631578947368424,0.05263157894736842,SpatioTemporal_Dynamics,2,0.5,1.2014491145106874,0,0,0,0,0,0,1,0,0,0,0,0,1,0,2,0,0
3191,76,27,45,4,49,0.6447368421052632,0.5921052631578947,0.05263157894736842,Temporal,1,0.25,1.306936041163993,0,0,0,0,1,0,0,0,0,0,1,0,1,0,0,0,1
3192,76,39,29,8,37,0.4868421052631579,0.3815789473684211,0.10526315789473684,Path_Evolution,4,0.5,1.5141508963844967,0,0,0,0,0,0,0,0,0,4,0,0,0,0,3,0,1
3193,76,16,60,0,60,0.7894736842105263,0.7894736842105263,0.0,,0,0.0,0.7424875695421236,0,0,0,0,0,0,0,0,0,0,0,0,0,0,0,0,0
3194,76,38,34,4,38,0.5,0.4473684210526316,0.05263157894736842,Indentation,4,1.0,1.2427303803729568,0,0,0,0,0,0,4,0,0,0,0,0,0,0,0,0,0
3195,76,46,20,10,30,0.39473684210526316,0.2631578947368421,0.13157894736842105,Phase_Change,8,0.8,1.4515799887545084,0,0,0,0,1,0,0,0,1,0,8,0,0,0,0,0,0
3196,76,31,39,6,45,0.5921052631578947,0.5131578947368421,0.07894736842105263,Phase_Change,5,0.8333333333333334,1.3621326103901954,0,0,0,0,0,0,0,0,0,1,5,0,0,0,0,0,0
3197,76,61,12,3,15,0.19736842105263158,0.15789473684210525,0.039473684210526314,SpatioTemporal_Dynamics,2,0.6666666666666666,0.8953679397595073,0,0,1,0,0,0,0,0,0,0,0,0,0,0,2,0,0
3198,76,42,27,7,34,0.4473684210526316,0.35526315789473684,0.09210526315789473,Acceleration,3,0.42857142857142855,1.4635303842687821,3,0,0,0,0,0,2,2,0,0,0,0,0,0,0,0,0
3199,76,34,33,9,42,0.5526315789473685,0.4342105263157895,0.11842105263157894,Indentation,4,0.4444444444444444,1.6237335326364735,0,2,0,0,0,1,4,0,0,0,0,0,0,0,0,2,0
3200,76,27,29,20,49,0.6447368421052632,0.3815789473684211,0.2631578947368421,Indentation,6,0.3,2.1690792585710352,0,0,0,0,0,2,6,0,1,5,5,0,1,0,0,0,0
3201,76,7,38,31,69,0.9078947368421053,0.5,0.40789473684210525,Phase_Change,4,0.12903225806451613,2.726847842677266,0,3,3,4,3,2,0,0,3,0,4,3,3,2,0,0,1
3202,76,34,26,16,42,0.5526315789473685,0.34210526315789475,0.21052631578947367,Phase_Change,5,0.3125,1.933266655188579,0,0,0,0,0,0,0,0,0,5,5,0,3,0,3,0,0
3203,76,42,28,6,34,0.4473684210526316,0.3684210526315789,0.07894736842105263,Indentation,3,0.5,1.4079517624372129,0,0,0,0,0,1,3,0,0,0,0,0,2,0,0,0,0
3204,76,22,31,23,54,0.7105263157894737,0.40789473684210525,0.3026315789473684,Path_Evolution,7,0.30434782608695654,2.330774965245991,0,0,0,0,0,1,5,0,0,7,4,3,0,0,1,0,2
3205,76,34,33,9,42,0.5526315789473685,0.4342105263157895,0.11842105263157894,Geometric,3,0.3333333333333333,1.6401165918185332,0,0,0,0,2,3,2,0,2,0,0,0,0,0,0,0,0
3206,76,34,25,17,42,0.5526315789473685,0.32894736842105265,0.2236842105263158,Sequence_Complexity,8,0.47058823529411764,1.8436955950056526,0,0,0,0,0,0,7,0,0,2,0,0,8,0,0,0,0
3207,76,38,28,10,38,0.5,0.3684210526315789,0.13157894736842105,Indentation,3,0.3,1.6750727985383738,2,0,0,0,3,0,3,0,0,0,0,0,0,0,0,2,0
3208,76,15,39,22,61,0.8026315789473685,0.5131578947368421,0.2894736842105263,Phase_Change,5,0.22727272727272727,2.279993738534824,0,0,0,0,5,1,2,1,1,5,5,0,0,0,1,0,1
3209,76,13,52,11,63,0.8289473684210527,0.6842105263157895,0.14473684210526316,Extent,4,0.36363636363636365,1.5304461755597565,0,0,0,0,4,0,0,0,0,0,2,0,0,2,0,1,2
3210,76,29,44,3,47,0.618421052631579,0.5789473684210527,0.039473684210526314,Sequence_Complexity,2,0.6666666666666666,1.2071848808285766,0,0,0,0,0,0,0,0,0,1,0,0,2,0,0,0,0
3211,76,21,41,14,55,0.7236842105263158,0.5394736842105263,0.18421052631578946,Localization,3,0.21428571428571427,1.9399265519696072,2,0,0,0,3,0,0,0,3,2,1,0,0,0,0,2,1
3212,76,22,36,18,54,0.7105263157894737,0.47368421052631576,0.23684210526315788,Extent,7,0.3888888888888889,1.95659932103783,6,3,0,0,7,0,0,0,0,0,0,0,0,2,0,0,0
3213,76,24,41,11,52,0.6842105263157895,0.5394736842105263,0.14473684210526316,Speed,3,0.2727272727272727,1.7220933724812226,0,0,1,0,1,0,3,0,0,0,0,0,3,0,0,3,0
3214,76,27,33,16,49,0.6447368421052632,0.4342105263157895,0.21052631578947367,Sequence_Complexity,5,0.3125,2.0477762440509157,3,0,0,0,0,0,0,0,2,2,2,0,5,0,0,0,2
3215,76,16,34,26,60,0.7894736842105263,0.4473684210526316,0.34210526315789475,Duration,6,0.23076923076923078,2.52276038068136,0,3,0,6,0,1,5,0,3,3,3,0,0,0,1,0,1
3216,76,39,32,5,37,0.4868421052631579,0.42105263157894735,0.06578947368421052,Localization,5,1.0,1.2776600527848423,0,0,0,0,0,0,0,0,5,0,0,0,0,0,0,0,0
3217,76,22,31,23,54,0.7105263157894737,0.40789473684210525,0.3026315789473684,Indentation,7,0.30434782608695654,2.3458440050845,5,0,0,0,5,2,7,1,0,0,0,0,1,0,0,1,1
3218,76,51,23,2,25,0.32894736842105265,0.3026315789473684,0.02631578947368421,Indentation,1,0.5,1.0724588630507226,1,0,0,0,0,0,1,0,0,0,0,0,0,0,0,0,0
3219,76,39,26,11,37,0.4868421052631579,0.34210526315789475,0.14473684210526316,Phase_Change,5,0.45454545454545453,1.6859979452344227,0,0,0,0,1,0,0,0,0,2,5,0,0,0,0,0,3
3220,76,31,36,9,45,0.5921052631578947,0.47368421052631576,0.11842105263157894,Phase_Change,3,0.3333333333333333,1.5905321426487595,0,0,0,0,3,0,0,0,3,0,3,0,0,0,0,0,0
3221,76,34,25,17,42,0.5526315789473685,0.32894736842105265,0.2236842105263158,Indentation,7,0.4117647058823529,1.876461713369772,0,0,0,0,0,4,7,0,6,0,0,0,0,0,0,0,0
3222,76,48,18,10,28,0.3684210526315789,0.23684210526315788,0.13157894736842105,Speed,5,0.5,1.4274521054244966,0,0,0,0,0,0,5,0,0,0,0,0,0,0,0,5,0
3223,76,34,24,18,42,0.5526315789473685,0.3157894736842105,0.23684210526315788,Indentation,8,0.4444444444444444,2.0240744000249107,0,0,0,0,2,2,8,0,4,2,0,0,0,0,0,0,0
3224,76,13,55,8,63,0.8289473684210527,0.7236842105263158,0.10526315789473684,Localization,3,0.375,1.3158829334191915,0,0,0,0,0,0,0,0,3,0,2,0,0,2,0,0,1
3225,76,42,23,11,34,0.4473684210526316,0.3026315789473684,0.14473684210526316,Sequence_Complexity,3,0.2727272727272727,1.6849812074895114,0,0,0,0,0,0,0,2,3,0,3,0,3,0,0,0,0
3226,76,29,32,15,47,0.618421052631579,0.42105263157894735,0.19736842105263158,Path_Evolution,5,0.3333333333333333,1.8945641277891556,2,0,0,0,3,0,5,0,0,5,0,0,0,0,0,0,0
3227,76,13,40,23,63,0.8289473684210527,0.5263157894736842,0.3026315789473684,Indentation,4,0.17391304347826086,2.277694255108162,4,4,0,4,0,0,4,2,0,0,0,3,0,0,0,0,2
3228,76,22,26,28,54,0.7105263157894737,0.34210526315789475,0.3684210526315789,Extent,7,0.25,2.579515221872499,5,5,0,0,7,1,0,2,0,0,0,0,2,1,0,5,0
3229,76,7,50,19,69,0.9078947368421053,0.6578947368421053,0.25,Extent,3,0.15789473684210525,2.019584500976922,2,3,2,1,3,0,0,2,0,0,0,1,1,0,0,2,2
3230,76,11,44,21,65,0.8552631578947368,0.5789473684210527,0.27631578947368424,Speed,5,0.23809523809523808,2.1295354742560604,0,0,1,3,5,0,0,0,1,2,0,3,0,1,0,5,0
3231,76,6,37,33,70,0.9210526315789473,0.4868421052631579,0.4342105263157895,Speed,4,0.12121212121212122,2.7936615655608423,4,3,0,4,4,1,0,1,0,0,3,4,3,1,0,4,1
3232,76,42,4,30,34,0.4473684210526316,0.05263157894736842,0.39473684210526316,Phase_Change,9,0.3,1.9908751215663543,0,0,0,0,0,0,9,0,0,0,9,0,8,0,0,0,4
3233,76,9,42,25,67,0.881578947368421,0.5526315789473685,0.32894736842105265,Path_Evolution,4,0.16,2.4218604834369266,0,3,0,3,2,0,1,0,1,4,0,3,3,2,3,0,0
3234,76,11,47,18,65,0.8552631578947368,0.618421052631579,0.23684210526315788,Speed,5,0.2777777777777778,1.902679627751178,0,4,0,3,0,0,0,0,0,0,3,2,0,0,0,5,1
3235,76,31,24,21,45,0.5921052631578947,0.3157894736842105,0.27631578947368424,Duration,6,0.2857142857142857,2.176958787784135,6,0,0,6,0,0,0,0,4,2,0,3,0,0,0,0,0
3236,76,10,54,12,66,0.868421052631579,0.7105263157894737,0.15789473684210525,Curvature,5,0.4166666666666667,1.5427584800207201,1,5,0,0,0,0,1,0,1,1,1,0,0,0,0,2,0
3237,76,11,42,23,65,0.8552631578947368,0.5526315789473685,0.3026315789473684,Localization,5,0.21739130434782608,2.2839783619314966,0,1,0,5,0,0,0,2,5,3,0,3,1,0,0,1,2
3238,76,22,24,30,54,0.7105263157894737,0.3157894736842105,0.39473684210526316,Curvature,7,0.23333333333333334,2.625795624797591,6,7,0,0,0,2,5,0,0,0,5,0,0,2,0,3,0
3239,76,24,27,25,52,0.6842105263157895,0.35526315789473684,0.32894736842105265,Path_Evolution,7,0.28,2.352025415270847,0,0,0,0,3,0,0,1,7,7,5,0,0,0,2,0,0
3240,76,48,24,4,28,0.3684210526315789,0.3157894736842105,0.05263157894736842,Geometric,2,0.5,1.220068302234069,0,0,2,0,0,2,0,0,0,0,0,0,0,0,0,0,0
3241,76,31,15,30,45,0.5921052631578947,0.19736842105263158,0.39473684210526316,Localization,8,0.26666666666666666,2.456379973875717,0,8,0,0,5,3,0,0,8,0,0,0,5,0,1,0,0
3242,76,42,23,11,34,0.4473684210526316,0.3026315789473684,0.14473684210526316,SpatioTemporal_Dynamics,4,0.36363636363636365,1.6621478194170165,0,0,0,0,0,0,1,0,0,4,0,0,0,0,4,2,0
3243,76,65,7,4,11,0.14473684210526316,0.09210526315789473,0.05263157894736842,Sequence_Complexity,4,1.0,0.7333828779007858,0,0,0,0,0,0,0,0,0,0,0,0,4,0,0,0,0
3244,76,25,46,5,51,0.6710526315789473,0.6052631578947368,0.06578947368421052,Sequence_Complexity,2,0.4,1.3508188986673917,0,1,0,0,0,0,0,0,0,0,1,0,2,0,0,1,0
3245,76,51,24,1,25,0.32894736842105265,0.3157894736842105,0.013157894736842105,Speed,1,1.0,0.9935486653139273,0,0,0,0,0,0,0,0,0,0,0,0,0,0,0,1,0
3246,76,13,45,18,63,0.8289473684210527,0.5921052631578947,0.23684210526315788,Curvature,4,0.2222222222222222,2.080179083509421,0,4,0,0,0,1,1,0,0,2,2,3,3,0,1,1,0
3247,76,46,20,10,30,0.39473684210526316,0.2631578947368421,0.13157894736842105,Sequence_Complexity,4,0.4,1.530527357175561,0,0,0,0,2,0,0,0,4,0,0,0,4,0,0,0,0
3248,76,42,12,22,34,0.4473684210526316,0.15789473684210525,0.2894736842105263,Sequence_Complexity,9,0.4090909090909091,1.94337985216587,0,5,0,0,6,0,0,0,0,0,0,0,9,0,2,0,0
3249,76,51,22,3,25,0.32894736842105265,0.2894736842105263,0.039473684210526314,Localization,3,1.0,1.0879791509076608,0,0,0,0,0,0,0,0,3,0,0,0,0,0,0,0,0
3250,76,31,27,18,45,0.5921052631578947,0.35526315789473684,0.23684210526315788,Sequence_Complexity,5,0.2777777777777778,2.117187820924587,0,1,0,0,5,0,0,0,0,3,0,0,5,0,2,0,2
3251,76,55,19,2,21,0.27631578947368424,0.25,0.02631578947368421,Acceleration,2,1.0,0.9757511055582644,2,0,0,0,0,0,0,0,0,0,0,0,0,0,0,0,0
3252,76,48,17,11,28,0.3684210526315789,0.2236842105263158,0.14473684210526316,Acceleration,6,0.5454545454545454,1.4494474632510195,6,5,0,0,0,0,0,0,0,0,0,0,0,0,0,0,0
3253,76,18,34,24,58,0.7631578947368421,0.4473684210526316,0.3157894736842105,Duration,6,0.25,2.3807342291093696,2,2,0,6,0,0,0,3,0,0,2,4,5,0,0,0,0
3254,76,46,21,9,30,0.39473684210526316,0.27631578947368424,0.11842105263157894,Sequence_Complexity,6,0.6666666666666666,1.4244120086611254,0,0,0,0,3,0,0,0,0,0,0,0,6,0,0,0,0
3255,76,16,47,13,60,0.7894736842105263,0.618421052631579,0.17105263157894737,Curvature,6,0.46153846153846156,1.7140399998491656,0,6,0,0,0,1,2,0,0,0,1,2,0,0,0,0,1
3256,76,18,37,21,58,0.7631578947368421,0.4868421052631579,0.27631578947368424,Indentation,5,0.23809523809523808,2.2948009997945933,0,3,0,0,0,1,5,0,3,2,0,0,3,0,1,3,0
3257,76,37,30,9,39,0.5131578947368421,0.39473684210526316,0.11842105263157894,Curvature,5,0.5555555555555556,1.569425765141434,0,5,2,0,0,0,2,0,0,0,0,0,0,0,0,0,0
3258,76,22,32,22,54,0.7105263157894737,0.42105263157894735,0.2894736842105263,Sequence_Complexity,6,0.2727272727272727,2.3810599723799295,0,3,0,0,2,2,3,0,0,0,0,0,6,0,2,3,1
3259,76,38,35,3,38,0.5,0.4605263157894737,0.039473684210526314,Speed,1,0.3333333333333333,1.2617939462866106,0,1,0,0,0,0,0,0,0,0,1,0,0,0,0,1,0
3260,76,38,25,13,38,0.5,0.32894736842105265,0.17105263157894737,Localization,7,0.5384615384615384,1.712678701417868,0,3,0,0,3,0,0,0,7,0,0,0,0,0,0,0,0
3261,76,42,11,23,34,0.4473684210526316,0.14473684210526316,0.3026315789473684,Indentation,9,0.391304347826087,1.9654699275058787,0,0,0,0,0,3,9,0,0,0,7,0,4,0,0,0,0
3262,76,34,24,18,42,0.5526315789473685,0.3157894736842105,0.23684210526315788,Sequence_Complexity,6,0.3333333333333333,2.0106592683320965,1,0,0,0,1,4,6,0,0,0,0,0,6,0,0,0,0
3263,76,24,36,16,52,0.6842105263157895,0.47368421052631576,0.21052631578947367,Phase_Change,5,0.3125,1.987848032605851,0,1,0,0,1,0,4,0,0,0,5,0,0,0,0,4,1
3264,76,27,36,13,49,0.6447368421052632,0.47368421052631576,0.17105263157894737,Spatial_Context,4,0.3076923076923077,1.8103729067001597,3,0,0,0,2,0,0,0,0,0,0,0,4,4,0,0,0
3265,76,38,35,3,38,0.5,0.4605263157894737,0.039473684210526314,Curvature,2,0.6666666666666666,1.2354781568129265,0,2,0,0,0,0,0,0,0,0,0,0,0,0,0,1,0
3266,76,15,42,19,61,0.8026315789473685,0.5526315789473685,0.25,Displacement,6,0.3157894736842105,1.9722039124993365,5,0,6,0,0,0,3,0,4,0,0,0,0,0,0,1,0
3267,76,11,46,19,65,0.8552631578947368,0.6052631578947368,0.25,Displacement,5,0.2631578947368421,2.10974164817736,1,1,5,0,1,0,0,2,0,3,1,0,0,2,2,1,0
3268,76,28,46,2,48,0.631578947368421,0.6052631578947368,0.02631578947368421,Temporal,1,0.5,1.1335882003352233,0,0,0,0,0,0,0,1,0,0,0,0,0,0,0,0,1
3269,76,7,46,23,69,0.9078947368421053,0.6052631578947368,0.3026315789473684,Displacement,3,0.13043478260869565,2.320424593243726,2,0,3,2,0,0,0,2,2,2,2,2,0,2,2,2,0
3270,76,42,20,14,34,0.4473684210526316,0.2631578947368421,0.18421052631578946,Extent,5,0.35714285714285715,1.7673283801686905,0,0,0,0,5,1,4,0,0,0,0,0,0,0,0,4,0
3271,76,46,24,6,30,0.39473684210526316,0.3157894736842105,0.07894736842105263,Localization,3,0.5,1.3317074476507265,0,0,0,0,0,0,3,0,3,0,0,0,0,0,0,0,0
3272,76,31,39,6,45,0.5921052631578947,0.5131578947368421,0.07894736842105263,Extent,3,0.5,1.4523267284464236,0,0,0,0,3,0,1,0,1,0,0,0,1,0,0,0,0
3273,76,37,37,2,39,0.5131578947368421,0.4868421052631579,0.02631578947368421,Temporal,1,0.5,1.1755650258575028,0,0,0,0,0,0,0,0,0,0,0,0,0,0,1,0,1
3274,76,27,44,5,49,0.6447368421052632,0.5789473684210527,0.06578947368421052,Sequence_Complexity,2,0.4,1.3453360163586547,0,2,0,0,0,0,0,0,0,1,0,0,2,0,0,0,0
3275,76,61,6,9,15,0.19736842105263158,0.07894736842105263,0.11842105263157894,Acceleration,7,0.7777777777777778,0.9987664996269245,7,0,0,0,0,0,0,2,0,0,0,0,0,0,0,0,0
3276,76,27,29,20,49,0.6447368421052632,0.3815789473684211,0.2631578947368421,Indentation,7,0.35,2.189708159814067,0,3,2,0,0,4,7,0,0,1,3,0,0,0,0,0,0
3277,76,31,33,12,45,0.5921052631578947,0.4342105263157895,0.15789473684210525,Localization,4,0.3333333333333333,1.852597361327505,0,0,0,0,1,0,0,0,4,2,1,0,0,0,2,0,2
3278,76,42,22,12,34,0.4473684210526316,0.2894736842105263,0.15789473684210525,Localization,9,0.75,1.5391243571031545,0,0,3,0,0,0,0,0,9,0,0,0,0,0,0,0,0
3279,76,46,12,18,30,0.39473684210526316,0.15789473684210525,0.23684210526315788,Indentation,10,0.5555555555555556,1.7963132905995052,0,0,0,0,0,2,10,0,2,0,0,0,0,0,2,0,2
3280,76,22,32,22,54,0.7105263157894737,0.42105263157894735,0.2894736842105263,Extent,7,0.3181818181818182,2.2476164269841887,0,0,0,0,7,0,0,2,3,0,6,0,0,0,2,0,2
3281,76,31,31,14,45,0.5921052631578947,0.40789473684210525,0.18421052631578946,Sequence_Complexity,5,0.35714285714285715,1.865894957852619,0,0,3,0,3,0,0,0,3,0,0,0,5,0,0,0,0
3282,76,22,34,20,54,0.7105263157894737,0.4473684210526316,0.2631578947368421,Acceleration,4,0.2,2.2992330105332446,4,0,3,0,3,0,0,0,3,3,0,0,0,2,1,0,1
3283,76,16,33,27,60,0.7894736842105263,0.4342105263157895,0.35526315789473684,Phase_Change,6,0.2222222222222222,2.5605664154219236,3,0,0,0,1,0,0,2,4,6,6,0,0,0,2,1,2
3284,76,34,28,14,42,0.5526315789473685,0.3684210526315789,0.18421052631578946,Sampling_Gaps,4,0.2857142857142857,1.9078704486197056,0,0,0,0,3,0,0,0,0,0,3,4,0,0,0,3,1
3285,76,6,48,22,70,0.9210526315789473,0.631578947368421,0.2894736842105263,Extent,3,0.13636363636363635,2.2334834339268834,3,0,2,0,3,0,0,1,2,2,2,0,2,1,1,2,1
3286,76,10,54,12,66,0.868421052631579,0.7105263157894737,0.15789473684210525,Speed,2,0.16666666666666666,1.6165695388948886,2,0,1,2,0,0,0,1,0,1,0,2,0,0,0,2,1
3287,76,3,55,18,73,0.9605263157894737,0.7236842105263158,0.23684210526315788,Sampling_Gaps,3,0.16666666666666666,1.688662917958887,1,0,3,1,0,0,3,0,3,3,1,3,0,0,0,0,0
3288,76,1,59,16,75,0.9868421052631579,0.7763157894736842,0.21052631578947367,Sampling_Gaps,2,0.125,1.4706125145968927,2,2,2,2,0,0,0,0,2,2,2,2,0,0,0,0,0
3289,76,6,55,15,70,0.9210526315789473,0.7236842105263158,0.19736842105263158,Sequence_Complexity,4,0.26666666666666666,1.603265220647399,0,3,1,0,3,0,0,0,0,1,2,0,4,0,0,1,0
3290,76,6,58,12,70,0.9210526315789473,0.7631578947368421,0.15789473684210525,Path_Evolution,3,0.25,1.4218426749428872,2,3,1,0,0,1,1,0,0,3,0,0,0,0,0,1,0
3291,76,21,48,7,55,0.7236842105263158,0.631578947368421,0.09210526315789473,Acceleration,5,0.7142857142857143,1.3541576925566605,5,0,0,0,0,0,0,0,0,0,0,0,1,0,0,1,0
3292,76,1,60,15,75,0.9868421052631579,0.7894736842105263,0.19736842105263158,Phase_Change,2,0.13333333333333333,1.5319612537526497,2,0,1,1,1,0,0,1,0,1,2,1,1,1,1,1,1
3293,76,3,44,29,73,0.9605263157894737,0.5789473684210527,0.3815789473684211,Speed,3,0.10344827586206896,2.5241251616078983,3,0,3,3,0,0,0,1,3,3,1,3,3,1,1,3,1
3294,76,10,52,14,66,0.868421052631579,0.6842105263157895,0.18421052631578946,Path_Evolution,5,0.35714285714285715,1.605013997113532,1,0,5,0,0,0,1,0,1,5,1,0,0,0,0,0,0
3295,76,1,74,1,75,0.9868421052631579,0.9736842105263158,0.013157894736842105,Displacement,1,1.0,0.20188081533118699,0,0,1,0,0,0,0,0,0,0,0,0,0,0,0,0,0
3296,76,0,71,5,76,1.0,0.9342105263157895,0.06578947368421052,Speed,1,0.2,0.5027690202221062,0,1,0,0,0,0,0,0,0,1,1,0,1,0,0,1,0
3297,76,16,41,19,60,0.7894736842105263,0.5394736842105263,0.25,Acceleration,6,0.3157894736842105,2.11734468849843,6,1,3,0,0,0,0,2,0,0,1,1,0,1,0,4,0
3298,76,2,55,19,74,0.9736842105263158,0.7236842105263158,0.25,Temporal,2,0.10526315789473684,1.8008908786560025,0,0,2,2,0,0,0,0,2,2,2,2,2,1,2,0,2
3299,76,1,62,13,75,0.9868421052631579,0.8157894736842105,0.17105263157894737,Speed,1,0.07692307692307693,1.3905568391806082,1,1,0,1,1,1,1,1,1,1,0,1,1,0,1,1,0
3300,76,51,17,8,25,0.32894736842105265,0.2236842105263158,0.10526315789473684,Speed,5,0.625,1.3118079250435548,0,3,0,0,0,0,0,0,0,0,0,0,0,0,0,5,0
3301,76,25,35,16,51,0.6710526315789473,0.4605263157894737,0.21052631578947367,Sampling_Gaps,4,0.25,1.937120798477244,0,0,0,4,4,0,0,0,4,0,0,4,0,0,0,0,0
3302,76,42,16,18,34,0.4473684210526316,0.21052631578947367,0.23684210526315788,Indentation,7,0.3888888888888889,1.8941945698478666,0,4,0,0,0,3,7,0,0,0,0,0,0,0,0,4,0
3303,76,55,9,12,21,0.27631578947368424,0.11842105263157894,0.15789473684210525,Phase_Change,8,0.6666666666666666,1.2676102863799394,0,4,0,0,0,0,0,0,0,0,8,0,0,0,0,0,0
3304,76,27,24,25,49,0.6447368421052632,0.3157894736842105,0.32894736842105265,Sequence_Complexity,6,0.24,2.3820704007991704,0,5,0,0,0,0,4,0,6,0,3,0,6,0,0,0,1
3305,76,51,15,10,25,0.32894736842105265,0.19736842105263158,0.13157894736842105,Sequence_Complexity,5,0.5,1.3648178776074318,0,0,0,0,0,0,0,0,5,0,0,0,5,0,0,0,0
3306,76,16,46,14,60,0.7894736842105263,0.6052631578947368,0.18421052631578946,Speed,3,0.21428571428571427,1.9211020202753475,0,1,0,0,0,1,1,2,1,2,0,0,2,0,0,3,1
3307,76,27,24,25,49,0.6447368421052632,0.3157894736842105,0.32894736842105265,Sequence_Complexity,6,0.24,2.386866821543911,0,4,0,6,4,1,0,0,0,4,0,0,6,0,0,0,0
3308,76,21,40,15,55,0.7236842105263158,0.5263157894736842,0.19736842105263158,Sampling_Gaps,6,0.4,1.762529787329562,0,0,0,6,0,0,3,0,0,0,0,6,0,0,0,0,0
3309,76,34,19,23,42,0.5526315789473685,0.25,0.3026315789473684,Indentation,8,0.34782608695652173,2.1841693711189825,0,2,0,0,3,3,8,0,0,0,0,0,7,0,0,0,0
3310,76,24,40,12,52,0.6842105263157895,0.5263157894736842,0.15789473684210525,Indentation,4,0.3333333333333333,1.7621877264330295,0,0,4,0,0,1,4,0,0,0,0,0,1,2,0,0,0
3311,76,11,51,14,65,0.8552631578947368,0.6710526315789473,0.18421052631578946,Sampling_Gaps,5,0.35714285714285715,1.7090185566015672,0,2,1,0,0,0,2,0,0,0,1,5,2,1,0,0,0
3312,76,24,41,11,52,0.6842105263157895,0.5394736842105263,0.14473684210526316,Sequence_Complexity,5,0.45454545454545453,1.6944635636639873,0,1,0,0,0,0,3,0,1,1,0,0,5,0,0,0,0
3313,76,39,18,19,37,0.4868421052631579,0.23684210526315788,0.25,Path_Evolution,6,0.3157894736842105,2.014787229567663,0,6,0,0,0,0,0,3,1,6,0,0,0,0,3,0,0
3314,76,16,46,14,60,0.7894736842105263,0.6052631578947368,0.18421052631578946,Sequence_Complexity,2,0.14285714285714285,1.904718961093288,2,2,0,0,2,1,2,1,2,0,0,0,2,0,0,0,0
3315,76,37,16,23,39,0.5131578947368421,0.21052631578947367,0.3026315789473684,Sequence_Complexity,8,0.34782608695652173,2.195703099270628,0,5,0,0,0,2,0,0,5,0,0,0,8,0,2,0,1
3316,76,24,26,26,52,0.6842105263157895,0.34210526315789475,0.34210526315789475,Sequence_Complexity,7,0.2692307692307692,2.4363952153620496,0,3,0,0,0,3,4,0,6,0,0,0,7,0,3,0,0
3317,76,24,35,17,52,0.6842105263157895,0.4605263157894737,0.2236842105263158,Sequence_Complexity,7,0.4117647058823529,2.0740394862753644,2,2,0,0,0,2,0,1,2,1,0,0,7,0,0,0,0
3318,76,24,25,27,52,0.6842105263157895,0.32894736842105265,0.35526315789473684,Sequence_Complexity,5,0.18518518518518517,2.5687242474299024,3,5,0,0,0,3,0,0,0,0,4,0,5,0,3,4,0
3319,76,22,42,12,54,0.7105263157894737,0.5526315789473685,0.15789473684210525,Sequence_Complexity,3,0.25,1.7268172848201337,0,3,0,0,0,0,0,0,3,0,3,0,3,0,0,0,0
3320,76,37,23,16,39,0.5131578947368421,0.3026315789473684,0.21052631578947367,Sequence_Complexity,9,0.5625,1.7883135002199004,2,5,0,0,0,0,0,0,0,0,0,0,9,0,0,0,0
3321,76,37,17,22,39,0.5131578947368421,0.2236842105263158,0.2894736842105263,Sequence_Complexity,7,0.3181818181818182,2.127542615907136,5,7,0,0,0,1,0,1,0,0,0,0,7,0,1,0,0
3322,76,34,33,9,42,0.5526315789473685,0.4342105263157895,0.11842105263157894,Curvature,3,0.3333333333333333,1.6664323812922173,0,3,0,0,0,1,1,0,0,0,0,0,2,0,0,2,0
3323,76,21,33,22,55,0.7236842105263158,0.4342105263157895,0.2894736842105263,Duration,6,0.2727272727272727,2.302886891128498,0,2,0,6,0,0,0,0,0,2,0,5,4,0,1,2,0
3324,76,31,38,7,45,0.5921052631578947,0.5,0.09210526315789473,Curvature,3,0.42857142857142855,1.5406088471934163,1,3,0,0,0,0,0,0,0,0,0,0,1,0,1,1,0
3325,76,10,47,19,66,0.868421052631579,0.618421052631579,0.25,Path_Evolution,5,0.2631578947368421,2.081486921939337,0,2,2,0,1,1,0,0,0,5,3,0,2,1,1,0,1
3326,76,42,16,18,34,0.4473684210526316,0.21052631578947367,0.23684210526315788,Phase_Change,5,0.2777777777777778,1.9050177676254034,0,5,0,0,0,0,0,0,0,5,5,0,0,0,3,0,0
3327,76,42,28,6,34,0.4473684210526316,0.3684210526315789,0.07894736842105263,Sequence_Complexity,2,0.3333333333333333,1.4178844927288374,0,2,2,0,0,0,0,0,0,0,0,0,2,0,0,0,0
3328,76,42,12,22,34,0.4473684210526316,0.15789473684210525,0.2894736842105263,Sequence_Complexity,6,0.2727272727272727,1.9844247926759195,0,6,6,0,0,0,0,0,0,0,0,0,6,4,0,0,0
3329,76,16,54,6,60,0.7894736842105263,0.7105263157894737,0.07894736842105263,Localization,2,0.3333333333333333,1.2905074461169104,0,1,0,0,0,0,0,1,2,0,1,0,1,0,0,0,0
3330,76,6,58,12,70,0.9210526315789473,0.7631578947368421,0.15789473684210525,Localization,4,0.3333333333333333,1.415392346052452,1,2,0,0,0,0,1,1,4,0,0,0,2,0,1,0,0
3331,76,22,35,19,54,0.7105263157894737,0.4605263157894737,0.25,Extent,7,0.3684210526315789,2.178402702160722,0,2,0,0,7,2,2,2,2,0,0,0,0,0,0,0,2
3332,76,29,38,9,47,0.618421052631579,0.5,0.11842105263157894,Sequence_Complexity,6,0.6666666666666666,1.5398687058924962,0,2,0,0,0,0,0,0,0,1,0,0,6,0,0,0,0
3333,76,24,34,18,52,0.6842105263157895,0.4473684210526316,0.23684210526315788,Indentation,6,0.3333333333333333,2.0995393670447737,0,4,0,0,0,2,6,0,1,0,2,0,3,0,0,0,0
3334,76,13,46,17,63,0.8289473684210527,0.6052631578947368,0.2236842105263158,Sequence_Complexity,3,0.17647058823529413,2.041357232933273,2,1,0,0,2,1,2,0,0,3,1,0,3,2,0,0,0
3335,76,11,60,5,65,0.8552631578947368,0.7894736842105263,0.06578947368421052,Sequence_Complexity,3,0.6,1.0213213155003638,0,1,0,0,0,0,0,0,0,0,1,0,3,0,0,0,0
3336,76,42,22,12,34,0.4473684210526316,0.2894736842105263,0.15789473684210525,Phase_Change,5,0.4166666666666667,1.709120206294523,0,0,0,0,2,0,0,0,2,0,5,0,0,0,0,0,3
3337,76,18,41,17,58,0.7631578947368421,0.5394736842105263,0.2236842105263158,Indentation,6,0.35294117647058826,1.9718361355252505,4,1,0,0,0,3,6,0,1,0,0,0,0,0,0,2,0
3338,76,55,9,12,21,0.27631578947368424,0.11842105263157894,0.15789473684210525,Sequence_Complexity,7,0.5833333333333334,1.2773323267899388,5,0,0,0,0,0,0,0,0,0,0,0,7,0,0,0,0
3339,76,4,52,20,72,0.9473684210526315,0.6842105263157895,0.2631578947368421,Temporal,2,0.1,1.979205601031259,0,2,2,2,0,0,2,0,0,2,2,2,0,0,2,2,2
3340,76,18,37,21,58,0.7631578947368421,0.4868421052631579,0.27631578947368424,Duration,6,0.2857142857142857,2.2094033024831052,1,2,0,6,0,0,0,2,5,0,4,1,0,0,0,0,0
3341,76,31,36,9,45,0.5921052631578947,0.47368421052631576,0.11842105263157894,Sequence_Complexity,2,0.2222222222222222,1.6992777019446856,1,0,1,0,0,0,0,2,0,2,0,0,2,1,0,0,0
3342,76,34,34,8,42,0.5526315789473685,0.4473684210526316,0.10526315789473684,Sequence_Complexity,3,0.375,1.6071069778227096,1,0,1,0,0,0,2,1,0,0,0,0,3,0,0,0,0
3343,76,22,38,16,54,0.7105263157894737,0.5,0.21052631578947367,Curvature,7,0.4375,1.9166087558741114,0,7,0,0,0,0,0,0,2,4,0,0,2,1,0,0,0
3344,76,55,17,4,21,0.27631578947368424,0.2236842105263158,0.05263157894736842,Phase_Change,3,0.75,1.0871835654531181,0,0,1,0,0,0,0,0,0,0,3,0,0,0,0,0,0
3345,76,9,51,16,67,0.881578947368421,0.6710526315789473,0.21052631578947367,Speed,4,0.25,1.7765720206340183,0,0,0,0,2,0,2,1,4,0,0,0,2,1,0,4,0
3346,76,24,31,21,52,0.6842105263157895,0.40789473684210525,0.27631578947368424,Sequence_Complexity,6,0.2857142857142857,2.1920278276226437,0,3,0,0,0,0,0,0,0,0,0,4,6,0,0,5,3
3347,76,42,16,18,34,0.4473684210526316,0.21052631578947367,0.23684210526315788,Indentation,7,0.3888888888888889,1.8743291092646175,0,0,0,0,6,3,7,0,0,0,0,0,2,0,0,0,0
3348,76,42,17,17,34,0.4473684210526316,0.2236842105263158,0.2236842105263158,Indentation,6,0.35294117647058826,1.8402465915144068,0,6,0,0,0,4,6,0,0,0,0,0,1,0,0,0,0
3349,76,65,10,1,11,0.14473684210526316,0.13157894736842105,0.013157894736842105,Sequence_Complexity,1,1.0,0.6601223977103859,0,0,0,0,0,0,0,0,0,0,0,0,1,0,0,0,0
3350,76,31,37,8,45,0.5921052631578947,0.4868421052631579,0.10526315789473684,Sequence_Complexity,3,0.375,1.5395112614094908,0,2,0,0,0,0,0,0,0,3,0,0,3,0,0,0,0
3351,76,31,29,16,45,0.5921052631578947,0.3815789473684211,0.21052631578947367,Sequence_Complexity,4,0.25,1.9523810071186811,0,4,0,0,4,0,0,0,4,0,0,0,4,0,0,0,0
3352,76,18,40,18,58,0.7631578947368421,0.5263157894736842,0.23684210526315788,Sequence_Complexity,5,0.2777777777777778,2.033449858206001,0,1,0,0,0,0,0,0,0,4,1,4,5,0,3,0,0
3353,76,22,43,11,54,0.7105263157894737,0.5657894736842105,0.14473684210526316,Sequence_Complexity,5,0.45454545454545453,1.6715931971434406,1,1,1,0,0,0,3,0,0,0,0,0,5,0,0,0,0
3354,76,11,45,20,65,0.8552631578947368,0.5921052631578947,0.2631578947368421,Sequence_Complexity,5,0.25,2.0484366504056553,0,3,0,0,1,2,5,0,0,2,0,0,5,0,2,0,0
3355,76,16,51,9,60,0.7894736842105263,0.6710526315789473,0.11842105263157894,Sequence_Complexity,2,0.2222222222222222,1.5203789286995553,0,1,1,0,2,0,0,0,2,0,0,0,2,0,0,0,1
3356,76,22,51,3,54,0.7105263157894737,0.6710526315789473,0.039473684210526314,Geometric,2,0.6666666666666666,1.1242276706729695,0,0,0,0,0,2,0,0,0,0,0,0,0,0,1,0,0
3357,76,21,49,6,55,0.7236842105263158,0.6447368421052632,0.07894736842105263,Curvature,3,0.5,1.3516862536782874,0,3,0,0,0,0,0,0,1,0,1,0,1,0,0,0,0
3358,76,24,37,15,52,0.6842105263157895,0.4868421052631579,0.19736842105263158,Sequence_Complexity,7,0.4666666666666667,1.8737122634438206,0,2,4,0,0,0,0,0,0,0,0,0,7,1,1,0,0
3359,76,34,29,13,42,0.5526315789473685,0.3815789473684211,0.17105263157894737,Sequence_Complexity,6,0.46153846153846156,1.761419606338653,5,1,0,0,0,0,0,1,0,0,0,0,6,0,0,0,0
3360,76,15,49,12,61,0.8026315789473685,0.6447368421052632,0.15789473684210525,Sequence_Complexity,5,0.4166666666666667,1.5513035365403405,0,1,0,0,5,0,1,0,0,0,0,0,5,0,0,0,0
3361,76,51,14,11,25,0.32894736842105265,0.18421052631578946,0.14473684210526316,Displacement,6,0.5454545454545454,1.4307375614214846,0,4,6,0,0,0,0,0,0,0,0,0,0,1,0,0,0
3362,76,24,36,16,52,0.6842105263157895,0.47368421052631576,0.21052631578947367,Localization,3,0.1875,2.0844924795525146,3,3,0,0,0,2,0,2,3,0,0,0,1,0,0,2,0
3363,76,55,20,1,21,0.27631578947368424,0.2631578947368421,0.013157894736842105,Localization,1,1.0,0.926699274738276,0,0,0,0,0,0,0,0,1,0,0,0,0,0,0,0,0
3364,76,65,10,1,11,0.14473684210526316,0.13157894736842105,0.013157894736842105,Sequence_Complexity,1,1.0,0.6601223977103859,0,0,0,0,0,0,0,0,0,0,0,0,1,0,0,0,0
3365,76,29,31,16,47,0.618421052631579,0.40789473684210525,0.21052631578947367,Localization,6,0.375,1.9126500859521829,0,0,0,0,0,2,6,0,6,0,2,0,0,0,0,0,0
3366,76,48,15,13,28,0.3684210526315789,0.19736842105263158,0.17105263157894737,Indentation,10,0.7692307692307693,1.4860743566328367,0,0,0,0,0,2,10,0,0,0,0,0,0,0,1,0,0
3367,76,48,27,1,28,0.3684210526315789,0.35526315789473684,0.013157894736842105,Indentation,1,1.0,1.031346426693202,0,0,0,0,0,0,1,0,0,0,0,0,0,0,0,0,0
3368,76,11,55,10,65,0.8552631578947368,0.7236842105263158,0.13157894736842105,Localization,3,0.3,1.3855813680068292,0,0,0,0,2,0,3,0,3,0,0,0,0,0,0,2,0
3369,76,18,48,10,58,0.7631578947368421,0.631578947368421,0.13157894736842105,Sequence_Complexity,5,0.5,1.4913304340070408,0,0,0,0,2,0,0,0,0,0,0,0,5,0,0,3,0
3370,76,39,22,15,37,0.4868421052631579,0.2894736842105263,0.19736842105263158,Acceleration,6,0.4,1.8465742943364984,6,0,0,0,4,0,0,3,0,0,0,0,0,0,2,0,0
3371,76,16,49,11,60,0.7894736842105263,0.6447368421052632,0.14473684210526316,Sequence_Complexity,3,0.2727272727272727,1.6606833375755308,0,3,1,0,0,1,0,0,0,1,0,0,3,0,1,0,1
3372,76,48,14,14,28,0.3684210526315789,0.18421052631578946,0.18421052631578946,Localization,9,0.6428571428571429,1.5385789087540753,0,0,0,0,0,0,0,0,9,0,0,0,4,0,1,0,0
3373,76,16,41,19,60,0.7894736842105263,0.5394736842105263,0.25,Sequence_Complexity,6,0.3157894736842105,2.0059710905154016,5,0,0,0,1,0,5,0,1,0,0,0,6,1,0,0,0
3374,76,16,39,21,60,0.7894736842105263,0.5131578947368421,0.27631578947368424,Extent,6,0.2857142857142857,2.2690413418367683,3,0,2,0,6,0,2,0,0,2,0,0,2,2,0,0,2
3375,76,61,9,6,15,0.19736842105263158,0.11842105263157894,0.07894736842105263,Acceleration,4,0.6666666666666666,0.980765637070995,4,0,0,0,0,0,0,0,0,0,0,0,0,0,2,0,0
3376,76,24,44,8,52,0.6842105263157895,0.5789473684210527,0.10526315789473684,Localization,2,0.25,1.5866894708468902,0,2,0,0,1,1,0,0,2,1,0,0,1,0,0,0,0
3377,76,37,19,20,39,0.5131578947368421,0.25,0.2631578947368421,Sequence_Complexity,7,0.35,2.0799884845948258,0,7,0,0,0,2,1,0,0,0,0,0,7,0,2,0,1
3378,76,13,43,20,63,0.8289473684210527,0.5657894736842105,0.2631578947368421,Sequence_Complexity,5,0.25,2.03392722118918,0,2,0,0,5,2,5,0,0,0,1,0,5,0,0,0,0
3379,76,39,15,22,37,0.4868421052631579,0.19736842105263158,0.2894736842105263,Sequence_Complexity,9,0.4090909090909091,1.9845293820633256,0,8,0,0,2,0,0,0,0,0,0,0,9,0,3,0,0
3380,76,31,31,14,45,0.5921052631578947,0.40789473684210525,0.18421052631578946,Extent,5,0.35714285714285715,1.9021434776179276,3,0,0,0,5,0,0,0,3,0,2,0,0,0,0,0,1
3381,76,31,31,14,45,0.5921052631578947,0.40789473684210525,0.18421052631578946,Sequence_Complexity,7,0.5,1.885209839752099,1,1,0,0,0,1,3,0,0,0,0,0,7,0,1,0,0
3382,76,24,30,22,52,0.6842105263157895,0.39473684210526316,0.2894736842105263,Sequence_Complexity,5,0.22727272727272727,2.289642950140464,0,5,0,0,2,3,5,0,2,0,0,0,5,0,0,0,0
3383,76,16,44,16,60,0.7894736842105263,0.5789473684210527,0.21052631578947367,Sequence_Complexity,6,0.375,1.9784583854629076,0,1,3,0,0,1,1,0,0,1,0,0,6,1,1,1,0
3384,76,42,12,22,34,0.4473684210526316,0.15789473684210525,0.2894736842105263,Sequence_Complexity,9,0.4090909090909091,1.9363789445916662,0,4,0,0,7,0,0,0,0,0,0,0,9,0,2,0,0
3385,76,34,34,8,42,0.5526315789473685,0.4473684210526316,0.10526315789473684,Sequence_Complexity,8,1.0,1.3801976028511764,0,0,0,0,0,0,0,0,0,0,0,0,8,0,0,0,0
3386,76,24,38,14,52,0.6842105263157895,0.5,0.18421052631578946,Sequence_Complexity,7,0.5,1.864877118936122,0,2,1,0,1,0,0,0,0,2,0,0,7,0,1,0,0
3387,76,39,23,14,37,0.4868421052631579,0.3026315789473684,0.18421052631578946,Sequence_Complexity,8,0.5714285714285714,1.7456563091680724,0,0,0,0,0,1,4,0,0,0,0,0,8,0,1,0,0
3388,76,31,32,13,45,0.5921052631578947,0.42105263157894735,0.17105263157894737,Sequence_Complexity,8,0.6153846153846154,1.8060842815752547,0,1,0,0,0,1,0,0,1,0,1,0,8,1,0,0,0
3389,76,16,43,17,60,0.7894736842105263,0.5657894736842105,0.2236842105263158,Indentation,4,0.23529411764705882,2.0626081456231424,0,1,0,0,2,2,4,0,2,0,0,0,3,0,2,0,1
3390,76,22,29,25,54,0.7105263157894737,0.3815789473684211,0.32894736842105265,Curvature,6,0.24,2.489794158814496,0,6,5,0,0,2,3,0,0,4,0,0,0,1,1,3,0
3391,76,7,55,14,69,0.9078947368421053,0.7236842105263158,0.18421052631578946,Extent,4,0.2857142857142857,1.5850175634380197,0,3,0,0,4,2,0,0,0,0,2,0,1,0,1,0,1
3392,76,16,37,23,60,0.7894736842105263,0.4868421052631579,0.3026315789473684,Displacement,5,0.21739130434782608,2.377745243528779,0,3,5,3,0,3,3,0,2,0,0,0,1,0,0,3,0
3393,76,16,46,14,60,0.7894736842105263,0.6052631578947368,0.18421052631578946,Sequence_Complexity,6,0.42857142857142855,1.726958763667934,0,0,1,2,1,0,4,0,0,0,0,0,6,0,0,0,0
3394,76,6,53,17,70,0.9210526315789473,0.6973684210526315,0.2236842105263158,Duration,4,0.23529411764705882,1.7301088081453369,3,0,0,4,0,0,1,0,0,1,0,3,2,0,0,3,0
3395,76,10,41,25,66,0.868421052631579,0.5394736842105263,0.32894736842105265,Speed,5,0.2,2.279401604346012,3,4,0,0,5,0,0,0,0,1,4,3,0,0,0,5,0
3396,76,16,35,25,60,0.7894736842105263,0.4605263157894737,0.32894736842105265,Speed,5,0.2,2.40630294119594,5,5,1,0,5,0,0,2,1,1,0,0,0,0,0,5,0
3397,76,16,30,30,60,0.7894736842105263,0.39473684210526316,0.39473684210526316,Sampling_Gaps,6,0.2,2.676275555209598,5,5,0,0,3,2,0,2,0,3,0,6,4,0,0,0,0
3398,76,34,25,17,42,0.5526315789473685,0.32894736842105265,0.2236842105263158,Curvature,8,0.47058823529411764,1.9180572325635898,0,8,0,0,4,0,1,0,0,4,0,0,0,0,0,0,0
3399,76,24,23,29,52,0.6842105263157895,0.3026315789473684,0.3815789473684211,Curvature,7,0.2413793103448276,2.5952062971021443,6,7,0,0,5,0,0,3,0,4,0,0,0,0,2,2,0
3400,76,31,12,33,45,0.5921052631578947,0.15789473684210525,0.4342105263157895,Sampling_Gaps,8,0.24242424242424243,2.5195785248539737,8,8,0,0,4,2,0,3,0,0,0,8,0,0,0,0,0
3401,76,38,9,29,38,0.5,0.11842105263157894,0.3815789473684211,Sampling_Gaps,8,0.27586206896551724,2.148451052939982,0,8,0,0,8,0,0,0,0,5,0,8,0,0,0,0,0
3402,76,10,42,24,66,0.868421052631579,0.5526315789473685,0.3157894736842105,Phase_Change,5,0.20833333333333334,2.34113943904286,2,4,0,0,2,0,2,1,0,5,5,0,0,0,1,1,1
3403,76,20,48,8,56,0.7368421052631579,0.631578947368421,0.10526315789473684,Curvature,4,0.5,1.477970119596707,1,4,0,0,1,0,0,0,1,0,0,0,0,0,0,1,0
3404,76,15,33,28,61,0.8026315789473685,0.4342105263157895,0.3684210526315789,Path_Evolution,6,0.21428571428571427,2.5789432715518212,4,6,0,0,3,0,2,1,0,6,4,0,0,0,1,0,1
3405,76,13,32,31,63,0.8289473684210527,0.42105263157894735,0.40789473684210525,Speed,5,0.16129032258064516,2.6942448188794894,0,4,0,5,4,0,0,0,0,4,3,4,0,0,2,5,0
3406,76,16,42,18,60,0.7894736842105263,0.5526315789473685,0.23684210526315788,Curvature,6,0.3333333333333333,2.1165182139562844,2,6,0,0,2,1,1,2,0,2,0,0,0,0,1,1,0
3407,76,46,15,15,30,0.39473684210526316,0.19736842105263158,0.19736842105263158,Curvature,8,0.5333333333333333,1.6137566724294103,0,8,0,0,6,0,0,0,0,0,0,0,1,0,0,0,0
3408,76,11,38,27,65,0.8552631578947368,0.5,0.35526315789473684,Curvature,5,0.18518518518518517,2.5148508782673487,5,5,0,0,3,0,3,2,0,3,0,0,3,0,2,1,0
3409,76,46,21,9,30,0.39473684210526316,0.27631578947368424,0.11842105263157894,Displacement,4,0.4444444444444444,1.5331575679570515,0,0,4,0,0,0,0,2,0,0,0,0,0,0,0,1,2
3410,76,51,22,3,25,0.32894736842105265,0.2894736842105263,0.039473684210526314,Indentation,2,0.6666666666666666,1.1242276706729695,0,0,0,0,0,1,2,0,0,0,0,0,0,0,0,0,0
3411,76,48,26,2,28,0.3684210526315789,0.34210526315789475,0.02631578947368421,Temporal,1,0.5,1.1125376094135342,0,0,0,0,0,0,0,0,0,0,0,0,0,0,1,0,1
3412,76,48,14,14,28,0.3684210526315789,0.18421052631578946,0.18421052631578946,Displacement,9,0.6428571428571429,1.5912104877014437,0,0,9,0,0,0,0,0,0,2,0,0,0,2,1,0,0
3413,76,31,32,13,45,0.5921052631578947,0.42105263157894735,0.17105263157894737,Displacement,5,0.38461538461538464,1.8176709200125742,0,0,5,0,0,0,0,0,2,0,0,0,0,3,0,0,3
3414,76,39,29,8,37,0.4868421052631579,0.3815789473684211,0.10526315789473684,Displacement,4,0.5,1.5503994161498054,0,0,4,0,0,0,0,0,0,0,1,0,0,2,0,0,1
3415,76,31,36,9,45,0.5921052631578947,0.47368421052631576,0.11842105263157894,Phase_Change,5,0.5555555555555556,1.572835064123149,2,0,0,0,0,0,0,0,0,0,5,0,0,0,0,0,2
3416,76,29,44,3,47,0.618421052631579,0.5789473684210527,0.039473684210526314,Phase_Change,1,0.3333333333333333,1.2335006703022606,0,0,0,0,1,0,1,0,0,0,1,0,0,0,0,0,0
3417,76,31,33,12,45,0.5921052631578947,0.4342105263157895,0.15789473684210525,Path_Evolution,8,0.6666666666666666,1.7210184139590838,0,0,0,0,1,0,0,0,0,8,1,0,0,0,1,0,1
3418,76,61,6,9,15,0.19736842105263158,0.07894736842105263,0.11842105263157894,Displacement,7,0.7777777777777778,0.9987664996269245,0,0,7,0,0,0,0,0,0,0,0,0,0,2,0,0,0
3419,76,31,29,16,45,0.5921052631578947,0.3815789473684211,0.21052631578947367,Speed,5,0.3125,2.010148895612933,0,4,1,0,0,0,0,1,0,0,4,0,0,1,0,5,0
3420,76,15,50,11,61,0.8026315789473685,0.6578947368421053,0.14473684210526316,Extent,4,0.36363636363636365,1.5959399354826973,1,0,3,0,4,0,1,0,0,0,1,0,1,0,0,0,0
3421,76,11,62,3,65,0.8552631578947368,0.8157894736842105,0.039473684210526314,Spatial_Context,1,0.3333333333333333,0.889849631219947,1,0,0,0,0,0,0,0,0,1,0,0,0,1,0,0,0
3422,76,15,45,16,61,0.8026315789473685,0.5921052631578947,0.21052631578947367,Indentation,6,0.375,1.8056768391029228,0,0,1,0,0,0,6,0,1,0,3,0,0,0,0,5,0
3423,76,34,21,21,42,0.5526315789473685,0.27631578947368424,0.27631578947368424,Speed,6,0.2857142857142857,2.0834983687592463,0,0,0,3,6,0,0,0,0,0,0,0,6,0,0,6,0
3424,76,3,68,5,73,0.9605263157894737,0.8947368421052632,0.06578947368421052,Speed,1,0.2,0.738685925191131,0,1,0,0,1,1,1,0,0,0,0,0,0,0,0,1,0
3425,76,16,33,27,60,0.7894736842105263,0.4342105263157895,0.35526315789473684,Sequence_Complexity,6,0.2222222222222222,2.5393869354951235,3,0,6,0,1,0,0,1,0,0,2,0,6,2,0,5,1
3426,76,15,36,25,61,0.8026315789473685,0.47368421052631576,0.32894736842105265,Phase_Change,6,0.24,2.415690881877378,0,0,6,0,0,1,6,1,0,1,6,0,1,1,1,1,0
3427,76,28,35,13,48,0.631578947368421,0.4605263157894737,0.17105263157894737,Path_Evolution,6,0.46153846153846156,1.8316035869302476,2,0,2,0,0,0,0,0,0,6,2,0,0,1,0,0,0
3428,76,24,31,21,52,0.6842105263157895,0.40789473684210525,0.27631578947368424,Phase_Change,7,0.3333333333333333,2.109351263146952,1,0,1,5,0,0,7,0,0,0,7,0,0,0,0,0,0
3429,76,29,30,17,47,0.618421052631579,0.39473684210526316,0.2236842105263158,Curvature,7,0.4117647058823529,2.014511050530975,0,7,0,0,0,2,0,0,0,4,0,0,0,2,2,0,0
3430,76,21,35,20,55,0.7236842105263158,0.4605263157894737,0.2631578947368421,Path_Evolution,6,0.3,2.104730316730539,4,0,0,0,0,0,0,0,0,6,4,0,5,0,1,0,0
3431,76,31,26,19,45,0.5921052631578947,0.34210526315789475,0.25,Sequence_Complexity,7,0.3684210526315789,2.0130673199615927,7,0,0,0,0,2,0,3,0,0,0,0,7,0,0,0,0
3432,76,39,20,17,37,0.4868421052631579,0.2631578947368421,0.2236842105263158,Curvature,8,0.47058823529411764,1.9410309879759748,0,8,0,0,0,3,2,0,2,0,0,0,0,2,0,0,0
3433,76,22,33,21,54,0.7105263157894737,0.4342105263157895,0.27631578947368424,Path_Evolution,6,0.2857142857142857,2.2308017568376637,0,0,0,0,0,1,0,0,0,6,5,0,5,0,2,1,1
3434,76,31,22,23,45,0.5921052631578947,0.2894736842105263,0.3026315789473684,Curvature,7,0.30434782608695654,2.2832796958455064,0,7,0,0,0,3,5,0,1,0,0,0,5,2,0,0,0
3435,76,10,56,10,66,0.868421052631579,0.7368421052631579,0.13157894736842105,Indentation,5,0.5,1.3263380784628451,0,0,0,0,0,1,5,0,0,2,2,0,0,0,0,0,0
3436,76,24,36,16,52,0.6842105263157895,0.47368421052631576,0.21052631578947367,Sampling_Gaps,4,0.25,2.051726361188395,1,3,0,0,0,1,0,0,0,0,4,4,2,0,0,0,1
3437,76,3,52,21,73,0.9605263157894737,0.6842105263157895,0.27631578947368424,Sequence_Complexity,3,0.14285714285714285,1.8932934298078277,3,2,0,3,0,0,2,0,0,3,2,3,3,0,0,0,0
3438,76,18,32,26,58,0.7631578947368421,0.42105263157894735,0.34210526315789475,Sampling_Gaps,6,0.23076923076923078,2.3887501320818867,0,6,0,0,0,2,5,0,0,0,0,6,5,2,0,0,0
3439,76,21,40,15,55,0.7236842105263158,0.5263157894736842,0.19736842105263158,Sequence_Complexity,7,0.4666666666666667,1.8694107485981684,2,2,0,0,0,0,0,0,0,2,2,0,7,0,0,0,0
3440,76,18,39,19,58,0.7631578947368421,0.5131578947368421,0.25,Sequence_Complexity,6,0.3157894736842105,1.9608416312767436,0,5,0,6,0,2,0,0,0,0,0,0,6,0,0,0,0
3441,76,13,31,32,63,0.8289473684210527,0.40789473684210525,0.42105263157894735,Sequence_Complexity,5,0.15625,2.741494726178127,0,5,0,5,0,3,5,0,1,0,1,5,5,2,0,0,0
3442,76,10,44,22,66,0.868421052631579,0.5789473684210527,0.2894736842105263,Sampling_Gaps,5,0.22727272727272727,2.1418293206540406,1,3,0,3,0,0,0,0,0,3,3,5,4,0,0,0,0
3443,76,22,38,16,54,0.7105263157894737,0.5,0.21052631578947367,Curvature,6,0.375,1.9711049328487995,4,6,0,0,0,1,0,2,0,0,0,0,2,1,0,0,0
3444,76,22,28,26,54,0.7105263157894737,0.3684210526315789,0.34210526315789475,Duration,7,0.2692307692307692,2.4303044161691907,2,0,3,7,0,0,0,1,6,0,0,6,0,0,0,0,1
3445,76,34,25,17,42,0.5526315789473685,0.32894736842105265,0.2236842105263158,Phase_Change,8,0.47058823529411764,1.9607560812193334,3,0,0,0,0,0,1,0,0,0,8,0,4,0,0,0,1
3446,76,37,30,9,39,0.5131578947368421,0.39473684210526316,0.11842105263157894,Displacement,5,0.5555555555555556,1.569425765141434,0,0,5,0,0,0,2,0,0,0,2,0,0,0,0,0,0
3447,76,31,22,23,45,0.5921052631578947,0.2894736842105263,0.3026315789473684,Displacement,8,0.34782608695652173,2.273557655435507,2,0,8,0,0,0,0,1,0,0,0,0,5,3,0,4,0
3448,76,36,30,10,40,0.5263157894736842,0.39473684210526316,0.13157894736842105,Speed,4,0.4,1.6679419157811872,0,0,0,0,0,0,3,0,0,0,0,0,2,1,0,4,0
3449,76,45,27,4,31,0.40789473684210525,0.35526315789473684,0.05263157894736842,Displacement,3,0.75,1.2443717319250003,0,0,3,0,1,0,0,0,0,0,0,0,0,0,0,0,0
3450,76,11,53,12,65,0.8552631578947368,0.6973684210526315,0.15789473684210525,Sequence_Complexity,5,0.4166666666666667,1.4947278769791559,0,4,0,0,0,1,1,0,0,0,0,0,5,0,0,0,1
3451,76,21,47,8,55,0.7236842105263158,0.618421052631579,0.10526315789473684,Sequence_Complexity,2,0.25,1.5465545936119678,1,0,1,0,0,0,0,0,1,1,2,0,2,0,0,0,0
3452,76,24,37,15,52,0.6842105263157895,0.4868421052631579,0.19736842105263158,Phase_Change,5,0.3333333333333333,2.00584178949601,0,0,0,0,2,1,2,1,0,0,5,0,2,0,0,2,0
3453,76,61,10,5,15,0.19736842105263158,0.13157894736842105,0.06578947368421052,Sequence_Complexity,4,0.8,0.9453714800197738,0,0,0,0,0,0,0,0,0,0,0,0,4,0,1,0,0
3454,76,42,18,16,34,0.4473684210526316,0.23684210526315788,0.21052631578947367,Indentation,8,0.5,1.7967318649589405,0,0,0,0,4,3,8,0,0,1,0,0,0,0,0,0,0
3455,76,65,4,7,11,0.14473684210526316,0.05263157894736842,0.09210526315789473,Sequence_Complexity,7,1.0,0.7333828779007858,0,0,0,0,0,0,0,0,0,0,0,0,7,0,0,0,0
3456,76,38,25,13,38,0.5,0.32894736842105265,0.17105263157894737,Sequence_Complexity,5,0.38461538461538464,1.764546839705454,2,0,0,0,0,0,0,0,0,1,5,0,5,0,0,0,0
3457,76,55,15,6,21,0.27631578947368424,0.19736842105263158,0.07894736842105263,Curvature,4,0.6666666666666666,1.1613729979437952,0,4,0,0,0,0,0,0,0,2,0,0,0,0,0,0,0
3458,76,42,18,16,34,0.4473684210526316,0.23684210526315788,0.21052631578947367,Sequence_Complexity,5,0.3125,1.8497033327084527,0,0,0,0,3,0,0,0,0,5,0,0,5,0,3,0,0
3459,76,34,34,8,42,0.5526315789473685,0.4473684210526316,0.10526315789473684,Extent,5,0.625,1.5432286492401657,0,1,0,0,5,0,0,0,0,0,0,0,0,0,1,1,0
3460,76,34,31,11,42,0.5526315789473685,0.40789473684210525,0.14473684210526316,Indentation,5,0.45454545454545453,1.745776688457513,0,0,0,0,2,1,5,0,1,2,0,0,0,0,0,0,0
3461,76,27,32,17,49,0.6447368421052632,0.42105263157894735,0.2236842105263158,Indentation,4,0.23529411764705882,2.091457282354894,0,3,1,0,4,2,4,0,3,0,0,0,0,0,0,0,0
3462,76,34,33,9,42,0.5526315789473685,0.4342105263157895,0.11842105263157894,Speed,3,0.3333333333333333,1.5939353417616,0,0,0,0,0,0,3,0,0,0,0,0,3,0,0,3,0
3463,76,39,31,6,37,0.4868421052631579,0.40789473684210525,0.07894736842105263,SpatioTemporal_Dynamics,2,0.3333333333333333,1.4622594587380482,0,0,0,0,1,0,0,0,1,0,0,0,0,2,2,0,0
3464,76,58,13,5,18,0.23684210526315788,0.17105263157894737,0.06578947368421052,SpatioTemporal_Dynamics,3,0.6,1.0818288087673111,0,0,0,0,0,0,0,0,0,1,0,0,0,0,3,0,1
3465,76,65,8,3,11,0.14473684210526316,0.10526315789473684,0.039473684210526314,Phase_Change,3,1.0,0.7188644167460458,0,0,0,0,0,0,0,0,0,0,3,0,0,0,0,0,0
3466,76,16,47,13,60,0.7894736842105263,0.618421052631579,0.17105263157894737,Spatial_Context,4,0.3076923076923077,1.7403557893228498,1,0,0,0,3,0,1,0,3,1,0,0,0,4,0,0,0
3467,76,42,19,15,34,0.4473684210526316,0.25,0.19736842105263158,Localization,9,0.6,1.7516475196920476,0,0,0,0,2,0,2,0,9,0,0,0,0,0,2,0,0
3468,76,18,19,39,58,0.7631578947368421,0.25,0.5131578947368421,Path_Evolution,6,0.15384615384615385,2.998877667687516,6,6,0,0,6,0,4,0,0,6,0,0,5,3,3,0,0
3469,76,22,31,23,54,0.7105263157894737,0.40789473684210525,0.3026315789473684,Extent,6,0.2608695652173913,2.380134832673795,0,0,0,4,6,0,0,2,0,0,4,3,0,2,0,0,2
3470,76,16,37,23,60,0.7894736842105263,0.4868421052631579,0.3026315789473684,Speed,5,0.21739130434782608,2.2797867772385643,0,0,1,0,2,4,5,0,1,0,0,5,0,0,0,5,0
3471,76,1,68,7,75,0.9868421052631579,0.8947368421052632,0.09210526315789473,Sequence_Complexity,2,0.2857142857142857,0.7223028660090712,1,2,0,0,0,0,0,0,0,0,2,0,2,0,0,0,0
3472,76,7,40,29,69,0.9078947368421053,0.5263157894736842,0.3815789473684211,Sampling_Gaps,4,0.13793103448275862,2.504130036471247,4,0,4,0,0,0,0,1,4,4,4,4,0,2,0,0,2
3473,76,10,41,25,66,0.868421052631579,0.5394736842105263,0.32894736842105265,Speed,5,0.2,2.2992670649292606,0,1,1,0,4,0,0,0,0,5,4,4,0,0,0,5,1
3474,76,4,59,13,72,0.9473684210526315,0.7763157894736842,0.17105263157894737,Path_Evolution,3,0.23076923076923078,1.3981154750662752,0,0,3,0,0,0,0,2,0,3,0,1,0,2,0,1,1
3475,76,6,48,22,70,0.9210526315789473,0.631578947368421,0.2894736842105263,Path_Evolution,4,0.18181818181818182,2.032889848429034,4,4,4,0,1,0,0,0,1,4,3,1,0,0,0,0,0
3476,76,6,46,24,70,0.9210526315789473,0.6052631578947368,0.3157894736842105,Phase_Change,4,0.16666666666666666,2.2825582701045484,1,0,1,3,0,1,3,1,3,3,4,3,0,0,0,0,1
3477,76,1,60,15,75,0.9868421052631579,0.7894736842105263,0.19736842105263158,Sequence_Complexity,2,0.13333333333333333,1.479329674805281,2,1,1,0,1,0,0,0,2,2,1,1,2,0,0,1,1
3478,76,6,50,20,70,0.9210526315789473,0.6578947368421053,0.2631578947368421,Path_Evolution,4,0.2,2.041314559587491,2,1,4,1,2,1,2,0,0,4,1,0,0,1,0,0,1
3479,76,6,51,19,70,0.9210526315789473,0.6710526315789473,0.25,Displacement,4,0.21052631578947367,1.8818351785287555,3,1,4,3,1,0,3,0,0,1,0,0,0,0,0,3,0
3480,76,3,61,12,73,0.9605263157894737,0.8026315789473685,0.15789473684210525,Path_Evolution,2,0.16666666666666666,1.3462187622133284,2,2,1,0,1,0,1,0,1,2,1,0,0,0,0,1,0
3481,76,6,53,17,70,0.9210526315789473,0.6973684210526315,0.2236842105263158,Speed,3,0.17647058823529413,1.7728076568010807,3,2,1,3,0,0,0,0,0,3,1,0,1,0,0,3,0
3482,76,3,62,11,73,0.9605263157894737,0.8157894736842105,0.14473684210526316,Sampling_Gaps,3,0.2727272727272727,1.1139838127509523,2,0,3,3,0,0,0,0,0,0,0,3,0,0,0,0,0
3483,76,3,54,19,73,0.9605263157894737,0.7105263157894737,0.25,Phase_Change,3,0.15789473684210525,1.7934753736061562,1,1,3,0,0,0,3,0,2,3,3,0,1,0,0,2,0
3484,76,0,69,7,76,1.0,0.9078947368421053,0.09210526315789473,Sequence_Complexity,1,0.14285714285714285,0.7020303092634057,0,1,1,0,1,0,1,0,0,1,0,1,1,0,0,0,0
3485,76,1,67,8,75,0.9868421052631579,0.881578947368421,0.10526315789473684,Extent,2,0.25,0.873875200803181,0,1,0,1,2,0,1,0,0,1,0,1,0,0,0,1,0
3486,76,6,45,25,70,0.9210526315789473,0.5921052631578947,0.32894736842105265,Sampling_Gaps,4,0.16,2.1833508444218395,3,0,0,3,4,0,4,0,0,4,3,4,0,0,0,0,0
3487,76,7,54,15,69,0.9078947368421053,0.7105263157894737,0.19736842105263158,Path_Evolution,3,0.2,1.7752277163967762,1,0,0,1,3,1,1,1,0,3,1,1,0,1,0,1,0
3488,76,0,76,0,76,1.0,1.0,0.0,,0,0.0,0.0,0,0,0,0,0,0,0,0,0,0,0,0,0,0,0,0,0
3489,76,4,65,7,72,0.9473684210526315,0.8552631578947368,0.09210526315789473,Sequence_Complexity,3,0.42857142857142855,0.8668264232965265,0,0,0,0,1,0,0,0,0,3,0,0,3,0,0,0,0
3490,76,1,63,12,75,0.9868421052631579,0.8289473684210527,0.15789473684210525,Spatial_Context,2,0.16666666666666666,1.2141296821212864,1,0,1,0,1,2,1,2,0,1,1,0,0,2,0,0,0
3491,76,9,42,25,67,0.881578947368421,0.5526315789473685,0.32894736842105265,Indentation,4,0.16,2.4317932137285507,1,0,2,2,0,3,4,0,3,0,2,2,0,0,0,3,3
3492,76,6,49,21,70,0.9210526315789473,0.6447368421052632,0.27631578947368424,Path_Evolution,3,0.14285714285714285,2.1308851467006575,2,3,0,3,0,1,2,1,0,3,2,2,0,0,1,0,1
3493,76,42,13,21,34,0.4473684210526316,0.17105263157894737,0.27631578947368424,Sampling_Gaps,8,0.38095238095238093,1.9145336240395643,0,8,2,0,0,3,0,0,0,0,0,8,0,0,0,0,0
3494,76,16,37,23,60,0.7894736842105263,0.4868421052631579,0.3026315789473684,Duration,5,0.21739130434782608,2.3699808952947925,0,5,0,5,0,3,2,0,2,0,0,2,2,0,0,2,0
3495,76,29,25,22,47,0.618421052631579,0.32894736842105265,0.2894736842105263,Curvature,8,0.36363636363636365,2.240197328213263,0,8,0,0,0,2,0,0,0,5,4,0,0,0,2,0,1
3496,76,11,38,27,65,0.8552631578947368,0.5,0.35526315789473684,Sampling_Gaps,5,0.18518518518518517,2.5446490691422228,0,2,0,4,0,2,5,0,2,2,0,5,3,1,1,0,0
3497,76,22,28,26,54,0.7105263157894737,0.3684210526315789,0.34210526315789475,Path_Evolution,7,0.2692307692307692,2.4164296278469126,0,5,0,0,0,2,5,0,0,7,5,0,0,0,2,0,0
3498,76,11,54,11,65,0.8552631578947368,0.7105263157894737,0.14473684210526316,Curvature,4,0.36363636363636365,1.4278295144151052,0,4,3,0,0,0,0,0,1,0,0,3,0,0,0,0,0
3499,76,10,43,23,66,0.868421052631579,0.5657894736842105,0.3026315789473684,Sequence_Complexity,5,0.21739130434782608,2.1948668705958503,2,5,2,0,0,0,3,0,0,3,3,0,5,0,0,0,0
3500,76,21,37,18,55,0.7236842105263158,0.4868421052631579,0.23684210526315788,Curvature,5,0.2777777777777778,2.052365100449476,3,5,0,4,0,0,0,0,3,0,3,0,0,0,0,0,0
3501,76,13,33,30,63,0.8289473684210527,0.4342105263157895,0.39473684210526316,Sampling_Gaps,5,0.16666666666666666,2.7222064573920415,0,0,3,3,4,2,4,0,0,3,0,5,3,3,0,0,0
3502,76,24,31,21,52,0.6842105263157895,0.40789473684210525,0.27631578947368424,Phase_Change,7,0.3333333333333333,2.2803573476515524,2,0,0,0,3,0,0,0,2,0,7,0,1,3,0,0,3
3503,76,11,41,24,65,0.8552631578947368,0.5394736842105263,0.3157894736842105,Indentation,5,0.20833333333333334,2.322367375582502,3,0,3,3,3,2,5,0,0,0,0,4,0,0,0,0,1
3504,76,34,39,3,42,0.5526315789473685,0.5131578947368421,0.039473684210526314,Kinematic,2,0.6666666666666666,1.2333956300470166,0,0,0,0,0,0,0,2,0,0,1,0,0,0,0,0,0
3505,76,31,25,20,45,0.5921052631578947,0.32894736842105265,0.2631578947368421,Duration,7,0.35,2.105325542060804,0,1,0,7,0,0,0,0,4,0,2,6,0,0,0,0,0
3506,76,28,33,15,48,0.631578947368421,0.4342105263157895,0.19736842105263158,Speed,4,0.26666666666666666,2.0133771021461464,0,0,0,0,0,1,3,0,0,1,4,0,0,1,0,4,1
3507,76,51,6,19,25,0.32894736842105265,0.07894736842105263,0.25,Indentation,9,0.47368421052631576,1.5526305731517307,6,0,0,0,0,4,9,0,0,0,0,0,0,0,0,0,0
3508,76,10,45,21,66,0.868421052631579,0.5921052631578947,0.27631578947368424,Extent,5,0.23809523809523808,2.0481697278249085,0,5,5,0,5,1,0,0,0,2,0,0,0,1,0,2,0
3509,76,22,40,14,54,0.7105263157894737,0.5263157894736842,0.18421052631578946,Phase_Change,5,0.35714285714285715,1.8091229426262787,0,0,0,0,3,0,0,0,0,4,5,0,0,0,0,0,2
3510,76,10,45,21,66,0.868421052631579,0.5921052631578947,0.27631578947368424,Acceleration,4,0.19047619047619047,2.2035561938072323,4,3,3,0,0,0,0,1,0,3,3,0,1,1,1,0,1
3511,76,13,39,24,63,0.8289473684210527,0.5131578947368421,0.3157894736842105,Path_Evolution,5,0.20833333333333334,2.3668030552243424,0,2,0,0,2,3,2,0,5,5,0,0,0,0,3,2,0
3512,76,10,41,25,66,0.868421052631579,0.5394736842105263,0.32894736842105265,Sequence_Complexity,5,0.2,2.1567812567278075,0,5,0,5,5,0,0,0,0,0,5,0,5,0,0,0,0
3513,76,28,27,21,48,0.631578947368421,0.35526315789473684,0.27631578947368424,Phase_Change,8,0.38095238095238093,2.050718297969552,0,0,1,0,0,0,8,0,0,4,8,0,0,0,0,0,0
3514,76,9,47,20,67,0.881578947368421,0.618421052631579,0.2631578947368421,Path_Evolution,3,0.15,2.1181950983341093,0,1,0,2,0,3,3,0,2,3,2,2,2,0,0,0,0
3515,76,27,22,27,49,0.6447368421052632,0.2894736842105263,0.35526315789473684,Acceleration,7,0.25925925925925924,2.4431841893450157,7,0,0,6,2,0,0,4,2,0,0,6,0,0,0,0,0
3516,76,28,41,7,48,0.631578947368421,0.5394736842105263,0.09210526315789473,Curvature,4,0.5714285714285714,1.4187109672709826,0,4,0,0,0,0,0,0,0,0,0,0,0,0,0,3,0
3517,76,15,44,17,61,0.8026315789473685,0.5789473684210527,0.2236842105263158,Sampling_Gaps,6,0.35294117647058826,1.9968352415928055,0,2,0,3,0,1,2,1,0,0,0,6,1,0,0,0,1
3518,76,55,8,13,21,0.27631578947368424,0.10526315789473684,0.17105263157894737,Phase_Change,7,0.5384615384615384,1.2856111489358693,0,0,0,0,0,0,0,0,0,0,7,0,0,0,0,6,0
3519,76,42,27,7,34,0.4473684210526316,0.35526315789473684,0.09210526315789473,Sequence_Complexity,6,0.8571428571428571,1.374650285556105,0,0,0,0,0,0,0,0,0,0,0,0,6,0,0,1,0
3520,76,31,41,4,45,0.5921052631578947,0.5394736842105263,0.05263157894736842,Temporal,1,0.25,1.3368785948733937,0,0,0,0,0,0,0,0,0,0,1,0,1,0,1,0,1
3521,76,55,16,5,21,0.27631578947368424,0.21052631578947367,0.06578947368421052,Localization,5,1.0,1.069185082939729,0,0,0,0,0,0,0,0,5,0,0,0,0,0,0,0,0
3522,76,7,55,14,69,0.9078947368421053,0.7236842105263158,0.18421052631578946,Temporal,2,0.14285714285714285,1.6475818726770126,0,2,0,2,0,1,0,0,0,0,0,2,1,0,2,2,2
3523,76,22,39,15,54,0.7105263157894737,0.5131578947368421,0.19736842105263158,Speed,4,0.26666666666666666,1.9026882746850562,0,0,0,0,0,0,2,0,0,0,4,0,4,0,0,4,1
3524,76,16,38,22,60,0.7894736842105263,0.5,0.2894736842105263,Path_Evolution,6,0.2727272727272727,2.20936145403328,0,2,4,0,0,0,0,0,0,6,4,0,4,0,0,0,2
3525,76,34,35,7,42,0.5526315789473685,0.4605263157894737,0.09210526315789473,Curvature,3,0.42857142857142855,1.5209073858416269,0,3,0,0,2,0,1,0,0,0,0,0,1,0,0,0,0
3526,76,24,35,17,52,0.6842105263157895,0.4605263157894737,0.2236842105263158,Sequence_Complexity,6,0.35294117647058826,2.0232725053553158,0,4,0,0,0,1,1,0,0,0,0,0,6,0,1,4,0
3527,76,18,37,21,58,0.7631578947368421,0.4868421052631579,0.27631578947368424,Sequence_Complexity,5,0.23809523809523808,2.252102151138849,3,0,1,0,0,0,0,2,0,4,3,0,5,3,0,0,0
3528,76,29,33,14,47,0.618421052631579,0.4342105263157895,0.18421052631578946,Extent,5,0.35714285714285715,1.9721894177598307,1,1,0,0,5,0,0,0,0,0,0,0,1,2,2,0,2
3529,76,10,53,13,66,0.868421052631579,0.6973684210526315,0.17105263157894737,Sequence_Complexity,3,0.23076923076923078,1.6286679404539328,3,1,3,0,0,0,0,0,1,1,1,0,3,0,0,0,0
3530,76,22,49,5,54,0.7105263157894737,0.6447368421052632,0.06578947368421052,SpatioTemporal_Dynamics,2,0.4,1.3107133296058782,0,0,0,0,0,1,1,1,0,0,0,0,0,0,2,0,0
3531,76,24,42,10,52,0.6842105263157895,0.5526315789473685,0.13157894736842105,Localization,3,0.3,1.6785680492833335,0,0,2,0,0,0,0,0,3,2,0,0,2,0,0,0,1
3532,76,16,52,8,60,0.7894736842105263,0.6842105263157895,0.10526315789473684,Indentation,2,0.25,1.4792056010312589,1,0,0,0,1,1,2,0,1,0,1,0,1,0,0,0,0
3533,76,16,47,13,60,0.7894736842105263,0.618421052631579,0.17105263157894737,Localization,4,0.3076923076923077,1.7403557893228498,0,0,0,0,0,1,3,0,4,0,0,0,0,0,1,3,1
3534,76,22,28,26,54,0.7105263157894737,0.3684210526315789,0.34210526315789475,Localization,7,0.2692307692307692,2.42712579879832,0,3,0,0,7,2,5,1,7,0,0,0,0,0,1,0,0
3535,76,46,20,10,30,0.39473684210526316,0.2631578947368421,0.13157894736842105,Sequence_Complexity,6,0.6,1.510661896592312,0,0,0,0,2,0,0,0,2,0,0,0,6,0,0,0,0
3536,76,21,50,5,55,0.7236842105263158,0.6578947368421053,0.06578947368421052,Localization,3,0.6,1.2586332651639318,0,0,0,0,0,1,0,0,3,0,0,0,1,0,0,0,0
3537,76,34,34,8,42,0.5526315789473685,0.4473684210526316,0.10526315789473684,Sequence_Complexity,3,0.375,1.5807911883490255,0,0,0,0,0,1,2,0,0,2,0,0,3,0,0,0,0
3538,76,31,31,14,45,0.5921052631578947,0.40789473684210525,0.18421052631578946,Sequence_Complexity,8,0.5714285714285714,1.7852936812858715,0,1,0,0,0,0,1,0,4,0,0,0,8,0,0,0,0
3539,76,51,19,6,25,0.32894736842105265,0.25,0.07894736842105263,Extent,6,1.0,1.175373695018568,0,0,0,0,6,0,0,0,0,0,0,0,0,0,0,0,0
3540,76,31,34,11,45,0.5921052631578947,0.4473684210526316,0.14473684210526316,Sequence_Complexity,6,0.5454545454545454,1.72077491832738,0,1,0,0,1,2,0,0,0,0,1,0,6,0,0,0,0
3541,76,31,36,9,45,0.5921052631578947,0.47368421052631576,0.11842105263157894,Extent,5,0.5555555555555556,1.599150853596833,0,0,2,0,5,0,0,0,0,0,0,0,0,1,1,0,0
3542,76,22,31,23,54,0.7105263157894737,0.40789473684210525,0.3026315789473684,Sequence_Complexity,5,0.21739130434782608,2.4314523922776123,3,4,2,0,0,2,0,0,0,4,0,0,5,2,0,0,1
3543,76,46,21,9,30,0.39473684210526316,0.27631578947368424,0.11842105263157894,Sequence_Complexity,3,0.3333333333333333,1.503359377082178,0,0,0,0,0,0,0,0,3,0,3,0,3,0,0,0,0
3544,76,18,28,30,58,0.7631578947368421,0.3684210526315789,0.39473684210526316,Sampling_Gaps,5,0.16666666666666666,2.7051854506929476,0,5,0,5,0,2,4,0,0,0,3,5,4,2,0,0,0
3545,76,16,33,27,60,0.7894736842105263,0.4342105263157895,0.35526315789473684,Localization,6,0.2222222222222222,2.5570840140207345,6,0,3,0,3,0,0,1,6,3,0,0,0,1,1,3,0
3546,76,16,33,27,60,0.7894736842105263,0.4342105263157895,0.35526315789473684,Sequence_Complexity,6,0.2222222222222222,2.524317895656615,6,0,3,0,1,0,0,0,4,3,0,0,6,2,2,0,0
3547,76,10,36,30,66,0.868421052631579,0.47368421052631576,0.39473684210526316,Path_Evolution,5,0.16666666666666666,2.6533873498546225,0,5,5,3,3,0,0,1,3,5,0,3,0,1,1,0,0
3548,76,16,32,28,60,0.7894736842105263,0.42105263157894735,0.3684210526315789,Path_Evolution,6,0.21428571428571427,2.580439935111999,2,0,2,0,5,0,0,0,4,6,5,0,0,0,2,0,2
3549,76,42,25,9,34,0.4473684210526316,0.32894736842105265,0.11842105263157894,Speed,7,0.7777777777777778,1.4554903956083316,0,0,0,0,0,0,0,0,0,2,0,0,0,0,0,7,0
3550,76,39,21,16,37,0.4868421052631579,0.27631578947368424,0.21052631578947367,Phase_Change,8,0.5,1.8547811000447882,0,0,0,0,0,0,0,0,0,0,8,0,3,0,3,0,2
3551,76,28,37,11,48,0.631578947368421,0.4868421052631579,0.14473684210526316,Indentation,8,0.7272727272727273,1.6248260352082686,0,0,0,0,0,1,8,0,1,0,0,0,0,0,1,0,0
3552,76,55,11,10,21,0.27631578947368424,0.14473684210526316,0.13157894736842105,Speed,7,0.7,1.2422050923194639,3,0,0,0,0,0,0,0,0,0,0,0,0,0,0,7,0
3553,76,21,37,18,55,0.7236842105263158,0.4868421052631579,0.23684210526315788,Displacement,6,0.3333333333333333,2.088613620214785,5,2,6,0,1,1,0,0,0,2,0,0,0,1,0,0,0
3554,76,51,10,15,25,0.32894736842105265,0.13157894736842105,0.19736842105263158,Localization,10,0.6666666666666666,1.4783598576480987,0,0,0,0,0,0,0,0,10,0,0,0,3,0,2,0,0
3555,76,16,46,14,60,0.7894736842105263,0.6052631578947368,0.18421052631578946,Path_Evolution,5,0.35714285714285715,1.7044652643975824,0,0,0,0,0,0,0,0,5,5,2,0,2,0,0,0,0
3556,76,16,53,7,60,0.7894736842105263,0.6973684210526315,0.09210526315789473,Extent,4,0.5714285714285714,1.2797724596034596,0,0,0,0,4,0,0,0,0,0,1,0,2,0,0,0,0
3557,76,42,23,11,34,0.4473684210526316,0.3026315789473684,0.14473684210526316,Sequence_Complexity,5,0.45454545454545453,1.6409683394902164,0,0,1,0,4,0,0,0,0,0,0,0,5,0,0,0,1
3558,76,13,54,9,63,0.8289473684210527,0.7105263157894737,0.11842105263157894,Acceleration,5,0.5555555555555556,1.3732001196659758,5,0,0,0,1,0,1,0,1,0,1,0,0,0,0,0,0
3559,76,36,29,11,40,0.5263157894736842,0.3815789473684211,0.14473684210526316,Indentation,8,0.7272727272727273,1.6295229225143373,0,0,0,0,0,1,8,0,0,0,0,0,0,0,1,0,1
3560,76,34,35,7,42,0.5526315789473685,0.4605263157894737,0.09210526315789473,Speed,2,0.2857142857142857,1.5308401161332517,0,1,2,0,0,0,0,2,0,0,0,0,0,0,0,2,0
3561,76,12,42,22,64,0.8421052631578947,0.5526315789473685,0.2894736842105263,Sampling_Gaps,3,0.13636363636363635,2.310146996651755,0,2,1,3,0,0,3,0,3,3,0,3,0,0,2,2,0
3562,76,61,10,5,15,0.19736842105263158,0.13157894736842105,0.06578947368421052,Extent,4,0.8,0.9453714800197738,0,0,0,0,4,0,0,1,0,0,0,0,0,0,0,0,0
3563,76,42,18,16,34,0.4473684210526316,0.23684210526315788,0.21052631578947367,Curvature,6,0.375,1.8394307136146841,0,6,0,0,0,4,0,0,0,2,0,0,0,0,0,4,0
3564,76,39,26,11,37,0.4868421052631579,0.34210526315789475,0.14473684210526316,Path_Evolution,3,0.2727272727272727,1.7399435435253423,0,0,0,0,0,0,3,0,3,3,0,0,0,0,1,0,1
3565,76,34,27,15,42,0.5526315789473685,0.35526315789473684,0.19736842105263158,Sequence_Complexity,5,0.3333333333333333,1.9146397817072394,5,0,0,0,1,0,0,3,1,0,0,0,5,0,0,0,0
3566,76,16,42,18,60,0.7894736842105263,0.5526315789473685,0.23684210526315788,Temporal,2,0.1111111111111111,2.189015253486902,0,2,0,0,0,2,2,0,2,0,2,0,2,0,2,2,2
3567,76,24,46,6,52,0.6842105263157895,0.6052631578947368,0.07894736842105263,Indentation,5,0.8333333333333334,1.3040776388334911,0,0,0,0,0,1,5,0,0,0,0,0,0,0,0,0,0
3568,76,25,46,5,51,0.6710526315789473,0.6052631578947368,0.06578947368421052,Speed,1,0.2,1.3771346881410758,0,1,0,0,0,0,1,0,1,1,0,0,0,0,0,1,0
3569,76,51,21,4,25,0.32894736842105265,0.27631578947368424,0.05263157894736842,Path_Evolution,3,0.75,1.1652005947453787,0,0,0,0,0,0,0,0,0,3,0,0,0,0,0,0,1
3570,76,31,27,18,45,0.5921052631578947,0.35526315789473684,0.23684210526315788,Duration,5,0.2777777777777778,2.128434570559763,0,0,2,5,4,0,0,0,0,0,3,0,0,0,1,0,3
3571,76,16,32,28,60,0.7894736842105263,0.42105263157894735,0.3684210526315789,Speed,6,0.21428571428571427,2.6128661646739753,4,0,0,0,4,0,4,1,4,0,3,0,0,1,0,6,1
3572,76,29,23,24,47,0.618421052631579,0.3026315789473684,0.3157894736842105,Path_Evolution,6,0.25,2.208947594163077,0,0,6,0,6,0,6,0,0,6,0,0,0,0,0,0,0
3573,76,24,26,26,52,0.6842105263157895,0.34210526315789475,0.34210526315789475,Phase_Change,7,0.2692307692307692,2.412587696748148,5,0,5,0,3,0,0,0,0,5,7,0,0,0,1,0,0
3574,76,31,29,16,45,0.5921052631578947,0.3815789473684211,0.21052631578947367,Acceleration,6,0.375,1.9752143951911758,6,0,0,0,4,0,0,0,0,0,3,0,0,2,0,0,1
3575,76,11,41,24,65,0.8552631578947368,0.5394736842105263,0.3157894736842105,Phase_Change,5,0.20833333333333334,2.2947375667652663,0,0,1,4,5,1,0,0,0,0,5,0,3,2,0,3,0
3576,76,21,48,7,55,0.7236842105263158,0.631578947368421,0.09210526315789473,Path_Evolution,3,0.42857142857142855,1.4443518106128888,0,0,1,0,1,0,0,0,0,3,0,0,0,0,1,0,1
3577,76,16,37,23,60,0.7894736842105263,0.4868421052631579,0.3026315789473684,Speed,6,0.2608695652173913,2.329910085326151,2,0,6,0,1,0,0,2,0,0,2,0,2,2,0,6,0
3578,76,27,47,2,49,0.6447368421052632,0.618421052631579,0.02631578947368421,Indentation,1,0.5,1.1236164794006562,0,0,0,0,1,0,1,0,0,0,0,0,0,0,0,0,0
3579,76,18,58,0,58,0.7631578947368421,0.7631578947368421,0.0,,0,0.0,0.7897492536625221,0,0,0,0,0,0,0,0,0,0,0,0,0,0,0,0,0
3580,76,27,36,13,49,0.6447368421052632,0.47368421052631576,0.17105263157894737,Indentation,4,0.3076923076923077,1.8992530054128367,0,0,2,0,2,0,4,0,0,0,0,2,0,2,0,1,0
3581,76,46,16,14,30,0.39473684210526316,0.21052631578947367,0.18421052631578946,Sequence_Complexity,7,0.5,1.6249673172927612,0,0,0,0,0,0,0,0,5,0,0,0,7,0,0,0,2
3582,76,22,44,10,54,0.7105263157894737,0.5789473684210527,0.13157894736842105,Phase_Change,7,0.7,1.5114278912795742,0,0,0,0,0,0,1,0,0,0,7,0,0,0,0,0,2
3583,76,16,45,15,60,0.7894736842105263,0.5921052631578947,0.19736842105263158,Speed,3,0.2,1.940058410268246,3,0,1,0,2,0,0,1,0,0,3,0,1,1,0,3,0
3584,76,31,28,17,45,0.5921052631578947,0.3684210526315789,0.2236842105263158,Extent,7,0.4117647058823529,1.967042212149688,3,0,3,0,7,0,4,0,0,0,0,0,0,0,0,0,0
3585,76,18,40,18,58,0.7631578947368421,0.5263157894736842,0.23684210526315788,Sequence_Complexity,5,0.2777777777777778,2.091217746700254,0,0,1,0,5,0,3,0,0,1,1,0,5,0,1,0,1
3586,76,11,52,13,65,0.8552631578947368,0.6842105263157895,0.17105263157894737,Displacement,4,0.3076923076923077,1.7153404983337552,1,1,4,0,1,0,0,1,1,1,0,0,0,2,0,1,0
3587,76,16,46,14,60,0.7894736842105263,0.6052631578947368,0.18421052631578946,Displacement,4,0.2857142857142857,1.842154651854295,0,1,4,0,3,0,0,0,1,1,0,0,0,2,0,2,0
3588,76,21,45,10,55,0.7236842105263158,0.5921052631578947,0.13157894736842105,Sequence_Complexity,4,0.4,1.5456636290595154,2,0,0,0,4,0,0,0,0,0,0,0,4,0,0,0,0
3589,76,21,39,16,55,0.7236842105263158,0.5131578947368421,0.21052631578947367,Displacement,6,0.375,1.933728468465841,2,4,6,0,2,0,0,0,0,0,0,0,0,0,0,2,0
3590,76,6,47,23,70,0.9210526315789473,0.618421052631579,0.3026315789473684,Speed,4,0.17391304347826086,2.0625955918974954,0,3,0,4,0,0,4,0,0,3,1,4,0,0,0,4,0
3591,76,11,47,18,65,0.8552631578947368,0.618421052631579,0.23684210526315788,Sampling_Gaps,5,0.2777777777777778,1.9751766672817952,4,0,2,2,0,0,0,1,0,0,0,5,2,1,0,0,1
3592,76,16,44,16,60,0.7894736842105263,0.5789473684210527,0.21052631578947367,Path_Evolution,5,0.3125,1.939581827010497,0,0,5,0,1,0,0,1,1,5,1,0,0,1,0,1,0
3593,76,16,26,34,60,0.7894736842105263,0.34210526315789475,0.4473684210526316,Path_Evolution,6,0.17647058823529413,2.7522756111005657,6,5,0,0,5,0,0,2,0,6,5,0,0,0,0,5,0
3594,76,3,71,2,73,0.9605263157894737,0.9342105263157895,0.02631578947368421,Path_Evolution,1,0.5,0.4402047109831132,0,0,0,1,0,0,0,0,0,1,0,0,0,0,0,0,0
3595,76,6,44,26,70,0.9210526315789473,0.5789473684210527,0.34210526315789475,Sequence_Complexity,4,0.15384615384615385,2.4024789445311017,3,0,0,0,1,0,3,1,3,3,3,0,4,1,0,3,1
3596,76,16,31,29,60,0.7894736842105263,0.40789473684210525,0.3815789473684211,Speed,6,0.20689655172413793,2.562277373509718,4,0,6,0,0,0,0,1,0,6,0,0,4,1,0,6,1
3597,76,7,40,29,69,0.9078947368421053,0.5263157894736842,0.3815789473684211,Phase_Change,4,0.13793103448275862,2.6158435232564186,1,0,4,0,2,0,0,2,0,4,4,3,2,2,2,3,0
3598,76,15,39,22,61,0.8026315789473685,0.5131578947368421,0.2894736842105263,Indentation,6,0.2727272727272727,2.089792539958063,6,0,6,3,0,0,6,0,0,1,0,0,0,0,0,0,0
3599,76,15,39,22,61,0.8026315789473685,0.5131578947368421,0.2894736842105263,Speed,4,0.18181818181818182,2.254652079602547,3,0,0,4,0,0,4,1,0,4,2,0,0,0,0,4,0
3600,76,22,44,10,54,0.7105263157894737,0.5789473684210527,0.13157894736842105,Localization,2,0.2,1.7173684762059322,2,0,2,0,1,0,0,0,2,0,1,0,0,1,0,0,1
3601,76,2,70,4,74,0.9736842105263158,0.9210526315789473,0.05263157894736842,Kinematic,2,0.5,0.549903682046906,0,0,0,0,0,0,0,2,0,0,0,0,0,1,0,0,1
3602,76,15,36,25,61,0.8026315789473685,0.47368421052631576,0.32894736842105265,Sampling_Gaps,6,0.24,2.4320739410594374,3,0,3,0,0,0,0,1,0,3,6,6,0,1,1,0,1
3603,76,4,61,11,72,0.9473684210526315,0.8026315789473685,0.14473684210526316,Path_Evolution,3,0.2727272727272727,1.2409556043185914,0,0,0,2,0,0,1,0,0,3,0,2,1,0,0,2,0
3604,76,21,32,23,55,0.7236842105263158,0.42105263157894735,0.3026315789473684,Sequence_Complexity,6,0.2608695652173913,2.320252139958791,4,0,0,4,3,0,0,0,0,0,0,4,6,2,0,0,0
3605,76,21,37,18,55,0.7236842105263158,0.4868421052631579,0.23684210526315788,Curvature,5,0.2777777777777778,2.0247352916322403,5,5,0,0,1,0,0,3,0,0,0,0,0,0,0,4,0
3606,76,18,24,34,58,0.7631578947368421,0.3157894736842105,0.4473684210526316,Speed,6,0.17647058823529413,2.808433927034802,6,3,0,0,3,0,0,3,6,0,0,0,6,0,1,6,0
3607,76,13,40,23,63,0.8289473684210527,0.5263157894736842,0.3026315789473684,Curvature,5,0.21739130434782608,2.3142826636756144,5,5,0,0,0,0,2,3,2,0,0,0,2,0,0,2,2
3608,76,11,39,26,65,0.8552631578947368,0.5131578947368421,0.34210526315789475,Curvature,5,0.19230769230769232,2.4399838912131697,5,5,4,0,1,0,0,2,2,1,0,0,0,2,0,4,0
3609,76,3,46,27,73,0.9605263157894737,0.6052631578947368,0.35526315789473684,Speed,3,0.1111111111111111,2.2790758687033583,3,3,3,3,3,0,3,0,0,3,0,0,3,0,0,3,0
3610,76,21,31,24,55,0.7236842105263158,0.40789473684210525,0.3157894736842105,Speed,6,0.25,2.3913095658713304,3,0,0,0,3,0,1,3,6,0,0,0,2,0,0,6,0
3611,76,11,38,27,65,0.8552631578947368,0.5,0.35526315789473684,Speed,5,0.18518518518518517,2.507086530033363,5,1,0,0,4,0,0,2,5,1,0,0,1,1,2,5,0
3612,76,21,38,17,55,0.7236842105263158,0.5,0.2236842105263158,Speed,5,0.29411764705882354,2.015900147124542,5,1,0,0,1,0,0,2,3,0,0,0,0,0,0,5,0
3613,76,11,43,22,65,0.8552631578947368,0.5657894736842105,0.2894736842105263,Speed,5,0.22727272727272727,2.2136852344162943,5,1,0,0,1,2,1,2,1,0,4,0,0,0,0,5,0
3614,76,10,33,33,66,0.868421052631579,0.4342105263157895,0.4342105263157895,Speed,5,0.15151515151515152,2.8217760490759507,5,5,3,0,3,1,5,1,3,0,0,0,0,1,0,5,1
3615,76,6,57,13,70,0.9210526315789473,0.75,0.17105263157894737,Displacement,3,0.23076923076923078,1.4914238184956359,3,0,3,0,0,0,0,1,0,0,2,0,0,1,1,2,0
3616,76,27,20,29,49,0.6447368421052632,0.2631578947368421,0.3815789473684211,Acceleration,7,0.2413793103448276,2.517775422401243,7,4,0,0,2,0,0,4,6,0,0,0,0,0,0,6,0
3617,76,7,38,31,69,0.9078947368421053,0.5,0.40789473684210525,Speed,4,0.12903225806451613,2.654865277058592,4,2,0,4,4,1,4,2,4,0,0,0,2,0,0,4,0
3618,76,27,21,28,49,0.6447368421052632,0.27631578947368424,0.3684210526315789,Speed,7,0.25,2.49222524568173,7,4,0,0,3,0,0,4,3,0,0,0,0,0,0,7,0
3619,76,16,39,21,60,0.7894736842105263,0.5131578947368421,0.27631578947368424,Displacement,6,0.2857142857142857,2.2789740721283933,2,4,6,0,2,1,2,0,0,2,0,0,0,1,1,0,0
3620,76,34,31,11,42,0.5526315789473685,0.40789473684210525,0.14473684210526316,Sequence_Complexity,4,0.36363636363636365,1.714324589436945,0,4,0,0,0,1,0,0,0,0,2,0,4,0,0,0,0
3621,76,16,50,10,60,0.7894736842105263,0.6578947368421053,0.13157894736842105,Speed,2,0.2,1.5874958096444243,0,2,0,0,2,1,0,1,0,0,2,0,0,0,0,2,0
3622,76,16,32,28,60,0.7894736842105263,0.42105263157894735,0.3684210526315789,Phase_Change,6,0.21428571428571427,2.583067973799101,2,3,0,6,4,2,3,0,0,0,6,0,0,0,0,0,2
3623,76,18,31,27,58,0.7631578947368421,0.40789473684210525,0.35526315789473684,Phase_Change,6,0.2222222222222222,2.475850728374342,6,6,0,0,3,0,0,3,1,0,6,0,0,0,0,0,2
3624,76,11,46,19,65,0.8552631578947368,0.6052631578947368,0.25,Phase_Change,4,0.21052631578947367,1.999342180735739,1,3,0,4,0,1,4,0,0,0,4,2,0,0,0,0,0
3625,76,34,24,18,42,0.5526315789473685,0.3157894736842105,0.23684210526315788,Sequence_Complexity,5,0.2777777777777778,2.055526499045479,0,4,4,0,4,1,0,0,0,0,0,0,5,0,0,0,0
3626,76,31,28,17,45,0.5921052631578947,0.3684210526315789,0.2236842105263158,Indentation,6,0.35294117647058826,1.9952225996506916,2,6,0,0,0,2,6,1,0,0,0,0,0,0,0,0,0
3627,76,39,21,16,37,0.4868421052631579,0.27631578947368424,0.21052631578947367,Indentation,7,0.4375,1.8692995611995282,0,4,0,0,0,3,7,2,0,0,0,0,0,0,0,0,0
3628,76,29,20,27,47,0.618421052631579,0.2631578947368421,0.35526315789473684,Phase_Change,8,0.2962962962962963,2.4301784058152003,5,5,0,0,0,2,5,0,0,0,8,0,0,0,0,0,2
3629,76,24,37,15,52,0.6842105263157895,0.4868421052631579,0.19736842105263158,Sampling_Gaps,3,0.2,1.9872903482563125,2,3,0,0,3,3,1,0,0,0,0,3,0,0,0,0,0
3630,76,22,47,7,54,0.7105263157894737,0.618421052631579,0.09210526315789473,Extent,3,0.42857142857142855,1.459400419482625,0,1,0,0,3,1,1,0,0,0,1,0,0,0,0,0,0
3631,76,6,50,20,70,0.9210526315789473,0.6578947368421053,0.2631578947368421,Curvature,3,0.15,2.1103291977169194,0,3,2,0,1,1,0,0,2,2,2,2,0,1,1,2,1
3632,76,11,51,14,65,0.8552631578947368,0.6710526315789473,0.18421052631578946,Phase_Change,4,0.2857142857142857,1.693949516763059,0,2,0,0,0,1,3,0,0,0,4,0,0,0,0,2,2
3633,76,24,41,11,52,0.6842105263157895,0.5394736842105263,0.14473684210526316,Temporal,2,0.18181818181818182,1.8045231423034644,0,2,0,0,2,1,0,0,0,0,2,0,1,0,0,1,2
3634,76,42,3,31,34,0.4473684210526316,0.039473684210526314,0.40789473684210525,Sampling_Gaps,9,0.2903225806451613,1.9739775884723507,9,0,0,0,0,0,0,4,9,0,0,9,0,0,0,0,0
3635,76,27,38,11,49,0.6447368421052632,0.5,0.14473684210526316,Phase_Change,4,0.36363636363636365,1.7242010914795076,0,0,1,0,0,0,4,0,0,0,4,0,0,0,0,1,1
3636,76,21,45,10,55,0.7236842105263158,0.5921052631578947,0.13157894736842105,Sequence_Complexity,2,0.2,1.650926786954252,0,2,0,0,2,0,2,0,0,2,0,0,2,0,0,0,0
3637,76,48,17,11,28,0.3684210526315789,0.2236842105263158,0.14473684210526316,Curvature,6,0.5454545454545454,1.5396415813072477,0,6,0,0,1,3,0,0,0,0,0,0,0,1,0,0,0
3638,76,39,28,9,37,0.4868421052631579,0.3684210526315789,0.11842105263157894,Temporal,3,0.3333333333333333,1.6230391995566897,0,0,0,0,0,0,2,0,0,0,2,0,0,0,0,2,3
3639,76,29,20,27,47,0.618421052631579,0.2631578947368421,0.35526315789473684,Phase_Change,8,0.2962962962962963,2.4574683258302916,0,8,0,0,3,2,0,0,0,2,8,0,0,0,2,0,2
3640,76,42,19,15,34,0.4473684210526316,0.25,0.19736842105263158,Extent,5,0.3333333333333333,1.8163802109886793,0,0,4,0,5,4,0,0,0,0,2,0,0,0,0,0,0
3641,76,16,47,13,60,0.7894736842105263,0.618421052631579,0.17105263157894737,Path_Evolution,5,0.38461538461538464,1.6600944015582462,0,0,0,0,4,0,0,0,0,5,0,0,0,0,2,0,2
3642,76,22,34,20,54,0.7105263157894737,0.4473684210526316,0.2631578947368421,Curvature,7,0.35,2.1295409453721947,0,7,0,0,3,0,0,0,4,3,3,0,0,0,0,0,0
3643,76,21,37,18,55,0.7236842105263158,0.4868421052631579,0.23684210526315788,Phase_Change,7,0.3888888888888889,2.107928502114265,0,1,4,0,0,1,0,1,0,0,7,0,2,1,0,0,1
3644,76,16,42,18,60,0.7894736842105263,0.5526315789473685,0.23684210526315788,Phase_Change,6,0.3333333333333333,1.9387580165309304,2,0,0,0,2,0,0,0,6,0,6,0,0,0,0,0,2
3645,76,34,32,10,42,0.5526315789473685,0.42105263157894735,0.13157894736842105,Displacement,5,0.5,1.651371400560535,0,0,5,0,1,1,0,0,3,0,0,0,0,0,0,0,0
3646,76,31,21,24,45,0.5921052631578947,0.27631578947368424,0.3157894736842105,Displacement,8,0.3333333333333333,2.233718613059544,0,5,8,0,7,2,0,0,0,0,0,0,0,2,0,0,0
3647,76,28,27,21,48,0.631578947368421,0.35526315789473684,0.27631578947368424,Phase_Change,8,0.38095238095238093,2.2051306334104677,0,3,0,0,0,1,0,0,0,6,8,0,0,1,1,0,1
3648,76,22,30,24,54,0.7105263157894737,0.39473684210526316,0.3157894736842105,Curvature,7,0.2916666666666667,2.3931156985399102,0,7,0,0,0,2,0,0,4,4,1,0,4,0,2,0,0
3649,76,34,17,25,42,0.5526315789473685,0.2236842105263158,0.32894736842105265,Extent,8,0.32,2.27331902162511,0,0,4,0,8,4,5,0,0,0,0,0,4,0,0,0,0
3650,76,15,31,30,61,0.8026315789473685,0.40789473684210525,0.39473684210526316,Indentation,6,0.2,2.53184494089558,4,0,0,6,0,0,6,0,0,5,0,4,0,0,0,5,0
3651,76,18,42,16,58,0.7631578947368421,0.5526315789473685,0.21052631578947367,Sampling_Gaps,5,0.3125,1.9071313324005612,2,0,0,4,0,2,0,0,0,0,0,5,0,0,0,3,0
3652,76,9,37,30,67,0.881578947368421,0.4868421052631579,0.39473684210526316,Speed,4,0.13333333333333333,2.599518308953428,4,4,4,0,0,1,0,0,0,0,4,4,4,0,0,4,1
3653,76,15,46,15,61,0.8026315789473685,0.6052631578947368,0.19736842105263158,Phase_Change,6,0.4,1.850598777692568,0,1,1,0,2,0,0,0,0,2,6,0,2,0,0,0,1
3654,76,18,41,17,58,0.7631578947368421,0.5394736842105263,0.2236842105263158,Sampling_Gaps,6,0.35294117647058826,1.9355876157599414,0,1,0,6,0,0,1,1,0,0,0,6,0,0,0,2,0
3655,76,3,48,25,73,0.9605263157894737,0.631578947368421,0.32894736842105265,Sampling_Gaps,3,0.12,2.2036852430520097,3,0,3,2,3,0,2,0,0,3,3,3,2,0,1,0,0
3656,76,39,20,17,37,0.4868421052631579,0.2631578947368421,0.2236842105263158,Duration,7,0.4117647058823529,1.9343699692039147,5,0,1,7,0,2,0,2,0,0,0,0,0,0,0,0,0
3657,76,29,27,20,47,0.618421052631579,0.35526315789473684,0.2631578947368421,Acceleration,5,0.25,2.2265072582631444,5,3,0,0,0,0,0,2,0,4,0,0,4,0,2,0,0
3658,76,31,11,34,45,0.5921052631578947,0.14473684210526316,0.4473684210526316,Sampling_Gaps,8,0.23529411764705882,2.494173330793499,8,0,7,8,0,1,0,2,0,0,0,8,0,0,0,0,0
3659,76,9,41,26,67,0.881578947368421,0.5394736842105263,0.34210526315789475,Sampling_Gaps,4,0.15384615384615385,2.4753185369264403,3,2,3,3,0,1,0,0,0,0,3,4,3,0,0,3,1
3660,76,24,35,17,52,0.6842105263157895,0.4605263157894737,0.2236842105263158,Phase_Change,6,0.35294117647058826,2.0396555645373753,0,1,1,0,4,0,0,0,0,0,6,3,0,0,0,0,2
3661,76,18,38,20,58,0.7631578947368421,0.5,0.2631578947368421,Speed,5,0.25,2.1155103494660623,0,0,0,0,5,0,1,0,0,5,0,1,0,0,3,5,0
3662,76,10,53,13,66,0.868421052631579,0.6973684210526315,0.17105263157894737,Extent,5,0.38461538461538464,1.5320234935072696,0,0,0,0,5,0,1,0,0,4,2,0,0,0,1,0,0
3663,76,16,32,28,60,0.7894736842105263,0.42105263157894735,0.3684210526315789,Speed,6,0.21428571428571427,2.5468194540337925,0,0,3,0,6,0,2,1,0,6,0,0,2,0,2,6,0
3664,76,22,38,16,54,0.7105263157894737,0.5,0.21052631578947367,Path_Evolution,5,0.3125,1.959858183213624,0,0,0,3,0,0,4,0,0,5,2,0,0,0,2,0,0
3665,76,29,34,13,47,0.618421052631579,0.4473684210526316,0.17105263157894737,Path_Evolution,3,0.23076923076923078,1.9042453033422493,3,0,3,0,0,0,1,0,0,3,0,0,0,1,0,0,2
3666,76,24,36,16,52,0.6842105263157895,0.47368421052631576,0.21052631578947367,Speed,3,0.1875,2.07455974926089,0,0,1,0,0,1,3,0,3,0,0,0,3,0,2,3,0
3667,76,29,31,16,47,0.618421052631579,0.40789473684210525,0.21052631578947367,Path_Evolution,8,0.5,1.8997494281713128,0,0,0,0,0,0,0,0,0,8,4,0,0,0,2,0,2
3668,76,61,10,5,15,0.19736842105263158,0.13157894736842105,0.06578947368421052,Temporal,3,0.6,0.9617545392018334,0,2,0,0,0,0,0,0,0,0,0,0,0,0,0,0,3
3669,76,46,22,8,30,0.39473684210526316,0.2894736842105263,0.10526315789473684,Localization,5,0.625,1.4347566441925335,0,0,0,0,1,0,0,0,5,0,2,0,0,0,0,0,0
3670,76,61,6,9,15,0.19736842105263158,0.07894736842105263,0.11842105263157894,Sequence_Complexity,7,0.7777777777777778,0.9987664996269245,0,0,0,0,0,0,0,0,0,0,0,0,7,0,0,0,2
3671,76,61,12,3,15,0.19736842105263158,0.15789473684210525,0.039473684210526314,Temporal,2,0.6666666666666666,0.8953679397595073,0,0,0,0,0,0,0,0,1,0,0,0,0,0,0,0,2
3672,76,39,22,15,37,0.4868421052631579,0.2894736842105263,0.19736842105263158,Sequence_Complexity,6,0.4,1.8103257745711894,0,0,0,0,0,0,0,0,6,0,1,0,6,0,2,0,0
3673,76,46,22,8,30,0.39473684210526316,0.2894736842105263,0.10526315789473684,Phase_Change,4,0.5,1.4559361241193338,0,2,0,0,0,0,0,0,2,0,4,0,0,0,0,0,0
3674,76,31,36,9,45,0.5921052631578947,0.47368421052631576,0.11842105263157894,Displacement,6,0.6666666666666666,1.5478332939930157,0,0,6,0,0,0,0,0,0,0,0,0,0,2,1,0,0
3675,76,31,40,5,45,0.5921052631578947,0.5263157894736842,0.06578947368421052,Localization,2,0.4,1.3998063368976954,0,0,1,0,1,0,1,0,2,0,0,0,0,0,0,0,0
3676,76,25,39,12,51,0.6710526315789473,0.5131578947368421,0.15789473684210525,Phase_Change,5,0.4166666666666667,1.7664588390146894,1,0,0,0,0,0,0,0,1,3,5,0,2,0,0,0,0
3677,76,46,14,16,30,0.39473684210526316,0.18421052631578946,0.21052631578947367,Extent,10,0.625,1.6346893577027606,4,0,0,0,10,0,0,0,0,0,0,0,0,2,0,0,0
3678,76,58,12,6,18,0.23684210526315788,0.15789473684210525,0.07894736842105263,SpatioTemporal_Dynamics,3,0.5,1.0861877406754277,3,0,0,0,0,0,0,0,0,0,0,0,0,0,3,0,0
3679,76,46,29,1,30,0.39473684210526316,0.3815789473684211,0.013157894736842105,Displacement,1,1.0,1.0510156866367146,0,0,1,0,0,0,0,0,0,0,0,0,0,0,0,0,0
3680,76,11,43,22,65,0.8552631578947368,0.5657894736842105,0.2894736842105263,Path_Evolution,5,0.22727272727272727,2.2663168133636633,2,0,5,0,0,0,1,1,1,5,2,0,0,2,0,2,1
3681,76,22,38,16,54,0.7105263157894737,0.5,0.21052631578947367,Speed,4,0.25,2.043601972379417,2,2,4,0,0,0,0,1,0,1,0,0,0,2,0,4,0
3682,76,7,58,11,69,0.9078947368421053,0.7631578947368421,0.14473684210526316,Displacement,4,0.36363636363636365,1.387211958551448,1,0,4,0,0,0,0,1,0,1,0,0,1,1,0,2,0
3683,76,46,12,18,30,0.39473684210526316,0.15789473684210525,0.23684210526315788,Acceleration,9,0.5,1.7592104081201085,9,0,6,0,0,0,0,1,0,0,0,0,0,1,1,0,0
3684,76,15,57,4,61,0.8026315789473685,0.75,0.05263157894736842,Spatial_Context,1,0.25,1.1021631747394005,1,0,0,0,0,0,0,1,0,1,0,0,0,1,0,0,0
3685,76,22,45,9,54,0.7105263157894737,0.5921052631578947,0.11842105263157894,Displacement,3,0.3333333333333333,1.6164041917722778,2,0,3,0,0,0,0,1,0,0,0,0,0,1,0,1,1
3686,76,15,39,22,61,0.8026315789473685,0.5131578947368421,0.2894736842105263,Indentation,5,0.22727272727272727,2.353804797408993,2,0,5,0,0,1,5,1,2,0,2,0,0,1,0,2,1
3687,76,10,52,14,66,0.868421052631579,0.6842105263157895,0.18421052631578946,Sequence_Complexity,5,0.35714285714285715,1.6261934770403323,1,0,4,0,0,0,0,0,0,2,0,0,5,1,0,0,1
3688,76,10,59,7,66,0.868421052631579,0.7763157894736842,0.09210526315789473,Displacement,2,0.2857142857142857,1.2177272389538187,1,0,2,0,1,0,1,0,1,0,1,0,0,0,0,0,0
3689,76,6,51,19,70,0.9210526315789473,0.6710526315789473,0.25,Sampling_Gaps,4,0.21052631578947367,1.9478818891689376,1,2,4,0,0,0,0,0,2,0,2,4,0,1,1,1,1
3690,76,28,34,14,48,0.631578947368421,0.4473684210526316,0.18421052631578946,Acceleration,7,0.5,1.889622791410326,7,2,2,0,0,0,0,1,0,0,0,0,0,1,0,1,0
3691,76,15,52,9,61,0.8026315789473685,0.6842105263157895,0.11842105263157894,Displacement,6,0.6666666666666666,1.3461380492094865,0,0,6,0,0,0,0,0,0,0,0,0,2,1,0,0,0
3692,76,18,41,17,58,0.7631578947368421,0.5394736842105263,0.2236842105263158,Displacement,6,0.35294117647058826,1.9519706749420014,0,0,6,0,0,0,0,2,0,3,0,0,0,3,0,3,0
3693,76,15,43,18,61,0.8026315789473685,0.5657894736842105,0.23684210526315788,Displacement,6,0.3333333333333333,1.9346769033482538,2,0,6,0,0,0,5,0,0,0,3,0,0,0,0,2,0
3694,76,21,36,19,55,0.7236842105263158,0.47368421052631576,0.25,Indentation,6,0.3157894736842105,2.0620011523765522,2,0,6,0,0,0,6,0,0,3,0,0,2,0,0,0,0
3695,76,1,68,7,75,0.9868421052631579,0.8947368421052632,0.09210526315789473,Sampling_Gaps,2,0.2857142857142857,0.7486186554827555,0,2,1,0,0,0,1,0,0,0,0,2,0,0,0,1,0
3696,76,10,56,10,66,0.868421052631579,0.7368421052631579,0.13157894736842105,Displacement,4,0.4,1.4264649268106975,1,0,4,0,1,0,0,1,1,0,0,0,0,1,1,0,0
3697,76,15,53,8,61,0.8026315789473685,0.6973684210526315,0.10526315789473684,Acceleration,3,0.375,1.3934797433364696,3,1,2,0,0,0,0,1,0,0,1,0,0,0,0,0,0
3698,76,10,43,23,66,0.868421052631579,0.5657894736842105,0.3026315789473684,Path_Evolution,5,0.21739130434782608,2.277296640418092,5,2,4,0,0,0,0,1,0,5,2,0,1,1,1,0,1
3699,76,29,22,25,47,0.618421052631579,0.2894736842105263,0.32894736842105265,Displacement,7,0.28,2.3050330538149377,6,0,7,0,0,0,0,0,0,0,0,0,4,2,0,6,0
3700,76,42,18,16,34,0.4473684210526316,0.23684210526315788,0.21052631578947367,Sequence_Complexity,7,0.4375,1.82763338529574,0,0,4,0,0,0,0,0,0,0,3,0,7,2,0,0,0
3701,76,29,43,4,47,0.618421052631579,0.5657894736842105,0.05263157894736842,Curvature,3,0.75,1.2615364501139372,0,3,0,0,1,0,0,0,0,0,0,0,0,0,0,0,0
3702,76,34,38,4,42,0.5526315789473685,0.5,0.05263157894736842,Indentation,3,0.75,1.2854292290287006,0,0,0,0,0,1,3,0,0,0,0,0,0,0,0,0,0
3703,76,22,37,17,54,0.7105263157894737,0.4868421052631579,0.2236842105263158,Path_Evolution,3,0.17647058823529413,2.1279020839069793,2,0,3,0,3,0,0,0,0,3,0,0,2,2,2,0,0
3704,76,16,46,14,60,0.7894736842105263,0.6052631578947368,0.18421052631578946,Extent,5,0.35714285714285715,1.784726652162186,3,0,0,0,5,0,0,1,3,0,0,0,0,1,1,0,0
3705,76,29,32,15,47,0.618421052631579,0.42105263157894735,0.19736842105263158,Displacement,8,0.5333333333333333,1.8415926600396433,4,0,8,0,1,0,0,0,0,0,0,0,0,2,0,0,0
3706,76,13,38,25,63,0.8289473684210527,0.5,0.32894736842105265,Sampling_Gaps,5,0.2,2.369687476659848,1,0,4,5,4,0,4,0,1,0,0,5,0,1,0,0,0
3707,76,15,40,21,61,0.8026315789473685,0.5263157894736842,0.27631578947368424,Speed,4,0.19047619047619047,2.307394845948556,2,0,4,0,1,0,0,1,4,0,0,0,2,1,1,4,1
3708,76,29,37,10,47,0.618421052631579,0.4868421052631579,0.13157894736842105,Displacement,3,0.3,1.7065985872423002,2,3,3,0,1,0,0,0,0,0,0,0,0,1,0,0,0
3709,76,31,40,5,45,0.5921052631578947,0.5263157894736842,0.06578947368421052,Spatial_Context,2,0.4,1.3998063368976956,1,0,1,0,1,0,0,0,0,0,0,0,0,2,0,0,0
3710,76,22,48,6,54,0.7105263157894737,0.631578947368421,0.07894736842105263,Indentation,3,0.5,1.3045660575361782,0,0,3,0,0,0,3,0,0,0,0,0,0,0,0,0,0
3711,76,15,48,13,61,0.8026315789473685,0.631578947368421,0.17105263157894737,Path_Evolution,4,0.3076923076923077,1.7190941716926615,0,0,0,0,0,1,3,0,0,4,3,0,0,0,1,0,1
3712,76,29,22,25,47,0.618421052631579,0.2894736842105263,0.32894736842105265,Localization,7,0.28,2.3740476919443663,0,0,6,0,0,0,0,0,7,0,3,0,6,1,1,0,1
3713,76,10,58,8,66,0.868421052631579,0.7631578947368421,0.10526315789473684,Acceleration,2,0.25,1.3139514783610482,2,0,1,0,0,0,1,1,1,0,0,0,1,0,0,0,1
3714,76,42,25,9,34,0.4473684210526316,0.32894736842105265,0.11842105263157894,Indentation,8,0.8888888888888888,1.4245888752715319,0,0,0,0,0,1,8,0,0,0,0,0,0,0,0,0,0
3715,76,24,44,8,52,0.6842105263157895,0.5789473684210527,0.10526315789473684,Displacement,4,0.5,1.4714935826605289,0,0,4,0,0,0,0,0,0,0,1,0,0,3,0,0,0
3716,76,15,58,3,61,0.8026315789473685,0.7631578947368421,0.039473684210526314,Extent,2,0.6666666666666666,0.9799504522392833,0,0,0,0,2,0,0,0,0,0,0,0,0,0,0,0,1
3717,76,16,58,2,60,0.7894736842105263,0.7631578947368421,0.02631578947368421,SpatioTemporal_Dynamics,1,0.5,0.9352578066357016,0,0,0,0,0,0,0,1,0,0,0,0,0,0,1,0,0
3718,76,42,17,17,34,0.4473684210526316,0.2236842105263158,0.2236842105263158,Speed,9,0.5294117647058824,1.810448400639533,0,0,3,0,0,0,0,4,0,0,0,0,1,0,0,9,0
3719,76,10,51,15,66,0.868421052631579,0.6710526315789473,0.19736842105263158,Localization,5,0.3333333333333333,1.6638844033074391,0,3,0,0,3,0,1,0,5,0,0,0,0,0,0,3,0
3720,76,42,19,15,34,0.4473684210526316,0.25,0.19736842105263158,Sequence_Complexity,5,0.3333333333333333,1.8228305398791143,0,0,0,0,0,0,0,0,3,4,0,0,5,0,3,0,0
3721,76,39,26,11,37,0.4868421052631579,0.34210526315789475,0.14473684210526316,Temporal,3,0.2727272727272727,1.7498762738169669,0,0,0,0,0,0,0,0,0,2,1,0,2,0,3,0,3
3722,76,55,19,2,21,0.27631578947368424,0.25,0.02631578947368421,Speed,1,0.5,1.0020668950319487,0,1,0,0,0,0,0,0,0,0,0,0,0,0,0,1,0
3723,76,21,42,13,55,0.7236842105263158,0.5526315789473685,0.17105263157894737,Sampling_Gaps,5,0.38461538461538464,1.7699585909501814,0,1,0,4,0,1,0,0,0,0,0,5,2,0,0,0,0
3724,76,20,55,1,56,0.7368421052631579,0.7236842105263158,0.013157894736842105,Localization,1,1.0,0.926699274738276,0,0,0,0,0,0,0,0,1,0,0,0,0,0,0,0,0
3725,76,22,49,5,54,0.7105263157894737,0.6447368421052632,0.06578947368421052,Phase_Change,4,0.8,1.2317659611848257,0,0,0,0,0,0,1,0,0,0,4,0,0,0,0,0,0
3726,76,31,26,19,45,0.5921052631578947,0.34210526315789475,0.25,Localization,8,0.42105263157894735,2.0366619765994813,1,0,0,0,0,0,0,0,8,6,1,0,0,0,3,0,0
3727,76,31,34,11,45,0.5921052631578947,0.4473684210526316,0.14473684210526316,Phase_Change,5,0.45454545454545453,1.7095281686922044,0,0,0,0,0,0,0,0,0,1,5,0,0,0,3,0,2
3728,76,55,17,4,21,0.27631578947368424,0.2236842105263158,0.05263157894736842,Extent,2,0.5,1.0971162957447427,0,2,0,0,2,0,0,0,0,0,0,0,0,0,0,0,0
3729,76,72,4,0,4,0.05263157894736842,0.05263157894736842,0.0,,0,0.0,0.2974722489192896,0,0,0,0,0,0,0,0,0,0,0,0,0,0,0,0,0
3730,76,39,18,19,37,0.4868421052631579,0.23684210526315788,0.25,Path_Evolution,8,0.42105263157894735,2.001886571786793,0,0,0,0,0,0,0,1,4,8,0,0,3,0,3,0,0
3731,76,4,71,1,72,0.9473684210526315,0.9342105263157895,0.013157894736842105,Spatial_Context,1,1.0,0.3975058623273693,0,0,0,0,0,0,0,0,0,0,0,0,0,1,0,0,0
3732,76,51,18,7,25,0.32894736842105265,0.23684210526315788,0.09210526315789473,Sequence_Complexity,3,0.42857142857142855,1.3286891256694429,0,0,0,0,3,0,0,0,0,0,0,0,3,0,0,0,1
3733,76,7,36,33,69,0.9078947368421053,0.47368421052631576,0.4342105263157895,Speed,4,0.12121212121212122,2.8199844607002964,0,4,4,0,2,2,2,0,3,4,4,0,0,2,2,4,0
3734,76,34,26,16,42,0.5526315789473685,0.34210526315789475,0.21052631578947367,Sampling_Gaps,6,0.375,1.954446135115379,0,2,0,0,0,0,0,0,5,0,0,6,2,1,0,0,0
3735,76,29,36,11,47,0.618421052631579,0.47368421052631576,0.14473684210526316,Phase_Change,2,0.18181818181818182,1.840049238303811,0,0,2,0,0,0,2,1,0,2,2,0,0,1,0,0,1
3736,76,21,38,17,55,0.7236842105263158,0.5,0.2236842105263158,Indentation,7,0.4117647058823529,1.8462080819634923,5,0,0,0,0,0,7,0,0,0,0,0,5,0,0,0,0
3737,76,21,40,15,55,0.7236842105263158,0.5263157894736842,0.19736842105263158,Displacement,4,0.26666666666666666,2.0127870242855335,2,0,4,0,0,0,0,1,2,3,0,0,0,1,1,0,1
3738,76,31,32,13,45,0.5921052631578947,0.42105263157894735,0.17105263157894737,Displacement,8,0.6153846153846154,1.7172041828625777,0,0,8,0,2,0,0,0,0,0,0,0,0,3,0,0,0
3739,76,13,40,23,63,0.8289473684210527,0.5263157894736842,0.3026315789473684,Extent,5,0.21739130434782608,2.3582955316749095,3,0,2,0,5,0,2,1,0,0,0,3,3,0,0,3,1
3740,76,27,36,13,49,0.6447368421052632,0.47368421052631576,0.17105263157894737,Sequence_Complexity,7,0.5384615384615384,1.7886428480895906,3,0,0,0,0,0,0,1,0,0,1,0,7,0,0,1,0
3741,76,42,21,13,34,0.4473684210526316,0.27631578947368424,0.17105263157894737,Sequence_Complexity,4,0.3076923076923077,1.738506491929613,0,0,4,0,0,0,0,0,0,4,0,0,4,1,0,0,0
3742,76,4,66,6,72,0.9473684210526315,0.868421052631579,0.07894736842105263,Duration,3,0.5,0.8047051531827776,0,0,0,3,0,0,0,0,0,0,0,0,2,1,0,0,0
3743,76,37,24,15,39,0.5131578947368421,0.3157894736842105,0.19736842105263158,Curvature,6,0.4,1.9282084404185087,4,6,0,0,0,0,0,1,0,0,2,0,0,0,1,0,1
3744,76,24,40,12,52,0.6842105263157895,0.5263157894736842,0.15789473684210525,Indentation,5,0.4166666666666667,1.714692457032545,0,0,1,0,0,0,5,0,0,0,0,0,4,0,2,0,0
3745,76,46,28,2,30,0.39473684210526316,0.3684210526315789,0.02631578947368421,Displacement,2,1.0,1.1072724108615393,0,0,2,0,0,0,0,0,0,0,0,0,0,0,0,0,0
3746,76,22,40,14,54,0.7105263157894737,0.5263157894736842,0.18421052631578946,Speed,3,0.21428571428571427,1.9057673895729421,0,0,1,0,3,0,0,0,3,0,3,0,0,0,0,3,1
3747,76,16,44,16,60,0.7894736842105263,0.5789473684210527,0.21052631578947367,Extent,6,0.375,1.9521425959892238,1,0,0,0,6,0,0,0,0,3,2,0,0,1,1,1,1
3748,76,36,30,10,40,0.5263157894736842,0.39473684210526316,0.13157894736842105,Indentation,8,0.8,1.5462956987043905,0,0,1,0,0,1,8,0,0,0,0,0,0,0,0,0,0
3749,76,16,32,28,60,0.7894736842105263,0.42105263157894735,0.3684210526315789,Speed,6,0.21428571428571427,2.5830679737991016,0,2,0,6,0,1,6,2,2,2,0,0,0,0,1,6,0
3750,76,13,43,20,63,0.8289473684210527,0.5657894736842105,0.2631578947368421,Sampling_Gaps,4,0.2,2.1992464174631277,0,0,1,3,3,0,0,0,3,1,0,4,0,2,1,2,0
3751,76,3,61,12,73,0.9605263157894737,0.8026315789473685,0.15789473684210525,Sampling_Gaps,2,0.16666666666666666,1.3199029727396439,0,0,0,2,1,0,1,0,2,1,2,2,0,0,0,0,1
3752,76,13,39,24,63,0.8289473684210527,0.5131578947368421,0.3157894736842105,Phase_Change,5,0.20833333333333334,2.3141714762769743,0,0,3,0,0,0,0,0,5,2,5,0,3,0,0,4,2
3753,76,18,35,23,58,0.7631578947368421,0.4605263157894737,0.3026315789473684,Localization,6,0.2608695652173913,2.299670946675171,0,0,0,5,0,0,0,3,6,1,0,5,0,0,2,1,0
3754,76,7,53,16,69,0.9078947368421053,0.6973684210526315,0.21052631578947367,Speed,3,0.1875,1.728244210118017,0,3,0,0,0,0,0,2,1,0,2,0,3,0,0,3,2
3755,76,18,32,26,58,0.7631578947368421,0.42105263157894735,0.34210526315789475,Sampling_Gaps,6,0.23076923076923078,2.3874361127383357,4,0,0,5,0,0,0,1,5,0,5,6,0,0,0,0,0
3756,76,24,32,20,52,0.6842105263157895,0.42105263157894735,0.2631578947368421,Spatial_Context,3,0.15,2.293079815676631,0,3,3,0,3,2,3,0,3,0,0,0,0,3,0,0,0
3757,76,39,16,21,37,0.4868421052631579,0.21052631578947367,0.27631578947368424,Localization,8,0.38095238095238093,1.973117328735807,0,0,0,0,0,2,8,0,8,0,0,0,3,0,0,0,0
3758,76,39,22,15,37,0.4868421052631579,0.2894736842105263,0.19736842105263158,Displacement,9,0.6,1.7805275836963157,0,0,9,0,0,0,3,0,0,0,0,0,2,1,0,0,0
3759,76,42,30,4,34,0.4473684210526316,0.39473684210526316,0.05263157894736842,Phase_Change,2,0.5,1.2784005446940658,0,0,2,0,0,0,0,0,0,0,2,0,0,0,0,0,0
3760,76,22,41,13,54,0.7105263157894737,0.5394736842105263,0.17105263157894737,Sequence_Complexity,2,0.15384615384615385,1.9352021476625065,0,2,0,0,2,1,0,0,2,2,0,0,2,0,1,0,1
3761,76,13,48,15,63,0.8289473684210527,0.631578947368421,0.19736842105263158,Phase_Change,4,0.26666666666666666,1.877086508569247,0,0,0,2,2,0,1,2,0,0,4,2,1,0,1,0,0
3762,76,39,21,16,37,0.4868421052631579,0.27631578947368424,0.21052631578947367,Acceleration,6,0.375,1.9074126789921566,6,0,0,0,4,1,4,1,0,0,0,0,0,0,0,0,0
3763,76,31,23,22,45,0.5921052631578947,0.3026315789473684,0.2894736842105263,Sequence_Complexity,8,0.36363636363636365,2.1522236310000635,0,4,0,0,1,2,7,0,0,0,0,0,8,0,0,0,0
3764,76,42,18,16,34,0.4473684210526316,0.23684210526315788,0.21052631578947367,Indentation,9,0.5625,1.7897670621565613,0,0,0,0,0,3,9,0,0,2,0,0,0,0,0,2,0
3765,76,51,22,3,25,0.32894736842105265,0.2894736842105263,0.039473684210526314,Acceleration,3,1.0,1.0879791509076608,3,0,0,0,0,0,0,0,0,0,0,0,0,0,0,0,0
3766,76,39,30,7,37,0.4868421052631579,0.39473684210526316,0.09210526315789473,Temporal,3,0.42857142857142855,1.4736225212302938,0,0,0,0,0,0,0,0,0,0,3,0,0,0,0,1,3
3767,76,29,39,8,47,0.618421052631579,0.5131578947368421,0.10526315789473684,Sequence_Complexity,2,0.25,1.6030309950971737,0,0,0,0,0,0,2,0,0,0,2,0,2,0,1,0,1
3768,76,28,32,16,48,0.631578947368421,0.42105263157894735,0.21052631578947367,Indentation,4,0.25,2.114826028944377,0,0,0,0,3,1,4,1,2,0,0,0,3,0,1,0,1
3769,76,39,22,15,37,0.4868421052631579,0.2894736842105263,0.19736842105263158,Localization,5,0.3333333333333333,1.8767123740135154,0,0,0,0,1,3,5,0,5,0,0,0,0,0,0,0,1
3770,76,46,29,1,30,0.39473684210526316,0.3815789473684211,0.013157894736842105,Sequence_Complexity,1,1.0,1.0510156866367146,0,0,0,0,0,0,0,0,0,0,0,0,1,0,0,0,0
3771,76,42,21,13,34,0.4473684210526316,0.27631578947368424,0.17105263157894737,Path_Evolution,6,0.46153846153846156,1.7250913602367992,3,1,0,0,0,0,0,0,0,6,0,0,0,0,3,0,0
3772,76,34,20,22,42,0.5526315789473685,0.2631578947368421,0.2894736842105263,Speed,7,0.3181818181818182,2.1864350999028113,0,5,0,0,4,0,0,2,4,0,0,0,0,0,0,7,0
3773,76,34,24,18,42,0.5526315789473685,0.3157894736842105,0.23684210526315788,Speed,6,0.3333333333333333,2.0270423275141565,0,3,0,0,0,0,2,1,0,0,0,0,6,0,0,6,0
3774,76,16,33,27,60,0.7894736842105263,0.4342105263157895,0.35526315789473684,Sampling_Gaps,5,0.18518518518518517,2.557938376734821,0,0,2,5,0,0,2,0,0,4,4,5,0,0,3,2,0
3775,76,16,42,18,60,0.7894736842105263,0.5526315789473685,0.23684210526315788,Localization,5,0.2777777777777778,2.009941036717996,0,0,0,2,0,0,0,0,5,0,4,2,0,0,0,1,4
3776,76,46,25,5,30,0.39473684210526316,0.32894736842105265,0.06578947368421052,Speed,3,0.6,1.3145703789020828,0,0,0,0,0,0,0,0,1,0,1,0,0,0,0,3,0
3777,76,31,22,23,45,0.5921052631578947,0.2894736842105263,0.3026315789473684,Localization,8,0.34782608695652173,2.2571745962534475,0,0,0,0,0,1,5,1,8,0,4,0,0,0,0,4,0
3778,76,1,52,23,75,0.9868421052631579,0.6842105263157895,0.3026315789473684,Speed,2,0.08695652173913043,2.084468758925996,2,2,2,2,2,1,2,1,2,2,2,0,0,0,0,2,1
3779,76,13,42,21,63,0.8289473684210527,0.5526315789473685,0.27631578947368424,Curvature,4,0.19047619047619047,2.2268406963225855,0,4,0,0,0,3,3,0,2,3,2,0,1,0,0,0,3
3780,76,31,28,17,45,0.5921052631578947,0.3684210526315789,0.2236842105263158,Duration,6,0.35294117647058826,1.9464133109066564,0,0,0,6,0,0,1,0,5,0,0,5,0,0,0,0,0
3781,76,16,41,19,60,0.7894736842105263,0.5394736842105263,0.25,Speed,6,0.3157894736842105,2.0698494190979453,3,0,0,0,1,0,0,0,2,5,1,0,0,0,1,6,0
3782,76,13,45,18,63,0.8289473684210527,0.5921052631578947,0.23684210526315788,Duration,4,0.2222222222222222,2.080179083509421,3,0,1,4,1,0,0,1,0,0,3,0,1,0,0,2,2
3783,76,10,56,10,66,0.868421052631579,0.7368421052631579,0.13157894736842105,Indentation,2,0.2,1.5054122952317501,1,0,1,0,0,1,2,1,0,0,0,0,1,1,0,1,1
3784,76,16,45,15,60,0.7894736842105263,0.5921052631578947,0.19736842105263158,Speed,3,0.2,1.9038098905029377,1,0,3,0,0,0,0,1,3,0,3,0,1,0,0,3,0
3785,76,22,42,12,54,0.7105263157894737,0.5526315789473685,0.15789473684210525,Path_Evolution,6,0.5,1.7466827454033826,1,0,1,0,0,0,0,0,0,6,0,0,0,1,0,2,1
3786,76,15,43,18,61,0.8026315789473685,0.5657894736842105,0.23684210526315788,Indentation,6,0.3333333333333333,1.987308482295622,0,0,5,0,0,1,6,1,0,0,0,0,0,1,0,3,1
3787,76,21,31,24,55,0.7236842105263158,0.40789473684210525,0.3157894736842105,Displacement,7,0.2916666666666667,2.455491678484194,4,0,7,0,0,1,4,1,0,3,2,0,0,1,0,0,1
3788,76,28,27,21,48,0.631578947368421,0.35526315789473684,0.27631578947368424,Localization,7,0.3333333333333333,2.1651529175905195,0,0,0,0,0,1,7,0,7,0,0,0,4,1,1,0,0
3789,76,21,40,15,55,0.7236842105263158,0.5263157894736842,0.19736842105263158,Extent,4,0.26666666666666666,2.0127870242855335,0,0,3,0,4,0,0,1,0,0,2,0,2,1,1,0,1
3790,76,24,40,12,52,0.6842105263157895,0.5263157894736842,0.15789473684210525,Phase_Change,4,0.3333333333333333,1.8411350948540819,1,0,2,0,0,0,0,0,2,0,4,0,1,1,0,0,1
3791,76,22,40,14,54,0.7105263157894737,0.5263157894736842,0.18421052631578946,Sequence_Complexity,3,0.21428571428571427,1.8794516000992578,3,0,3,0,0,0,3,0,0,0,2,0,3,0,0,0,0
3792,76,34,38,4,42,0.5526315789473685,0.5,0.05263157894736842,Indentation,3,0.75,1.2854292290287006,0,0,0,0,0,0,3,0,1,0,0,0,0,0,0,0,0
3793,76,29,41,6,47,0.618421052631579,0.5394736842105263,0.07894736842105263,SpatioTemporal_Dynamics,1,0.16666666666666666,1.503965920706203,1,0,1,0,1,0,0,1,0,1,0,0,0,0,1,0,0
3794,76,16,46,14,60,0.7894736842105263,0.6052631578947368,0.18421052631578946,Sequence_Complexity,3,0.21428571428571427,1.8585377110363546,0,0,3,0,1,0,0,0,0,1,0,0,3,2,0,2,2
3795,76,10,54,12,66,0.868421052631579,0.7105263157894737,0.15789473684210525,Extent,4,0.3333333333333333,1.5639379599475205,1,1,2,0,4,0,2,0,0,0,0,0,1,0,0,1,0
3796,76,48,15,13,28,0.3684210526315789,0.19736842105263158,0.17105263157894737,Indentation,6,0.46153846153846156,1.5926515338711245,0,0,0,0,0,1,6,1,0,0,0,0,0,0,0,5,0
3797,76,48,14,14,28,0.3684210526315789,0.18421052631578946,0.18421052631578946,Speed,9,0.6428571428571429,1.554961967936135,0,0,0,0,2,0,0,3,0,0,0,0,0,0,0,9,0
3798,76,3,73,0,73,0.9605263157894737,0.9605263157894737,0.0,,0,0.0,0.23987382528036544,0,0,0,0,0,0,0,0,0,0,0,0,0,0,0,0,0
3799,76,24,43,9,52,0.6842105263157895,0.5657894736842105,0.11842105263157894,Displacement,3,0.3333333333333333,1.6147252506585668,0,2,3,0,0,0,2,0,0,0,1,0,0,1,0,0,0
3800,76,27,28,21,49,0.6447368421052632,0.3684210526315789,0.27631578947368424,Indentation,6,0.2857142857142857,2.257762212357836,0,0,0,0,3,4,6,0,0,0,2,0,4,0,0,2,0
3801,76,24,22,30,52,0.6842105263157895,0.2894736842105263,0.39473684210526316,Displacement,7,0.23333333333333334,2.623591137968128,4,7,7,0,0,2,0,0,0,0,0,0,4,2,0,4,0
3802,76,3,58,15,73,0.9605263157894737,0.7631578947368421,0.19736842105263158,Extent,3,0.2,1.5370385631292485,2,1,0,3,3,0,0,0,1,1,0,2,0,1,0,1,0
3803,76,7,46,23,69,0.9078947368421053,0.6052631578947368,0.3026315789473684,Duration,4,0.17391304347826086,2.2216117642394244,3,3,4,4,0,0,0,1,0,0,1,3,1,2,0,1,0
3804,76,3,55,18,73,0.9605263157894737,0.7236842105263158,0.23684210526315788,Sequence_Complexity,3,0.16666666666666666,1.6623471284852027,0,3,3,3,0,0,3,0,0,0,0,2,3,0,0,1,0
3805,76,18,45,13,58,0.7631578947368421,0.5921052631578947,0.17105263157894737,Displacement,4,0.3076923076923077,1.7781667981130076,1,3,4,0,0,0,3,0,0,0,1,0,0,0,0,1,0
3806,76,1,55,20,75,0.9868421052631579,0.7236842105263158,0.2631578947368421,Speed,2,0.1,1.8008908786560025,2,2,2,2,0,0,2,0,0,2,2,2,2,0,0,2,0
3807,76,22,44,10,54,0.7105263157894737,0.5789473684210527,0.13157894736842105,Curvature,7,0.7,1.5377436807532583,0,7,0,0,0,0,0,0,0,0,0,1,1,0,0,1,0
3808,76,6,41,29,70,0.9210526315789473,0.5394736842105263,0.3815789473684211,Speed,4,0.13793103448275862,2.41675110300058,1,0,4,4,0,0,0,0,0,4,4,4,4,0,0,4,0
3809,76,16,39,21,60,0.7894736842105263,0.5131578947368421,0.27631578947368424,Displacement,6,0.2857142857142857,2.196544302306151,3,4,6,0,0,1,0,1,0,0,0,0,3,0,0,3,0
3810,76,21,25,30,55,0.7236842105263158,0.32894736842105265,0.39473684210526316,Speed,7,0.23333333333333334,2.6256969346813257,0,7,7,0,0,1,0,1,0,4,0,0,1,1,1,7,0
3811,76,15,35,26,61,0.8026315789473685,0.4605263157894737,0.34210526315789475,Phase_Change,6,0.23076923076923078,2.2720411378579364,6,2,6,0,0,0,0,0,0,6,6,0,0,0,0,0,0
3812,76,18,31,27,58,0.7631578947368421,0.40789473684210525,0.35526315789473684,Speed,6,0.2222222222222222,2.4857834586659666,2,6,6,0,0,0,0,3,0,0,2,0,2,0,0,6,0
3813,76,15,33,28,61,0.8026315789473685,0.4342105263157895,0.3684210526315789,Phase_Change,5,0.17857142857142858,2.612903641432172,5,1,5,0,0,1,0,1,0,5,5,0,0,0,1,3,1
3814,76,6,54,16,70,0.9210526315789473,0.7105263157894737,0.21052631578947367,Duration,4,0.25,1.7244607354767278,0,1,3,4,1,1,0,0,0,0,1,3,1,1,0,0,0
3815,76,10,48,18,66,0.868421052631579,0.631578947368421,0.23684210526315788,Phase_Change,5,0.2777777777777778,1.8528415011187214,1,3,1,0,5,0,0,0,0,3,5,0,0,0,0,0,0
3816,76,1,65,10,75,0.9868421052631579,0.8552631578947368,0.13157894736842105,Sampling_Gaps,2,0.2,1.044586620721881,0,2,1,1,1,0,0,0,1,1,0,2,0,0,1,0,0
3817,76,3,47,26,73,0.9605263157894737,0.618421052631579,0.34210526315789475,Speed,3,0.11538461538461539,2.2234582562288465,2,3,3,3,0,0,3,0,0,3,3,0,3,0,0,3,0
3818,76,7,45,24,69,0.9078947368421053,0.5921052631578947,0.3157894736842105,Phase_Change,4,0.16666666666666666,2.201351706977769,0,4,4,0,0,2,0,0,1,4,4,0,0,2,0,3,0
3819,76,39,34,3,37,0.4868421052631579,0.4473684210526316,0.039473684210526314,Kinematic,2,0.6666666666666666,1.2333956300470166,0,0,0,0,0,0,0,2,0,0,0,0,0,0,0,0,1
3820,76,15,32,29,61,0.8026315789473685,0.42105263157894735,0.3815789473684211,Path_Evolution,6,0.20689655172413793,2.601444829928999,6,0,6,0,2,0,0,1,4,6,2,0,0,1,1,0,0
3821,76,27,39,10,49,0.6447368421052632,0.5131578947368421,0.13157894736842105,Curvature,5,0.5,1.5884237033320308,0,5,0,0,0,4,0,0,0,0,1,0,0,0,0,0,0
3822,76,11,50,15,65,0.8552631578947368,0.6578947368421053,0.19736842105263158,Sequence_Complexity,5,0.3333333333333333,1.6760085891985839,0,0,0,0,0,2,2,1,0,5,0,0,5,0,0,0,0
3823,76,13,51,12,63,0.8289473684210527,0.6710526315789473,0.15789473684210525,Speed,2,0.16666666666666666,1.6768826611227896,2,0,0,2,0,0,0,1,0,2,0,2,0,0,1,2,0
3824,76,1,65,10,75,0.9868421052631579,0.8552631578947368,0.13157894736842105,Path_Evolution,2,0.2,1.0709024101955653,1,0,1,1,1,0,1,0,1,2,0,1,0,0,0,1,0
3825,76,3,51,22,73,0.9605263157894737,0.6710526315789473,0.2894736842105263,Sequence_Complexity,3,0.13636363636363635,2.0134141258971763,3,0,0,2,0,0,0,1,3,3,0,3,3,1,1,2,0
3826,76,1,62,13,75,0.9868421052631579,0.8157894736842105,0.17105263157894737,Temporal,1,0.07692307692307693,1.3905568391806082,1,0,1,1,0,0,0,1,1,1,1,1,1,1,1,1,1
3827,76,6,46,24,70,0.9210526315789473,0.6052631578947368,0.3157894736842105,Path_Evolution,4,0.16666666666666666,2.292491000396173,3,0,3,0,0,0,0,1,3,4,2,0,2,1,1,3,1
3828,76,9,45,22,67,0.881578947368421,0.5921052631578947,0.2894736842105263,Spatial_Context,3,0.13636363636363635,2.2652661403321375,0,2,2,3,2,1,3,0,3,0,0,2,0,3,0,1,0
3829,76,48,15,13,28,0.3684210526315789,0.19736842105263158,0.17105263157894737,Acceleration,10,0.7692307692307693,1.4860743566328367,10,0,1,0,0,0,0,2,0,0,0,0,0,0,0,0,0
3830,76,11,47,18,65,0.8552631578947368,0.618421052631579,0.23684210526315788,Duration,5,0.2777777777777778,1.928995417224862,0,3,1,5,1,0,1,0,0,0,0,4,3,0,0,0,0
3831,76,34,37,5,42,0.5526315789473685,0.4868421052631579,0.06578947368421052,Speed,1,0.2,1.4357760511964448,0,1,1,0,0,0,0,0,0,1,0,0,0,1,0,1,0
3832,76,16,32,28,60,0.7894736842105263,0.42105263157894735,0.3684210526315789,Indentation,6,0.21428571428571427,2.6080697439292346,3,4,3,5,4,1,6,1,0,0,0,0,0,0,0,0,1
3833,76,27,32,17,49,0.6447368421052632,0.42105263157894735,0.2236842105263158,Extent,5,0.29411764705882354,2.0802105327197182,0,0,0,0,5,0,2,0,2,3,0,0,0,0,1,4,0
3834,76,27,29,20,49,0.6447368421052632,0.3815789473684211,0.2631578947368421,Speed,4,0.2,2.1786721000605165,0,4,4,0,0,0,0,0,4,0,0,0,4,0,0,4,0
3835,76,18,47,11,58,0.7631578947368421,0.618421052631579,0.14473684210526316,Duration,5,0.45454545454545453,1.646164795953488,0,0,1,5,0,0,2,0,0,1,0,1,1,0,0,0,0
3836,76,55,16,5,21,0.27631578947368424,0.21052631578947367,0.06578947368421052,Sequence_Complexity,4,0.8,1.1166803523402133,0,0,0,0,0,0,1,0,0,0,0,0,4,0,0,0,0
3837,76,42,31,3,34,0.4473684210526316,0.40789473684210525,0.039473684210526314,Indentation,3,1.0,1.1846077123795786,0,0,0,0,0,0,3,0,0,0,0,0,0,0,0,0,0
3838,76,34,24,18,42,0.5526315789473685,0.3157894736842105,0.23684210526315788,Sequence_Complexity,6,0.3333333333333333,2.046907788097405,4,0,0,0,0,0,0,3,0,4,1,0,6,0,0,0,0
3839,76,31,33,12,45,0.5921052631578947,0.4342105263157895,0.15789473684210525,Sequence_Complexity,3,0.25,1.8689804205095648,2,2,0,0,0,1,2,0,0,0,0,0,3,0,0,0,2
3840,76,39,25,12,37,0.4868421052631579,0.32894736842105265,0.15789473684210525,Extent,8,0.6666666666666666,1.5870447334436408,0,0,0,0,8,0,0,0,4,0,0,0,0,0,0,0,0
3841,76,16,45,15,60,0.7894736842105263,0.5921052631578947,0.19736842105263158,Phase_Change,2,0.13333333333333333,1.996172390616804,2,2,0,0,2,1,0,1,2,2,2,0,0,1,0,0,0
3842,76,27,42,7,49,0.6447368421052632,0.5526315789473685,0.09210526315789473,Indentation,4,0.5714285714285714,1.4108988053214138,0,0,0,0,0,3,4,0,0,0,0,0,0,0,0,0,0
3843,76,7,57,12,69,0.9078947368421053,0.75,0.15789473684210525,Phase_Change,4,0.3333333333333333,1.483108891577881,0,1,0,0,1,1,1,0,0,0,4,0,0,1,2,1,0
3844,76,11,46,19,65,0.8552631578947368,0.6052631578947368,0.25,Sequence_Complexity,5,0.2631578947368421,2.0195475301211316,2,2,0,0,5,0,2,0,1,1,0,0,5,1,0,0,0
3845,76,16,32,28,60,0.7894736842105263,0.42105263157894735,0.3684210526315789,Duration,6,0.21428571428571427,2.6016194150387997,4,0,0,6,0,0,0,1,0,2,4,5,0,0,1,4,1
3846,76,38,23,15,38,0.5,0.3026315789473684,0.19736842105263158,Sequence_Complexity,7,0.4666666666666667,1.8385241587781804,0,0,2,0,4,0,0,0,2,0,0,0,7,0,0,0,0
3847,76,21,42,13,55,0.7236842105263158,0.5526315789473685,0.17105263157894737,Sequence_Complexity,7,0.5384615384615384,1.7957238017400963,0,0,0,0,0,0,1,1,1,1,1,0,7,0,1,0,0
3848,76,16,46,14,60,0.7894736842105263,0.6052631578947368,0.18421052631578946,Sequence_Complexity,4,0.2857142857142857,1.773140013724867,0,2,4,0,0,2,0,0,0,0,0,0,4,0,2,0,0
3849,76,24,31,21,52,0.6842105263157895,0.40789473684210525,0.27631578947368424,Sampling_Gaps,5,0.23809523809523808,2.2584144270649698,0,0,0,5,1,1,5,0,0,1,0,5,0,0,0,0,3
3850,76,7,39,30,69,0.9078947368421053,0.5131578947368421,0.39473684210526316,Phase_Change,4,0.13333333333333333,2.642048125331463,4,3,0,4,4,1,0,1,3,0,4,2,0,0,0,3,1
3851,76,3,62,11,73,0.9605263157894737,0.8157894736842105,0.14473684210526316,Extent,3,0.2727272727272727,1.2127966417552538,1,0,1,2,3,0,0,1,0,0,1,2,0,0,0,0,0
3852,76,4,50,22,72,0.9473684210526315,0.6578947368421053,0.2894736842105263,Sequence_Complexity,3,0.13636363636363635,2.084013408243235,0,1,2,3,2,2,2,0,0,3,0,2,3,0,2,0,0
3853,76,42,12,22,34,0.4473684210526316,0.15789473684210525,0.2894736842105263,Speed,9,0.4090909090909091,1.9546266018010459,0,0,3,0,0,0,0,0,0,6,0,0,0,0,4,9,0
3854,76,21,36,19,55,0.7236842105263158,0.47368421052631576,0.25,Sampling_Gaps,4,0.21052631578947367,2.1543636524904186,0,0,2,4,3,0,2,0,0,0,4,4,0,0,0,0,0
3855,76,51,14,11,25,0.32894736842105265,0.18421052631578946,0.14473684210526316,Phase_Change,9,0.8181818181818182,1.3383750613076177,0,0,0,0,0,0,0,0,0,0,9,0,0,0,2,0,0
3856,76,11,37,28,65,0.8552631578947368,0.4868421052631579,0.3684210526315789,Sequence_Complexity,5,0.17857142857142858,2.5008526347025524,3,5,0,4,0,0,2,0,0,0,0,4,5,0,1,4,0
3857,76,7,40,29,69,0.9078947368421053,0.5263157894736842,0.3815789473684211,Displacement,4,0.13793103448275862,2.6322265824384785,4,0,4,2,0,0,0,2,2,3,3,3,0,2,0,2,2
3858,76,11,53,12,65,0.8552631578947368,0.6973684210526315,0.15789473684210525,Sampling_Gaps,5,0.4166666666666667,1.4472326075786717,1,0,0,5,0,0,0,0,0,0,1,5,0,0,0,0,0
3859,76,6,44,26,70,0.9210526315789473,0.5789473684210527,0.34210526315789475,Speed,3,0.11538461538461539,2.382613483947852,3,0,1,3,0,0,0,3,1,3,3,3,0,3,0,3,0
3860,76,1,52,23,75,0.9868421052631579,0.6842105263157895,0.3026315789473684,Speed,2,0.08695652173913043,2.11078454839968,2,0,1,2,2,0,0,1,2,2,2,2,2,1,1,2,1
3861,76,11,50,15,65,0.8552631578947368,0.6578947368421053,0.19736842105263158,Path_Evolution,5,0.3333333333333333,1.639760069433275,3,0,0,5,0,0,0,0,0,5,0,0,0,0,0,0,2
3862,76,1,68,7,75,0.9868421052631579,0.8947368421052632,0.09210526315789473,Phase_Change,2,0.2857142857142857,0.7223028660090712,0,2,1,0,0,0,0,0,0,2,2,0,0,0,0,0,0
3863,76,7,51,18,69,0.9078947368421053,0.6710526315789473,0.23684210526315788,Displacement,4,0.2222222222222222,1.9360845608499935,1,0,4,1,0,0,0,2,1,0,0,3,1,2,0,1,2
3864,76,16,34,26,60,0.7894736842105263,0.4473684210526316,0.34210526315789475,Sampling_Gaps,5,0.19230769230769232,2.49347666371843,0,3,4,0,4,1,4,0,0,0,4,5,0,1,0,0,0
3865,76,21,30,25,55,0.7236842105263158,0.39473684210526316,0.32894736842105265,Duration,7,0.28,2.4123585640017504,4,0,7,7,0,0,0,1,0,0,3,0,0,1,1,0,1
3866,76,10,44,22,66,0.868421052631579,0.5789473684210527,0.2894736842105263,Sequence_Complexity,5,0.22727272727272727,2.129268551675315,1,1,0,0,3,0,0,1,0,5,5,0,5,0,0,1,0
3867,76,4,62,10,72,0.9473684210526315,0.8157894736842105,0.13157894736842105,Path_Evolution,2,0.2,1.258977891812187,1,1,0,1,0,0,0,1,0,2,1,1,1,0,0,0,1
3868,76,7,39,30,69,0.9078947368421053,0.5131578947368421,0.39473684210526316,Phase_Change,4,0.13333333333333333,2.6748142436955815,3,0,3,0,1,0,0,2,0,4,4,3,3,2,0,3,2
3869,76,1,67,8,75,0.9868421052631579,0.881578947368421,0.10526315789473684,Sampling_Gaps,2,0.25,0.8212436218558123,1,0,1,0,0,0,2,0,0,2,0,2,0,0,0,0,0
3870,76,1,57,18,75,0.9868421052631579,0.75,0.23684210526315788,Speed,2,0.1111111111111111,1.636417897556871,2,0,2,2,0,0,2,0,0,2,2,2,2,0,0,2,0
3871,76,39,16,21,37,0.4868421052631579,0.21052631578947367,0.27631578947368424,Extent,7,0.3333333333333333,2.0631007569104103,0,0,0,0,7,0,0,0,0,0,6,0,4,1,0,0,3
3872,76,21,41,14,55,0.7236842105263158,0.5394736842105263,0.18421052631578946,Sampling_Gaps,3,0.21428571428571427,1.9399265519696072,0,0,2,0,0,1,3,0,0,0,0,3,2,1,0,2,0
3873,76,46,14,16,30,0.39473684210526316,0.18421052631578946,0.21052631578947367,Localization,6,0.375,1.6899489753372312,0,0,0,0,6,0,0,0,6,0,4,0,0,0,0,0,0
3874,76,18,46,12,58,0.7631578947368421,0.6052631578947368,0.15789473684210525,Localization,4,0.3333333333333333,1.749277677828484,0,1,1,3,0,1,1,0,4,0,0,0,0,1,0,0,0
3875,76,46,13,17,30,0.39473684210526316,0.17105263157894737,0.2236842105263158,Sampling_Gaps,6,0.35294117647058826,1.7108386082126978,0,0,0,0,5,0,0,0,6,0,0,6,0,0,0,0,0
3876,76,9,37,30,67,0.881578947368421,0.4868421052631579,0.39473684210526316,Sampling_Gaps,4,0.13333333333333333,2.6849160062649156,0,0,4,4,4,0,2,0,2,2,0,4,0,3,3,2,0
3877,76,27,30,19,49,0.6447368421052632,0.39473684210526316,0.25,Phase_Change,4,0.21052631578947367,2.1381437249063135,4,0,0,0,0,0,3,0,4,4,4,0,0,0,0,0,0
3878,76,22,46,8,54,0.7105263157894737,0.6052631578947368,0.10526315789473684,Localization,5,0.625,1.4347566441925335,0,0,2,0,0,0,0,0,5,0,0,0,0,0,1,0,0
3879,76,24,39,13,52,0.6842105263157895,0.5131578947368421,0.17105263157894737,Phase_Change,4,0.3076923076923077,1.8246408482733822,0,0,2,0,0,0,0,2,4,0,4,0,0,0,0,0,1
3880,76,24,31,21,52,0.6842105263157895,0.40789473684210525,0.27631578947368424,Indentation,5,0.23809523809523808,2.2320986375912857,5,0,5,0,3,2,5,0,0,1,0,0,0,0,0,0,0
3881,76,34,23,19,42,0.5526315789473685,0.3026315789473684,0.25,Speed,5,0.2631578947368421,2.0394461579813052,0,0,0,0,5,0,5,0,0,0,4,0,0,0,0,5,0
3882,76,16,49,11,60,0.7894736842105263,0.6447368421052632,0.14473684210526316,Sequence_Complexity,3,0.2727272727272727,1.6443002783934713,0,0,1,0,1,0,2,0,0,2,0,0,3,0,0,2,0
3883,76,11,50,15,65,0.8552631578947368,0.6578947368421053,0.19736842105263158,Sequence_Complexity,2,0.13333333333333333,1.8762622858942892,2,0,2,2,1,0,1,0,0,1,2,2,2,0,0,0,0
3884,76,31,29,16,45,0.5921052631578947,0.3815789473684211,0.21052631578947367,Indentation,6,0.375,1.975214395191176,1,0,0,0,0,3,6,0,2,0,4,0,0,0,0,0,0
3885,76,11,33,32,65,0.8552631578947368,0.4342105263157895,0.42105263157894735,Speed,5,0.15625,2.751714314183718,0,0,3,5,0,0,0,0,4,5,1,5,0,1,2,5,1
3886,76,20,30,26,56,0.7368421052631579,0.39473684210526316,0.34210526315789475,Localization,5,0.19230769230769232,2.478530129373674,0,0,0,5,0,0,5,0,5,2,0,4,4,0,0,1,0
3887,76,27,27,22,49,0.6447368421052632,0.35526315789473684,0.2894736842105263,Duration,7,0.3181818181818182,2.1401663676271663,0,0,0,7,0,0,0,0,6,3,0,6,0,0,0,0,0
3888,76,9,44,23,67,0.881578947368421,0.5789473684210527,0.3026315789473684,Speed,3,0.13043478260869565,2.310116444417235,0,2,3,3,3,1,1,0,3,0,0,0,3,1,0,3,0
3889,76,31,24,21,45,0.5921052631578947,0.3157894736842105,0.27631578947368424,Sequence_Complexity,8,0.38095238095238093,2.0851107615822126,0,1,0,0,0,3,8,0,0,1,0,0,8,0,0,0,0
3890,76,24,42,10,52,0.6842105263157895,0.5526315789473685,0.13157894736842105,Path_Evolution,3,0.3,1.694951108465393,0,0,0,0,1,1,3,0,1,3,0,0,0,0,1,0,0
3891,76,18,53,5,58,0.7631578947368421,0.6973684210526315,0.06578947368421052,Temporal,1,0.2,1.2658428539987014,0,0,0,0,0,0,0,0,1,0,0,0,1,0,1,1,1
3892,76,48,16,12,28,0.3684210526315789,0.21052631578947367,0.15789473684210525,Sequence_Complexity,9,0.75,1.4405273483151673,0,3,0,0,0,0,0,0,0,0,0,0,9,0,0,0,0
3893,76,46,18,12,30,0.39473684210526316,0.23684210526315788,0.15789473684210525,Phase_Change,7,0.5833333333333334,1.5696528823758102,0,0,0,0,0,0,0,0,2,3,7,0,0,0,0,0,0
3894,76,10,39,27,66,0.868421052631579,0.5131578947368421,0.35526315789473684,Sequence_Complexity,5,0.18518518518518517,2.4349205478876836,2,1,0,5,5,1,0,0,0,0,0,5,5,0,0,2,1
3895,76,16,41,19,60,0.7894736842105263,0.5394736842105263,0.25,Localization,5,0.2631578947368421,2.142346458628563,0,2,0,0,0,0,1,0,5,2,1,3,4,0,1,0,0
3896,76,24,32,20,52,0.6842105263157895,0.42105263157894735,0.2631578947368421,Sequence_Complexity,4,0.2,2.2637960987137014,0,3,0,0,4,0,0,0,0,1,4,0,4,0,2,0,2
3897,76,16,31,29,60,0.7894736842105263,0.40789473684210525,0.3815789473684211,Sequence_Complexity,5,0.1724137931034483,2.658802052629061,5,2,0,0,0,1,5,2,0,3,0,5,5,0,1,0,0
3898,76,10,43,23,66,0.868421052631579,0.5657894736842105,0.3026315789473684,Phase_Change,5,0.21739130434782608,2.2410481206527844,0,1,0,0,2,0,3,0,0,5,5,0,4,0,1,1,1
3899,76,42,27,7,34,0.4473684210526316,0.35526315789473684,0.09210526315789473,Sequence_Complexity,6,0.8571428571428571,1.374650285556105,0,0,0,0,0,0,0,1,0,0,0,0,6,0,0,0,0
3900,76,11,58,7,65,0.8552631578947368,0.7631578947368421,0.09210526315789473,Spatial_Context,2,0.2857142857142857,1.2503400723592504,0,1,0,0,1,1,1,0,0,0,1,0,0,2,0,0,0
3901,76,3,60,13,73,0.9605263157894737,0.7894736842105263,0.17105263157894737,Sequence_Complexity,2,0.15384615384615385,1.4693969445136563,1,1,0,0,1,1,2,0,1,1,1,0,2,0,1,0,1
3902,76,15,54,7,61,0.8026315789473685,0.7105263157894737,0.09210526315789473,Displacement,4,0.5714285714285714,1.2562527232994396,0,1,4,0,0,0,2,0,0,0,0,0,0,0,0,0,0
3903,76,39,20,17,37,0.4868421052631579,0.2631578947368421,0.2236842105263158,Sampling_Gaps,8,0.47058823529411764,1.8883994090286065,0,0,0,0,4,3,0,0,0,2,0,8,0,0,0,0,0
3904,76,24,44,8,52,0.6842105263157895,0.5789473684210527,0.10526315789473684,Sequence_Complexity,5,0.625,1.4865626224990374,0,1,0,0,0,1,0,0,0,0,0,0,5,1,0,0,0
3905,76,31,31,14,45,0.5921052631578947,0.40789473684210525,0.18421052631578946,Extent,5,0.35714285714285715,1.8956931487274924,0,0,0,0,5,0,0,0,0,0,2,0,4,0,0,1,2
3906,76,28,46,2,48,0.631578947368421,0.6052631578947368,0.02631578947368421,Sequence_Complexity,2,1.0,1.1072724108615393,0,0,0,0,0,0,0,0,0,0,0,0,2,0,0,0,0
3907,76,31,40,5,45,0.5921052631578947,0.5263157894736842,0.06578947368421052,Sequence_Complexity,2,0.4,1.3998063368976954,0,1,0,0,0,0,0,1,0,1,0,0,2,0,0,0,0
3908,76,28,43,5,48,0.631578947368421,0.5657894736842105,0.06578947368421052,Indentation,2,0.4,1.3803574835777546,0,1,0,0,0,0,2,0,0,0,0,0,1,0,0,1,0
3909,76,16,42,18,60,0.7894736842105263,0.5526315789473685,0.23684210526315788,Indentation,5,0.2777777777777778,2.0314604054469405,2,5,1,0,0,1,5,0,1,0,0,0,3,0,0,0,0
3910,76,15,55,6,61,0.8026315789473685,0.7236842105263158,0.07894736842105263,Temporal,1,0.16666666666666666,1.292951945312216,0,0,1,0,0,0,1,0,0,1,0,0,0,1,0,1,1
3911,76,42,23,11,34,0.4473684210526316,0.3026315789473684,0.14473684210526316,SpatioTemporal_Dynamics,4,0.36363636363636365,1.6258992996517079,0,3,0,0,4,0,0,0,0,0,0,0,0,0,4,0,0
3912,76,42,22,12,34,0.4473684210526316,0.2894736842105263,0.15789473684210525,Sequence_Complexity,8,0.6666666666666666,1.598720738852902,0,1,0,0,0,0,0,0,0,0,0,0,8,0,0,3,0
3913,76,29,31,16,47,0.618421052631579,0.40789473684210525,0.21052631578947367,Phase_Change,6,0.375,2.0114629149564847,0,2,0,0,0,0,0,0,0,2,6,0,4,0,1,0,1
3914,76,31,37,8,45,0.5921052631578947,0.4868421052631579,0.10526315789473684,Sequence_Complexity,4,0.5,1.5593767219927397,0,1,0,0,0,0,0,0,2,0,0,0,4,0,1,0,0
3915,76,31,33,12,45,0.5921052631578947,0.4342105263157895,0.15789473684210525,Sequence_Complexity,5,0.4166666666666667,1.7688535721617122,0,3,0,0,0,2,0,0,0,0,0,0,5,0,0,0,2
3916,76,28,41,7,48,0.631578947368421,0.5394736842105263,0.09210526315789473,Speed,2,0.2857142857142857,1.5075910659836598,0,1,0,0,0,0,0,0,0,2,0,0,2,0,0,2,0
3917,76,24,31,21,52,0.6842105263157895,0.40789473684210525,0.27631578947368424,Sequence_Complexity,5,0.23809523809523808,2.2580745382628264,0,4,0,0,0,2,0,0,4,0,0,0,5,0,2,4,0
3918,76,11,48,17,65,0.8552631578947368,0.631578947368421,0.2236842105263158,Localization,5,0.29411764705882354,1.851794404355916,0,0,1,5,0,1,0,0,5,0,3,0,0,0,0,1,1
3919,76,27,35,14,49,0.6447368421052632,0.4605263157894737,0.18421052631578946,Speed,3,0.21428571428571427,1.9462641165996204,0,1,0,0,3,1,3,0,0,0,0,0,3,0,0,3,0
3920,76,10,43,23,66,0.868421052631579,0.5657894736842105,0.3026315789473684,Sampling_Gaps,5,0.21739130434782608,2.067110213430763,0,0,0,0,3,0,0,0,5,5,5,5,0,0,0,0,0
3921,76,2,61,13,74,0.9736842105263158,0.8026315789473685,0.17105263157894737,Spatial_Context,2,0.15384615384615385,1.4087830714523213,0,1,1,1,0,2,0,0,1,1,1,1,1,2,0,1,0
3922,76,21,27,28,55,0.7236842105263158,0.35526315789473684,0.3684210526315789,Extent,6,0.21428571428571427,2.5674773507255795,0,0,3,0,6,2,2,0,5,0,0,0,5,0,0,5,0
3923,76,10,46,20,66,0.868421052631579,0.6052631578947368,0.2631578947368421,Extent,5,0.25,2.004211567701877,1,5,2,0,5,1,0,0,4,0,0,0,2,0,0,0,0
3924,76,21,44,11,55,0.7236842105263158,0.5789473684210527,0.14473684210526316,Displacement,5,0.45454545454545453,1.6681472822221135,0,0,5,0,1,0,0,0,1,0,0,0,2,2,0,0,0
3925,76,6,51,19,70,0.9210526315789473,0.6710526315789473,0.25,Speed,4,0.21052631578947367,1.8326860009825765,1,0,4,3,4,0,0,0,0,0,0,2,1,0,0,4,0
3926,76,11,42,23,65,0.8552631578947368,0.5526315789473685,0.3026315789473684,Phase_Change,5,0.21739130434782608,2.1937842438752684,5,0,1,5,0,0,0,2,0,0,5,3,0,0,0,0,2
3927,76,9,43,24,67,0.881578947368421,0.5657894736842105,0.3157894736842105,Phase_Change,4,0.16666666666666666,2.3351842967396648,1,0,1,4,1,0,0,0,4,1,4,3,0,2,0,0,3
3928,76,28,32,16,48,0.631578947368421,0.42105263157894735,0.21052631578947367,Displacement,5,0.3125,1.9607535823056044,5,0,5,0,0,0,0,1,1,4,0,0,0,0,0,0,0
3929,76,42,22,12,34,0.4473684210526316,0.2894736842105263,0.15789473684210525,Extent,7,0.5833333333333334,1.6559380486633857,0,1,0,0,7,0,0,0,0,0,1,0,0,0,3,0,0
3930,76,38,30,8,38,0.5,0.39473684210526316,0.10526315789473684,Phase_Change,7,0.875,1.4284610945815455,0,1,0,0,0,0,0,0,0,0,7,0,0,0,0,0,0
3931,76,22,38,16,54,0.7105263157894737,0.5,0.21052631578947367,Extent,6,0.375,1.9711049328487995,2,4,0,0,6,0,0,0,1,0,0,0,0,2,0,0,1
3932,76,38,32,6,38,0.5,0.42105263157894735,0.07894736842105263,Path_Evolution,6,1.0,1.3146246119280174,0,0,0,0,0,0,0,0,0,6,0,0,0,0,0,0,0
3933,76,51,15,10,25,0.32894736842105265,0.19736842105263158,0.13157894736842105,Extent,7,0.7,1.3491982590851546,0,0,0,0,7,0,0,0,0,0,3,0,0,0,0,0,0
3934,76,61,11,4,15,0.19736842105263158,0.14473684210526316,0.05263157894736842,Curvature,3,0.75,0.9244589226737198,0,3,0,0,0,0,0,0,0,0,0,0,0,0,1,0,0
3935,76,56,17,3,20,0.2631578947368421,0.2236842105263158,0.039473684210526314,Indentation,2,0.6666666666666666,1.0282071984898802,0,0,0,0,0,0,2,0,0,0,0,0,0,0,1,0,0
3936,76,16,40,20,60,0.7894736842105263,0.5263157894736842,0.2631578947368421,Extent,5,0.25,2.220343240491373,5,2,0,0,5,1,2,1,2,0,1,0,0,0,0,0,1
3937,76,55,12,9,21,0.27631578947368424,0.15789473684210525,0.11842105263157894,Speed,6,0.6666666666666666,1.2313617666146306,0,3,0,0,0,0,0,0,0,0,0,0,0,0,0,6,0
3938,76,34,31,11,42,0.5526315789473685,0.40789473684210525,0.14473684210526316,Extent,6,0.5454545454545454,1.6418275499063275,4,0,0,0,6,0,0,1,0,0,0,0,0,0,0,0,0
3939,76,38,27,11,38,0.5,0.35526315789473684,0.14473684210526316,Extent,5,0.45454545454545453,1.7030216115527077,0,2,0,0,5,0,2,0,0,2,0,0,0,0,0,0,0
3940,76,46,11,19,30,0.39473684210526316,0.14473684210526316,0.25,Sequence_Complexity,8,0.42105263157894735,1.7098684965252129,0,3,0,0,8,0,0,0,0,0,0,0,8,0,0,0,0
3941,76,31,21,24,45,0.5921052631578947,0.27631578947368424,0.3157894736842105,Indentation,8,0.3333333333333333,2.314530579507916,0,0,0,0,5,3,8,0,0,0,1,0,4,0,0,0,3
3942,76,34,30,12,42,0.5526315789473685,0.39473684210526316,0.15789473684210525,Sequence_Complexity,7,0.5833333333333334,1.750138843375555,0,1,0,0,1,2,1,0,0,0,0,0,7,0,0,0,0
3943,76,18,24,34,58,0.7631578947368421,0.3157894736842105,0.4473684210526316,Speed,5,0.14705882352941177,2.833315929337616,5,0,0,5,0,0,0,1,0,5,0,5,5,0,3,5,0
3944,76,27,31,18,49,0.6447368421052632,0.40789473684210525,0.23684210526315788,Indentation,6,0.3333333333333333,2.0559375310291452,0,0,1,0,3,0,6,0,0,0,5,0,0,0,0,0,3
3945,76,22,39,15,54,0.7105263157894737,0.5131578947368421,0.19736842105263158,Phase_Change,5,0.3333333333333333,1.9867719526529926,2,0,1,0,2,0,0,1,2,0,5,0,0,0,0,0,2
3946,76,16,37,23,60,0.7894736842105263,0.4868421052631579,0.3026315789473684,Sampling_Gaps,5,0.21739130434782608,2.1960429880727714,0,0,0,5,5,0,0,0,5,0,0,5,0,0,0,0,3
3947,76,4,63,9,72,0.9473684210526315,0.8289473684210527,0.11842105263157894,Temporal,2,0.2222222222222222,1.1351823137002335,0,1,0,1,0,0,0,0,2,1,1,1,0,0,0,0,2
3948,76,29,20,27,47,0.618421052631579,0.2631578947368421,0.35526315789473684,Curvature,7,0.25925925925925924,2.437392175365418,0,7,0,6,0,0,0,0,0,5,0,6,0,1,1,0,1
3949,76,21,33,22,55,0.7236842105263158,0.4342105263157895,0.2894736842105263,Speed,5,0.22727272727272727,2.2178290826191533,0,5,0,0,0,0,5,0,4,3,0,0,0,0,0,5,0
3950,76,21,36,19,55,0.7236842105263158,0.47368421052631576,0.25,Speed,4,0.21052631578947367,2.164296382782043,0,0,0,4,0,0,4,0,4,0,0,0,0,1,1,4,1
3951,76,22,31,23,54,0.7105263157894737,0.40789473684210525,0.3026315789473684,Indentation,7,0.30434782608695654,2.2612097484327944,0,7,2,0,0,2,7,0,1,0,0,0,4,0,0,0,0
3952,76,15,37,24,61,0.8026315789473685,0.4868421052631579,0.3157894736842105,Path_Evolution,5,0.20833333333333334,2.2994776527120133,0,4,0,3,0,0,0,0,5,5,0,0,4,0,0,3,0
3953,76,15,25,36,61,0.8026315789473685,0.32894736842105265,0.47368421052631576,Phase_Change,6,0.16666666666666666,2.8749208796246326,6,0,6,0,0,1,0,0,4,6,6,0,0,0,1,5,1
3954,76,16,44,16,60,0.7894736842105263,0.5789473684210527,0.21052631578947367,Extent,4,0.25,1.90944374733348,0,4,0,3,4,0,1,0,0,0,0,3,0,0,0,0,1
3955,76,7,42,27,69,0.9078947368421053,0.5526315789473685,0.35526315789473684,Sampling_Gaps,4,0.14814814814814814,2.3941945698478664,2,4,0,4,0,0,4,0,0,4,0,4,1,0,1,3,0
3956,76,24,25,27,52,0.6842105263157895,0.32894736842105265,0.35526315789473684,Acceleration,7,0.25925925925925924,2.5104057802518813,7,4,0,0,0,0,1,2,6,0,4,0,0,0,0,0,3
3957,76,31,27,18,45,0.5921052631578947,0.35526315789473684,0.23684210526315788,Extent,7,0.3888888888888889,2.058869353746566,0,0,3,0,7,2,4,0,0,0,0,0,0,0,0,2,0
3958,76,29,31,16,47,0.618421052631579,0.40789473684210525,0.21052631578947367,Duration,4,0.25,2.0804775530859128,0,0,0,4,3,1,3,0,0,3,0,0,0,1,1,0,0
3959,76,24,34,18,52,0.6842105263157895,0.4473684210526316,0.23684210526315788,Duration,6,0.3333333333333333,2.105989695935209,0,3,0,6,0,1,2,0,0,3,0,0,0,0,0,3,0
3960,76,13,48,15,63,0.8289473684210527,0.631578947368421,0.19736842105263158,Sampling_Gaps,3,0.2,1.811039797929065,0,1,2,3,3,0,3,0,0,0,0,3,0,0,0,0,0
3961,76,27,18,31,49,0.6447368421052632,0.23684210526315788,0.40789473684210525,Sequence_Complexity,7,0.22580645161290322,2.5767664081847412,0,0,4,0,6,0,0,0,0,4,0,7,7,0,3,0,0
3962,76,6,52,18,70,0.9210526315789473,0.6842105263157895,0.23684210526315788,Phase_Change,4,0.2222222222222222,1.880392772026957,2,2,0,2,0,0,2,0,0,0,4,2,0,0,1,2,1
3963,76,3,57,16,73,0.9605263157894737,0.75,0.21052631578947367,Speed,3,0.1875,1.5966869763903728,1,0,0,3,3,0,2,0,1,1,1,1,0,0,0,3,0
3964,76,27,31,18,49,0.6447368421052632,0.40789473684210525,0.23684210526315788,Sampling_Gaps,5,0.2777777777777778,2.0921860507944543,0,0,0,4,3,0,0,0,0,0,3,5,0,0,0,3,0
3965,76,16,41,19,60,0.7894736842105263,0.5394736842105263,0.25,Speed,5,0.2631578947368421,2.1487967875189984,0,0,1,3,1,0,0,0,1,3,0,3,0,0,2,5,0
3966,76,6,44,26,70,0.9210526315789473,0.5789473684210527,0.34210526315789475,Speed,4,0.15384615384615385,2.330496378912428,4,0,1,0,2,0,0,1,4,1,4,0,4,0,0,4,1
3967,76,13,38,25,63,0.8289473684210527,0.5,0.32894736842105265,Sampling_Gaps,4,0.16,2.4184967654038827,4,4,0,4,0,0,0,3,1,0,0,4,2,0,0,3,0
3968,76,10,44,22,66,0.868421052631579,0.5789473684210527,0.2894736842105263,Phase_Change,5,0.22727272727272727,2.0814333934726865,0,4,0,0,0,0,0,0,2,5,5,0,4,0,0,2,0
3969,76,6,42,28,70,0.9210526315789473,0.5526315789473685,0.3684210526315789,Phase_Change,4,0.14285714285714285,2.5077726546603585,4,3,0,0,2,0,0,1,2,4,4,0,3,0,1,3,1
3970,76,6,37,33,70,0.9210526315789473,0.4868421052631579,0.4342105263157895,Sampling_Gaps,4,0.12121212121212122,2.7936615655608423,4,3,3,4,0,1,0,1,4,0,4,4,0,1,0,3,1
3971,76,18,43,15,58,0.7631578947368421,0.5657894736842105,0.19736842105263158,Curvature,6,0.4,1.7807242245368013,0,6,0,0,0,2,0,0,0,0,0,0,5,0,0,2,0
3972,76,16,27,33,60,0.7894736842105263,0.35526315789473684,0.4342105263157895,Curvature,6,0.18181818181818182,2.83508960531063,6,6,0,0,2,0,0,2,3,5,0,0,5,2,2,0,0
3973,76,3,64,9,73,0.9605263157894737,0.8421052631578947,0.11842105263157894,Phase_Change,3,0.3333333333333333,0.9912199475971784,2,0,0,0,0,0,0,0,2,0,3,2,0,0,0,0,0
3974,76,1,57,18,75,0.9868421052631579,0.75,0.23684210526315788,Speed,2,0.1111111111111111,1.6627336870305554,2,2,0,2,1,0,0,0,1,2,2,2,2,0,0,2,0
3975,76,10,43,23,66,0.868421052631579,0.5657894736842105,0.3026315789473684,Sampling_Gaps,5,0.21739130434782608,2.2721603308712086,2,2,0,0,0,0,0,1,4,2,2,5,4,0,1,0,0
3976,76,34,26,16,42,0.5526315789473685,0.34210526315789475,0.21052631578947367,Acceleration,6,0.375,1.9820759439326145,6,3,0,0,0,0,2,3,0,0,0,0,2,0,0,0,0
3977,76,15,43,18,61,0.8026315789473685,0.5657894736842105,0.23684210526315788,Phase_Change,5,0.2777777777777778,2.1025043704819835,0,2,0,0,0,1,1,0,3,3,5,0,1,0,1,0,1
3978,76,18,38,20,58,0.7631578947368421,0.5,0.2631578947368421,Acceleration,6,0.3,2.2217476379022068,6,2,0,0,2,0,0,2,1,0,0,0,4,0,2,1,0
3979,76,3,58,15,73,0.9605263157894737,0.7631578947368421,0.19736842105263158,Phase_Change,3,0.2,1.5107227736555646,0,3,0,2,1,0,0,0,1,2,3,0,0,0,0,2,1
3980,76,31,26,19,45,0.5921052631578947,0.34210526315789475,0.25,Path_Evolution,7,0.3684210526315789,2.1038120167015895,4,0,0,0,0,0,3,0,2,7,3,0,0,0,0,0,0
3981,76,12,51,13,64,0.8421052631578947,0.6710526315789473,0.17105263157894737,Sequence_Complexity,2,0.15384615384615385,1.743805902269899,2,0,1,2,2,0,1,0,0,0,1,2,2,0,0,0,0
3982,76,22,28,26,54,0.7105263157894737,0.3684210526315789,0.34210526315789475,Phase_Change,7,0.2692307692307692,2.506623745903141,5,0,0,0,0,1,0,2,3,2,7,0,0,0,1,5,0
3983,76,46,16,14,30,0.39473684210526316,0.21052631578947367,0.18421052631578946,Sampling_Gaps,9,0.6428571428571429,1.5983477437887583,0,0,0,0,3,0,2,0,0,0,0,9,0,0,0,0,0
3984,76,24,30,22,52,0.6842105263157895,0.39473684210526316,0.2894736842105263,Localization,5,0.22727272727272727,2.2896429501404643,0,0,0,5,0,2,5,0,5,0,0,0,3,2,0,0,0
3985,76,18,39,19,58,0.7631578947368421,0.5131578947368421,0.25,Sampling_Gaps,6,0.3157894736842105,1.9720883809119192,0,0,4,0,0,0,0,0,0,0,6,6,0,0,0,0,3
3986,76,51,7,18,25,0.32894736842105265,0.09210526315789473,0.23684210526315788,Localization,10,0.5555555555555556,1.5304408579116986,0,0,0,0,0,0,0,0,10,0,5,0,0,0,3,0,0
3987,76,39,20,17,37,0.4868421052631579,0.2631578947368421,0.2236842105263158,Phase_Change,5,0.29411764705882354,1.9249878175960589,0,0,4,0,0,0,0,0,5,0,5,0,0,0,3,0,0
3988,76,24,46,6,52,0.6842105263157895,0.6052631578947368,0.07894736842105263,Kinematic,2,0.3333333333333333,1.430520276655028,0,1,0,0,0,0,0,2,1,0,1,0,0,0,0,0,1
3989,76,34,31,11,42,0.5526315789473685,0.40789473684210525,0.14473684210526316,Extent,6,0.5454545454545454,1.7207749183273797,0,0,0,0,6,0,0,0,1,1,0,0,2,0,0,0,1
3990,76,13,39,24,63,0.8289473684210527,0.5131578947368421,0.3157894736842105,Sampling_Gaps,5,0.20833333333333334,2.3077211473865393,2,0,4,5,0,0,4,0,0,0,0,5,2,2,0,0,0
3991,76,18,52,6,58,0.7631578947368421,0.6842105263157895,0.07894736842105263,Path_Evolution,5,0.8333333333333334,1.207254410236543,0,0,0,0,0,0,0,0,0,5,0,0,0,0,0,0,1
3992,76,39,26,11,37,0.4868421052631579,0.34210526315789475,0.14473684210526316,Sequence_Complexity,7,0.6363636363636364,1.6427485178949102,0,0,1,0,0,0,0,0,0,1,0,0,7,0,2,0,0
3993,76,34,37,5,42,0.5526315789473685,0.4868421052631579,0.06578947368421052,Displacement,4,0.8,1.3305128933017083,1,0,4,0,0,0,0,0,0,0,0,0,0,0,0,0,0
3994,76,22,26,28,54,0.7105263157894737,0.34210526315789475,0.3684210526315789,Path_Evolution,7,0.25,2.5738283336418455,0,2,0,0,0,1,0,0,7,7,2,0,5,0,2,0,2
3995,76,16,40,20,60,0.7894736842105263,0.5263157894736842,0.2631578947368421,Sequence_Complexity,5,0.25,2.220343240491373,0,1,0,0,1,0,0,1,1,5,2,0,5,0,2,0,2
3996,76,20,37,19,56,0.7368421052631579,0.4868421052631579,0.25,Sampling_Gaps,5,0.2631578947368421,2.1161214891103115,1,1,1,5,0,0,1,0,0,0,5,5,0,0,0,0,0
3997,76,29,25,22,47,0.618421052631579,0.32894736842105265,0.2894736842105263,Speed,8,0.36363636363636365,2.1724967094273864,3,0,0,0,8,0,0,1,0,0,0,0,0,0,1,8,1
3998,76,24,37,15,52,0.6842105263157895,0.4868421052631579,0.19736842105263158,Duration,6,0.4,1.8807131710180243,0,0,0,6,2,0,0,1,0,0,0,5,0,0,0,0,1
3999,76,7,47,22,69,0.9078947368421053,0.618421052631579,0.2894736842105263,Speed,4,0.18181818181818182,2.106912243927109,4,4,0,0,1,0,1,1,4,0,0,0,0,2,0,4,1
4000,76,7,46,23,69,0.9078947368421053,0.6052631578947368,0.3026315789473684,Speed,4,0.17391304347826086,2.1098982774542527,0,4,0,0,4,0,2,0,0,3,4,0,0,0,0,4,2
4001,76,16,40,20,60,0.7894736842105263,0.5263157894736842,0.2631578947368421,Displacement,5,0.25,2.1202163921435204,5,5,5,0,0,1,1,2,0,0,0,0,0,1,0,0,0
4002,76,31,15,30,45,0.5921052631578947,0.19736842105263158,0.39473684210526316,Sequence_Complexity,8,0.26666666666666666,2.450693085645064,0,7,0,0,8,2,2,3,0,0,0,0,8,0,0,0,0
4003,76,15,39,22,61,0.8026315789473685,0.5131578947368421,0.2894736842105263,Indentation,5,0.22727272727272727,2.3288030272788593,0,4,3,0,3,1,5,1,0,0,0,0,2,1,0,2,0
4004,76,1,69,6,75,0.9868421052631579,0.9078947368421053,0.07894736842105263,Localization,2,0.3333333333333333,0.6493987303160372,2,0,0,0,0,0,0,1,2,0,0,0,0,0,1,0,0
4005,76,16,29,31,60,0.7894736842105263,0.3815789473684211,0.40789473684210525,Sequence_Complexity,6,0.1935483870967742,2.699566508467654,0,6,0,0,6,0,3,2,3,3,0,0,6,0,2,0,0
4006,76,16,33,27,60,0.7894736842105263,0.4342105263157895,0.35526315789473684,Curvature,6,0.2222222222222222,2.5657027249688076,0,6,3,0,3,0,0,1,3,0,0,0,5,1,1,4,0
4007,76,22,25,29,54,0.7105263157894737,0.32894736842105265,0.3815789473684211,Sequence_Complexity,7,0.2413793103448276,2.6292874572919795,0,7,0,0,3,1,3,2,4,0,0,0,7,0,2,0,0
4008,76,16,45,15,60,0.7894736842105263,0.5921052631578947,0.19736842105263158,Localization,6,0.4,1.7346684040256568,0,5,0,0,0,0,0,0,6,3,0,0,0,0,1,0,0
4009,76,24,40,12,52,0.6842105263157895,0.5263157894736842,0.15789473684210525,Extent,7,0.5833333333333334,1.6878260888750922,0,0,0,0,7,0,2,0,0,0,0,0,0,1,0,2,0
4010,76,24,22,30,52,0.6842105263157895,0.2894736842105263,0.39473684210526316,Sequence_Complexity,7,0.23333333333333334,2.54629767769277,0,2,5,0,0,0,0,0,7,0,6,0,7,3,0,0,0
4011,76,29,19,28,47,0.618421052631579,0.25,0.3684210526315789,Localization,8,0.2857142857142857,2.322309630334491,0,3,8,0,0,0,8,0,8,0,0,0,0,0,0,0,1
4012,76,16,29,31,60,0.7894736842105263,0.3815789473684211,0.40789473684210525,Speed,6,0.1935483870967742,2.703048909868844,0,4,2,0,0,1,4,1,6,0,0,0,6,0,1,6,0
4013,76,12,48,16,64,0.8421052631578947,0.631578947368421,0.21052631578947367,Duration,4,0.25,1.9440097497163566,1,1,0,4,2,1,2,0,0,0,2,2,1,0,0,0,0
4014,76,11,39,26,65,0.8552631578947368,0.5131578947368421,0.34210526315789475,Indentation,5,0.19230769230769232,2.3661728323390014,0,5,4,0,5,1,5,0,0,0,0,4,0,1,0,0,1
4015,76,10,54,12,66,0.868421052631579,0.7105263157894737,0.15789473684210525,Path_Evolution,3,0.25,1.5803210191295802,2,0,1,0,1,0,0,0,2,3,1,0,2,0,0,0,0
4016,76,18,37,21,58,0.7631578947368421,0.4868421052631579,0.27631578947368424,Sequence_Complexity,4,0.19047619047619047,2.2206500521182804,0,4,4,0,0,0,0,0,3,0,0,3,4,0,0,0,3
4017,76,3,55,18,73,0.9605263157894737,0.7236842105263158,0.23684210526315788,Localization,3,0.16666666666666666,1.7512272271978797,1,3,1,3,0,1,3,0,3,0,0,1,1,1,0,0,0
4018,76,16,38,22,60,0.7894736842105263,0.5,0.2894736842105263,Sequence_Complexity,6,0.2727272727272727,2.278376092162709,0,0,0,0,4,0,0,0,1,4,3,0,6,2,1,0,1
4019,76,11,48,17,65,0.8552631578947368,0.631578947368421,0.2236842105263158,Curvature,5,0.29411764705882354,1.8729738842827164,1,5,0,0,3,2,0,0,1,1,0,0,4,0,0,0,0
4020,76,18,39,19,58,0.7631578947368421,0.5131578947368421,0.25,Speed,3,0.15789473684210525,2.182614696701393,0,3,3,0,0,0,3,0,0,3,0,0,2,0,2,3,0
4021,76,18,53,5,58,0.7631578947368421,0.6973684210526315,0.06578947368421052,Speed,1,0.2,1.2658428539987014,0,0,0,0,0,1,1,0,1,0,0,0,1,0,0,1,0
4022,76,42,28,6,34,0.4473684210526316,0.3684210526315789,0.07894736842105263,Speed,3,0.5,1.3717032426719042,0,0,0,0,0,0,3,0,0,0,0,0,0,0,0,3,0
4023,76,48,10,18,28,0.3684210526315789,0.13157894736842105,0.23684210526315788,Indentation,10,0.5555555555555556,1.6310684356940721,0,0,0,0,0,3,10,0,0,0,0,0,5,0,0,0,0
4024,76,55,21,0,21,0.27631578947368424,0.27631578947368424,0.0,,0,0.0,0.8503821170987138,0,0,0,0,0,0,0,0,0,0,0,0,0,0,0,0,0
4025,76,31,36,9,45,0.5921052631578947,0.47368421052631576,0.11842105263157894,Localization,7,0.7777777777777778,1.5196529064920117,0,0,0,0,0,0,0,0,7,1,0,0,0,0,0,1,0
4026,76,51,19,6,25,0.32894736842105265,0.25,0.07894736842105263,Speed,3,0.5,1.2905695832049293,0,0,1,0,0,0,0,0,0,0,0,0,0,0,0,3,2
4027,76,4,58,14,72,0.9473684210526315,0.7631578947368421,0.18421052631578946,Sequence_Complexity,3,0.21428571428571427,1.4680239249998204,0,0,0,3,1,0,0,0,0,0,0,1,3,2,2,2,0
4028,76,11,41,24,65,0.8552631578947368,0.5394736842105263,0.3157894736842105,Path_Evolution,5,0.20833333333333334,2.2834908171300907,5,5,0,0,1,1,3,0,0,5,2,0,0,0,0,0,2
4029,76,45,26,5,31,0.40789473684210525,0.34210526315789475,0.06578947368421052,Sequence_Complexity,2,0.4,1.335495644936957,0,0,0,0,0,0,0,0,2,0,0,0,2,1,0,0,0
4030,76,3,65,8,73,0.9605263157894737,0.8552631578947368,0.10526315789473684,Speed,1,0.125,1.0346538904302565,1,1,1,0,1,0,1,0,1,0,1,0,0,0,0,1,0
4031,76,24,26,26,52,0.6842105263157895,0.34210526315789475,0.34210526315789475,Localization,7,0.2692307692307692,2.365515979205302,0,6,7,0,0,0,1,1,7,0,0,0,4,0,0,0,0
4032,76,11,29,36,65,0.8552631578947368,0.3815789473684211,0.47368421052631576,Localization,5,0.1388888888888889,2.9403780586875707,5,5,4,0,0,0,5,2,5,4,0,0,0,0,1,4,1
4033,76,13,29,34,63,0.8289473684210527,0.3815789473684211,0.4473684210526316,Speed,5,0.14705882352941177,2.8183879339547087,0,1,5,0,0,1,5,2,5,0,0,5,5,0,0,5,0
4034,76,4,39,33,72,0.9473684210526315,0.5131578947368421,0.4342105263157895,Speed,3,0.09090909090909091,2.788392328508073,3,3,3,0,0,0,3,2,3,3,3,0,3,0,2,3,2
4035,76,12,34,30,64,0.8421052631578947,0.4473684210526316,0.39473684210526316,Speed,4,0.13333333333333333,2.649203018502896,4,0,3,4,0,0,0,4,4,0,0,3,4,0,0,4,0
4036,76,16,26,34,60,0.7894736842105263,0.34210526315789475,0.4473684210526316,Speed,6,0.17647058823529413,2.8386474389534606,6,6,0,0,0,0,0,2,5,4,3,0,0,0,1,6,1
4037,76,18,35,23,58,0.7631578947368421,0.4605263157894737,0.3026315789473684,Localization,6,0.2608695652173913,2.2781515779462276,0,0,2,5,0,0,2,0,6,4,0,4,0,0,0,0,0
4038,76,39,19,18,37,0.4868421052631579,0.25,0.23684210526315788,Displacement,6,0.3333333333333333,1.9377911286507383,0,0,6,5,0,0,0,0,0,0,0,0,0,0,0,5,2
4039,76,29,32,15,47,0.618421052631579,0.42105263157894735,0.19736842105263158,Path_Evolution,4,0.26666666666666666,1.9731716074080643,4,0,4,0,0,0,0,1,0,4,0,0,0,1,0,0,1
4040,76,13,46,17,63,0.8289473684210527,0.6052631578947368,0.2236842105263158,Displacement,4,0.23529411764705882,2.015041443459589,2,1,4,0,1,0,0,3,1,0,0,0,1,3,0,1,0
4041,76,28,34,14,48,0.631578947368421,0.4473684210526316,0.18421052631578946,Localization,8,0.5714285714285714,1.7961569618345337,0,0,3,0,0,0,2,0,8,0,1,0,0,0,0,0,0
4042,76,10,64,2,66,0.868421052631579,0.8421052631578947,0.02631578947368421,Sequence_Complexity,1,0.5,0.7582001325373536,0,0,1,0,0,0,0,0,0,0,0,0,1,0,0,0,0
4043,76,7,54,15,69,0.9078947368421053,0.7105263157894737,0.19736842105263158,Phase_Change,4,0.26666666666666666,1.6371984401379205,2,0,1,0,0,0,0,2,0,4,4,1,0,1,0,0,0
4044,76,29,36,11,47,0.618421052631579,0.47368421052631576,0.14473684210526316,Displacement,5,0.45454545454545453,1.7036738701906495,2,0,5,0,0,0,3,0,0,0,0,0,0,1,0,0,0
4045,76,11,63,2,65,0.8552631578947368,0.8289473684210527,0.02631578947368421,Sequence_Complexity,2,1.0,0.7660540531079932,0,0,0,0,0,0,0,0,0,0,0,0,2,0,0,0,0
4046,76,10,56,10,66,0.868421052631579,0.7368421052631579,0.13157894736842105,Displacement,4,0.4,1.4001491373370136,1,1,4,0,0,0,0,0,0,1,2,0,1,0,0,0,0
4047,76,10,55,11,66,0.868421052631579,0.7236842105263158,0.14473684210526316,Speed,2,0.18181818181818182,1.4953740240655602,2,0,2,0,0,0,1,0,0,2,2,0,0,0,0,2,0
4048,76,39,28,9,37,0.4868421052631579,0.3684210526315789,0.11842105263157894,Displacement,6,0.6666666666666666,1.5604748903176966,0,0,6,0,0,0,1,0,0,0,0,0,1,1,0,0,0
4049,76,10,42,24,66,0.868421052631579,0.5526315789473685,0.3157894736842105,Phase_Change,5,0.20833333333333334,2.346275748589744,5,0,1,0,0,0,0,1,1,5,5,0,1,1,1,2,1
4050,76,10,50,16,66,0.868421052631579,0.6578947368421053,0.21052631578947367,Displacement,4,0.25,1.929940961604462,3,1,4,0,1,0,0,1,0,1,1,0,0,1,1,1,1
4051,76,18,39,19,58,0.7631578947368421,0.5131578947368421,0.25,Displacement,6,0.3157894736842105,2.1761643678109577,2,0,6,0,2,0,2,1,2,0,0,0,0,1,0,3,0
4052,76,6,60,10,70,0.9210526315789473,0.7894736842105263,0.13157894736842105,Displacement,3,0.3,1.2653209576146178,0,0,3,2,2,0,0,0,0,0,1,1,0,1,0,0,0
4053,76,34,38,4,42,0.5526315789473685,0.5,0.05263157894736842,Sequence_Complexity,4,1.0,1.2427303803729568,0,0,0,0,0,0,0,0,0,0,0,0,4,0,0,0,0
4054,76,21,43,12,55,0.7236842105263158,0.5657894736842105,0.15789473684210525,Sequence_Complexity,3,0.25,1.8489414893290108,0,1,2,0,0,0,0,1,0,2,0,0,3,1,1,0,1
4055,76,58,14,4,18,0.23684210526315788,0.18421052631578946,0.05263157894736842,Temporal,2,0.5,1.0233766367829848,0,0,0,0,0,0,0,2,0,0,0,0,0,0,0,0,2
4056,76,31,45,0,45,0.5921052631578947,0.5921052631578947,0.0,,0,0.0,0.9753817903274211,0,0,0,0,0,0,0,0,0,0,0,0,0,0,0,0,0
4057,76,11,52,13,65,0.8552631578947368,0.6842105263157895,0.17105263157894737,Sampling_Gaps,3,0.23076923076923078,1.669159248276822,2,0,2,0,0,0,1,0,1,1,3,3,0,0,0,0,0
4058,76,24,39,13,52,0.6842105263157895,0.5131578947368421,0.17105263157894737,Phase_Change,5,0.38461538461538464,1.8824087367676343,1,0,1,0,0,0,0,0,2,0,5,0,1,1,2,0,0
4059,76,46,29,1,30,0.39473684210526316,0.3815789473684211,0.013157894736842105,Sequence_Complexity,1,1.0,1.0510156866367146,0,0,0,0,0,0,0,0,0,0,0,0,1,0,0,0,0
4060,76,21,55,0,55,0.7236842105263158,0.7236842105263158,0.0,,0,0.0,0.8503821170987138,0,0,0,0,0,0,0,0,0,0,0,0,0,0,0,0,0
4061,76,31,33,12,45,0.5921052631578947,0.4342105263157895,0.15789473684210525,Sequence_Complexity,6,0.5,1.7801003217968876,0,0,0,0,0,0,0,0,1,0,2,0,6,0,2,0,1
4062,76,48,28,0,28,0.3684210526315789,0.3684210526315789,0.0,,0,0.0,0.9494520153879484,0,0,0,0,0,0,0,0,0,0,0,0,0,0,0,0,0
4063,76,42,22,12,34,0.4473684210526316,0.2894736842105263,0.15789473684210525,Speed,5,0.4166666666666667,1.6991874760028982,0,3,0,0,0,0,0,0,0,3,0,0,0,0,0,5,1
4064,76,22,46,8,54,0.7105263157894737,0.6052631578947368,0.10526315789473684,SpatioTemporal_Dynamics,2,0.25,1.5875150714877544,0,0,0,0,0,0,0,1,1,0,1,0,1,0,2,1,1
4065,76,3,65,8,73,0.9605263157894737,0.8552631578947368,0.10526315789473684,Speed,3,0.375,0.9720895811912635,0,1,0,0,0,0,0,0,1,1,0,0,1,1,0,3,0
4066,76,51,24,1,25,0.32894736842105265,0.3157894736842105,0.013157894736842105,Spatial_Context,1,1.0,0.9935486653139273,0,0,0,0,0,0,0,0,0,0,0,0,0,1,0,0,0
4067,76,34,16,26,42,0.5526315789473685,0.21052631578947367,0.34210526315789475,Sequence_Complexity,8,0.3076923076923077,2.192756229872728,5,0,8,0,0,0,0,0,0,5,0,0,8,0,0,0,0
4068,76,10,37,29,66,0.868421052631579,0.4868421052631579,0.3815789473684211,Phase_Change,5,0.1724137931034483,2.5795330805428596,4,0,1,0,5,1,5,0,0,4,5,0,2,1,0,0,1
4069,76,9,55,12,67,0.881578947368421,0.7236842105263158,0.15789473684210525,Indentation,4,0.3333333333333333,1.4945196613514726,0,0,0,1,0,2,4,0,0,0,0,1,1,0,0,3,0
4070,76,16,29,31,60,0.7894736842105263,0.3815789473684211,0.40789473684210525,Duration,6,0.1935483870967742,2.748256029384369,0,0,5,6,2,0,0,2,5,5,0,0,0,2,0,3,1
4071,76,34,25,17,42,0.5526315789473685,0.32894736842105265,0.2236842105263158,Extent,4,0.23529411764705882,2.0397034496403865,4,4,0,0,4,0,0,2,3,0,0,0,0,0,0,0,0
4072,76,1,71,4,75,0.9868421052631579,0.9342105263157895,0.05263157894736842,Sequence_Complexity,1,0.25,0.5027690202221062,0,0,1,0,0,0,1,0,0,0,0,1,1,0,0,0,0
4073,76,2,67,7,74,0.9736842105263158,0.881578947368421,0.09210526315789473,Kinematic,2,0.2857142857142857,0.8212436218558125,2,0,1,0,0,0,1,2,0,0,0,0,0,1,0,0,0
4074,76,9,60,7,67,0.881578947368421,0.7894736842105263,0.09210526315789473,Speed,3,0.42857142857142855,1.1203268785533829,0,0,0,2,1,0,0,0,0,0,0,1,0,0,0,3,0
4075,76,16,35,25,60,0.7894736842105263,0.4605263157894737,0.32894736842105265,Speed,6,0.24,2.33129763080554,3,0,0,0,3,0,0,0,6,2,0,0,5,0,0,6,0
4076,76,28,27,21,48,0.631578947368421,0.35526315789473684,0.27631578947368424,Speed,7,0.3333333333333333,2.0118439116115296,0,0,0,0,0,0,0,0,7,0,0,0,7,0,0,7,0
4077,76,4,47,25,72,0.9473684210526315,0.618421052631579,0.32894736842105265,Speed,3,0.12,2.2994376971606534,2,3,0,3,2,1,0,0,2,2,0,3,2,0,0,3,2
4078,76,3,68,5,73,0.9605263157894737,0.8947368421052632,0.06578947368421052,Curvature,3,0.6,0.676121615952138,0,3,0,0,0,0,1,1,0,0,0,0,0,0,0,0,0
4079,76,18,19,39,58,0.7631578947368421,0.25,0.5131578947368421,Displacement,6,0.15384615384615385,3.0026999578908495,6,6,6,0,5,3,0,3,0,0,5,0,0,0,0,5,0
4080,76,61,6,9,15,0.19736842105263158,0.07894736842105263,0.11842105263157894,Sequence_Complexity,5,0.5555555555555556,1.0256328677843773,0,0,0,0,0,0,0,0,0,0,0,0,5,0,0,0,4
4081,76,11,34,31,65,0.8552631578947368,0.4473684210526316,0.40789473684210525,Sampling_Gaps,5,0.16129032258064516,2.71356839064101,0,4,0,5,5,2,0,0,4,3,0,5,1,1,1,0,0
4082,76,20,50,6,56,0.7368421052631579,0.6578947368421053,0.07894736842105263,Phase_Change,5,0.8333333333333334,1.2447563047472658,0,0,0,0,0,0,0,0,0,1,5,0,0,0,0,0,0
4083,76,39,25,12,37,0.4868421052631579,0.32894736842105265,0.15789473684210525,Localization,6,0.5,1.7250740097024968,0,2,0,0,0,2,0,0,6,0,0,0,0,0,2,0,0
4084,76,16,32,28,60,0.7894736842105263,0.42105263157894735,0.3684210526315789,Curvature,6,0.21428571428571427,2.6016194150387997,0,6,4,0,5,1,0,0,0,4,4,0,2,1,1,0,0
4085,76,38,26,12,38,0.5,0.34210526315789475,0.15789473684210525,Localization,6,0.5,1.7065794451955383,0,1,0,0,4,0,0,0,6,0,0,0,1,0,0,0,0
4086,76,34,32,10,42,0.5526315789473685,0.42105263157894735,0.13157894736842105,Displacement,4,0.4,1.6725508804873352,0,0,4,0,0,0,2,0,0,0,0,0,1,3,0,0,0
4087,76,24,31,21,52,0.6842105263157895,0.40789473684210525,0.27631578947368424,Path_Evolution,7,0.3333333333333333,2.263974288469493,1,0,0,0,3,0,0,1,3,7,4,0,0,0,0,0,2
4088,76,42,31,3,34,0.4473684210526316,0.40789473684210525,0.039473684210526314,Phase_Change,3,1.0,1.1846077123795786,0,0,0,0,0,0,0,0,0,0,3,0,0,0,0,0,0
4089,76,16,40,20,60,0.7894736842105263,0.5263157894736842,0.2631578947368421,Path_Evolution,5,0.25,2.2017917992516756,0,3,0,0,3,0,0,1,3,5,3,0,0,0,1,0,1
4090,76,36,32,8,40,0.5263157894736842,0.42105263157894735,0.10526315789473684,Displacement,3,0.375,1.6311882035213916,0,0,3,0,0,1,1,0,0,0,0,0,0,1,1,0,1
4091,76,6,47,23,70,0.9210526315789473,0.618421052631579,0.3026315789473684,Speed,3,0.13043478260869565,2.1708266772814784,0,1,3,0,3,0,3,0,0,3,3,3,0,0,0,3,1
4092,76,16,44,16,60,0.7894736842105263,0.5789473684210527,0.21052631578947367,Sequence_Complexity,6,0.375,1.8995110170418554,0,3,0,0,0,0,0,0,0,1,0,0,6,2,2,0,2
4093,76,29,35,12,47,0.618421052631579,0.4605263157894737,0.15789473684210525,Indentation,4,0.3333333333333333,1.8215281127623562,0,0,0,0,0,0,4,0,0,2,2,0,2,0,2,0,0
4094,76,42,11,23,34,0.4473684210526316,0.14473684210526316,0.3026315789473684,Sequence_Complexity,8,0.34782608695652173,1.9775710398551418,0,0,0,0,0,0,0,0,5,0,7,0,8,0,3,0,0
4095,76,34,31,11,42,0.5526315789473685,0.40789473684210525,0.14473684210526316,Speed,3,0.2727272727272727,1.763473766983124,0,0,1,0,0,0,0,1,0,0,0,3,3,0,0,3,0
4096,76,10,58,8,66,0.868421052631579,0.7631578947368421,0.10526315789473684,Path_Evolution,2,0.25,1.2613198994136798,0,0,2,2,0,0,1,0,0,2,1,0,0,0,0,0,0
4097,76,31,38,7,45,0.5921052631578947,0.5,0.09210526315789473,Indentation,3,0.42857142857142855,1.4780445379544234,0,3,0,0,0,0,3,0,1,0,0,0,0,0,0,0,0
4098,76,16,40,20,60,0.7894736842105263,0.5263157894736842,0.2631578947368421,Phase_Change,5,0.25,2.0887642931229524,0,0,0,0,0,0,0,0,4,5,5,4,0,1,0,0,1
4099,76,15,36,25,61,0.8026315789473685,0.47368421052631576,0.32894736842105265,Sequence_Complexity,6,0.24,2.504570980590055,2,0,3,3,0,0,0,1,4,0,0,3,6,1,1,0,1
4100,76,9,40,27,67,0.881578947368421,0.5263157894736842,0.35526315789473684,Speed,4,0.14814814814814814,2.5382462789507416,0,2,1,3,3,3,3,0,0,0,0,3,3,2,0,4,0
4101,76,22,25,29,54,0.7105263157894737,0.32894736842105265,0.3815789473684211,Localization,6,0.20689655172413793,2.5842073646025834,6,5,0,5,0,2,0,1,6,0,0,4,0,0,0,0,0
4102,76,39,16,21,37,0.4868421052631579,0.21052631578947367,0.27631578947368424,Curvature,9,0.42857142857142855,1.9100385455848703,0,9,6,0,0,0,0,0,0,0,0,0,6,0,0,0,0
4103,76,24,17,35,52,0.6842105263157895,0.2236842105263158,0.4605263157894737,Sampling_Gaps,7,0.2,2.5928829004096428,7,7,0,7,0,0,0,0,7,0,0,7,0,0,0,0,0
4104,76,10,34,32,66,0.868421052631579,0.4473684210526316,0.42105263157894735,Sequence_Complexity,5,0.15625,2.618310929259296,5,5,0,5,0,0,0,0,0,5,0,5,5,0,1,0,1
4105,76,4,51,21,72,0.9473684210526315,0.6710526315789473,0.27631578947368424,Temporal,2,0.09523809523809523,2.0993262971206077,2,2,2,2,0,2,2,1,2,0,1,2,1,0,0,0,2
4106,76,24,27,25,52,0.6842105263157895,0.35526315789473684,0.32894736842105265,Sampling_Gaps,6,0.24,2.3820704007991704,0,0,0,6,0,0,4,0,5,0,0,6,0,0,0,3,1
4107,76,46,22,8,30,0.39473684210526316,0.2894736842105263,0.10526315789473684,Temporal,2,0.25,1.5348834925403863,1,0,2,0,0,0,0,1,0,0,0,0,0,2,0,0,2
4108,76,16,45,15,60,0.7894736842105263,0.5921052631578947,0.19736842105263158,Speed,4,0.26666666666666666,1.8909092327220671,0,0,4,0,0,0,2,0,0,1,2,0,0,1,0,4,1
4109,76,31,36,9,45,0.5921052631578947,0.47368421052631576,0.11842105263157894,Extent,3,0.3333333333333333,1.636713392705693,0,0,2,0,3,0,0,0,0,0,0,0,0,2,0,2,0
4110,76,31,32,13,45,0.5921052631578947,0.42105263157894735,0.17105263157894737,Phase_Change,3,0.23076923076923078,1.881549248595118,2,0,3,0,0,0,0,0,0,3,3,0,0,2,0,0,0
4111,76,29,32,15,47,0.618421052631579,0.42105263157894735,0.19736842105263158,Indentation,7,0.4666666666666667,1.898809969850127,0,0,0,0,0,1,7,1,0,0,0,0,4,0,0,2,0
4112,76,72,2,2,4,0.05263157894736842,0.02631578947368421,0.02631578947368421,Kinematic,2,1.0,0.35010382786665806,0,0,0,0,0,0,0,2,0,0,0,0,0,0,0,0,0
4113,76,24,50,2,52,0.6842105263157895,0.6578947368421053,0.02631578947368421,Localization,1,0.5,1.0869813357324802,0,0,0,0,0,0,1,0,1,0,0,0,0,0,0,0,0
4114,76,9,49,18,67,0.881578947368421,0.6447368421052632,0.23684210526315788,Displacement,4,0.2222222222222222,2.005756528222671,2,0,4,0,0,0,1,1,1,1,2,0,1,3,0,2,0
4115,76,39,22,15,37,0.4868421052631579,0.2894736842105263,0.19736842105263158,Sequence_Complexity,7,0.4666666666666667,1.7821453870701855,0,0,0,0,0,0,0,1,0,0,0,0,7,0,1,6,0
4116,76,55,17,4,21,0.27631578947368424,0.2236842105263158,0.05263157894736842,Speed,2,0.5,1.0971162957447427,0,0,0,0,0,0,0,0,0,0,0,0,2,0,0,2,0
4117,76,28,48,0,48,0.631578947368421,0.631578947368421,0.0,,0,0.0,0.9494520153879484,0,0,0,0,0,0,0,0,0,0,0,0,0,0,0,0,0
4118,76,15,55,6,61,0.8026315789473685,0.7236842105263158,0.07894736842105263,Indentation,5,0.8333333333333334,1.1401935180169949,0,0,0,0,0,0,5,0,0,0,0,0,0,0,0,1,0
4119,76,16,47,13,60,0.7894736842105263,0.618421052631579,0.17105263157894737,Duration,6,0.46153846153846156,1.7403557893228496,1,0,0,6,0,0,1,0,0,1,0,0,1,2,0,1,0
4120,76,37,28,11,39,0.5131578947368421,0.3684210526315789,0.14473684210526316,Indentation,5,0.45454545454545453,1.635098654302037,0,0,5,0,0,0,5,0,0,0,1,0,0,0,0,0,0
4121,76,65,6,5,11,0.14473684210526316,0.07894736842105263,0.06578947368421052,Duration,5,1.0,0.7403837854749895,0,0,0,5,0,0,0,0,0,0,0,0,0,0,0,0,0
4122,76,51,20,5,25,0.32894736842105265,0.2631578947368421,0.06578947368421052,Indentation,3,0.6,1.2415177523849408,0,0,0,0,0,1,3,0,0,0,0,0,0,0,0,1,0
4123,76,61,3,12,15,0.19736842105263158,0.039473684210526314,0.15789473684210525,Extent,9,0.75,0.9872159659614301,0,0,0,0,9,0,0,0,0,0,0,0,0,0,3,0,0
4124,76,28,36,12,48,0.631578947368421,0.47368421052631576,0.15789473684210525,Indentation,5,0.4166666666666667,1.8125621733628428,0,1,0,0,3,1,5,0,0,0,0,0,0,0,1,0,1
4125,76,13,56,7,63,0.8289473684210527,0.7368421052631579,0.09210526315789473,Indentation,4,0.5714285714285714,1.2042749875085852,0,0,0,0,0,0,4,2,0,0,1,0,0,0,0,0,0
4126,76,31,40,5,45,0.5921052631578947,0.5263157894736842,0.06578947368421052,Localization,2,0.4,1.3734905474240113,1,2,0,0,0,0,0,0,2,0,0,0,0,0,0,0,0
4127,76,3,53,20,73,0.9605263157894737,0.6973684210526315,0.2631578947368421,Speed,3,0.15,1.8155065054568247,0,3,3,3,1,0,3,0,0,1,0,0,3,0,0,3,0
4128,76,18,51,7,58,0.7631578947368421,0.6710526315789473,0.09210526315789473,Speed,3,0.42857142857142855,1.3386218559610674,0,0,2,0,0,0,0,0,0,0,2,0,0,0,0,3,0
4129,76,34,26,16,42,0.5526315789473685,0.34210526315789475,0.21052631578947367,Indentation,8,0.5,1.8327999180385828,0,0,0,0,0,3,8,0,0,0,0,0,0,0,0,5,0
4130,76,51,11,14,25,0.32894736842105265,0.14473684210526316,0.18421052631578946,Indentation,10,0.7142857142857143,1.3983653924642412,0,0,0,0,0,4,10,0,0,0,0,0,0,0,0,0,0
4131,76,31,35,10,45,0.5921052631578947,0.4605263157894737,0.13157894736842105,Path_Evolution,3,0.3,1.7234554250589746,0,2,1,0,0,0,0,0,0,3,0,0,2,0,2,0,0
4132,76,65,4,7,11,0.14473684210526316,0.05263157894736842,0.09210526315789473,Sequence_Complexity,7,1.0,0.7333828779007858,0,0,0,0,0,0,0,0,0,0,0,0,7,0,0,0,0
4133,76,22,39,15,54,0.7105263157894737,0.5131578947368421,0.19736842105263158,Extent,7,0.4666666666666667,1.9335897950218555,1,0,0,0,7,0,0,2,1,1,0,0,1,0,2,0,0
4134,76,3,57,16,73,0.9605263157894737,0.75,0.21052631578947367,Indentation,3,0.1875,1.623002765864057,1,1,3,0,3,1,3,0,1,1,0,0,1,1,0,0,0
4135,76,39,19,18,37,0.4868421052631579,0.25,0.23684210526315788,Speed,7,0.3888888888888889,1.9039238529190818,0,0,0,0,0,2,7,2,0,0,0,0,0,0,0,7,0
4136,76,11,31,34,65,0.8552631578947368,0.40789473684210525,0.4473684210526316,Speed,5,0.14705882352941177,2.8323726406925642,0,0,5,4,0,0,0,2,0,5,3,3,5,0,2,5,0
4137,76,10,51,15,66,0.868421052631579,0.6710526315789473,0.19736842105263158,Acceleration,5,0.3333333333333333,1.6638844033074391,5,3,0,3,0,0,0,1,0,0,0,3,0,0,0,0,0
4138,76,21,34,21,55,0.7236842105263158,0.4473684210526316,0.27631578947368424,Indentation,7,0.3333333333333333,2.1165682711536844,0,0,0,0,6,0,7,0,0,1,5,0,2,0,0,0,0
4139,76,16,23,37,60,0.7894736842105263,0.3026315789473684,0.4868421052631579,Speed,6,0.16216216216216217,2.990034061261713,0,0,0,5,5,2,5,0,0,0,0,5,5,2,0,6,2
4140,76,39,28,9,37,0.4868421052631579,0.3684210526315789,0.11842105263157894,Sequence_Complexity,4,0.4444444444444444,1.60665614037463,2,0,0,0,0,0,0,1,0,0,0,0,4,0,2,0,0
4141,76,11,30,35,65,0.8552631578947368,0.39473684210526316,0.4605263157894737,Sampling_Gaps,5,0.14285714285714285,2.909782413824992,0,5,0,5,1,2,4,0,5,4,0,5,0,2,2,0,0
4142,76,18,36,22,58,0.7631578947368421,0.47368421052631576,0.2894736842105263,Sampling_Gaps,6,0.2727272727272727,2.2880539925396093,0,0,4,0,0,0,0,1,2,3,0,6,3,0,3,0,0
4143,76,24,23,29,52,0.6842105263157895,0.3026315789473684,0.3815789473684211,Sequence_Complexity,7,0.2413793103448276,2.58527356681052,0,6,0,0,5,0,0,3,4,3,0,0,7,0,1,0,0
4144,76,3,65,8,73,0.9605263157894737,0.8552631578947368,0.10526315789473684,Speed,1,0.125,1.0346538904302565,1,0,1,1,1,0,0,0,1,1,0,1,0,0,0,1,0
4145,76,16,38,22,60,0.7894736842105263,0.5,0.2894736842105263,Phase_Change,6,0.2727272727272727,2.1433147433930984,0,0,6,0,1,0,0,0,0,6,6,0,0,2,1,0,0
4146,76,21,42,13,55,0.7236842105263158,0.5526315789473685,0.17105263157894737,Localization,6,0.46153846153846156,1.6974615514195637,5,0,0,0,0,0,0,1,6,0,0,0,0,0,1,0,0
4147,76,6,56,14,70,0.9210526315789473,0.7368421052631579,0.18421052631578946,Localization,4,0.2857142857142857,1.4653414852631088,1,0,4,0,0,0,0,0,4,0,3,0,0,0,0,2,0
4148,76,28,44,4,48,0.631578947368421,0.5789473684210527,0.05263157894736842,Speed,1,0.25,1.3160731840007696,0,0,1,0,0,0,0,0,1,0,0,0,1,0,0,1,0
4149,76,37,20,19,39,0.5131578947368421,0.2631578947368421,0.25,Speed,5,0.2631578947368421,2.1321646594902277,4,0,4,0,0,0,0,2,0,0,0,0,0,2,0,5,2
4150,76,22,35,19,54,0.7105263157894737,0.4605263157894737,0.25,Speed,4,0.21052631578947367,2.173816971297607,4,0,4,0,0,0,0,1,0,0,0,0,4,1,0,4,1
4151,76,10,62,4,66,0.868421052631579,0.8157894736842105,0.05263157894736842,Sequence_Complexity,1,0.25,0.9534610372217449,1,0,0,0,0,0,0,0,1,0,1,0,1,0,0,0,0
4152,76,22,32,22,54,0.7105263157894737,0.42105263157894735,0.2894736842105263,Localization,6,0.2727272727272727,2.3319107948337505,2,0,4,0,2,0,0,2,6,0,0,0,0,2,0,4,0
4153,76,24,37,15,52,0.6842105263157895,0.4868421052631579,0.19736842105263158,Sampling_Gaps,6,0.4,1.9346587693089439,0,0,1,3,3,0,0,1,0,0,0,6,1,0,0,0,0
4154,76,15,44,17,61,0.8026315789473685,0.5789473684210527,0.2236842105263158,Localization,6,0.35294117647058826,1.85532356393276,0,0,6,0,2,0,2,0,6,0,0,0,0,1,0,0,0
4155,76,7,55,14,69,0.9078947368421053,0.7236842105263158,0.18421052631578946,Temporal,2,0.14285714285714285,1.7002134516243808,1,0,0,2,0,0,0,2,1,1,0,2,1,1,0,1,2
4156,76,18,45,13,58,0.7631578947368421,0.5921052631578947,0.17105263157894737,Speed,5,0.38461538461538464,1.766920048477832,1,0,1,0,0,0,0,0,0,1,0,0,2,3,0,5,0
4157,76,10,49,17,66,0.868421052631579,0.6447368421052632,0.2236842105263158,Sampling_Gaps,5,0.29411764705882354,1.7800414047673687,1,0,4,5,0,0,0,0,1,1,0,5,0,0,0,0,0
4158,76,11,52,13,65,0.8552631578947368,0.6842105263157895,0.17105263157894737,SpatioTemporal_Dynamics,2,0.15384615384615385,1.7153404983337555,1,0,2,2,1,0,0,0,0,2,0,2,1,0,2,0,0
4159,76,18,39,19,58,0.7631578947368421,0.5131578947368421,0.25,Temporal,3,0.15789473684210525,2.1726819664097685,0,3,0,3,0,0,0,0,1,3,0,3,0,0,3,0,3
4160,76,10,50,16,66,0.868421052631579,0.6578947368421053,0.21052631578947367,Extent,5,0.3125,1.7871152646008657,4,2,2,0,5,0,0,0,1,1,1,0,0,0,0,0,0
4161,76,16,43,17,60,0.7894736842105263,0.5657894736842105,0.2236842105263158,Sequence_Complexity,5,0.29411764705882354,2.0776771854616505,0,2,0,0,1,1,1,1,2,0,0,0,5,0,0,2,2
4162,76,9,39,28,67,0.881578947368421,0.5131578947368421,0.3684210526315789,Phase_Change,4,0.14285714285714285,2.4889859140059225,4,0,3,4,0,0,3,0,3,4,4,0,0,0,0,3,0
4163,76,21,36,19,55,0.7236842105263158,0.47368421052631576,0.25,Acceleration,7,0.3684210526315789,2.0687552652973054,7,0,0,0,0,0,0,0,1,5,1,4,0,0,0,0,1
4164,76,22,29,25,54,0.7105263157894737,0.3815789473684211,0.32894736842105265,Duration,7,0.28,2.462927790657043,3,0,1,7,0,0,0,2,0,0,0,6,0,2,0,3,1
4165,76,10,55,11,66,0.868421052631579,0.7236842105263158,0.14473684210526316,Duration,4,0.36363636363636365,1.49537402406556,2,0,0,4,0,0,0,0,0,1,1,1,1,0,0,1,0
4166,76,2,65,9,74,0.9736842105263158,0.8552631578947368,0.11842105263157894,Sampling_Gaps,2,0.2222222222222222,0.9919550417745125,2,0,1,2,0,0,1,0,1,0,0,2,0,0,0,0,0
4167,76,24,38,14,52,0.6842105263157895,0.5,0.18421052631578946,Speed,7,0.5,1.828628599170813,1,0,0,3,0,0,0,0,0,0,0,2,0,0,0,7,1
4168,76,13,50,13,63,0.8289473684210527,0.6578947368421053,0.17105263157894737,Localization,4,0.3076923076923077,1.638736384172922,1,0,0,4,0,0,0,0,4,0,0,2,0,0,0,2,0
4169,76,39,15,22,37,0.4868421052631579,0.19736842105263158,0.2894736842105263,Localization,7,0.3181818181818182,2.086613922587192,0,5,0,0,0,0,0,0,7,0,0,0,6,1,0,0,3
4170,76,27,30,19,49,0.6447368421052632,0.39473684210526316,0.25,Localization,7,0.3684210526315789,2.0473990281663164,0,0,4,0,4,0,0,0,7,0,0,0,0,4,0,0,0
4171,76,7,47,22,69,0.9078947368421053,0.618421052631579,0.2894736842105263,Duration,4,0.18181818181818182,2.2022426715302217,1,0,4,4,1,0,0,2,3,0,1,1,0,2,0,1,2
4172,76,6,41,29,70,0.9210526315789473,0.5394736842105263,0.3815789473684211,Sampling_Gaps,4,0.13793103448275862,2.512081530603693,4,4,4,0,0,0,3,0,4,2,0,4,2,1,0,0,1
4173,76,4,49,23,72,0.9473684210526315,0.6447368421052632,0.3026315789473684,Sampling_Gaps,3,0.13043478260869565,2.203382186231275,3,0,3,2,1,0,0,1,0,2,2,3,2,2,0,1,1
4174,76,11,41,24,65,0.8552631578947368,0.5394736842105263,0.3157894736842105,Duration,4,0.16666666666666666,2.327163796327242,0,4,4,4,0,0,0,0,3,0,0,3,3,2,0,0,1
4175,76,22,37,17,54,0.7105263157894737,0.4868421052631579,0.2236842105263158,Displacement,5,0.29411764705882354,2.0838892159076843,2,0,5,0,0,0,0,0,0,0,1,0,4,2,1,2,0
4176,76,22,28,26,54,0.7105263157894737,0.3684210526315789,0.34210526315789475,Sequence_Complexity,7,0.2692307692307692,2.4810713970892397,7,0,3,0,3,0,0,1,3,0,0,0,7,1,0,0,1
4177,76,51,15,10,25,0.32894736842105265,0.19736842105263158,0.13157894736842105,Speed,4,0.4,1.4334926269347164,0,0,0,0,4,0,0,0,0,0,0,0,0,0,0,4,2
4178,76,27,22,27,49,0.6447368421052632,0.2894736842105263,0.35526315789473684,Localization,7,0.25925925925925924,2.447006479548349,0,2,0,0,0,0,0,0,7,5,0,6,0,2,0,5,0
4179,76,15,55,6,61,0.8026315789473685,0.7236842105263158,0.07894736842105263,Localization,3,0.5,1.204071846599539,0,0,0,0,0,0,2,0,3,0,0,0,0,0,0,1,0
4180,76,15,49,12,61,0.8026315789473685,0.6447368421052632,0.15789473684210525,Indentation,6,0.5,1.5901800949927514,0,0,0,0,0,0,6,0,3,0,1,0,1,0,1,0,0
4181,76,24,45,7,52,0.6842105263157895,0.5921052631578947,0.09210526315789473,Extent,3,0.42857142857142855,1.4857251864132355,0,0,1,0,3,0,0,0,0,0,1,0,0,0,0,1,1
4182,76,61,12,3,15,0.19736842105263158,0.15789473684210525,0.039473684210526314,Indentation,2,0.6666666666666666,0.8953679397595073,0,0,0,0,0,0,2,0,0,0,0,0,0,0,0,0,1
4183,76,10,60,6,66,0.868421052631579,0.7894736842105263,0.07894736842105263,Temporal,1,0.16666666666666666,1.1474970307411547,0,0,1,0,1,0,1,0,1,0,0,0,0,0,0,1,1
4184,76,29,34,13,47,0.618421052631579,0.4473684210526316,0.17105263157894737,Sequence_Complexity,5,0.38461538461538464,1.8766154945250137,2,0,3,0,1,0,0,0,0,0,0,0,5,1,1,0,0
4185,76,13,57,6,63,0.8289473684210527,0.75,0.07894736842105263,Phase_Change,2,0.3333333333333333,1.1876584720853685,0,0,0,0,0,0,0,1,2,0,2,0,0,0,1,0,0
4186,76,31,35,10,45,0.5921052631578947,0.4605263157894737,0.13157894736842105,Sequence_Complexity,6,0.6,1.6082595368726134,0,2,2,0,0,0,0,0,0,0,0,0,6,0,0,0,0
4187,76,45,29,2,31,0.40789473684210525,0.3815789473684211,0.02631578947368421,Temporal,1,0.5,1.1424691161602307,0,0,0,0,0,0,0,0,0,0,0,0,0,0,1,0,1
4188,76,29,31,16,47,0.618421052631579,0.40789473684210525,0.21052631578947367,Indentation,8,0.5,1.9523810071186811,0,0,2,0,0,2,8,0,2,0,0,0,2,0,0,0,0
4189,76,56,14,6,20,0.2631578947368421,0.18421052631578946,0.07894736842105263,Temporal,2,0.3333333333333333,1.1885216641800027,0,0,2,0,0,0,0,0,0,0,0,0,0,0,2,0,2
4190,76,15,46,15,61,0.8026315789473685,0.6052631578947368,0.19736842105263158,Localization,5,0.3333333333333333,1.7754736994748488,0,0,2,0,0,0,5,0,5,0,2,0,0,0,0,1,0
4191,76,16,55,5,60,0.7894736842105263,0.7236842105263158,0.06578947368421052,Extent,3,0.6,1.133063411522273,0,0,0,0,3,0,0,0,0,0,0,0,0,2,0,0,0
4192,76,42,33,1,34,0.4473684210526316,0.4342105263157895,0.013157894736842105,Sequence_Complexity,1,1.0,1.0776335963970474,0,0,0,0,0,0,0,0,0,0,0,0,1,0,0,0,0
4193,76,27,26,23,49,0.6447368421052632,0.34210526315789475,0.3026315789473684,Sampling_Gaps,7,0.30434782608695654,2.2656742023771117,7,0,3,0,1,0,0,4,0,0,0,7,0,0,0,1,0
4194,76,11,47,18,65,0.8552631578947368,0.618421052631579,0.23684210526315788,Sampling_Gaps,4,0.2222222222222222,1.992873745807406,0,0,1,3,3,1,0,0,0,0,0,4,1,0,0,3,2
4195,76,24,32,20,52,0.6842105263157895,0.42105263157894735,0.2631578947368421,Indentation,6,0.3,2.2326838884952767,0,2,1,0,0,0,6,0,0,0,0,5,2,2,0,0,2
4196,76,21,29,26,55,0.7236842105263158,0.3815789473684211,0.34210526315789475,Indentation,7,0.2692307692307692,2.4249533463083996,0,0,6,6,2,1,7,0,3,0,0,0,0,0,0,0,1
4197,76,34,20,22,42,0.5526315789473685,0.2631578947368421,0.2894736842105263,Sampling_Gaps,8,0.36363636363636365,2.0502704216712755,0,0,0,8,0,1,0,0,5,0,0,8,0,0,0,0,0
4198,76,48,19,9,28,0.3684210526315789,0.25,0.11842105263157894,Phase_Change,6,0.6666666666666666,1.454524910886078,0,0,0,0,0,0,0,0,1,0,6,0,0,1,0,0,1
4199,76,22,32,22,54,0.7105263157894737,0.42105263157894735,0.2894736842105263,Sampling_Gaps,7,0.3181818181818182,2.36281231517055,0,0,0,3,1,0,0,2,0,3,2,7,0,0,2,0,2
4200,76,28,33,15,48,0.631578947368421,0.4342105263157895,0.19736842105263158,Sampling_Gaps,4,0.26666666666666666,1.9706782534904026,4,4,0,0,0,1,0,1,0,0,0,4,0,0,0,0,1
4201,76,42,16,18,34,0.4473684210526316,0.21052631578947367,0.23684210526315788,Curvature,8,0.4444444444444444,1.843427588927818,0,8,0,6,3,1,0,0,0,0,0,0,0,0,0,0,0
4202,76,6,51,19,70,0.9210526315789473,0.6710526315789473,0.25,Temporal,3,0.15789473684210525,1.9081509680024398,0,3,0,2,2,1,0,0,3,0,0,3,0,0,0,2,3
4203,76,18,28,30,58,0.7631578947368421,0.3684210526315789,0.39473684210526316,Sampling_Gaps,5,0.16666666666666666,2.709981871437688,0,5,4,4,4,2,0,0,0,0,0,5,4,2,0,0,0
4204,76,18,29,29,58,0.7631578947368421,0.3815789473684211,0.3815789473684211,Duration,6,0.20689655172413793,2.6614894954468498,0,4,2,6,4,3,2,0,0,5,0,0,0,0,3,0,0
4205,76,15,32,29,61,0.8026315789473685,0.42105263157894735,0.3815789473684211,Path_Evolution,6,0.20689655172413793,2.6277606194026837,0,3,6,0,4,1,0,0,0,6,4,3,0,0,1,0,1
4206,76,31,18,27,45,0.5921052631578947,0.23684210526315788,0.35526315789473684,Duration,7,0.25925925925925924,2.421354551399654,6,0,0,7,0,0,2,3,0,6,0,0,0,0,3,0,0
4207,76,11,46,19,65,0.8552631578947368,0.6052631578947368,0.25,Sampling_Gaps,5,0.2631578947368421,1.8931048922995948,0,0,0,0,5,0,0,0,0,2,5,5,0,0,0,0,2
4208,76,18,34,24,58,0.7631578947368421,0.4473684210526316,0.3157894736842105,Phase_Change,6,0.25,2.293168149740244,2,6,0,6,0,2,0,0,0,0,6,0,0,0,0,0,2
4209,76,15,43,18,61,0.8026315789473685,0.5657894736842105,0.23684210526315788,Sampling_Gaps,5,0.2777777777777778,2.0136242717693063,0,0,3,0,0,0,2,0,0,2,3,5,0,0,0,3,0
4210,76,3,56,17,73,0.9605263157894737,0.7368421052631579,0.2236842105263158,Speed,3,0.17647058823529413,1.649552011578898,3,0,2,2,2,0,0,1,2,0,0,2,0,0,0,3,0
4211,76,18,25,33,58,0.7631578947368421,0.32894736842105265,0.4342105263157895,Speed,5,0.15151515151515152,2.817492879932523,0,0,0,5,5,0,2,0,0,0,5,5,0,3,0,5,3
4212,76,13,37,26,63,0.8289473684210527,0.4868421052631579,0.34210526315789475,Sampling_Gaps,5,0.19230769230769232,2.4789893583175435,0,3,0,5,0,1,2,0,5,2,0,5,0,2,0,1,0
4213,76,46,25,5,30,0.39473684210526316,0.32894736842105265,0.06578947368421052,Path_Evolution,3,0.6,1.314570378902083,0,0,1,0,1,0,0,0,0,3,0,0,0,0,0,0,0
4214,76,18,56,2,58,0.7631578947368421,0.7368421052631579,0.02631578947368421,Sequence_Complexity,2,1.0,0.95489428105954,0,0,0,0,0,0,0,0,0,0,0,0,2,0,0,0,0
4215,76,15,45,16,61,0.8026315789473685,0.5921052631578947,0.21052631578947367,Localization,5,0.3125,1.7944300894677472,3,0,3,0,0,0,5,0,5,0,0,0,0,0,0,0,0
4216,76,48,24,4,28,0.3684210526315789,0.3157894736842105,0.05263157894736842,Localization,2,0.5,1.220068302234069,0,0,0,0,0,0,0,2,2,0,0,0,0,0,0,0,0
4217,76,11,51,14,65,0.8552631578947368,0.6710526315789473,0.18421052631578946,Path_Evolution,2,0.14285714285714285,1.835461194423104,2,2,1,0,0,1,2,1,1,2,1,0,0,0,0,0,1
4218,76,39,28,9,37,0.4868421052631579,0.3684210526315789,0.11842105263157894,Temporal,3,0.3333333333333333,1.6230391995566897,2,0,0,0,2,0,0,2,0,0,0,0,0,0,0,0,3
4219,76,27,45,4,49,0.6447368421052632,0.5921052631578947,0.05263157894736842,Speed,1,0.25,1.306936041163993,0,0,0,0,0,0,1,0,0,0,0,0,1,1,0,1,0
4220,76,16,51,9,60,0.7894736842105263,0.6710526315789473,0.11842105263157894,Temporal,1,0.1111111111111111,1.5993262971206077,0,1,1,0,1,0,0,0,1,0,1,0,1,1,1,0,1
4221,76,29,38,9,47,0.618421052631579,0.5,0.11842105263157894,Displacement,3,0.3333333333333333,1.6550645940788575,1,0,3,0,0,0,0,0,2,2,0,0,0,0,0,0,1
4222,76,24,29,23,52,0.6842105263157895,0.3815789473684211,0.3026315789473684,Sampling_Gaps,7,0.30434782608695654,2.3040683977969967,0,1,3,7,0,0,0,0,0,0,0,7,3,1,0,0,1
4223,76,42,22,12,34,0.4473684210526316,0.2894736842105263,0.15789473684210525,Indentation,8,0.6666666666666666,1.5560218901971583,0,0,0,0,0,4,8,0,0,0,0,0,0,0,0,0,0
4224,76,16,53,7,60,0.7894736842105263,0.6973684210526315,0.09210526315789473,Indentation,3,0.42857142857142855,1.3487870977328877,1,0,1,0,0,1,3,0,0,0,0,0,1,0,0,0,0
4225,76,16,42,18,60,0.7894736842105263,0.5526315789473685,0.23684210526315788,Path_Evolution,4,0.2222222222222222,2.0475035758268563,4,0,0,0,4,0,0,0,0,4,0,0,0,1,1,3,1
4226,76,39,30,7,37,0.4868421052631579,0.39473684210526316,0.09210526315789473,Path_Evolution,3,0.42857142857142855,1.5098710409956024,0,0,0,0,0,0,0,0,0,3,1,0,0,0,2,1,0
4227,76,24,23,29,52,0.6842105263157895,0.3026315789473684,0.3815789473684211,Sampling_Gaps,7,0.2413793103448276,2.440032693095835,0,5,0,7,3,0,0,0,7,0,0,7,0,0,0,0,0
4228,76,7,49,20,69,0.9078947368421053,0.6447368421052632,0.2631578947368421,Path_Evolution,4,0.2,1.9909912724144814,0,4,2,0,2,0,0,0,2,4,2,0,0,0,1,3,0
4229,76,27,32,17,49,0.6447368421052632,0.42105263157894735,0.2236842105263158,Indentation,4,0.23529411764705882,2.1078403415369533,0,0,0,2,0,0,4,0,3,0,2,3,0,0,0,0,3
4230,76,11,32,33,65,0.8552631578947368,0.42105263157894735,0.4342105263157895,Phase_Change,5,0.15151515151515152,2.831643872253004,0,0,4,3,0,1,4,0,5,5,5,2,0,0,2,0,2
4231,76,46,17,13,30,0.39473684210526316,0.2236842105263158,0.17105263157894737,Localization,6,0.46153846153846156,1.582266088594477,0,0,0,6,0,0,0,0,6,0,1,0,0,0,0,0,0
4232,76,24,39,13,52,0.6842105263157895,0.5131578947368421,0.17105263157894737,Phase_Change,6,0.46153846153846156,1.8310911771638172,1,0,0,0,1,0,0,2,0,1,6,0,0,2,0,0,0
4233,76,13,42,21,63,0.8289473684210527,0.5526315789473685,0.27631578947368424,Displacement,5,0.23809523809523808,2.1978968681617994,5,0,5,0,2,0,0,1,0,2,0,0,2,2,0,2,0
4234,76,10,39,27,66,0.868421052631579,0.5131578947368421,0.35526315789473684,Displacement,5,0.18518518518518517,2.547608165214263,1,0,5,0,0,1,4,1,4,0,3,3,0,1,1,3,0
4235,76,3,59,14,73,0.9605263157894737,0.7763157894736842,0.18421052631578946,Sequence_Complexity,2,0.14285714285714285,1.434363994831584,0,0,2,2,0,0,2,0,0,2,2,2,2,0,0,0,0
4236,76,16,22,38,60,0.7894736842105263,0.2894736842105263,0.5,Speed,6,0.15789473684210525,2.987977038420361,4,0,6,0,0,0,0,1,0,6,6,5,0,2,0,6,2
4237,76,6,57,13,70,0.9210526315789473,0.75,0.17105263157894737,Indentation,4,0.3076923076923077,1.4586577001315164,0,0,4,0,1,1,4,1,0,1,0,0,0,1,0,0,0
4238,76,10,43,23,66,0.868421052631579,0.5657894736842105,0.3026315789473684,Localization,5,0.21739130434782608,2.162100752231731,5,4,0,0,1,0,0,0,5,4,0,0,1,0,0,3,0
4239,76,16,32,28,60,0.7894736842105263,0.42105263157894735,0.3684210526315789,Localization,6,0.21428571428571427,2.57695753371081,0,3,0,0,3,2,5,0,6,0,0,5,0,0,0,3,1
4240,76,18,48,10,58,0.7631578947368421,0.631578947368421,0.13157894736842105,Localization,4,0.4,1.4961268547517812,0,0,4,0,0,0,0,0,4,0,0,0,0,2,0,0,0
4241,76,31,37,8,45,0.5921052631578947,0.4868421052631579,0.10526315789473684,Localization,5,0.625,1.5118814525922553,0,0,0,2,0,0,0,0,5,0,0,1,0,0,0,0,0
4242,76,6,70,0,70,0.9210526315789473,0.9210526315789473,0.0,,0,0.0,0.3984592740952357,0,0,0,0,0,0,0,0,0,0,0,0,0,0,0,0,0
4243,76,18,37,21,58,0.7631578947368421,0.4868421052631579,0.27631578947368424,Sampling_Gaps,4,0.19047619047619047,2.2141997232278454,0,0,4,4,0,0,0,0,0,0,4,4,3,2,0,0,0
4244,76,13,37,26,63,0.8289473684210527,0.4868421052631579,0.34210526315789475,Extent,5,0.19230769230769232,2.4523336800417153,0,4,4,4,5,0,2,0,0,0,2,0,0,1,0,4,0
4245,76,18,32,26,58,0.7631578947368421,0.42105263157894735,0.34210526315789475,Localization,6,0.23076923076923078,2.5151927699034236,0,3,0,0,3,1,0,0,6,4,0,5,0,2,0,2,0
4246,76,18,20,38,58,0.7631578947368421,0.2631578947368421,0.5,Sampling_Gaps,6,0.15789473684210525,2.8721924877900267,0,0,0,6,6,0,6,0,6,6,0,6,0,2,0,0,0
4247,76,7,45,24,69,0.9078947368421053,0.5921052631578947,0.3157894736842105,Displacement,4,0.16666666666666666,2.3031324634713166,1,1,4,0,0,0,0,2,0,3,3,3,0,2,0,3,2
4248,76,36,19,21,40,0.5263157894736842,0.25,0.27631578947368424,Phase_Change,6,0.2857142857142857,2.1248058315971097,6,6,0,0,0,1,0,1,0,0,6,0,0,0,0,0,1
4249,76,27,14,35,49,0.6447368421052632,0.18421052631578946,0.4605263157894737,Sampling_Gaps,7,0.2,2.643973437663719,0,0,0,7,7,0,0,0,0,0,7,7,5,0,0,0,2
4250,76,3,66,7,73,0.9605263157894737,0.868421052631579,0.09210526315789473,Path_Evolution,3,0.42857142857142855,0.8474040018385214,0,0,0,0,0,0,0,0,2,3,0,0,1,0,0,1,0
4251,76,15,40,21,61,0.8026315789473685,0.5263157894736842,0.27631578947368424,Phase_Change,5,0.23809523809523808,2.2551031558033303,3,0,0,0,1,0,0,1,5,2,5,0,0,0,1,2,1
4252,76,10,34,32,66,0.868421052631579,0.4473684210526316,0.42105263157894735,Sequence_Complexity,5,0.15625,2.7133014680602647,5,0,5,0,0,0,0,1,0,5,4,4,5,1,1,0,1
4253,76,1,62,13,75,0.9868421052631579,0.8157894736842105,0.17105263157894737,Sampling_Gaps,2,0.15384615384615385,1.3116094707595556,1,1,2,0,0,0,1,0,1,2,1,2,1,0,0,1,0
4254,76,10,39,27,66,0.868421052631579,0.5131578947368421,0.35526315789473684,Speed,5,0.18518518518518517,2.4625503567049187,5,0,5,0,0,0,0,1,0,3,2,2,3,1,0,5,0
4255,76,10,41,25,66,0.868421052631579,0.5394736842105263,0.32894736842105265,Sampling_Gaps,5,0.2,2.4520254922244824,4,0,2,0,0,0,0,1,2,4,2,5,2,1,1,0,1
4256,76,6,48,22,70,0.9210526315789473,0.631578947368421,0.2894736842105263,Sampling_Gaps,4,0.18181818181818182,2.065655966793153,3,2,4,3,0,0,3,0,0,2,1,4,0,0,0,0,0
4257,76,10,50,16,66,0.868421052631579,0.6578947368421053,0.21052631578947367,Path_Evolution,4,0.25,1.7556631655802974,4,0,4,0,0,0,0,0,2,4,1,0,0,1,0,0,0
4258,76,3,58,15,73,0.9605263157894737,0.7631578947368421,0.19736842105263158,Path_Evolution,3,0.2,1.5370385631292485,2,0,3,1,0,0,1,0,1,3,2,1,0,0,0,1,0
4259,76,38,30,8,38,0.5,0.39473684210526316,0.10526315789473684,Extent,6,0.75,1.4566414820825495,2,0,0,0,6,0,0,0,0,0,0,0,0,0,0,0,0
4260,76,46,26,4,30,0.39473684210526316,0.34210526315789475,0.05263157894736842,Temporal,1,0.25,1.296673794360809,0,1,0,0,0,0,0,1,0,0,0,0,0,0,1,0,1
4261,76,48,26,2,28,0.3684210526315789,0.34210526315789475,0.02631578947368421,Temporal,1,0.5,1.1125376094135342,0,0,0,0,0,0,0,1,0,0,0,0,0,0,0,0,1
4262,76,39,30,7,37,0.4868421052631579,0.39473684210526316,0.09210526315789473,Displacement,3,0.42857142857142855,1.5098710409956024,0,0,3,0,0,0,0,0,1,1,0,0,0,0,2,0,0
4263,76,16,49,11,60,0.7894736842105263,0.6447368421052632,0.14473684210526316,Curvature,4,0.36363636363636365,1.6279172192114115,1,4,1,0,0,2,0,0,0,0,0,0,0,2,0,1,0
4264,76,31,20,25,45,0.5921052631578947,0.2631578947368421,0.32894736842105265,Sequence_Complexity,5,0.2,2.401120356241246,5,0,0,0,0,0,0,3,5,4,0,0,5,0,0,0,3
4265,76,24,30,22,52,0.6842105263157895,0.39473684210526316,0.2894736842105263,Localization,7,0.3181818181818182,2.178142325331306,7,0,0,0,0,0,1,0,7,4,0,0,0,3,0,0,0
4266,76,15,57,4,61,0.8026315789473685,0.75,0.05263157894736842,SpatioTemporal_Dynamics,1,0.25,1.1021631747394005,0,1,0,0,0,0,0,0,1,0,1,0,0,0,1,0,0
4267,76,51,20,5,25,0.32894736842105265,0.2631578947368421,0.06578947368421052,Sequence_Complexity,3,0.6,1.2152019629112567,0,2,0,0,0,0,0,0,0,0,0,0,3,0,0,0,0
4268,76,21,39,16,55,0.7236842105263158,0.5131578947368421,0.21052631578947367,Duration,6,0.375,1.9074126789921566,0,0,0,6,4,0,0,0,0,0,1,4,0,0,0,0,1
4269,76,61,11,4,15,0.19736842105263158,0.14473684210526316,0.05263157894736842,SpatioTemporal_Dynamics,2,0.5,0.9343916529653442,0,0,0,0,0,0,0,0,0,0,0,0,2,0,2,0,0
4270,76,46,18,12,30,0.39473684210526316,0.23684210526315788,0.15789473684210525,Speed,4,0.3333333333333333,1.680263039699056,0,0,0,0,0,1,4,1,0,0,0,0,0,0,0,4,2
4271,76,6,59,11,70,0.9210526315789473,0.7763157894736842,0.14473684210526316,Displacement,3,0.2727272727272727,1.3355511658272823,1,2,3,0,1,0,0,0,0,2,0,0,0,0,0,2,0
4272,76,22,44,10,54,0.7105263157894737,0.5789473684210527,0.13157894736842105,Indentation,4,0.4,1.5857895288375115,0,4,0,0,0,0,4,1,0,0,0,0,0,0,1,0,0
4273,76,11,38,27,65,0.8552631578947368,0.5,0.35526315789473684,Phase_Change,5,0.18518518518518517,2.536030358194149,0,0,0,3,3,0,0,0,3,4,5,3,0,0,2,2,2
4274,76,1,58,17,75,0.9868421052631579,0.7631578947368421,0.2236842105263158,Speed,2,0.11764705882352941,1.6194683329514905,2,2,2,0,2,0,0,1,2,0,0,1,0,1,1,2,1
4275,76,13,28,35,63,0.8289473684210527,0.3684210526315789,0.4605263157894737,Sampling_Gaps,5,0.14285714285714285,2.8496428880493996,5,0,0,4,0,0,0,0,5,5,5,5,0,0,3,0,3
4276,76,29,22,25,47,0.618421052631579,0.2894736842105263,0.32894736842105265,Sequence_Complexity,8,0.32,2.3716303431388885,0,5,0,0,0,0,4,0,0,0,0,0,8,0,2,4,2
4277,76,15,49,12,61,0.8026315789473685,0.6447368421052632,0.15789473684210525,Sequence_Complexity,6,0.5,1.652744404231744,0,1,0,0,0,0,1,0,0,1,1,0,6,0,1,1,0
4278,76,42,15,19,34,0.4473684210526316,0.19736842105263158,0.25,Sequence_Complexity,9,0.47368421052631576,1.86345835320341,0,4,0,0,0,1,5,0,0,0,0,0,9,0,0,0,0
4279,76,16,33,27,60,0.7894736842105263,0.4342105263157895,0.35526315789473684,Duration,6,0.2222222222222222,2.42156300862166,0,4,5,6,0,2,5,0,0,0,0,0,5,0,0,0,0
4280,76,27,29,20,49,0.6447368421052632,0.3815789473684211,0.2631578947368421,Localization,5,0.25,2.2053277783363443,0,5,3,0,0,1,0,0,5,2,0,0,4,0,0,0,0
4281,76,6,41,29,70,0.9210526315789473,0.5394736842105263,0.3815789473684211,Extent,4,0.13793103448275862,2.5810961687331213,0,4,4,4,4,1,3,0,0,0,0,1,3,1,1,2,1
4282,76,28,29,19,48,0.631578947368421,0.3815789473684211,0.25,Sequence_Complexity,7,0.3684210526315789,2.1491985778210063,0,3,5,0,0,1,0,0,0,0,0,0,7,1,1,0,1
4283,76,22,27,27,54,0.7105263157894737,0.35526315789473684,0.35526315789473684,Sequence_Complexity,7,0.25925925925925924,2.4512523216093203,0,4,4,0,0,2,7,0,3,0,0,0,7,0,0,0,0
4284,76,13,44,19,63,0.8289473684210527,0.5789473684210527,0.25,Sequence_Complexity,5,0.2631578947368421,2.023588519903114,0,1,0,0,0,3,1,0,5,0,1,0,5,0,3,0,0
4285,76,22,44,10,54,0.7105263157894737,0.5789473684210527,0.13157894736842105,Sequence_Complexity,7,0.7,1.5114278912795742,0,2,0,0,0,0,0,0,0,0,0,0,7,0,1,0,0
4286,76,21,31,24,55,0.7236842105263158,0.40789473684210525,0.3157894736842105,Sequence_Complexity,6,0.25,2.3386779869239627,0,1,0,6,0,3,6,0,1,0,0,1,6,0,0,0,0
4287,76,24,43,9,52,0.6842105263157895,0.5657894736842105,0.11842105263157894,Spatial_Context,2,0.2222222222222222,1.6772895598975595,1,1,1,0,1,2,0,0,1,0,0,0,0,2,0,0,0
4288,76,34,20,22,42,0.5526315789473685,0.2631578947368421,0.2894736842105263,Localization,8,0.36363636363636365,2.135117540298994,0,3,0,0,0,1,3,0,8,0,0,0,7,0,0,0,0
4289,76,22,44,10,54,0.7105263157894737,0.5789473684210527,0.13157894736842105,Sequence_Complexity,7,0.7,1.5114278912795742,0,0,0,0,1,0,0,0,0,0,0,0,7,0,2,0,0
4290,76,55,12,9,21,0.27631578947368424,0.15789473684210525,0.11842105263157894,Sampling_Gaps,6,0.6666666666666666,1.2313617666146308,0,0,0,0,0,0,0,0,0,0,3,6,0,0,0,0,0
4291,76,13,41,22,63,0.8289473684210527,0.5394736842105263,0.2894736842105263,Indentation,5,0.22727272727272727,2.2362858818128046,4,1,0,3,0,1,5,1,4,0,0,0,0,0,0,3,0
4292,76,36,37,3,40,0.5263157894736842,0.4868421052631579,0.039473684210526314,Displacement,3,1.0,1.2002701176230877,0,0,3,0,0,0,0,0,0,0,0,0,0,0,0,0,0
4293,76,11,53,12,65,0.8552631578947368,0.6973684210526315,0.15789473684210525,Duration,4,0.3333333333333333,1.5322904160880157,0,0,2,4,0,0,0,0,0,0,2,3,0,0,0,0,1
4294,76,28,39,9,48,0.631578947368421,0.5131578947368421,0.11842105263157894,Indentation,4,0.4444444444444444,1.5540245614272616,0,0,0,0,4,0,4,0,0,0,1,0,0,0,0,0,0
4295,76,16,49,11,60,0.7894736842105263,0.6447368421052632,0.14473684210526316,Acceleration,3,0.2727272727272727,1.6443002783934713,3,1,2,0,0,0,0,0,0,2,0,0,1,0,0,2,0
4296,76,11,41,24,65,0.8552631578947368,0.5394736842105263,0.3157894736842105,Phase_Change,5,0.20833333333333334,2.3736849351863194,1,0,5,0,1,0,0,1,0,0,5,3,2,2,1,3,0
4297,76,31,32,13,45,0.5921052631578947,0.42105263157894735,0.17105263157894737,Indentation,5,0.38461538461538464,1.811220591122139,2,0,2,0,0,0,5,0,4,0,0,0,0,0,0,0,0
4298,76,24,38,14,52,0.6842105263157895,0.5,0.18421052631578946,Displacement,4,0.2857142857142857,1.9293060262024344,2,2,4,0,0,0,0,0,0,3,2,0,0,1,0,0,0
4299,76,36,33,7,40,0.5263157894736842,0.4342105263157895,0.09210526315789473,Indentation,7,1.0,1.3501144812704877,0,0,0,0,0,0,7,0,0,0,0,0,0,0,0,0,0
4300,76,42,26,8,34,0.4473684210526316,0.34210526315789475,0.10526315789473684,Indentation,5,0.625,1.4808432384065704,0,0,0,0,2,0,5,0,0,0,0,0,0,0,0,1,0
4301,76,42,21,13,34,0.4473684210526316,0.27631578947368424,0.17105263157894737,Displacement,6,0.46153846153846156,1.7350240905284235,0,0,6,0,0,0,3,0,2,0,0,0,0,2,0,0,0
4302,76,27,37,12,49,0.6447368421052632,0.4868421052631579,0.15789473684210525,Localization,3,0.25,1.8085012030070697,3,3,0,0,0,0,0,2,3,0,0,0,0,0,0,1,0
4303,76,16,58,2,60,0.7894736842105263,0.7631578947368421,0.02631578947368421,Path_Evolution,1,0.5,0.9352578066357016,0,0,1,0,0,0,0,0,0,1,0,0,0,0,0,0,0
4304,76,13,47,16,63,0.8289473684210527,0.618421052631579,0.21052631578947367,Path_Evolution,5,0.3125,1.9119285615845927,1,0,2,0,1,0,0,0,1,5,1,0,2,3,0,0,0
4305,76,24,50,2,52,0.6842105263157895,0.6578947368421053,0.02631578947368421,Temporal,1,0.5,1.0869813357324802,0,0,0,0,0,0,0,0,0,1,0,0,0,0,0,0,1
4306,76,21,50,5,55,0.7236842105263158,0.6578947368421053,0.06578947368421052,Localization,2,0.4,1.2948817849292407,0,1,0,0,0,0,0,0,2,1,1,0,0,0,0,0,0
4307,76,34,29,13,42,0.5526315789473685,0.3815789473684211,0.17105263157894737,Indentation,6,0.46153846153846156,1.8252979349211966,0,2,0,0,0,1,6,0,3,0,0,0,1,0,0,0,0
4308,76,34,18,24,42,0.5526315789473685,0.23684210526315788,0.3157894736842105,Speed,7,0.2916666666666667,2.22556062510306,0,5,0,0,2,3,0,0,0,0,0,7,0,0,0,7,0
4309,76,18,38,20,58,0.7631578947368421,0.5,0.2631578947368421,Phase_Change,5,0.25,2.207018486865841,0,0,0,3,0,0,3,0,0,3,5,3,0,0,1,0,2
4310,76,48,13,15,28,0.3684210526315789,0.17105263157894737,0.19736842105263158,Curvature,8,0.5333333333333333,1.6566274624881492,0,8,0,0,3,2,0,0,0,0,0,0,0,2,0,0,0
4311,76,34,14,28,42,0.5526315789473685,0.18421052631578946,0.3684210526315789,Sampling_Gaps,6,0.21428571428571427,2.349035335435352,0,6,6,0,6,4,0,0,0,0,0,6,0,0,0,0,0
4312,76,37,22,17,39,0.5131578947368421,0.2894736842105263,0.2236842105263158,Speed,5,0.29411764705882354,1.9362670981593473,5,5,0,0,0,2,0,0,0,0,0,0,0,0,0,5,0
4313,76,24,13,39,52,0.6842105263157895,0.17105263157894737,0.5131578947368421,Sampling_Gaps,7,0.1794871794871795,2.858077582794474,0,0,0,7,0,0,0,0,6,7,6,7,0,0,3,0,3
4314,76,31,38,7,45,0.5921052631578947,0.5,0.09210526315789473,SpatioTemporal_Dynamics,3,0.42857142857142855,1.4780445379544236,0,0,0,0,0,0,0,0,1,3,0,0,0,0,3,0,0
4315,76,42,14,20,34,0.4473684210526316,0.18421052631578946,0.2631578947368421,Curvature,9,0.45,1.918131287382287,0,9,0,0,3,4,0,0,0,0,0,4,0,0,0,0,0
4316,76,46,13,17,30,0.39473684210526316,0.17105263157894737,0.2236842105263158,Sequence_Complexity,10,0.5882352941176471,1.7457731086344552,0,0,0,0,0,0,0,2,3,0,0,0,10,1,1,0,0
4317,76,11,54,11,65,0.8552631578947368,0.7105263157894737,0.14473684210526316,Path_Evolution,4,0.36363636363636365,1.5266423434194065,0,1,0,0,0,1,0,0,0,4,1,0,1,0,2,1,0
4318,76,21,39,16,55,0.7236842105263158,0.5131578947368421,0.21052631578947367,Phase_Change,6,0.375,1.940178797356276,0,3,0,3,2,0,0,0,0,2,6,0,0,0,0,0,0
4319,76,51,19,6,25,0.32894736842105265,0.25,0.07894736842105263,Indentation,3,0.5,1.2905695832049293,1,0,0,0,0,0,3,2,0,0,0,0,0,0,0,0,0
4320,76,11,50,15,65,0.8552631578947368,0.6578947368421053,0.19736842105263158,Path_Evolution,4,0.26666666666666666,1.8236307069469209,0,1,0,0,0,2,1,0,1,4,0,0,0,2,2,2,0
4321,76,6,59,11,70,0.9210526315789473,0.7763157894736842,0.14473684210526316,Phase_Change,4,0.36363636363636365,1.2829195868799137,3,0,0,0,0,0,0,0,2,0,4,0,0,0,0,1,1
4322,76,1,71,4,75,0.9868421052631579,0.9342105263157895,0.05263157894736842,Acceleration,2,0.5,0.47645323074842205,2,0,1,0,0,0,0,0,0,0,1,0,0,0,0,0,0
4323,76,7,54,15,69,0.9078947368421053,0.7105263157894737,0.19736842105263158,Speed,4,0.26666666666666666,1.6898300190852886,1,0,1,0,0,0,0,1,1,1,0,0,4,1,0,4,1
4324,76,21,28,27,55,0.7236842105263158,0.3684210526315789,0.35526315789473684,Sampling_Gaps,5,0.18518518518518517,2.5943284987162527,4,0,5,0,0,0,0,1,0,0,5,5,0,1,1,4,1
4325,76,15,50,11,61,0.8026315789473685,0.6578947368421053,0.14473684210526316,Path_Evolution,3,0.2727272727272727,1.67488730390375,0,1,1,0,0,1,2,1,0,3,1,0,0,0,0,0,1
4326,76,31,37,8,45,0.5921052631578947,0.4868421052631579,0.10526315789473684,Kinematic,3,0.375,1.6283913601221676,0,1,1,0,0,0,0,3,1,0,0,0,0,1,0,1,0
4327,76,45,26,5,31,0.40789473684210525,0.34210526315789475,0.06578947368421052,Acceleration,3,0.6,1.3255629146453325,3,0,0,0,0,0,0,0,0,0,0,0,0,1,1,0,0
4328,76,39,21,16,37,0.4868421052631579,0.27631578947368424,0.21052631578947367,Speed,5,0.3125,1.8849191797218054,0,0,0,0,0,0,4,0,0,0,0,0,5,0,0,5,2
4329,76,11,49,16,65,0.8552631578947368,0.6447368421052632,0.21052631578947367,Path_Evolution,3,0.1875,1.9231340243517112,0,1,3,0,0,0,1,0,0,3,2,0,1,0,2,1,2
4330,76,28,36,12,48,0.631578947368421,0.47368421052631576,0.15789473684210525,Indentation,5,0.4166666666666667,1.7599305944154746,2,0,0,0,2,0,5,0,0,0,0,0,3,0,0,0,0
4331,76,15,58,3,61,0.8026315789473685,0.7631578947368421,0.039473684210526314,Extent,2,0.6666666666666666,0.9799504522392833,0,0,0,0,2,0,0,0,0,0,0,0,1,0,0,0,0
4332,76,24,21,31,52,0.6842105263157895,0.27631578947368424,0.40789473684210525,Phase_Change,7,0.22580645161290322,2.5596407929479446,0,0,5,5,0,0,0,0,0,7,7,6,0,0,0,0,1
4333,76,22,44,10,54,0.7105263157894737,0.5789473684210527,0.13157894736842105,Phase_Change,3,0.3,1.6811199564406236,0,0,2,0,0,0,0,0,0,2,3,0,0,1,1,0,1
4334,76,29,31,16,47,0.618421052631579,0.40789473684210525,0.21052631578947367,Extent,7,0.4375,1.9996655866375403,0,0,0,0,7,0,0,0,2,3,0,0,1,1,0,0,2
4335,76,15,41,20,61,0.8026315789473685,0.5394736842105263,0.2631578947368421,Sequence_Complexity,5,0.25,2.101981295722801,0,0,2,0,0,0,0,0,0,5,5,0,5,1,1,0,1
4336,76,28,29,19,48,0.631578947368421,0.3815789473684211,0.25,Displacement,8,0.42105263157894735,2.0294169587715296,0,0,8,0,0,0,3,0,0,3,5,0,0,0,0,0,0
4337,76,28,33,15,48,0.631578947368421,0.4342105263157895,0.19736842105263158,Curvature,6,0.4,1.8882484836681608,4,6,0,0,0,0,2,0,3,0,0,0,0,0,0,0,0
4338,76,7,46,23,69,0.9078947368421053,0.6052631578947368,0.3026315789473684,Curvature,4,0.17391304347826086,2.2941088037700417,2,4,2,0,1,2,2,1,0,2,3,0,0,2,0,2,0
4339,76,46,26,4,30,0.39473684210526316,0.34210526315789475,0.05263157894736842,Extent,2,0.5,1.2440422154134407,0,0,2,0,2,0,0,0,0,0,0,0,0,0,0,0,0
4340,76,24,43,9,52,0.6842105263157895,0.5657894736842105,0.11842105263157894,Temporal,3,0.3333333333333333,1.578476730893258,0,0,0,0,0,0,0,0,1,2,3,0,0,0,0,0,3
4341,76,31,28,17,45,0.5921052631578947,0.3684210526315789,0.2236842105263158,Phase_Change,5,0.29411764705882354,1.9874582514167056,4,4,0,0,0,0,0,0,0,0,5,0,4,0,0,0,0
4342,76,51,20,5,25,0.32894736842105265,0.2631578947368421,0.06578947368421052,Displacement,3,0.6,1.2152019629112565,0,0,3,0,0,0,0,2,0,0,0,0,0,0,0,0,0
4343,76,38,38,0,38,0.5,0.5,0.0,,0,0.0,1.0,0,0,0,0,0,0,0,0,0,0,0,0,0,0,0,0,0
4344,76,42,25,9,34,0.4473684210526316,0.32894736842105265,0.11842105263157894,Speed,4,0.4444444444444444,1.5298520331662688,0,0,0,0,0,1,4,0,0,0,0,0,0,0,0,4,0
4345,76,51,20,5,25,0.32894736842105265,0.2631578947368421,0.06578947368421052,Curvature,3,0.6,1.2415177523849408,0,3,0,0,0,0,0,0,0,0,0,0,1,0,1,0,0
4346,76,46,22,8,30,0.39473684210526316,0.2894736842105263,0.10526315789473684,Curvature,4,0.5,1.4559361241193336,0,4,0,0,0,0,0,0,0,2,2,0,0,0,0,0,0
4347,76,65,7,4,11,0.14473684210526316,0.09210526315789473,0.05263157894736842,Localization,4,1.0,0.7333828779007858,0,0,0,0,0,0,0,0,4,0,0,0,0,0,0,0,0
4348,76,22,38,16,54,0.7105263157894737,0.5,0.21052631578947367,Phase_Change,3,0.1875,2.092751149925596,2,0,0,0,0,0,0,1,3,3,3,0,0,1,1,2,0
4349,76,21,52,3,55,0.7236842105263158,0.6842105263157895,0.039473684210526314,Extent,2,0.6666666666666666,1.1076442078950226,0,0,0,0,2,0,0,0,0,0,0,0,0,0,0,1,0
4350,76,55,14,7,21,0.27631578947368424,0.18421052631578946,0.09210526315789473,Localization,4,0.5714285714285714,1.1948664521958723,0,0,0,0,0,0,0,0,4,3,0,0,0,0,0,0,0
4351,76,6,57,13,70,0.9210526315789473,0.75,0.17105263157894737,Phase_Change,4,0.3076923076923077,1.4323419106578323,0,4,2,0,0,0,1,0,1,1,4,0,0,0,0,0,0
4352,76,22,47,7,54,0.7105263157894737,0.618421052631579,0.09210526315789473,Temporal,2,0.2857142857142857,1.4956489392479337,0,0,0,0,1,0,1,0,1,0,0,0,1,0,0,1,2
4353,76,22,35,19,54,0.7105263157894737,0.4605263157894737,0.25,Speed,6,0.3157894736842105,2.2130334185521616,0,0,3,0,0,1,3,0,0,2,2,0,0,1,0,6,1
4354,76,3,72,1,73,0.9605263157894737,0.9473684210526315,0.013157894736842105,Displacement,1,1.0,0.3401710975750335,0,0,1,0,0,0,0,0,0,0,0,0,0,0,0,0,0
4355,76,37,22,17,39,0.5131578947368421,0.2894736842105263,0.2236842105263158,Acceleration,7,0.4117647058823529,1.9318942292722454,7,0,6,0,0,0,0,2,0,0,0,0,0,1,0,0,1
4356,76,10,44,22,66,0.868421052631579,0.5789473684210527,0.2894736842105263,Phase_Change,5,0.22727272727272727,2.1128854924932545,0,0,5,5,0,0,2,0,0,0,5,0,2,1,0,2,0
4357,76,15,49,12,61,0.8026315789473685,0.6447368421052632,0.15789473684210525,Displacement,4,0.3333333333333333,1.6726098648149934,0,0,4,0,2,0,0,0,0,0,2,0,0,1,0,2,1
4358,76,15,56,5,61,0.8026315789473685,0.7368421052631579,0.06578947368421052,Temporal,1,0.2,1.1977270585836695,0,0,1,0,1,0,0,0,0,0,0,0,0,1,1,0,1
4359,76,31,29,16,45,0.5921052631578947,0.3815789473684211,0.21052631578947367,Displacement,7,0.4375,1.9470340076901718,4,0,7,0,0,0,0,1,0,0,0,0,0,1,0,3,0
4360,76,21,45,10,55,0.7236842105263158,0.5921052631578947,0.13157894736842105,Phase_Change,3,0.3,1.631061326371003,1,0,3,0,0,0,2,0,0,1,3,0,0,0,0,0,0
4361,76,18,51,7,58,0.7631578947368421,0.6710526315789473,0.09210526315789473,Spatial_Context,2,0.2857142857142857,1.4011861652000603,0,0,1,0,0,0,1,0,2,1,0,0,0,2,0,0,0
4362,76,16,39,21,60,0.7894736842105263,0.5131578947368421,0.27631578947368424,Curvature,6,0.2857142857142857,2.2215460724362845,5,6,3,0,2,1,0,0,0,1,1,0,0,2,0,0,0
4363,76,22,43,11,54,0.7105263157894737,0.5657894736842105,0.14473684210526316,Displacement,6,0.5454545454545454,1.6565241573049316,1,0,6,0,0,0,1,0,0,1,0,0,0,2,0,0,0
4364,76,28,35,13,48,0.631578947368421,0.4605263157894737,0.17105263157894737,Displacement,7,0.5384615384615384,1.7309261598986263,3,0,7,0,0,0,3,0,0,0,0,0,0,0,0,0,0
4365,76,22,42,12,54,0.7105263157894737,0.5526315789473685,0.15789473684210525,Sequence_Complexity,4,0.3333333333333333,1.7039838967476388,0,0,0,0,4,0,0,0,1,0,3,0,4,0,0,0,0
4366,76,24,23,29,52,0.6842105263157895,0.3026315789473684,0.3815789473684211,Phase_Change,7,0.2413793103448276,2.519530640200656,0,0,7,0,5,0,0,0,5,0,7,0,0,2,0,0,3
4367,76,18,34,24,58,0.7631578947368421,0.4473684210526316,0.3157894736842105,Extent,5,0.20833333333333334,2.422119058421563,0,0,5,4,5,1,3,0,3,0,0,0,0,2,0,1,0
4368,76,11,55,10,65,0.8552631578947368,0.7236842105263158,0.13157894736842105,Path_Evolution,4,0.4,1.4580784075374462,0,1,1,0,0,0,0,1,0,4,1,0,0,1,1,0,0
4369,76,37,12,27,39,0.5131578947368421,0.15789473684210525,0.35526315789473684,Extent,9,0.3333333333333333,2.1895378418998557,0,9,0,5,9,2,0,0,0,0,0,0,0,0,0,0,2
4370,76,4,54,18,72,0.9473684210526315,0.7105263157894737,0.23684210526315788,Speed,3,0.16666666666666666,1.8068905052989699,0,2,0,2,2,0,2,2,2,0,0,2,0,1,0,3,0
4371,76,39,24,13,37,0.4868421052631579,0.3157894736842105,0.17105263157894737,Extent,8,0.6153846153846154,1.7094449600870207,0,0,0,0,8,0,0,0,0,3,0,0,0,1,0,0,1
4372,76,31,31,14,45,0.5921052631578947,0.40789473684210525,0.18421052631578946,Extent,8,0.5714285714285714,1.7654282207026224,0,0,0,0,8,0,0,0,3,0,0,0,0,3,0,0,0
4373,76,42,23,11,34,0.4473684210526316,0.3026315789473684,0.14473684210526316,Acceleration,7,0.6363636363636364,1.5778534515674547,7,0,0,0,3,0,0,1,0,0,0,0,0,0,0,0,0
4374,76,18,40,18,58,0.7631578947368421,0.5263157894736842,0.23684210526315788,Duration,5,0.2777777777777778,2.007134068732317,2,3,0,5,4,0,0,0,4,0,0,0,0,0,0,0,0
4375,76,10,42,24,66,0.868421052631579,0.5526315789473685,0.3157894736842105,Sequence_Complexity,4,0.16666666666666666,2.241986721236414,4,4,0,4,0,0,0,0,0,1,0,4,4,0,0,3,0
4376,76,39,28,9,37,0.4868421052631579,0.3684210526315789,0.11842105263157894,Phase_Change,4,0.4444444444444444,1.5540245614272616,0,0,0,0,0,1,4,0,0,0,4,0,0,0,0,0,0
4377,76,21,48,7,55,0.7236842105263158,0.631578947368421,0.09210526315789473,Curvature,4,0.5714285714285714,1.4016529619571452,1,4,1,0,0,0,1,0,0,0,0,0,0,0,0,0,0
4378,76,34,36,6,42,0.5526315789473685,0.47368421052631576,0.07894736842105263,Speed,4,0.6666666666666666,1.4177822943062857,0,0,0,0,0,0,0,0,1,0,0,0,0,0,0,4,1
4379,76,1,72,3,75,0.9868421052631579,0.9473684210526315,0.039473684210526314,Sequence_Complexity,2,0.6666666666666666,0.37641961734034224,0,0,0,0,0,0,0,0,0,0,0,0,2,1,0,0,0
4380,76,61,11,4,15,0.19736842105263158,0.14473684210526316,0.05263157894736842,Indentation,3,0.75,0.9244589226737198,0,0,0,0,0,0,3,0,0,0,0,0,0,0,1,0,0
4381,76,11,40,25,65,0.8552631578947368,0.5263157894736842,0.32894736842105265,Speed,5,0.2,2.356351289446017,0,2,0,0,5,0,0,0,2,5,0,2,0,0,2,5,2
4382,76,11,39,26,65,0.8552631578947368,0.5131578947368421,0.34210526315789475,Speed,5,0.19230769230769232,2.4512306408483453,1,3,0,4,0,2,0,1,4,0,0,4,0,2,0,5,0
4383,76,34,23,19,42,0.5526315789473685,0.3026315789473684,0.25,Indentation,7,0.3684210526315789,2.060075059224337,0,4,0,0,5,0,7,0,0,0,0,0,2,1,0,0,0
4384,76,13,43,20,63,0.8289473684210527,0.5657894736842105,0.2631578947368421,Extent,5,0.25,2.05162429971479,0,5,0,3,5,0,1,0,0,0,0,3,0,0,0,3,0
4385,76,27,17,32,49,0.6447368421052632,0.2236842105263158,0.42105263157894735,Curvature,7,0.21875,2.6182036747368747,0,7,0,5,0,0,0,4,6,0,0,5,0,0,0,5,0
4386,76,18,45,13,58,0.7631578947368421,0.5921052631578947,0.17105263157894737,Speed,6,0.46153846153846156,1.751851008639323,0,1,0,0,1,0,1,0,0,0,2,0,0,0,0,6,2
4387,76,36,16,24,40,0.5263157894736842,0.21052631578947367,0.3157894736842105,Phase_Change,9,0.375,2.1798229071556268,0,0,0,0,0,1,9,1,0,2,9,0,0,0,1,0,1
4388,76,31,9,36,45,0.5921052631578947,0.11842105263157894,0.47368421052631576,Speed,8,0.2222222222222222,2.526028853744409,8,8,0,0,0,0,0,3,0,0,0,0,8,0,1,8,0
4389,76,15,25,36,61,0.8026315789473685,0.32894736842105265,0.47368421052631576,Speed,6,0.16666666666666666,2.922416149025117,6,4,0,0,6,1,0,1,6,0,4,0,0,1,1,6,0
4390,76,13,35,28,63,0.8289473684210527,0.4605263157894737,0.3684210526315789,Localization,5,0.17857142857142858,2.5166254235622403,5,5,1,0,5,0,1,3,5,0,0,0,3,0,0,0,0
4391,76,6,51,19,70,0.9210526315789473,0.6710526315789473,0.25,Duration,4,0.21052631578947367,1.9379491588773128,4,0,0,4,0,0,0,1,0,1,2,3,1,0,1,1,1
4392,76,18,35,23,58,0.7631578947368421,0.4605263157894737,0.3026315789473684,Sampling_Gaps,6,0.2608695652173913,2.363549275257715,5,0,0,3,1,0,0,0,0,2,0,6,3,1,2,0,0
4393,76,34,32,10,42,0.5526315789473685,0.42105263157894735,0.13157894736842105,Displacement,8,0.8,1.5245888739368547,0,0,8,0,0,0,0,0,2,0,0,0,0,0,0,0,0
4394,76,7,53,16,69,0.9078947368421053,0.6973684210526315,0.21052631578947367,Speed,3,0.1875,1.764492729883326,2,0,1,2,0,0,3,0,0,0,0,2,2,0,0,3,1
4395,76,4,49,23,72,0.9473684210526315,0.6447368421052632,0.3026315789473684,Speed,3,0.13043478260869565,2.120952416409033,3,0,0,3,3,0,3,1,3,2,0,0,0,1,1,3,0
4396,76,7,49,20,69,0.9078947368421053,0.6447368421052632,0.2631578947368421,Speed,3,0.15,2.0038919301953517,0,0,0,1,0,0,0,0,3,3,3,3,0,0,2,3,2
4397,76,16,36,24,60,0.7894736842105263,0.47368421052631576,0.3157894736842105,Phase_Change,6,0.25,2.3809309665654204,0,0,4,0,3,0,1,0,6,1,6,0,0,1,1,0,1
4398,76,4,47,25,72,0.9473684210526315,0.618421052631579,0.32894736842105265,Speed,3,0.12,2.243323716812096,3,3,0,3,3,0,3,2,0,0,3,1,1,0,0,3,0
4399,76,31,31,14,45,0.5921052631578947,0.40789473684210525,0.18421052631578946,Sequence_Complexity,8,0.5714285714285714,1.8379252602332397,0,0,2,0,0,1,0,0,0,2,0,0,8,0,1,0,0
4400,76,4,62,10,72,0.9473684210526315,0.8157894736842105,0.13157894736842105,Duration,2,0.2,1.258977891812187,1,1,1,2,1,0,0,0,1,0,0,1,0,1,0,1,0
4401,76,6,50,20,70,0.9210526315789473,0.6578947368421053,0.2631578947368421,Curvature,4,0.2,2.0740806779516103,0,4,3,1,0,1,0,0,1,1,1,2,0,1,1,3,1
4402,76,3,65,8,73,0.9605263157894737,0.8552631578947368,0.10526315789473684,Path_Evolution,3,0.375,0.9095252719522704,0,0,0,0,0,1,0,0,3,3,0,0,0,0,1,0,0
4403,76,13,36,27,63,0.8289473684210527,0.47368421052631576,0.35526315789473684,Curvature,5,0.18518518518518517,2.5852698571912813,3,5,0,0,2,2,3,0,0,0,3,3,3,0,0,0,3
4404,76,11,41,24,65,0.8552631578947368,0.5394736842105263,0.3157894736842105,Sampling_Gaps,5,0.20833333333333334,2.257175027656406,0,5,0,5,0,2,3,0,0,0,0,5,2,2,0,0,0
4405,76,13,25,38,63,0.8289473684210527,0.32894736842105265,0.5,Path_Evolution,5,0.13157894736842105,3.035421487360999,0,5,0,5,0,3,5,0,0,5,0,4,4,0,3,4,0
4406,76,13,48,15,63,0.8289473684210527,0.631578947368421,0.19736842105263158,Speed,2,0.13333333333333333,1.9034022980429315,0,0,2,2,0,1,0,0,2,2,0,2,2,0,0,2,0
4407,76,16,34,26,60,0.7894736842105263,0.4473684210526316,0.34210526315789475,Duration,5,0.19230769230769232,2.532693110972984,0,0,3,5,4,2,3,0,0,0,3,3,0,0,0,3,0
4408,76,11,38,27,65,0.8552631578947368,0.5,0.35526315789473684,Speed,5,0.18518518518518517,2.4605653911742857,0,4,0,0,0,0,2,0,4,4,4,0,3,0,1,5,0
4409,76,27,19,30,49,0.6447368421052632,0.25,0.39473684210526316,Sampling_Gaps,7,0.23333333333333334,2.5206460031642983,0,0,0,6,0,1,0,0,6,0,4,7,0,0,0,6,0
4410,76,31,41,4,45,0.5921052631578947,0.5394736842105263,0.05263157894736842,Speed,1,0.25,1.3368785948733937,0,0,0,0,1,1,1,0,0,0,0,0,0,0,0,1,0
4411,76,24,37,15,52,0.6842105263157895,0.4868421052631579,0.19736842105263158,Duration,7,0.4666666666666667,1.8900953226258803,2,0,0,7,0,0,0,0,0,0,0,2,0,0,0,3,1
4412,76,31,25,20,45,0.5921052631578947,0.32894736842105265,0.2631578947368421,Indentation,8,0.4,2.1520573708015056,0,0,0,0,0,2,8,0,0,2,0,0,1,0,2,5,0
4413,76,29,36,11,47,0.618421052631579,0.47368421052631576,0.14473684210526316,Acceleration,6,0.5454545454545454,1.6786721000605165,6,0,0,0,0,0,1,0,0,0,0,0,3,0,0,1,0
4414,76,39,30,7,37,0.4868421052631579,0.39473684210526316,0.09210526315789473,Extent,4,0.5714285714285714,1.4934879818135427,1,0,0,0,4,0,0,0,0,0,0,0,0,0,1,0,1
4415,76,25,43,8,51,0.6710526315789473,0.5657894736842105,0.10526315789473684,Duration,4,0.5,1.4823922937235618,0,0,0,4,0,0,0,0,0,0,1,3,0,0,0,0,0
4416,76,37,26,13,39,0.5131578947368421,0.34210526315789475,0.17105263157894737,Indentation,4,0.3076923076923077,1.866858997654907,0,4,0,0,0,1,4,0,0,0,0,0,0,0,1,1,2
4417,76,42,11,23,34,0.4473684210526316,0.14473684210526316,0.3026315789473684,Sampling_Gaps,9,0.391304347826087,1.9445011374607037,0,0,0,0,0,0,0,0,8,0,0,9,4,0,2,0,0
4418,76,51,14,11,25,0.32894736842105265,0.18421052631578946,0.14473684210526316,Localization,5,0.45454545454545453,1.4621896604420528,0,0,0,0,0,0,0,0,5,3,0,0,0,0,0,0,3
4419,76,48,13,15,28,0.3684210526315789,0.17105263157894737,0.19736842105263158,Phase_Change,8,0.5333333333333333,1.6466947321965246,0,0,0,0,3,0,0,0,0,0,8,0,0,1,0,0,3
4420,76,51,14,11,25,0.32894736842105265,0.18421052631578946,0.14473684210526316,Phase_Change,7,0.6363636363636364,1.3762413844467964,0,0,0,0,0,0,0,0,0,0,7,0,0,0,0,0,4
4421,76,24,46,6,52,0.6842105263157895,0.6052631578947368,0.07894736842105263,Displacement,3,0.5,1.3942717568897194,0,1,3,0,0,0,1,0,1,0,0,0,0,0,0,0,0
4422,76,48,13,15,28,0.3684210526315789,0.17105263157894737,0.19736842105263158,Speed,9,0.6,1.5081509820257244,0,0,0,0,0,0,0,0,6,0,0,0,0,0,0,9,0
4423,76,7,40,29,69,0.9078947368421053,0.5263157894736842,0.3815789473684211,Acceleration,4,0.13793103448275862,2.6188114507456643,4,0,3,3,0,0,3,2,3,3,0,3,0,1,1,3,0
4424,76,11,48,17,65,0.8552631578947368,0.631578947368421,0.2236842105263158,Sequence_Complexity,5,0.29411764705882354,1.8354113451738567,5,1,0,2,0,0,0,0,0,0,0,2,5,0,2,0,0
4425,76,1,61,14,75,0.9868421052631579,0.8026315789473685,0.18421052631578946,Speed,2,0.14285714285714285,1.3035199135575843,2,0,2,0,2,0,2,0,2,0,0,2,0,0,0,2,0
4426,76,6,44,26,70,0.9210526315789473,0.5789473684210527,0.34210526315789475,Localization,4,0.15384615384615385,2.297215786636364,3,0,0,4,3,0,3,0,4,3,3,0,0,0,0,3,0
4427,76,1,52,23,75,0.9868421052631579,0.6842105263157895,0.3026315789473684,Speed,2,0.08695652173913043,2.11078454839968,2,2,0,2,0,1,2,1,2,2,2,2,1,0,1,2,1
4428,76,3,60,13,73,0.9605263157894737,0.7894736842105263,0.17105263157894737,Sequence_Complexity,3,0.23076923076923078,1.396899904983039,1,0,1,1,1,0,1,0,3,0,0,1,3,0,0,1,0
4429,76,34,24,18,42,0.5526315789473685,0.3157894736842105,0.23684210526315788,Sampling_Gaps,5,0.2777777777777778,2.003234808900254,0,0,0,0,5,3,0,0,0,0,5,5,0,0,0,0,0
4430,76,24,24,28,52,0.6842105263157895,0.3157894736842105,0.3684210526315789,Extent,7,0.25,2.4268654219689036,1,7,0,6,7,1,0,0,0,0,0,6,0,0,0,0,0
4431,76,31,12,33,45,0.5921052631578947,0.15789473684210525,0.4342105263157895,Indentation,8,0.24242424242424243,2.519578524853974,4,8,0,8,0,3,8,2,0,0,0,0,0,0,0,0,0
4432,76,34,14,28,42,0.5526315789473685,0.18421052631578946,0.3684210526315789,Sequence_Complexity,8,0.2857142857142857,2.3071908494936957,0,8,0,0,5,2,5,0,0,0,0,0,8,0,0,0,0
4433,76,21,23,32,55,0.7236842105263158,0.3026315789473684,0.42105263157894735,Sequence_Complexity,6,0.1875,2.642280186739379,0,6,0,5,0,4,6,0,0,0,0,5,6,0,0,0,0
4434,76,34,13,29,42,0.5526315789473685,0.17105263157894737,0.3815789473684211,Extent,8,0.27586206896551724,2.344123652749078,0,8,0,5,8,4,0,0,0,0,0,4,0,0,0,0,0
4435,76,51,3,22,25,0.32894736842105265,0.039473684210526314,0.2894736842105263,Indentation,9,0.4090909090909091,1.522832382276857,0,9,0,0,0,4,9,0,0,0,0,0,0,0,0,0,0
4436,76,42,9,25,34,0.4473684210526316,0.11842105263157894,0.32894736842105265,Phase_Change,8,0.32,2.0029762339156174,0,8,0,0,0,0,0,4,0,0,8,0,5,0,0,0,0
4437,76,39,28,9,37,0.4868421052631579,0.3684210526315789,0.11842105263157894,Phase_Change,3,0.3333333333333333,1.6394222587387495,1,0,0,0,3,0,0,0,0,0,3,0,0,1,1,0,0
4438,76,4,55,17,72,0.9473684210526315,0.7236842105263158,0.2236842105263158,Kinematic,3,0.17647058823529413,1.790958148364378,1,2,1,1,0,2,2,3,0,0,1,1,2,0,0,1,0
4439,76,6,51,19,70,0.9210526315789473,0.6710526315789473,0.25,Extent,3,0.15789473684210525,1.9543322180593727,3,0,2,0,3,0,2,0,2,0,2,0,2,1,0,2,0
4440,76,21,32,23,55,0.7236842105263158,0.42105263157894735,0.3026315789473684,Sampling_Gaps,5,0.21739130434782608,2.3179639900738334,0,5,0,5,5,0,0,0,0,1,0,5,0,1,0,1,0
4441,76,34,30,12,42,0.5526315789473685,0.39473684210526316,0.15789473684210525,Temporal,3,0.25,1.784769559766994,0,0,0,3,0,0,0,0,0,0,0,3,3,0,0,0,3
4442,76,10,54,12,66,0.868421052631579,0.7105263157894737,0.15789473684210525,Speed,4,0.3333333333333333,1.5113063810001521,0,0,0,0,0,0,2,0,0,2,2,0,2,0,0,4,0
4443,76,3,49,24,73,0.9605263157894737,0.6447368421052632,0.3157894736842105,Sequence_Complexity,3,0.125,2.1010869558257834,3,2,0,3,0,0,3,0,1,3,3,3,3,0,0,0,0
4444,76,9,45,22,67,0.881578947368421,0.5921052631578947,0.2894736842105263,Path_Evolution,4,0.18181818181818182,2.1962515022027094,4,0,0,3,0,0,0,1,1,4,1,3,0,0,3,2,0
4445,76,18,30,28,58,0.7631578947368421,0.39473684210526316,0.3684210526315789,Speed,5,0.17857142857142858,2.5971536016787446,0,0,0,5,2,0,0,0,5,5,0,0,1,2,3,5,0
4446,76,16,34,26,60,0.7894736842105263,0.4473684210526316,0.34210526315789475,Speed,5,0.19230769230769232,2.445981394317945,0,0,0,4,0,0,4,0,3,0,5,4,0,0,0,5,1
4447,76,42,14,20,34,0.4473684210526316,0.18421052631578946,0.2631578947368421,Localization,8,0.4,1.8426663203624243,0,0,0,0,0,0,0,0,8,0,0,0,6,0,0,6,0
4448,76,24,34,18,52,0.6842105263157895,0.4473684210526316,0.23684210526315788,Localization,6,0.3333333333333333,1.9843434788584124,0,4,0,6,0,0,0,0,6,0,0,0,0,0,0,2,0
4449,76,42,17,17,34,0.4473684210526316,0.2236842105263158,0.2236842105263158,Phase_Change,7,0.4117647058823529,1.8646977829607716,0,0,0,0,0,0,0,0,0,0,7,0,3,0,0,3,4
4450,76,39,18,19,37,0.4868421052631579,0.23684210526315788,0.25,Duration,7,0.3684210526315789,1.8813436841719224,0,0,0,7,6,0,0,0,0,0,0,0,0,0,0,6,0
4451,76,7,54,15,69,0.9078947368421053,0.7105263157894737,0.19736842105263158,Sampling_Gaps,3,0.2,1.6962803479757238,0,0,2,3,2,1,0,0,0,0,0,3,1,1,0,2,0
4452,76,3,56,17,73,0.9605263157894737,0.7368421052631579,0.2236842105263158,Sampling_Gaps,3,0.17647058823529413,1.7548151694736345,1,1,0,0,1,0,1,1,3,1,2,3,0,1,0,1,1
4453,76,16,27,33,60,0.7894736842105263,0.35526315789473684,0.4342105263157895,Speed,6,0.18181818181818182,2.851132775690546,6,0,0,4,3,0,0,2,0,0,4,4,0,2,2,6,0
4454,76,27,18,31,49,0.6447368421052632,0.23684210526315788,0.40789473684210525,Sampling_Gaps,7,0.22580645161290322,2.5585187509753617,7,0,0,0,0,0,0,0,4,2,7,7,0,0,0,0,4
4455,76,16,46,14,60,0.7894736842105263,0.6052631578947368,0.18421052631578946,Speed,3,0.21428571428571427,1.8848535005100389,0,1,0,2,0,0,1,0,2,0,1,3,0,0,0,3,1
4456,76,3,53,20,73,0.9605263157894737,0.6973684210526315,0.2631578947368421,Speed,3,0.15,1.888003544987442,0,0,1,3,0,1,3,1,2,0,2,3,0,1,0,3,0
4457,76,34,37,5,42,0.5526315789473685,0.4868421052631579,0.06578947368421052,Localization,3,0.6,1.3468959524837678,0,0,0,0,2,0,0,0,3,0,0,0,0,0,0,0,0
4458,76,7,56,13,69,0.9078947368421053,0.7368421052631579,0.17105263157894737,Speed,4,0.3076923076923077,1.4470938280537293,0,0,0,0,4,1,0,2,0,0,0,0,0,0,2,4,0
4459,76,39,22,15,37,0.4868421052631579,0.2894736842105263,0.19736842105263158,Speed,9,0.6,1.7904603139879403,2,0,0,0,0,0,0,2,0,0,0,0,0,2,0,9,0
4460,76,18,34,24,58,0.7631578947368421,0.4473684210526316,0.3157894736842105,Localization,6,0.25,2.369487479474195,0,0,4,0,1,0,0,0,6,5,5,0,0,0,1,1,1
4461,76,39,12,25,37,0.4868421052631579,0.15789473684210525,0.32894736842105265,Phase_Change,9,0.36,2.1270151902647787,0,0,0,0,0,0,0,0,8,3,9,0,0,0,2,0,3
4462,76,6,51,19,70,0.9210526315789473,0.6710526315789473,0.25,Speed,4,0.21052631578947367,1.9478818891689378,2,0,2,0,0,0,2,1,2,2,2,0,2,0,0,4,0
4463,76,3,63,10,73,0.9605263157894737,0.8289473684210527,0.13157894736842105,Phase_Change,3,0.3,1.1053841228253598,1,0,3,1,0,0,1,0,0,0,3,0,0,0,0,1,0
4464,76,3,59,14,73,0.9605263157894737,0.7763157894736842,0.18421052631578946,Speed,3,0.21428571428571427,1.4770628434873279,1,2,0,1,2,0,0,1,0,0,0,2,0,1,1,3,0
4465,76,4,60,12,72,0.9473684210526315,0.7894736842105263,0.15789473684210525,Temporal,2,0.16666666666666666,1.4003823063842287,0,1,0,1,0,0,1,0,1,1,2,2,1,0,0,0,2
4466,76,18,37,21,58,0.7631578947368421,0.4868421052631579,0.27631578947368424,Speed,6,0.2857142857142857,2.2094033024831052,1,0,4,0,0,0,0,2,0,5,1,0,0,0,2,6,0
4467,76,6,48,22,70,0.9210526315789473,0.631578947368421,0.2894736842105263,Temporal,3,0.13636363636363635,2.2071676444531985,2,0,2,2,0,0,1,3,2,0,2,2,1,0,0,2,3
4468,76,10,42,24,66,0.868421052631579,0.5526315789473685,0.3157894736842105,Indentation,5,0.20833333333333334,2.2734388202569824,2,0,1,4,0,1,5,0,0,0,3,4,0,0,0,4,0
4469,76,9,43,24,67,0.881578947368421,0.5657894736842105,0.3157894736842105,Phase_Change,4,0.16666666666666666,2.3252515664480407,2,0,0,4,0,0,0,0,3,2,4,3,2,0,1,0,3
4470,76,31,32,13,45,0.5921052631578947,0.42105263157894735,0.17105263157894737,Sampling_Gaps,5,0.38461538461538464,1.8375363805958231,1,0,4,0,1,0,0,0,0,0,0,5,2,0,0,0,0
4471,76,7,49,20,69,0.9078947368421053,0.6447368421052632,0.2631578947368421,Sampling_Gaps,4,0.2,1.9219766342850533,0,4,0,4,0,1,0,0,0,2,4,4,0,0,0,0,1
4472,76,27,27,22,49,0.6447368421052632,0.35526315789473684,0.2894736842105263,Sampling_Gaps,5,0.22727272727272727,2.2433520655185695,0,0,0,0,0,0,0,0,5,5,4,5,0,0,3,0,0
4473,76,22,46,8,54,0.7105263157894737,0.6052631578947368,0.10526315789473684,Path_Evolution,6,0.75,1.3834390845887161,0,0,0,0,0,0,0,0,0,6,0,0,0,0,2,0,0
4474,76,7,44,25,69,0.9078947368421053,0.5789473684210527,0.32894736842105265,Sampling_Gaps,3,0.12,2.374298557030097,0,3,0,3,0,1,2,0,3,3,3,3,0,0,2,0,2
4475,76,22,41,13,54,0.7105263157894737,0.5394736842105263,0.17105263157894737,Localization,7,0.5384615384615384,1.719328832444524,0,0,0,0,0,0,1,0,7,0,3,0,0,0,0,2,0
4476,76,0,73,3,76,1.0,0.9605263157894737,0.039473684210526314,Temporal,1,0.3333333333333333,0.3024381345193584,0,0,0,0,0,1,0,1,0,0,0,0,0,0,0,0,1
4477,76,3,60,13,73,0.9605263157894737,0.7894736842105263,0.17105263157894737,Phase_Change,2,0.15384615384615385,1.4167653655662884,2,0,1,2,1,0,1,0,0,2,2,0,1,1,0,0,0
4478,76,15,38,23,61,0.8026315789473685,0.5,0.3026315789473684,Phase_Change,6,0.2608695652173913,2.2406389679440486,1,0,6,0,0,0,0,1,0,6,6,0,0,1,1,0,1
4479,76,4,56,16,72,0.9473684210526315,0.7368421052631579,0.21052631578947367,Sequence_Complexity,2,0.125,1.7319817814011402,2,1,1,2,1,0,0,1,0,0,2,2,2,0,1,0,1
4480,76,6,36,34,70,0.9210526315789473,0.47368421052631576,0.4473684210526316,Speed,4,0.11764705882352941,2.8382321179096763,4,4,4,0,3,1,4,1,3,4,0,0,0,1,1,4,0
4481,76,0,69,7,76,1.0,0.9078947368421053,0.09210526315789473,Speed,1,0.14285714285714285,0.7020303092634057,1,0,0,1,1,0,0,0,0,1,1,1,0,0,0,1,0
4482,76,3,54,19,73,0.9605263157894737,0.7105263157894737,0.25,Path_Evolution,3,0.15789473684210525,1.8560396828451486,1,3,0,2,1,1,3,1,0,3,0,1,2,0,0,0,1
4483,76,10,30,36,66,0.868421052631579,0.39473684210526316,0.47368421052631576,Path_Evolution,5,0.1388888888888889,2.9422816096083664,4,0,5,5,5,0,0,1,5,5,0,0,0,1,1,3,1
4484,76,10,41,25,66,0.868421052631579,0.5394736842105263,0.32894736842105265,Sequence_Complexity,5,0.2,2.2517717955287764,5,1,4,0,0,0,5,0,0,4,1,0,5,0,0,0,0
4485,76,42,21,13,34,0.4473684210526316,0.27631578947368424,0.17105263157894737,Indentation,9,0.6923076923076923,1.5736469522851286,0,0,0,0,0,4,9,0,0,0,0,0,0,0,0,0,0
4486,76,1,71,4,75,0.9868421052631579,0.9342105263157895,0.05263157894736842,Duration,2,0.5,0.47645323074842205,0,0,0,2,1,0,0,0,0,0,0,1,0,0,0,0,0
4487,76,51,20,5,25,0.32894736842105265,0.2631578947368421,0.06578947368421052,Extent,4,0.8,1.198818903729197,0,0,0,0,4,0,1,0,0,0,0,0,0,0,0,0,0
4488,76,34,17,25,42,0.5526315789473685,0.2236842105263158,0.32894736842105265,Duration,8,0.32,2.246452653467657,0,0,0,8,2,0,0,0,4,0,7,0,0,0,0,0,4
4489,76,7,64,5,69,0.9078947368421053,0.8421052631578947,0.06578947368421052,Localization,4,0.8,0.8314606127277535,0,0,1,0,0,0,0,0,4,0,0,0,0,0,0,0,0
4490,76,4,56,16,72,0.9473684210526315,0.7368421052631579,0.21052631578947367,Speed,2,0.125,1.6793502024537716,0,0,0,2,1,0,0,2,2,2,0,2,0,1,2,2,0
4491,76,10,54,12,66,0.868421052631579,0.7105263157894737,0.15789473684210525,Speed,4,0.3333333333333333,1.4586748020527838,0,0,0,0,0,0,0,0,0,0,2,4,2,0,0,4,0
4492,76,21,35,20,55,0.7236842105263158,0.4605263157894737,0.2631578947368421,Path_Evolution,5,0.25,2.2199262049169004,1,0,2,4,0,0,0,0,0,5,0,4,0,0,3,1,0
4493,76,24,43,9,52,0.6842105263157895,0.5657894736842105,0.11842105263157894,Phase_Change,3,0.3333333333333333,1.6410410401322508,1,0,0,0,1,0,0,0,2,1,3,0,0,0,0,0,1
4494,76,22,34,20,54,0.7105263157894737,0.4473684210526316,0.2631578947368421,Indentation,6,0.3,2.1564073135296473,3,4,0,0,5,1,6,0,0,0,0,0,0,1,0,0,0
4495,76,55,6,15,21,0.27631578947368424,0.07894736842105263,0.19736842105263158,Sampling_Gaps,9,0.6,1.2805109441608096,0,0,0,0,0,0,6,0,0,0,0,9,0,0,0,0,0
4496,76,9,44,23,67,0.881578947368421,0.5789473684210527,0.3026315789473684,Speed,4,0.17391304347826086,2.2411018062878063,0,3,0,3,0,0,3,2,0,0,3,3,0,0,0,4,2
4497,76,21,38,17,55,0.7236842105263158,0.5,0.2236842105263158,Sampling_Gaps,6,0.35294117647058826,2.0271468967597173,5,0,1,2,0,0,0,0,0,1,0,6,0,0,1,1,0
4498,76,22,27,27,54,0.7105263157894737,0.35526315789473684,0.35526315789473684,Duration,7,0.25925925925925924,2.4694999788187,0,0,0,7,0,1,0,0,0,6,6,4,0,0,2,0,1
4499,76,28,22,26,48,0.631578947368421,0.2894736842105263,0.34210526315789475,Localization,8,0.3076923076923077,2.4080216067804647,0,0,0,0,0,1,5,1,8,6,4,0,0,0,1,0,0
4500,76,27,34,15,49,0.6447368421052632,0.4473684210526316,0.19736842105263158,Speed,4,0.26666666666666666,1.9569987415608399,3,0,0,2,0,0,0,4,0,0,0,2,0,0,0,4,0
4501,76,16,37,23,60,0.7894736842105263,0.4868421052631579,0.3026315789473684,Path_Evolution,6,0.2608695652173913,2.36615860509146,0,0,2,0,4,0,0,0,2,6,2,0,0,2,2,3,0
4502,76,10,33,33,66,0.868421052631579,0.4342105263157895,0.4342105263157895,Speed,5,0.15151515151515152,2.8201221409302564,4,0,0,0,4,0,0,1,5,2,5,4,0,1,1,5,1
4503,76,16,37,23,60,0.7894736842105263,0.4868421052631579,0.3026315789473684,Indentation,6,0.2608695652173913,2.2811007965821157,0,2,0,0,2,0,6,0,0,5,0,5,0,1,2,0,0
4504,76,10,38,28,66,0.868421052631579,0.5,0.3684210526315789,Sampling_Gaps,5,0.17857142857142858,2.4705710876873077,0,0,5,5,0,0,1,1,5,0,4,5,1,1,0,0,0
4505,76,42,28,6,34,0.4473684210526316,0.3684210526315789,0.07894736842105263,Speed,2,0.3333333333333333,1.4178844927288374,2,0,0,0,0,0,0,0,0,2,0,0,0,0,0,2,0
4506,76,6,38,32,70,0.9210526315789473,0.5,0.42105263157894735,Speed,4,0.125,2.683045664559596,0,0,0,4,0,0,4,1,4,4,4,4,1,0,1,4,1
4507,76,16,42,18,60,0.7894736842105263,0.5526315789473685,0.23684210526315788,Curvature,5,0.2777777777777778,1.973692516952688,0,5,0,0,0,3,4,0,0,0,0,4,2,0,0,0,0
4508,76,1,60,15,75,0.9868421052631579,0.7894736842105263,0.19736842105263158,Speed,2,0.13333333333333333,1.4793296748052813,0,0,2,1,2,0,0,1,2,1,0,1,0,1,1,2,1
4509,76,11,34,31,65,0.8552631578947368,0.4473684210526316,0.40789473684210525,Indentation,5,0.16129032258064516,2.7347478705678103,5,1,0,4,0,2,5,1,0,4,0,3,0,0,2,4,0
4510,76,9,52,15,67,0.881578947368421,0.6842105263157895,0.19736842105263158,SpatioTemporal_Dynamics,3,0.2,1.6594192520339153,3,0,0,0,0,0,0,0,0,3,0,3,3,0,3,0,0
4511,76,31,25,20,45,0.5921052631578947,0.32894736842105265,0.2631578947368421,Extent,8,0.4,2.019927844749316,0,0,0,7,8,0,0,0,1,0,4,0,0,0,0,0,0
4512,76,18,57,1,58,0.7631578947368421,0.75,0.013157894736842105,Phase_Change,1,1.0,0.8856461866889552,0,0,0,0,0,0,0,0,0,0,1,0,0,0,0,0,0
4513,76,10,51,15,66,0.868421052631579,0.6710526315789473,0.19736842105263158,Sampling_Gaps,4,0.26666666666666666,1.7575609227648568,0,0,0,0,1,0,2,0,2,0,2,4,0,0,0,3,1
4514,76,55,13,8,21,0.27631578947368424,0.17105263157894737,0.10526315789473684,Path_Evolution,4,0.5,1.220552505816079,4,0,0,0,0,0,0,0,0,4,0,0,0,0,0,0,0
4515,76,11,48,17,65,0.8552631578947368,0.631578947368421,0.2236842105263158,Speed,5,0.29411764705882354,1.9355381935217093,2,0,2,2,0,2,1,1,0,0,0,2,0,0,0,5,0
4516,76,39,23,14,37,0.4868421052631579,0.3026315789473684,0.18421052631578946,Phase_Change,7,0.5,1.7290625601043879,0,0,0,0,0,0,0,0,5,0,7,0,0,0,0,0,2
4517,76,13,29,34,63,0.8289473684210527,0.3815789473684211,0.4473684210526316,Sampling_Gaps,4,0.11764705882352941,2.899283563458575,4,0,4,4,4,3,4,0,0,0,4,4,0,3,0,0,0
4518,76,24,36,16,52,0.6842105263157895,0.47368421052631576,0.21052631578947367,Extent,7,0.4375,1.8772378752826049,0,0,3,0,7,0,0,0,0,0,1,0,0,0,0,5,0
4519,76,21,40,15,55,0.7236842105263158,0.5263157894736842,0.19736842105263158,Localization,4,0.26666666666666666,1.8975911360991724,0,1,4,0,0,0,3,0,4,0,0,0,0,0,0,3,0
4520,76,18,41,17,58,0.7631578947368421,0.5394736842105263,0.2236842105263158,Indentation,5,0.29411764705882354,2.006770635947008,0,0,0,4,2,2,5,0,0,0,0,2,0,0,0,0,2
4521,76,24,37,15,52,0.6842105263157895,0.4868421052631579,0.19736842105263158,Sampling_Gaps,6,0.4,1.8492610719974563,0,0,0,0,0,0,0,0,4,4,0,6,0,0,1,0,0
4522,76,18,29,29,58,0.7631578947368421,0.3815789473684211,0.3815789473684211,Sequence_Complexity,5,0.1724137931034483,2.6126802067028136,5,0,0,0,0,0,0,0,0,4,5,4,5,0,3,0,3
4523,76,16,47,13,60,0.7894736842105263,0.618421052631579,0.17105263157894737,Path_Evolution,3,0.23076923076923078,1.8193031577439023,0,0,0,3,1,0,0,0,0,3,1,2,0,1,1,0,1
4524,76,34,31,11,42,0.5526315789473685,0.40789473684210525,0.14473684210526316,Localization,6,0.5454545454545454,1.6845263985620713,0,0,1,0,0,0,0,0,6,1,0,3,0,0,0,0,0
4525,76,27,30,19,49,0.6447368421052632,0.39473684210526316,0.25,Localization,5,0.2631578947368421,2.126896975271138,0,0,0,4,0,2,4,0,5,0,0,4,0,0,0,0,0
4526,76,34,20,22,42,0.5526315789473685,0.2631578947368421,0.2894736842105263,Speed,6,0.2727272727272727,2.209479177856931,0,4,0,0,0,0,0,0,4,4,0,0,0,0,4,6,0
4527,76,13,30,33,63,0.8289473684210527,0.39473684210526316,0.4342105263157895,Sampling_Gaps,5,0.15151515151515152,2.8314652682892807,3,0,4,5,0,0,0,0,0,2,5,5,4,0,2,0,3
4528,76,21,35,20,55,0.7236842105263158,0.4605263157894737,0.2631578947368421,Path_Evolution,7,0.35,2.0660666202541416,0,0,2,0,0,0,7,0,0,7,1,0,0,0,0,3,0
4529,76,16,43,17,60,0.7894736842105263,0.5657894736842105,0.2236842105263158,Sampling_Gaps,6,0.35294117647058826,1.822283638958795,0,0,0,4,0,0,0,0,0,0,6,6,0,0,0,0,1
4530,76,6,43,27,70,0.9210526315789473,0.5657894736842105,0.35526315789473684,Indentation,4,0.14814814814814814,2.490111106092525,4,0,2,3,4,1,4,0,0,2,2,2,0,1,1,0,1
4531,76,42,17,17,34,0.4473684210526316,0.2236842105263158,0.2236842105263158,Speed,9,0.5294117647058824,1.7629531312390487,0,5,0,0,0,0,0,3,0,0,0,0,0,0,0,9,0
4532,76,13,49,14,63,0.8289473684210527,0.6447368421052632,0.18421052631578946,Displacement,4,0.2857142857142857,1.8008040108167052,0,1,4,0,1,0,1,1,3,0,0,1,0,2,0,0,0
4533,76,13,41,22,63,0.8289473684210527,0.5394736842105263,0.2894736842105263,Speed,5,0.22727272727272727,2.2789847304685478,0,0,0,2,0,0,2,0,3,3,2,2,0,0,3,5,0
4534,76,0,72,4,76,1.0,0.9473684210526315,0.05263157894736842,Speed,1,0.25,0.40273540681402653,0,0,1,0,1,0,0,0,1,0,0,0,0,0,0,1,0
4535,76,39,24,13,37,0.4868421052631579,0.3157894736842105,0.17105263157894737,Sequence_Complexity,5,0.38461538461538464,1.8198444275286416,0,0,0,0,0,1,2,0,0,3,0,0,5,0,2,0,0
4536,76,24,29,23,52,0.6842105263157895,0.3815789473684211,0.3026315789473684,Localization,5,0.21739130434782608,2.3841169235855864,0,0,0,5,0,0,2,3,5,0,4,0,3,0,0,0,1
4537,76,4,60,12,72,0.9473684210526315,0.7894736842105263,0.15789473684210525,Speed,3,0.25,1.36413378661892,1,0,0,1,0,0,1,2,1,0,0,2,1,0,0,3,0
4538,76,9,42,25,67,0.881578947368421,0.5526315789473685,0.32894736842105265,Speed,4,0.16,2.3429131150158735,3,0,0,3,0,0,0,2,4,0,0,3,3,0,0,4,3
4539,76,16,41,19,60,0.7894736842105263,0.5394736842105263,0.25,Phase_Change,5,0.2631578947368421,2.1423464586285625,0,4,1,2,1,0,0,1,0,0,5,2,0,0,0,3,0
4540,76,29,40,7,47,0.618421052631579,0.5263157894736842,0.09210526315789473,Displacement,5,0.7142857142857143,1.4404510249089684,1,0,5,0,0,0,0,0,0,0,0,0,0,1,0,0,0
4541,76,7,58,11,69,0.9078947368421053,0.7631578947368421,0.14473684210526316,SpatioTemporal_Dynamics,2,0.18181818181818182,1.4135277480251323,0,1,0,0,0,1,2,0,1,2,2,0,0,0,2,0,0
4542,76,39,34,3,37,0.4868421052631579,0.4473684210526316,0.039473684210526314,SpatioTemporal_Dynamics,2,0.6666666666666666,1.2333956300470166,0,0,0,0,0,0,0,0,0,0,0,0,0,0,2,0,1
4543,76,42,16,18,34,0.4473684210526316,0.21052631578947367,0.23684210526315788,Speed,8,0.4444444444444444,1.804551030475407,0,0,0,0,0,0,0,0,5,0,0,5,0,0,0,8,0
4544,76,0,74,2,76,1.0,0.9736842105263158,0.02631578947368421,Spatial_Context,1,0.5,0.20188081533118699,0,0,0,0,0,0,0,1,0,0,0,0,0,1,0,0,0
4545,76,6,57,13,70,0.9210526315789473,0.75,0.17105263157894737,Indentation,2,0.15384615384615385,1.6428682264473058,1,1,1,1,0,1,2,0,0,1,1,1,0,1,1,0,1
4546,76,3,66,7,73,0.9605263157894737,0.868421052631579,0.09210526315789473,Speed,1,0.14285714285714285,0.9362841005511988,0,1,0,1,1,1,1,0,0,0,0,1,0,0,0,1,0
4547,76,11,45,20,65,0.8552631578947368,0.5921052631578947,0.2631578947368421,Path_Evolution,4,0.2,2.0907956102592555,0,0,0,4,4,0,0,1,1,4,0,3,0,0,2,1,0
4548,76,7,47,22,69,0.9078947368421053,0.618421052631579,0.2894736842105263,Speed,4,0.18181818181818182,2.175926882056537,1,1,0,3,4,0,0,2,0,1,0,2,0,2,2,4,0
4549,76,11,43,22,65,0.8552631578947368,0.5657894736842105,0.2894736842105263,Speed,3,0.13636363636363635,2.2853279112328253,0,0,3,3,2,0,0,0,0,3,0,3,0,2,1,3,2
4550,76,13,62,1,63,0.8289473684210527,0.8157894736842105,0.013157894736842105,Sequence_Complexity,1,1.0,0.7575868873933164,0,0,0,0,0,0,0,0,0,0,0,0,1,0,0,0,0
4551,76,38,22,16,38,0.5,0.2894736842105263,0.21052631578947367,Extent,5,0.3125,1.9072266042662556,0,0,0,0,5,0,3,0,0,0,0,4,0,0,0,4,0
4552,76,21,19,36,55,0.7236842105263158,0.25,0.47368421052631576,Speed,6,0.16666666666666666,2.8267704258153787,0,0,0,6,0,0,6,0,3,0,6,6,0,0,0,6,3
4553,76,34,26,16,42,0.5526315789473685,0.34210526315789475,0.21052631578947367,Speed,8,0.5,1.8375963387833232,0,0,0,0,0,0,0,4,4,0,0,0,0,0,0,8,0
4554,76,24,34,18,52,0.6842105263157895,0.4473684210526316,0.23684210526315788,Speed,6,0.3333333333333333,1.9907938077488476,0,0,0,3,0,0,0,3,0,0,0,6,0,0,0,6,0
4555,76,18,31,27,58,0.7631578947368421,0.40789473684210525,0.35526315789473684,Phase_Change,5,0.18518518518518517,2.5784858475819763,3,1,0,3,0,0,0,0,0,5,5,0,4,0,3,0,3
4556,76,27,21,28,49,0.6447368421052632,0.27631578947368424,0.3684210526315789,Sampling_Gaps,7,0.25,2.4116600738868077,6,0,0,6,0,0,0,0,0,0,6,7,0,0,0,0,3
4557,76,20,39,17,56,0.7368421052631579,0.5131578947368421,0.2236842105263158,Sampling_Gaps,3,0.17647058823529413,2.095443323416891,0,3,3,0,2,0,0,0,3,0,2,3,0,0,0,1,0
4558,76,42,12,22,34,0.4473684210526316,0.15789473684210525,0.2894736842105263,Sampling_Gaps,9,0.4090909090909091,1.9363789445916664,0,0,0,7,0,0,0,0,0,4,0,9,0,0,2,0,0
4559,76,18,38,20,58,0.7631578947368421,0.5,0.2631578947368421,Sampling_Gaps,4,0.2,2.2381306970842663,0,0,0,4,3,0,0,0,0,3,3,4,0,0,1,1,1
4560,76,11,51,14,65,0.8552631578947368,0.6710526315789473,0.18421052631578946,Acceleration,5,0.35714285714285715,1.6563869776541988,5,0,0,0,1,0,1,2,1,0,0,0,0,0,0,4,0
4561,76,13,26,37,63,0.8289473684210527,0.34210526315789475,0.4868421052631579,Sampling_Gaps,5,0.13513513513513514,2.9976594422364764,5,4,0,5,0,0,0,3,3,0,5,5,4,0,0,0,3
4562,76,1,66,9,75,0.9868421052631579,0.868421052631579,0.11842105263157894,Speed,1,0.1111111111111111,0.9988484097901918,0,1,1,0,1,0,1,1,1,1,0,1,0,0,0,1,0
4563,76,7,64,5,69,0.9078947368421053,0.8421052631578947,0.06578947368421052,Sampling_Gaps,1,0.2,0.9367237706224905,0,1,0,1,0,0,0,0,0,1,1,1,0,0,0,0,0
4564,76,31,22,23,45,0.5921052631578947,0.2894736842105263,0.3026315789473684,Acceleration,7,0.30434782608695654,2.2432088858768644,7,4,6,0,0,0,0,3,0,0,0,0,0,0,0,0,3
4565,76,9,45,22,67,0.881578947368421,0.5921052631578947,0.2894736842105263,Temporal,4,0.18181818181818182,2.212634561384769,0,0,2,3,1,0,3,0,1,0,0,3,2,0,0,3,4
4566,76,4,57,15,72,0.9473684210526315,0.75,0.19736842105263158,Speed,3,0.2,1.6264851672652467,1,0,1,1,0,0,1,2,2,1,0,1,0,0,2,3,0
4567,76,31,29,16,45,0.5921052631578947,0.3815789473684211,0.21052631578947367,Speed,4,0.25,2.0576441650134183,2,0,4,0,2,0,0,2,0,0,0,0,0,2,0,4,0
4568,76,21,34,21,55,0.7236842105263158,0.4473684210526316,0.27631578947368424,Localization,6,0.2857142857142857,2.162445737180299,0,0,0,0,6,0,0,0,6,0,0,3,0,3,0,3,0
4569,76,31,23,22,45,0.5921052631578947,0.3026315789473684,0.2894736842105263,Localization,8,0.36363636363636365,2.164020959319008,0,0,0,0,8,0,0,0,8,1,0,0,0,3,1,1,0
4570,76,3,63,10,73,0.9605263157894737,0.8289473684210527,0.13157894736842105,Speed,3,0.3,1.0527525438779914,0,0,3,0,2,0,0,0,0,0,0,2,0,0,0,3,0
4571,76,3,56,17,73,0.9605263157894737,0.7368421052631579,0.2236842105263158,Path_Evolution,3,0.17647058823529413,1.7647478997652595,0,0,0,1,2,1,1,0,1,3,1,2,1,1,1,2,0
4572,76,10,60,6,66,0.868421052631579,0.7894736842105263,0.07894736842105263,Sequence_Complexity,5,0.8333333333333334,0.9947386034459336,0,0,0,0,0,0,0,0,0,0,1,0,5,0,0,0,0
4573,76,10,59,7,66,0.868421052631579,0.7763157894736842,0.09210526315789473,Extent,2,0.2857142857142857,1.2177272389538187,0,1,1,0,2,0,0,0,1,1,0,0,0,0,0,1,0
4574,76,16,34,26,60,0.7894736842105263,0.4473684210526316,0.34210526315789475,Sampling_Gaps,5,0.19230769230769232,2.513682013103823,2,1,4,5,0,0,0,1,0,5,0,5,0,2,0,0,1
4575,76,1,57,18,75,0.9868421052631579,0.75,0.23684210526315788,Speed,2,0.1111111111111111,1.7416810554516078,2,1,2,1,1,1,2,1,0,1,0,1,2,0,1,2,0
4576,76,18,36,22,58,0.7631578947368421,0.47368421052631576,0.2894736842105263,Duration,6,0.2727272727272727,2.350618301778602,0,2,0,6,0,2,3,0,2,0,2,3,0,0,0,0,2
4577,76,13,27,36,63,0.8289473684210527,0.35526315789473684,0.47368421052631576,Phase_Change,5,0.1388888888888889,2.888838450698909,5,4,5,0,0,0,0,0,5,5,5,0,0,0,3,4,0
4578,76,24,30,22,52,0.6842105263157895,0.39473684210526316,0.2894736842105263,Indentation,7,0.3181818181818182,2.2640906013265623,5,3,0,0,1,3,7,0,0,3,0,0,0,0,0,0,0
4579,76,10,50,16,66,0.868421052631579,0.6578947368421053,0.21052631578947367,Speed,2,0.125,1.966189481369771,0,0,1,2,2,0,0,1,1,2,0,2,0,1,1,2,1
4580,76,18,32,26,58,0.7631578947368421,0.42105263157894735,0.34210526315789475,Path_Evolution,6,0.23076923076923078,2.463875210299606,2,0,0,6,0,0,0,0,0,6,4,3,0,0,3,0,2
4581,76,10,48,18,66,0.868421052631579,0.631578947368421,0.23684210526315788,Path_Evolution,3,0.16666666666666666,1.9443496385185004,3,3,0,0,3,0,0,0,3,3,1,0,2,0,0,0,0
4582,76,11,42,23,65,0.8552631578947368,0.5526315789473685,0.3026315789473684,Speed,5,0.21739130434782608,2.298707512967862,2,0,4,0,0,0,0,1,2,4,2,2,0,0,1,5,0
4583,76,42,16,18,34,0.4473684210526316,0.21052631578947367,0.23684210526315788,Localization,7,0.3888888888888889,1.8941945698478666,0,0,0,0,0,0,0,0,7,4,0,0,0,0,3,4,0
4584,76,4,51,21,72,0.9473684210526315,0.6710526315789473,0.27631578947368424,Indentation,3,0.14285714285714285,2.016896527298366,3,2,0,3,1,2,3,0,2,2,0,2,0,0,1,0,0
4585,76,2,57,17,74,0.9736842105263158,0.75,0.2236842105263158,Speed,2,0.11764705882352941,1.636417897556871,0,0,2,0,2,0,0,2,2,0,0,2,2,2,1,2,0
4586,76,7,44,25,69,0.9078947368421053,0.5789473684210527,0.32894736842105265,Extent,4,0.16,2.3514651689576023,0,1,0,4,4,0,0,0,2,3,1,3,0,2,2,3,0
4587,76,16,33,27,60,0.7894736842105263,0.4342105263157895,0.35526315789473684,Speed,4,0.14814814814814814,2.5739815471147374,0,0,0,4,4,0,3,0,0,2,0,4,4,0,2,4,0
4588,76,3,46,27,73,0.9605263157894737,0.6052631578947368,0.35526315789473684,Speed,3,0.1111111111111111,2.3778886977076605,3,3,0,0,3,0,0,1,3,3,3,0,2,1,1,3,1
4589,76,4,47,25,72,0.9473684210526315,0.618421052631579,0.32894736842105265,Speed,3,0.12,2.2170079273384116,0,0,3,3,0,0,3,0,3,2,3,3,0,0,0,3,2
4590,76,11,25,40,65,0.8552631578947368,0.32894736842105265,0.5263157894736842,Speed,5,0.125,3.118874942443595,5,5,0,0,0,2,5,2,4,5,0,5,0,0,2,5,0
4591,76,0,61,15,76,1.0,0.8026315789473685,0.19736842105263158,Speed,1,0.06666666666666667,1.487730439873374,1,1,1,1,1,1,1,1,1,1,1,0,1,1,1,1,0
4592,76,0,71,5,76,1.0,0.9342105263157895,0.06578947368421052,Phase_Change,1,0.2,0.5027690202221062,0,1,0,0,1,0,0,0,1,1,1,0,0,0,0,0,0
4593,76,9,52,15,67,0.881578947368421,0.6842105263157895,0.19736842105263158,Speed,4,0.26666666666666666,1.6991501732004133,1,0,1,0,1,0,3,0,4,0,1,0,0,0,0,4,0
4594,76,11,32,33,65,0.8552631578947368,0.42105263157894735,0.4342105263157895,Sampling_Gaps,5,0.15151515151515152,2.720270274269976,5,0,5,0,2,0,4,0,5,5,0,5,0,0,2,0,0
4595,76,9,50,17,67,0.881578947368421,0.6578947368421053,0.2236842105263158,Speed,3,0.17647058823529413,1.9027708094166909,0,0,0,3,1,0,0,0,2,2,2,2,2,0,0,3,0
4596,76,16,43,17,60,0.7894736842105263,0.5657894736842105,0.2236842105263158,Localization,5,0.29411764705882354,2.0314959354047177,0,0,0,3,0,1,1,0,5,1,0,3,0,1,0,2,0
4597,76,2,54,20,74,0.9736842105263158,0.7105263157894737,0.2631578947368421,Sequence_Complexity,2,0.1,1.9220863934853312,2,1,2,2,0,1,2,0,0,2,2,2,2,0,1,1,0
4598,76,11,50,15,65,0.8552631578947368,0.6578947368421053,0.19736842105263158,Extent,5,0.3333333333333333,1.8188342862021798,1,0,1,1,5,0,0,1,0,0,3,1,0,0,0,1,1
4599,76,16,43,17,60,0.7894736842105263,0.5657894736842105,0.2236842105263158,Sampling_Gaps,6,0.35294117647058826,1.822283638958795,0,0,0,0,0,0,6,0,0,4,0,6,0,0,1,0,0
4600,76,27,35,14,49,0.6447368421052632,0.4605263157894737,0.18421052631578946,Displacement,6,0.42857142857142855,1.8772494784701923,0,0,6,0,0,0,0,0,0,3,1,0,2,0,2,0,0
4601,76,6,50,20,70,0.9210526315789473,0.6578947368421053,0.2631578947368421,Sequence_Complexity,2,0.1,2.1202619280085435,2,0,2,2,2,1,2,0,0,2,0,2,2,1,1,0,1
4602,76,21,26,29,55,0.7236842105263158,0.34210526315789475,0.3815789473684211,Speed,6,0.20689655172413793,2.5771456244567017,0,0,0,6,6,0,1,0,4,0,0,0,4,2,0,6,0
4603,76,18,36,22,58,0.7631578947368421,0.47368421052631576,0.2894736842105263,Speed,6,0.2727272727272727,2.281603663649174,2,0,0,0,0,0,4,3,4,0,2,0,1,0,0,6,0
4604,76,27,18,31,49,0.6447368421052632,0.23684210526315788,0.40789473684210525,Sequence_Complexity,7,0.22580645161290322,2.571969987440001,3,0,0,7,5,0,0,0,0,0,0,6,7,0,3,0,0
4605,76,9,46,21,67,0.881578947368421,0.6052631578947368,0.27631578947368424,Sequence_Complexity,4,0.19047619047619047,2.1509793227361267,0,2,0,0,0,0,2,2,1,0,2,4,4,0,0,1,3
4606,76,22,41,13,54,0.7105263157894737,0.5394736842105263,0.17105263157894737,Indentation,6,0.46153846153846156,1.7375764896539034,0,0,3,0,0,0,6,0,0,0,1,0,0,0,0,3,0
4607,76,27,29,20,49,0.6447368421052632,0.3815789473684211,0.2631578947368421,Sequence_Complexity,6,0.3,2.191572757841387,2,0,0,0,0,0,0,0,6,2,2,0,6,0,2,0,0
4608,76,24,36,16,52,0.6842105263157895,0.47368421052631576,0.21052631578947367,Curvature,7,0.4375,1.8339884479430926,7,7,0,0,0,0,0,0,0,0,1,0,0,0,1,0,0
4609,76,31,27,18,45,0.5921052631578947,0.35526315789473684,0.23684210526315788,Indentation,6,0.3333333333333333,2.0559375310291452,0,0,3,5,0,0,6,0,1,0,0,0,0,0,0,3,0
4610,76,9,39,28,67,0.881578947368421,0.5131578947368421,0.3684210526315789,Indentation,4,0.14285714285714285,2.5942490719006592,4,2,0,3,3,2,4,0,0,3,2,3,0,0,2,0,0
4611,76,34,16,26,42,0.5526315789473685,0.21052631578947367,0.34210526315789475,Displacement,7,0.2692307692307692,2.2953004270260577,0,0,7,0,6,0,0,0,6,0,0,4,0,0,0,0,3
4612,76,22,31,23,54,0.7105263157894737,0.40789473684210525,0.3026315789473684,Localization,5,0.21739130434782608,2.447835451459672,0,0,0,4,0,0,0,0,5,3,3,0,0,2,2,2,2
4613,76,6,58,12,70,0.9210526315789473,0.7631578947368421,0.15789473684210525,Sampling_Gaps,3,0.25,1.4580911947081956,0,2,0,2,1,0,1,0,1,0,1,3,0,0,0,1,0
4614,76,16,54,6,60,0.7894736842105263,0.7105263157894737,0.07894736842105263,Sampling_Gaps,1,0.16666666666666666,1.3168232355905944,0,1,0,0,0,1,0,0,1,1,1,1,0,0,0,0,0
4615,76,18,40,18,58,0.7631578947368421,0.5263157894736842,0.23684210526315788,Speed,4,0.2222222222222222,2.0382462789507416,4,0,0,0,0,0,0,1,4,0,4,0,0,0,0,4,1
4616,76,31,10,35,45,0.5921052631578947,0.13157894736842105,0.4605263157894737,Phase_Change,8,0.22857142857142856,2.552437737366787,7,0,0,0,8,0,0,2,0,0,8,0,0,0,0,7,3
4617,76,16,35,25,60,0.7894736842105263,0.4605263157894737,0.32894736842105265,Speed,5,0.2,2.455112229939975,0,1,2,4,5,0,0,0,3,0,0,2,0,3,0,5,0
4618,76,31,28,17,45,0.5921052631578947,0.3684210526315789,0.2236842105263158,Speed,6,0.35294117647058826,1.9952225996506916,6,0,0,0,2,0,0,1,0,0,2,0,0,0,0,6,0
4619,76,31,23,22,45,0.5921052631578947,0.3026315789473684,0.2894736842105263,Sampling_Gaps,7,0.3181818181818182,2.1901260589110674,2,0,0,6,0,0,5,0,0,2,0,7,0,0,0,0,0
4620,76,11,39,26,65,0.8552631578947368,0.5131578947368421,0.34210526315789475,Speed,5,0.19230769230769232,2.4136681017394856,2,0,0,4,0,0,0,0,2,2,4,5,0,0,0,5,2
4621,76,6,59,11,70,0.9210526315789473,0.7763157894736842,0.14473684210526316,Localization,4,0.36363636363636365,1.3454838961189068,2,1,1,0,1,0,0,0,4,0,1,0,0,0,0,1,0
4622,76,3,58,15,73,0.9605263157894737,0.7631578947368421,0.19736842105263158,Path_Evolution,3,0.2,1.5007900433639396,0,0,3,0,0,1,3,1,2,3,0,0,0,1,1,0,0
4623,76,6,52,18,70,0.9210526315789473,0.6842105263157895,0.23684210526315788,Speed,4,0.2222222222222222,1.7488138246585363,2,2,0,0,2,0,0,0,4,4,0,0,0,0,0,4,0
4624,76,3,66,7,73,0.9605263157894737,0.868421052631579,0.09210526315789473,Path_Evolution,3,0.42857142857142855,0.8111554820732126,0,0,3,0,0,0,0,0,1,3,0,0,0,0,0,0,0
4625,76,1,67,8,75,0.9868421052631579,0.881578947368421,0.10526315789473684,Path_Evolution,2,0.25,0.7949278323821282,2,2,0,0,0,0,0,0,2,2,0,0,0,0,0,0,0
4626,76,6,57,13,70,0.9210526315789473,0.75,0.17105263157894737,Path_Evolution,4,0.3076923076923077,1.4060261211841483,2,0,0,0,2,0,0,0,4,4,0,0,0,0,1,0,0
4627,76,13,34,29,63,0.8289473684210527,0.4473684210526316,0.3815789473684211,Path_Evolution,5,0.1724137931034483,2.649980396141664,0,0,0,4,4,0,0,0,4,5,1,4,0,0,2,2,3
4628,76,1,66,9,75,0.9868421052631579,0.868421052631579,0.11842105263157894,Sampling_Gaps,2,0.2222222222222222,0.9725326203165076,0,0,1,1,1,0,1,0,1,0,1,2,0,0,0,1,0
4629,76,10,47,19,66,0.868421052631579,0.618421052631579,0.25,Extent,5,0.2631578947368421,2.0124722838099087,1,4,0,0,5,1,1,0,4,1,0,0,0,1,0,1,0
4630,76,42,28,6,34,0.4473684210526316,0.3684210526315789,0.07894736842105263,Path_Evolution,2,0.3333333333333333,1.4442002822025215,0,0,0,0,0,0,2,0,1,2,0,0,0,0,1,0,0
4631,76,42,11,23,34,0.4473684210526316,0.14473684210526316,0.3026315789473684,Localization,9,0.391304347826087,1.954223177870703,0,0,0,0,5,2,7,0,9,0,0,0,0,0,0,0,0
4632,76,22,31,23,54,0.7105263157894737,0.40789473684210525,0.3026315789473684,Phase_Change,7,0.30434782608695654,2.2612097484327944,4,0,0,0,0,2,7,0,0,2,7,0,0,0,1,0,0
4633,76,31,27,18,45,0.5921052631578947,0.35526315789473684,0.23684210526315788,Curvature,8,0.4444444444444444,2.0279678334097664,0,8,0,0,0,0,4,3,0,2,0,0,0,0,1,0,0
4634,76,34,22,20,42,0.5526315789473685,0.2894736842105263,0.2631578947368421,Sequence_Complexity,8,0.4,2.0231744580155318,8,0,0,0,0,0,0,0,0,1,1,0,8,0,2,0,0
4635,76,31,22,23,45,0.5921052631578947,0.2894736842105263,0.3026315789473684,Phase_Change,8,0.34782608695652173,2.289940714617567,0,0,0,0,0,0,0,0,3,5,8,0,0,0,2,3,2
4636,76,7,48,21,69,0.9078947368421053,0.631578947368421,0.27631578947368424,Speed,4,0.19047619047619047,2.0935895596407073,1,0,0,1,1,0,0,1,4,4,0,2,0,1,2,4,0
4637,76,24,18,34,52,0.6842105263157895,0.23684210526315788,0.4473684210526316,Sampling_Gaps,7,0.20588235294117646,2.707509705349731,3,0,0,7,6,0,0,0,0,7,0,7,0,1,3,0,0
4638,76,27,21,28,49,0.6447368421052632,0.27631578947368424,0.3684210526315789,Speed,6,0.21428571428571427,2.519642192522951,0,4,0,5,0,4,0,0,4,0,0,5,0,0,0,6,0
4639,76,7,53,16,69,0.9078947368421053,0.6973684210526315,0.21052631578947367,Extent,4,0.25,1.7580424009928903,0,1,0,4,4,0,0,1,1,0,0,1,2,1,0,1,0
4640,76,31,25,20,45,0.5921052631578947,0.32894736842105265,0.2631578947368421,Localization,7,0.35,2.157957121008172,0,0,0,0,6,0,0,0,7,2,0,0,0,2,1,2,0
4641,76,15,37,24,61,0.8026315789473685,0.4868421052631579,0.3157894736842105,Displacement,6,0.25,2.423751908475911,3,0,6,0,3,0,0,1,3,3,3,0,0,0,1,0,1
4642,76,9,46,21,67,0.881578947368421,0.6052631578947368,0.27631578947368424,Sampling_Gaps,4,0.19047619047619047,2.1047980726791935,0,3,0,0,0,0,3,0,4,3,2,4,0,1,1,0,0
4643,76,3,50,23,73,0.9605263157894737,0.6578947368421053,0.3026315789473684,Sequence_Complexity,3,0.13043478260869565,2.1068467963157294,3,0,0,3,2,1,3,0,0,3,0,2,3,1,1,0,1
4644,76,1,56,19,75,0.9868421052631579,0.7368421052631579,0.25,Speed,2,0.10526315789473684,1.73198178140114,2,2,0,2,2,0,1,0,2,2,2,2,0,0,0,2,0
4645,76,21,30,25,55,0.7236842105263158,0.39473684210526316,0.32894736842105265,Indentation,6,0.24,2.384975549837965,6,0,0,5,0,0,6,3,0,0,0,0,2,0,0,3,0
4646,76,38,26,12,38,0.5,0.34210526315789475,0.15789473684210525,Duration,5,0.4166666666666667,1.747964274507731,2,0,2,5,0,0,0,0,0,0,0,0,0,0,0,3,0
4647,76,22,39,15,54,0.7105263157894737,0.5131578947368421,0.19736842105263158,Speed,5,0.3333333333333333,1.8551930052845718,0,0,0,4,0,0,0,0,0,2,4,0,0,0,0,5,0
4648,76,27,29,20,49,0.6447368421052632,0.3815789473684211,0.2631578947368421,Extent,5,0.25,2.2101241990810845,0,1,0,4,5,0,0,0,0,0,0,4,0,0,0,4,2
4649,76,21,41,14,55,0.7236842105263158,0.5394736842105263,0.18421052631578946,Speed,3,0.21428571428571427,1.9036780322042985,0,0,0,2,1,0,3,0,0,2,0,3,0,0,0,3,0
4650,76,27,33,16,49,0.6447368421052632,0.4342105263157895,0.21052631578947367,Sampling_Gaps,7,0.4375,1.9043999683635504,0,0,5,0,0,0,0,0,0,2,0,7,0,0,0,2,0
4651,76,21,39,16,55,0.7236842105263158,0.5131578947368421,0.21052631578947367,Speed,7,0.4375,1.9106843905117206,5,0,0,0,1,0,1,1,0,1,0,0,0,0,0,7,0
4652,76,13,36,27,63,0.8289473684210527,0.47368421052631576,0.35526315789473684,Duration,5,0.18518518518518517,2.4671060415156747,3,4,3,5,0,0,0,0,4,4,0,0,0,0,0,4,0
4653,76,31,34,11,45,0.5921052631578947,0.4473684210526316,0.14473684210526316,Speed,2,0.18181818181818182,1.8195877473316817,0,0,0,0,0,1,2,0,2,0,2,0,0,2,0,2,0
4654,76,18,32,26,58,0.7631578947368421,0.42105263157894735,0.34210526315789475,Sampling_Gaps,5,0.19230769230769232,2.486248941742638,4,0,0,5,5,1,4,0,0,1,0,5,0,1,0,0,0
4655,76,21,39,16,55,0.7236842105263158,0.5131578947368421,0.21052631578947367,Localization,6,0.375,1.933728468465841,0,0,0,0,2,0,2,0,6,0,2,0,0,0,0,4,0
4656,76,9,55,12,67,0.881578947368421,0.7236842105263158,0.15789473684210525,Sampling_Gaps,3,0.25,1.4746542007682237,0,0,1,3,0,0,0,0,3,2,0,3,0,0,0,0,0
4657,76,0,76,0,76,1.0,1.0,0.0,,0,0.0,0.0,0,0,0,0,0,0,0,0,0,0,0,0,0,0,0,0,0
4658,76,13,33,30,63,0.8289473684210527,0.4342105263157895,0.39473684210526316,Sampling_Gaps,5,0.16666666666666666,2.683329898939631,0,0,0,2,0,0,0,0,5,4,5,5,2,0,3,1,3
4659,76,4,59,13,72,0.9473684210526315,0.7763157894736842,0.17105263157894737,Sampling_Gaps,3,0.23076923076923078,1.3355511658272823,0,0,0,3,3,0,0,0,2,0,0,3,2,0,0,0,0
4660,76,11,45,20,65,0.8552631578947368,0.5921052631578947,0.2631578947368421,Acceleration,5,0.25,2.069616130332455,5,0,0,0,4,0,0,0,2,2,0,0,2,2,0,3,0
4661,76,13,46,17,63,0.8289473684210527,0.6052631578947368,0.2236842105263158,Sampling_Gaps,4,0.23529411764705882,1.926161344746912,0,0,0,3,3,0,0,0,3,0,0,4,0,2,0,2,0
4662,76,15,41,20,61,0.8026315789473685,0.5394736842105263,0.2631578947368421,Path_Evolution,5,0.25,2.118024466102717,0,0,0,0,0,0,0,1,0,5,4,0,4,0,1,4,1
4663,76,3,58,15,73,0.9605263157894737,0.7631578947368421,0.19736842105263158,Speed,3,0.2,1.5007900433639396,0,0,3,1,2,0,0,1,3,0,0,0,0,1,0,3,1
4664,76,24,19,33,52,0.6842105263157895,0.25,0.4342105263157895,Sampling_Gaps,7,0.21212121212121213,2.6892556234684664,0,0,0,7,0,0,0,0,4,7,0,7,0,1,3,4,0
4665,76,11,44,21,65,0.8552631578947368,0.5789473684210527,0.27631578947368424,Speed,5,0.23809523809523808,2.0441377769445728,0,4,0,0,0,1,0,0,0,4,0,5,0,0,2,5,0
4666,76,11,47,18,65,0.8552631578947368,0.618421052631579,0.23684210526315788,Speed,5,0.2777777777777778,1.9816269961722304,3,0,0,2,0,0,0,2,0,3,1,1,0,0,1,5,0
4667,76,13,38,25,63,0.8289473684210527,0.5,0.32894736842105265,Speed,5,0.2,2.381274115097167,0,0,0,0,0,0,2,0,5,1,5,3,1,0,0,5,3
4668,76,11,55,10,65,0.8552631578947368,0.7236842105263158,0.13157894736842105,Sampling_Gaps,2,0.2,1.4580784075374464,1,0,0,2,1,0,0,0,0,2,2,2,0,0,0,0,0
4669,76,29,33,14,47,0.618421052631579,0.4342105263157895,0.18421052631578946,Speed,8,0.5714285714285714,1.8255414305529007,0,0,1,0,0,0,0,0,0,1,0,3,0,0,1,8,0
4670,76,27,44,5,49,0.6447368421052632,0.5789473684210527,0.06578947368421052,Sampling_Gaps,2,0.4,1.3716518058323388,0,0,0,0,0,0,1,0,1,0,1,2,0,0,0,0,0
