trajectory_id,distance_geometry_1_1,distance_geometry_2_1,distance_geometry_2_2,distance_geometry_3_1,distance_geometry_3_2,distance_geometry_3_3,distance_geometry_4_1,distance_geometry_4_2,distance_geometry_4_3,distance_geometry_4_4,distance_geometry_5_1,distance_geometry_5_2,distance_geometry_5_3,distance_geometry_5_4,distance_geometry_5_5,angles_mean,angles_meanse,angles_quant_min,angles_quant_05,angles_quant_10,angles_quant_25,angles_quant_median,angles_quant_75,angles_quant_90,angles_quant_95,angles_quant_max,angles_range,angles_sd,angles_vcoef,angles_mad,angles_iqr,angles_skew,angles_kurt,speed_mean,speed_meanse,speed_quant_min,speed_quant_05,speed_quant_10,speed_quant_25,speed_quant_median,speed_quant_75,speed_quant_90,speed_quant_95,speed_quant_max,speed_range,speed_sd,speed_vcoef,speed_mad,speed_iqr,speed_skew,speed_kurt,acceleration_mean,acceleration_meanse,acceleration_quant_min,acceleration_quant_05,acceleration_quant_10,acceleration_quant_25,acceleration_quant_median,acceleration_quant_75,acceleration_quant_90,acceleration_quant_95,acceleration_quant_max,acceleration_range,acceleration_sd,acceleration_vcoef,acceleration_mad,acceleration_iqr,acceleration_skew,acceleration_kurt,duration_total_seconds,sampling_gap_mean_seconds,sampling_gap_sd_seconds,sampling_gap_iqr_seconds,sampling_gap_cv,speed_mean_first_half,speed_mean_second_half,speed_mean_half_diff,acceleration_mean_first_half,acceleration_mean_second_half,acceleration_mean_half_diff,bbox_lat_span_deg,bbox_lon_span_deg,bbox_height_m,bbox_width_m,bbox_diagonal_m,bbox_area_km2,path_length_m,net_displacement_m,directness_ratio,mean_distance_to_centroid_m,median_distance_to_centroid_m,max_distance_to_centroid_m,radius_of_gyration_m,speed_progress_slope,acceleration_progress_slope,angle_progress_slope,relative_grid_unique_cells_3x3,relative_grid_entropy_3x3,relative_transition_entropy_3x3,relative_grid_revisit_ratio_3x3
1,medium,medium,high,low,low,low,low,low,medium,medium,medium,low,high,high,high,high,low,low,high,high,high,high,medium,low,low,high,high,low,low,high,low,low,low,low,low,low,medium,medium,low,low,low,low,low,medium,medium,low,medium,low,low,high,high,medium,low,medium,medium,high,high,high,low,low,low,medium,medium,low,medium,low,low,low,medium,high,high,low,low,low,low,low,medium,high,low,low,medium,low,medium,low,low,low,low,low,medium,low,low,medium,low,medium,medium,low,medium,high,high,low
2,low,low,low,low,low,medium,high,high,low,low,high,medium,high,high,high,high,high,medium,medium,low,medium,medium,high,medium,high,medium,medium,high,medium,medium,high,low,low,medium,medium,high,medium,medium,medium,medium,medium,medium,medium,low,low,medium,low,medium,medium,low,low,high,low,high,medium,medium,medium,high,medium,low,low,medium,low,low,low,medium,medium,medium,low,high,high,high,medium,high,medium,medium,medium,low,high,high,medium,medium,medium,medium,medium,medium,medium,low,low,medium,low,medium,medium,medium,high,high,low,medium,medium,medium
3,high,high,medium,medium,high,high,high,high,medium,high,medium,low,low,low,low,medium,low,high,medium,high,high,high,low,low,low,low,low,low,low,high,low,low,high,medium,medium,high,medium,high,medium,medium,medium,low,medium,medium,medium,medium,low,medium,medium,medium,medium,low,medium,medium,medium,low,medium,high,medium,medium,medium,low,medium,medium,high,medium,medium,low,medium,high,high,low,low,low,low,medium,high,medium,low,low,low,medium,low,medium,low,low,medium,high,high,medium,medium,low,medium,high,medium,low,high,medium,medium,low
4,medium,medium,medium,medium,low,medium,low,low,low,medium,high,high,high,high,high,high,high,high,high,medium,medium,high,high,high,high,low,low,high,medium,high,high,low,low,low,low,low,low,low,low,low,low,low,low,low,low,low,medium,low,low,medium,medium,low,low,medium,high,high,high,medium,low,low,low,low,low,low,high,low,low,low,medium,high,high,low,low,low,low,low,medium,medium,low,low,low,low,low,low,low,low,low,low,medium,low,low,low,low,medium,medium,high,low,low,low,medium
5,medium,medium,medium,low,medium,high,medium,low,medium,medium,medium,medium,medium,medium,high,high,low,high,high,high,high,high,low,low,low,low,low,low,low,high,low,low,medium,low,low,high,low,low,low,low,low,low,low,low,low,low,low,low,low,low,medium,low,low,high,high,high,high,high,low,low,low,low,low,low,medium,low,low,medium,medium,high,high,high,medium,high,low,low,medium,medium,medium,medium,low,low,low,low,low,low,low,medium,medium,low,low,low,low,medium,medium,high,high,high,high,low
6,low,low,low,medium,high,high,medium,low,low,low,medium,medium,medium,low,low,high,medium,medium,medium,low,high,high,medium,medium,medium,high,high,medium,low,high,medium,low,low,medium,high,high,high,medium,medium,medium,medium,low,medium,high,high,high,high,medium,low,high,high,low,high,low,medium,medium,low,medium,high,medium,medium,high,high,high,high,high,high,medium,high,high,high,high,medium,high,medium,high,high,medium,medium,medium,low,high,low,high,medium,medium,medium,low,low,medium,medium,high,medium,medium,low,high,low,low,medium,medium
7,high,high,high,medium,high,high,low,high,medium,medium,high,medium,low,low,medium,high,medium,high,high,high,high,high,high,medium,medium,low,low,medium,low,high,medium,low,low,low,low,medium,low,low,low,medium,low,low,low,low,low,low,low,low,low,high,high,medium,low,high,high,high,high,medium,low,low,low,medium,low,low,medium,low,low,high,medium,medium,medium,medium,medium,high,low,low,high,high,medium,low,low,low,low,low,low,low,low,medium,high,low,low,low,low,medium,medium,medium,high,high,high,low
8,medium,low,low,low,low,medium,low,low,medium,high,high,high,low,medium,medium,low,low,medium,high,medium,medium,low,low,low,low,low,low,low,high,low,low,high,high,low,low,high,high,high,medium,medium,low,low,low,low,low,low,low,low,low,medium,medium,low,low,high,high,high,high,high,low,low,low,low,low,low,medium,low,low,low,low,low,low,high,medium,high,low,low,medium,low,medium,medium,low,low,low,low,low,low,low,medium,medium,low,low,low,low,medium,medium,low,low,medium,high,medium
9,medium,high,high,high,medium,low,high,high,high,high,high,high,high,high,high,low,medium,high,medium,low,low,low,low,low,medium,medium,medium,medium,high,low,low,high,high,low,low,low,medium,medium,medium,medium,low,low,low,low,low,low,low,low,low,medium,medium,low,high,medium,low,low,low,low,high,high,high,high,medium,high,high,high,high,high,low,low,low,high,medium,high,low,medium,medium,high,low,low,low,low,low,low,low,low,low,low,medium,low,low,low,low,medium,low,low,medium,high,medium,low
10,high,medium,high,medium,medium,high,low,low,medium,medium,high,high,high,medium,medium,medium,high,high,high,medium,medium,high,high,medium,high,medium,low,high,medium,high,high,medium,low,low,low,low,low,low,low,medium,medium,medium,low,low,low,low,medium,high,high,low,low,high,medium,high,medium,medium,medium,high,medium,medium,medium,low,low,medium,low,medium,medium,medium,low,low,low,high,medium,high,medium,low,medium,medium,high,medium,medium,low,medium,low,low,low,low,high,high,low,low,low,low,low,high,low,medium,high,high,low
11,high,high,low,high,high,medium,high,low,medium,medium,medium,low,low,high,high,medium,medium,medium,medium,high,high,low,high,high,low,medium,medium,medium,medium,low,high,high,medium,low,low,medium,medium,medium,low,low,low,low,medium,low,low,low,medium,low,low,medium,medium,high,low,high,high,high,high,high,low,low,low,low,low,low,low,low,low,high,medium,low,low,high,medium,high,low,medium,high,low,high,high,low,medium,low,medium,low,low,low,medium,high,low,low,medium,low,high,high,medium,low,low,low,high
12,high,low,low,low,low,low,medium,medium,low,low,medium,high,medium,medium,medium,low,high,high,medium,medium,medium,low,high,medium,medium,medium,low,high,high,low,high,high,medium,low,low,low,low,low,low,low,low,low,low,low,low,low,low,low,low,low,low,high,low,high,high,high,high,high,low,low,low,low,low,low,low,low,low,medium,low,low,low,low,low,low,low,low,medium,low,high,high,low,low,low,low,low,low,low,medium,high,low,low,low,low,medium,high,medium,high,high,high,low
13,high,medium,medium,medium,medium,medium,high,high,medium,low,high,medium,medium,high,high,low,low,low,low,low,low,low,low,low,medium,medium,medium,low,high,low,low,high,high,low,low,low,low,low,low,low,low,low,low,low,low,low,medium,low,low,medium,medium,low,low,medium,high,high,high,low,low,low,medium,low,medium,low,high,low,low,low,medium,medium,medium,low,low,low,low,low,low,low,medium,medium,low,low,low,low,low,low,low,high,high,low,low,low,low,low,medium,medium,medium,low,low,low
14,medium,low,medium,high,high,low,medium,low,medium,low,high,medium,low,high,medium,medium,low,medium,high,high,high,high,low,low,low,low,medium,low,low,medium,low,medium,high,low,medium,low,low,low,low,low,low,low,low,high,high,medium,high,low,low,high,high,low,medium,low,high,high,high,medium,low,low,low,high,high,medium,high,low,low,medium,high,high,high,high,medium,high,medium,low,low,medium,medium,medium,high,low,high,low,medium,low,low,medium,medium,low,low,medium,medium,low,medium,medium,low,low,low,medium
15,low,low,medium,medium,high,medium,low,medium,medium,medium,high,high,low,medium,medium,medium,high,low,low,low,low,low,high,high,high,medium,medium,high,high,low,high,low,low,high,high,medium,high,high,high,high,medium,high,high,high,high,high,high,medium,medium,high,high,high,high,low,medium,low,medium,low,medium,medium,medium,high,high,high,medium,medium,medium,medium,high,medium,medium,high,medium,high,high,medium,low,medium,high,medium,high,high,high,high,high,high,high,low,low,high,high,high,high,low,low,medium,low,low,low,high
16,medium,high,medium,low,medium,medium,high,medium,medium,low,low,low,low,low,low,high,low,high,high,high,high,high,low,medium,low,low,low,low,low,medium,low,low,high,low,low,low,low,low,low,low,low,low,low,low,low,low,medium,low,low,low,low,low,low,high,high,high,high,low,low,low,low,low,low,low,medium,low,low,medium,low,low,low,low,low,low,low,low,medium,medium,medium,medium,low,low,low,low,low,low,low,low,medium,low,low,low,low,medium,medium,medium,low,low,medium,high
17,high,high,low,medium,medium,low,low,high,medium,high,high,high,medium,medium,medium,high,low,low,medium,medium,high,high,low,low,low,medium,medium,low,low,high,low,low,medium,low,low,low,low,low,low,low,low,low,low,low,low,low,high,low,low,medium,medium,low,low,high,high,high,high,medium,low,low,low,low,low,low,medium,low,low,high,medium,medium,medium,medium,medium,high,low,low,high,medium,medium,medium,low,low,low,low,low,low,low,high,high,low,low,low,low,high,medium,high,high,low,low,low
18,high,high,high,medium,medium,medium,medium,high,high,high,low,low,medium,medium,low,low,medium,high,high,high,high,low,medium,low,low,low,low,medium,medium,low,medium,high,medium,low,low,high,low,medium,medium,low,low,low,low,low,low,low,low,low,low,low,medium,medium,low,high,high,high,high,low,low,low,low,low,low,low,low,low,low,high,medium,low,low,medium,medium,medium,low,low,medium,medium,medium,medium,low,low,low,low,low,low,low,high,high,low,low,low,low,low,medium,low,medium,high,high,low
19,high,high,medium,high,high,high,medium,medium,medium,medium,low,medium,high,high,high,high,medium,high,high,high,low,high,high,high,medium,medium,medium,medium,low,high,high,low,medium,medium,medium,medium,low,low,low,low,medium,high,high,medium,medium,medium,high,medium,medium,medium,medium,low,medium,medium,medium,low,high,low,low,low,high,medium,medium,medium,low,low,low,high,medium,high,high,high,medium,high,medium,medium,medium,medium,low,low,high,medium,high,medium,medium,medium,medium,high,high,medium,medium,medium,medium,low,low,medium,high,medium,medium,low
20,high,medium,low,medium,low,medium,high,medium,low,medium,medium,medium,medium,low,medium,high,medium,medium,medium,medium,high,high,medium,high,high,medium,medium,medium,low,high,medium,low,medium,low,low,medium,low,low,low,medium,low,low,low,low,low,low,low,medium,low,low,low,medium,low,high,high,high,high,high,medium,low,low,low,low,low,low,medium,medium,low,low,medium,medium,medium,medium,medium,low,low,low,low,high,high,low,low,low,low,low,low,low,high,high,low,low,low,low,low,high,low,medium,medium,medium,low
21,medium,high,high,low,medium,high,medium,high,high,medium,low,medium,low,low,low,medium,low,high,high,high,high,medium,medium,low,low,low,low,low,low,medium,low,medium,medium,low,low,low,low,low,low,low,low,low,low,low,low,low,medium,low,low,medium,low,medium,low,high,high,high,high,medium,low,low,low,low,low,low,low,low,low,low,medium,medium,medium,medium,medium,high,low,low,medium,high,low,low,low,low,low,low,low,low,low,low,medium,low,low,low,low,medium,high,high,low,low,low,medium
22,high,high,medium,high,medium,high,medium,low,medium,high,medium,medium,high,low,low,low,low,medium,medium,medium,high,medium,low,low,medium,medium,medium,low,medium,medium,low,high,high,low,medium,low,low,low,low,low,medium,low,low,medium,medium,medium,medium,medium,medium,medium,medium,medium,medium,medium,medium,medium,high,high,low,low,medium,medium,medium,medium,medium,low,low,medium,medium,medium,medium,low,low,low,medium,low,medium,medium,low,low,low,medium,low,medium,medium,medium,low,high,high,low,low,low,low,high,medium,low,high,medium,medium,low
23,low,medium,medium,low,medium,high,medium,medium,medium,low,medium,low,low,high,medium,medium,medium,low,medium,low,low,high,low,high,high,medium,medium,medium,medium,high,low,medium,high,medium,low,low,medium,medium,medium,medium,medium,medium,medium,low,low,low,low,medium,low,low,low,medium,low,high,high,medium,medium,medium,high,medium,medium,low,low,low,medium,medium,high,medium,low,high,high,low,low,low,medium,medium,medium,medium,high,high,medium,low,medium,low,low,low,medium,low,low,low,low,low,low,medium,high,high,high,medium,medium,low
24,high,high,high,high,high,medium,high,high,high,low,high,medium,high,high,high,medium,low,medium,medium,high,high,high,low,low,low,low,low,low,low,medium,low,medium,high,medium,medium,high,high,high,medium,medium,medium,medium,medium,medium,medium,medium,low,medium,medium,medium,medium,medium,low,medium,high,high,high,medium,medium,low,low,low,medium,low,medium,medium,low,low,medium,low,low,low,low,medium,high,medium,low,high,low,low,high,low,high,low,high,medium,medium,high,high,high,high,high,high,medium,medium,high,high,high,medium,low
25,high,high,medium,medium,high,high,low,medium,low,high,high,high,high,low,high,low,medium,low,low,low,medium,low,low,medium,medium,medium,medium,medium,high,low,low,high,high,high,high,high,medium,medium,medium,medium,low,medium,high,high,high,high,high,low,low,high,high,medium,high,low,medium,high,medium,medium,medium,medium,high,high,high,high,high,medium,medium,low,high,medium,medium,high,medium,high,medium,high,high,medium,medium,medium,high,high,high,high,high,high,high,high,high,high,high,high,high,high,low,low,low,low,low,high
26,high,high,high,high,high,medium,high,high,medium,medium,high,medium,medium,low,medium,low,low,medium,medium,medium,low,low,low,low,low,low,low,low,high,low,medium,high,high,low,high,medium,medium,low,low,low,low,low,medium,high,high,high,high,low,low,high,high,low,medium,low,medium,high,high,medium,low,low,low,high,high,medium,low,low,low,low,high,low,low,low,low,low,high,low,low,low,low,medium,medium,high,medium,high,high,high,medium,high,high,high,high,high,high,low,medium,high,medium,medium,low,low
27,high,high,medium,high,medium,low,high,medium,high,low,high,high,low,medium,low,low,medium,medium,medium,low,low,low,low,high,high,high,high,medium,high,low,medium,high,high,medium,medium,high,medium,low,medium,medium,medium,medium,medium,medium,medium,medium,medium,medium,medium,low,low,medium,medium,medium,medium,medium,high,medium,medium,medium,medium,medium,medium,medium,medium,low,low,high,medium,medium,medium,high,medium,high,medium,low,low,medium,medium,medium,medium,high,medium,high,high,high,medium,high,high,high,high,medium,high,medium,low,medium,low,medium,medium,medium
28,high,low,medium,medium,medium,high,medium,low,low,high,high,high,low,medium,high,high,medium,low,high,high,high,high,medium,low,low,low,low,medium,low,high,medium,low,low,low,low,medium,low,low,low,low,low,low,low,low,low,low,medium,low,low,medium,medium,medium,low,high,high,high,high,low,low,low,low,low,low,low,medium,low,low,medium,low,high,high,medium,medium,medium,medium,low,low,low,medium,high,medium,low,medium,low,low,low,low,medium,high,low,low,low,low,medium,medium,low,low,low,low,high
29,high,high,high,low,high,medium,high,high,high,high,high,high,high,high,high,low,low,low,low,low,high,medium,low,medium,high,low,medium,low,medium,medium,low,high,high,high,high,high,medium,medium,high,high,high,high,high,high,high,high,high,high,medium,high,high,high,high,low,low,low,low,high,high,high,medium,high,high,high,medium,high,high,high,high,medium,medium,medium,medium,medium,medium,high,high,high,high,medium,high,high,high,high,high,high,high,high,high,high,high,high,high,high,low,medium,low,medium,low,high
30,high,high,high,medium,high,high,medium,medium,high,high,medium,high,high,medium,high,low,low,low,medium,medium,medium,high,low,low,medium,high,high,low,low,medium,low,high,high,medium,low,medium,medium,high,medium,medium,medium,medium,medium,low,low,low,low,medium,low,low,low,low,medium,high,medium,medium,medium,low,low,medium,medium,medium,low,medium,high,low,low,high,low,low,low,high,medium,high,medium,medium,medium,medium,low,low,medium,high,medium,high,medium,medium,medium,high,high,high,high,medium,high,low,low,low,high,high,high,low
31,high,high,medium,high,high,medium,high,high,high,high,high,high,high,high,medium,low,low,low,medium,medium,low,low,low,low,low,low,low,low,high,low,low,high,high,low,low,low,low,low,medium,low,low,low,low,low,low,low,low,low,low,low,low,low,low,high,high,high,medium,low,low,low,low,low,low,low,high,medium,medium,high,low,low,low,low,low,medium,low,low,medium,medium,low,low,medium,low,medium,low,low,low,low,high,high,high,high,low,medium,medium,medium,medium,low,high,medium,medium
32,medium,low,low,high,medium,low,high,medium,high,high,low,medium,high,medium,low,high,medium,medium,high,high,high,high,high,high,high,high,medium,medium,low,high,high,low,medium,high,high,high,high,medium,medium,high,medium,medium,medium,high,high,high,high,high,high,high,high,high,high,medium,medium,medium,medium,high,medium,medium,medium,high,high,high,low,medium,medium,high,high,high,high,medium,medium,medium,low,high,high,medium,high,high,low,high,low,high,high,high,high,medium,medium,high,medium,high,high,high,high,low,low,low,low,high
33,medium,low,low,medium,medium,high,low,low,low,high,high,medium,high,high,low,low,high,low,low,low,low,low,low,high,high,medium,medium,high,high,low,medium,high,high,low,low,high,medium,medium,medium,low,low,low,low,low,low,low,low,low,low,medium,medium,low,low,high,high,high,high,low,low,low,low,low,low,low,low,low,low,low,medium,low,low,medium,medium,high,low,low,medium,low,low,high,low,low,low,low,low,low,low,low,medium,low,low,low,low,medium,high,medium,medium,high,high,low
34,medium,low,low,low,medium,medium,medium,medium,low,low,high,medium,high,high,high,medium,medium,medium,high,high,medium,medium,medium,low,medium,low,low,medium,medium,medium,medium,medium,medium,low,low,high,medium,medium,medium,low,medium,medium,low,low,low,low,medium,low,medium,low,low,high,low,high,medium,high,medium,high,low,medium,low,low,low,low,low,medium,low,low,medium,low,low,low,low,medium,low,low,medium,medium,high,high,low,low,low,low,low,low,low,medium,medium,low,low,low,low,medium,high,medium,high,medium,low,low
35,medium,medium,high,low,medium,medium,low,high,high,medium,medium,high,medium,low,low,high,low,low,medium,medium,high,high,high,low,low,high,high,low,low,high,medium,low,low,medium,medium,high,high,high,high,medium,high,high,medium,medium,medium,medium,low,medium,high,low,low,high,medium,high,medium,medium,low,medium,high,medium,low,medium,medium,medium,low,high,high,high,low,high,high,low,low,low,high,medium,low,medium,high,medium,low,medium,low,medium,medium,medium,medium,medium,medium,medium,medium,medium,medium,low,high,low,medium,high,high,low
36,high,high,high,low,low,low,medium,high,high,high,high,high,high,high,high,low,low,medium,low,low,low,low,low,low,low,low,low,low,high,low,low,high,high,low,medium,low,low,low,low,low,low,low,low,medium,medium,medium,high,low,medium,medium,medium,high,high,medium,low,low,low,medium,high,high,medium,high,high,high,medium,high,high,high,high,low,low,low,low,high,low,medium,medium,high,low,low,low,low,low,low,low,low,low,low,high,low,low,low,low,medium,low,medium,medium,low,low,low
37,medium,high,medium,low,high,medium,medium,medium,medium,low,low,medium,medium,medium,low,low,low,medium,high,high,high,medium,low,low,low,low,low,low,medium,medium,low,high,high,low,low,medium,low,low,low,medium,low,low,low,low,low,low,low,high,medium,low,low,medium,low,high,medium,high,high,medium,medium,low,low,low,low,low,medium,medium,medium,low,low,medium,medium,high,medium,high,low,medium,high,medium,low,low,low,medium,low,medium,low,low,low,low,medium,low,medium,low,low,high,medium,low,high,high,high,low
38,low,high,high,high,medium,low,medium,medium,high,low,medium,low,low,high,high,low,high,high,medium,low,low,low,low,high,medium,medium,medium,high,high,low,medium,high,high,medium,medium,medium,high,high,high,high,high,medium,medium,medium,medium,medium,low,high,medium,low,low,high,medium,high,medium,low,medium,low,high,medium,medium,low,low,medium,low,high,high,high,low,medium,medium,low,low,low,medium,high,high,high,medium,low,low,high,low,high,medium,low,medium,low,low,medium,medium,medium,medium,high,high,low,high,high,high,low
39,medium,low,medium,high,high,high,high,low,low,low,low,low,medium,medium,high,medium,low,high,high,high,high,high,medium,low,low,low,low,low,low,medium,medium,medium,high,medium,medium,medium,medium,medium,medium,low,medium,medium,medium,medium,medium,medium,medium,low,medium,low,low,medium,medium,medium,medium,medium,high,medium,low,medium,medium,medium,medium,medium,medium,low,low,high,medium,low,low,medium,medium,medium,medium,medium,medium,low,medium,high,medium,medium,medium,medium,medium,medium,medium,medium,medium,low,low,medium,medium,medium,medium,high,high,medium,medium,low
40,medium,high,high,high,medium,medium,low,high,high,medium,low,medium,low,low,medium,high,high,medium,medium,medium,low,medium,high,high,medium,medium,medium,high,medium,high,high,low,low,high,medium,high,medium,medium,high,high,medium,medium,high,high,high,medium,medium,high,medium,high,high,low,medium,low,medium,medium,low,high,high,medium,medium,medium,high,medium,high,high,high,low,high,medium,medium,medium,medium,medium,high,medium,low,high,low,low,medium,high,medium,high,high,high,high,medium,medium,medium,medium,high,high,low,low,medium,low,low,low,high
41,low,high,medium,medium,high,high,low,medium,medium,low,high,medium,medium,low,medium,high,medium,low,medium,medium,medium,high,medium,medium,low,high,high,medium,low,high,medium,low,low,medium,medium,medium,high,high,medium,medium,medium,low,medium,medium,medium,medium,medium,low,low,high,high,high,medium,medium,high,medium,medium,medium,low,medium,high,medium,medium,medium,low,low,low,medium,high,low,low,low,low,low,low,medium,high,high,high,high,medium,medium,medium,medium,medium,medium,medium,low,low,medium,medium,medium,medium,high,high,medium,medium,medium,medium,low
42,medium,medium,medium,low,high,high,high,high,low,medium,low,low,high,medium,low,low,low,low,medium,medium,high,medium,low,low,low,high,high,low,low,medium,low,medium,high,low,medium,medium,low,low,low,low,low,low,medium,medium,medium,medium,medium,medium,low,medium,high,medium,medium,medium,high,high,medium,medium,low,low,medium,medium,medium,medium,medium,low,low,low,high,medium,medium,medium,medium,medium,low,medium,medium,low,medium,high,medium,medium,medium,medium,medium,medium,low,medium,medium,low,low,medium,low,medium,high,medium,medium,medium,medium,low
43,medium,high,medium,medium,low,low,medium,high,low,medium,high,high,high,high,low,medium,high,low,low,low,low,low,medium,high,high,medium,high,high,high,medium,medium,low,low,high,high,medium,high,high,high,high,high,high,high,high,high,high,high,high,high,high,high,high,high,low,low,low,low,low,high,high,high,high,high,high,high,high,high,medium,high,low,low,medium,medium,medium,high,high,high,high,low,low,high,high,high,high,high,high,high,high,medium,high,high,high,high,high,low,low,low,low,low,high
44,high,high,high,high,high,high,low,high,medium,high,high,low,high,medium,high,low,high,medium,low,low,low,low,medium,medium,medium,high,high,high,high,low,medium,high,high,medium,medium,medium,medium,medium,medium,low,low,medium,medium,medium,medium,medium,medium,low,low,high,high,medium,medium,medium,high,high,medium,medium,low,low,low,medium,medium,medium,medium,low,low,high,high,low,low,high,medium,high,low,medium,high,medium,medium,medium,low,medium,low,medium,medium,medium,medium,high,high,high,high,medium,medium,high,medium,high,high,high,high,low
45,high,high,medium,high,high,high,medium,high,high,high,medium,medium,medium,medium,high,high,high,high,high,medium,medium,high,high,high,high,high,medium,high,low,high,high,low,low,medium,medium,high,high,high,high,high,high,high,medium,medium,medium,medium,low,medium,medium,medium,medium,low,medium,medium,medium,medium,low,low,medium,high,medium,medium,medium,medium,high,high,high,medium,medium,low,low,medium,medium,medium,medium,high,high,high,low,low,high,medium,high,medium,medium,medium,medium,high,high,high,high,medium,medium,medium,low,low,medium,high,high,low
46,high,medium,high,high,high,high,medium,medium,high,low,high,low,low,low,medium,medium,high,medium,low,medium,low,low,high,high,high,medium,medium,high,high,low,high,medium,low,low,low,low,low,low,low,low,low,low,low,low,low,low,medium,low,low,medium,medium,medium,low,high,high,high,high,medium,low,low,low,low,low,low,medium,low,low,low,low,medium,medium,medium,medium,medium,low,low,low,high,medium,low,low,low,low,low,low,low,low,medium,high,low,low,low,low,low,medium,medium,medium,medium,medium,low
47,low,low,high,low,high,medium,low,low,high,low,low,low,low,medium,medium,medium,high,low,low,low,low,medium,medium,medium,high,high,high,high,high,medium,medium,low,low,high,high,low,medium,low,low,low,medium,high,high,high,high,high,high,low,high,high,high,low,high,low,low,low,low,medium,medium,high,high,high,high,high,high,medium,high,high,high,low,low,high,low,high,high,medium,low,medium,low,low,high,high,high,high,high,high,high,low,low,high,high,high,high,low,low,high,low,low,low,high
48,low,low,medium,low,medium,medium,low,medium,medium,low,low,high,medium,high,high,high,high,low,low,low,low,high,high,high,high,high,high,high,low,high,high,low,low,high,high,low,medium,medium,medium,medium,high,high,high,high,high,high,high,high,high,high,high,medium,high,low,low,low,medium,high,high,high,high,high,high,high,high,high,high,high,high,medium,medium,medium,medium,medium,high,medium,low,medium,medium,medium,high,high,high,high,high,high,high,medium,low,high,high,high,high,low,low,medium,low,low,low,high
49,high,medium,medium,low,medium,medium,high,high,medium,medium,medium,medium,high,medium,low,low,medium,high,medium,medium,low,low,low,medium,low,low,low,medium,high,low,medium,high,high,low,low,medium,medium,medium,low,low,low,low,low,low,low,low,low,low,low,medium,medium,low,low,high,high,high,high,low,low,low,low,low,low,low,high,low,low,low,medium,medium,medium,low,low,low,medium,low,low,low,medium,medium,low,low,low,low,low,low,low,medium,high,low,low,low,low,low,medium,high,high,medium,medium,low
50,medium,high,high,high,medium,high,medium,medium,high,low,low,low,medium,medium,medium,medium,low,medium,high,high,high,medium,medium,low,low,low,medium,low,low,medium,low,medium,high,low,low,low,low,low,low,low,medium,low,low,low,low,low,medium,medium,medium,low,low,medium,low,high,medium,medium,medium,medium,high,medium,low,low,low,low,medium,medium,medium,medium,low,low,low,low,low,medium,low,low,medium,high,low,low,medium,low,medium,low,low,low,low,medium,medium,low,low,low,low,medium,medium,medium,high,medium,medium,low
51,medium,medium,medium,medium,medium,low,low,low,medium,low,high,high,medium,high,high,low,high,low,low,low,low,medium,medium,medium,high,medium,medium,high,high,medium,medium,high,medium,medium,medium,high,high,high,high,high,high,high,medium,medium,medium,medium,low,high,high,low,low,low,medium,high,medium,low,medium,low,medium,high,medium,medium,medium,medium,high,high,medium,high,low,low,low,high,medium,high,high,medium,low,medium,low,medium,medium,high,medium,high,medium,high,medium,high,medium,medium,high,medium,medium,low,low,high,medium,high,high,low
52,low,high,high,high,medium,low,high,medium,high,low,low,low,medium,high,low,medium,medium,low,low,low,low,medium,medium,high,medium,low,medium,medium,medium,medium,high,medium,medium,medium,medium,medium,medium,low,medium,medium,medium,medium,medium,medium,medium,medium,medium,high,high,low,low,high,medium,high,medium,medium,medium,low,high,medium,medium,medium,low,medium,low,medium,high,medium,low,high,high,high,medium,high,medium,medium,medium,high,high,high,medium,medium,medium,medium,medium,medium,medium,low,low,medium,medium,medium,medium,high,high,low,medium,high,high,low
53,low,medium,high,high,low,low,high,low,medium,low,low,high,low,low,medium,medium,low,low,low,low,high,medium,low,low,medium,high,high,low,medium,medium,low,medium,medium,high,high,high,medium,medium,high,high,medium,high,high,high,high,high,high,medium,medium,high,high,high,high,low,low,low,medium,high,medium,medium,high,high,high,high,medium,medium,medium,high,high,low,low,medium,medium,high,high,high,low,medium,high,high,high,high,high,high,high,high,high,low,low,high,high,high,high,medium,high,medium,low,low,low,high
54,medium,medium,medium,high,medium,medium,medium,low,medium,high,low,low,low,medium,high,medium,medium,medium,high,high,high,medium,high,medium,low,low,low,medium,medium,medium,high,medium,medium,low,low,low,medium,high,medium,medium,medium,low,low,low,low,low,low,medium,medium,low,low,high,low,high,high,high,medium,low,medium,low,low,low,low,low,low,medium,medium,medium,low,low,low,low,low,medium,low,medium,high,medium,high,high,low,low,low,low,low,low,low,low,medium,low,medium,low,low,high,high,high,high,high,high,low
55,low,high,low,medium,high,high,high,medium,low,low,low,low,medium,low,medium,low,low,medium,medium,low,medium,medium,low,medium,medium,low,low,low,medium,medium,low,high,high,high,high,low,low,low,low,medium,medium,medium,high,high,high,high,high,high,high,high,high,high,high,low,medium,low,high,high,high,high,high,high,high,high,high,high,medium,low,high,low,low,low,low,medium,low,high,high,medium,high,high,high,high,high,high,high,high,high,low,low,high,high,high,high,high,medium,medium,low,low,low,high
56,low,high,low,high,low,medium,medium,low,low,medium,medium,low,low,high,medium,high,medium,low,low,medium,low,high,high,medium,medium,high,high,medium,medium,high,high,low,low,high,high,medium,medium,medium,medium,medium,medium,medium,high,high,high,high,high,high,medium,high,high,medium,high,low,low,medium,medium,low,medium,high,medium,high,high,high,high,medium,medium,high,high,low,low,medium,medium,medium,medium,high,high,medium,low,medium,high,high,high,high,high,high,high,low,low,high,high,high,high,high,low,low,low,low,low,high
57,high,medium,high,high,high,low,high,medium,medium,high,low,medium,high,low,medium,high,medium,medium,medium,low,high,high,high,high,high,medium,medium,medium,low,high,medium,low,medium,low,low,medium,medium,low,low,medium,low,low,low,low,low,low,low,medium,low,low,low,medium,low,high,medium,medium,medium,low,high,medium,low,low,low,low,medium,medium,medium,medium,low,low,low,medium,medium,medium,medium,low,low,medium,medium,medium,low,low,low,low,low,low,low,high,high,low,low,low,low,medium,medium,low,medium,high,high,low
58,high,medium,medium,medium,low,medium,high,high,low,high,high,medium,low,low,low,medium,high,medium,medium,low,low,low,high,high,high,medium,medium,high,high,low,high,medium,low,medium,low,low,low,high,high,high,high,medium,low,low,low,low,low,medium,medium,low,low,low,low,high,high,medium,low,medium,high,medium,low,low,low,low,high,high,high,low,low,high,high,medium,medium,medium,high,medium,low,medium,low,medium,low,medium,low,medium,low,low,medium,high,high,medium,high,low,medium,low,low,high,high,high,high,low
59,high,low,low,medium,high,low,high,high,low,medium,low,medium,high,medium,medium,medium,low,medium,low,low,high,high,medium,medium,high,medium,medium,low,low,high,medium,medium,high,low,low,medium,low,low,medium,low,low,low,low,low,low,low,low,low,low,low,low,high,low,high,high,high,high,high,low,low,low,low,low,low,low,low,low,medium,medium,medium,medium,medium,medium,medium,low,low,medium,low,high,high,low,low,low,low,low,low,low,high,high,low,low,low,low,medium,high,low,high,high,high,low
60,low,low,medium,low,medium,low,low,low,low,low,low,high,low,medium,medium,high,medium,medium,low,low,medium,medium,medium,low,medium,high,high,medium,low,medium,medium,low,low,high,high,medium,high,high,high,high,high,high,high,high,high,high,high,high,high,high,high,low,high,low,low,low,medium,low,low,high,high,high,high,high,high,medium,medium,high,high,low,low,medium,medium,high,high,low,low,low,medium,medium,high,high,high,high,high,high,high,low,low,high,high,high,high,low,low,high,low,low,low,high
61,low,medium,medium,high,high,high,medium,medium,medium,high,high,low,medium,low,medium,high,low,low,medium,medium,high,high,medium,low,medium,high,high,low,low,high,low,low,medium,medium,low,high,medium,medium,high,medium,medium,low,low,low,low,low,low,low,low,low,low,high,low,high,high,high,high,low,low,low,low,low,low,low,low,low,low,low,medium,medium,medium,low,low,low,medium,low,medium,medium,high,medium,low,medium,low,medium,low,low,medium,low,low,medium,medium,low,low,medium,medium,medium,high,high,high,low
62,medium,medium,medium,low,low,low,low,low,medium,medium,low,medium,medium,medium,high,high,low,high,high,high,high,high,medium,low,low,low,low,low,low,high,low,low,medium,high,high,high,high,high,high,high,high,high,high,medium,medium,high,medium,medium,high,medium,medium,high,medium,low,medium,medium,low,low,medium,high,high,medium,medium,medium,low,medium,medium,low,medium,high,high,medium,medium,medium,high,high,low,medium,high,high,high,high,high,high,high,high,high,medium,medium,high,high,high,high,low,high,medium,low,low,low,high
63,medium,medium,medium,high,medium,high,high,medium,low,medium,medium,low,high,low,low,high,low,low,high,high,high,high,medium,low,low,medium,medium,low,low,high,low,low,medium,medium,medium,high,high,high,high,medium,low,medium,medium,high,high,medium,medium,low,low,high,high,medium,high,low,low,high,high,high,medium,low,medium,high,high,high,medium,medium,medium,low,high,high,high,medium,medium,medium,medium,medium,low,low,high,high,medium,medium,medium,medium,medium,medium,medium,medium,medium,medium,medium,medium,medium,medium,high,high,low,medium,medium,medium
64,medium,low,low,high,low,medium,medium,medium,low,medium,low,low,high,high,medium,low,medium,medium,medium,medium,medium,medium,medium,low,medium,medium,medium,medium,medium,low,medium,high,high,high,high,high,high,medium,medium,medium,high,high,high,high,high,high,high,medium,high,high,high,low,high,low,low,low,medium,low,medium,high,high,high,high,high,high,medium,medium,low,high,low,low,medium,medium,medium,medium,high,high,medium,low,medium,high,high,high,high,high,high,high,high,medium,high,high,high,high,high,low,low,low,low,low,high
65,low,high,medium,low,medium,high,medium,medium,low,low,high,high,low,medium,high,high,high,high,low,low,medium,high,high,high,high,medium,medium,high,low,high,high,low,low,low,low,medium,low,low,medium,low,low,low,low,low,low,low,low,low,low,low,low,medium,low,high,high,medium,medium,high,medium,low,low,low,low,low,medium,medium,medium,medium,low,medium,medium,high,medium,high,low,medium,high,medium,medium,medium,low,low,low,low,low,low,low,low,low,low,low,low,low,high,medium,low,high,high,high,low
66,medium,low,low,medium,high,high,medium,medium,low,low,medium,medium,high,medium,medium,medium,low,high,high,high,high,high,low,low,low,medium,medium,low,low,high,low,medium,high,low,low,low,low,low,medium,medium,low,medium,low,low,low,low,low,medium,low,low,low,medium,low,high,medium,high,high,low,medium,low,medium,medium,low,low,medium,low,medium,high,medium,low,low,low,low,medium,medium,medium,medium,low,medium,medium,medium,low,medium,low,low,low,low,medium,medium,medium,medium,low,low,low,medium,high,high,high,medium,low
67,high,high,high,medium,low,high,medium,high,high,low,low,high,medium,medium,medium,low,low,high,high,high,high,high,low,low,low,low,low,low,low,medium,low,medium,high,low,low,low,medium,medium,medium,low,low,low,low,low,low,low,low,low,low,low,low,medium,low,high,high,high,high,medium,low,low,low,low,low,low,medium,low,low,medium,medium,medium,medium,high,medium,high,low,low,medium,high,low,low,low,low,low,low,low,low,low,medium,high,low,low,low,low,low,medium,high,low,medium,medium,medium
68,low,medium,medium,low,high,high,medium,medium,low,medium,high,high,low,high,high,medium,low,high,high,high,high,high,low,medium,medium,low,low,low,low,medium,low,high,high,low,low,medium,low,low,low,low,low,low,low,low,low,low,medium,low,low,medium,medium,low,low,high,high,high,high,medium,low,low,low,low,low,low,high,low,low,high,medium,low,low,medium,medium,high,low,low,medium,medium,medium,medium,low,low,low,low,low,low,low,low,low,low,low,low,low,medium,medium,low,high,high,high,low
69,high,medium,medium,medium,low,high,medium,low,medium,low,high,high,low,high,medium,medium,medium,low,low,low,medium,medium,medium,low,low,low,medium,medium,medium,medium,medium,low,low,high,high,low,high,high,high,high,medium,medium,high,medium,medium,high,medium,medium,medium,high,medium,low,medium,low,medium,medium,medium,low,medium,medium,medium,medium,medium,medium,high,medium,medium,low,high,low,low,high,medium,high,high,medium,medium,medium,medium,medium,high,high,high,high,high,high,high,high,high,high,high,high,high,high,low,low,low,medium,medium,medium
70,medium,medium,medium,medium,high,medium,medium,medium,medium,low,medium,medium,low,medium,medium,high,low,medium,medium,high,high,high,low,low,low,high,high,low,low,high,low,medium,high,medium,low,medium,medium,medium,high,high,medium,medium,low,low,low,low,low,medium,medium,low,low,medium,medium,high,medium,medium,medium,low,high,medium,medium,low,low,medium,medium,high,high,medium,low,low,low,high,medium,high,medium,medium,high,medium,medium,medium,medium,medium,medium,medium,medium,medium,medium,medium,medium,medium,medium,low,medium,medium,medium,low,high,high,medium,low
71,medium,high,high,low,low,medium,low,high,high,medium,medium,medium,low,high,medium,medium,medium,low,low,low,high,medium,high,medium,medium,high,high,medium,medium,medium,high,medium,medium,low,low,medium,medium,high,medium,medium,low,low,low,low,low,low,low,medium,low,medium,medium,medium,low,high,high,high,medium,low,low,low,low,low,low,low,medium,low,low,high,low,low,low,low,low,low,low,medium,high,high,low,low,medium,low,medium,low,low,low,low,medium,medium,low,medium,low,low,high,medium,low,medium,medium,medium,low
72,low,low,low,medium,high,high,high,medium,low,high,high,high,high,low,low,medium,medium,low,low,low,medium,low,medium,high,high,high,high,medium,medium,medium,medium,medium,medium,high,high,medium,high,high,high,high,high,high,high,high,high,high,high,high,high,high,high,low,high,low,low,low,low,high,high,high,high,high,high,high,high,high,high,high,high,low,low,low,low,low,high,high,high,medium,low,medium,high,high,high,high,high,high,high,high,low,high,high,high,high,high,low,medium,low,low,low,high
73,high,high,medium,high,high,high,high,medium,low,high,high,low,high,medium,high,high,high,high,high,medium,medium,medium,high,medium,medium,high,medium,high,medium,medium,high,low,low,medium,high,high,high,high,high,medium,medium,medium,low,high,high,high,high,low,low,high,high,low,high,low,medium,high,medium,low,low,medium,low,high,high,high,low,low,low,low,high,low,low,medium,medium,medium,high,medium,low,low,medium,high,high,high,high,high,high,high,high,high,high,medium,high,high,high,low,high,low,low,low,low,high
74,high,low,high,medium,low,medium,medium,low,medium,high,medium,medium,medium,high,medium,high,medium,medium,low,low,medium,high,medium,high,high,high,high,medium,medium,high,medium,low,medium,medium,high,low,medium,medium,low,low,low,low,medium,high,high,high,high,medium,low,high,high,high,high,low,high,high,high,high,low,low,medium,high,high,high,low,low,low,high,high,low,low,medium,medium,medium,low,high,high,low,high,high,high,low,high,low,high,medium,medium,high,high,medium,medium,high,high,high,high,low,low,low,low,high
75,high,medium,medium,high,high,medium,high,medium,high,high,high,medium,medium,medium,medium,low,low,low,low,low,medium,medium,low,low,low,low,low,low,medium,medium,low,high,high,low,low,high,medium,medium,medium,medium,medium,low,low,low,low,low,low,medium,medium,low,low,medium,low,high,high,high,medium,medium,low,medium,low,low,low,low,low,medium,low,medium,low,low,low,high,medium,high,low,medium,medium,low,high,high,medium,low,medium,low,medium,low,low,high,high,medium,high,medium,medium,high,high,high,high,high,high,low
76,high,high,high,medium,medium,high,low,high,high,high,low,high,low,medium,medium,medium,low,low,high,high,high,high,medium,low,low,high,high,low,low,medium,low,medium,high,medium,medium,low,medium,low,low,low,medium,medium,medium,low,medium,medium,medium,medium,medium,low,low,high,low,medium,high,high,medium,medium,medium,medium,low,medium,medium,low,low,medium,medium,medium,medium,low,low,medium,medium,medium,low,high,high,high,low,low,medium,medium,medium,medium,medium,medium,medium,high,high,medium,medium,medium,medium,high,high,low,high,high,high,low
77,high,high,high,high,high,high,high,high,high,high,medium,low,low,high,high,high,low,low,low,medium,high,high,medium,medium,low,medium,high,low,low,high,medium,low,medium,low,low,medium,high,high,high,medium,low,low,low,low,low,low,low,low,low,low,low,medium,low,high,high,medium,high,low,medium,low,low,low,low,low,medium,medium,medium,high,low,low,low,low,low,medium,low,medium,high,high,low,low,medium,low,medium,low,medium,medium,low,high,high,low,medium,low,low,high,high,high,medium,medium,medium,low
78,medium,low,low,medium,low,low,low,medium,low,high,high,high,high,medium,medium,medium,medium,high,medium,medium,medium,medium,low,low,low,medium,low,medium,medium,medium,low,medium,medium,low,low,low,low,low,low,medium,low,low,low,low,low,low,low,medium,low,low,medium,medium,low,high,high,high,medium,low,medium,low,low,low,low,low,medium,low,medium,medium,low,high,high,medium,medium,medium,low,low,medium,low,high,high,low,low,low,low,low,low,low,medium,medium,low,low,low,low,medium,high,low,low,high,high,medium
79,high,low,low,low,high,high,high,high,low,medium,medium,medium,medium,medium,high,medium,high,high,high,medium,low,low,medium,medium,low,medium,low,high,medium,low,medium,medium,low,low,low,medium,medium,medium,medium,medium,low,low,low,low,low,low,low,low,low,medium,medium,medium,low,high,high,high,high,medium,low,low,low,low,low,low,medium,low,low,medium,low,medium,medium,low,low,low,low,low,medium,low,high,high,low,medium,low,medium,low,low,low,high,high,low,medium,low,low,medium,medium,high,medium,high,high,low
80,high,high,high,low,medium,medium,medium,medium,high,medium,medium,high,low,medium,medium,medium,high,high,medium,medium,low,low,high,high,high,high,medium,high,high,low,high,medium,low,low,low,high,high,high,medium,medium,low,low,low,low,low,low,low,low,low,low,low,low,low,high,high,high,high,low,low,low,low,low,low,low,high,low,low,high,low,high,high,medium,medium,medium,low,low,medium,medium,low,low,low,low,low,low,low,low,low,high,high,low,medium,low,low,medium,medium,low,high,high,high,low
81,high,medium,low,low,low,high,high,high,medium,high,low,medium,high,high,high,low,low,high,high,medium,low,low,low,low,low,low,low,low,high,low,low,high,high,low,low,medium,low,low,low,low,low,low,low,low,low,low,medium,low,low,high,high,low,medium,medium,high,medium,high,high,low,low,low,medium,medium,medium,high,low,low,low,high,low,low,high,medium,high,low,low,high,high,low,low,low,low,low,low,low,low,low,medium,high,low,low,low,low,medium,low,low,low,medium,medium,high
82,medium,high,medium,low,medium,medium,low,medium,medium,medium,low,low,low,high,medium,high,low,high,high,high,high,high,medium,low,low,low,low,low,low,medium,low,medium,high,medium,medium,low,low,low,low,low,medium,medium,medium,medium,medium,medium,high,medium,medium,medium,medium,low,medium,medium,high,high,high,medium,low,medium,low,medium,medium,medium,high,low,low,low,high,high,high,low,low,low,low,high,high,low,medium,medium,medium,medium,medium,medium,medium,medium,medium,medium,medium,medium,low,high,medium,high,low,medium,medium,low,low,low
83,low,medium,high,low,low,medium,low,low,medium,high,low,low,medium,medium,high,medium,low,low,medium,high,high,medium,medium,low,low,medium,medium,low,low,medium,medium,medium,medium,low,medium,low,low,medium,low,low,low,medium,high,medium,medium,medium,high,low,low,medium,medium,low,medium,medium,high,medium,high,low,low,low,medium,medium,medium,medium,high,low,low,low,high,high,high,high,medium,high,medium,low,low,high,low,low,high,low,high,low,medium,medium,low,low,low,low,low,high,medium,low,low,high,low,low,low,high
84,low,high,high,low,medium,high,low,high,high,medium,low,medium,low,medium,low,medium,high,medium,low,medium,low,low,high,medium,high,medium,medium,high,high,low,high,medium,low,low,low,medium,medium,medium,medium,medium,medium,low,medium,low,low,low,low,medium,medium,medium,medium,low,low,high,medium,high,low,low,medium,low,low,low,low,low,high,medium,medium,medium,low,high,high,medium,medium,medium,medium,medium,medium,high,low,low,low,medium,low,medium,medium,medium,low,low,low,low,low,medium,low,medium,low,high,low,low,low,medium
85,high,low,medium,medium,medium,low,low,low,medium,medium,low,medium,medium,medium,medium,high,low,high,high,high,high,high,medium,low,low,low,low,low,low,high,low,low,medium,low,low,medium,medium,low,low,low,low,low,low,low,low,low,low,low,low,low,low,medium,low,high,high,high,high,high,low,low,low,low,low,low,low,low,low,low,low,high,high,medium,medium,medium,low,low,low,medium,high,high,low,low,low,low,low,low,low,medium,high,low,low,low,low,medium,high,low,high,high,high,low
86,medium,high,low,high,high,high,medium,high,low,high,high,medium,medium,medium,high,medium,high,high,high,medium,low,low,high,medium,low,low,low,high,medium,low,high,low,low,low,low,low,low,low,low,low,low,low,low,low,low,low,high,low,low,medium,medium,medium,low,high,high,high,high,medium,low,low,low,low,low,low,medium,low,low,high,high,low,low,high,medium,high,low,low,high,medium,high,medium,low,low,low,low,low,low,low,low,medium,low,low,low,low,high,medium,high,medium,low,low,low
87,high,low,low,high,high,high,low,low,low,high,medium,low,low,low,medium,medium,high,high,high,high,medium,medium,high,medium,low,low,low,high,medium,medium,high,medium,medium,medium,medium,high,high,high,medium,high,high,medium,high,medium,medium,medium,medium,high,high,low,low,medium,medium,medium,medium,low,high,medium,medium,high,high,medium,medium,medium,medium,low,medium,low,medium,medium,medium,high,medium,high,high,medium,low,low,high,high,medium,medium,medium,medium,medium,high,medium,high,high,medium,medium,medium,medium,low,medium,medium,medium,low,low,low
88,high,medium,medium,medium,medium,medium,low,medium,high,high,high,medium,medium,high,low,medium,high,medium,high,high,medium,low,medium,medium,low,low,low,high,medium,low,medium,medium,low,medium,medium,medium,medium,high,medium,high,high,medium,medium,medium,medium,medium,medium,high,high,medium,medium,high,medium,medium,medium,low,low,low,high,high,high,medium,medium,medium,medium,high,high,medium,low,low,low,low,low,low,high,medium,medium,medium,high,medium,high,low,high,low,medium,medium,medium,high,high,high,high,high,medium,high,medium,low,low,medium,medium,medium
89,high,high,high,high,low,high,medium,medium,high,high,medium,low,medium,low,medium,high,low,high,high,high,high,high,low,low,low,low,low,low,low,high,low,low,high,high,high,low,low,low,medium,high,high,high,high,medium,medium,high,medium,high,high,low,low,medium,high,low,low,low,low,medium,high,high,high,medium,medium,high,medium,high,high,low,low,high,high,high,medium,high,high,high,low,high,low,low,high,low,high,low,medium,medium,high,high,high,high,high,medium,high,low,low,medium,medium,high,high,low
90,medium,low,low,high,medium,low,medium,medium,low,low,high,high,high,medium,low,high,medium,low,low,low,medium,high,medium,high,high,high,high,medium,medium,high,medium,low,medium,high,high,high,high,high,high,medium,high,high,high,high,high,high,high,medium,high,high,high,high,high,low,low,low,medium,high,high,high,high,high,high,high,high,high,high,low,high,high,high,high,medium,high,low,high,high,medium,high,high,high,high,high,high,high,high,high,high,medium,high,high,high,high,high,low,low,low,low,low,high
91,medium,high,high,medium,low,medium,low,high,high,medium,medium,medium,medium,low,low,high,low,high,high,high,high,high,medium,medium,low,low,low,low,low,medium,low,low,medium,medium,medium,high,high,high,high,high,high,medium,medium,low,low,medium,low,medium,medium,low,low,medium,medium,medium,medium,medium,low,high,high,medium,medium,medium,medium,medium,medium,high,high,medium,low,high,high,high,medium,high,medium,medium,medium,high,low,low,medium,medium,medium,medium,medium,medium,medium,medium,medium,medium,high,medium,medium,medium,medium,high,medium,high,high,low
92,medium,medium,medium,medium,high,high,high,medium,low,medium,high,medium,high,medium,high,medium,high,high,high,medium,low,low,high,medium,medium,low,low,high,high,low,high,medium,low,medium,high,low,high,medium,medium,medium,medium,high,medium,high,high,high,high,medium,medium,high,high,low,high,low,medium,medium,low,high,medium,medium,high,high,high,high,high,medium,medium,medium,high,medium,medium,high,medium,high,medium,high,high,medium,medium,medium,low,high,low,high,medium,medium,medium,medium,medium,medium,medium,medium,medium,medium,low,low,high,high,high,low
93,high,low,low,low,high,high,low,high,low,medium,medium,high,high,medium,medium,high,medium,high,medium,medium,medium,high,medium,medium,medium,low,low,medium,low,high,medium,low,low,medium,medium,medium,medium,medium,medium,medium,medium,medium,medium,medium,medium,medium,medium,medium,medium,medium,medium,medium,medium,high,medium,medium,low,medium,low,medium,medium,medium,medium,medium,medium,medium,medium,high,medium,low,low,high,medium,high,low,medium,high,low,medium,medium,medium,low,medium,low,medium,medium,medium,high,high,medium,medium,low,medium,high,medium,low,high,high,high,low
94,low,low,low,medium,low,medium,medium,low,low,low,low,low,high,high,low,medium,high,low,medium,medium,medium,low,high,high,high,high,high,high,medium,low,medium,medium,low,high,high,high,high,high,high,high,high,high,high,high,high,high,high,high,high,high,high,low,high,low,low,low,low,low,high,high,high,high,high,high,high,high,high,low,high,high,high,high,medium,high,high,high,high,low,medium,medium,high,high,high,high,high,high,high,medium,low,high,high,high,high,medium,low,high,low,low,low,high
95,medium,medium,medium,high,medium,medium,low,low,medium,low,medium,medium,low,medium,low,high,high,medium,medium,low,low,low,high,high,high,high,high,high,medium,medium,high,low,low,high,high,high,high,high,high,high,high,high,high,medium,medium,high,medium,high,high,medium,medium,high,medium,medium,low,low,medium,medium,high,high,high,medium,medium,medium,low,medium,medium,high,low,medium,medium,low,low,low,high,high,medium,medium,high,high,high,high,high,high,high,high,high,medium,medium,high,medium,high,high,high,high,low,medium,medium,medium,low
96,medium,medium,low,high,high,high,medium,low,low,low,high,medium,low,medium,high,medium,low,high,high,high,high,high,low,low,low,low,low,low,low,high,low,low,high,medium,medium,low,low,low,low,medium,medium,medium,medium,medium,medium,medium,medium,high,high,high,high,medium,medium,low,medium,low,low,high,high,medium,high,high,high,medium,medium,high,high,medium,medium,medium,medium,low,low,low,low,high,high,low,high,high,medium,low,medium,low,medium,medium,medium,medium,medium,medium,medium,medium,medium,high,high,low,high,high,high,low
97,low,medium,medium,low,low,medium,high,high,medium,medium,low,low,medium,high,high,medium,low,medium,high,high,high,medium,medium,low,low,low,medium,low,medium,medium,medium,medium,medium,low,low,medium,low,low,low,low,low,low,low,medium,medium,low,medium,low,low,medium,high,low,low,medium,high,high,high,medium,low,low,low,medium,medium,low,high,low,low,high,high,high,high,low,low,low,low,low,medium,low,medium,medium,low,low,low,low,low,low,low,low,low,low,low,low,low,low,medium,medium,low,medium,medium,medium
98,medium,medium,medium,medium,low,low,low,low,low,low,low,low,high,low,medium,medium,high,medium,medium,low,medium,low,medium,medium,medium,medium,medium,high,high,low,medium,high,medium,medium,medium,high,high,medium,medium,medium,high,medium,medium,low,low,medium,low,medium,high,low,low,high,medium,medium,medium,medium,low,low,medium,high,medium,medium,medium,medium,low,high,medium,medium,low,high,high,medium,medium,medium,medium,medium,high,medium,high,high,low,medium,low,medium,low,medium,medium,medium,medium,medium,medium,low,medium,medium,high,low,high,high,high,low
99,high,medium,medium,high,medium,medium,high,low,medium,medium,medium,low,high,medium,medium,high,low,medium,high,high,high,high,low,low,low,medium,medium,low,low,high,low,low,high,medium,medium,high,high,high,high,medium,medium,medium,low,medium,medium,medium,low,medium,medium,medium,medium,low,low,high,medium,medium,high,medium,medium,low,low,medium,low,low,high,medium,medium,high,medium,low,low,low,low,low,medium,medium,low,low,low,medium,medium,medium,medium,medium,medium,medium,medium,high,high,medium,low,medium,medium,medium,medium,high,medium,medium,medium,low
100,low,high,medium,medium,low,low,medium,medium,high,low,low,medium,medium,high,high,low,low,low,low,low,medium,medium,low,low,medium,high,high,low,medium,medium,low,high,high,high,high,high,high,high,high,high,high,high,high,high,high,high,high,high,high,high,high,high,high,low,low,medium,medium,medium,medium,high,high,high,high,high,medium,medium,medium,medium,high,medium,medium,low,low,low,high,high,high,high,high,medium,high,high,high,high,high,high,high,medium,low,high,high,high,high,high,low,medium,low,low,low,high
101,low,low,low,low,high,medium,low,low,low,medium,medium,medium,medium,low,low,low,medium,high,high,medium,medium,low,low,medium,low,low,low,medium,high,low,low,high,high,medium,medium,high,high,high,high,high,high,medium,medium,medium,medium,medium,low,high,high,low,low,low,medium,medium,medium,low,low,high,high,high,medium,low,medium,medium,high,high,high,medium,low,low,low,medium,medium,medium,medium,high,medium,low,medium,medium,medium,medium,medium,medium,medium,medium,medium,low,low,medium,medium,medium,medium,medium,low,medium,low,medium,medium,medium
102,medium,low,low,medium,high,high,high,high,low,medium,low,low,high,medium,medium,medium,high,low,medium,high,low,low,high,medium,low,medium,medium,high,medium,low,high,medium,low,medium,medium,medium,medium,medium,low,low,low,medium,medium,medium,medium,medium,high,low,medium,high,high,high,medium,medium,medium,medium,high,medium,medium,high,high,medium,medium,medium,low,low,low,high,medium,low,low,high,medium,high,low,high,high,low,high,high,medium,medium,medium,medium,medium,medium,medium,medium,medium,medium,low,medium,medium,high,high,medium,low,low,low,high
103,medium,low,medium,medium,low,low,medium,low,medium,medium,high,high,low,high,high,medium,high,medium,medium,medium,low,low,high,high,high,medium,high,high,high,low,high,high,medium,medium,low,medium,low,medium,medium,medium,medium,medium,low,low,low,low,low,medium,medium,low,low,medium,low,high,high,medium,medium,low,medium,medium,medium,low,low,low,medium,medium,medium,medium,low,medium,medium,medium,medium,high,medium,low,low,low,medium,high,medium,medium,medium,low,low,low,medium,medium,medium,low,medium,low,low,medium,high,high,medium,medium,medium,low
104,high,high,high,high,high,high,high,medium,high,low,high,low,low,low,medium,high,low,high,high,high,high,high,medium,medium,low,low,low,low,low,high,medium,low,medium,low,medium,low,medium,medium,low,low,low,low,low,medium,medium,medium,high,low,low,high,high,medium,medium,low,medium,high,high,medium,low,low,low,high,high,medium,medium,low,low,medium,high,medium,medium,low,low,low,low,low,medium,high,low,low,medium,medium,medium,medium,medium,medium,low,high,high,low,low,medium,low,medium,high,low,low,low,low,high
105,medium,high,high,medium,low,medium,high,high,high,low,low,low,low,low,low,low,high,low,low,medium,medium,low,high,medium,high,high,high,high,high,low,high,high,medium,high,high,medium,medium,medium,medium,medium,high,high,high,high,high,high,high,high,high,high,high,low,high,low,low,low,low,high,medium,high,high,high,high,high,high,high,high,low,high,medium,medium,medium,medium,medium,high,high,high,high,low,low,high,high,high,high,high,high,high,medium,medium,high,high,high,high,medium,low,low,low,low,low,high
106,low,high,high,low,low,low,medium,high,high,low,low,low,medium,medium,medium,high,medium,high,high,high,high,high,medium,high,low,low,low,medium,low,high,medium,low,medium,medium,medium,high,high,high,high,high,medium,high,medium,medium,medium,medium,low,medium,medium,medium,medium,high,medium,high,medium,medium,low,medium,medium,low,medium,medium,medium,medium,low,medium,high,high,medium,medium,medium,low,low,low,medium,medium,medium,high,high,medium,high,low,high,low,medium,medium,medium,low,low,medium,medium,medium,medium,medium,high,high,low,medium,medium,medium
107,low,medium,high,low,high,medium,high,medium,high,high,high,low,low,low,medium,medium,medium,high,high,high,medium,medium,low,low,low,low,low,medium,medium,medium,low,medium,medium,high,high,medium,high,high,high,high,high,high,high,high,high,high,high,high,high,high,high,medium,high,low,low,low,medium,high,high,high,high,high,high,high,high,high,high,low,high,low,low,medium,medium,medium,high,high,low,high,low,low,high,high,high,high,high,high,high,medium,low,high,high,high,high,low,low,low,low,low,low,high
108,medium,medium,medium,high,medium,medium,medium,medium,medium,medium,high,medium,low,medium,high,high,low,low,low,medium,high,high,medium,low,medium,high,high,low,low,high,medium,low,medium,medium,medium,high,high,high,high,high,high,high,medium,medium,medium,medium,low,high,high,low,low,high,medium,medium,low,low,medium,high,high,high,high,medium,medium,medium,medium,high,high,medium,low,low,low,medium,medium,high,medium,high,medium,medium,medium,medium,low,low,low,low,low,low,medium,high,medium,medium,high,low,medium,high,medium,high,high,high,high,low
109,low,low,low,low,low,low,low,low,low,medium,low,medium,high,high,medium,high,high,medium,medium,low,low,high,high,high,high,medium,medium,high,medium,high,high,low,low,high,high,high,high,high,medium,medium,high,high,high,high,high,high,high,medium,high,high,high,low,high,low,low,low,low,medium,medium,high,high,high,high,high,high,high,high,low,high,medium,medium,medium,medium,medium,high,high,high,medium,medium,medium,high,high,high,high,high,high,high,medium,low,high,high,high,high,low,low,low,low,low,low,high
110,medium,low,medium,medium,high,medium,low,low,low,high,low,low,low,high,high,medium,high,low,low,medium,medium,low,high,high,medium,high,high,high,medium,low,high,medium,low,high,high,high,medium,medium,medium,low,medium,high,high,high,high,high,high,low,medium,high,high,medium,high,low,low,medium,medium,low,low,high,high,high,high,high,high,medium,medium,medium,high,low,low,low,low,low,high,low,low,low,medium,medium,high,high,high,high,high,high,high,high,medium,high,high,high,high,low,low,high,low,low,low,high
111,high,low,medium,low,low,low,medium,medium,high,high,medium,high,high,low,low,low,low,medium,medium,medium,low,low,low,low,low,low,low,low,high,low,low,high,high,high,high,high,medium,high,high,high,high,high,high,high,high,high,medium,high,high,high,high,high,high,low,low,low,low,low,high,high,high,high,high,high,low,high,high,medium,medium,low,low,low,low,high,high,high,high,high,medium,low,high,low,high,low,medium,medium,low,high,high,high,medium,medium,high,high,high,medium,medium,high,high,low
112,medium,medium,medium,medium,low,low,low,medium,low,high,low,medium,high,low,low,high,medium,medium,high,medium,high,high,high,high,medium,low,low,medium,low,high,high,low,low,low,low,high,high,high,medium,low,medium,low,low,low,low,low,low,low,low,low,low,low,low,high,high,high,high,low,low,low,low,low,low,low,medium,low,low,high,medium,medium,medium,medium,medium,medium,low,low,medium,medium,medium,medium,low,medium,low,medium,low,low,low,medium,medium,low,low,low,low,medium,low,medium,high,high,high,low
113,high,medium,low,high,high,high,high,medium,low,high,high,low,low,low,medium,low,low,medium,medium,medium,medium,low,low,low,low,medium,medium,low,high,low,low,high,high,medium,high,medium,low,medium,medium,low,low,high,high,high,high,high,high,low,medium,high,high,high,high,low,low,medium,high,high,low,high,high,high,high,high,medium,low,low,medium,high,medium,medium,high,medium,high,low,high,high,medium,high,high,high,low,high,low,high,medium,medium,high,high,high,medium,high,high,high,high,medium,low,low,low,medium
114,low,high,high,low,low,medium,high,high,high,medium,high,high,low,low,medium,high,low,low,high,high,high,high,medium,low,medium,high,high,low,low,high,low,low,high,medium,medium,high,high,medium,medium,medium,medium,medium,medium,medium,medium,medium,medium,medium,medium,medium,medium,medium,medium,medium,high,high,high,medium,low,medium,medium,medium,medium,medium,medium,low,low,medium,high,high,high,medium,medium,medium,medium,medium,high,high,low,low,medium,medium,medium,medium,medium,medium,medium,low,low,medium,medium,medium,medium,medium,medium,medium,low,low,medium,high
115,medium,low,low,medium,medium,medium,high,medium,medium,low,medium,low,medium,high,low,medium,medium,medium,low,medium,medium,medium,medium,medium,medium,medium,medium,medium,medium,high,medium,medium,medium,medium,medium,low,low,low,medium,high,high,medium,low,low,low,medium,low,high,high,low,low,high,low,medium,high,high,low,medium,medium,medium,low,low,low,low,low,high,medium,low,low,medium,medium,low,low,low,medium,low,low,low,high,high,low,low,low,low,low,low,medium,medium,medium,medium,medium,low,low,medium,medium,high,high,high,high,low
116,medium,medium,low,low,high,high,high,high,low,low,high,low,medium,medium,high,low,high,medium,low,low,low,low,high,high,high,high,high,high,high,low,high,high,medium,medium,medium,medium,high,medium,medium,low,high,high,medium,medium,medium,medium,medium,low,high,medium,low,medium,medium,medium,low,low,medium,high,low,high,high,medium,medium,medium,medium,low,medium,medium,low,medium,medium,high,medium,high,low,high,high,low,high,medium,medium,medium,medium,medium,medium,medium,medium,medium,medium,medium,low,medium,medium,high,medium,low,low,medium,medium,medium
117,low,low,medium,high,medium,medium,medium,low,medium,low,low,low,medium,high,medium,high,high,medium,low,low,low,medium,high,medium,high,high,high,high,medium,high,high,low,low,high,high,high,high,high,high,high,high,high,high,high,high,high,high,high,high,high,high,medium,high,low,low,low,low,high,high,high,high,high,high,high,high,high,high,low,high,low,low,high,medium,high,high,high,low,medium,medium,medium,high,high,high,high,high,high,high,medium,low,high,high,high,high,low,low,medium,low,low,low,high
118,low,high,high,high,high,high,low,medium,medium,high,medium,high,low,low,high,medium,medium,medium,low,low,medium,medium,medium,medium,medium,high,high,medium,medium,medium,medium,medium,medium,medium,low,medium,medium,high,high,high,medium,low,medium,low,low,low,low,medium,medium,low,low,low,medium,high,medium,low,low,low,medium,medium,medium,medium,low,medium,high,high,high,high,low,high,high,medium,medium,medium,medium,medium,medium,high,low,low,medium,low,medium,low,low,low,medium,low,low,medium,medium,low,medium,low,low,high,medium,high,high,low
119,high,high,high,medium,medium,medium,medium,high,high,high,medium,medium,low,medium,medium,high,high,medium,medium,medium,high,high,high,high,high,high,high,high,low,high,high,low,low,medium,low,high,high,high,high,high,medium,medium,medium,medium,low,low,low,medium,medium,low,low,medium,medium,high,medium,low,medium,medium,medium,medium,medium,medium,medium,medium,medium,medium,medium,medium,low,high,high,low,low,low,high,medium,low,high,low,low,low,medium,low,medium,medium,medium,medium,high,high,medium,medium,medium,medium,low,low,medium,high,high,high,low
120,high,high,high,low,medium,high,medium,medium,high,medium,low,medium,low,high,high,low,low,high,high,high,high,low,low,low,low,low,low,low,medium,low,low,high,medium,medium,low,low,high,high,high,medium,medium,low,low,low,low,low,low,medium,medium,low,low,medium,low,high,high,medium,medium,high,medium,medium,low,low,low,low,medium,high,medium,medium,low,medium,medium,low,low,low,medium,medium,medium,high,low,low,low,low,low,low,low,low,medium,high,high,medium,medium,low,low,medium,medium,low,high,high,high,low
121,medium,high,medium,medium,low,medium,high,medium,medium,medium,high,high,low,low,medium,high,medium,high,medium,medium,high,medium,medium,medium,medium,low,low,medium,low,medium,medium,low,low,low,low,medium,medium,medium,medium,low,low,low,low,low,low,low,low,low,low,medium,medium,medium,low,medium,high,high,medium,low,low,low,medium,low,low,low,medium,low,low,medium,medium,low,low,medium,medium,high,low,medium,high,medium,medium,medium,low,low,low,low,low,low,low,low,medium,low,low,low,low,high,medium,high,high,high,high,low
122,medium,high,medium,low,high,medium,low,high,medium,low,high,high,medium,high,medium,medium,low,medium,medium,high,high,medium,low,low,medium,high,high,low,low,medium,low,low,medium,medium,medium,low,low,low,low,medium,high,medium,medium,low,low,medium,medium,high,high,low,low,medium,medium,medium,medium,low,medium,low,high,medium,medium,low,medium,medium,medium,medium,high,low,low,medium,medium,high,medium,high,medium,medium,medium,medium,medium,medium,high,medium,high,medium,medium,medium,medium,medium,medium,medium,low,medium,medium,medium,medium,high,high,medium,medium,low
123,low,high,medium,low,low,low,high,low,high,low,low,low,medium,high,low,low,high,medium,medium,low,low,low,high,medium,medium,medium,medium,high,high,low,high,high,low,high,high,low,high,high,high,high,high,high,high,high,high,high,high,high,high,high,high,high,high,low,low,low,low,low,high,high,high,high,high,high,low,high,high,high,high,low,low,low,low,low,high,high,high,high,high,high,high,high,high,high,high,high,high,low,low,high,high,high,high,high,high,low,low,low,low,high
124,medium,low,low,high,high,low,low,low,low,medium,low,low,medium,low,low,medium,medium,high,medium,medium,high,medium,medium,medium,medium,medium,medium,medium,medium,medium,medium,medium,medium,medium,medium,low,low,low,low,medium,medium,medium,medium,medium,medium,medium,medium,high,high,low,low,medium,medium,medium,low,low,high,high,medium,medium,medium,medium,medium,medium,medium,medium,medium,low,low,low,low,high,medium,high,medium,low,low,low,high,high,medium,low,medium,low,medium,medium,medium,medium,medium,medium,low,medium,medium,low,high,medium,medium,medium,medium,low
125,high,medium,low,low,high,high,medium,high,low,medium,high,high,medium,low,low,medium,medium,medium,medium,medium,medium,high,medium,medium,low,high,high,medium,medium,high,medium,medium,medium,low,medium,low,low,low,low,low,medium,medium,medium,medium,medium,medium,high,low,medium,medium,medium,high,medium,medium,medium,low,high,low,medium,medium,medium,medium,medium,medium,low,low,low,medium,medium,low,low,low,low,low,low,medium,medium,low,high,high,medium,medium,medium,medium,low,medium,low,medium,high,medium,low,medium,medium,medium,high,high,medium,medium,medium,low
126,medium,medium,high,low,low,low,medium,medium,high,low,medium,medium,low,high,high,high,low,low,high,high,high,high,medium,low,low,low,medium,low,low,high,low,low,medium,medium,medium,high,high,high,high,high,medium,medium,medium,medium,medium,medium,low,high,medium,low,low,medium,medium,high,medium,low,low,low,high,medium,medium,medium,low,medium,medium,high,high,medium,low,high,high,medium,medium,medium,high,medium,low,medium,medium,medium,medium,medium,medium,medium,medium,medium,medium,high,medium,medium,high,low,medium,low,medium,high,high,high,high,low
127,low,medium,medium,medium,high,medium,medium,medium,medium,low,medium,medium,high,high,high,low,high,low,low,low,low,low,medium,high,high,high,high,high,high,low,high,high,medium,high,medium,medium,low,high,high,high,high,high,high,medium,medium,medium,medium,high,medium,medium,medium,medium,high,medium,low,low,low,high,high,high,high,medium,medium,high,medium,high,high,high,low,medium,medium,high,medium,high,high,high,medium,medium,high,medium,medium,high,medium,high,high,high,high,low,low,medium,high,medium,medium,medium,medium,medium,medium,medium,medium,low
128,low,medium,medium,high,high,medium,medium,low,medium,medium,low,low,low,low,low,medium,medium,high,medium,low,medium,medium,medium,medium,medium,high,medium,medium,medium,medium,medium,medium,medium,medium,medium,medium,medium,medium,medium,medium,high,high,high,medium,medium,medium,medium,medium,high,medium,low,low,medium,medium,low,low,low,high,medium,high,medium,medium,medium,medium,high,high,high,medium,low,high,high,high,medium,medium,high,medium,low,medium,low,low,high,medium,high,medium,medium,medium,medium,low,low,medium,low,medium,medium,low,low,medium,medium,medium,medium,low
129,low,low,low,high,high,high,low,low,low,low,medium,medium,medium,low,low,high,medium,medium,low,low,medium,high,medium,medium,medium,high,high,medium,medium,high,medium,low,medium,medium,medium,low,low,medium,medium,medium,medium,medium,medium,medium,medium,medium,medium,medium,medium,high,high,high,medium,medium,medium,medium,low,low,medium,medium,high,medium,medium,medium,medium,high,high,medium,medium,high,high,low,low,low,medium,medium,medium,medium,high,high,low,high,low,high,medium,medium,medium,low,low,medium,medium,medium,medium,medium,medium,medium,medium,high,high,low
130,low,medium,medium,high,medium,high,low,low,medium,low,high,high,medium,high,medium,high,high,high,high,medium,medium,medium,high,high,medium,low,low,high,medium,medium,high,low,low,high,medium,high,medium,high,high,high,high,high,medium,medium,medium,medium,low,high,high,low,low,medium,medium,medium,medium,low,low,high,high,medium,medium,medium,medium,medium,high,high,high,medium,low,low,low,low,low,medium,high,high,medium,medium,low,low,low,medium,low,medium,medium,medium,high,low,low,medium,high,medium,medium,high,low,high,high,high,high,low
131,low,high,high,medium,medium,medium,high,high,high,low,medium,low,low,high,high,medium,medium,high,medium,medium,medium,medium,medium,high,high,medium,medium,medium,medium,medium,medium,medium,medium,medium,low,low,medium,high,high,high,medium,medium,low,medium,medium,low,low,medium,medium,low,medium,low,low,medium,medium,medium,medium,high,high,medium,low,low,medium,low,high,medium,medium,low,medium,medium,medium,medium,medium,medium,low,medium,high,high,low,low,medium,medium,medium,medium,medium,medium,medium,low,low,medium,medium,medium,medium,high,low,high,medium,high,high,low
132,medium,medium,medium,medium,medium,low,low,medium,medium,medium,low,medium,medium,low,low,low,high,medium,medium,medium,low,low,medium,high,high,medium,medium,high,high,low,high,high,medium,high,medium,high,high,high,high,high,high,high,medium,medium,medium,medium,low,high,high,medium,medium,high,medium,medium,medium,medium,medium,high,high,medium,high,medium,medium,medium,low,high,high,medium,low,medium,medium,high,medium,high,medium,high,high,medium,high,high,medium,high,medium,high,medium,medium,high,high,medium,high,high,medium,medium,high,high,medium,medium,high,high,low
133,low,medium,high,low,medium,high,low,low,medium,low,high,high,medium,medium,high,high,high,medium,high,high,low,medium,high,high,medium,medium,medium,high,medium,medium,high,low,low,high,high,low,medium,high,high,high,medium,medium,high,high,high,high,high,medium,medium,high,high,high,high,low,low,medium,low,medium,high,medium,medium,high,high,high,medium,high,high,low,high,high,high,high,low,high,high,medium,low,low,medium,medium,low,high,low,high,high,medium,high,low,low,high,medium,high,high,low,high,medium,low,medium,medium,medium
134,medium,medium,medium,low,high,high,low,medium,low,low,low,high,high,low,medium,high,low,high,low,high,high,high,medium,low,medium,low,low,low,low,high,medium,low,medium,medium,low,high,high,medium,medium,medium,low,low,low,medium,medium,low,low,low,low,medium,medium,high,low,medium,medium,high,high,medium,low,low,low,low,medium,low,low,low,low,medium,medium,medium,medium,high,medium,high,low,medium,high,medium,high,high,low,low,low,low,low,low,medium,medium,medium,low,medium,low,low,high,high,medium,high,medium,medium,low
135,medium,high,high,medium,high,high,medium,high,medium,low,high,high,medium,medium,medium,low,medium,medium,low,low,low,low,low,medium,medium,low,low,medium,high,low,medium,high,high,high,high,medium,high,high,high,high,high,high,high,high,high,high,low,high,high,low,medium,medium,high,medium,low,low,low,high,high,high,high,high,medium,high,high,high,high,high,medium,medium,medium,low,low,low,high,high,medium,high,low,low,high,high,high,high,high,high,high,medium,medium,high,high,medium,high,medium,low,low,high,high,high,low
136,low,medium,medium,medium,high,high,medium,medium,low,low,high,high,high,high,high,medium,medium,high,medium,high,medium,medium,medium,medium,medium,medium,low,medium,medium,medium,medium,medium,medium,high,medium,high,high,high,high,high,high,high,high,medium,medium,medium,low,high,high,low,medium,medium,high,medium,low,low,low,low,high,high,high,medium,medium,high,high,high,high,high,low,medium,medium,medium,medium,medium,high,high,medium,medium,medium,medium,high,medium,high,medium,high,high,high,low,low,high,high,medium,high,medium,low,medium,medium,high,high,low
137,medium,low,medium,high,high,high,low,low,medium,low,high,high,low,high,high,high,high,medium,low,medium,low,low,high,high,high,high,high,high,high,low,high,low,low,medium,medium,medium,medium,high,medium,high,high,medium,medium,medium,medium,medium,low,high,high,low,medium,low,medium,medium,medium,low,low,high,high,high,medium,medium,medium,medium,high,high,high,low,low,medium,medium,high,medium,high,high,low,low,low,medium,medium,medium,medium,medium,medium,medium,medium,medium,medium,medium,medium,high,medium,medium,low,low,medium,medium,high,high,low
138,high,medium,medium,high,high,low,medium,low,medium,low,medium,low,medium,low,low,high,medium,high,medium,medium,medium,high,high,high,high,high,medium,medium,low,high,high,medium,medium,medium,low,high,medium,high,high,medium,medium,low,low,low,low,low,low,medium,low,low,low,medium,low,high,high,medium,medium,high,medium,low,low,low,low,low,medium,medium,medium,medium,low,low,low,low,low,medium,medium,medium,low,medium,medium,medium,low,medium,low,medium,low,low,medium,high,high,medium,medium,low,low,low,medium,high,medium,high,high,low
139,medium,medium,medium,low,medium,high,medium,medium,medium,low,low,low,low,low,high,medium,medium,high,high,high,medium,medium,medium,medium,low,low,low,medium,medium,medium,medium,low,low,medium,low,low,medium,medium,medium,medium,medium,medium,low,low,low,low,low,high,medium,low,low,low,low,high,medium,medium,medium,medium,medium,medium,medium,low,low,low,high,medium,medium,low,low,high,high,medium,medium,medium,medium,medium,high,medium,low,low,medium,medium,medium,medium,low,medium,medium,low,medium,medium,low,low,medium,high,low,high,medium,high,high,low
140,low,medium,high,medium,low,medium,medium,high,high,low,low,low,low,medium,medium,low,low,high,medium,medium,medium,medium,low,low,high,medium,medium,low,medium,medium,low,high,high,high,high,high,high,high,high,high,medium,medium,medium,high,high,high,medium,high,medium,high,high,medium,high,low,low,low,low,medium,high,high,medium,medium,medium,high,medium,high,high,medium,medium,low,low,low,low,medium,high,medium,low,high,low,low,medium,high,medium,high,high,high,high,low,low,medium,high,high,medium,low,low,high,low,high,high,medium
141,medium,low,low,high,high,high,high,low,low,low,medium,low,low,medium,medium,medium,medium,high,high,high,medium,medium,high,medium,low,low,low,medium,medium,low,high,medium,medium,medium,low,medium,high,high,high,medium,medium,medium,low,low,low,low,low,medium,low,low,low,medium,low,high,high,medium,low,high,high,low,low,low,low,low,low,medium,high,low,low,medium,medium,high,medium,high,medium,medium,medium,medium,medium,medium,medium,low,medium,low,low,low,medium,medium,medium,medium,high,low,low,medium,medium,high,medium,high,high,low
142,medium,medium,high,low,high,high,high,medium,medium,low,medium,low,medium,low,medium,low,medium,medium,low,low,high,low,medium,medium,high,medium,medium,medium,high,medium,medium,high,medium,high,high,medium,medium,medium,high,high,high,medium,high,high,high,high,high,high,medium,high,high,medium,high,low,low,low,medium,high,high,high,high,high,high,high,high,high,high,low,high,high,high,low,low,low,high,medium,low,high,medium,low,high,high,high,high,high,high,high,medium,medium,high,high,high,high,low,low,high,low,low,low,high
143,low,high,high,medium,medium,medium,low,high,medium,low,medium,medium,low,medium,medium,medium,medium,low,high,medium,medium,medium,medium,medium,medium,high,high,medium,medium,medium,medium,medium,medium,medium,low,high,high,high,high,high,medium,medium,low,low,low,low,low,medium,medium,low,low,medium,medium,high,medium,low,low,high,high,medium,low,low,low,medium,medium,high,high,medium,low,medium,medium,medium,medium,high,medium,high,high,high,low,low,low,medium,low,medium,low,low,medium,low,low,medium,medium,low,medium,medium,low,medium,high,high,high,low
144,high,high,high,medium,medium,medium,medium,high,medium,high,low,high,medium,low,high,low,medium,medium,low,low,medium,low,medium,low,medium,medium,medium,medium,high,low,medium,medium,medium,medium,high,medium,low,low,low,low,medium,medium,medium,high,high,high,high,medium,medium,high,high,low,high,low,low,medium,medium,high,low,low,high,high,high,high,low,medium,low,low,high,medium,medium,low,low,low,medium,medium,high,high,low,low,medium,high,medium,high,high,high,medium,high,high,medium,low,high,medium,medium,low,high,low,low,low,high
145,medium,high,high,medium,medium,high,low,medium,medium,low,low,low,high,high,high,low,high,low,low,low,low,low,high,high,high,high,high,high,high,low,high,high,medium,low,medium,medium,low,low,low,low,low,low,medium,medium,medium,medium,medium,low,medium,medium,medium,low,medium,medium,medium,medium,high,high,medium,low,high,medium,medium,medium,high,medium,low,medium,medium,high,high,low,low,low,low,medium,medium,high,low,low,medium,low,medium,low,low,low,low,medium,medium,low,low,medium,low,medium,low,low,low,medium,medium,medium
146,low,low,medium,low,low,low,low,medium,low,medium,low,low,high,low,low,low,high,low,low,low,low,low,high,high,high,medium,high,high,high,low,high,high,low,high,high,high,medium,low,low,low,high,medium,high,high,high,high,high,medium,high,high,high,medium,high,low,medium,low,high,low,high,high,medium,high,high,high,high,low,medium,low,high,medium,medium,medium,medium,high,high,low,low,medium,medium,medium,low,high,low,high,high,medium,high,low,low,high,medium,high,high,low,low,medium,low,low,low,high
147,high,medium,high,low,low,low,high,low,high,medium,high,high,low,high,high,low,high,low,medium,low,low,low,medium,medium,high,high,high,high,high,low,high,high,medium,medium,medium,medium,low,low,low,low,low,medium,medium,high,high,medium,high,low,medium,high,high,high,medium,medium,medium,medium,low,low,medium,medium,medium,medium,medium,medium,medium,medium,medium,medium,high,low,low,high,medium,high,medium,low,low,medium,high,medium,low,high,low,high,medium,medium,medium,high,high,medium,low,high,medium,medium,medium,medium,low,low,medium,medium
148,low,medium,low,high,high,low,medium,low,low,high,low,low,low,low,low,low,high,low,low,low,medium,low,medium,medium,high,high,high,high,high,low,medium,high,medium,high,high,high,high,high,high,high,high,high,high,high,high,high,high,high,high,high,high,high,high,low,low,low,low,low,high,high,high,high,high,high,medium,high,high,low,high,medium,medium,low,low,low,high,high,high,low,high,high,high,high,high,high,high,high,high,medium,low,high,high,high,high,high,low,high,low,low,low,high
149,high,high,medium,high,low,low,high,low,medium,medium,high,medium,medium,medium,low,high,high,high,medium,high,medium,high,high,medium,medium,low,low,high,low,high,high,low,low,low,low,medium,low,low,low,low,low,low,low,low,low,low,medium,low,low,medium,medium,low,low,high,high,high,high,medium,low,low,low,low,low,low,low,low,low,high,low,high,high,low,low,low,low,low,low,low,medium,high,low,low,low,low,low,low,low,high,high,low,low,low,low,low,high,medium,high,medium,low,low
150,low,high,high,high,high,high,medium,high,high,low,high,low,low,low,low,medium,high,medium,medium,medium,low,low,high,medium,low,low,low,high,high,low,high,medium,low,low,medium,low,low,low,low,low,medium,high,high,medium,medium,medium,high,low,medium,medium,medium,medium,medium,medium,low,medium,high,medium,low,medium,high,medium,medium,medium,high,low,low,medium,medium,medium,medium,low,low,low,low,high,high,high,low,low,medium,high,medium,high,high,high,low,low,low,medium,low,high,medium,high,low,medium,low,medium,medium,medium
151,medium,high,high,high,medium,high,medium,high,high,medium,low,low,low,medium,medium,low,medium,low,low,low,low,low,low,medium,low,medium,medium,medium,high,low,medium,high,high,high,high,medium,low,medium,low,medium,high,high,high,high,high,high,high,high,high,high,high,high,high,low,low,low,medium,low,high,high,high,high,high,high,medium,medium,high,low,high,medium,medium,high,medium,high,medium,high,high,high,low,low,high,medium,high,medium,high,high,high,medium,medium,high,medium,high,high,high,medium,high,low,low,low,high
152,low,high,high,medium,medium,high,medium,high,high,low,medium,medium,low,medium,high,low,medium,high,medium,medium,low,low,low,medium,medium,low,low,medium,high,low,low,high,high,medium,medium,low,low,low,medium,medium,high,high,high,medium,medium,medium,medium,high,high,medium,low,medium,medium,medium,low,medium,low,low,high,medium,medium,medium,medium,medium,medium,high,high,low,medium,high,high,low,low,low,high,medium,low,high,low,low,medium,high,medium,high,medium,high,medium,low,low,medium,high,medium,medium,low,low,high,medium,medium,medium,low
153,low,medium,high,high,high,high,medium,high,medium,medium,low,low,low,high,high,high,medium,high,high,high,high,medium,high,low,medium,low,low,medium,medium,medium,medium,low,low,high,high,medium,high,high,high,high,high,high,high,medium,medium,high,medium,high,high,low,low,low,high,medium,low,low,low,low,high,high,high,high,medium,high,high,high,high,high,low,low,low,medium,medium,medium,high,high,low,high,low,low,high,high,high,high,high,high,high,low,low,high,high,medium,high,low,low,low,medium,medium,low,low
154,low,high,high,low,high,high,high,medium,high,low,low,medium,medium,low,low,high,high,high,high,high,medium,medium,high,medium,low,high,low,high,medium,medium,high,low,low,medium,medium,low,low,low,low,low,low,medium,medium,medium,medium,medium,high,medium,medium,medium,high,medium,high,low,low,medium,low,high,medium,high,medium,high,high,high,high,medium,high,medium,medium,high,high,low,low,low,low,medium,high,high,low,low,medium,medium,medium,medium,medium,medium,medium,low,low,medium,low,medium,medium,medium,medium,high,low,low,low,medium
155,high,medium,medium,low,high,high,low,high,medium,medium,low,high,medium,low,low,high,high,low,medium,low,medium,medium,high,high,high,high,high,high,medium,medium,high,medium,low,low,medium,medium,low,medium,medium,medium,low,medium,low,medium,medium,medium,medium,low,medium,low,low,medium,medium,medium,medium,medium,medium,high,medium,low,low,medium,medium,medium,medium,medium,medium,low,medium,low,low,medium,medium,high,low,medium,medium,medium,medium,medium,medium,low,medium,low,medium,medium,low,high,high,low,medium,medium,medium,medium,medium,high,low,low,low,medium
156,high,high,high,high,medium,medium,low,medium,high,high,high,high,medium,high,high,medium,high,low,medium,medium,low,medium,high,high,medium,high,high,high,high,medium,high,medium,low,high,medium,medium,medium,high,high,high,high,medium,medium,medium,medium,medium,low,high,high,low,low,medium,medium,medium,low,low,low,high,high,high,high,medium,medium,medium,high,high,high,medium,low,high,high,low,low,low,high,high,medium,high,low,low,medium,medium,medium,medium,medium,medium,high,high,high,high,high,medium,high,medium,low,low,medium,high,high,low
157,high,high,high,high,high,high,high,high,low,high,high,high,high,high,high,medium,medium,medium,medium,medium,medium,medium,high,low,medium,medium,medium,medium,medium,medium,high,medium,low,medium,medium,medium,medium,medium,medium,medium,high,high,medium,medium,medium,medium,medium,medium,high,medium,low,low,medium,medium,low,medium,medium,medium,medium,medium,medium,medium,medium,medium,high,medium,medium,low,medium,medium,medium,high,medium,high,medium,medium,medium,low,high,high,medium,high,medium,high,high,high,medium,high,high,high,high,high,high,medium,medium,medium,low,high,medium,medium
158,high,high,high,high,high,high,high,high,high,high,high,medium,medium,high,high,low,low,medium,medium,medium,medium,low,low,low,low,low,medium,low,high,low,low,high,high,high,high,high,high,high,high,high,high,high,medium,high,high,high,medium,high,high,high,high,low,high,low,low,medium,medium,low,low,high,medium,high,high,high,low,medium,medium,low,high,high,high,low,low,low,high,high,low,high,low,low,high,high,high,high,high,high,high,high,high,high,high,high,high,low,low,medium,low,high,medium,medium
159,high,high,high,high,high,low,high,high,high,medium,medium,high,high,medium,high,low,medium,medium,medium,medium,medium,medium,medium,medium,low,medium,medium,medium,medium,medium,medium,medium,medium,medium,medium,high,high,high,high,high,high,high,medium,medium,medium,medium,medium,high,high,medium,medium,medium,medium,medium,low,low,low,high,high,high,medium,medium,medium,medium,medium,high,high,medium,low,low,low,high,medium,high,medium,high,high,medium,high,medium,high,medium,high,medium,high,high,medium,high,high,high,high,high,high,medium,medium,high,medium,high,high,low
160,high,high,high,medium,high,low,high,low,high,high,medium,low,medium,low,medium,low,low,high,medium,medium,low,low,low,low,low,low,low,low,high,low,low,high,high,high,high,high,medium,medium,medium,high,high,high,high,medium,medium,high,medium,high,high,medium,medium,low,high,low,low,low,low,low,high,high,high,high,high,high,low,high,high,low,medium,low,low,medium,medium,high,high,high,medium,high,low,low,medium,medium,medium,high,high,high,medium,high,high,high,high,medium,high,medium,low,high,medium,high,medium,low
161,low,high,high,medium,low,high,low,medium,high,high,medium,low,low,medium,high,high,medium,low,low,low,high,high,high,high,high,medium,medium,medium,low,high,medium,low,low,high,high,medium,high,high,high,high,high,high,high,high,high,high,low,high,high,medium,medium,low,high,low,low,medium,low,low,high,high,high,high,high,high,high,high,high,medium,medium,high,high,medium,medium,medium,high,medium,low,high,low,low,medium,high,medium,high,high,high,high,medium,low,high,high,high,high,low,low,medium,medium,high,high,low
162,high,high,high,medium,low,medium,low,high,high,high,medium,medium,low,medium,high,low,low,medium,high,high,high,high,low,low,low,medium,medium,low,medium,medium,low,high,high,high,high,high,high,high,high,high,high,high,high,high,high,high,high,high,high,high,high,low,high,low,low,low,low,low,high,high,high,high,high,high,low,high,high,low,medium,high,high,low,low,low,high,high,low,high,low,low,high,medium,high,medium,high,high,high,high,high,high,high,high,high,low,low,low,low,low,low,high
163,high,medium,medium,medium,high,high,low,low,medium,high,medium,low,low,low,high,high,medium,high,medium,medium,high,medium,high,medium,medium,low,low,medium,low,medium,medium,low,low,high,high,low,low,medium,high,high,high,high,high,high,high,high,medium,high,high,medium,medium,low,high,low,low,low,low,low,high,high,high,high,high,high,high,high,high,medium,medium,high,high,medium,medium,medium,high,medium,low,high,low,low,medium,high,medium,high,medium,medium,high,high,high,high,high,medium,high,low,low,medium,low,medium,medium,medium
164,medium,low,low,medium,low,medium,low,low,low,high,high,high,high,high,low,high,high,medium,medium,medium,medium,medium,high,high,high,low,medium,high,medium,medium,high,medium,low,high,high,medium,high,high,high,high,high,high,high,high,high,high,high,high,high,high,high,high,high,low,low,low,low,medium,high,high,high,high,high,high,high,high,high,low,high,high,high,low,low,low,high,high,low,medium,high,high,high,high,high,high,high,high,high,high,medium,high,high,high,high,low,low,low,low,low,low,high
165,high,low,low,low,low,high,medium,low,medium,high,high,high,low,medium,medium,medium,low,medium,medium,medium,high,high,medium,low,low,low,medium,low,low,high,medium,medium,medium,high,high,medium,medium,medium,high,medium,high,medium,high,high,high,high,high,medium,medium,high,high,low,high,low,low,low,low,low,high,high,high,high,high,high,low,high,high,high,high,high,high,medium,medium,medium,high,medium,low,low,low,medium,high,high,high,high,high,high,high,high,high,high,high,high,high,low,low,high,low,low,low,high
166,high,medium,medium,medium,low,medium,medium,medium,low,medium,high,medium,high,high,high,low,low,low,high,high,high,medium,low,low,low,low,low,low,low,low,low,high,high,low,low,high,high,medium,medium,medium,low,low,low,medium,medium,low,low,low,low,medium,medium,medium,low,high,high,high,high,high,low,low,low,medium,low,low,medium,low,low,high,medium,high,high,medium,medium,medium,low,low,medium,medium,medium,medium,low,low,low,low,low,low,low,medium,high,low,low,low,low,medium,medium,high,medium,medium,high,low
167,medium,medium,low,high,medium,medium,high,low,low,medium,medium,low,low,low,low,low,medium,low,medium,low,medium,medium,low,medium,high,medium,high,medium,high,medium,low,high,high,medium,medium,high,medium,low,low,medium,medium,medium,medium,medium,medium,medium,medium,high,medium,medium,medium,low,medium,medium,medium,medium,medium,low,medium,medium,high,medium,medium,medium,high,medium,medium,medium,low,low,low,low,low,low,low,medium,high,low,medium,medium,medium,medium,medium,medium,medium,medium,medium,medium,medium,medium,low,medium,medium,high,low,high,low,medium,medium,medium
168,high,high,medium,medium,low,medium,medium,medium,medium,high,high,medium,low,medium,low,medium,high,low,medium,low,medium,low,medium,low,medium,high,high,high,high,low,high,medium,low,medium,low,low,medium,medium,medium,medium,medium,low,low,medium,medium,low,low,medium,medium,low,medium,medium,low,high,medium,medium,high,low,medium,low,low,medium,medium,low,medium,medium,medium,high,medium,medium,medium,high,low,high,medium,medium,medium,medium,medium,medium,medium,low,medium,low,low,low,medium,high,high,medium,medium,low,low,high,medium,low,high,high,high,low
169,medium,high,high,medium,high,high,low,high,high,medium,medium,high,low,high,high,medium,low,low,high,high,high,high,medium,low,low,high,high,low,low,high,low,low,medium,medium,medium,high,medium,high,high,high,high,medium,medium,medium,medium,medium,low,high,high,low,low,high,medium,medium,low,low,medium,low,high,high,medium,medium,medium,medium,medium,high,high,medium,low,medium,medium,high,medium,high,medium,medium,medium,high,medium,low,medium,medium,medium,medium,medium,medium,medium,high,medium,medium,medium,low,medium,low,medium,medium,high,medium,medium,low
170,high,low,medium,medium,high,high,low,low,low,low,high,high,high,low,low,medium,low,high,medium,high,high,high,low,low,low,medium,medium,low,low,high,low,medium,high,low,medium,low,low,low,low,low,low,medium,medium,medium,medium,medium,high,low,low,medium,medium,medium,medium,medium,medium,high,medium,low,low,medium,medium,medium,medium,medium,medium,low,low,high,medium,low,low,high,medium,high,medium,low,low,low,medium,medium,low,medium,low,medium,low,low,low,medium,high,low,low,low,low,low,medium,high,medium,low,low,low
171,low,high,high,high,medium,high,high,high,high,high,high,low,medium,high,low,high,medium,high,medium,high,high,high,high,medium,medium,high,medium,medium,medium,high,high,low,low,medium,medium,low,low,low,low,low,medium,high,high,medium,medium,medium,high,low,medium,medium,medium,medium,medium,medium,medium,low,medium,medium,low,medium,medium,medium,medium,medium,high,low,low,medium,medium,medium,medium,low,low,low,medium,medium,high,high,low,low,low,high,low,high,high,medium,medium,low,low,medium,medium,high,medium,medium,low,high,low,low,low,medium
172,medium,medium,medium,high,medium,medium,medium,low,medium,medium,high,low,low,medium,medium,low,medium,medium,low,low,low,low,low,high,high,medium,high,medium,high,low,low,high,high,high,high,high,high,high,high,high,high,medium,medium,high,high,high,medium,medium,medium,high,high,medium,high,low,medium,low,low,high,high,high,medium,high,high,high,medium,high,high,low,high,low,low,medium,medium,high,high,high,low,high,medium,medium,high,high,high,high,high,high,high,medium,medium,high,high,high,high,medium,low,high,low,low,low,high
173,medium,low,medium,high,high,medium,low,low,low,high,medium,low,high,low,low,medium,low,medium,medium,medium,high,medium,low,low,medium,low,low,low,low,medium,low,medium,high,low,medium,low,low,low,low,low,low,medium,low,medium,medium,medium,medium,medium,medium,medium,medium,low,medium,medium,high,medium,medium,medium,medium,medium,medium,medium,medium,medium,high,medium,medium,medium,medium,medium,medium,low,low,low,medium,low,low,low,medium,medium,medium,low,medium,low,low,low,low,low,medium,low,low,low,low,low,medium,medium,high,medium,medium,low
174,medium,low,low,low,low,low,low,low,low,medium,high,high,low,low,low,low,medium,medium,medium,low,low,low,low,medium,high,medium,medium,medium,high,low,low,high,high,low,medium,low,low,low,low,low,low,low,low,medium,medium,medium,high,low,low,high,high,high,low,high,high,high,high,low,low,medium,medium,medium,low,low,low,low,low,high,medium,low,low,low,low,low,low,medium,high,medium,high,high,medium,low,medium,low,low,medium,low,medium,medium,low,low,medium,low,high,high,high,low,low,low,high
175,medium,high,high,medium,low,high,high,low,medium,medium,low,low,medium,high,low,low,high,low,medium,medium,low,low,high,high,medium,medium,medium,high,high,low,high,high,medium,low,medium,low,low,low,low,low,low,medium,low,medium,medium,medium,medium,medium,medium,medium,medium,low,low,medium,high,high,medium,low,low,medium,medium,medium,medium,low,high,medium,low,high,medium,low,low,low,low,low,low,low,medium,high,low,low,low,medium,low,medium,medium,low,low,medium,medium,low,low,medium,low,medium,medium,medium,high,high,medium,low
176,low,medium,medium,high,high,medium,low,low,medium,low,high,high,high,high,high,medium,high,low,medium,medium,medium,low,medium,medium,low,low,low,high,high,low,medium,medium,low,low,low,low,low,medium,low,low,medium,medium,low,low,medium,low,medium,low,medium,low,low,medium,low,high,medium,medium,high,medium,medium,low,low,low,low,low,medium,medium,medium,high,low,medium,medium,low,low,low,low,medium,high,medium,medium,medium,medium,low,medium,low,low,low,low,low,low,low,low,medium,low,high,medium,low,low,medium,medium,high
177,medium,high,high,medium,low,low,medium,low,high,low,medium,low,low,high,high,low,medium,high,medium,medium,medium,low,medium,medium,low,low,low,medium,high,low,medium,high,medium,medium,low,medium,medium,medium,medium,high,high,medium,low,low,low,low,low,high,high,low,low,high,low,high,high,high,medium,medium,medium,medium,medium,medium,low,low,low,medium,medium,high,medium,low,low,low,low,low,high,low,low,high,high,medium,low,medium,low,medium,low,low,medium,medium,medium,medium,medium,low,medium,low,high,low,high,high,high,low
178,low,low,low,low,low,low,low,low,low,low,high,high,high,medium,medium,medium,medium,medium,low,low,low,high,medium,high,high,high,high,medium,high,high,high,medium,high,high,high,medium,medium,medium,medium,medium,medium,high,high,high,high,high,high,low,medium,high,high,medium,high,low,medium,high,high,medium,medium,high,high,high,high,high,high,medium,medium,low,high,high,high,medium,medium,medium,high,low,low,low,high,high,high,low,high,low,high,high,high,medium,low,high,high,high,high,low,low,medium,low,low,low,high
179,low,medium,low,medium,high,low,medium,high,low,low,medium,medium,medium,low,low,medium,high,low,medium,medium,medium,low,high,high,high,medium,medium,high,medium,low,high,medium,low,high,high,high,high,high,high,medium,medium,medium,high,high,high,high,high,medium,medium,high,high,high,high,low,high,medium,low,high,high,medium,medium,high,high,high,medium,high,high,high,high,high,high,medium,medium,medium,low,high,high,medium,high,high,medium,high,medium,high,high,high,high,low,low,high,high,high,high,high,medium,medium,low,low,low,high
180,low,low,low,low,high,high,high,medium,low,medium,high,medium,low,low,medium,low,low,medium,low,medium,medium,low,low,low,low,medium,medium,low,medium,low,low,high,high,medium,medium,high,medium,medium,low,low,medium,medium,medium,medium,medium,medium,medium,medium,high,medium,medium,low,medium,medium,low,medium,medium,medium,medium,medium,medium,medium,medium,medium,high,medium,medium,medium,medium,medium,medium,high,medium,high,medium,low,low,medium,medium,medium,high,medium,high,medium,medium,medium,medium,low,low,medium,low,medium,medium,medium,low,medium,low,low,low,medium
181,medium,medium,medium,medium,high,medium,medium,low,medium,low,high,high,low,high,high,medium,high,low,low,low,low,high,high,high,medium,high,high,high,high,high,high,low,low,low,low,low,low,low,low,medium,low,low,low,low,low,low,medium,medium,medium,low,low,low,low,high,medium,medium,high,low,low,medium,medium,low,low,low,high,low,low,high,low,medium,medium,medium,medium,medium,low,low,medium,medium,medium,medium,low,medium,low,medium,low,low,low,medium,medium,low,low,low,low,medium,medium,medium,high,high,high,low
182,high,medium,high,low,medium,high,medium,medium,medium,high,low,low,medium,low,high,high,medium,high,medium,medium,high,high,medium,low,high,medium,low,medium,low,high,medium,low,low,high,high,low,low,low,medium,high,high,high,high,high,high,high,high,high,high,medium,medium,low,high,low,low,low,low,low,high,high,high,high,high,high,high,high,high,low,high,low,low,medium,medium,high,high,medium,low,high,low,low,high,medium,high,medium,high,high,high,high,high,high,high,high,high,low,low,high,low,low,low,high
183,low,high,high,low,high,high,high,medium,high,high,low,medium,medium,low,high,high,low,high,high,high,high,high,medium,low,low,medium,low,low,low,medium,low,medium,medium,low,medium,low,low,low,low,low,medium,medium,medium,medium,medium,medium,medium,low,high,low,low,medium,medium,medium,low,low,medium,high,medium,medium,high,medium,medium,medium,medium,medium,medium,medium,low,low,low,high,medium,high,medium,low,low,high,low,low,medium,low,medium,low,medium,medium,low,low,low,medium,medium,low,medium,low,medium,medium,low,medium,medium,medium
184,low,medium,low,medium,high,high,high,high,low,medium,low,low,medium,low,medium,high,low,medium,high,high,high,high,low,low,low,low,low,low,low,medium,low,low,high,low,low,low,low,low,low,low,low,low,low,low,low,low,medium,low,low,medium,medium,low,low,high,high,high,high,medium,low,low,low,low,low,low,high,low,low,low,medium,medium,medium,high,medium,medium,low,low,medium,low,medium,medium,low,low,low,low,low,low,low,low,low,low,low,low,low,medium,medium,medium,low,medium,medium,medium
185,low,low,medium,high,high,high,low,low,low,medium,medium,high,low,medium,high,high,high,medium,low,medium,medium,medium,high,medium,low,medium,medium,high,medium,medium,high,medium,low,low,medium,low,low,low,low,low,medium,medium,medium,low,low,medium,medium,medium,high,low,low,medium,medium,medium,low,low,medium,low,high,high,high,medium,medium,medium,medium,medium,medium,medium,low,low,low,high,medium,high,medium,low,low,medium,medium,medium,low,medium,low,medium,medium,medium,low,low,low,low,low,medium,medium,low,medium,medium,medium,high,high,low
186,high,high,high,high,high,high,high,high,high,low,low,medium,high,medium,low,low,high,high,medium,high,medium,low,high,low,low,low,low,high,high,low,high,high,medium,high,high,low,low,high,high,high,high,high,high,high,high,high,high,high,high,high,high,high,high,low,low,low,low,high,high,high,high,high,high,high,medium,high,high,medium,high,medium,medium,medium,medium,high,high,high,low,high,low,low,high,high,high,high,high,high,high,high,high,high,high,high,high,low,low,high,low,medium,low,high
187,high,high,medium,low,medium,medium,medium,medium,medium,low,medium,medium,high,high,high,medium,medium,low,low,low,low,medium,low,medium,high,high,high,medium,medium,high,medium,medium,medium,high,high,medium,medium,medium,medium,medium,medium,high,high,high,high,high,high,medium,medium,high,high,low,high,low,low,low,medium,high,medium,high,high,high,high,high,high,high,medium,high,high,low,low,medium,medium,medium,low,high,high,high,low,low,high,high,high,high,high,high,high,high,high,high,high,high,high,high,low,medium,low,low,low,high
188,high,high,high,high,low,medium,high,medium,high,medium,medium,low,medium,high,high,medium,high,high,medium,medium,low,low,high,medium,medium,medium,medium,high,high,low,high,medium,low,high,medium,high,high,high,high,high,high,high,medium,medium,medium,medium,low,high,high,medium,medium,high,medium,medium,low,low,low,medium,high,high,medium,medium,medium,medium,medium,high,high,high,medium,medium,medium,high,medium,high,high,high,low,high,low,low,medium,high,medium,high,medium,medium,high,high,high,high,high,medium,high,medium,medium,low,low,high,high,medium
189,high,low,low,low,medium,high,low,low,high,high,low,high,high,medium,high,medium,medium,low,low,low,medium,medium,low,low,high,high,high,medium,medium,medium,medium,medium,medium,medium,high,high,high,high,medium,medium,medium,high,high,high,high,high,high,low,high,medium,medium,high,medium,medium,low,medium,medium,low,medium,high,medium,high,medium,medium,low,medium,medium,high,medium,low,low,high,medium,high,high,medium,low,low,high,high,high,high,high,high,high,high,medium,high,high,high,high,high,high,low,high,medium,low,low,low,high
190,high,high,high,medium,low,medium,high,high,high,high,low,medium,low,low,high,low,medium,high,high,medium,medium,medium,medium,low,high,medium,medium,medium,high,medium,medium,high,high,high,medium,medium,high,high,high,high,high,high,high,medium,medium,medium,low,high,high,low,low,medium,medium,medium,medium,low,low,low,high,high,high,medium,medium,medium,high,high,high,low,low,high,high,high,medium,high,high,high,low,high,low,low,high,high,high,medium,medium,medium,high,high,high,high,high,medium,high,medium,low,medium,medium,high,high,low
191,high,medium,high,medium,low,medium,medium,high,high,high,low,medium,high,low,high,low,low,medium,low,low,low,low,low,medium,medium,high,high,low,high,low,low,high,high,medium,medium,medium,high,medium,high,medium,medium,medium,medium,medium,medium,medium,low,medium,medium,medium,low,low,medium,high,medium,medium,low,low,medium,medium,medium,low,low,medium,low,high,high,medium,low,low,low,low,low,medium,high,low,low,high,low,low,low,high,low,medium,medium,medium,medium,high,high,medium,high,medium,medium,low,low,medium,low,medium,medium,medium
192,high,high,high,medium,medium,high,medium,high,high,high,medium,high,medium,medium,high,low,medium,medium,medium,medium,low,low,medium,medium,high,medium,medium,medium,high,low,medium,medium,medium,medium,medium,high,medium,medium,medium,medium,high,high,medium,medium,medium,medium,medium,high,high,low,low,low,medium,medium,medium,medium,medium,low,low,high,medium,medium,medium,medium,high,low,low,medium,medium,medium,medium,medium,medium,high,medium,medium,medium,high,low,low,medium,high,medium,high,medium,high,medium,high,high,high,high,medium,high,low,low,low,medium,high,high,low
193,medium,low,low,low,low,medium,high,high,high,high,low,low,high,medium,medium,high,medium,medium,high,high,high,high,high,medium,low,low,low,medium,low,high,medium,low,low,low,low,medium,medium,medium,medium,low,low,low,low,low,low,low,low,low,low,medium,low,low,low,high,high,high,high,high,low,low,low,low,low,low,high,low,low,medium,low,high,high,high,medium,medium,low,low,medium,low,medium,medium,low,low,low,low,low,low,low,low,medium,low,low,low,low,low,medium,medium,medium,medium,medium,low
194,low,low,low,high,high,low,medium,low,medium,high,high,low,high,low,low,low,medium,low,medium,medium,medium,low,medium,medium,high,high,high,medium,high,low,medium,high,medium,medium,high,medium,low,medium,medium,medium,medium,high,medium,high,high,high,high,medium,low,high,high,high,medium,medium,medium,medium,high,high,medium,medium,medium,high,medium,medium,low,medium,low,high,high,high,high,low,low,low,high,medium,medium,high,high,high,low,high,low,high,high,medium,medium,low,low,medium,low,high,medium,high,high,medium,medium,medium,medium,low
195,low,medium,high,medium,low,low,high,high,high,high,low,medium,high,low,low,high,low,high,high,high,high,high,low,low,medium,high,medium,low,low,high,low,low,high,medium,low,low,high,high,high,high,medium,medium,medium,low,low,low,low,medium,medium,low,low,high,low,high,medium,medium,medium,high,medium,medium,medium,low,low,low,low,medium,medium,medium,low,high,high,low,low,low,high,medium,low,low,medium,high,medium,medium,medium,medium,medium,medium,medium,low,low,medium,medium,low,medium,low,high,medium,high,medium,medium,low
196,high,medium,medium,low,high,high,low,medium,low,high,high,high,medium,medium,high,medium,medium,high,high,high,high,medium,medium,medium,low,low,low,medium,low,medium,medium,medium,low,low,low,low,low,low,low,low,low,low,low,low,low,low,low,low,low,low,low,low,low,high,high,high,high,high,low,low,low,low,low,low,medium,low,low,high,medium,high,high,high,medium,high,low,low,high,medium,medium,medium,low,low,low,low,low,low,low,medium,high,low,low,low,low,high,medium,medium,medium,medium,medium,low
197,high,high,high,high,high,low,high,high,high,low,high,medium,medium,medium,medium,high,high,medium,low,low,low,low,high,high,high,high,high,high,high,low,high,medium,low,low,low,medium,low,low,low,medium,medium,low,low,low,low,low,low,medium,medium,low,low,high,low,high,high,high,medium,medium,high,medium,low,low,low,low,low,medium,medium,medium,low,high,high,medium,medium,medium,low,medium,high,high,medium,low,low,medium,low,medium,low,low,low,high,high,low,medium,low,low,high,high,low,high,high,high,low
198,high,low,low,low,low,low,low,low,medium,high,medium,high,high,high,low,high,medium,medium,high,medium,high,high,high,medium,high,medium,medium,medium,low,high,high,low,low,high,high,medium,high,medium,high,high,high,high,medium,high,high,high,medium,medium,medium,high,high,high,high,low,low,medium,low,high,high,high,medium,high,high,high,low,high,high,medium,high,high,high,high,medium,medium,high,high,low,high,high,medium,medium,high,medium,high,high,high,high,high,high,high,high,high,high,low,high,low,medium,medium,high,low
199,high,low,low,high,medium,medium,low,low,medium,high,high,high,high,low,low,high,medium,high,high,high,high,high,medium,medium,low,medium,low,medium,low,high,medium,low,low,medium,low,high,high,high,high,high,medium,low,low,low,low,low,low,medium,medium,low,low,low,low,high,high,medium,medium,high,medium,low,low,low,low,low,high,medium,medium,medium,low,high,high,low,low,low,medium,medium,low,low,medium,high,low,low,low,low,low,low,medium,high,high,low,medium,low,low,medium,high,low,high,high,high,low
200,medium,medium,medium,low,medium,medium,low,low,medium,high,low,low,high,high,medium,high,high,medium,low,low,low,medium,high,high,high,high,high,high,medium,medium,high,low,low,low,low,low,low,medium,low,low,medium,low,low,low,low,low,medium,low,medium,low,low,medium,low,high,high,medium,medium,medium,low,medium,medium,low,low,low,medium,medium,low,high,low,high,high,medium,medium,medium,low,medium,high,medium,medium,medium,low,low,low,low,low,low,low,medium,medium,low,low,low,low,medium,medium,low,medium,high,high,low
201,low,low,low,medium,medium,low,medium,medium,low,low,low,medium,low,high,high,medium,high,high,medium,high,medium,medium,high,medium,medium,medium,medium,high,medium,medium,high,medium,low,high,high,high,medium,medium,medium,medium,high,high,high,high,high,high,high,high,high,high,medium,medium,high,low,medium,low,low,high,high,high,medium,high,high,high,medium,high,high,medium,medium,high,high,medium,medium,medium,medium,high,high,low,high,high,high,high,high,high,high,high,high,medium,low,high,high,high,high,high,low,high,low,low,low,medium
202,low,low,medium,low,medium,medium,medium,medium,low,high,high,medium,low,low,low,high,high,medium,medium,high,high,high,high,high,high,high,high,high,medium,high,high,medium,low,medium,medium,high,medium,medium,low,medium,medium,medium,medium,low,low,medium,medium,medium,high,low,low,medium,low,medium,high,high,high,medium,low,low,low,low,low,low,medium,low,low,low,medium,low,low,high,medium,high,medium,medium,medium,low,medium,medium,low,medium,low,medium,medium,low,medium,low,low,low,low,low,low,medium,medium,high,high,medium,medium,low
203,medium,high,high,high,medium,high,medium,medium,high,medium,high,medium,low,low,low,low,low,medium,medium,high,medium,low,low,low,low,medium,medium,low,medium,low,low,high,high,medium,low,medium,medium,medium,medium,medium,medium,medium,low,low,low,low,low,high,medium,low,low,high,low,medium,high,high,medium,high,medium,medium,medium,low,low,low,low,medium,medium,low,low,high,high,low,low,low,medium,medium,high,high,medium,low,medium,medium,medium,medium,medium,medium,medium,medium,medium,medium,medium,low,medium,medium,high,low,high,high,high,low
204,low,medium,medium,low,high,high,medium,low,medium,medium,high,high,medium,high,high,high,high,low,low,low,low,medium,high,high,high,high,high,high,high,medium,high,low,low,low,low,high,medium,high,medium,low,low,low,low,low,low,low,low,low,low,low,low,medium,low,high,high,high,high,high,low,low,low,low,low,low,medium,low,low,medium,low,low,low,medium,medium,high,low,low,medium,low,medium,high,low,low,low,low,low,low,low,low,low,low,low,low,low,medium,high,high,medium,high,high,low
205,medium,medium,high,medium,high,high,medium,low,high,medium,high,medium,medium,medium,medium,medium,low,high,high,high,high,medium,medium,low,low,low,low,low,low,low,low,medium,high,medium,medium,medium,medium,high,high,high,medium,medium,medium,medium,medium,medium,low,medium,low,medium,medium,medium,medium,high,low,low,low,low,high,medium,medium,medium,medium,medium,medium,high,high,high,low,medium,medium,medium,medium,high,high,medium,low,high,medium,low,low,medium,low,medium,low,low,medium,high,medium,medium,medium,low,medium,medium,medium,high,high,high,high,low
206,medium,medium,medium,high,medium,low,low,medium,medium,low,medium,low,medium,high,high,low,low,low,high,medium,low,low,low,medium,medium,high,high,low,high,low,low,high,high,medium,low,high,high,high,high,medium,medium,medium,medium,low,low,low,low,low,low,medium,low,low,medium,high,low,medium,medium,high,low,medium,medium,low,low,medium,high,medium,medium,high,low,medium,medium,low,low,low,medium,medium,medium,medium,low,low,low,medium,low,medium,low,low,medium,medium,medium,medium,medium,low,medium,medium,low,low,high,high,high,low
207,medium,high,high,medium,low,low,high,high,high,low,medium,medium,medium,high,high,high,high,low,low,medium,low,high,medium,high,medium,high,high,high,low,high,high,low,low,low,low,low,low,low,low,low,low,low,low,medium,medium,low,medium,low,low,high,high,low,low,medium,high,high,high,low,low,low,low,medium,medium,low,high,low,low,medium,high,high,high,medium,medium,medium,low,low,low,medium,low,low,low,low,low,low,low,low,low,medium,medium,low,low,low,low,low,medium,low,low,medium,medium,medium
208,medium,medium,low,medium,high,high,medium,medium,low,low,medium,high,low,low,medium,low,high,low,low,medium,low,low,high,high,high,high,high,high,high,low,high,high,medium,low,low,medium,low,low,low,low,low,low,low,low,low,low,medium,low,low,medium,low,low,low,high,high,high,high,medium,medium,low,low,low,low,low,high,medium,low,medium,medium,low,low,high,medium,high,low,low,medium,medium,medium,medium,low,low,low,low,low,low,low,low,medium,low,low,low,low,medium,medium,medium,medium,medium,medium,low
209,high,medium,medium,high,high,low,low,low,medium,high,low,low,high,high,medium,high,low,medium,high,high,high,high,medium,low,medium,low,low,low,low,high,medium,low,medium,low,low,low,low,low,low,low,low,low,low,low,low,low,high,low,low,high,high,medium,low,high,high,high,high,medium,low,low,low,low,low,low,medium,low,low,medium,high,high,high,high,medium,high,low,low,low,low,medium,medium,low,low,low,low,low,low,low,medium,high,low,low,low,low,low,high,medium,low,low,low,high
210,low,low,medium,low,medium,high,low,medium,medium,medium,low,low,low,high,high,medium,high,medium,low,low,low,low,medium,medium,high,high,high,high,high,medium,high,medium,low,high,high,low,low,low,low,medium,high,high,high,high,high,high,high,high,high,high,high,medium,high,low,low,low,low,high,medium,high,high,high,high,high,high,high,high,high,high,low,low,low,low,low,high,medium,low,medium,medium,medium,high,high,high,high,high,high,high,medium,low,high,high,high,high,low,low,high,low,low,low,high
211,medium,high,high,high,low,low,high,high,high,high,low,low,low,low,low,high,high,medium,medium,medium,medium,medium,high,high,high,medium,medium,high,medium,medium,high,low,low,medium,medium,medium,low,low,low,low,medium,high,high,medium,medium,medium,high,medium,medium,medium,medium,high,medium,low,medium,medium,medium,low,medium,high,high,medium,medium,medium,low,medium,medium,low,medium,medium,medium,low,low,low,low,high,high,high,low,low,medium,medium,medium,medium,medium,medium,medium,medium,medium,medium,medium,medium,medium,high,high,medium,low,low,low,medium
212,medium,high,high,low,low,medium,low,medium,high,low,medium,high,medium,high,low,high,low,high,high,high,high,high,medium,low,medium,low,low,low,low,high,low,low,medium,low,low,low,low,low,low,low,low,low,low,low,low,low,medium,low,low,medium,medium,low,low,high,high,high,high,low,low,low,low,low,low,low,low,low,low,medium,medium,low,low,high,medium,high,low,low,low,low,low,medium,low,low,low,low,low,low,low,medium,medium,low,low,low,low,low,medium,medium,high,medium,medium,low
213,low,high,high,high,low,high,low,high,high,high,high,medium,low,high,medium,medium,low,low,low,low,high,high,low,medium,medium,medium,medium,low,low,high,low,medium,high,high,high,low,low,low,low,low,medium,high,high,high,high,high,high,medium,high,high,high,low,high,low,low,medium,high,low,low,medium,high,high,high,high,high,low,low,medium,high,medium,medium,high,medium,high,high,high,high,high,low,low,high,high,high,high,high,high,high,medium,low,high,high,high,high,high,low,medium,low,low,low,high
214,medium,high,medium,low,low,low,high,medium,medium,low,medium,low,low,high,medium,medium,low,medium,high,high,medium,medium,medium,low,medium,high,high,low,medium,medium,medium,high,high,low,low,low,low,low,low,low,low,low,low,low,low,low,medium,low,low,low,low,low,low,high,high,high,high,low,low,low,low,low,low,low,high,low,low,medium,medium,medium,medium,medium,medium,high,low,medium,high,medium,medium,medium,low,low,low,low,low,low,low,low,medium,low,low,low,low,high,medium,high,medium,medium,medium,low
215,low,high,high,medium,medium,high,low,high,medium,high,low,low,high,medium,high,low,high,high,low,low,low,low,high,high,high,high,medium,high,high,low,high,high,medium,low,low,low,low,low,low,medium,low,low,low,low,low,low,low,medium,medium,low,medium,medium,low,high,high,high,medium,high,low,medium,low,low,low,low,medium,low,low,high,low,high,high,low,low,low,low,medium,medium,high,low,low,low,low,low,low,low,low,low,low,low,low,medium,low,low,medium,medium,high,high,high,high,low
216,low,high,medium,medium,medium,low,high,high,medium,medium,medium,low,high,low,low,low,low,medium,medium,medium,high,medium,low,medium,medium,high,medium,low,medium,medium,low,high,high,low,low,medium,low,low,low,low,low,low,low,medium,medium,low,medium,low,low,high,high,low,low,medium,high,high,high,medium,low,low,low,medium,medium,low,high,low,low,low,high,low,low,low,low,medium,low,low,high,medium,low,medium,low,low,low,low,low,low,low,low,low,low,low,low,low,high,medium,medium,medium,low,low,low
217,medium,low,low,high,high,medium,high,high,low,low,medium,low,medium,low,low,low,high,low,low,low,low,low,medium,high,medium,high,high,high,high,low,medium,high,high,low,medium,low,low,low,low,low,low,medium,medium,medium,medium,medium,high,low,low,medium,medium,high,low,medium,high,high,high,medium,low,low,medium,medium,medium,low,low,low,low,high,high,high,high,low,low,low,low,low,medium,low,high,high,low,medium,low,medium,low,low,low,medium,medium,low,low,medium,low,high,high,low,low,medium,medium,medium
218,high,low,low,high,high,low,medium,medium,low,low,high,high,low,medium,medium,low,low,high,high,high,high,medium,low,low,low,low,low,low,low,medium,low,high,high,low,low,high,low,medium,medium,low,low,low,low,low,low,low,low,medium,low,low,low,medium,low,high,medium,medium,medium,medium,medium,medium,low,low,low,low,medium,medium,medium,medium,low,medium,medium,medium,medium,medium,low,low,medium,low,medium,high,low,low,low,low,low,low,low,medium,high,low,medium,low,low,medium,high,medium,high,high,high,low
219,medium,low,low,high,medium,medium,high,medium,low,low,medium,low,medium,medium,medium,low,low,high,high,high,high,medium,low,low,low,low,low,low,low,low,low,high,high,medium,low,medium,low,low,medium,medium,medium,low,low,medium,medium,low,low,medium,medium,medium,medium,medium,low,high,medium,medium,high,medium,medium,low,low,low,low,low,medium,low,low,medium,medium,high,high,low,low,low,medium,low,low,low,high,high,medium,low,medium,low,low,low,medium,medium,medium,low,medium,low,low,medium,medium,low,medium,medium,medium,low
220,low,low,medium,medium,medium,medium,medium,medium,low,high,medium,low,high,medium,low,high,medium,high,high,medium,high,high,medium,high,medium,medium,low,medium,low,high,medium,low,medium,low,low,medium,medium,medium,low,low,low,low,low,low,low,low,medium,low,low,medium,medium,medium,low,high,high,medium,low,low,medium,low,medium,low,low,low,medium,medium,medium,high,low,low,low,medium,medium,high,medium,low,low,low,high,high,low,medium,low,medium,low,low,low,low,low,low,low,medium,low,low,medium,high,high,high,high,low
221,low,high,high,high,medium,low,low,medium,high,low,low,low,high,high,high,medium,high,high,medium,medium,medium,low,high,high,medium,low,low,high,medium,low,high,medium,low,low,low,high,medium,low,low,low,low,low,low,low,low,low,low,low,low,low,low,medium,low,high,high,high,high,medium,low,low,low,low,low,low,medium,low,low,medium,low,medium,medium,medium,medium,high,low,low,medium,medium,medium,medium,low,low,low,low,low,low,low,low,low,low,low,low,low,medium,medium,medium,high,medium,medium,low
222,medium,low,low,high,medium,high,medium,low,low,medium,low,low,high,medium,medium,medium,high,low,medium,medium,low,low,high,medium,medium,high,high,high,medium,low,high,medium,low,low,high,low,low,low,low,low,low,low,medium,high,high,high,high,low,medium,high,high,medium,high,low,medium,medium,high,medium,low,high,medium,high,high,high,medium,low,low,low,high,low,low,low,low,medium,high,low,low,low,high,high,medium,high,medium,high,medium,high,low,medium,medium,low,low,medium,medium,low,medium,high,low,low,low,high
223,medium,low,low,low,high,high,high,high,low,medium,medium,low,medium,low,low,low,medium,medium,high,medium,high,low,medium,low,low,low,medium,medium,high,low,medium,high,medium,low,medium,high,high,high,medium,low,medium,low,medium,medium,medium,medium,medium,low,medium,medium,medium,low,medium,medium,high,high,medium,low,low,medium,high,medium,medium,medium,high,low,low,medium,medium,high,high,low,low,low,medium,medium,medium,low,medium,medium,medium,medium,medium,medium,medium,medium,low,medium,medium,low,low,medium,low,medium,medium,medium,medium,medium,high,low
224,high,medium,medium,low,low,low,low,low,high,low,high,high,medium,high,medium,high,high,low,low,low,low,low,high,high,high,high,high,high,high,low,high,medium,low,low,medium,low,low,low,low,low,medium,medium,medium,low,low,medium,medium,medium,medium,low,low,high,medium,high,medium,medium,medium,medium,medium,high,medium,low,low,medium,low,medium,medium,medium,low,high,high,low,low,low,medium,medium,medium,high,high,high,medium,low,medium,low,medium,medium,medium,high,high,low,low,medium,medium,medium,high,high,low,medium,medium,medium
225,high,medium,medium,high,high,high,medium,medium,medium,high,high,medium,low,high,high,medium,high,medium,medium,low,low,low,high,high,high,medium,medium,high,high,low,high,medium,low,medium,medium,medium,medium,medium,medium,medium,medium,medium,medium,low,low,medium,low,medium,medium,low,low,high,medium,high,medium,medium,medium,high,medium,medium,medium,medium,low,medium,low,medium,medium,medium,low,low,low,low,low,low,medium,low,medium,low,high,high,low,medium,low,medium,low,low,medium,high,high,low,low,low,low,medium,high,high,medium,medium,medium,low
226,medium,high,high,low,low,low,high,medium,high,low,medium,low,medium,medium,low,low,high,low,low,low,low,low,high,high,high,high,high,high,high,low,high,high,medium,high,medium,high,medium,high,high,high,high,high,medium,medium,medium,medium,low,high,medium,low,low,high,medium,medium,low,low,low,high,high,medium,high,medium,medium,medium,low,high,high,medium,low,low,low,low,low,low,high,medium,low,medium,high,high,medium,medium,medium,medium,medium,medium,high,medium,medium,medium,medium,medium,medium,low,high,high,high,medium,medium,low
227,low,high,high,medium,low,low,low,high,high,low,high,high,low,low,medium,high,high,low,low,low,medium,high,high,high,high,medium,medium,high,medium,high,high,low,low,high,high,high,high,high,high,high,high,high,high,high,high,high,high,high,high,high,high,medium,high,low,low,low,low,low,high,high,high,high,high,high,high,high,high,low,high,medium,medium,low,low,low,high,high,high,high,low,low,high,medium,high,medium,high,high,high,low,low,high,high,high,high,medium,medium,low,low,low,low,high
228,low,high,high,medium,medium,low,medium,high,high,low,low,medium,medium,medium,medium,low,low,medium,medium,medium,high,low,low,low,low,low,low,low,medium,low,low,high,high,medium,medium,high,high,high,high,high,medium,medium,medium,low,low,medium,low,medium,medium,low,low,medium,medium,high,medium,medium,medium,low,low,medium,high,medium,medium,medium,high,medium,medium,high,low,high,high,low,low,low,medium,medium,medium,high,low,low,medium,medium,medium,medium,medium,medium,medium,low,low,medium,medium,medium,medium,medium,low,high,low,medium,medium,medium
229,low,high,high,low,low,high,medium,high,high,medium,low,low,low,high,high,medium,high,medium,medium,medium,medium,medium,high,high,medium,medium,medium,high,medium,low,high,medium,low,medium,medium,low,medium,medium,medium,high,high,high,medium,medium,medium,medium,medium,high,high,medium,medium,low,medium,high,medium,low,low,low,medium,medium,high,medium,low,medium,high,high,high,high,low,high,high,low,low,low,high,medium,low,high,low,low,medium,medium,medium,medium,medium,medium,medium,medium,low,medium,medium,medium,medium,low,low,high,low,medium,medium,high
230,low,medium,medium,medium,medium,low,medium,medium,medium,low,high,medium,high,high,high,medium,medium,high,high,high,medium,medium,medium,high,high,high,medium,medium,medium,medium,medium,high,medium,medium,medium,high,medium,medium,medium,medium,medium,medium,low,medium,high,medium,medium,medium,medium,high,high,low,medium,low,high,medium,medium,high,medium,medium,medium,high,high,medium,high,medium,medium,low,high,high,high,low,low,low,high,low,low,medium,low,medium,medium,medium,medium,medium,medium,medium,medium,low,low,medium,medium,medium,medium,low,low,high,low,medium,medium,high
231,high,medium,medium,low,low,medium,low,high,high,high,medium,medium,medium,high,high,medium,high,medium,medium,high,medium,low,high,medium,medium,low,low,high,high,low,high,medium,low,medium,medium,low,medium,low,medium,medium,medium,low,medium,medium,medium,medium,medium,medium,medium,medium,medium,medium,low,medium,medium,medium,high,medium,medium,medium,low,low,medium,low,medium,medium,low,low,medium,medium,medium,low,low,low,medium,low,low,medium,medium,medium,medium,low,medium,low,low,medium,medium,high,high,medium,low,medium,medium,low,medium,low,medium,medium,medium,low
232,low,medium,low,high,low,low,medium,low,low,high,high,high,medium,low,low,low,medium,medium,low,low,low,medium,medium,low,high,medium,medium,medium,high,medium,medium,high,medium,high,high,low,medium,high,high,high,high,high,high,high,high,high,high,high,high,high,high,high,high,low,low,low,low,high,high,high,high,high,high,high,medium,high,high,low,high,low,low,medium,medium,medium,medium,high,high,medium,high,high,high,high,high,high,high,high,high,medium,low,high,high,high,high,high,medium,high,low,low,medium,high
233,high,medium,medium,medium,medium,medium,medium,medium,medium,medium,high,medium,high,low,medium,low,high,high,medium,low,low,low,high,high,high,medium,medium,high,high,low,high,high,low,medium,medium,low,low,medium,high,high,high,medium,medium,medium,medium,medium,low,high,high,low,low,low,medium,medium,medium,medium,low,high,high,medium,medium,low,low,medium,high,high,high,medium,low,high,high,medium,medium,medium,medium,medium,medium,medium,low,medium,medium,medium,medium,medium,medium,medium,medium,high,high,medium,medium,medium,medium,medium,low,low,medium,medium,medium,low
234,low,medium,medium,medium,high,high,high,low,low,low,high,medium,low,low,low,high,high,high,low,low,low,high,high,high,high,high,medium,high,medium,high,high,low,low,high,medium,high,high,high,medium,high,high,high,high,medium,medium,medium,medium,high,high,low,low,high,medium,medium,medium,low,medium,high,high,medium,high,medium,medium,medium,low,high,high,high,low,high,high,low,low,low,medium,high,high,medium,high,high,medium,medium,medium,medium,medium,medium,high,low,low,medium,high,medium,medium,high,high,high,low,medium,high,high
235,high,medium,medium,low,medium,medium,low,medium,medium,medium,high,high,low,medium,low,medium,medium,medium,low,low,medium,medium,high,medium,medium,low,medium,medium,medium,high,high,medium,low,high,high,low,medium,medium,medium,medium,medium,high,high,high,high,high,high,medium,medium,high,high,high,high,low,medium,low,low,high,high,high,high,high,high,high,low,high,high,low,high,medium,medium,medium,medium,high,medium,high,high,low,high,high,high,medium,high,medium,high,high,high,high,high,high,medium,high,high,high,high,low,low,low,low,high
236,high,high,medium,medium,high,medium,low,high,medium,low,medium,high,low,medium,medium,high,medium,low,low,low,low,medium,medium,medium,medium,high,high,medium,medium,medium,medium,low,low,high,medium,high,high,high,high,high,high,high,high,medium,medium,medium,medium,high,high,medium,medium,high,high,medium,low,low,medium,high,high,high,high,medium,medium,high,low,high,high,high,low,high,high,low,low,low,medium,high,high,low,high,high,high,medium,high,medium,medium,medium,high,high,high,high,high,medium,medium,high,high,low,medium,high,high,low
237,low,high,medium,medium,medium,high,high,low,medium,medium,high,low,low,low,high,medium,medium,high,medium,medium,low,medium,low,high,high,medium,medium,medium,medium,medium,medium,medium,medium,high,medium,high,high,high,high,high,high,high,high,medium,medium,medium,low,high,high,low,low,high,high,medium,low,low,low,low,high,high,high,medium,medium,high,low,high,high,medium,low,low,low,high,medium,high,high,high,high,medium,high,medium,high,medium,high,medium,high,high,high,low,low,high,high,medium,high,high,high,low,high,medium,high,low
238,high,high,high,medium,medium,high,medium,high,high,medium,medium,medium,low,medium,medium,low,high,low,low,low,low,low,low,high,high,high,high,high,high,low,medium,high,high,high,high,high,medium,high,medium,high,high,high,high,high,high,high,high,high,high,high,high,low,high,low,low,low,low,high,high,high,high,high,high,high,low,high,high,low,high,high,high,high,medium,high,high,high,medium,high,low,low,high,high,high,high,high,high,high,high,high,high,high,high,high,low,low,low,low,low,low,high
239,high,high,medium,high,low,medium,medium,medium,low,low,medium,high,high,high,medium,low,high,low,low,low,low,low,high,medium,low,medium,high,high,high,low,high,high,medium,high,high,high,high,high,high,high,high,high,high,high,high,high,medium,high,high,medium,high,high,high,low,low,low,low,high,high,high,high,high,high,high,medium,high,high,high,medium,high,high,high,medium,high,high,high,high,low,high,high,medium,high,medium,high,high,high,high,high,high,high,high,high,high,medium,high,medium,low,medium,medium,medium
240,high,low,low,low,high,medium,low,low,low,medium,low,high,high,high,medium,high,medium,medium,low,low,high,medium,medium,medium,medium,low,low,medium,low,medium,medium,medium,medium,high,high,medium,low,low,low,high,high,high,high,medium,medium,high,medium,high,high,low,low,high,medium,medium,low,low,low,low,high,high,high,medium,medium,medium,low,high,high,high,low,high,high,high,medium,high,low,high,high,low,high,high,high,medium,high,medium,high,high,high,high,high,high,high,high,high,high,high,high,low,medium,medium,medium
241,low,low,low,low,medium,high,low,low,low,medium,medium,high,low,high,medium,medium,high,low,low,low,low,low,high,high,high,high,high,high,high,low,high,medium,low,high,high,low,low,low,medium,high,high,high,high,medium,medium,high,medium,high,high,low,low,medium,high,medium,low,low,low,low,high,high,high,medium,medium,high,high,high,high,high,low,medium,medium,medium,medium,medium,high,high,low,medium,medium,medium,medium,high,medium,high,high,high,high,low,low,high,medium,high,high,low,low,medium,medium,high,high,low
242,high,medium,low,medium,medium,high,low,medium,low,high,high,high,high,low,low,low,high,high,medium,low,low,low,medium,high,medium,medium,medium,high,high,low,high,high,medium,medium,medium,medium,low,low,low,low,high,high,high,medium,medium,medium,medium,medium,high,low,low,high,high,medium,low,low,medium,medium,high,high,high,medium,medium,high,low,high,high,low,low,medium,medium,high,medium,high,medium,high,high,medium,high,high,medium,medium,medium,medium,medium,medium,medium,high,high,medium,medium,medium,medium,high,high,low,low,medium,medium,high
243,high,high,medium,high,high,high,high,medium,high,high,high,high,high,medium,high,low,medium,medium,low,low,low,low,low,low,low,low,low,medium,high,low,low,high,high,high,medium,medium,medium,medium,medium,high,high,high,medium,medium,medium,medium,medium,high,high,low,low,high,high,low,low,low,low,medium,high,high,high,high,high,high,medium,high,high,medium,low,low,low,high,medium,high,low,high,high,high,low,low,low,medium,low,medium,medium,medium,low,high,high,medium,medium,medium,medium,high,low,low,low,medium,medium,medium
244,low,low,low,high,high,high,high,medium,low,low,medium,low,low,low,low,low,low,low,low,low,low,medium,low,medium,medium,low,medium,low,medium,medium,low,high,high,low,medium,low,low,low,low,low,low,low,medium,medium,medium,medium,high,low,low,medium,medium,medium,medium,medium,medium,medium,high,medium,low,medium,medium,medium,medium,medium,medium,low,low,medium,medium,medium,medium,medium,medium,medium,medium,low,low,low,high,high,medium,low,medium,low,medium,medium,low,low,low,low,low,medium,medium,medium,medium,medium,low,low,low,medium
245,medium,high,medium,low,medium,medium,high,high,medium,low,medium,medium,medium,high,medium,medium,high,low,medium,medium,low,low,high,high,high,high,high,high,high,low,high,medium,low,medium,medium,medium,medium,low,medium,high,medium,medium,high,medium,medium,medium,medium,medium,medium,medium,medium,low,medium,medium,low,medium,medium,high,medium,medium,medium,medium,medium,medium,high,medium,medium,low,medium,medium,medium,low,low,low,medium,high,high,medium,low,low,medium,medium,medium,medium,medium,medium,medium,high,medium,medium,medium,medium,medium,high,low,low,medium,medium,high,low
246,high,medium,high,medium,low,low,medium,medium,high,low,medium,high,low,high,low,high,low,low,high,high,high,high,low,medium,low,medium,medium,low,low,high,low,medium,high,medium,medium,medium,high,medium,high,medium,high,medium,medium,medium,medium,medium,low,medium,medium,low,low,medium,medium,medium,medium,medium,low,high,high,medium,medium,low,low,medium,medium,high,high,medium,low,medium,medium,low,low,low,high,low,low,medium,medium,medium,medium,low,medium,low,medium,medium,medium,high,high,medium,medium,medium,medium,low,medium,low,medium,medium,medium,low
247,high,medium,low,high,high,low,high,low,medium,low,medium,medium,medium,high,high,low,high,low,medium,low,low,low,high,high,high,medium,medium,high,high,low,high,medium,low,medium,medium,medium,medium,high,high,high,high,high,medium,medium,medium,medium,low,high,medium,low,low,low,medium,high,medium,medium,low,low,medium,medium,medium,medium,low,medium,low,high,high,high,low,medium,medium,high,medium,high,high,medium,medium,low,low,medium,medium,high,medium,high,medium,medium,medium,high,high,medium,medium,medium,medium,medium,low,high,medium,high,high,low
248,medium,low,medium,low,medium,high,low,low,low,medium,high,high,high,medium,low,low,low,low,high,high,high,medium,low,low,low,low,medium,low,medium,medium,low,high,high,high,high,high,medium,medium,medium,medium,medium,high,high,high,high,high,high,medium,high,high,high,high,high,low,medium,medium,high,high,medium,high,high,high,high,high,high,medium,medium,low,high,low,low,low,low,medium,high,medium,low,medium,high,high,high,high,high,high,high,high,high,high,medium,high,high,high,high,low,low,medium,low,low,low,high
249,low,high,high,medium,medium,high,medium,high,high,low,high,medium,low,low,medium,low,low,medium,medium,high,high,medium,low,low,medium,medium,medium,low,medium,medium,low,high,high,medium,low,high,high,high,high,high,medium,medium,low,medium,medium,low,low,medium,medium,low,medium,high,medium,medium,high,medium,low,low,high,medium,medium,medium,medium,medium,low,high,high,medium,medium,high,high,high,medium,high,medium,medium,medium,high,medium,low,low,medium,low,medium,medium,medium,medium,low,low,medium,high,low,medium,medium,medium,medium,high,high,high,low
250,high,medium,medium,high,medium,medium,medium,high,medium,high,low,low,low,high,high,high,medium,low,high,high,high,high,high,high,high,high,high,medium,low,high,medium,low,low,medium,low,low,high,high,high,medium,medium,medium,medium,low,low,low,low,medium,medium,low,low,medium,medium,high,medium,medium,low,high,high,medium,low,low,low,medium,medium,high,high,medium,low,low,low,high,medium,high,high,low,low,low,medium,medium,medium,low,medium,low,medium,medium,medium,high,high,medium,medium,medium,medium,low,medium,medium,high,high,high,low
251,medium,high,medium,high,low,medium,medium,high,medium,low,low,low,medium,high,medium,high,high,high,high,high,high,medium,high,high,medium,low,low,high,medium,medium,high,medium,low,high,medium,high,high,high,high,high,high,high,medium,medium,medium,medium,low,medium,medium,low,low,high,medium,high,low,low,low,high,high,high,high,medium,medium,medium,low,high,high,medium,low,low,low,high,medium,high,high,high,high,high,high,medium,medium,medium,medium,medium,medium,medium,high,medium,medium,high,high,medium,medium,medium,high,low,high,high,high,low
252,low,high,high,high,high,high,low,high,medium,low,low,low,low,low,high,medium,low,high,high,high,high,high,low,low,low,medium,low,low,low,high,low,medium,high,low,medium,medium,medium,medium,low,medium,medium,low,medium,medium,medium,medium,medium,medium,medium,medium,medium,low,low,medium,high,high,high,medium,low,low,low,medium,medium,low,high,low,low,high,high,low,low,low,low,medium,low,medium,high,high,low,low,medium,medium,medium,medium,medium,medium,low,low,low,medium,low,medium,medium,high,medium,high,medium,medium,high,low
253,low,low,medium,high,low,medium,medium,low,low,medium,medium,high,medium,medium,high,medium,low,low,low,medium,high,high,low,low,medium,high,high,low,low,high,low,medium,high,high,high,high,high,high,high,high,medium,high,high,high,high,high,high,medium,medium,high,high,medium,high,low,low,medium,low,high,high,medium,high,high,high,high,high,high,high,high,high,low,low,medium,medium,high,high,medium,low,medium,medium,medium,high,high,high,high,high,high,high,low,low,high,high,high,high,medium,low,low,low,low,low,high
254,medium,medium,medium,high,low,medium,medium,low,medium,medium,medium,high,high,medium,medium,high,low,high,high,medium,high,medium,medium,medium,low,medium,medium,low,low,high,low,low,medium,low,low,low,low,low,low,low,low,low,low,low,low,low,medium,low,low,medium,medium,high,low,high,high,high,medium,medium,medium,medium,low,low,low,low,low,medium,medium,high,low,medium,medium,low,low,low,low,low,medium,low,high,high,medium,low,medium,low,low,low,low,low,medium,low,low,low,low,high,high,high,medium,medium,medium,low
255,low,medium,low,high,high,low,medium,low,medium,low,low,low,low,high,low,high,high,low,low,low,high,high,high,high,high,high,high,high,low,high,medium,low,low,high,high,medium,high,high,medium,high,high,high,high,high,high,high,high,high,high,high,high,high,high,low,low,low,low,high,high,high,high,high,high,high,high,high,high,low,high,medium,medium,low,low,low,medium,high,high,low,high,high,high,high,high,high,high,high,high,medium,low,high,high,high,high,high,low,medium,low,low,low,high
256,low,medium,medium,high,medium,medium,medium,low,medium,low,medium,medium,medium,high,high,medium,medium,medium,medium,medium,medium,low,medium,medium,high,medium,medium,medium,medium,low,medium,medium,low,high,medium,high,high,high,high,high,high,high,high,medium,medium,medium,low,medium,medium,low,low,high,medium,high,medium,low,low,medium,medium,high,medium,medium,low,medium,medium,medium,medium,medium,low,medium,medium,low,low,low,high,high,medium,medium,high,medium,low,high,low,high,medium,medium,high,low,low,high,high,medium,medium,medium,medium,medium,high,high,high,low
257,medium,low,low,low,low,low,low,low,low,medium,low,low,high,high,low,medium,medium,high,medium,low,low,medium,medium,high,medium,medium,medium,medium,medium,medium,medium,medium,medium,low,low,low,low,low,low,low,low,low,low,low,low,low,medium,medium,medium,low,low,high,medium,medium,medium,high,medium,high,medium,medium,low,medium,medium,medium,low,medium,medium,low,medium,low,low,high,medium,high,low,medium,high,low,high,high,low,low,low,low,low,low,low,medium,medium,low,low,low,low,high,high,medium,medium,medium,medium,low
258,medium,high,medium,low,low,low,low,medium,high,medium,high,medium,high,high,low,medium,medium,high,medium,high,medium,low,medium,low,low,low,low,medium,medium,low,medium,medium,low,medium,medium,medium,medium,low,low,medium,medium,medium,low,low,low,medium,low,high,high,low,low,high,low,high,high,medium,medium,high,low,medium,low,low,low,low,low,medium,medium,high,low,high,high,medium,medium,medium,medium,medium,medium,high,high,medium,medium,medium,medium,medium,medium,medium,medium,medium,medium,medium,low,low,medium,high,high,high,medium,high,high,low
259,medium,medium,low,high,low,low,medium,medium,low,medium,medium,medium,low,medium,low,low,medium,high,high,high,medium,low,low,low,low,low,low,medium,high,low,medium,high,high,medium,medium,high,high,high,high,medium,medium,medium,medium,medium,medium,medium,low,low,low,medium,medium,high,medium,high,medium,medium,medium,high,low,medium,medium,medium,low,medium,low,medium,low,high,low,medium,medium,high,medium,high,low,high,high,medium,high,high,medium,medium,medium,medium,medium,medium,medium,medium,medium,medium,medium,medium,medium,high,high,high,high,high,high,low
260,high,medium,medium,high,high,low,medium,low,medium,high,high,medium,high,low,low,high,low,high,high,high,high,high,low,low,low,medium,low,low,low,medium,low,medium,high,low,low,high,medium,high,high,medium,low,low,low,medium,low,low,low,low,low,medium,medium,medium,low,medium,high,high,medium,low,low,low,low,medium,medium,low,medium,medium,medium,high,medium,medium,medium,high,medium,high,medium,low,low,medium,medium,medium,medium,low,medium,low,medium,medium,low,high,high,low,medium,low,low,low,medium,high,medium,medium,medium,low
261,medium,high,high,medium,high,high,high,low,high,high,medium,low,medium,low,medium,low,medium,low,medium,low,low,low,low,low,medium,medium,medium,medium,high,low,medium,high,high,medium,medium,medium,low,medium,high,high,medium,medium,medium,medium,medium,medium,low,medium,medium,medium,medium,low,medium,medium,medium,medium,medium,low,medium,medium,medium,medium,medium,medium,high,medium,medium,high,low,low,low,medium,medium,high,medium,medium,medium,high,low,low,medium,medium,medium,medium,medium,medium,medium,medium,medium,medium,medium,medium,medium,medium,low,high,high,high,high,low
262,high,high,high,low,low,low,low,high,high,medium,low,high,medium,medium,high,medium,low,high,high,high,high,medium,low,medium,low,low,low,low,medium,medium,low,medium,medium,medium,medium,medium,medium,medium,low,low,medium,high,medium,medium,medium,medium,medium,low,medium,medium,medium,medium,low,medium,high,high,high,medium,low,low,low,medium,medium,low,medium,low,low,low,high,low,low,low,low,low,low,high,high,high,low,low,high,medium,high,medium,medium,medium,low,high,high,medium,low,medium,medium,high,medium,high,low,medium,medium,medium
263,medium,low,medium,medium,high,high,low,low,medium,medium,high,high,high,medium,medium,medium,high,medium,low,low,low,medium,high,medium,high,high,high,high,medium,high,high,low,low,high,high,medium,high,high,medium,high,high,high,high,high,high,high,high,high,high,high,high,medium,high,low,low,medium,low,low,high,high,medium,high,high,high,high,high,high,low,high,low,low,medium,medium,medium,high,medium,low,medium,medium,medium,medium,high,medium,high,high,high,high,medium,medium,high,high,high,high,low,low,low,low,medium,medium,high
264,low,low,low,medium,high,high,high,high,low,medium,high,medium,high,low,high,low,medium,medium,low,low,low,low,low,medium,high,high,high,medium,high,low,low,high,high,medium,high,medium,low,low,medium,medium,medium,high,high,high,high,high,high,medium,medium,high,high,medium,high,low,low,medium,low,high,high,high,medium,high,high,high,high,high,high,medium,high,high,high,high,medium,high,medium,high,high,low,medium,medium,medium,high,medium,high,high,high,medium,low,low,medium,medium,high,high,medium,low,low,low,low,low,high
265,low,medium,high,high,high,high,low,low,medium,high,low,medium,low,low,high,low,medium,low,low,low,low,medium,low,high,medium,medium,medium,medium,high,medium,low,high,high,medium,medium,low,low,low,low,medium,medium,medium,medium,medium,medium,medium,medium,medium,high,low,low,low,medium,medium,medium,medium,low,low,low,high,medium,medium,medium,medium,high,medium,medium,high,medium,low,low,high,medium,high,high,low,low,medium,low,low,medium,low,medium,low,medium,medium,medium,low,low,medium,low,medium,medium,low,low,medium,medium,medium,medium,low
266,low,high,high,high,medium,medium,high,low,high,medium,high,high,medium,medium,medium,low,high,medium,medium,low,low,low,high,high,high,high,high,high,high,low,high,high,medium,medium,low,low,medium,medium,high,medium,medium,medium,low,low,low,low,low,medium,medium,low,low,medium,medium,high,medium,low,low,high,high,medium,medium,low,low,medium,medium,high,high,medium,low,low,low,low,low,low,medium,medium,medium,high,low,low,low,medium,low,medium,low,medium,medium,low,low,medium,medium,low,medium,medium,medium,low,medium,high,high,low
267,high,high,high,medium,low,medium,medium,high,high,high,medium,medium,low,high,low,medium,medium,high,medium,medium,medium,high,medium,medium,high,high,medium,medium,medium,high,medium,high,high,low,low,medium,low,low,low,low,low,medium,low,low,low,low,medium,low,low,medium,low,high,low,high,high,high,high,low,low,low,low,low,low,low,low,low,low,high,medium,medium,medium,high,medium,high,low,low,medium,high,medium,low,medium,low,medium,low,low,low,low,high,high,low,low,low,low,medium,high,medium,high,high,high,low
268,high,high,high,low,medium,high,medium,medium,medium,low,low,low,low,medium,low,high,high,high,high,medium,medium,high,high,high,high,medium,medium,high,medium,high,high,low,low,low,low,low,low,medium,medium,low,low,low,low,low,low,low,medium,low,low,medium,medium,medium,low,high,high,high,high,medium,low,low,low,low,low,low,medium,low,low,medium,medium,low,low,medium,medium,high,low,low,medium,high,low,low,medium,low,medium,low,low,low,low,high,high,low,low,low,low,low,medium,low,medium,medium,medium,low
269,high,high,medium,medium,medium,medium,high,high,medium,medium,medium,low,medium,low,medium,high,medium,high,high,high,high,high,high,medium,low,low,low,medium,low,high,medium,low,medium,medium,low,medium,high,medium,medium,high,medium,low,medium,low,low,low,low,high,medium,low,low,medium,low,high,medium,medium,low,low,high,medium,low,low,low,low,medium,high,high,high,low,low,low,medium,medium,medium,medium,medium,high,high,medium,medium,medium,low,medium,low,medium,medium,medium,high,high,medium,medium,medium,medium,high,medium,high,medium,high,high,low
270,medium,high,medium,high,high,high,low,low,low,high,high,high,high,low,high,medium,medium,medium,high,high,medium,medium,high,low,low,low,low,medium,medium,medium,high,medium,medium,medium,medium,low,low,low,medium,medium,medium,medium,medium,medium,medium,medium,medium,medium,medium,medium,medium,low,medium,medium,medium,medium,medium,low,medium,medium,medium,low,medium,medium,high,medium,medium,low,medium,low,low,medium,medium,medium,low,medium,high,medium,low,low,medium,medium,medium,medium,medium,medium,medium,medium,medium,medium,medium,medium,medium,medium,low,low,low,medium,high,medium
271,high,medium,high,low,low,medium,low,low,high,high,low,low,low,high,medium,medium,high,high,medium,medium,medium,medium,medium,low,medium,low,low,high,medium,medium,medium,low,low,high,high,high,medium,medium,high,high,high,high,high,high,high,high,high,high,high,high,high,medium,high,low,low,low,low,low,high,high,high,high,high,high,high,high,high,high,high,medium,medium,low,low,low,high,medium,low,high,low,low,high,high,high,high,high,high,high,high,high,high,high,high,high,low,low,medium,low,low,low,high
272,high,high,medium,medium,medium,medium,medium,low,low,high,high,high,medium,medium,high,high,medium,high,medium,medium,medium,high,high,medium,low,low,low,medium,low,high,high,low,low,low,medium,high,high,medium,low,low,low,low,medium,medium,medium,medium,medium,low,low,high,high,low,medium,medium,medium,high,medium,low,low,low,medium,medium,medium,medium,low,low,low,low,medium,low,low,low,low,low,medium,low,low,low,medium,medium,low,medium,low,medium,medium,medium,low,high,high,low,low,medium,low,low,medium,medium,medium,low,low,low
273,high,high,high,high,medium,low,high,high,high,medium,low,low,low,medium,low,low,medium,medium,low,low,low,medium,low,medium,low,medium,medium,medium,high,medium,medium,high,high,medium,medium,low,low,low,low,medium,medium,medium,medium,low,low,medium,medium,high,high,low,low,high,medium,high,medium,medium,medium,low,medium,medium,medium,medium,medium,medium,low,medium,medium,medium,low,medium,medium,medium,medium,high,medium,low,low,high,low,low,medium,medium,medium,medium,medium,medium,medium,high,high,medium,low,low,medium,medium,high,medium,medium,medium,medium,low
274,low,medium,low,low,low,low,low,low,medium,low,high,high,medium,medium,low,low,low,low,high,high,high,high,low,low,low,high,high,low,low,medium,low,high,high,high,high,low,high,high,high,medium,medium,medium,high,high,high,high,high,low,low,high,high,high,high,low,medium,medium,high,high,medium,high,high,high,high,high,low,medium,medium,high,high,low,low,low,low,medium,medium,high,high,medium,high,high,high,high,high,high,high,high,high,low,low,high,high,high,high,high,high,high,low,low,low,high
275,medium,medium,medium,high,high,low,medium,high,medium,medium,medium,medium,medium,medium,medium,low,low,low,medium,medium,medium,high,low,medium,low,medium,high,low,medium,medium,low,high,high,medium,low,medium,high,high,high,medium,medium,low,medium,low,low,low,low,medium,low,low,low,medium,medium,medium,medium,medium,medium,medium,medium,medium,medium,low,low,medium,medium,medium,medium,medium,low,high,high,medium,medium,medium,medium,medium,medium,low,medium,high,low,medium,low,medium,low,low,medium,medium,medium,medium,medium,low,low,medium,high,medium,medium,high,high,low
276,medium,low,low,medium,medium,low,low,low,low,high,high,high,low,medium,high,medium,high,medium,low,low,medium,low,high,medium,high,medium,medium,high,high,low,high,medium,low,high,high,high,high,high,high,high,high,high,high,high,high,high,high,high,high,high,high,low,high,low,low,low,low,high,high,high,high,high,high,high,high,high,high,low,high,medium,medium,low,low,low,high,high,low,medium,medium,medium,high,high,high,high,high,high,high,high,medium,high,high,high,high,low,low,medium,low,low,low,high
277,medium,low,low,medium,medium,medium,medium,low,low,medium,medium,low,high,high,high,medium,low,high,medium,high,high,medium,medium,low,medium,medium,medium,low,low,medium,low,medium,medium,high,high,high,high,high,high,high,high,high,high,high,high,high,medium,high,high,medium,high,medium,high,low,low,low,low,medium,high,high,high,high,high,high,high,high,high,medium,high,low,low,medium,medium,medium,high,high,medium,medium,medium,medium,high,high,high,high,high,high,high,medium,medium,high,high,high,high,high,low,high,low,low,low,high
278,high,low,low,medium,high,high,medium,medium,low,medium,medium,high,high,low,low,high,high,high,high,medium,low,high,high,medium,low,low,low,high,medium,high,high,low,low,medium,low,low,low,low,low,medium,medium,medium,low,low,low,low,medium,high,medium,low,low,high,medium,high,medium,medium,medium,low,medium,medium,medium,medium,low,medium,low,medium,medium,high,low,low,low,high,medium,high,medium,low,medium,medium,high,high,low,medium,low,medium,low,low,medium,high,high,low,medium,low,low,medium,high,high,high,high,high,low
279,high,medium,medium,low,high,high,high,high,medium,medium,high,low,medium,low,low,low,low,medium,high,medium,medium,medium,low,low,low,high,medium,low,medium,medium,low,high,high,low,low,low,low,low,low,low,low,low,low,medium,medium,low,high,low,low,high,high,low,low,medium,high,high,high,medium,low,low,low,medium,medium,low,high,low,low,high,high,medium,medium,low,low,low,low,low,medium,low,low,medium,low,low,low,low,low,low,low,medium,high,low,low,low,low,medium,medium,high,medium,low,low,low
280,high,medium,low,low,low,medium,medium,low,low,medium,medium,medium,medium,low,medium,medium,high,medium,low,low,low,medium,medium,high,high,medium,medium,high,medium,high,high,medium,medium,low,low,low,low,low,low,low,low,low,low,low,low,low,medium,low,low,medium,medium,high,low,high,high,high,high,medium,low,low,low,low,low,low,low,low,low,medium,medium,low,low,low,low,low,low,medium,high,low,high,high,low,low,low,low,low,low,low,medium,high,low,low,low,low,high,high,low,low,medium,medium,medium
281,medium,low,low,medium,high,medium,medium,medium,low,low,low,medium,medium,high,high,medium,low,high,medium,high,high,medium,medium,medium,medium,low,low,low,low,medium,low,medium,medium,low,medium,medium,low,low,low,low,medium,medium,medium,low,low,medium,medium,low,high,low,low,low,low,high,medium,medium,high,low,low,medium,medium,low,low,low,high,low,low,low,low,medium,medium,high,medium,high,low,medium,high,low,medium,medium,high,low,high,low,medium,medium,low,medium,medium,low,low,medium,medium,high,medium,low,high,high,medium,low
282,medium,medium,low,low,medium,low,low,high,low,low,medium,high,high,high,high,medium,low,low,medium,high,high,high,low,medium,medium,medium,medium,low,low,high,low,medium,high,medium,medium,low,low,low,medium,medium,medium,high,medium,medium,medium,medium,medium,high,medium,low,low,high,medium,medium,medium,medium,medium,high,medium,low,medium,medium,medium,medium,medium,medium,medium,medium,medium,low,low,high,medium,high,low,high,high,medium,high,medium,medium,medium,medium,medium,medium,medium,medium,medium,medium,medium,medium,medium,medium,high,medium,medium,medium,high,high,low
283,high,high,high,medium,medium,medium,high,medium,medium,low,medium,low,medium,medium,medium,high,low,medium,high,high,high,high,medium,low,low,low,low,low,low,high,medium,low,medium,low,medium,low,low,low,low,low,low,low,low,medium,medium,medium,medium,medium,low,high,high,low,medium,medium,medium,high,high,medium,medium,low,low,medium,medium,medium,high,low,low,low,high,medium,medium,high,medium,high,low,medium,high,medium,low,low,medium,low,medium,low,low,low,low,high,high,low,low,medium,low,high,medium,high,low,medium,medium,medium
284,medium,medium,medium,high,medium,medium,medium,low,low,high,medium,low,low,high,medium,low,medium,medium,low,low,low,low,medium,low,medium,medium,medium,medium,high,low,medium,high,high,high,high,medium,low,low,medium,high,high,high,medium,high,high,high,medium,high,high,high,high,medium,high,low,low,low,medium,high,high,high,high,high,high,high,medium,medium,medium,low,high,high,high,medium,medium,medium,high,medium,low,medium,medium,medium,medium,high,medium,high,high,high,high,medium,medium,medium,medium,medium,medium,low,low,low,high,low,low,low
285,high,low,low,low,medium,high,high,high,low,high,high,high,high,high,low,low,medium,medium,low,low,low,low,low,low,high,medium,medium,medium,high,medium,low,high,high,low,low,low,low,low,low,low,low,low,low,low,low,low,medium,low,low,medium,medium,low,low,high,high,high,high,high,low,low,low,low,low,low,high,low,low,medium,medium,medium,medium,high,medium,high,low,low,medium,low,medium,medium,low,low,low,low,low,low,low,medium,high,low,low,low,low,medium,medium,medium,low,medium,medium,medium
286,medium,high,high,high,medium,high,high,high,medium,medium,high,medium,high,high,high,low,medium,medium,medium,medium,medium,medium,high,medium,high,high,high,medium,high,medium,high,high,high,low,low,low,low,low,low,low,low,low,low,low,low,low,medium,low,low,medium,low,medium,low,high,high,high,high,medium,low,low,low,low,low,low,medium,low,low,high,medium,medium,medium,medium,medium,medium,low,low,medium,high,low,low,low,low,low,low,low,low,low,low,medium,low,low,low,low,medium,medium,high,medium,high,high,low
287,high,high,high,high,low,high,high,low,high,high,high,medium,low,low,medium,medium,medium,medium,high,high,medium,high,medium,medium,low,medium,medium,medium,low,high,medium,medium,medium,low,low,medium,medium,medium,low,low,low,low,low,low,low,low,low,low,low,low,low,medium,low,high,high,high,high,medium,low,low,low,low,low,low,medium,low,low,medium,medium,low,low,low,low,low,low,low,medium,medium,medium,medium,low,low,low,low,low,low,low,high,high,low,medium,low,low,medium,medium,medium,high,high,high,low
288,high,high,high,high,low,high,high,high,high,medium,high,high,high,high,medium,low,medium,high,medium,medium,low,medium,low,low,medium,low,low,medium,high,medium,low,high,high,medium,medium,high,high,high,high,high,high,medium,medium,medium,medium,medium,low,high,high,low,low,high,medium,medium,medium,medium,low,high,high,medium,medium,low,medium,medium,low,high,high,low,low,low,low,low,low,low,medium,medium,medium,high,medium,low,high,medium,high,medium,high,high,medium,high,high,high,high,high,high,medium,high,medium,high,high,medium,low
289,low,medium,medium,medium,low,low,high,medium,medium,low,high,medium,low,low,low,medium,high,low,low,medium,low,low,high,medium,medium,high,high,high,high,low,high,medium,low,low,medium,medium,medium,medium,medium,medium,low,low,medium,medium,medium,medium,medium,medium,low,medium,medium,high,medium,medium,high,high,high,high,medium,low,low,medium,medium,medium,low,low,low,low,high,medium,medium,low,low,low,low,medium,high,medium,high,medium,medium,medium,medium,medium,medium,medium,low,low,low,low,low,medium,low,high,high,high,low,medium,medium,high
290,medium,high,high,low,low,low,low,high,high,high,low,high,low,high,high,medium,high,high,high,medium,low,low,medium,medium,low,low,low,high,medium,low,high,medium,low,medium,high,medium,medium,medium,low,medium,low,low,high,high,high,high,high,medium,medium,high,high,medium,medium,low,high,high,high,high,medium,low,medium,medium,high,medium,medium,low,low,low,high,low,low,high,medium,high,high,low,low,high,low,low,high,medium,high,medium,high,high,medium,medium,medium,medium,low,high,high,low,medium,high,low,low,low,high
291,medium,medium,medium,high,high,low,high,low,medium,low,medium,low,medium,high,medium,high,medium,medium,high,high,high,high,medium,medium,medium,medium,medium,medium,low,high,medium,low,medium,high,medium,high,high,high,high,high,high,medium,medium,low,low,medium,low,high,medium,low,low,high,low,medium,high,medium,low,high,high,medium,medium,low,low,low,low,high,high,low,low,medium,medium,low,low,low,high,medium,medium,medium,high,high,high,low,high,low,medium,low,high,high,medium,medium,medium,medium,medium,high,high,low,high,high,high,low
292,high,medium,low,medium,medium,medium,medium,medium,low,low,high,medium,high,high,medium,high,medium,high,medium,high,high,high,high,high,high,medium,low,medium,low,high,medium,low,low,medium,medium,high,medium,medium,medium,high,high,high,medium,medium,medium,medium,medium,high,high,low,low,high,medium,high,medium,medium,medium,low,low,high,high,medium,medium,medium,low,medium,medium,high,low,high,high,high,medium,high,low,high,high,low,high,high,medium,high,medium,high,medium,high,medium,high,high,medium,medium,medium,medium,high,high,low,high,medium,medium,low
293,medium,medium,medium,low,medium,medium,low,medium,medium,medium,low,high,low,low,high,medium,low,medium,high,high,high,medium,low,low,medium,medium,medium,low,low,medium,low,high,high,medium,medium,high,high,high,medium,medium,medium,medium,low,medium,medium,medium,low,medium,medium,medium,medium,low,medium,high,medium,medium,low,low,medium,medium,medium,medium,medium,medium,high,high,high,high,medium,low,low,medium,medium,high,medium,medium,high,low,medium,medium,medium,low,medium,low,low,low,medium,medium,medium,medium,medium,medium,medium,medium,medium,medium,medium,high,high,low
294,low,medium,medium,low,medium,medium,high,medium,medium,high,high,high,medium,low,medium,low,high,low,low,low,medium,low,high,high,high,high,high,high,high,low,high,high,medium,medium,medium,high,high,high,high,high,medium,high,medium,medium,medium,medium,medium,medium,medium,medium,medium,high,medium,medium,medium,low,low,medium,high,high,medium,medium,medium,medium,medium,high,high,medium,medium,high,high,low,low,low,medium,high,medium,high,medium,medium,high,medium,high,medium,medium,medium,medium,low,low,medium,medium,medium,medium,medium,medium,high,medium,medium,high,low
295,medium,medium,low,medium,medium,low,medium,medium,medium,low,low,medium,high,medium,low,high,low,high,high,high,high,high,low,low,low,low,low,low,low,high,low,low,high,high,high,high,medium,high,medium,medium,high,high,high,high,high,high,high,high,high,high,high,high,high,low,medium,low,medium,medium,high,high,high,high,high,high,low,medium,high,high,high,medium,medium,low,low,low,high,high,high,medium,high,high,high,high,high,high,high,high,high,high,medium,high,medium,high,high,high,high,high,low,low,low,high
296,low,high,high,medium,medium,medium,high,low,high,low,medium,low,low,medium,high,low,low,high,medium,low,low,medium,low,medium,high,high,medium,low,medium,high,low,medium,high,high,medium,high,high,high,high,high,high,high,medium,medium,medium,medium,low,high,high,low,low,high,medium,medium,low,low,low,medium,high,high,high,medium,medium,medium,medium,high,high,medium,low,low,low,high,medium,high,high,high,medium,low,low,medium,medium,medium,medium,medium,medium,medium,high,low,low,high,high,low,medium,medium,high,high,high,high,high,low
297,high,high,high,medium,medium,high,medium,high,high,medium,medium,high,medium,medium,medium,medium,low,medium,high,high,high,medium,low,low,low,low,low,low,low,medium,low,medium,high,medium,low,high,medium,medium,medium,high,medium,medium,medium,low,low,low,low,medium,medium,low,low,medium,low,high,medium,medium,low,low,high,medium,low,medium,low,low,medium,medium,high,high,low,medium,medium,low,low,low,medium,medium,medium,medium,medium,medium,medium,medium,medium,medium,medium,medium,medium,high,high,medium,medium,medium,medium,medium,high,high,high,high,high,low
298,high,high,high,low,medium,high,medium,high,high,high,high,high,low,low,low,low,low,low,low,medium,medium,medium,low,low,medium,high,high,low,medium,medium,low,high,high,low,low,medium,medium,medium,medium,medium,medium,low,low,low,low,low,low,medium,medium,low,low,medium,low,high,medium,high,high,low,low,low,low,low,low,low,medium,low,low,medium,medium,low,low,low,low,low,medium,low,medium,high,low,low,medium,low,medium,low,low,low,low,high,high,low,low,low,low,medium,medium,high,high,medium,medium,low
299,low,low,low,medium,low,medium,medium,low,low,low,high,high,medium,low,medium,high,low,high,high,high,high,high,medium,low,low,low,low,low,low,high,medium,low,medium,high,high,low,low,low,medium,high,high,high,high,high,high,high,high,high,high,high,high,high,high,low,low,low,low,high,high,high,high,high,high,high,medium,high,high,high,high,low,low,high,medium,high,high,medium,low,low,high,high,high,high,high,high,high,high,high,low,low,high,high,high,high,low,low,medium,low,low,low,high
300,medium,high,medium,high,high,high,high,high,low,medium,medium,low,low,low,medium,high,medium,high,high,high,high,medium,medium,medium,low,medium,medium,medium,low,medium,medium,medium,low,high,high,high,high,high,medium,medium,medium,medium,high,high,high,high,high,low,medium,high,high,medium,high,low,low,medium,medium,low,medium,medium,high,high,high,high,high,medium,medium,low,high,low,low,medium,medium,medium,medium,high,high,high,low,low,high,high,high,high,high,high,high,high,medium,high,high,high,high,high,low,medium,low,low,low,high
301,medium,medium,high,low,high,high,medium,medium,medium,medium,high,high,low,medium,medium,medium,low,high,high,high,high,medium,low,low,low,low,low,low,low,medium,low,medium,medium,medium,low,high,high,medium,high,medium,medium,low,low,medium,medium,low,low,low,low,medium,medium,medium,low,high,high,high,medium,high,medium,low,low,low,low,low,medium,medium,medium,medium,low,high,high,low,low,low,medium,low,low,medium,medium,medium,low,medium,low,medium,low,low,medium,medium,medium,medium,medium,low,low,low,medium,medium,medium,high,high,low
302,high,low,low,low,low,medium,high,low,low,medium,high,medium,medium,high,low,high,low,high,high,high,high,medium,low,low,low,low,low,low,low,high,low,low,medium,low,medium,medium,low,low,low,low,low,medium,medium,medium,medium,medium,medium,low,medium,medium,medium,medium,low,high,medium,medium,high,medium,low,medium,low,medium,medium,low,medium,low,low,high,medium,low,low,low,low,medium,high,low,low,low,medium,medium,medium,medium,medium,medium,medium,medium,low,medium,high,low,low,medium,medium,low,medium,high,low,low,low,high
303,medium,low,low,medium,low,medium,high,high,low,low,high,high,high,high,medium,low,high,low,low,low,low,low,high,high,high,high,high,high,high,low,high,high,low,high,high,high,medium,medium,high,high,high,high,high,high,high,high,medium,high,high,medium,medium,low,high,medium,low,low,low,medium,high,high,high,high,high,high,high,high,high,high,medium,medium,medium,high,medium,high,high,high,low,medium,medium,medium,high,high,high,high,high,high,high,medium,medium,high,medium,high,high,low,low,high,high,medium,medium,low
304,medium,low,low,low,medium,low,low,low,low,medium,high,high,high,low,high,medium,medium,medium,high,high,medium,high,high,medium,low,medium,medium,medium,medium,high,high,medium,medium,high,high,high,high,high,medium,medium,high,high,high,high,high,high,high,medium,high,high,high,low,high,low,low,low,medium,low,medium,high,high,high,high,high,high,medium,medium,low,high,medium,medium,high,medium,high,high,high,low,medium,medium,medium,high,high,high,high,high,high,high,high,medium,high,high,high,high,low,low,low,low,low,low,high
305,high,medium,high,low,medium,high,low,medium,medium,high,high,high,low,medium,high,low,medium,low,medium,medium,medium,low,low,high,medium,high,high,medium,high,low,low,high,high,high,high,high,high,high,high,high,high,high,medium,high,high,high,medium,medium,high,high,high,high,high,low,low,low,low,high,high,high,high,high,high,high,low,high,high,low,high,medium,medium,medium,medium,high,high,high,low,high,high,high,medium,high,medium,high,high,high,high,high,high,high,high,high,high,medium,high,high,low,medium,medium,medium
306,medium,high,high,high,low,low,high,low,medium,high,medium,low,high,low,low,low,high,high,high,medium,low,low,medium,medium,low,low,low,high,high,low,high,high,medium,high,high,low,medium,medium,high,high,high,high,medium,high,high,high,high,high,high,high,high,low,high,low,low,low,low,low,high,high,high,high,high,high,low,high,high,low,high,medium,medium,low,low,low,high,high,medium,medium,low,low,medium,high,medium,high,high,high,high,medium,medium,high,medium,high,high,medium,medium,medium,low,medium,medium,medium
307,medium,medium,high,low,low,low,high,high,high,medium,high,low,high,high,medium,medium,low,high,high,high,high,high,low,low,low,low,low,low,low,medium,low,medium,high,medium,medium,low,medium,low,medium,high,medium,medium,medium,medium,medium,medium,low,medium,medium,low,medium,medium,low,medium,high,medium,low,high,high,medium,low,low,low,low,medium,high,high,low,low,low,low,medium,medium,high,high,low,low,high,low,low,medium,low,medium,low,low,medium,medium,medium,medium,medium,medium,low,medium,medium,low,low,high,high,high,low
308,medium,high,high,low,low,medium,low,high,high,low,high,high,medium,high,medium,medium,high,medium,high,medium,medium,low,medium,low,low,low,medium,high,high,low,medium,medium,low,medium,medium,low,low,medium,medium,high,medium,medium,low,medium,medium,medium,low,high,medium,low,medium,low,medium,medium,high,medium,medium,high,medium,low,low,medium,medium,medium,high,medium,medium,low,medium,high,high,low,low,low,medium,medium,medium,high,low,low,low,medium,low,medium,medium,medium,medium,medium,medium,medium,medium,medium,medium,low,low,high,medium,medium,medium,low
309,high,high,high,medium,medium,low,high,high,high,high,high,low,low,low,low,high,high,low,medium,high,medium,medium,high,medium,low,low,low,high,medium,medium,high,low,low,low,low,medium,medium,low,medium,medium,low,low,low,low,low,low,low,low,low,low,low,low,low,high,high,medium,medium,medium,medium,low,low,low,low,low,high,medium,medium,medium,medium,low,low,high,medium,high,low,medium,medium,high,low,low,low,low,low,low,low,low,low,high,high,low,medium,low,low,medium,medium,high,high,high,high,low
310,high,high,medium,low,medium,high,low,medium,high,high,high,high,medium,medium,medium,low,high,low,low,low,medium,low,medium,high,high,high,high,high,high,low,medium,high,high,high,medium,high,high,high,high,high,high,high,high,high,high,medium,low,high,high,medium,medium,high,high,medium,low,low,low,low,high,high,high,high,medium,high,low,high,high,high,medium,low,low,low,low,medium,high,high,high,high,high,high,medium,medium,medium,medium,medium,medium,high,high,high,high,high,medium,high,high,high,medium,high,high,high,low
311,high,low,low,high,high,medium,medium,low,low,high,high,medium,medium,low,low,medium,high,medium,low,low,medium,low,high,medium,high,low,medium,high,high,low,high,medium,low,medium,high,medium,medium,medium,low,medium,medium,medium,medium,high,high,high,high,medium,medium,high,high,low,high,low,low,low,medium,medium,medium,high,high,high,high,high,low,medium,medium,low,high,medium,medium,high,medium,high,low,high,high,low,medium,high,high,high,high,high,high,high,medium,high,high,medium,medium,high,high,high,high,low,low,low,low,high
312,medium,high,medium,low,high,medium,low,high,medium,low,high,high,low,medium,high,high,high,low,medium,medium,high,low,high,medium,high,high,high,high,medium,low,high,low,low,medium,medium,low,medium,medium,medium,medium,high,high,medium,medium,medium,medium,low,high,high,low,low,low,medium,medium,low,low,medium,high,medium,medium,medium,medium,medium,medium,high,medium,medium,medium,low,high,high,high,medium,high,medium,high,high,high,low,low,low,medium,low,medium,medium,medium,medium,medium,medium,medium,medium,medium,medium,high,low,high,high,high,high,low
313,medium,medium,medium,low,high,high,high,medium,low,medium,low,medium,medium,medium,high,low,medium,low,low,medium,low,medium,medium,medium,medium,medium,medium,medium,medium,medium,medium,medium,medium,medium,medium,low,low,low,medium,low,low,medium,medium,medium,medium,medium,medium,medium,low,medium,medium,low,medium,medium,medium,medium,medium,low,low,high,medium,medium,medium,medium,high,medium,medium,medium,medium,high,high,medium,medium,medium,medium,medium,medium,medium,medium,medium,medium,medium,medium,medium,medium,medium,medium,medium,medium,medium,low,medium,medium,medium,low,high,low,medium,medium,medium
314,medium,low,low,low,low,medium,medium,medium,low,low,low,high,high,high,high,low,high,low,low,low,low,low,high,high,high,medium,high,high,high,low,high,high,high,high,high,low,high,high,medium,high,high,high,high,high,high,high,high,high,high,high,high,medium,high,low,low,low,low,high,high,high,high,high,high,high,high,high,high,low,high,low,low,low,low,medium,high,high,high,medium,medium,medium,high,high,high,high,high,high,high,medium,medium,high,medium,high,high,medium,low,high,low,low,low,high
315,high,low,low,medium,high,high,low,low,low,high,medium,medium,high,low,medium,medium,medium,medium,low,low,medium,high,low,high,high,medium,medium,medium,medium,high,low,medium,medium,medium,low,medium,high,medium,medium,medium,medium,low,medium,low,low,low,low,medium,medium,low,low,medium,low,high,medium,medium,high,high,medium,medium,medium,low,low,low,medium,medium,medium,low,low,medium,medium,low,low,low,low,medium,high,low,medium,medium,low,medium,low,medium,low,low,medium,high,high,medium,medium,low,medium,high,medium,medium,medium,medium,medium,low
316,medium,medium,low,medium,high,low,medium,medium,medium,low,low,low,low,high,high,high,low,medium,low,medium,high,high,low,medium,medium,high,high,low,low,high,low,low,high,medium,medium,low,low,low,low,low,medium,medium,medium,low,low,medium,medium,medium,high,low,low,high,low,high,medium,medium,medium,medium,medium,medium,medium,low,low,low,low,medium,medium,medium,low,low,low,medium,medium,medium,low,medium,high,medium,high,high,medium,low,medium,low,medium,medium,medium,medium,medium,low,low,low,medium,high,high,high,high,medium,medium,low
317,medium,low,low,low,low,medium,low,medium,low,low,high,high,high,high,low,high,medium,high,high,high,high,high,medium,medium,medium,low,low,medium,low,high,medium,low,low,low,medium,low,low,low,low,low,low,low,medium,medium,high,medium,high,low,low,high,high,high,medium,low,high,high,high,medium,low,low,low,high,high,medium,medium,low,low,low,high,medium,medium,low,low,low,low,medium,high,low,high,high,medium,medium,medium,medium,medium,medium,low,medium,medium,low,low,medium,medium,high,high,medium,low,low,low,high
318,low,medium,low,low,medium,low,high,high,low,low,high,low,low,low,high,low,medium,low,low,low,low,low,low,medium,high,high,high,medium,high,low,low,high,high,high,high,high,high,high,high,high,high,high,high,high,high,high,high,medium,high,high,high,medium,high,low,low,low,medium,high,high,high,high,high,high,high,high,high,high,low,high,medium,medium,high,medium,high,high,high,high,medium,medium,medium,high,high,high,high,high,high,high,medium,low,high,high,high,high,high,low,high,low,low,low,high
319,high,high,medium,low,medium,medium,low,high,medium,medium,medium,high,medium,medium,medium,medium,medium,high,medium,low,medium,high,high,high,high,medium,low,medium,medium,high,high,medium,medium,low,low,high,medium,medium,medium,low,low,low,low,low,low,low,medium,low,low,medium,medium,medium,low,high,high,high,medium,low,high,low,low,low,low,low,medium,high,medium,medium,low,medium,medium,high,medium,high,low,medium,high,medium,medium,medium,low,medium,low,medium,low,low,low,medium,high,low,medium,medium,low,high,medium,low,low,medium,medium,medium
320,high,high,high,high,high,medium,high,medium,high,medium,high,low,medium,high,high,medium,medium,low,high,high,low,medium,medium,medium,medium,medium,high,medium,medium,medium,medium,high,high,low,low,medium,medium,medium,medium,medium,low,low,low,low,low,low,low,low,low,low,low,low,low,high,high,high,medium,low,medium,low,low,low,low,low,low,medium,medium,medium,low,high,high,medium,medium,medium,low,low,medium,medium,low,low,low,low,low,low,low,low,low,high,high,low,low,low,low,medium,medium,low,high,high,medium,low
321,low,low,low,low,low,medium,low,low,medium,low,low,high,high,low,medium,high,medium,low,low,low,medium,high,medium,high,high,high,high,medium,medium,high,medium,medium,medium,high,high,high,high,high,high,high,high,high,high,high,high,high,high,high,high,high,high,low,high,low,low,low,low,low,high,high,high,high,high,high,high,high,high,high,high,medium,medium,high,medium,high,high,medium,low,medium,medium,medium,high,high,high,high,high,high,high,high,low,high,high,high,high,low,low,medium,low,low,low,high
322,low,low,low,low,low,low,low,medium,low,high,medium,high,high,high,low,low,medium,high,high,medium,low,low,medium,medium,low,medium,low,medium,high,low,medium,high,medium,high,high,low,low,medium,high,high,high,high,high,medium,medium,high,medium,high,high,low,low,medium,high,low,low,low,low,low,high,high,high,medium,medium,high,high,high,high,medium,medium,low,low,high,medium,high,high,high,medium,low,medium,medium,medium,high,medium,high,high,high,high,low,low,high,high,medium,high,low,low,medium,high,high,high,low
323,low,high,medium,high,high,high,medium,medium,medium,medium,high,medium,medium,medium,high,high,low,low,medium,medium,high,medium,medium,low,medium,high,high,low,low,medium,low,low,medium,medium,medium,high,high,high,medium,medium,high,medium,medium,high,high,medium,medium,medium,high,high,high,medium,high,low,low,medium,medium,high,medium,medium,medium,high,high,high,high,medium,medium,medium,high,medium,medium,low,low,low,low,high,high,high,low,low,high,low,high,low,medium,medium,medium,low,low,medium,medium,medium,medium,high,low,high,low,medium,medium,medium
324,low,medium,medium,high,low,medium,medium,low,low,low,high,high,high,medium,high,low,low,low,high,medium,high,medium,low,low,low,medium,medium,low,medium,medium,low,high,high,low,low,medium,medium,medium,high,medium,medium,low,low,low,low,low,low,medium,low,low,low,medium,low,high,high,high,medium,high,low,low,low,low,low,low,medium,medium,medium,low,low,high,high,medium,medium,medium,low,medium,medium,medium,medium,medium,low,low,low,low,low,low,low,low,low,low,medium,low,low,medium,medium,medium,high,high,high,low
325,high,high,medium,high,high,medium,medium,high,medium,low,high,medium,high,low,low,high,medium,medium,medium,medium,medium,high,high,medium,medium,high,high,medium,low,high,high,low,low,low,medium,high,medium,medium,medium,low,low,low,medium,medium,medium,medium,medium,low,low,high,medium,low,low,medium,high,medium,high,medium,low,low,low,medium,medium,low,low,low,low,medium,medium,medium,medium,low,low,low,low,medium,high,low,medium,medium,low,medium,low,medium,medium,low,low,high,high,low,low,medium,medium,high,medium,high,medium,medium,medium,low
326,high,low,medium,medium,medium,high,medium,medium,low,medium,medium,medium,medium,medium,high,high,low,high,high,high,high,high,medium,medium,low,medium,low,low,low,high,low,low,medium,low,low,high,medium,medium,medium,low,low,low,low,low,low,low,low,low,low,medium,low,low,low,high,high,high,high,high,low,low,low,low,low,low,high,low,low,high,low,high,high,low,low,low,medium,low,low,medium,medium,medium,medium,low,medium,low,low,low,low,medium,high,low,low,medium,low,low,low,high,low,medium,medium,medium
327,high,high,medium,high,medium,high,medium,medium,medium,high,medium,low,low,medium,medium,high,high,medium,low,low,medium,medium,high,high,high,high,medium,high,medium,medium,high,medium,low,low,low,medium,medium,medium,medium,low,low,low,low,low,low,low,low,low,low,medium,medium,medium,low,high,high,high,high,high,low,low,low,low,low,low,medium,low,low,low,medium,medium,medium,medium,medium,medium,low,low,medium,medium,medium,medium,low,low,low,low,low,low,low,high,high,low,low,low,low,high,medium,medium,low,high,high,medium
328,medium,high,medium,medium,high,low,medium,high,high,low,high,high,low,low,low,low,medium,high,medium,low,low,low,low,high,medium,medium,medium,medium,high,low,low,high,high,high,high,medium,medium,medium,medium,medium,high,high,high,high,high,high,high,medium,high,high,high,high,high,low,low,low,low,high,high,high,high,high,high,high,medium,high,high,low,high,low,low,high,high,high,medium,high,high,high,high,high,high,medium,high,medium,high,high,low,low,medium,high,high,high,high,high,high,low,low,low,low,high
329,medium,high,high,high,medium,high,medium,medium,medium,low,high,high,medium,medium,medium,high,high,high,high,high,medium,high,high,high,high,medium,medium,high,low,high,high,low,low,medium,low,low,medium,medium,medium,medium,medium,low,low,medium,medium,low,low,high,medium,low,medium,low,medium,medium,high,high,high,medium,low,medium,low,medium,medium,medium,high,low,low,high,medium,medium,medium,low,low,low,low,high,high,low,low,low,medium,low,medium,low,low,medium,medium,low,medium,medium,medium,low,low,high,medium,medium,medium,high,high,low
330,low,high,high,high,low,medium,medium,medium,high,low,medium,low,low,high,high,medium,low,high,high,high,high,high,low,low,low,low,low,low,low,high,low,low,high,medium,medium,medium,high,high,high,medium,medium,low,medium,high,high,medium,medium,medium,medium,high,high,medium,medium,low,medium,high,medium,medium,medium,medium,low,medium,high,medium,medium,medium,medium,low,high,medium,medium,high,medium,high,medium,medium,medium,high,low,low,high,medium,high,medium,high,high,medium,low,low,medium,medium,high,medium,medium,medium,high,low,medium,medium,high
331,low,high,high,high,high,high,medium,medium,medium,low,low,low,medium,low,low,high,medium,medium,medium,high,high,high,high,medium,medium,high,high,medium,low,high,high,low,low,medium,medium,medium,high,high,high,high,medium,low,medium,medium,medium,medium,low,medium,low,medium,medium,high,medium,medium,medium,high,medium,medium,medium,low,medium,medium,medium,medium,medium,medium,medium,medium,medium,low,low,low,low,medium,low,medium,high,high,medium,low,medium,medium,medium,medium,medium,medium,medium,low,low,low,low,medium,medium,high,medium,medium,low,medium,low,medium
332,medium,low,low,high,high,high,high,medium,low,medium,low,low,medium,low,medium,medium,low,high,high,medium,high,medium,low,medium,high,low,low,low,low,medium,low,medium,medium,medium,low,high,high,high,high,medium,medium,medium,low,low,low,low,low,medium,low,low,low,high,low,high,high,high,medium,high,medium,medium,low,low,low,low,low,medium,medium,low,low,high,high,medium,medium,medium,medium,medium,high,low,high,high,low,medium,low,medium,low,low,medium,medium,medium,medium,medium,low,low,high,medium,low,high,high,high,low
333,medium,medium,medium,low,medium,low,low,high,medium,low,low,medium,low,high,high,medium,medium,medium,low,low,low,low,low,medium,high,medium,medium,medium,medium,medium,medium,medium,medium,high,high,high,high,high,high,high,high,high,high,high,high,high,medium,high,high,medium,medium,medium,high,low,low,low,low,high,high,high,high,medium,high,high,high,high,high,medium,low,low,low,low,low,low,high,high,medium,medium,medium,medium,high,high,high,high,high,high,high,medium,medium,high,high,high,high,medium,low,medium,high,low,low,low
334,medium,medium,medium,low,high,high,high,high,medium,medium,medium,high,high,low,medium,high,low,medium,high,high,high,high,low,low,medium,low,medium,low,low,medium,low,low,high,medium,low,low,high,medium,medium,medium,medium,medium,low,low,low,low,low,medium,high,low,low,high,low,high,medium,medium,medium,medium,medium,medium,medium,low,low,low,low,medium,medium,medium,low,medium,medium,low,low,low,medium,medium,medium,medium,high,medium,low,low,low,low,low,low,medium,medium,medium,low,low,low,low,medium,medium,medium,high,high,high,low
335,high,high,high,medium,low,medium,high,medium,high,low,medium,medium,medium,medium,medium,medium,low,medium,high,high,high,high,low,low,medium,low,medium,low,low,medium,low,medium,high,low,low,medium,low,medium,medium,medium,low,low,low,low,low,low,low,medium,low,low,low,high,low,high,high,high,high,high,medium,low,low,low,low,low,low,medium,medium,low,medium,medium,medium,high,medium,high,low,low,medium,medium,medium,medium,low,low,low,low,low,low,low,medium,high,low,low,low,low,medium,high,medium,high,high,high,low
336,medium,medium,high,medium,low,low,medium,medium,medium,medium,medium,medium,low,high,high,medium,high,low,low,low,low,low,high,high,medium,medium,high,high,high,medium,high,medium,low,medium,medium,low,high,high,high,high,medium,low,medium,medium,medium,medium,low,medium,medium,low,medium,medium,medium,high,medium,medium,high,high,medium,medium,low,low,low,medium,medium,medium,medium,low,low,medium,medium,medium,medium,medium,medium,medium,medium,medium,medium,medium,low,medium,low,medium,medium,medium,medium,medium,medium,medium,high,medium,medium,low,medium,medium,medium,high,high,low
337,medium,low,low,high,low,high,medium,low,low,low,low,low,medium,low,medium,medium,low,high,high,high,high,medium,low,medium,low,low,low,low,medium,medium,low,high,high,low,low,medium,low,low,low,low,medium,medium,low,low,low,low,low,medium,medium,low,low,low,low,high,medium,medium,low,high,medium,medium,medium,low,low,low,high,medium,high,medium,low,high,high,low,low,low,low,medium,medium,low,medium,medium,low,medium,low,medium,low,low,low,medium,medium,low,low,low,low,medium,medium,low,low,medium,medium,medium
338,low,high,high,high,high,low,low,high,high,low,medium,high,low,low,low,high,high,low,low,low,low,low,high,high,high,high,high,high,medium,medium,high,low,low,medium,low,low,medium,medium,medium,high,medium,medium,low,low,low,low,low,medium,medium,low,low,low,medium,medium,medium,medium,medium,low,medium,high,medium,low,medium,medium,low,medium,medium,medium,low,medium,medium,medium,medium,medium,medium,medium,medium,high,low,low,medium,low,medium,low,low,low,medium,low,low,low,medium,low,low,medium,low,medium,high,high,high,low
339,high,low,medium,medium,high,high,low,low,low,high,low,high,high,medium,medium,low,low,low,low,low,high,medium,medium,low,low,high,high,low,medium,medium,low,medium,high,medium,medium,low,high,medium,medium,medium,medium,medium,medium,medium,medium,medium,medium,medium,medium,medium,medium,high,medium,medium,medium,medium,medium,low,high,medium,high,medium,medium,medium,low,high,high,medium,medium,low,low,medium,medium,high,medium,high,high,medium,high,high,low,high,low,high,medium,medium,medium,high,high,medium,medium,medium,medium,high,high,low,high,medium,medium,low
340,high,low,low,medium,high,high,medium,high,low,low,high,high,low,low,medium,high,high,high,low,medium,high,high,high,high,high,medium,medium,high,low,high,medium,low,low,high,high,high,high,high,high,high,high,high,high,high,high,high,medium,high,high,medium,medium,medium,high,medium,low,low,low,low,high,high,high,high,medium,high,high,high,high,high,medium,medium,medium,high,medium,high,high,medium,low,low,medium,medium,high,high,high,high,high,high,high,high,high,high,medium,high,high,low,low,low,medium,high,high,low
341,low,medium,high,high,medium,high,low,medium,high,low,high,high,medium,low,low,high,medium,high,high,high,high,medium,medium,medium,low,low,low,medium,low,low,medium,low,low,high,high,low,high,high,high,high,high,high,high,high,high,high,medium,high,high,medium,medium,high,high,low,low,low,low,high,high,high,high,high,high,high,low,high,high,medium,medium,high,high,high,medium,high,high,high,low,high,high,high,low,high,low,high,medium,medium,high,medium,low,high,high,medium,medium,medium,high,low,high,high,high,low
342,medium,medium,low,high,high,medium,low,medium,low,low,high,high,low,high,medium,low,medium,medium,medium,low,low,low,low,low,low,high,high,medium,high,low,low,high,high,high,high,low,medium,high,medium,medium,high,high,high,medium,medium,high,medium,high,high,medium,low,high,medium,medium,medium,low,medium,high,medium,medium,high,medium,medium,medium,low,medium,medium,high,medium,low,low,low,low,low,low,high,high,low,high,high,high,high,high,high,high,high,high,medium,medium,high,medium,high,high,high,high,low,low,low,low,medium
343,medium,high,high,low,medium,high,medium,high,high,low,low,low,low,low,low,medium,medium,high,medium,medium,medium,medium,low,medium,low,low,low,medium,medium,medium,medium,low,low,medium,high,low,medium,medium,medium,medium,medium,medium,high,medium,medium,high,medium,medium,high,medium,medium,high,medium,medium,medium,low,medium,high,medium,medium,medium,high,medium,medium,medium,medium,medium,high,medium,medium,medium,low,low,low,high,low,low,medium,low,medium,high,medium,high,medium,high,medium,medium,medium,medium,medium,medium,high,medium,low,high,medium,medium,medium,medium,low
344,high,medium,low,low,medium,medium,high,medium,low,medium,high,low,high,medium,low,medium,medium,medium,medium,medium,medium,medium,low,high,high,high,high,medium,medium,medium,low,high,high,high,high,high,high,medium,medium,high,high,high,high,high,high,high,medium,high,high,medium,high,medium,high,low,low,low,low,medium,high,high,high,high,high,high,high,high,high,low,medium,high,high,medium,medium,medium,high,medium,low,low,high,high,high,medium,high,medium,medium,high,high,high,high,high,high,medium,medium,low,medium,medium,high,high,medium,low
345,high,medium,low,high,medium,high,high,low,low,high,low,low,high,low,high,high,medium,high,high,medium,medium,medium,medium,high,medium,low,low,medium,medium,medium,medium,medium,medium,low,medium,low,medium,low,low,low,low,low,medium,low,low,medium,medium,medium,medium,medium,low,low,low,high,medium,high,high,low,low,medium,medium,low,low,low,low,low,low,low,medium,medium,medium,low,low,low,low,medium,medium,low,medium,medium,medium,medium,medium,medium,medium,medium,low,high,high,low,low,low,low,medium,medium,medium,high,low,low,low
346,medium,low,low,medium,medium,high,high,high,low,medium,high,high,high,high,medium,low,medium,medium,high,high,medium,low,medium,low,low,low,low,medium,high,low,medium,high,high,low,low,medium,medium,low,medium,medium,low,low,low,low,low,low,low,medium,low,low,low,medium,low,high,high,high,high,medium,low,low,low,low,low,low,medium,low,low,medium,low,high,high,low,low,low,medium,low,low,medium,medium,medium,low,low,low,low,low,low,low,low,medium,low,medium,low,low,low,medium,medium,low,high,high,medium
347,high,medium,medium,medium,medium,low,high,medium,low,high,medium,low,medium,low,high,medium,low,low,medium,medium,high,high,medium,medium,medium,high,high,low,low,high,medium,medium,medium,medium,medium,high,high,medium,high,medium,medium,medium,medium,high,high,medium,high,medium,medium,high,high,low,high,low,medium,low,low,low,low,high,high,high,high,high,high,medium,medium,medium,high,medium,medium,medium,medium,medium,medium,medium,medium,medium,medium,medium,medium,medium,medium,medium,medium,medium,medium,high,high,medium,medium,medium,medium,medium,low,high,low,low,medium,high
348,low,medium,medium,medium,high,medium,high,medium,medium,low,medium,low,low,low,low,low,medium,low,low,low,low,high,low,high,high,high,high,medium,medium,high,low,medium,high,high,high,low,medium,medium,high,medium,high,high,medium,high,high,high,high,high,high,high,high,low,high,low,low,low,low,medium,high,high,high,high,high,high,high,high,high,high,high,medium,medium,low,low,low,high,medium,low,medium,low,low,medium,high,medium,high,high,high,high,low,low,high,medium,high,high,low,low,high,medium,medium,medium,low
349,medium,medium,high,medium,low,medium,medium,medium,medium,medium,high,medium,medium,high,high,medium,medium,high,high,high,medium,low,medium,medium,low,low,low,medium,medium,low,medium,high,medium,medium,medium,high,high,high,medium,medium,medium,medium,medium,medium,medium,medium,medium,medium,high,high,high,low,medium,low,low,low,medium,high,medium,medium,high,medium,high,medium,high,medium,medium,low,medium,high,high,high,medium,high,high,low,low,medium,medium,medium,high,medium,high,medium,medium,medium,medium,medium,medium,medium,low,medium,medium,low,low,medium,low,medium,medium,medium
350,low,medium,medium,high,high,high,medium,low,low,low,medium,medium,high,high,medium,medium,high,medium,low,low,low,medium,high,high,high,high,high,high,high,medium,high,high,medium,low,low,high,high,high,medium,medium,low,low,low,low,low,low,low,low,low,low,low,low,low,high,high,high,low,low,low,low,low,low,low,low,medium,medium,medium,high,low,medium,medium,medium,medium,high,low,medium,medium,medium,medium,medium,low,low,low,low,low,low,low,low,low,low,medium,low,low,medium,medium,high,high,high,high,low
351,low,medium,medium,medium,high,high,low,low,medium,low,medium,medium,high,medium,high,medium,medium,low,medium,medium,medium,medium,medium,low,medium,medium,high,medium,medium,medium,medium,medium,medium,low,low,medium,low,low,low,low,low,low,low,low,low,low,medium,low,low,medium,medium,high,low,high,high,high,high,low,low,low,low,low,low,low,low,low,low,medium,medium,low,low,high,medium,high,low,low,medium,medium,high,high,low,low,low,low,low,low,low,low,low,low,low,low,low,medium,high,low,high,medium,medium,low
352,medium,low,low,high,high,high,low,low,low,high,high,high,high,high,high,low,low,high,low,low,low,low,low,low,low,low,low,low,high,low,low,high,high,medium,medium,medium,medium,medium,medium,medium,high,medium,medium,medium,medium,medium,low,medium,high,low,low,medium,high,low,low,low,low,high,high,high,high,high,high,high,high,high,high,low,high,low,low,low,low,high,high,medium,medium,high,low,low,medium,low,medium,low,low,low,low,low,medium,medium,high,low,medium,low,low,low,low,high,medium,medium
353,low,high,low,low,high,low,high,high,medium,high,low,low,medium,low,low,medium,high,medium,low,low,low,medium,high,high,medium,high,high,high,high,medium,high,medium,medium,high,high,medium,high,medium,medium,medium,high,high,high,high,high,high,high,medium,high,high,high,medium,high,low,low,low,low,medium,high,high,high,high,high,high,high,high,high,low,high,low,low,low,low,medium,medium,high,high,high,low,low,high,high,high,high,high,high,high,low,low,high,high,high,high,high,low,low,low,low,low,high
354,medium,medium,low,high,high,medium,medium,low,medium,high,low,low,high,medium,low,high,high,medium,medium,medium,low,low,high,high,high,high,high,high,high,low,high,low,low,low,low,low,low,low,low,low,low,low,low,low,low,low,medium,low,low,medium,medium,high,low,high,high,high,high,medium,medium,medium,low,medium,low,low,low,low,low,high,low,high,high,medium,medium,medium,low,medium,high,low,high,high,low,medium,low,medium,low,low,low,low,medium,low,low,low,low,high,high,high,high,medium,medium,low
355,medium,low,low,high,high,low,medium,low,high,high,low,low,medium,medium,medium,high,medium,medium,low,medium,medium,high,medium,high,high,medium,medium,medium,low,high,medium,low,medium,low,low,low,medium,medium,low,low,low,low,low,low,low,low,medium,low,low,medium,medium,high,low,high,high,high,high,medium,low,low,medium,low,low,low,low,low,low,high,medium,high,high,high,medium,medium,low,medium,medium,low,high,high,medium,low,medium,low,low,low,low,medium,medium,low,low,medium,low,high,high,medium,medium,high,high,low
356,medium,medium,low,high,medium,low,low,low,medium,medium,low,low,low,low,low,high,low,low,medium,high,high,high,low,medium,medium,high,high,low,low,high,low,low,high,medium,medium,medium,high,medium,high,medium,medium,medium,medium,medium,medium,medium,low,medium,medium,medium,medium,high,low,high,high,medium,low,high,high,medium,medium,low,low,low,low,high,high,medium,low,high,high,low,low,low,medium,high,high,low,high,high,high,low,high,low,medium,low,medium,high,medium,medium,medium,medium,medium,high,high,medium,high,high,high,low
357,high,medium,low,high,medium,low,high,medium,high,high,low,high,high,medium,medium,medium,low,medium,low,high,high,high,low,low,low,high,high,low,low,high,low,medium,high,medium,medium,low,medium,medium,low,medium,medium,medium,medium,medium,medium,medium,medium,medium,high,medium,medium,low,medium,medium,low,low,low,high,low,medium,low,low,low,medium,low,medium,medium,low,medium,high,high,low,low,low,high,low,low,high,medium,low,medium,medium,medium,medium,medium,medium,medium,high,high,medium,medium,medium,medium,low,low,medium,high,high,high,low
358,low,low,low,low,low,low,low,medium,low,high,low,high,high,high,high,high,high,low,low,low,low,low,high,high,high,high,high,high,high,medium,high,low,low,high,high,low,low,low,high,high,high,high,high,high,high,high,high,high,medium,high,high,low,high,low,low,low,low,low,medium,medium,high,high,high,high,low,medium,medium,high,high,high,high,low,low,low,high,high,low,high,low,low,high,high,high,high,high,high,high,medium,low,high,high,high,high,low,low,high,low,low,low,high
359,low,low,low,high,medium,low,medium,low,high,high,low,high,high,low,low,medium,medium,medium,medium,medium,medium,low,medium,high,medium,medium,medium,medium,medium,medium,medium,medium,medium,high,high,low,medium,medium,medium,high,high,high,high,high,high,high,high,high,high,high,high,medium,high,low,low,low,medium,low,high,medium,high,high,high,high,high,medium,high,low,high,high,high,high,medium,medium,high,high,high,medium,low,low,high,high,high,high,high,high,high,low,low,high,high,high,high,high,low,low,low,low,low,high
360,medium,low,low,low,medium,low,medium,medium,high,high,high,high,medium,medium,medium,medium,high,medium,low,low,low,low,high,high,high,medium,medium,high,high,low,high,medium,low,high,high,medium,high,high,high,high,high,high,high,high,high,high,medium,high,high,medium,medium,high,high,low,low,low,low,high,high,high,medium,high,high,high,medium,high,high,low,medium,high,high,low,low,low,high,high,low,low,medium,high,high,medium,high,medium,high,high,high,medium,medium,high,high,high,high,medium,high,high,low,medium,medium,medium
361,low,low,medium,low,high,low,low,low,medium,high,low,high,medium,high,high,medium,medium,low,medium,low,medium,high,medium,medium,medium,high,high,medium,medium,high,medium,low,medium,high,high,high,medium,low,low,low,low,low,high,high,high,high,high,medium,medium,high,high,medium,high,low,medium,high,high,medium,low,medium,high,high,high,high,high,medium,low,low,high,high,high,high,medium,medium,high,low,low,low,medium,high,high,high,high,high,high,high,high,medium,low,high,high,high,high,low,low,high,low,low,low,high
362,medium,low,low,high,high,medium,low,low,low,high,low,low,medium,high,medium,high,medium,low,low,medium,high,high,high,high,high,high,high,medium,low,high,medium,low,low,medium,medium,medium,medium,low,medium,medium,medium,medium,medium,medium,medium,medium,medium,high,high,high,high,medium,medium,low,medium,high,medium,low,medium,low,medium,high,high,medium,medium,medium,medium,high,high,high,high,high,high,high,high,medium,low,low,medium,high,high,low,high,low,medium,medium,medium,medium,medium,medium,medium,medium,medium,low,high,high,medium,medium,medium,low
363,medium,low,low,high,high,medium,high,high,medium,high,low,low,high,medium,low,low,medium,medium,medium,medium,medium,low,low,medium,high,medium,medium,medium,high,low,low,high,medium,medium,medium,medium,medium,medium,low,low,high,medium,medium,low,low,medium,medium,medium,high,low,low,medium,medium,high,medium,low,low,medium,high,high,medium,medium,medium,medium,medium,high,high,high,low,high,high,medium,medium,medium,medium,medium,low,high,low,low,high,low,high,low,medium,medium,medium,medium,medium,medium,medium,medium,medium,medium,medium,medium,high,medium,low,low
364,low,high,high,medium,low,low,high,high,high,medium,high,medium,low,high,high,low,high,medium,low,low,low,low,high,medium,high,medium,medium,high,high,low,high,high,medium,high,high,low,medium,high,high,high,high,high,high,medium,medium,high,medium,high,high,medium,medium,medium,medium,low,low,low,low,high,medium,high,high,medium,medium,medium,high,high,high,low,medium,low,low,high,medium,high,medium,high,high,high,low,low,high,high,high,high,high,high,high,low,low,high,high,high,high,high,low,medium,low,medium,medium,medium
365,high,high,medium,high,medium,low,high,high,high,high,low,medium,high,medium,low,high,medium,low,low,low,medium,high,low,high,high,low,medium,medium,medium,high,medium,low,medium,medium,low,low,medium,medium,medium,high,medium,low,medium,medium,medium,low,low,medium,medium,medium,medium,high,low,high,high,high,medium,high,medium,low,low,medium,low,low,low,medium,medium,high,medium,high,high,medium,medium,medium,low,high,high,high,high,high,low,medium,low,medium,low,low,medium,high,high,medium,medium,medium,low,high,medium,low,medium,medium,medium,low
366,low,low,high,low,high,high,low,high,high,high,low,medium,medium,medium,low,high,medium,low,low,low,high,high,medium,low,medium,high,high,medium,low,high,medium,low,medium,high,high,high,high,high,high,medium,high,high,high,high,high,high,high,medium,high,high,high,low,high,low,low,low,low,low,medium,high,medium,high,high,high,low,medium,high,high,high,high,high,low,low,low,high,medium,low,low,medium,high,high,high,high,high,high,high,high,medium,low,high,high,high,high,low,high,high,low,low,low,high
367,medium,high,medium,high,low,medium,high,medium,medium,medium,high,high,high,high,low,high,high,medium,medium,medium,medium,medium,high,high,high,medium,medium,high,medium,medium,high,medium,low,medium,medium,medium,high,high,high,high,high,high,medium,low,low,medium,low,high,high,low,low,medium,low,high,high,medium,medium,low,low,low,low,low,low,low,medium,medium,low,high,low,high,high,low,low,low,medium,high,high,medium,medium,medium,medium,medium,medium,medium,medium,medium,high,medium,medium,medium,medium,medium,medium,high,low,low,low,high,high,medium
368,medium,low,low,high,medium,low,high,low,low,high,medium,high,high,high,medium,medium,medium,high,high,high,medium,medium,medium,low,low,low,low,medium,low,medium,medium,low,low,medium,medium,medium,low,low,low,low,medium,medium,medium,medium,medium,medium,high,low,high,medium,high,low,medium,low,medium,medium,high,low,medium,medium,medium,medium,medium,medium,low,low,medium,medium,high,high,high,low,low,low,low,medium,medium,high,low,low,medium,medium,medium,medium,medium,medium,medium,medium,medium,medium,low,medium,medium,high,low,high,medium,medium,medium,low
369,low,low,low,high,low,low,low,low,low,low,low,medium,high,high,low,high,medium,high,medium,medium,medium,high,medium,high,high,high,medium,medium,low,high,medium,low,low,high,high,high,medium,low,medium,high,medium,medium,medium,high,high,high,high,high,medium,high,high,medium,high,low,low,medium,medium,low,medium,medium,high,high,high,high,high,medium,medium,low,high,high,high,low,low,low,medium,high,high,high,high,low,high,high,high,high,high,high,high,medium,low,high,medium,high,high,medium,low,low,low,low,low,high
370,low,medium,low,high,medium,high,medium,low,low,high,medium,low,high,high,high,high,medium,medium,high,high,high,high,high,medium,medium,low,low,medium,low,high,high,low,low,high,high,high,high,high,high,high,high,high,high,high,high,high,high,high,high,high,high,medium,high,low,low,low,low,medium,medium,high,high,high,high,high,high,high,high,medium,high,low,low,low,low,low,high,high,high,high,medium,medium,high,high,high,high,high,high,high,medium,low,high,high,high,high,medium,low,medium,low,low,low,high
371,high,low,low,medium,low,low,high,high,low,high,medium,high,medium,medium,low,medium,high,medium,medium,medium,medium,low,high,medium,medium,medium,medium,high,high,low,high,medium,low,medium,low,high,high,high,high,high,medium,medium,low,low,low,low,low,medium,medium,low,low,low,low,high,high,medium,low,high,medium,medium,low,low,low,low,low,medium,medium,medium,low,high,high,low,low,low,medium,medium,medium,high,medium,low,medium,medium,medium,medium,medium,medium,medium,high,high,medium,medium,low,medium,medium,low,low,high,high,high,low
372,low,medium,medium,low,low,medium,low,high,low,high,low,high,low,low,low,low,high,low,low,low,low,low,medium,high,high,medium,high,high,high,low,medium,high,high,high,high,low,low,medium,high,high,high,high,high,high,high,high,high,high,high,high,high,low,high,low,low,low,low,medium,high,high,high,high,high,high,low,high,high,high,medium,high,high,high,medium,medium,high,high,high,high,low,low,high,high,high,high,high,high,high,low,low,high,high,high,high,low,low,low,low,low,low,medium
373,medium,medium,medium,low,low,low,low,medium,medium,high,high,high,high,high,low,low,high,high,high,medium,low,low,high,high,medium,low,low,high,high,low,high,high,medium,low,low,low,medium,medium,medium,medium,medium,medium,low,low,low,low,low,medium,medium,low,medium,medium,low,high,high,high,high,low,low,low,low,low,low,low,medium,low,low,low,medium,high,high,medium,medium,medium,low,medium,high,high,medium,low,medium,low,medium,low,low,medium,medium,medium,medium,low,medium,medium,low,high,low,medium,low,medium,medium,medium
374,low,low,low,low,high,medium,low,medium,high,high,low,high,high,medium,high,high,high,low,medium,low,low,high,high,high,high,high,high,high,medium,high,high,low,low,high,high,medium,medium,low,low,low,medium,high,high,high,high,high,high,low,high,high,high,low,high,low,low,low,medium,medium,low,medium,high,high,high,high,high,medium,medium,high,high,high,high,low,low,low,high,low,low,low,medium,high,high,high,high,high,high,high,high,medium,low,high,medium,high,high,low,high,medium,low,low,low,high
375,high,low,medium,medium,high,low,low,medium,low,high,low,low,high,high,low,low,medium,medium,medium,low,medium,low,medium,high,high,medium,medium,medium,high,low,medium,high,high,high,high,medium,medium,medium,medium,medium,medium,medium,high,high,high,high,high,medium,high,high,high,high,high,low,medium,medium,high,low,low,medium,medium,high,high,high,medium,low,low,high,high,high,high,low,low,low,high,low,low,low,high,high,high,high,high,high,high,high,high,high,high,high,high,high,high,low,high,medium,low,low,low,high
376,low,medium,medium,medium,low,low,high,medium,medium,high,low,medium,low,high,high,high,medium,low,high,high,high,high,high,high,high,high,high,medium,low,high,high,low,low,high,high,medium,high,high,medium,medium,high,high,high,medium,medium,high,medium,high,high,medium,low,low,medium,medium,low,low,low,low,medium,high,high,medium,medium,medium,low,high,high,high,medium,high,high,low,low,low,high,high,high,high,low,low,high,high,high,high,high,high,high,medium,low,high,high,high,high,high,high,low,low,medium,medium,medium
377,low,low,low,high,high,low,high,low,low,high,low,medium,medium,low,low,high,low,high,high,high,high,medium,medium,low,low,low,low,low,low,medium,medium,low,low,medium,medium,high,medium,medium,medium,medium,high,high,medium,low,low,medium,medium,high,high,low,low,low,medium,medium,medium,medium,high,medium,low,medium,medium,medium,medium,medium,low,low,low,medium,medium,high,high,high,medium,medium,high,low,low,high,low,low,high,low,high,low,medium,low,medium,low,low,medium,low,medium,medium,low,low,low,high,high,high,low
378,low,low,medium,low,low,low,high,high,high,high,medium,low,medium,medium,low,high,high,medium,medium,medium,low,high,high,high,high,medium,medium,high,medium,high,high,low,low,high,high,low,low,low,low,low,high,high,high,high,high,high,high,medium,high,high,high,low,high,low,medium,medium,medium,medium,low,medium,high,high,high,high,high,low,low,low,high,high,high,low,low,low,high,low,low,high,low,low,high,high,high,high,high,high,high,medium,low,high,high,high,high,low,low,medium,low,low,low,high
379,medium,low,low,high,high,medium,low,low,medium,high,low,high,high,low,low,low,medium,medium,low,medium,medium,low,medium,medium,low,high,high,medium,high,medium,medium,high,high,high,high,high,high,high,high,high,high,high,high,high,high,high,high,high,high,medium,medium,low,high,low,low,low,low,high,high,high,high,high,high,high,low,high,high,high,medium,high,high,low,low,low,high,high,low,high,low,low,high,high,high,high,high,high,high,high,medium,high,high,high,high,low,low,medium,low,low,low,medium
380,medium,low,low,medium,high,high,low,medium,low,low,low,medium,medium,low,low,low,medium,low,low,low,low,low,medium,medium,medium,low,low,medium,high,low,medium,high,high,high,high,high,medium,medium,medium,medium,high,high,high,high,high,high,high,high,high,medium,medium,medium,high,medium,low,low,low,low,medium,high,high,high,high,high,medium,high,high,high,medium,low,low,high,medium,high,high,medium,low,low,high,medium,medium,high,medium,high,high,high,high,medium,medium,high,high,high,high,low,low,high,medium,medium,low,low
381,high,low,low,medium,medium,low,low,low,medium,high,low,medium,high,high,low,medium,medium,high,medium,low,medium,high,medium,medium,high,high,high,medium,medium,high,medium,medium,medium,medium,medium,low,low,low,low,medium,medium,medium,high,medium,medium,medium,medium,medium,high,medium,medium,low,medium,medium,medium,high,high,medium,medium,low,medium,medium,medium,medium,high,low,low,low,medium,high,high,low,low,low,medium,medium,medium,low,medium,high,medium,medium,medium,medium,medium,medium,medium,high,high,medium,low,medium,medium,medium,high,medium,low,medium,medium,medium
382,high,low,low,medium,medium,low,high,medium,low,high,medium,medium,high,high,low,high,medium,high,high,high,high,high,high,medium,low,medium,low,medium,low,high,medium,low,medium,low,low,medium,low,low,low,low,low,low,low,low,low,low,medium,medium,low,low,low,high,low,high,high,high,high,medium,low,medium,low,low,low,low,low,low,low,high,low,high,high,high,low,high,medium,low,low,low,high,high,low,low,low,low,low,low,low,high,high,low,medium,low,low,medium,high,low,high,high,high,low
383,medium,low,low,low,medium,low,low,medium,high,high,low,low,high,medium,low,high,low,low,high,high,high,high,low,low,low,low,low,low,low,high,low,low,high,high,high,low,medium,medium,low,low,high,high,high,high,high,high,high,medium,high,high,high,low,high,low,low,low,medium,low,low,high,high,high,high,high,low,medium,medium,medium,high,high,high,medium,medium,medium,high,high,low,low,high,high,high,high,high,high,high,high,high,high,medium,high,medium,high,high,low,high,high,low,low,low,medium
384,low,low,low,low,medium,medium,low,medium,low,high,low,low,low,low,low,medium,high,low,medium,medium,low,low,medium,high,high,high,high,high,high,low,medium,medium,medium,high,high,medium,high,high,high,high,high,high,high,high,high,high,high,high,medium,high,high,low,high,low,low,low,low,low,high,high,high,high,high,high,low,high,high,high,high,high,high,high,low,high,high,high,low,high,low,low,high,high,high,high,high,high,high,high,low,high,high,high,high,low,low,low,low,low,low,high
385,high,high,medium,medium,low,low,medium,low,medium,high,medium,low,low,medium,low,high,medium,low,high,high,high,high,medium,low,low,low,low,medium,low,high,medium,low,low,medium,medium,low,high,high,high,medium,low,low,medium,medium,medium,medium,medium,low,low,medium,medium,high,low,medium,high,high,high,high,medium,medium,medium,medium,medium,low,low,medium,medium,medium,medium,low,low,high,medium,high,low,medium,high,medium,high,high,medium,low,medium,low,medium,medium,medium,high,high,medium,medium,medium,medium,high,high,high,medium,high,high,low
386,low,low,low,medium,low,medium,high,low,medium,high,medium,high,low,medium,high,medium,high,medium,low,low,medium,low,high,high,high,high,high,high,high,low,high,medium,low,high,high,low,medium,low,high,high,medium,medium,high,high,high,high,high,high,medium,high,high,low,high,low,medium,medium,medium,low,medium,medium,medium,high,high,high,low,high,medium,high,high,high,high,medium,medium,medium,high,medium,low,low,low,high,high,high,high,high,high,high,high,low,low,high,medium,high,high,low,high,medium,low,low,low,high
387,low,low,low,low,low,low,low,low,low,high,medium,high,medium,low,low,high,low,medium,medium,medium,high,high,low,low,low,low,low,low,low,high,low,low,medium,high,high,high,high,high,high,high,high,high,high,high,high,high,medium,high,high,medium,medium,low,high,low,low,low,medium,high,high,high,high,medium,medium,high,low,high,high,low,medium,high,high,high,medium,medium,high,high,low,high,low,low,high,high,high,high,high,high,high,low,low,high,medium,high,high,low,low,high,medium,medium,medium,low
388,high,medium,medium,high,medium,low,high,medium,high,high,high,high,high,medium,low,low,low,low,low,low,low,low,low,low,low,low,low,low,high,low,low,high,high,low,low,low,high,medium,medium,medium,low,low,low,medium,medium,low,low,medium,low,medium,medium,high,medium,medium,medium,low,low,medium,medium,medium,high,medium,medium,medium,medium,high,high,medium,medium,low,low,medium,medium,high,medium,low,medium,high,high,low,low,low,low,low,low,low,low,high,high,low,low,low,low,high,low,low,low,medium,medium,medium
389,medium,high,high,low,low,medium,medium,low,high,medium,low,medium,low,medium,high,medium,medium,medium,medium,medium,medium,low,low,low,low,medium,medium,medium,medium,medium,medium,medium,medium,low,low,low,medium,medium,low,low,low,low,low,medium,medium,low,medium,low,low,medium,medium,low,low,high,high,high,high,low,low,low,low,low,low,low,high,low,low,low,medium,medium,medium,low,low,low,medium,low,low,high,low,low,medium,low,medium,low,low,low,low,low,medium,low,low,low,low,medium,low,high,low,low,low,medium
390,low,high,high,high,medium,medium,medium,medium,high,low,medium,medium,low,low,medium,high,low,high,high,high,high,high,low,low,low,low,low,low,low,high,low,low,medium,medium,medium,high,high,high,high,medium,medium,medium,medium,medium,medium,medium,medium,medium,medium,medium,medium,low,medium,medium,high,medium,medium,low,low,low,low,medium,medium,medium,high,low,low,high,medium,low,low,low,low,medium,medium,medium,medium,high,low,low,high,low,high,low,medium,medium,medium,low,low,medium,medium,medium,medium,medium,low,low,low,high,high,medium
391,low,medium,high,low,low,low,medium,medium,medium,medium,medium,high,low,high,low,low,low,high,high,high,high,medium,low,low,low,low,low,low,low,medium,low,high,high,medium,medium,high,medium,medium,medium,high,medium,medium,medium,medium,medium,medium,low,high,medium,low,low,medium,medium,medium,medium,medium,high,low,low,low,medium,medium,medium,medium,medium,low,low,medium,medium,low,low,medium,medium,high,high,low,low,medium,medium,medium,medium,medium,medium,medium,medium,medium,medium,low,low,medium,medium,low,medium,low,medium,medium,medium,high,high,low
392,low,high,high,low,low,medium,high,high,high,low,high,high,low,low,medium,low,low,medium,medium,low,medium,low,low,low,medium,low,medium,low,high,low,medium,high,high,medium,high,low,low,low,low,medium,high,high,high,high,high,high,high,high,high,medium,medium,high,high,low,low,low,medium,high,high,high,high,medium,high,high,low,high,high,low,medium,medium,medium,low,low,low,medium,high,high,high,low,low,high,high,high,high,high,high,medium,medium,low,high,medium,high,high,high,high,low,low,low,low,high
393,medium,low,low,high,medium,medium,medium,low,low,medium,high,medium,low,high,high,high,high,high,high,medium,low,low,high,high,medium,low,low,high,medium,low,high,low,low,medium,medium,medium,medium,medium,low,low,medium,medium,low,medium,medium,medium,medium,medium,medium,low,low,low,low,high,high,medium,medium,medium,low,low,medium,medium,low,low,high,low,medium,high,medium,low,low,high,low,high,medium,medium,medium,low,medium,high,medium,medium,medium,medium,medium,medium,medium,medium,medium,low,low,medium,low,high,medium,low,medium,medium,medium,low
394,low,medium,low,low,low,low,low,high,low,high,medium,high,high,low,low,high,medium,high,high,high,high,high,high,low,medium,low,low,medium,low,high,medium,low,low,medium,high,medium,medium,low,low,low,low,low,medium,high,high,high,high,low,low,high,high,low,high,low,high,medium,high,medium,medium,low,medium,high,high,high,high,low,low,low,high,high,high,low,low,low,low,high,high,medium,medium,medium,high,low,high,low,high,medium,medium,low,low,medium,medium,high,high,high,low,low,low,low,low,high
395,medium,low,medium,medium,low,medium,medium,low,medium,low,low,high,low,low,low,high,medium,high,high,high,high,high,medium,high,high,medium,medium,medium,low,high,medium,low,medium,high,high,high,medium,medium,medium,medium,medium,high,high,high,high,high,high,medium,medium,high,high,high,high,low,low,medium,medium,high,medium,medium,high,high,high,high,high,medium,medium,high,high,high,high,low,low,low,high,medium,low,medium,high,high,high,high,high,high,high,high,high,high,medium,high,high,high,high,medium,low,medium,low,low,low,high
396,low,medium,high,medium,high,low,low,high,high,high,high,high,low,medium,high,medium,high,medium,low,low,low,low,high,high,high,medium,medium,high,high,low,high,medium,low,high,high,low,medium,high,high,high,high,high,high,high,high,high,high,high,high,high,high,medium,high,low,low,low,low,low,high,high,high,high,high,high,high,high,high,low,high,low,low,low,low,low,high,high,low,high,low,low,high,high,high,high,high,high,high,low,low,high,high,high,high,low,low,low,low,low,low,high
397,high,low,low,low,low,low,low,low,low,high,low,high,medium,medium,high,high,medium,medium,medium,medium,medium,high,medium,low,low,medium,medium,medium,low,high,medium,low,low,medium,high,medium,low,low,low,low,medium,medium,high,medium,medium,high,high,medium,medium,high,medium,low,medium,low,high,medium,high,medium,medium,medium,medium,medium,high,medium,high,low,medium,low,high,low,low,low,low,low,high,low,low,low,medium,medium,high,low,high,low,high,medium,medium,high,high,medium,medium,high,high,low,low,low,low,low,low,medium
398,low,low,low,medium,low,low,low,low,low,low,medium,medium,medium,high,low,low,medium,low,low,low,low,low,low,high,high,high,high,medium,high,low,low,high,high,high,high,high,high,high,high,high,high,high,high,high,high,high,high,high,high,high,high,medium,high,low,low,low,low,low,high,high,high,high,high,high,high,high,high,high,high,low,low,medium,medium,high,high,high,high,medium,medium,medium,high,high,high,high,high,high,high,medium,low,high,high,high,high,high,low,high,low,low,low,high
399,low,low,medium,low,medium,medium,high,medium,low,medium,medium,low,high,medium,low,medium,medium,medium,medium,medium,medium,medium,medium,medium,medium,medium,medium,medium,medium,medium,medium,medium,medium,high,high,high,high,high,high,high,high,high,high,high,high,high,high,high,high,high,high,high,high,low,low,low,low,medium,high,high,high,high,high,high,high,high,high,medium,high,low,low,high,medium,high,high,high,low,medium,high,high,high,high,high,high,high,high,high,low,low,high,high,high,high,low,low,high,low,low,low,high
400,medium,high,high,high,medium,low,low,high,high,low,medium,medium,high,high,medium,low,low,high,high,high,high,medium,low,low,low,low,low,low,low,low,low,high,high,high,medium,high,high,high,high,high,high,high,high,medium,medium,medium,low,high,high,low,low,high,medium,high,medium,low,low,high,high,medium,low,medium,medium,medium,low,high,high,medium,low,low,low,high,medium,high,medium,high,high,high,high,medium,high,medium,high,medium,medium,medium,high,medium,medium,high,high,medium,medium,high,high,low,high,high,high,low
401,low,low,low,medium,medium,high,medium,medium,low,high,high,medium,high,medium,high,low,medium,medium,low,low,low,low,low,high,high,medium,medium,medium,high,low,low,high,high,high,high,medium,medium,high,high,medium,high,high,high,high,high,high,medium,medium,high,medium,medium,medium,high,low,low,low,high,high,high,high,medium,medium,high,high,medium,medium,medium,low,high,medium,medium,low,low,low,high,medium,low,low,high,high,medium,high,medium,high,high,high,high,low,low,high,medium,medium,high,low,medium,high,high,high,high,low
402,medium,low,low,high,medium,medium,high,low,low,low,high,low,medium,medium,medium,high,low,high,high,high,high,high,low,low,low,low,low,low,low,high,low,low,medium,medium,medium,high,high,high,high,high,high,medium,medium,medium,medium,medium,low,high,high,low,low,medium,low,medium,high,high,medium,high,medium,low,low,low,medium,low,medium,medium,medium,low,medium,low,low,low,low,low,medium,high,high,low,high,high,medium,low,medium,low,low,low,medium,medium,medium,medium,high,low,medium,high,low,high,high,high,high,low
403,high,low,low,high,medium,high,high,low,medium,high,low,low,low,medium,medium,low,low,low,low,low,low,low,low,low,low,high,high,low,high,low,low,high,high,high,high,high,high,high,medium,medium,high,high,high,high,high,high,high,high,high,high,high,high,high,low,low,low,low,medium,medium,high,high,high,high,high,medium,high,medium,high,high,medium,medium,medium,medium,medium,high,high,low,medium,high,high,high,high,high,high,high,high,high,high,high,high,high,high,high,high,medium,medium,low,low,low,high
404,high,high,high,low,medium,high,high,high,medium,high,high,high,high,high,high,medium,low,medium,medium,high,high,high,low,low,low,medium,medium,low,low,high,low,low,high,high,high,high,high,high,high,medium,high,high,high,high,high,high,medium,medium,high,medium,medium,high,high,low,low,low,medium,high,medium,high,high,high,high,high,medium,medium,medium,medium,medium,medium,medium,medium,medium,medium,high,high,high,medium,high,high,high,high,high,high,high,high,high,high,high,high,high,high,high,medium,high,high,low,medium,medium,medium
405,medium,medium,medium,medium,medium,low,medium,medium,medium,medium,medium,medium,low,medium,high,low,low,medium,low,medium,low,medium,low,medium,medium,high,high,low,medium,high,low,medium,high,medium,medium,medium,high,high,high,medium,medium,medium,medium,medium,medium,medium,low,medium,medium,low,low,low,medium,medium,medium,medium,low,low,high,medium,medium,low,low,medium,high,high,high,low,low,low,low,high,medium,high,high,low,low,low,medium,medium,medium,medium,medium,medium,medium,medium,medium,medium,medium,medium,medium,medium,medium,low,medium,medium,medium,high,high,low
406,medium,low,low,medium,low,low,low,low,low,medium,high,medium,medium,high,medium,medium,high,medium,medium,medium,low,low,medium,high,medium,medium,medium,high,high,low,medium,medium,low,medium,medium,high,high,medium,medium,high,medium,medium,medium,medium,medium,medium,low,high,high,medium,medium,low,medium,medium,medium,low,medium,medium,high,medium,low,low,low,medium,high,high,high,medium,low,medium,medium,high,medium,high,medium,medium,medium,low,medium,medium,high,low,high,low,medium,medium,medium,medium,medium,medium,medium,medium,medium,high,low,high,low,medium,high,medium
407,low,low,high,low,low,medium,low,low,medium,medium,low,medium,high,high,medium,high,high,low,low,low,low,high,high,high,high,high,high,high,medium,high,high,low,low,high,high,high,high,high,high,high,medium,high,high,high,high,high,high,medium,medium,high,high,medium,high,low,low,medium,medium,high,low,medium,high,high,high,high,high,medium,low,medium,high,low,low,medium,medium,medium,high,medium,low,high,low,low,high,high,high,high,high,high,high,medium,low,high,high,high,high,low,low,high,low,low,low,high
408,medium,low,low,high,medium,high,high,medium,low,medium,low,medium,high,low,low,high,medium,high,high,medium,high,high,medium,medium,low,low,low,medium,low,high,medium,low,low,high,medium,high,medium,medium,high,high,high,high,high,medium,medium,medium,medium,high,high,low,low,high,medium,high,low,low,low,low,high,high,high,medium,medium,medium,low,high,high,high,low,low,low,low,low,medium,high,medium,low,low,high,high,high,medium,high,medium,high,high,high,high,medium,high,medium,medium,high,low,high,high,high,medium,medium,low
409,medium,medium,medium,high,medium,low,medium,medium,medium,low,high,high,medium,high,high,low,low,high,medium,medium,medium,medium,low,medium,medium,low,low,low,medium,medium,low,high,high,high,high,high,high,high,high,high,medium,medium,high,high,high,high,high,medium,medium,high,high,low,high,low,medium,medium,medium,low,medium,high,medium,high,high,high,high,medium,medium,high,high,low,low,low,low,medium,high,high,high,low,low,medium,high,high,high,high,high,high,high,medium,medium,high,medium,high,high,high,low,low,low,low,low,high
410,high,medium,medium,medium,high,high,medium,medium,low,high,medium,medium,medium,low,high,medium,low,high,medium,medium,high,high,medium,low,low,low,low,low,low,high,medium,medium,medium,low,low,medium,medium,medium,low,low,low,low,low,low,low,low,low,low,low,low,low,low,low,high,high,high,high,high,low,low,low,low,low,low,medium,low,low,medium,low,medium,medium,high,medium,high,low,low,low,medium,medium,medium,low,low,low,low,low,low,low,medium,high,low,low,low,low,low,medium,medium,high,high,high,low
411,medium,medium,low,low,high,medium,low,medium,low,medium,low,medium,medium,medium,high,high,high,low,low,medium,low,medium,high,high,high,high,high,high,medium,high,high,low,low,low,low,low,low,low,low,low,low,low,low,low,low,low,medium,low,medium,medium,low,high,low,medium,high,high,high,low,low,low,medium,low,low,low,low,low,low,low,medium,high,high,low,low,low,low,medium,high,medium,high,high,low,low,low,low,low,low,low,medium,medium,low,low,low,low,high,high,low,low,medium,medium,medium
412,high,medium,medium,high,high,high,medium,low,medium,medium,medium,high,high,low,medium,low,high,low,medium,medium,low,low,high,high,high,medium,medium,high,high,low,high,high,medium,low,low,low,medium,low,low,low,low,low,low,low,low,low,medium,low,low,medium,medium,low,low,high,medium,high,high,low,low,low,medium,low,low,low,high,low,low,medium,medium,low,low,high,medium,high,low,low,low,low,low,medium,low,low,low,low,low,low,low,high,high,low,low,low,low,medium,medium,medium,high,high,high,low
413,high,high,medium,low,medium,medium,high,high,medium,low,medium,low,low,low,low,medium,medium,high,high,high,high,medium,high,medium,medium,low,low,medium,medium,medium,high,medium,medium,low,low,low,low,low,low,low,low,low,low,low,low,low,medium,low,medium,low,low,high,low,high,high,high,high,medium,low,medium,low,low,low,low,low,low,low,low,low,medium,medium,low,low,low,low,medium,high,high,high,medium,low,low,low,low,low,low,low,high,high,low,low,low,low,high,high,high,medium,medium,medium,low
414,medium,high,high,low,low,low,medium,high,high,low,low,low,low,high,medium,low,high,low,low,low,low,low,high,high,high,high,high,high,high,low,high,high,high,high,high,low,medium,low,low,medium,high,high,high,high,high,high,high,high,high,medium,medium,high,medium,high,medium,low,medium,medium,medium,medium,high,high,medium,medium,low,medium,medium,high,high,high,high,high,medium,high,high,high,high,high,high,high,high,high,high,high,high,high,high,medium,medium,high,high,high,high,high,high,low,medium,low,low,low
415,low,low,low,medium,high,high,medium,medium,low,medium,low,low,low,low,high,medium,low,medium,low,low,high,high,low,low,high,medium,high,low,low,high,low,low,high,high,high,low,low,low,low,low,low,medium,medium,high,high,high,high,medium,medium,high,high,medium,high,low,medium,low,high,high,medium,medium,high,high,high,high,high,medium,low,medium,high,medium,medium,high,medium,high,low,high,high,low,high,high,high,high,high,high,high,high,high,low,low,high,medium,high,high,high,high,medium,low,low,low,high
416,low,high,low,high,low,low,low,high,high,low,low,low,medium,medium,low,high,low,medium,high,high,high,high,low,medium,medium,medium,medium,low,low,high,low,low,medium,high,high,low,low,low,low,medium,high,high,high,high,high,high,high,high,high,high,high,high,high,low,low,low,high,high,high,high,high,high,high,high,medium,medium,medium,high,high,medium,medium,medium,medium,medium,low,high,high,high,high,high,high,high,high,high,high,high,high,high,low,high,high,high,high,high,high,low,low,low,low,high
417,low,high,high,high,medium,high,low,high,high,high,low,medium,high,high,high,low,low,high,high,high,high,low,low,low,low,medium,medium,low,medium,low,low,high,high,medium,high,medium,low,low,low,low,high,high,high,medium,medium,high,high,medium,high,medium,medium,low,medium,medium,low,low,medium,low,medium,high,high,medium,medium,medium,high,medium,medium,high,medium,low,low,high,medium,high,low,high,high,low,low,high,high,medium,high,medium,medium,medium,medium,low,low,medium,medium,medium,medium,medium,high,high,medium,medium,medium,low
418,high,high,high,high,high,medium,medium,high,high,medium,medium,low,low,high,high,low,medium,high,low,low,medium,medium,medium,low,high,low,medium,medium,high,medium,medium,high,high,low,medium,medium,low,low,low,low,low,medium,medium,medium,medium,medium,high,low,low,medium,medium,high,medium,medium,high,medium,high,high,medium,medium,medium,medium,medium,medium,low,low,medium,low,medium,low,low,low,low,low,low,medium,high,high,low,low,high,low,high,low,medium,medium,low,medium,high,medium,low,medium,medium,high,high,low,low,low,low,high
419,high,low,low,medium,medium,medium,medium,low,low,high,high,low,high,low,low,medium,medium,low,medium,high,medium,medium,low,low,low,medium,medium,medium,medium,medium,low,medium,medium,high,high,low,medium,medium,medium,medium,high,high,high,high,high,high,medium,medium,high,medium,medium,low,high,low,low,low,low,high,high,high,medium,high,high,high,high,high,high,low,high,high,high,high,medium,high,medium,high,high,low,medium,high,high,high,high,high,high,high,high,high,high,medium,medium,high,high,high,low,medium,low,low,low,medium
420,high,high,high,high,low,medium,medium,medium,high,medium,high,high,medium,high,low,high,high,medium,low,medium,low,medium,high,high,high,high,high,high,medium,high,high,low,low,high,medium,high,medium,medium,high,high,high,high,high,medium,medium,medium,medium,high,high,low,low,medium,medium,medium,medium,high,medium,low,medium,medium,medium,medium,medium,medium,medium,medium,medium,low,medium,low,low,low,low,medium,high,high,medium,high,low,low,high,high,high,high,high,high,high,high,high,high,high,medium,high,high,low,medium,medium,medium,medium,low
421,low,medium,low,low,low,medium,high,high,low,low,high,high,high,high,high,low,high,medium,low,low,low,low,high,high,high,high,high,high,high,low,high,high,low,high,high,high,high,high,high,high,high,high,high,high,high,high,high,high,high,high,high,low,high,low,low,low,medium,low,high,high,high,high,high,high,high,high,high,low,high,medium,medium,low,low,medium,medium,high,high,medium,low,medium,high,high,high,high,high,high,high,low,low,high,high,high,high,high,low,high,low,low,low,high
422,low,medium,medium,low,medium,high,medium,medium,low,medium,high,medium,high,medium,medium,high,medium,high,high,high,high,high,medium,low,medium,low,low,medium,low,high,medium,low,low,low,low,low,low,low,medium,low,low,low,low,low,low,low,low,low,low,medium,medium,low,low,high,high,high,high,low,low,low,low,low,low,low,high,medium,low,medium,low,medium,medium,low,low,low,low,low,medium,low,medium,medium,low,low,low,low,low,low,low,low,low,low,low,low,low,medium,medium,high,high,high,high,low
423,medium,high,high,low,low,medium,low,high,high,high,high,high,low,low,high,high,high,low,low,low,low,high,high,high,high,high,high,high,medium,high,high,low,low,low,low,low,low,low,low,low,low,low,low,low,low,low,high,low,low,medium,medium,low,low,high,high,high,high,medium,low,low,low,low,low,low,high,low,low,low,high,low,low,low,low,low,low,low,medium,high,low,low,low,low,low,low,low,low,low,low,medium,low,low,low,low,low,medium,high,low,low,low,high
424,medium,low,low,high,high,high,low,low,medium,high,medium,high,high,high,medium,low,low,low,low,low,low,low,low,low,low,low,medium,low,high,low,low,high,high,low,low,low,low,low,low,low,low,low,low,low,low,low,medium,low,low,medium,medium,low,low,high,high,high,high,medium,low,low,low,low,low,low,low,low,low,high,high,low,low,low,low,low,low,low,medium,low,medium,medium,low,low,low,low,low,low,low,low,medium,low,low,low,low,medium,high,low,low,medium,medium,high
425,high,medium,low,low,low,low,low,low,high,high,high,high,medium,low,medium,low,low,high,high,high,medium,low,low,low,low,low,low,low,medium,low,low,high,high,low,low,medium,medium,medium,low,low,low,low,medium,low,low,low,medium,low,low,medium,medium,medium,medium,medium,medium,medium,medium,high,medium,medium,low,medium,medium,medium,medium,medium,medium,medium,medium,low,low,medium,medium,high,low,low,medium,medium,medium,medium,medium,low,medium,low,low,low,low,high,high,low,low,low,low,medium,medium,medium,low,medium,high,medium
426,high,medium,medium,medium,high,high,high,high,low,high,medium,medium,high,medium,low,low,low,high,high,high,medium,high,low,low,low,low,low,low,medium,medium,low,high,high,low,low,low,low,low,low,low,low,low,low,low,low,low,medium,low,low,low,low,high,low,high,high,high,high,medium,low,low,low,low,low,low,low,low,low,medium,low,low,low,low,low,medium,low,low,medium,low,high,high,low,low,low,low,low,low,low,high,high,low,low,low,low,medium,high,high,high,high,high,low
427,low,low,low,medium,medium,medium,low,low,medium,medium,medium,medium,medium,low,low,medium,medium,high,high,medium,medium,medium,medium,medium,medium,medium,low,medium,medium,medium,medium,medium,medium,low,low,low,medium,medium,low,low,low,low,low,low,low,low,low,low,low,low,low,high,low,high,high,high,high,high,low,low,low,low,low,low,low,low,low,medium,low,low,low,low,low,medium,low,low,medium,low,high,high,low,low,low,low,low,low,low,low,low,low,low,low,low,medium,high,low,high,high,medium,low
428,medium,low,medium,low,low,low,high,high,low,medium,low,low,low,medium,medium,medium,medium,low,low,low,medium,medium,medium,high,high,high,high,medium,medium,high,medium,medium,medium,high,high,low,medium,medium,medium,high,high,high,high,high,high,high,high,high,high,medium,medium,medium,high,low,low,low,medium,high,high,high,high,high,high,high,high,high,high,low,medium,medium,medium,low,low,low,high,medium,low,low,medium,medium,high,high,high,high,high,high,high,medium,medium,high,medium,high,high,low,low,medium,low,low,low,medium
429,high,medium,medium,high,low,medium,high,medium,medium,low,medium,low,high,medium,high,low,low,low,medium,medium,medium,medium,low,medium,low,medium,medium,low,medium,medium,low,high,high,medium,medium,medium,high,high,medium,high,medium,medium,medium,medium,medium,medium,low,high,medium,low,low,high,medium,medium,medium,medium,low,high,high,medium,medium,low,low,medium,low,high,high,low,low,medium,medium,low,low,low,medium,medium,low,medium,high,medium,medium,medium,medium,medium,medium,medium,medium,high,high,medium,medium,low,medium,low,high,medium,high,high,high,low
430,medium,high,medium,low,low,low,medium,high,low,low,medium,high,high,high,medium,high,high,low,low,low,medium,medium,high,medium,high,medium,medium,high,medium,high,high,low,low,high,high,medium,medium,medium,high,medium,medium,high,high,high,high,high,high,high,medium,high,high,high,high,low,low,low,low,high,high,high,high,high,high,high,high,high,high,low,high,low,low,medium,medium,high,medium,high,high,high,medium,medium,high,high,high,high,high,high,high,high,medium,high,high,high,high,high,low,low,low,low,low,high
431,medium,medium,medium,low,medium,high,medium,medium,medium,medium,high,medium,medium,medium,high,high,medium,low,medium,medium,medium,high,medium,low,low,high,high,medium,low,high,medium,low,low,medium,low,high,high,high,high,high,low,low,low,low,low,low,low,low,low,low,low,low,low,high,high,high,medium,low,medium,low,low,low,low,low,high,medium,medium,medium,low,medium,medium,high,medium,high,low,medium,high,medium,low,low,low,medium,low,medium,low,low,medium,medium,medium,medium,medium,low,low,high,medium,medium,medium,high,high,low
432,medium,low,medium,low,high,low,high,high,medium,low,medium,low,low,medium,high,medium,medium,low,high,medium,medium,medium,high,medium,low,low,medium,medium,medium,medium,high,medium,low,high,high,high,high,high,medium,medium,medium,medium,high,high,high,high,high,medium,low,high,high,high,high,low,low,medium,medium,low,medium,medium,high,high,high,high,high,medium,medium,medium,high,low,low,medium,medium,high,high,medium,low,medium,high,high,high,high,high,high,high,high,high,high,medium,high,high,high,high,low,low,medium,low,low,low,high
433,low,medium,medium,high,high,high,high,high,low,low,medium,medium,medium,low,low,medium,medium,medium,medium,low,medium,medium,medium,medium,low,medium,medium,medium,medium,medium,medium,medium,medium,medium,medium,medium,medium,medium,high,high,high,medium,medium,medium,medium,medium,medium,high,medium,medium,medium,high,medium,low,low,low,low,high,high,high,medium,medium,high,medium,low,high,high,medium,medium,medium,medium,low,low,low,medium,high,high,medium,high,high,medium,medium,medium,medium,medium,medium,medium,low,low,medium,high,medium,medium,high,high,medium,medium,medium,medium,low
434,medium,medium,medium,medium,high,high,low,low,low,medium,medium,high,high,medium,low,low,medium,low,low,low,low,medium,medium,medium,medium,high,high,medium,high,medium,medium,high,high,low,low,medium,medium,medium,low,low,low,low,low,medium,medium,low,medium,low,low,high,high,medium,low,medium,high,high,high,medium,medium,low,low,low,medium,low,medium,medium,low,low,medium,high,high,medium,medium,medium,low,low,medium,low,medium,high,medium,low,medium,low,low,low,low,medium,medium,low,low,low,low,medium,high,high,medium,medium,medium,low
435,medium,medium,high,high,medium,high,medium,low,medium,low,medium,low,low,low,low,high,high,high,medium,medium,medium,medium,medium,medium,medium,low,low,high,medium,medium,medium,low,low,medium,medium,low,low,low,medium,medium,low,low,medium,high,high,medium,high,medium,low,high,high,high,high,low,medium,medium,medium,high,high,low,low,high,high,high,medium,high,high,medium,high,low,low,low,low,low,medium,low,low,high,medium,medium,low,medium,low,medium,medium,low,medium,medium,medium,medium,medium,medium,medium,low,high,medium,medium,medium,medium,low
436,low,high,high,high,low,high,high,high,high,medium,high,high,low,medium,high,medium,medium,low,low,medium,medium,low,medium,low,low,high,high,medium,medium,medium,medium,medium,medium,high,high,medium,medium,high,high,medium,medium,medium,high,high,high,high,high,medium,medium,high,high,medium,high,low,medium,medium,medium,low,medium,low,high,high,high,high,high,medium,medium,low,high,low,low,high,medium,high,high,high,high,high,low,low,high,high,high,high,high,high,high,medium,low,high,high,high,high,high,low,medium,low,low,low,high
437,low,high,high,low,high,high,low,medium,high,medium,high,high,low,low,low,low,low,high,high,high,high,medium,low,low,low,low,low,low,medium,medium,low,high,high,medium,low,high,high,high,medium,medium,medium,low,low,low,low,low,low,medium,medium,low,low,low,low,high,high,medium,medium,low,low,low,low,low,low,low,high,low,low,high,medium,high,high,medium,medium,medium,medium,medium,medium,high,low,low,low,medium,low,medium,low,low,medium,low,low,medium,medium,low,medium,medium,low,medium,high,high,high,low
438,medium,medium,medium,medium,low,medium,high,medium,medium,medium,high,medium,low,high,high,medium,high,low,low,low,medium,low,high,medium,low,high,high,high,high,low,high,medium,medium,medium,medium,high,high,high,high,medium,medium,high,medium,medium,medium,medium,medium,medium,medium,medium,medium,high,medium,medium,low,low,high,high,high,high,medium,medium,medium,medium,medium,high,medium,medium,low,medium,medium,high,medium,high,high,medium,low,medium,high,medium,medium,medium,medium,medium,medium,medium,medium,medium,medium,medium,medium,medium,medium,medium,medium,high,medium,low,medium,low
439,high,high,high,low,medium,high,medium,high,medium,high,medium,medium,low,low,high,medium,medium,low,low,low,high,medium,low,high,high,medium,high,medium,medium,medium,low,medium,medium,low,low,low,low,low,low,low,low,low,low,low,low,low,medium,low,low,medium,medium,low,low,high,high,high,high,low,low,low,medium,low,low,low,high,low,low,medium,medium,medium,medium,medium,medium,medium,low,low,medium,medium,low,low,medium,low,medium,low,low,low,low,high,high,low,low,low,low,low,medium,high,medium,medium,medium,low
440,high,medium,high,medium,high,medium,high,medium,medium,medium,medium,medium,high,low,medium,medium,medium,medium,low,low,high,high,low,high,high,high,high,medium,low,high,low,medium,medium,low,low,medium,low,medium,medium,medium,medium,low,low,low,low,low,low,medium,medium,low,low,low,low,high,medium,medium,medium,low,medium,medium,low,low,low,low,high,medium,medium,medium,low,medium,medium,medium,medium,medium,medium,low,low,medium,low,low,low,low,low,low,low,low,low,high,high,low,medium,low,low,low,low,high,high,high,high,low
441,high,high,high,high,low,low,high,medium,high,medium,high,medium,low,high,high,medium,medium,medium,low,low,low,medium,medium,high,high,high,high,medium,medium,medium,high,medium,medium,low,low,high,medium,low,low,medium,low,low,low,low,low,low,medium,medium,low,medium,medium,low,low,high,medium,high,medium,medium,medium,low,low,low,low,low,high,medium,medium,low,low,low,low,low,low,medium,medium,low,low,high,low,low,low,low,low,low,low,low,low,high,high,low,medium,low,low,low,medium,medium,low,medium,medium,medium
442,low,high,medium,high,high,high,medium,medium,medium,medium,high,medium,high,high,high,low,medium,high,high,high,medium,medium,medium,low,low,low,low,medium,medium,low,medium,medium,low,medium,low,high,high,high,high,high,medium,medium,medium,low,low,low,low,high,medium,low,low,high,low,high,medium,medium,medium,high,medium,medium,medium,low,low,low,low,medium,medium,low,low,low,low,high,medium,high,low,high,high,high,medium,medium,medium,medium,medium,medium,medium,medium,medium,low,low,medium,medium,low,medium,high,medium,low,high,high,high,low
443,medium,high,high,medium,low,low,medium,medium,medium,high,low,medium,high,medium,medium,low,low,high,low,low,low,low,low,low,medium,low,low,low,high,low,low,high,high,low,low,high,medium,medium,high,medium,low,low,low,medium,medium,low,low,low,low,medium,medium,medium,low,medium,high,high,high,high,low,low,low,medium,medium,low,medium,low,low,medium,medium,low,low,low,low,low,low,medium,high,high,low,low,low,low,low,low,low,low,low,medium,medium,low,medium,low,low,medium,medium,high,high,high,high,low
444,low,low,high,low,low,low,high,medium,high,medium,high,low,medium,high,high,low,medium,low,low,low,low,medium,low,medium,medium,medium,high,medium,high,medium,medium,high,high,high,high,high,high,high,high,high,high,high,high,high,high,high,high,high,high,high,high,medium,high,low,low,low,low,medium,high,high,high,high,high,high,high,high,high,low,high,medium,medium,low,low,low,high,high,low,high,low,low,high,high,high,high,high,high,high,low,low,high,high,high,high,low,low,high,low,low,low,high
445,medium,medium,medium,low,high,medium,medium,low,medium,low,high,high,medium,medium,medium,medium,high,high,medium,medium,low,medium,high,high,medium,medium,medium,high,medium,high,high,low,low,medium,medium,high,high,high,high,medium,medium,medium,medium,medium,medium,medium,low,medium,medium,low,low,high,medium,high,medium,medium,low,high,high,high,medium,low,low,medium,low,high,high,medium,low,high,high,low,low,low,medium,medium,medium,medium,high,high,medium,medium,medium,medium,medium,medium,medium,medium,medium,medium,medium,medium,medium,high,high,low,medium,high,high,low
446,medium,low,low,high,high,medium,low,low,low,medium,low,high,high,high,medium,high,high,low,low,low,low,low,high,high,high,high,high,high,high,low,high,low,low,medium,medium,low,high,medium,medium,medium,high,medium,medium,medium,medium,medium,medium,medium,high,medium,medium,medium,medium,medium,low,low,high,medium,medium,medium,high,medium,medium,medium,medium,medium,medium,medium,medium,medium,medium,low,low,low,medium,high,high,low,medium,high,medium,medium,medium,medium,medium,medium,medium,medium,medium,medium,medium,medium,medium,high,medium,medium,low,medium,medium,medium
447,medium,high,high,high,medium,high,medium,high,high,medium,low,low,low,medium,medium,high,low,high,high,high,high,high,low,low,low,low,low,low,low,high,low,low,high,medium,low,medium,high,high,high,high,medium,medium,low,low,low,low,low,medium,low,low,low,medium,low,high,high,medium,medium,medium,medium,medium,low,low,low,low,medium,medium,medium,medium,low,medium,medium,low,low,low,medium,medium,medium,high,low,low,medium,low,medium,low,medium,medium,medium,low,medium,medium,medium,medium,low,medium,low,low,medium,medium,high,low
448,low,medium,medium,high,medium,medium,low,low,medium,medium,medium,medium,medium,low,high,medium,medium,low,high,high,medium,high,low,medium,low,low,low,medium,medium,high,medium,medium,medium,medium,medium,high,high,high,high,high,medium,medium,medium,medium,medium,medium,low,medium,medium,medium,medium,medium,medium,medium,medium,medium,medium,low,medium,medium,medium,medium,medium,medium,medium,medium,medium,high,medium,medium,medium,medium,medium,high,high,low,low,medium,medium,low,medium,high,medium,high,medium,medium,medium,medium,low,medium,medium,medium,medium,low,low,high,medium,high,high,low
449,low,medium,low,medium,low,low,low,low,medium,low,medium,medium,medium,medium,low,low,medium,medium,low,low,low,low,low,high,medium,high,high,medium,high,low,low,high,high,high,high,high,medium,high,high,high,high,high,high,high,high,high,high,high,high,high,high,high,high,low,medium,medium,low,high,medium,high,high,high,high,high,low,high,medium,high,high,low,low,low,low,low,high,high,high,high,high,high,high,high,high,high,high,high,high,medium,low,high,high,high,high,high,high,high,low,low,low,high
450,low,low,medium,high,medium,medium,medium,low,medium,low,high,low,medium,high,medium,low,low,low,low,medium,high,medium,low,low,low,high,high,low,medium,medium,low,medium,high,high,high,medium,low,low,medium,medium,high,high,high,high,high,high,high,medium,high,high,high,high,high,low,low,medium,high,high,medium,high,high,high,high,high,medium,low,low,high,high,medium,medium,high,low,high,high,medium,low,low,high,high,high,high,high,high,high,high,high,medium,low,high,high,high,high,low,high,low,low,low,low,high
451,high,high,high,high,low,low,high,high,high,medium,low,medium,medium,high,medium,high,high,high,medium,low,medium,low,high,medium,low,low,low,high,medium,low,high,low,low,medium,medium,medium,low,low,low,medium,medium,medium,low,medium,medium,medium,medium,high,medium,low,medium,low,medium,medium,medium,medium,high,high,medium,low,medium,medium,medium,medium,low,low,low,high,medium,high,high,high,medium,medium,medium,low,low,medium,low,low,low,medium,low,low,low,low,medium,high,high,low,low,low,low,low,high,high,high,high,high,low
452,medium,medium,low,high,low,medium,medium,low,low,low,high,medium,medium,medium,low,high,high,low,low,medium,medium,high,high,high,medium,medium,high,high,low,high,high,low,low,medium,high,medium,low,low,low,medium,medium,medium,high,high,high,high,high,medium,medium,high,high,medium,high,low,low,medium,high,medium,low,medium,high,high,high,high,medium,low,low,low,high,low,low,medium,medium,high,low,high,high,low,high,high,medium,high,medium,high,high,high,medium,medium,medium,high,medium,high,high,high,medium,high,low,low,low,high
453,medium,high,high,low,medium,high,high,high,high,high,medium,low,low,medium,medium,high,high,medium,high,high,low,medium,high,high,low,medium,medium,high,medium,medium,high,low,low,medium,medium,medium,medium,medium,medium,low,low,medium,high,medium,medium,medium,high,low,low,high,medium,low,medium,medium,high,high,high,low,low,low,medium,medium,medium,medium,high,low,low,low,high,high,high,low,low,low,medium,medium,medium,high,low,low,medium,high,medium,high,high,medium,medium,medium,medium,medium,low,high,medium,low,low,medium,low,medium,medium,medium
454,low,medium,high,medium,low,high,high,low,high,low,medium,medium,low,medium,high,high,high,medium,low,medium,medium,medium,high,high,medium,medium,medium,high,medium,medium,high,low,low,high,high,high,high,high,high,high,high,high,high,high,high,high,high,medium,medium,high,high,low,high,low,low,low,low,medium,high,high,high,high,high,high,high,high,high,high,high,medium,medium,low,low,low,high,medium,low,high,low,low,high,high,high,medium,high,high,high,medium,low,high,high,high,high,low,low,high,low,low,low,high
455,low,high,high,high,medium,high,high,high,high,low,high,medium,low,low,high,medium,medium,medium,low,low,medium,medium,medium,medium,medium,medium,medium,medium,medium,high,medium,medium,medium,high,high,medium,high,high,high,high,high,high,high,high,high,high,medium,high,high,medium,medium,high,high,low,low,low,medium,medium,high,high,high,high,high,high,medium,high,high,medium,high,medium,medium,high,medium,high,high,high,low,high,low,low,high,high,high,high,high,high,high,low,low,high,high,high,high,low,low,medium,low,medium,medium,medium
456,medium,medium,low,low,low,low,medium,high,medium,low,medium,medium,high,medium,low,low,medium,high,high,high,medium,low,high,low,low,medium,medium,medium,medium,low,high,high,medium,high,high,low,medium,high,high,high,high,high,high,high,high,high,high,high,medium,high,high,high,high,low,medium,medium,low,low,high,high,medium,high,high,high,medium,high,high,high,high,low,low,medium,medium,high,low,high,high,medium,high,medium,high,medium,high,medium,high,high,high,high,medium,high,high,high,high,high,medium,high,low,low,low,high
457,medium,high,medium,low,low,high,low,medium,low,low,low,high,high,high,medium,medium,medium,low,high,medium,medium,medium,low,medium,medium,medium,high,medium,medium,medium,low,medium,high,high,high,medium,medium,medium,high,high,high,high,high,high,high,high,high,high,high,high,high,high,high,low,low,low,low,high,high,high,high,high,high,high,high,high,high,high,high,medium,medium,low,low,low,medium,high,high,high,medium,low,high,high,high,high,high,high,high,medium,medium,high,high,high,high,high,low,medium,low,low,low,high
458,low,low,low,medium,medium,low,high,high,medium,high,medium,medium,medium,low,high,medium,high,high,medium,low,medium,low,high,high,high,medium,medium,high,high,low,high,medium,low,high,high,high,high,high,high,high,medium,high,high,high,high,high,high,medium,medium,high,high,low,high,low,low,low,low,medium,high,high,high,high,high,high,high,high,high,high,high,low,low,low,low,low,medium,high,high,low,medium,medium,high,high,high,high,high,high,high,low,low,high,high,high,high,high,low,high,low,low,low,high
459,low,medium,medium,medium,medium,high,medium,medium,low,medium,high,medium,high,high,low,high,low,high,high,high,high,medium,medium,low,low,low,low,low,low,low,medium,medium,low,high,high,high,high,high,high,high,high,high,high,high,high,high,medium,high,high,medium,medium,high,high,low,low,low,low,high,high,high,high,high,high,high,low,high,high,high,medium,medium,medium,low,low,low,high,high,high,high,high,high,high,high,high,high,high,high,high,low,low,high,high,high,high,high,high,medium,high,high,high,low
460,medium,low,low,high,medium,low,high,low,low,medium,medium,medium,medium,medium,low,medium,high,medium,medium,medium,medium,low,high,high,high,high,high,high,high,low,high,medium,low,medium,high,medium,high,high,medium,medium,medium,medium,high,high,high,high,high,low,medium,high,high,high,high,medium,medium,medium,medium,high,high,medium,high,high,high,high,low,medium,medium,high,high,medium,medium,high,medium,high,medium,high,high,low,high,high,medium,high,medium,high,high,high,medium,medium,medium,medium,medium,high,high,high,high,medium,low,medium,medium,high
461,low,medium,low,low,high,high,medium,low,low,low,medium,low,medium,medium,medium,low,high,low,medium,medium,low,low,high,high,high,high,high,high,high,low,high,high,medium,medium,low,medium,high,high,high,high,medium,low,low,low,low,low,low,medium,medium,low,low,medium,low,high,high,high,medium,low,medium,medium,low,low,low,low,medium,medium,medium,medium,low,low,low,high,medium,high,medium,high,high,low,medium,high,low,medium,low,medium,low,low,medium,low,low,medium,medium,low,medium,high,high,medium,high,high,high,low
462,medium,high,high,low,high,high,medium,high,high,medium,low,medium,low,low,low,high,high,low,medium,medium,medium,medium,high,high,high,high,high,high,medium,high,high,low,low,low,medium,low,low,low,low,low,medium,medium,low,medium,medium,medium,high,medium,medium,high,high,high,medium,medium,medium,medium,high,medium,medium,medium,medium,medium,medium,medium,medium,low,medium,medium,medium,low,low,low,low,medium,medium,low,medium,medium,medium,medium,medium,low,medium,low,medium,medium,low,medium,medium,medium,medium,medium,medium,low,medium,medium,low,low,low,high
463,low,high,high,low,low,low,medium,high,high,low,low,low,low,high,medium,high,low,medium,high,high,medium,high,medium,high,medium,high,high,low,low,high,medium,low,medium,high,medium,high,high,high,high,high,high,high,high,medium,medium,medium,low,high,high,low,low,high,medium,medium,low,low,low,high,high,high,medium,medium,medium,medium,low,high,high,low,low,medium,medium,medium,medium,high,high,high,high,high,high,medium,high,medium,high,medium,high,high,high,low,low,high,high,medium,high,high,high,low,high,medium,medium,low
464,medium,medium,medium,high,high,high,high,medium,medium,low,high,medium,high,high,medium,high,high,high,medium,medium,medium,high,high,high,high,low,low,high,low,high,high,low,low,low,low,high,high,high,medium,low,low,medium,low,low,low,low,low,low,low,medium,low,medium,low,high,high,high,medium,medium,medium,low,low,low,low,low,medium,low,medium,medium,low,high,high,low,low,low,medium,low,low,low,medium,medium,low,low,low,low,low,low,low,medium,medium,low,low,low,low,low,high,high,high,high,high,low
465,low,high,high,high,medium,low,medium,medium,high,low,high,high,medium,high,medium,medium,medium,low,medium,medium,medium,high,low,medium,high,high,high,medium,medium,high,medium,medium,high,medium,medium,low,low,medium,medium,high,high,medium,medium,low,low,medium,low,high,high,low,low,medium,medium,high,medium,medium,medium,high,medium,medium,medium,low,low,medium,medium,medium,medium,medium,low,low,low,low,low,low,high,low,low,high,low,low,medium,medium,medium,medium,medium,medium,medium,low,low,medium,medium,low,medium,medium,medium,high,high,high,high,low
466,low,low,low,high,high,low,high,low,low,low,low,low,high,high,high,low,high,low,low,low,low,low,medium,medium,high,high,high,high,high,low,high,high,high,low,medium,low,low,low,low,low,low,medium,medium,medium,medium,medium,high,low,medium,medium,medium,low,medium,medium,medium,high,high,low,low,medium,medium,medium,medium,medium,high,low,low,low,high,low,low,high,medium,high,medium,low,medium,medium,medium,medium,medium,medium,medium,medium,medium,medium,low,low,low,low,low,medium,medium,medium,low,medium,medium,low,low,low
467,low,high,high,high,low,medium,high,high,high,high,medium,medium,medium,low,low,medium,high,medium,low,low,low,low,medium,high,high,medium,medium,high,high,medium,medium,medium,medium,low,low,low,medium,medium,medium,low,low,low,low,low,low,low,low,low,low,medium,medium,low,low,high,high,high,medium,low,low,medium,low,medium,low,low,high,low,low,high,medium,medium,medium,low,low,low,medium,low,low,high,low,low,medium,low,medium,low,low,low,low,low,low,low,low,low,low,low,low,medium,low,medium,medium,medium
468,medium,high,high,low,low,high,medium,medium,medium,low,high,medium,high,low,high,low,medium,medium,high,high,medium,low,low,low,low,low,low,medium,medium,low,medium,high,medium,low,low,low,medium,medium,medium,medium,low,low,low,low,low,low,low,medium,medium,low,medium,low,low,high,high,high,medium,low,medium,low,low,low,low,low,high,low,medium,medium,low,medium,medium,medium,medium,medium,medium,low,medium,medium,low,low,medium,low,medium,low,low,low,low,low,medium,low,low,low,low,medium,low,low,high,high,high,low
469,low,high,high,high,high,high,medium,high,medium,medium,low,low,medium,medium,medium,high,low,medium,high,high,high,high,medium,low,low,low,low,low,low,high,medium,low,medium,medium,medium,high,high,medium,medium,low,low,medium,medium,high,high,medium,high,low,medium,high,high,low,medium,low,high,high,high,medium,low,low,low,high,high,medium,high,low,low,low,high,medium,medium,high,medium,high,low,medium,high,high,low,low,medium,medium,medium,medium,medium,medium,medium,low,low,medium,low,medium,medium,medium,low,medium,low,low,low,high
470,high,medium,medium,medium,low,medium,high,medium,medium,low,high,medium,high,medium,low,high,medium,low,high,high,medium,medium,high,medium,medium,high,high,medium,low,medium,high,low,low,medium,medium,high,medium,medium,medium,medium,medium,low,medium,medium,medium,medium,medium,medium,low,high,high,medium,medium,low,medium,high,medium,medium,high,low,low,high,high,medium,high,medium,high,medium,high,medium,medium,medium,medium,high,high,low,low,medium,medium,medium,low,medium,low,medium,medium,medium,medium,high,high,medium,medium,medium,medium,low,medium,high,high,high,high,low
471,high,high,high,high,low,medium,high,medium,medium,high,high,low,low,low,high,high,medium,high,medium,low,high,medium,medium,low,low,medium,low,medium,low,high,medium,low,low,low,low,medium,high,medium,medium,medium,low,low,low,low,low,low,low,medium,low,low,low,low,low,high,medium,medium,high,low,low,medium,low,low,low,low,low,low,low,medium,low,medium,medium,medium,medium,medium,low,medium,medium,medium,low,low,low,low,low,low,low,low,low,high,high,low,low,low,low,medium,medium,medium,high,high,high,low
472,high,medium,medium,medium,low,medium,medium,low,medium,medium,high,medium,medium,high,high,low,high,low,low,low,low,low,high,high,high,high,high,high,high,low,high,high,low,low,low,low,medium,low,low,low,low,low,low,low,low,low,low,low,low,medium,medium,low,low,high,high,high,high,low,low,low,low,low,low,low,high,low,low,medium,medium,high,high,medium,medium,medium,low,low,medium,medium,medium,medium,low,low,low,low,low,low,low,medium,high,low,low,low,low,medium,medium,high,high,high,high,low
473,high,high,high,low,medium,high,high,medium,high,medium,high,medium,medium,low,medium,high,high,high,medium,medium,high,high,medium,high,high,low,low,high,low,high,medium,low,low,low,low,low,low,low,low,low,low,low,low,low,low,low,low,low,low,low,low,medium,low,high,high,high,high,low,low,low,low,low,low,low,medium,low,low,low,medium,high,high,medium,medium,medium,low,low,medium,high,low,low,low,low,low,low,low,low,low,medium,high,low,low,low,low,medium,medium,high,high,high,high,low
474,low,low,medium,medium,low,medium,low,low,medium,low,low,low,low,high,medium,high,high,low,low,low,low,medium,high,medium,high,low,medium,high,medium,medium,high,low,low,low,medium,medium,medium,low,low,low,low,medium,medium,medium,medium,medium,medium,low,low,medium,medium,medium,low,high,high,medium,medium,medium,low,low,medium,low,low,low,medium,medium,medium,medium,low,low,low,medium,medium,medium,medium,low,low,medium,medium,medium,medium,low,medium,low,low,low,low,low,low,low,low,medium,low,low,medium,medium,low,medium,medium,medium
475,medium,medium,medium,low,low,medium,high,medium,medium,medium,high,low,high,medium,high,low,high,low,low,low,low,low,high,high,medium,high,high,high,high,low,high,medium,low,low,high,medium,low,low,low,low,low,low,medium,high,high,high,high,low,low,high,high,low,high,low,medium,medium,high,low,low,medium,medium,high,high,high,high,low,low,high,high,medium,medium,low,low,low,medium,low,low,medium,medium,medium,medium,high,medium,high,high,high,low,low,medium,medium,low,high,medium,low,medium,medium,low,low,low,high
476,medium,medium,medium,high,medium,medium,medium,low,medium,low,high,medium,low,high,high,medium,high,low,high,medium,low,medium,medium,high,medium,high,high,high,high,medium,high,high,medium,low,low,medium,low,medium,medium,medium,low,low,low,low,low,low,low,low,low,low,medium,medium,low,high,high,high,medium,medium,low,low,low,low,low,low,medium,medium,low,high,medium,medium,medium,high,medium,high,low,low,medium,medium,medium,medium,low,low,low,low,low,low,low,medium,medium,low,low,low,low,medium,medium,medium,high,high,high,low
477,high,low,medium,high,medium,high,high,medium,low,high,low,low,low,low,low,low,low,medium,high,high,medium,medium,low,low,low,low,low,low,medium,medium,low,high,high,low,low,medium,low,low,medium,medium,low,low,low,low,low,low,low,low,low,low,medium,high,low,medium,high,medium,medium,low,high,medium,medium,low,low,low,low,medium,medium,low,medium,low,low,high,medium,high,low,low,medium,low,high,high,low,low,low,low,low,low,low,medium,high,low,medium,low,low,medium,medium,high,high,high,high,low
478,high,medium,high,low,low,low,medium,high,high,medium,medium,medium,low,high,high,medium,medium,high,high,high,high,medium,medium,medium,low,low,low,medium,low,medium,medium,medium,low,medium,medium,low,low,low,low,low,medium,high,high,medium,medium,medium,high,medium,high,medium,medium,low,medium,medium,low,medium,low,medium,high,medium,high,medium,medium,medium,high,high,high,medium,medium,high,high,high,medium,high,high,low,low,medium,low,low,high,medium,high,medium,medium,medium,medium,high,high,medium,medium,medium,medium,low,low,medium,low,low,low,high
479,high,high,high,medium,low,medium,medium,high,high,low,high,high,low,medium,medium,low,low,medium,low,low,medium,medium,low,low,medium,high,high,low,medium,low,low,high,high,medium,high,medium,high,medium,medium,medium,medium,high,high,high,high,high,high,medium,medium,high,high,medium,high,low,medium,high,high,medium,low,low,medium,high,high,high,high,low,low,low,high,medium,medium,high,medium,high,high,medium,low,high,low,low,high,high,high,high,high,high,medium,high,high,high,high,high,high,low,low,high,low,low,low,medium
480,high,high,high,high,high,high,high,high,high,high,high,low,low,low,medium,medium,medium,medium,low,low,medium,high,medium,high,high,medium,medium,medium,medium,high,medium,medium,high,low,low,medium,low,low,low,low,low,low,low,low,low,low,medium,medium,low,low,low,high,low,high,high,high,medium,high,low,medium,medium,low,low,low,low,low,medium,high,low,medium,medium,medium,medium,medium,low,low,medium,high,high,medium,low,low,low,low,low,low,low,high,high,low,low,low,low,medium,high,medium,medium,medium,medium,low
481,high,low,low,high,high,medium,high,low,low,low,high,medium,medium,low,low,medium,low,high,high,high,high,high,low,medium,medium,low,low,low,low,medium,low,high,high,high,high,medium,high,high,medium,high,high,high,high,high,high,high,medium,high,medium,medium,medium,high,medium,medium,medium,medium,medium,low,high,medium,high,medium,medium,medium,low,high,high,high,medium,low,low,medium,medium,medium,medium,high,high,low,high,high,high,medium,high,medium,high,high,high,high,high,high,high,high,high,high,high,high,low,medium,medium,high
482,high,high,medium,low,low,medium,high,low,high,high,low,low,low,high,high,high,medium,low,high,high,medium,high,medium,high,high,high,high,medium,low,high,medium,low,medium,low,low,low,high,high,medium,medium,low,low,low,low,low,low,low,low,low,high,high,medium,low,high,high,high,medium,high,low,low,low,medium,low,low,medium,low,low,high,medium,high,high,low,low,low,medium,low,medium,low,medium,high,low,low,low,low,low,low,low,high,high,medium,medium,low,low,medium,high,high,high,high,high,low
483,medium,high,high,high,medium,high,medium,low,low,high,medium,high,high,medium,high,low,low,low,high,medium,medium,medium,low,low,medium,low,low,low,medium,medium,low,high,high,low,low,low,low,low,low,low,low,low,low,low,low,low,medium,low,low,medium,low,medium,low,high,high,high,high,medium,low,low,low,low,low,low,low,low,low,high,medium,low,low,low,low,medium,low,low,medium,low,high,high,low,low,low,low,low,low,low,medium,medium,low,low,low,low,medium,high,low,high,high,medium,low
484,low,low,low,medium,high,high,medium,medium,low,medium,medium,medium,low,medium,high,medium,low,high,high,high,high,medium,medium,medium,low,low,low,low,low,medium,low,high,high,low,low,medium,medium,medium,medium,medium,medium,medium,medium,low,low,low,medium,medium,medium,low,low,low,medium,high,medium,medium,medium,medium,low,medium,medium,low,low,medium,high,medium,medium,high,low,medium,medium,high,low,high,low,medium,medium,medium,medium,medium,medium,medium,medium,medium,medium,medium,medium,low,low,low,medium,low,low,medium,low,low,high,medium,medium,low
485,high,low,medium,high,medium,high,high,high,medium,medium,high,low,high,high,medium,high,low,high,high,high,high,high,medium,low,low,low,low,low,low,high,low,low,medium,medium,medium,medium,low,low,low,low,medium,medium,medium,medium,medium,medium,medium,medium,high,medium,medium,low,medium,medium,medium,medium,high,low,low,high,medium,medium,medium,medium,low,low,low,medium,low,high,high,high,medium,medium,low,medium,high,medium,medium,medium,medium,low,medium,low,medium,medium,medium,high,high,medium,medium,medium,medium,medium,low,low,medium,high,high,low
486,high,medium,medium,low,high,high,high,high,low,low,high,high,medium,medium,high,low,high,high,medium,low,low,low,high,high,high,low,low,high,high,low,high,high,medium,medium,low,high,medium,medium,high,high,medium,low,medium,medium,medium,low,low,medium,medium,medium,medium,medium,medium,medium,medium,medium,low,high,high,medium,medium,medium,medium,medium,medium,medium,high,medium,medium,high,high,low,low,low,medium,medium,medium,medium,high,medium,medium,medium,medium,medium,medium,medium,medium,high,high,medium,medium,low,medium,medium,medium,medium,medium,high,high,low
487,low,high,high,medium,high,high,medium,high,high,high,medium,high,low,medium,high,high,low,medium,medium,high,high,high,low,low,low,high,high,low,low,high,low,low,high,high,high,low,low,low,low,medium,medium,high,high,high,high,high,high,high,high,high,high,high,high,low,low,low,high,high,medium,high,high,high,high,high,medium,medium,medium,medium,high,high,high,medium,medium,medium,low,high,high,high,low,low,high,high,high,high,high,high,high,medium,low,high,medium,high,high,high,medium,high,low,medium,medium,medium
488,low,medium,medium,low,low,low,low,low,medium,medium,high,high,low,medium,medium,high,high,medium,low,low,low,medium,medium,high,high,low,medium,high,medium,medium,high,low,low,medium,medium,high,high,high,medium,medium,medium,medium,medium,medium,medium,medium,medium,medium,medium,medium,medium,low,medium,medium,medium,high,medium,low,medium,medium,medium,medium,medium,medium,high,medium,medium,high,medium,low,low,high,medium,high,medium,low,low,medium,low,medium,medium,medium,medium,medium,medium,medium,medium,low,low,medium,medium,medium,medium,low,low,low,medium,medium,medium,low
489,high,low,low,high,high,high,high,medium,low,high,medium,low,medium,low,low,medium,high,high,medium,medium,low,medium,high,medium,low,low,low,high,high,medium,high,medium,low,high,high,high,high,high,high,high,high,high,high,medium,medium,high,medium,high,high,low,low,high,medium,medium,low,low,low,high,medium,high,high,medium,medium,medium,low,high,high,medium,low,low,low,medium,medium,high,medium,high,high,medium,high,high,high,medium,high,medium,high,high,high,high,high,high,high,medium,high,high,medium,high,medium,medium,medium,low
490,medium,high,high,low,low,low,medium,medium,high,high,low,low,low,low,medium,high,low,medium,high,high,high,high,medium,low,low,medium,medium,low,low,high,low,low,medium,low,low,low,low,high,medium,medium,low,low,low,low,medium,low,low,low,low,medium,medium,medium,medium,medium,medium,medium,low,low,high,medium,low,medium,medium,medium,medium,high,high,medium,low,high,high,low,low,low,low,medium,medium,high,low,low,low,medium,low,medium,low,low,medium,medium,medium,low,low,low,low,medium,medium,medium,high,medium,high,low
491,medium,high,high,medium,medium,medium,medium,medium,high,medium,low,high,high,low,high,low,low,high,high,high,high,medium,low,low,low,low,low,low,medium,medium,low,high,medium,low,low,low,medium,medium,medium,medium,low,low,low,low,low,low,low,medium,low,low,low,medium,low,high,high,high,low,low,medium,medium,low,low,low,low,medium,high,medium,high,low,medium,medium,low,low,low,medium,low,medium,high,low,low,low,low,low,low,low,low,low,medium,medium,low,medium,low,low,medium,medium,medium,high,high,high,low
492,medium,low,medium,medium,high,high,high,medium,low,high,medium,low,high,low,low,medium,low,medium,medium,medium,high,high,low,medium,medium,low,low,low,low,high,low,medium,high,low,medium,medium,medium,medium,low,low,low,low,medium,high,high,medium,high,low,low,high,high,medium,high,low,medium,high,high,low,low,low,medium,high,high,high,medium,low,low,high,high,low,low,medium,medium,medium,medium,low,low,low,high,high,medium,medium,medium,medium,medium,medium,low,medium,medium,medium,medium,medium,medium,low,medium,high,low,low,low,high
493,medium,low,medium,low,low,medium,medium,high,low,medium,low,medium,medium,high,high,high,high,medium,medium,medium,medium,low,high,high,high,high,high,high,high,low,high,low,low,high,high,low,low,low,medium,medium,low,high,high,high,high,high,high,low,low,high,high,medium,high,low,low,low,medium,low,medium,high,high,high,high,high,high,medium,medium,medium,high,high,high,high,low,high,high,low,low,medium,medium,medium,high,high,high,high,high,high,high,medium,medium,high,medium,high,high,low,low,high,low,low,low,high
494,low,high,high,high,medium,medium,medium,low,high,high,high,medium,medium,low,high,medium,low,high,high,high,high,high,low,high,high,high,medium,low,low,high,low,medium,high,medium,low,high,high,high,high,high,medium,low,low,low,low,low,low,medium,medium,low,low,medium,low,high,high,medium,low,low,medium,medium,medium,low,low,low,medium,high,high,medium,low,low,low,high,medium,high,medium,medium,medium,medium,medium,medium,low,low,low,low,low,low,medium,low,low,medium,high,low,medium,medium,low,low,high,high,high,low
495,medium,medium,medium,medium,medium,medium,low,high,medium,medium,low,medium,high,high,high,low,medium,medium,low,medium,medium,low,medium,medium,medium,medium,medium,medium,high,low,medium,high,high,medium,low,medium,high,medium,medium,medium,medium,medium,medium,low,low,low,low,medium,medium,low,low,low,low,high,medium,medium,medium,medium,low,medium,low,low,low,low,high,medium,medium,high,low,high,high,high,medium,medium,medium,medium,medium,medium,low,low,medium,medium,medium,medium,medium,medium,medium,medium,medium,medium,medium,low,medium,low,low,medium,medium,medium,medium,low
496,medium,low,low,medium,high,high,low,low,low,high,medium,medium,high,high,high,medium,low,low,high,high,high,high,low,low,low,low,medium,low,low,high,low,low,low,low,low,low,low,low,low,low,low,low,low,low,low,low,low,low,low,low,low,low,low,high,high,high,high,low,low,low,low,low,low,low,medium,low,low,high,medium,low,low,low,low,medium,low,low,medium,low,medium,medium,low,low,low,low,low,low,low,low,medium,low,low,low,low,low,medium,high,high,medium,medium,low
497,high,high,high,medium,high,high,high,high,high,medium,high,high,medium,high,medium,low,medium,high,medium,medium,medium,low,low,medium,medium,low,low,medium,high,low,low,high,high,medium,medium,low,medium,medium,medium,medium,medium,medium,medium,medium,medium,medium,medium,medium,medium,medium,medium,low,medium,medium,low,medium,medium,low,low,medium,high,medium,medium,medium,low,medium,medium,medium,medium,low,low,medium,medium,high,high,medium,low,high,low,low,low,medium,low,medium,medium,medium,medium,high,high,medium,medium,medium,medium,low,medium,low,medium,medium,medium,low
498,high,medium,medium,medium,high,medium,low,high,high,low,high,high,low,medium,low,low,high,low,low,low,low,low,high,high,high,medium,medium,high,high,low,high,high,medium,medium,high,medium,low,low,low,medium,medium,high,high,high,high,high,high,medium,medium,medium,medium,high,high,low,low,medium,low,medium,low,medium,high,medium,high,high,low,medium,medium,high,medium,low,low,low,low,low,medium,medium,medium,high,high,high,high,high,high,high,high,high,medium,high,high,medium,medium,high,high,high,high,low,low,low,low,high
499,medium,medium,medium,high,high,medium,medium,medium,medium,medium,low,low,medium,high,high,medium,low,low,high,high,high,high,low,low,low,high,high,low,low,high,low,low,high,low,low,medium,medium,medium,high,medium,low,low,low,low,low,low,low,low,low,low,medium,medium,low,high,high,high,medium,low,medium,medium,low,medium,low,low,medium,medium,medium,high,low,low,low,low,low,medium,medium,low,low,low,medium,high,low,low,low,low,low,low,low,medium,medium,medium,medium,low,low,low,high,medium,high,medium,medium,low
500,low,medium,high,high,high,high,low,low,high,medium,high,high,low,medium,high,low,high,low,low,low,medium,low,medium,medium,medium,medium,medium,high,high,low,medium,high,low,high,high,high,high,medium,medium,medium,high,high,high,high,high,high,high,medium,high,high,high,medium,high,low,low,low,medium,high,high,high,high,high,high,high,high,high,high,low,high,low,low,low,low,low,high,low,low,high,low,low,medium,high,medium,high,high,high,high,low,low,high,medium,high,high,low,low,medium,low,medium,low,medium
501,low,low,low,high,medium,low,high,low,medium,low,medium,low,medium,high,low,high,high,low,low,low,low,low,high,high,high,high,high,high,high,low,high,low,low,high,high,high,medium,medium,medium,high,high,high,high,high,high,high,high,high,high,high,high,high,high,low,low,low,low,low,high,high,high,high,high,high,high,high,high,low,high,low,low,medium,medium,medium,high,high,low,medium,high,high,high,high,high,high,high,high,high,low,low,high,high,high,high,high,low,high,low,low,low,high
502,medium,high,high,high,high,high,high,medium,high,medium,medium,low,medium,low,medium,high,low,medium,medium,high,high,high,low,medium,medium,low,low,low,low,high,low,low,high,medium,low,high,high,high,high,high,high,medium,medium,low,low,low,low,high,high,low,low,medium,medium,high,medium,low,low,high,high,medium,medium,low,low,medium,medium,high,high,medium,low,medium,medium,low,low,low,medium,high,medium,high,low,low,medium,low,medium,low,medium,low,medium,medium,medium,medium,high,low,medium,medium,medium,medium,high,high,high,low
503,high,high,medium,high,medium,medium,high,low,medium,low,high,medium,high,low,medium,high,low,medium,medium,high,high,high,low,low,low,medium,medium,low,low,medium,low,low,medium,high,high,medium,high,high,high,high,high,medium,medium,high,high,high,medium,high,high,high,high,low,high,low,low,low,low,low,high,high,medium,high,high,high,low,high,high,low,high,high,high,medium,medium,medium,high,high,low,low,high,high,high,high,high,high,high,high,high,high,high,high,high,high,high,low,high,high,medium,low,low,low
504,medium,high,high,low,low,high,low,high,high,high,high,high,medium,low,low,high,high,low,low,medium,high,high,high,medium,low,medium,medium,high,low,high,high,low,low,medium,medium,medium,medium,medium,medium,medium,medium,medium,medium,medium,medium,medium,low,high,medium,low,low,high,low,medium,medium,medium,high,high,medium,medium,medium,low,low,low,low,low,low,medium,low,low,low,medium,medium,medium,medium,low,low,high,medium,medium,medium,medium,medium,medium,medium,medium,medium,medium,medium,low,low,medium,medium,low,high,low,medium,medium,medium,low
505,low,high,medium,low,medium,medium,low,high,medium,medium,medium,high,high,medium,medium,medium,medium,medium,low,low,medium,medium,medium,low,medium,high,high,medium,medium,medium,medium,medium,medium,medium,medium,low,low,low,high,high,high,high,medium,medium,medium,medium,medium,high,high,low,low,medium,medium,medium,medium,low,low,medium,high,medium,medium,medium,medium,medium,medium,high,high,medium,low,low,low,medium,medium,high,medium,high,high,medium,low,low,medium,medium,medium,medium,medium,medium,medium,low,low,medium,medium,medium,medium,high,low,medium,high,medium,medium,low
506,high,high,medium,low,low,low,medium,high,medium,low,low,low,medium,medium,medium,low,medium,medium,medium,medium,low,low,medium,high,medium,medium,medium,medium,high,low,high,high,medium,high,high,low,medium,medium,medium,high,medium,high,high,high,high,high,high,high,medium,high,high,high,high,medium,low,medium,high,medium,medium,medium,high,high,high,high,low,medium,medium,high,high,medium,medium,high,medium,high,low,high,high,high,high,high,high,low,high,low,high,high,high,high,high,high,high,high,high,high,high,low,low,medium,medium,medium
507,medium,medium,low,medium,low,low,low,medium,low,low,medium,high,low,medium,medium,low,high,high,high,medium,low,low,low,high,low,low,low,high,high,low,medium,high,medium,medium,medium,high,high,high,high,high,medium,medium,medium,medium,low,medium,low,high,medium,low,low,high,low,high,medium,medium,medium,high,medium,medium,low,low,low,low,low,medium,medium,medium,low,low,low,low,low,low,low,high,high,low,medium,high,low,medium,low,medium,medium,medium,medium,medium,medium,medium,high,medium,medium,high,high,low,high,medium,medium,low
508,medium,medium,high,medium,medium,high,high,low,high,high,high,medium,low,low,medium,medium,medium,low,low,low,medium,medium,medium,low,low,low,medium,medium,medium,medium,medium,medium,medium,medium,medium,medium,high,high,high,high,high,medium,high,medium,medium,medium,low,medium,medium,low,low,medium,medium,medium,low,low,low,high,high,high,medium,medium,medium,medium,medium,high,high,low,low,medium,medium,medium,medium,medium,high,low,low,high,low,low,medium,medium,medium,medium,medium,medium,medium,medium,medium,medium,medium,medium,medium,low,low,medium,medium,high,high,low
509,medium,high,medium,high,high,high,low,medium,medium,low,low,high,medium,medium,medium,medium,medium,medium,high,high,high,low,high,low,low,medium,medium,medium,medium,low,high,medium,low,medium,medium,high,medium,medium,medium,medium,medium,medium,medium,low,low,medium,low,medium,medium,low,low,high,medium,medium,medium,high,medium,low,low,medium,medium,low,medium,medium,low,medium,low,medium,medium,high,high,medium,medium,medium,medium,medium,medium,medium,high,high,medium,low,medium,low,medium,medium,medium,medium,medium,medium,low,medium,medium,high,high,medium,high,high,high,low
510,low,medium,medium,high,high,high,high,medium,low,medium,high,high,medium,medium,high,low,medium,high,medium,low,low,medium,medium,medium,high,medium,medium,medium,high,medium,medium,high,high,low,low,high,high,high,high,medium,low,low,low,low,low,low,low,low,low,low,low,medium,low,high,medium,medium,low,low,high,low,medium,low,low,low,medium,high,high,high,low,low,low,high,medium,high,low,medium,medium,low,medium,high,low,low,low,medium,low,low,low,low,low,low,medium,low,low,medium,medium,low,high,high,high,low
511,high,high,high,high,high,low,high,low,high,high,high,medium,low,low,high,medium,medium,high,medium,high,medium,medium,medium,medium,medium,low,low,medium,medium,medium,medium,low,low,medium,medium,low,medium,medium,medium,medium,high,medium,medium,medium,medium,medium,medium,medium,high,medium,medium,medium,medium,medium,high,medium,low,low,medium,high,high,low,medium,medium,medium,high,high,low,medium,medium,medium,medium,medium,medium,high,low,low,high,low,low,medium,medium,medium,medium,medium,medium,medium,high,high,medium,medium,medium,medium,low,low,medium,high,high,high,low
512,high,high,high,low,low,low,medium,high,high,medium,medium,high,medium,high,high,low,low,high,medium,low,low,low,low,low,low,low,low,low,high,low,low,high,high,medium,low,high,high,high,medium,medium,medium,low,low,low,low,low,low,medium,medium,low,low,low,medium,medium,low,low,low,high,high,medium,medium,medium,medium,medium,high,high,high,low,low,low,low,high,medium,high,medium,medium,medium,high,low,low,low,medium,low,medium,low,low,low,medium,high,medium,medium,low,low,medium,low,medium,medium,high,high,low
513,high,high,high,high,high,high,high,low,high,high,high,high,high,medium,high,low,low,medium,low,low,low,low,low,low,medium,medium,medium,low,high,low,low,high,high,high,high,high,high,high,high,high,high,high,high,high,high,high,high,high,high,medium,medium,high,high,low,low,low,low,high,high,high,high,high,high,high,high,high,high,low,high,low,low,high,high,high,high,high,low,high,low,low,medium,high,medium,high,high,high,low,medium,high,high,high,high,high,low,low,low,low,medium,low,high
514,high,medium,medium,medium,low,low,low,medium,low,low,medium,medium,low,medium,medium,high,high,medium,medium,low,high,high,high,high,high,medium,medium,high,low,high,high,low,low,low,low,low,medium,medium,medium,low,low,low,low,low,low,low,low,low,low,low,low,low,low,high,high,high,high,high,low,low,low,low,low,low,high,low,low,medium,medium,high,high,medium,medium,medium,low,low,medium,medium,low,medium,low,low,low,low,low,low,low,medium,high,low,low,low,low,medium,medium,high,high,high,high,low
515,low,high,high,high,low,high,medium,medium,high,low,medium,low,medium,high,medium,high,high,medium,medium,medium,low,medium,high,high,medium,low,low,high,high,high,high,low,low,medium,medium,medium,medium,medium,high,high,high,medium,medium,medium,medium,medium,low,high,medium,low,low,high,medium,medium,medium,medium,low,high,high,medium,medium,medium,medium,medium,low,high,high,medium,low,medium,medium,low,low,low,medium,medium,medium,high,medium,low,low,medium,low,medium,medium,low,medium,low,low,medium,high,medium,medium,medium,medium,medium,high,high,high,low
516,low,medium,low,medium,high,high,low,low,low,high,low,high,high,low,high,medium,medium,high,high,medium,low,medium,medium,high,medium,low,low,medium,medium,medium,medium,medium,medium,low,low,low,medium,medium,low,low,low,medium,medium,low,low,low,medium,low,medium,low,low,medium,low,medium,high,medium,medium,medium,medium,medium,low,medium,low,low,medium,medium,medium,high,medium,medium,medium,medium,medium,high,low,low,medium,low,medium,medium,low,medium,low,medium,low,low,low,low,low,low,low,low,low,medium,medium,high,high,low,low,low
517,high,medium,medium,high,medium,medium,low,low,medium,low,low,low,low,high,high,high,medium,high,medium,medium,high,high,medium,high,high,medium,medium,medium,low,high,medium,low,low,medium,medium,high,high,high,high,high,high,medium,medium,medium,medium,medium,low,medium,medium,medium,medium,low,medium,medium,low,low,low,medium,medium,medium,high,medium,medium,medium,low,high,high,medium,low,low,low,low,low,low,high,medium,low,medium,low,medium,medium,medium,medium,medium,medium,medium,medium,high,high,medium,medium,medium,medium,medium,low,low,high,high,high,low
518,low,medium,medium,low,high,high,high,high,medium,low,high,low,high,medium,high,high,medium,medium,low,medium,high,high,high,medium,high,medium,medium,medium,low,high,medium,low,low,low,low,medium,medium,medium,low,medium,low,low,low,low,low,low,low,medium,low,low,low,low,low,high,high,medium,medium,low,medium,medium,low,low,low,low,high,medium,medium,medium,low,high,high,high,medium,high,low,low,medium,medium,medium,medium,low,low,low,low,low,low,low,low,low,low,low,low,low,medium,low,high,low,medium,medium,medium
519,low,high,high,low,medium,high,high,high,high,low,low,low,low,medium,high,medium,high,medium,medium,high,medium,low,high,high,medium,medium,medium,high,high,low,high,medium,low,medium,medium,low,low,low,low,medium,high,medium,medium,medium,medium,medium,medium,high,high,low,low,medium,medium,high,medium,low,low,low,low,high,high,medium,medium,medium,medium,medium,medium,high,low,low,low,low,low,medium,medium,medium,medium,high,low,low,medium,medium,medium,medium,medium,medium,medium,low,low,medium,low,medium,medium,medium,low,high,low,low,medium,medium
520,low,high,high,medium,low,low,low,high,high,medium,low,medium,medium,high,low,low,medium,high,high,high,medium,medium,low,low,low,low,low,medium,medium,medium,medium,medium,medium,medium,low,medium,high,high,high,medium,medium,low,low,low,low,low,low,medium,medium,low,low,medium,low,high,medium,medium,medium,medium,medium,low,low,low,low,low,medium,medium,medium,medium,low,low,low,medium,medium,medium,medium,medium,medium,high,low,low,medium,medium,medium,medium,medium,medium,medium,low,low,medium,medium,medium,medium,low,medium,medium,medium,medium,medium,low
521,high,low,low,low,medium,low,low,medium,low,low,medium,high,medium,medium,medium,high,low,high,medium,medium,high,high,low,medium,medium,low,low,low,low,medium,low,medium,high,low,low,medium,low,low,low,low,low,low,low,low,low,low,medium,low,low,low,low,low,low,high,high,high,high,low,low,low,low,low,low,low,medium,low,low,low,medium,high,high,high,medium,medium,low,low,medium,low,medium,medium,low,low,low,low,low,low,low,medium,high,low,low,low,low,medium,medium,medium,high,low,low,low
522,medium,low,medium,medium,low,medium,low,low,medium,low,medium,low,medium,medium,low,low,high,medium,low,medium,medium,low,high,high,medium,high,high,high,high,low,high,high,medium,low,low,low,low,low,low,low,low,low,low,low,low,low,high,low,low,high,high,medium,low,high,high,high,high,medium,low,low,low,low,low,low,medium,low,low,low,high,high,high,high,medium,high,low,low,medium,low,medium,medium,low,low,low,low,low,low,low,low,medium,low,low,low,low,medium,high,low,low,low,low,high
523,high,high,medium,medium,medium,medium,high,medium,medium,high,high,medium,high,medium,medium,low,low,medium,high,high,high,medium,low,low,low,low,low,low,low,medium,low,high,high,low,low,low,low,low,low,low,low,low,low,low,low,low,medium,low,low,high,high,low,low,high,high,high,high,high,low,low,low,low,low,low,medium,low,low,low,medium,low,low,low,low,low,low,low,high,low,medium,medium,low,low,low,low,low,low,low,low,high,low,low,low,low,medium,medium,medium,low,medium,medium,medium
524,high,low,medium,medium,medium,low,high,medium,medium,medium,low,medium,high,high,medium,low,medium,medium,low,low,low,low,low,high,high,high,medium,medium,high,low,low,high,high,low,low,medium,low,medium,low,low,medium,medium,low,medium,medium,low,medium,medium,medium,low,low,medium,low,high,high,medium,medium,low,high,medium,low,medium,medium,low,medium,medium,high,high,low,medium,medium,high,medium,high,medium,low,medium,medium,high,medium,medium,medium,medium,medium,medium,medium,low,high,high,low,low,low,low,medium,medium,high,medium,low,low,low
525,medium,medium,low,low,low,medium,medium,low,low,low,medium,medium,high,high,high,high,medium,high,high,medium,high,high,high,high,medium,low,low,medium,low,high,medium,low,medium,high,high,high,high,high,high,high,high,medium,high,high,high,high,medium,high,high,high,high,medium,high,low,low,medium,low,medium,high,medium,medium,high,high,high,medium,high,high,low,high,medium,medium,high,medium,high,medium,high,high,medium,medium,medium,high,high,high,high,high,high,high,high,medium,high,high,high,high,high,low,medium,low,low,low,medium
526,low,high,high,low,medium,high,medium,medium,medium,low,low,low,low,low,medium,low,low,medium,high,high,low,low,low,low,medium,medium,medium,low,high,low,low,high,high,high,high,high,high,high,high,high,high,high,high,high,high,high,medium,high,medium,high,high,medium,high,medium,low,low,low,low,medium,high,high,medium,medium,high,high,high,high,high,medium,medium,medium,high,medium,high,high,medium,low,high,low,low,high,high,high,high,high,high,high,low,low,high,high,high,high,low,low,high,low,low,medium,high
527,low,low,low,high,medium,high,low,low,low,low,low,high,high,medium,medium,high,high,medium,low,low,low,medium,high,high,high,high,high,high,medium,medium,high,low,low,medium,medium,low,medium,medium,low,medium,low,medium,medium,medium,medium,medium,medium,medium,low,medium,medium,medium,medium,medium,medium,medium,medium,high,low,high,medium,medium,medium,medium,medium,medium,medium,medium,medium,low,low,medium,medium,high,medium,low,medium,low,high,high,medium,medium,medium,medium,medium,medium,medium,low,low,medium,low,medium,medium,medium,medium,low,low,medium,medium,medium
528,low,medium,medium,low,low,low,high,medium,medium,high,medium,low,low,low,medium,low,high,low,low,medium,low,low,high,high,high,medium,medium,high,high,low,high,high,medium,medium,high,low,low,low,low,low,low,low,high,high,high,high,high,low,low,high,high,low,high,low,low,high,medium,low,low,medium,high,high,high,high,high,medium,low,low,high,high,high,low,low,low,medium,low,low,medium,low,medium,high,medium,high,medium,high,high,medium,low,low,medium,low,high,medium,low,low,medium,low,low,low,high
529,low,high,high,high,medium,medium,low,medium,medium,low,low,low,low,low,medium,high,high,low,medium,medium,medium,high,high,medium,medium,medium,high,high,medium,high,high,low,low,medium,low,medium,medium,medium,medium,medium,medium,medium,low,low,low,low,low,medium,medium,low,low,high,medium,medium,medium,medium,medium,high,medium,medium,medium,medium,medium,medium,low,medium,medium,medium,low,low,low,medium,medium,medium,medium,medium,medium,high,high,medium,low,low,low,low,low,low,medium,low,low,medium,medium,low,low,medium,high,high,medium,high,high,low
530,low,low,low,low,high,high,high,medium,low,low,low,low,medium,low,low,low,low,low,medium,high,high,medium,low,low,low,high,high,low,low,medium,low,high,high,low,high,medium,low,low,low,low,low,low,low,high,high,high,high,low,low,high,high,medium,high,low,medium,high,high,low,low,low,medium,high,high,high,high,low,low,low,high,medium,medium,medium,medium,high,medium,low,low,low,medium,high,high,medium,high,medium,medium,medium,low,low,low,low,low,high,medium,low,medium,medium,low,medium,high,high
531,medium,high,high,low,low,medium,medium,high,high,medium,high,high,low,medium,high,low,low,medium,high,high,high,medium,low,low,low,low,low,low,medium,low,low,high,high,low,low,low,low,low,low,low,low,low,low,low,low,low,medium,low,low,medium,medium,low,low,high,high,high,high,medium,low,low,low,low,low,low,medium,low,low,low,low,low,low,high,low,high,low,low,medium,high,low,low,low,low,low,low,low,low,low,low,medium,low,low,low,low,medium,medium,high,high,medium,medium,low
532,high,high,high,high,medium,low,medium,medium,high,low,high,medium,medium,low,low,medium,high,high,medium,low,medium,low,high,high,medium,low,low,high,high,low,high,medium,low,low,low,low,medium,low,low,low,low,low,low,low,low,low,low,low,low,low,low,low,low,high,high,high,high,medium,low,low,low,low,low,low,high,low,low,medium,low,medium,medium,medium,medium,medium,low,low,medium,high,low,low,low,low,low,low,low,low,low,medium,high,low,low,low,low,medium,medium,high,high,medium,medium,low
533,high,high,high,high,low,high,high,high,high,high,high,low,low,medium,high,high,high,medium,medium,medium,low,high,high,high,medium,medium,medium,high,high,high,high,low,low,low,low,low,low,low,low,low,low,low,low,low,low,low,medium,low,low,low,low,low,low,high,high,high,high,low,low,low,low,low,low,low,low,low,low,medium,medium,high,high,medium,medium,medium,low,low,medium,high,low,low,low,medium,low,medium,low,low,low,high,high,low,low,low,low,medium,medium,low,medium,medium,medium,low
534,medium,high,high,low,medium,medium,medium,high,medium,low,medium,low,low,medium,high,medium,high,low,medium,medium,low,low,high,high,high,low,low,high,high,low,high,medium,low,medium,low,low,high,high,medium,medium,medium,low,low,low,low,low,low,medium,medium,low,low,high,low,high,medium,medium,low,low,high,medium,medium,low,low,low,low,high,high,medium,low,medium,medium,low,low,low,medium,medium,medium,high,medium,medium,low,low,low,low,low,low,medium,medium,medium,low,medium,low,low,medium,medium,low,high,high,high,low
535,low,low,medium,low,high,high,low,high,medium,low,low,medium,medium,medium,medium,low,low,medium,medium,high,high,low,medium,low,low,high,high,low,medium,low,low,medium,medium,high,high,high,high,high,high,high,medium,medium,high,high,high,high,high,medium,medium,high,high,medium,high,low,medium,low,medium,high,high,high,medium,high,high,high,high,medium,high,low,high,low,low,medium,medium,medium,high,medium,low,medium,medium,medium,high,high,high,high,high,high,high,low,low,high,high,high,high,low,low,medium,low,low,low,high
536,high,low,low,low,low,low,medium,high,low,low,medium,high,medium,medium,medium,low,high,medium,low,low,low,low,medium,high,high,medium,medium,high,high,low,medium,high,medium,medium,low,medium,low,low,medium,medium,medium,medium,medium,low,low,low,low,medium,medium,low,low,high,low,high,medium,medium,medium,low,medium,medium,medium,low,low,low,low,medium,medium,medium,low,high,high,low,low,low,medium,low,low,low,high,high,medium,medium,medium,medium,low,medium,medium,high,high,medium,low,medium,low,low,high,low,medium,medium,medium,low
537,medium,medium,medium,high,high,high,low,low,medium,low,medium,medium,medium,medium,high,medium,low,high,high,high,medium,medium,medium,low,low,medium,low,low,medium,medium,medium,medium,medium,low,low,high,medium,medium,medium,medium,low,low,low,medium,medium,low,low,low,low,medium,medium,low,low,high,high,medium,medium,high,low,low,low,medium,medium,low,high,low,low,high,medium,high,high,medium,medium,medium,medium,low,low,low,low,medium,low,medium,low,medium,low,low,low,medium,medium,low,low,low,low,low,medium,low,high,high,high,low
538,low,low,low,high,low,low,high,low,high,high,medium,high,high,low,low,high,medium,low,low,medium,medium,high,medium,medium,high,medium,medium,medium,low,high,medium,low,medium,high,high,medium,high,high,high,high,high,high,high,high,high,high,high,high,high,high,high,high,high,low,medium,medium,medium,high,high,high,high,high,high,high,low,medium,medium,high,high,high,high,medium,medium,medium,high,high,high,medium,high,high,high,high,high,high,high,high,high,low,low,high,high,high,high,high,high,medium,low,low,low,high
539,low,low,low,medium,medium,medium,low,low,medium,high,low,medium,low,low,low,high,low,high,high,high,high,high,low,low,low,low,low,low,low,high,low,low,high,medium,medium,high,high,high,high,high,high,medium,medium,low,low,medium,low,high,high,low,low,medium,medium,high,medium,low,medium,high,high,medium,low,low,low,medium,medium,high,high,medium,low,high,high,medium,medium,medium,medium,high,high,low,high,high,medium,medium,medium,medium,medium,medium,medium,low,low,medium,medium,medium,medium,high,high,medium,medium,medium,high,low
540,low,low,low,high,medium,low,medium,low,low,low,medium,high,high,low,low,medium,high,low,medium,medium,low,medium,high,medium,medium,high,high,high,medium,high,high,medium,low,high,high,high,high,high,high,high,high,high,high,high,high,high,high,high,high,high,high,high,high,low,low,low,low,high,high,high,high,high,high,high,low,high,high,high,high,high,high,low,low,low,high,high,high,low,high,high,high,high,high,high,high,high,high,high,low,high,high,high,high,high,high,high,low,low,low,high
541,low,high,medium,high,low,medium,low,medium,low,medium,low,medium,high,high,medium,medium,medium,low,low,low,medium,medium,low,medium,high,medium,high,medium,medium,high,medium,medium,medium,high,high,high,high,medium,high,high,medium,high,high,high,high,high,high,medium,medium,high,high,low,high,low,low,low,low,medium,medium,medium,high,high,high,high,low,medium,medium,medium,high,low,low,high,low,high,medium,high,high,low,low,high,high,high,high,high,high,high,high,medium,low,high,high,high,high,medium,high,low,low,low,low,high
542,medium,low,low,medium,medium,low,medium,medium,medium,medium,high,high,medium,medium,low,medium,medium,low,medium,medium,medium,medium,low,medium,medium,high,high,medium,medium,medium,medium,medium,medium,high,high,high,high,high,high,high,high,high,high,high,high,high,high,high,high,high,high,high,high,low,low,low,low,high,high,high,high,high,high,high,medium,high,high,high,high,high,high,low,low,low,high,high,high,high,high,medium,high,high,high,high,high,high,high,high,medium,high,high,high,high,high,low,low,low,low,low,high
543,medium,high,medium,high,medium,low,medium,low,high,low,medium,medium,low,high,high,low,low,high,high,high,high,medium,low,low,low,low,low,low,low,low,low,high,high,medium,medium,high,high,high,high,medium,medium,medium,medium,medium,medium,medium,medium,low,low,medium,medium,low,medium,medium,low,high,high,high,low,low,medium,medium,medium,medium,high,low,low,medium,medium,low,low,high,medium,high,medium,medium,medium,low,low,high,medium,medium,medium,medium,medium,medium,medium,low,medium,medium,medium,medium,medium,medium,high,low,low,medium,medium,medium
544,low,high,high,low,medium,medium,medium,medium,high,high,high,low,medium,medium,low,high,low,medium,high,high,medium,high,medium,medium,medium,high,high,low,low,high,medium,low,medium,high,medium,high,high,high,high,high,high,high,medium,high,high,medium,low,high,medium,high,high,high,high,low,medium,low,low,low,high,high,medium,high,high,high,medium,high,high,low,high,low,low,low,low,medium,high,high,low,high,medium,low,medium,high,medium,high,medium,high,high,low,low,high,high,medium,high,low,medium,medium,high,high,high,low
545,high,low,low,low,low,low,high,high,medium,medium,medium,low,low,low,low,medium,low,high,high,high,high,medium,low,low,low,high,medium,low,low,medium,low,medium,high,medium,medium,high,medium,high,high,medium,medium,medium,medium,high,high,medium,high,medium,medium,high,high,high,medium,high,medium,high,high,high,low,medium,medium,high,medium,medium,low,low,low,high,high,high,high,high,medium,medium,low,high,high,medium,high,high,low,high,low,high,medium,medium,medium,high,high,medium,medium,high,medium,high,high,medium,low,high,high,medium
546,low,high,medium,low,high,high,high,medium,low,medium,high,high,medium,low,medium,high,medium,high,high,high,high,medium,medium,medium,low,low,low,medium,low,medium,medium,low,low,high,high,high,high,high,medium,medium,medium,medium,high,high,high,high,high,medium,medium,high,high,low,high,low,medium,medium,high,medium,high,medium,low,high,high,high,low,medium,medium,low,high,low,low,low,low,medium,medium,high,high,low,low,high,high,high,high,high,high,high,high,medium,low,high,high,high,high,high,high,medium,low,low,low,high
547,high,medium,high,medium,low,medium,high,high,high,low,high,medium,low,medium,medium,medium,low,high,high,high,high,medium,low,medium,low,low,low,low,low,medium,low,high,high,medium,medium,medium,medium,medium,high,high,high,medium,medium,medium,medium,medium,low,medium,medium,low,medium,high,low,high,high,high,low,low,medium,medium,medium,medium,low,low,low,medium,medium,high,low,low,low,medium,medium,high,high,medium,low,high,high,high,high,low,high,low,medium,medium,medium,high,high,medium,high,medium,medium,medium,high,high,medium,medium,medium,low
548,low,medium,high,high,medium,medium,medium,low,high,medium,low,low,medium,low,medium,low,medium,high,low,low,low,low,medium,low,medium,medium,medium,medium,high,low,high,medium,medium,high,high,medium,medium,medium,medium,high,high,high,high,high,high,high,high,high,high,high,high,low,high,low,medium,medium,low,low,low,high,high,high,high,high,high,medium,medium,low,high,medium,medium,high,medium,high,high,low,low,high,low,low,high,high,high,high,high,high,high,low,low,high,high,high,high,low,low,high,low,low,low,high
549,high,low,medium,low,low,low,low,low,high,medium,low,medium,low,medium,low,low,high,low,low,low,medium,low,high,medium,high,high,high,high,high,low,high,high,medium,high,high,high,medium,medium,medium,high,high,high,high,high,high,high,high,high,high,high,high,high,high,low,low,low,low,medium,high,high,high,high,high,high,low,high,high,high,high,high,high,medium,medium,medium,high,high,low,high,high,high,high,high,high,high,high,high,high,high,high,high,high,high,high,low,high,low,low,low,low,high
550,low,low,low,high,medium,low,high,medium,low,medium,low,medium,high,low,low,high,high,high,high,high,medium,high,high,high,medium,medium,medium,high,low,high,high,low,low,high,high,high,medium,medium,medium,medium,medium,high,medium,high,high,high,high,medium,medium,high,high,low,high,low,high,high,high,low,medium,medium,low,high,high,high,low,medium,medium,low,high,high,high,medium,medium,medium,medium,high,high,low,high,high,high,medium,high,medium,high,high,high,low,low,high,high,high,high,high,high,low,low,low,low,high
551,medium,medium,low,medium,low,low,low,low,low,low,high,high,high,high,high,medium,high,low,low,low,low,medium,medium,high,high,high,high,high,high,medium,medium,medium,medium,high,high,high,high,high,high,medium,high,high,high,high,high,high,high,medium,high,high,high,low,high,low,low,low,low,medium,medium,high,high,high,high,high,high,medium,medium,medium,medium,low,low,medium,medium,medium,medium,high,high,low,medium,high,high,high,high,high,high,high,high,high,medium,high,high,high,high,high,high,high,low,low,low,high
552,medium,medium,high,medium,low,low,high,low,medium,high,medium,medium,medium,high,high,high,medium,high,medium,medium,medium,high,high,medium,medium,medium,medium,medium,medium,high,high,low,low,high,high,high,high,high,high,high,high,high,high,high,high,high,medium,high,high,medium,medium,medium,high,low,low,low,low,high,high,high,high,high,high,high,high,high,high,low,low,low,low,low,low,low,high,high,low,high,low,low,high,medium,high,medium,high,high,high,high,medium,high,high,medium,high,low,low,high,medium,high,high,low
553,high,low,medium,high,medium,medium,high,medium,low,high,low,medium,medium,medium,low,low,high,low,low,low,low,low,high,high,medium,high,high,high,high,low,high,high,medium,high,high,high,high,high,high,high,high,high,high,high,high,high,high,high,high,high,high,high,high,low,medium,medium,low,low,high,high,medium,high,high,high,low,high,high,high,high,high,high,medium,medium,medium,medium,high,high,medium,high,high,high,high,high,high,high,high,high,high,high,high,high,high,high,high,high,low,low,low,low,high
554,high,medium,low,low,high,low,high,high,low,medium,high,high,medium,high,medium,medium,medium,high,low,medium,medium,medium,medium,medium,medium,medium,low,medium,medium,medium,medium,medium,medium,medium,high,low,medium,medium,low,low,medium,high,medium,high,high,high,high,low,medium,high,high,low,high,low,low,medium,high,low,low,low,medium,high,high,high,low,low,low,low,high,low,low,low,low,medium,high,high,low,high,medium,low,medium,high,medium,high,high,high,medium,high,high,medium,low,medium,medium,low,low,medium,low,low,low,high
555,medium,low,low,high,high,medium,medium,low,medium,high,low,medium,high,high,medium,high,low,medium,high,high,high,high,medium,high,medium,low,low,low,low,high,low,low,high,medium,medium,high,medium,medium,medium,medium,medium,medium,medium,medium,medium,medium,medium,medium,medium,high,high,high,medium,medium,medium,high,medium,medium,medium,medium,medium,high,medium,medium,low,medium,medium,high,high,high,high,low,low,low,medium,medium,high,high,high,high,medium,medium,medium,medium,medium,medium,medium,medium,medium,medium,medium,medium,medium,high,high,low,low,medium,medium,medium
556,low,low,low,high,medium,low,low,low,high,high,low,low,medium,low,low,medium,low,low,medium,high,high,high,low,low,medium,high,high,low,low,high,low,low,high,high,high,medium,medium,medium,medium,medium,high,high,high,high,high,high,high,medium,high,high,medium,high,high,low,low,low,low,low,high,high,high,high,high,high,low,high,high,high,high,high,high,low,low,low,medium,high,high,low,high,high,high,high,high,high,high,high,high,medium,low,high,high,high,high,high,high,high,low,low,low,high
557,low,low,low,high,high,low,low,low,high,low,high,medium,high,medium,low,low,high,medium,low,low,low,low,high,high,high,high,high,high,high,low,high,high,low,high,high,low,medium,medium,medium,high,high,high,high,high,high,high,high,high,high,high,high,high,high,low,low,low,medium,high,high,high,high,high,high,high,low,medium,medium,high,high,high,high,high,medium,medium,high,high,high,low,high,high,high,high,high,high,high,high,high,high,low,high,high,high,high,high,high,low,low,low,low,high
558,low,low,low,medium,medium,low,low,low,low,high,medium,medium,low,low,low,high,medium,low,low,low,high,high,medium,high,high,high,high,medium,low,high,medium,low,medium,high,high,high,high,high,high,high,high,high,high,high,high,high,high,high,high,high,medium,high,high,low,low,low,low,low,high,high,high,high,high,high,low,high,high,high,high,high,high,medium,medium,medium,high,high,high,low,high,high,high,high,high,high,high,high,high,low,low,high,high,high,high,high,high,low,low,low,low,high
559,medium,low,low,high,high,low,medium,medium,low,medium,medium,high,medium,low,low,medium,medium,high,medium,high,medium,high,high,high,medium,high,medium,medium,medium,high,high,medium,medium,high,high,low,medium,high,high,high,high,high,high,high,high,high,high,high,high,high,high,high,high,medium,low,low,low,low,high,high,high,high,high,high,low,high,high,high,high,high,high,high,medium,medium,high,high,high,low,high,high,high,high,high,high,high,high,high,medium,medium,high,high,high,high,high,high,medium,low,low,low,high
560,low,low,low,low,low,medium,low,low,low,high,high,high,high,medium,medium,low,low,medium,medium,medium,low,medium,low,low,low,high,medium,low,medium,medium,low,high,high,high,medium,medium,high,high,high,high,high,high,medium,medium,medium,medium,low,high,high,low,low,high,medium,high,low,low,low,high,high,high,medium,medium,medium,medium,low,high,high,high,low,low,low,medium,medium,high,high,high,high,low,high,high,medium,medium,medium,medium,medium,medium,medium,medium,low,high,high,medium,medium,high,high,medium,high,high,high,low
561,high,medium,low,high,high,high,medium,low,low,high,low,low,high,high,medium,low,low,high,low,medium,low,low,low,low,low,medium,medium,low,high,low,low,high,high,high,high,high,high,high,high,high,high,high,high,high,high,high,high,high,high,high,high,high,high,low,low,low,low,low,high,high,high,high,high,high,medium,high,high,low,high,low,low,medium,medium,high,high,high,high,high,low,low,high,high,high,high,high,high,high,high,high,high,high,high,high,medium,low,high,low,low,low,high
562,low,high,medium,medium,high,high,medium,high,medium,high,medium,medium,high,medium,high,high,low,medium,high,medium,high,high,low,low,medium,low,low,low,low,high,low,low,medium,low,low,medium,medium,medium,low,low,low,low,low,low,low,low,low,low,low,high,high,low,low,high,high,high,high,medium,low,low,low,medium,medium,low,high,low,low,high,high,high,high,medium,medium,medium,low,low,high,medium,medium,medium,low,low,low,low,low,low,low,low,low,low,low,low,low,high,medium,medium,high,high,high,low
563,medium,high,high,medium,low,medium,high,high,high,medium,high,medium,medium,high,medium,low,low,high,high,high,medium,low,medium,low,low,low,low,low,medium,low,medium,high,medium,low,low,high,high,medium,medium,medium,medium,low,low,low,low,low,low,medium,medium,low,low,high,low,medium,high,high,high,high,low,low,low,low,low,low,low,low,low,low,medium,low,low,high,medium,high,medium,low,medium,high,medium,low,low,medium,low,medium,low,low,low,low,medium,medium,medium,low,low,medium,medium,medium,high,high,high,low
564,low,medium,high,medium,medium,medium,low,medium,high,medium,medium,medium,low,low,medium,high,high,low,high,high,medium,high,high,medium,low,medium,medium,high,medium,high,high,low,low,low,low,medium,medium,medium,low,medium,medium,low,low,low,low,low,low,high,medium,low,low,low,low,medium,high,high,high,medium,low,low,medium,medium,medium,low,high,low,low,medium,medium,low,low,high,medium,high,medium,low,low,high,low,low,low,low,low,low,low,low,low,low,low,low,low,low,low,low,medium,medium,high,medium,medium,low
565,medium,low,low,low,medium,medium,low,low,low,high,high,high,high,medium,medium,low,low,low,high,high,high,medium,low,low,low,medium,medium,low,low,medium,low,high,high,medium,high,medium,low,medium,low,low,low,medium,high,high,high,high,high,low,low,high,high,medium,high,low,low,high,high,medium,low,medium,high,high,high,high,high,low,low,low,high,high,high,medium,medium,medium,high,medium,low,medium,medium,medium,high,high,high,high,high,high,medium,low,medium,medium,low,high,high,low,low,low,low,low,low,high
566,low,high,high,medium,medium,high,high,high,high,medium,medium,medium,low,medium,high,medium,low,high,high,medium,low,high,low,medium,medium,low,low,low,medium,high,low,medium,medium,medium,low,high,high,high,high,medium,low,medium,medium,medium,medium,low,low,low,low,medium,medium,low,low,high,high,high,medium,low,low,medium,low,medium,medium,low,high,low,low,medium,medium,low,low,low,low,low,medium,medium,medium,high,low,low,medium,medium,medium,medium,medium,medium,medium,low,low,medium,medium,medium,medium,low,low,low,medium,medium,medium,low
567,medium,medium,medium,medium,medium,high,high,medium,medium,medium,high,medium,low,low,low,low,low,high,high,high,high,medium,low,low,low,low,low,low,low,low,low,high,high,low,low,high,medium,medium,high,medium,low,low,low,low,low,low,low,low,low,low,low,medium,low,high,high,high,medium,high,medium,low,low,low,low,low,low,medium,medium,medium,low,medium,medium,low,low,low,low,medium,medium,medium,medium,medium,low,low,low,low,low,low,low,medium,medium,low,medium,low,low,medium,medium,low,high,high,high,low
568,low,medium,high,low,medium,high,low,medium,high,low,high,high,low,medium,high,low,low,medium,medium,medium,low,medium,low,low,high,medium,medium,low,medium,medium,low,high,high,low,low,medium,low,medium,low,low,low,low,low,low,low,low,medium,low,medium,low,low,low,low,high,high,medium,medium,low,medium,low,low,low,low,low,high,medium,medium,medium,low,low,low,high,medium,high,medium,low,low,high,low,low,low,low,low,low,low,low,low,low,low,low,medium,low,low,low,medium,low,low,medium,medium,medium
569,low,medium,medium,high,medium,low,high,medium,medium,low,high,high,high,high,medium,low,high,low,low,low,low,low,medium,high,high,high,high,high,high,low,medium,high,high,low,medium,medium,medium,medium,medium,low,low,medium,medium,low,low,medium,medium,low,medium,low,low,medium,low,high,medium,medium,medium,medium,medium,medium,medium,low,low,low,medium,medium,medium,high,low,medium,medium,medium,medium,medium,low,medium,medium,medium,medium,medium,low,low,low,low,low,low,low,low,low,medium,medium,low,low,high,medium,medium,high,high,medium,low
570,high,high,medium,high,low,high,high,medium,low,high,high,medium,high,medium,low,low,medium,low,high,high,medium,low,low,medium,medium,medium,high,medium,high,low,medium,high,high,low,low,low,low,low,low,medium,low,low,low,low,low,low,medium,medium,medium,low,medium,low,low,high,high,high,medium,low,low,low,medium,low,low,low,low,medium,medium,high,low,high,high,low,low,low,low,medium,high,low,medium,medium,low,medium,low,medium,low,low,low,high,high,low,low,medium,low,medium,medium,low,medium,high,high,low
571,low,high,high,medium,high,high,low,high,high,low,low,medium,medium,high,high,low,high,low,low,low,low,low,medium,high,high,medium,high,high,high,low,medium,high,high,low,low,low,medium,medium,medium,low,medium,low,low,low,low,low,low,medium,medium,low,low,low,low,high,high,medium,low,low,medium,low,medium,low,low,low,high,medium,medium,high,low,medium,medium,low,low,low,low,medium,medium,high,low,low,low,low,low,low,low,low,low,low,low,medium,medium,low,low,medium,low,medium,high,high,high,low
572,low,high,high,low,low,medium,high,medium,high,low,high,medium,low,medium,medium,medium,high,low,low,low,low,medium,high,high,high,high,high,high,high,medium,high,medium,medium,low,low,medium,medium,low,low,low,low,low,low,low,low,low,low,low,low,low,low,low,low,high,high,high,high,medium,low,low,low,low,low,low,medium,low,low,low,low,low,low,high,medium,high,low,low,medium,high,low,low,low,low,low,low,low,low,low,low,low,low,low,low,low,medium,medium,medium,medium,medium,high,low
573,medium,low,low,high,high,high,high,low,low,low,low,low,high,medium,medium,medium,medium,medium,medium,high,medium,medium,low,medium,high,medium,medium,medium,medium,medium,medium,medium,medium,low,medium,low,low,low,low,low,low,low,low,medium,medium,medium,high,medium,low,high,high,low,low,high,high,high,high,medium,low,low,low,medium,low,low,high,low,low,high,medium,high,high,high,medium,high,medium,low,low,low,medium,medium,low,medium,low,medium,low,low,low,low,medium,low,low,medium,low,medium,medium,high,low,medium,medium,medium
574,low,medium,medium,high,high,medium,high,high,medium,low,high,medium,medium,low,medium,medium,high,high,medium,medium,medium,low,high,medium,low,low,low,high,high,low,high,medium,low,medium,medium,high,high,high,high,high,high,medium,medium,medium,medium,medium,low,high,high,low,medium,medium,medium,high,high,medium,medium,low,medium,medium,medium,medium,medium,medium,medium,medium,medium,medium,low,low,low,low,low,medium,high,medium,low,medium,medium,medium,medium,medium,medium,medium,medium,medium,medium,low,low,medium,medium,medium,medium,low,low,medium,high,high,high,low
575,low,medium,medium,medium,medium,low,medium,medium,low,low,low,high,high,high,high,medium,high,low,low,low,low,medium,high,high,high,high,high,high,medium,high,high,medium,medium,medium,low,low,medium,medium,high,medium,medium,medium,medium,low,low,low,low,medium,medium,low,low,medium,medium,high,high,medium,low,low,high,medium,medium,low,low,medium,medium,high,high,medium,low,medium,medium,medium,medium,medium,medium,medium,medium,medium,medium,medium,medium,medium,medium,medium,medium,medium,medium,low,low,medium,medium,medium,medium,low,low,high,medium,high,high,low
576,high,high,medium,high,low,medium,high,medium,high,high,medium,low,low,medium,medium,medium,high,high,medium,medium,low,medium,medium,high,medium,low,low,high,high,medium,high,low,low,medium,medium,medium,medium,medium,medium,medium,medium,medium,medium,low,low,medium,low,medium,medium,low,low,low,low,high,high,high,low,medium,medium,low,low,low,low,low,low,medium,medium,low,low,medium,medium,low,low,low,medium,medium,medium,medium,low,medium,medium,medium,medium,medium,medium,medium,medium,high,high,medium,medium,medium,medium,high,low,low,medium,medium,medium,low
577,low,high,high,medium,low,medium,medium,high,high,high,medium,low,low,high,medium,medium,low,low,low,high,medium,high,low,low,low,medium,high,low,low,high,low,low,high,high,high,high,low,low,low,medium,medium,high,high,high,high,high,high,medium,high,high,high,low,high,low,low,medium,medium,low,low,medium,high,high,high,high,high,low,low,medium,high,medium,medium,medium,medium,high,high,high,high,high,low,low,high,high,high,high,high,high,high,high,low,high,high,high,high,high,low,high,low,low,low,high
578,medium,low,low,high,high,low,low,low,low,low,low,low,low,medium,medium,high,high,low,low,low,low,high,high,high,high,high,high,high,medium,high,high,low,low,high,high,high,medium,medium,medium,high,high,high,high,high,high,high,medium,high,high,medium,high,high,high,medium,medium,low,low,medium,high,high,high,high,high,high,low,high,high,high,medium,medium,medium,low,low,low,medium,high,high,low,high,high,medium,high,medium,high,high,medium,high,high,medium,high,medium,high,high,high,high,high,high,medium,medium,low
579,low,high,high,low,low,high,medium,medium,high,medium,medium,low,medium,high,high,low,low,high,high,medium,low,low,low,low,medium,low,low,low,high,low,low,high,high,low,medium,low,low,low,medium,low,medium,medium,medium,medium,medium,medium,medium,medium,medium,medium,medium,low,low,high,medium,high,medium,medium,low,medium,low,medium,low,low,high,low,low,high,medium,low,low,high,low,high,medium,low,low,low,low,medium,low,medium,low,medium,low,low,low,low,low,low,low,medium,low,low,high,high,medium,high,high,low
580,medium,low,low,medium,medium,low,high,medium,low,low,high,low,high,medium,high,medium,low,high,medium,high,high,medium,medium,low,low,medium,low,low,low,medium,medium,medium,high,medium,medium,medium,low,low,low,low,medium,medium,medium,medium,medium,medium,medium,medium,high,low,low,low,medium,medium,medium,medium,high,medium,low,low,medium,medium,medium,medium,high,low,low,medium,medium,high,high,medium,medium,medium,medium,low,low,medium,medium,medium,low,low,low,low,low,low,medium,medium,medium,low,low,low,low,medium,low,high,high,high,high,low
581,medium,medium,medium,high,medium,medium,low,low,low,high,medium,medium,low,low,low,medium,high,medium,low,low,low,low,high,medium,high,medium,medium,high,high,low,high,medium,low,medium,medium,medium,low,medium,medium,medium,low,medium,medium,medium,medium,medium,medium,medium,medium,high,high,medium,medium,low,low,medium,high,high,medium,medium,high,medium,high,medium,medium,low,low,low,high,medium,medium,low,low,low,medium,medium,medium,high,medium,low,medium,medium,medium,medium,medium,medium,medium,low,medium,medium,medium,medium,medium,low,medium,medium,low,medium,medium,medium
582,medium,high,high,medium,medium,high,medium,medium,medium,low,low,high,high,low,low,high,low,high,high,high,high,medium,medium,low,low,low,low,low,low,medium,medium,low,low,medium,medium,low,medium,high,high,high,medium,medium,medium,medium,medium,medium,low,low,low,medium,medium,high,medium,medium,medium,high,medium,medium,high,medium,medium,medium,medium,medium,low,medium,medium,medium,medium,medium,medium,low,low,low,medium,high,high,high,medium,low,low,medium,low,medium,low,low,medium,medium,medium,medium,medium,low,medium,high,medium,low,medium,high,high,low
583,high,low,low,low,low,low,low,low,low,low,low,high,high,high,low,medium,high,medium,medium,medium,high,medium,high,high,high,high,high,high,medium,medium,high,medium,medium,low,medium,low,medium,medium,medium,low,low,medium,medium,medium,medium,medium,medium,low,low,medium,medium,medium,medium,medium,medium,medium,high,low,low,medium,medium,medium,medium,medium,high,low,low,low,medium,high,high,high,medium,high,low,medium,high,low,medium,medium,medium,low,medium,low,medium,medium,low,high,high,medium,medium,medium,medium,high,medium,medium,low,low,low,medium
584,medium,medium,medium,medium,high,high,high,low,medium,medium,low,low,high,low,low,high,low,high,high,high,high,medium,medium,low,medium,medium,low,low,low,medium,low,low,low,low,low,medium,medium,medium,medium,low,low,low,low,low,low,low,medium,low,low,medium,high,low,low,high,medium,high,high,medium,low,low,low,medium,low,low,high,low,low,high,medium,high,high,medium,medium,medium,low,low,medium,medium,low,low,low,low,low,low,low,low,low,medium,medium,low,low,low,low,medium,medium,medium,medium,high,high,low
585,low,high,high,high,high,low,high,low,high,medium,medium,low,medium,medium,medium,low,low,high,medium,medium,low,low,low,low,low,medium,low,low,high,low,low,high,high,low,low,medium,low,low,low,low,low,low,low,medium,medium,low,medium,low,low,high,high,low,medium,medium,high,high,high,low,low,medium,low,medium,medium,medium,high,low,low,low,high,low,low,low,low,high,medium,low,low,high,low,low,low,low,low,low,low,low,low,low,low,low,low,low,low,medium,low,medium,low,medium,medium,high
586,low,low,medium,low,high,low,low,high,low,medium,low,medium,medium,medium,medium,low,high,low,low,low,low,low,high,high,high,high,high,high,high,low,high,high,medium,high,high,low,low,low,low,low,low,high,high,high,high,high,high,low,low,high,high,high,high,low,low,medium,medium,medium,low,low,medium,high,high,high,high,low,low,high,high,low,low,medium,medium,high,high,low,low,medium,high,high,high,high,high,high,high,high,high,low,low,high,high,high,high,low,low,medium,low,low,low,high
587,low,high,high,medium,low,low,high,high,high,low,low,medium,low,medium,low,low,low,low,medium,medium,high,high,low,low,medium,low,low,low,low,medium,low,high,high,medium,high,high,medium,medium,medium,medium,medium,high,high,medium,medium,high,medium,medium,medium,medium,medium,high,medium,medium,medium,medium,high,high,high,high,high,medium,medium,medium,low,medium,medium,high,medium,low,low,low,low,medium,low,high,high,high,high,low,high,low,high,low,high,medium,medium,low,low,medium,medium,medium,medium,high,high,medium,low,low,low,medium
588,high,medium,high,low,low,medium,medium,medium,high,medium,high,medium,high,high,high,low,low,high,high,high,high,high,low,low,low,low,low,low,low,medium,low,high,high,low,medium,high,medium,medium,low,low,low,medium,medium,medium,medium,medium,medium,medium,medium,medium,medium,high,medium,medium,high,medium,medium,low,medium,medium,medium,medium,medium,medium,low,medium,medium,medium,medium,high,high,low,low,low,high,low,low,low,high,high,medium,low,medium,low,medium,low,low,high,high,low,low,medium,medium,low,high,high,low,high,high,medium
589,low,medium,medium,high,low,low,low,low,low,low,high,medium,medium,low,medium,medium,low,high,high,high,high,high,low,low,low,medium,medium,low,low,medium,low,high,high,medium,high,medium,medium,medium,medium,low,medium,high,high,high,high,high,high,medium,medium,high,high,medium,high,low,low,low,medium,high,medium,high,high,high,high,high,high,medium,medium,medium,high,medium,medium,medium,medium,high,medium,high,high,low,medium,medium,high,medium,high,medium,high,high,medium,low,low,medium,medium,high,high,high,medium,high,medium,low,low,low
590,high,low,low,low,medium,low,low,medium,medium,medium,high,high,low,low,low,low,low,medium,high,medium,high,medium,low,low,low,high,high,low,medium,medium,low,high,high,high,high,medium,medium,medium,medium,high,medium,high,high,high,high,high,high,high,medium,medium,medium,high,high,medium,low,medium,low,high,high,high,high,high,medium,high,low,high,high,high,medium,low,low,high,medium,high,medium,high,high,high,high,high,high,low,high,low,high,medium,high,high,high,high,high,high,high,high,high,medium,low,low,low,medium
591,high,low,low,low,low,low,medium,high,low,high,high,high,low,low,medium,medium,low,high,medium,high,high,high,low,low,medium,medium,medium,low,low,medium,low,medium,high,high,high,low,low,high,high,high,high,high,high,high,high,high,high,high,high,medium,medium,medium,high,low,low,low,low,low,high,high,high,high,high,high,high,high,high,high,medium,medium,medium,medium,medium,high,high,high,low,low,medium,high,high,low,high,low,high,medium,high,high,high,high,high,high,high,low,low,low,medium,high,high,low
592,low,low,low,medium,high,high,low,low,low,high,low,medium,low,low,low,low,low,high,high,high,high,medium,low,low,low,medium,low,low,low,medium,low,high,high,high,high,medium,high,medium,low,low,high,high,high,high,high,high,high,medium,high,medium,medium,low,high,low,low,low,low,medium,low,high,high,high,high,high,high,high,high,high,medium,low,low,medium,medium,medium,high,high,low,low,medium,medium,high,low,high,low,high,high,high,low,low,high,high,high,high,low,low,low,medium,low,low,low
593,high,high,high,high,high,high,high,low,high,medium,low,low,low,medium,medium,medium,high,medium,low,low,medium,low,high,medium,low,low,low,high,high,low,high,medium,low,high,high,high,high,high,high,high,high,high,high,high,high,high,medium,high,high,medium,medium,medium,high,low,low,low,low,high,high,high,high,high,high,high,high,high,high,low,low,medium,medium,medium,medium,medium,high,high,medium,high,low,low,high,low,high,low,high,high,high,high,high,high,high,high,high,high,low,high,low,medium,high,medium
594,high,medium,low,medium,low,low,high,high,medium,medium,high,low,high,high,low,medium,low,medium,medium,high,high,medium,low,low,low,high,medium,low,low,medium,low,medium,high,high,high,low,low,low,medium,high,high,high,high,high,high,high,high,high,high,medium,medium,high,high,low,low,low,medium,medium,high,high,high,high,high,high,low,high,high,medium,medium,low,low,high,medium,high,high,high,high,medium,high,high,high,medium,high,medium,high,high,high,high,high,high,medium,high,high,high,high,medium,low,low,low,medium
595,medium,low,low,medium,medium,high,high,medium,low,low,high,high,high,medium,high,low,low,low,high,high,high,medium,low,low,low,medium,high,low,low,medium,low,high,high,high,high,high,medium,high,high,high,high,high,high,high,high,high,medium,high,high,low,low,high,high,medium,low,low,low,high,high,high,high,high,high,high,medium,high,high,medium,low,high,high,high,medium,medium,high,high,high,low,high,high,high,medium,high,medium,high,high,high,medium,medium,high,high,medium,high,high,high,high,low,medium,high,medium
596,high,low,medium,low,low,low,medium,high,medium,medium,low,low,high,medium,high,medium,low,high,medium,medium,medium,high,low,low,high,medium,medium,low,low,high,low,medium,high,high,high,medium,medium,low,medium,medium,high,high,high,high,high,high,medium,high,high,medium,low,medium,high,low,low,low,low,low,high,high,high,high,high,high,medium,high,high,medium,medium,high,high,medium,medium,medium,high,medium,low,low,high,high,high,low,high,low,medium,medium,high,high,high,high,medium,medium,high,low,low,high,low,medium,medium,medium
597,high,high,high,high,medium,high,high,medium,high,high,high,medium,medium,low,high,medium,low,high,high,medium,high,high,low,low,low,high,medium,low,low,high,low,low,high,high,high,low,low,low,medium,high,high,high,high,high,high,high,medium,high,high,medium,medium,low,high,low,low,low,low,low,high,high,high,high,high,high,low,high,high,medium,medium,low,low,high,medium,high,high,high,medium,high,low,low,high,medium,high,medium,high,high,high,high,high,high,medium,high,high,low,medium,high,medium,low,low,low
598,high,medium,medium,high,high,medium,medium,medium,medium,medium,high,medium,medium,medium,low,high,high,low,low,low,low,high,high,high,high,high,high,high,medium,high,high,low,low,high,high,high,high,high,high,high,high,high,high,high,high,high,medium,high,high,medium,medium,high,high,low,low,low,low,high,high,high,high,high,high,high,low,high,high,high,medium,medium,medium,low,low,low,high,high,high,high,high,high,high,high,high,high,high,high,high,high,high,high,high,high,high,high,high,medium,low,high,high,medium
599,high,medium,medium,medium,low,low,high,low,high,medium,high,low,low,high,low,low,high,low,low,low,low,low,high,high,high,high,high,high,high,low,high,high,medium,high,high,medium,high,high,high,high,high,high,high,high,high,high,high,high,high,medium,medium,high,high,low,low,low,low,high,high,high,high,high,high,high,medium,high,high,low,low,medium,medium,low,low,low,high,high,high,low,high,high,high,high,high,high,high,high,high,high,high,high,high,high,high,high,high,medium,low,low,low,medium
600,low,medium,low,high,high,high,high,high,low,low,low,low,medium,medium,medium,high,high,low,low,low,low,low,high,high,high,high,high,high,high,low,high,low,low,high,high,high,high,high,high,high,high,high,high,high,high,high,medium,high,high,low,low,high,high,low,low,low,low,high,high,high,high,high,high,high,low,high,high,medium,low,high,high,high,medium,medium,high,high,high,low,high,high,high,high,high,high,high,high,high,low,low,high,high,high,high,high,high,medium,low,low,low,high
601,high,medium,low,high,high,high,high,low,low,low,high,low,low,low,low,low,high,low,low,low,low,low,high,high,high,high,high,high,high,low,high,high,medium,high,high,high,high,high,high,high,high,high,high,high,high,high,high,high,high,medium,medium,high,high,low,low,low,low,high,high,high,high,high,high,high,medium,high,high,medium,medium,medium,medium,low,low,low,high,high,high,medium,high,high,medium,high,medium,high,high,high,high,high,high,high,high,high,high,high,low,high,low,medium,medium,high
602,high,low,medium,medium,high,low,low,low,low,high,high,medium,high,low,low,low,high,low,low,low,low,low,high,high,high,high,high,high,high,low,high,medium,low,high,high,high,high,high,high,high,high,high,high,high,high,high,high,high,high,high,high,high,high,low,low,low,low,high,high,high,high,high,high,high,medium,high,high,low,high,low,low,low,low,low,high,high,high,low,high,high,high,high,high,high,high,high,high,high,high,high,high,high,high,high,low,low,low,low,low,high
603,high,low,low,high,medium,low,high,high,low,high,medium,low,low,low,medium,high,high,low,low,low,low,low,high,high,high,high,high,high,high,low,high,low,low,high,high,high,high,high,high,high,high,high,high,high,high,high,high,high,high,medium,medium,high,high,low,low,low,low,low,high,high,high,high,high,high,medium,high,high,medium,low,high,high,high,medium,medium,high,high,high,high,high,high,high,high,high,high,high,high,high,high,high,high,high,high,high,high,low,high,low,low,low,high
604,high,low,low,medium,low,low,medium,low,high,high,low,high,high,high,medium,low,high,low,low,low,low,low,high,high,high,high,high,high,high,low,high,high,medium,high,high,low,low,high,high,high,high,high,high,high,high,high,high,high,high,medium,medium,high,high,low,low,low,low,high,high,high,high,high,high,high,medium,high,high,medium,high,low,low,medium,medium,high,high,high,high,low,high,high,high,high,high,high,high,high,high,high,high,high,high,high,high,high,high,medium,low,medium,medium,medium
605,medium,high,high,high,high,high,low,high,medium,low,low,low,medium,high,high,low,high,low,low,low,low,low,high,high,high,high,high,high,high,low,high,high,medium,high,high,high,high,high,high,high,high,high,high,high,high,high,high,high,high,medium,medium,high,high,low,low,low,low,low,high,high,high,high,high,high,medium,high,high,low,medium,medium,medium,high,medium,high,high,high,high,high,low,low,high,high,high,high,high,high,high,high,medium,high,high,high,high,high,low,medium,low,low,low,high
606,high,high,medium,low,high,high,low,high,medium,high,low,high,medium,low,high,low,high,medium,low,low,low,low,medium,high,high,high,high,high,high,low,high,high,medium,high,high,low,medium,medium,high,high,high,high,high,high,high,high,high,high,high,medium,medium,high,high,low,low,low,low,low,high,high,high,high,high,high,high,high,high,high,medium,low,low,low,low,medium,high,high,low,high,low,low,high,high,high,high,high,high,high,high,high,high,high,high,high,low,low,high,low,low,low,high
607,high,low,high,low,high,high,medium,high,high,high,low,high,low,low,high,low,low,low,low,low,low,low,low,low,high,high,high,low,high,low,low,high,high,high,high,low,medium,medium,high,high,high,high,high,high,high,high,high,high,high,high,high,low,high,low,low,low,low,high,high,high,high,high,high,high,low,high,high,low,high,low,low,high,low,high,high,high,low,low,low,high,high,high,high,high,high,high,high,high,high,high,high,high,high,low,low,low,low,low,low,high
608,low,low,low,high,low,medium,medium,low,low,high,low,high,medium,medium,medium,medium,medium,medium,high,medium,high,medium,medium,low,high,medium,high,medium,medium,medium,medium,medium,medium,medium,medium,low,medium,high,medium,medium,medium,medium,medium,medium,medium,medium,low,high,medium,low,low,high,medium,medium,medium,medium,medium,medium,medium,medium,medium,medium,medium,medium,medium,medium,medium,medium,low,high,high,medium,medium,medium,medium,medium,high,high,medium,low,low,medium,low,medium,medium,medium,medium,low,low,medium,medium,medium,medium,high,medium,high,medium,high,high,low
609,low,medium,medium,high,medium,low,high,low,high,high,medium,medium,low,low,low,medium,low,high,high,high,medium,medium,medium,low,low,low,low,low,medium,medium,medium,medium,medium,high,medium,high,high,high,high,high,high,high,medium,medium,medium,medium,low,high,high,low,low,high,medium,medium,medium,low,low,medium,high,high,medium,medium,medium,medium,low,high,high,medium,low,high,high,low,low,low,high,high,high,low,high,high,medium,medium,medium,medium,medium,medium,high,low,low,high,high,medium,medium,high,high,high,high,high,high,low
610,low,low,low,medium,low,low,medium,low,high,high,low,high,high,medium,low,medium,high,medium,low,low,low,low,high,high,high,high,high,high,high,low,high,medium,low,high,high,high,high,high,high,high,high,high,high,high,high,high,medium,high,high,high,high,high,high,low,low,low,low,low,high,high,high,high,high,high,medium,high,high,medium,medium,high,high,medium,medium,medium,high,high,low,low,high,high,high,high,high,high,high,high,high,low,low,high,high,high,high,high,high,low,low,low,low,high
611,low,low,low,high,low,low,high,medium,low,high,low,medium,low,low,low,high,high,medium,low,low,low,medium,high,high,high,high,high,high,high,medium,high,low,low,high,high,medium,high,high,high,high,high,medium,high,high,high,high,high,high,high,high,high,medium,high,low,medium,medium,medium,high,high,medium,medium,high,high,high,medium,high,high,low,high,high,high,low,low,low,medium,high,high,low,medium,high,high,high,high,high,high,high,high,low,low,high,high,high,high,medium,high,high,low,low,low,high
612,high,low,low,low,high,high,high,high,medium,high,low,low,low,low,low,medium,high,high,medium,medium,medium,medium,high,high,high,medium,low,high,high,medium,high,high,medium,low,low,medium,high,high,medium,medium,medium,medium,low,low,low,low,low,low,low,low,low,low,low,high,medium,high,medium,high,low,low,medium,low,low,low,high,low,low,medium,low,high,high,high,low,high,medium,medium,medium,low,low,high,medium,medium,medium,medium,medium,medium,medium,high,high,medium,medium,medium,medium,medium,high,high,medium,high,high,low
613,medium,low,low,low,low,medium,medium,medium,low,high,high,high,high,high,medium,low,low,low,medium,medium,medium,medium,low,low,low,high,high,low,medium,medium,low,medium,high,medium,high,low,low,low,low,low,medium,medium,high,high,high,high,high,medium,medium,high,high,high,medium,low,medium,medium,high,medium,medium,low,high,high,high,medium,medium,low,low,low,high,high,high,low,low,low,medium,medium,medium,low,high,high,high,high,high,high,high,high,medium,medium,medium,medium,low,high,high,medium,high,medium,low,medium,medium,medium
614,low,low,low,low,high,low,high,high,high,high,high,medium,high,low,low,high,medium,medium,medium,medium,high,medium,medium,medium,medium,medium,medium,medium,low,medium,medium,low,medium,high,high,high,high,high,high,high,high,high,high,high,high,high,high,high,high,high,high,high,high,low,low,low,low,high,high,high,high,high,high,high,high,high,high,low,high,high,high,high,low,high,high,high,high,medium,high,medium,high,high,high,high,high,high,high,low,low,high,high,high,high,high,low,high,low,low,low,high
615,medium,low,low,low,low,low,medium,high,high,high,medium,medium,medium,high,medium,high,high,medium,low,medium,low,low,high,high,high,high,high,high,medium,medium,high,low,low,low,medium,low,high,high,medium,low,low,medium,low,medium,medium,medium,medium,low,low,medium,medium,medium,medium,medium,medium,high,high,medium,medium,medium,low,medium,medium,medium,medium,medium,low,low,medium,high,high,high,medium,medium,low,medium,high,medium,high,medium,low,medium,low,medium,medium,low,medium,medium,medium,low,low,medium,medium,high,medium,medium,high,medium,high,low
616,medium,medium,medium,high,high,low,high,high,medium,high,low,medium,high,low,medium,high,medium,low,high,medium,high,high,medium,medium,low,medium,high,medium,low,high,low,low,medium,low,low,low,low,low,medium,medium,medium,low,low,low,low,low,low,high,medium,low,low,low,low,high,high,medium,medium,low,low,low,low,low,low,low,low,low,low,medium,low,high,high,high,medium,medium,medium,low,low,high,medium,low,medium,low,medium,low,medium,medium,medium,medium,medium,low,low,medium,low,low,low,medium,high,high,high,low
617,medium,low,low,high,low,medium,high,low,medium,high,high,high,high,high,high,high,medium,high,high,high,high,high,high,medium,low,medium,medium,medium,low,medium,high,low,low,high,high,medium,medium,medium,high,high,high,high,high,medium,medium,high,low,high,high,low,low,low,medium,medium,low,low,low,high,medium,high,high,medium,medium,medium,low,medium,high,medium,medium,high,high,medium,medium,medium,high,high,high,high,medium,low,high,high,high,high,high,high,high,medium,medium,high,high,high,high,high,low,medium,medium,medium,medium,low
618,low,low,medium,low,medium,medium,high,high,medium,high,low,low,low,low,medium,medium,low,low,medium,medium,low,medium,low,medium,medium,low,medium,low,medium,high,low,medium,high,high,high,medium,low,medium,medium,medium,medium,medium,high,high,high,high,high,high,medium,high,high,low,high,low,low,medium,low,low,medium,high,medium,high,high,high,low,high,high,low,high,high,high,medium,medium,medium,high,low,low,high,low,low,high,high,high,high,high,high,high,low,low,high,high,high,high,low,low,high,low,low,low,high
619,medium,low,medium,low,low,low,medium,medium,medium,high,medium,high,high,high,high,low,low,low,medium,low,low,low,low,low,low,low,low,low,high,low,low,high,high,low,low,low,low,low,low,low,medium,low,low,low,low,low,low,medium,medium,low,low,low,medium,high,low,low,medium,high,medium,medium,low,low,low,medium,low,medium,medium,low,low,low,low,low,low,medium,medium,low,low,high,medium,low,low,low,low,low,low,low,low,low,medium,low,medium,low,low,low,low,low,medium,high,high,low
620,low,medium,medium,high,high,medium,high,low,medium,low,medium,low,medium,medium,high,low,low,high,high,high,high,low,low,low,low,high,medium,low,medium,low,low,high,high,medium,high,medium,medium,medium,low,medium,low,medium,medium,high,high,high,high,medium,low,high,high,low,high,low,high,high,medium,low,medium,medium,low,high,high,high,high,low,medium,medium,high,medium,medium,high,medium,high,medium,low,low,medium,medium,medium,medium,high,medium,high,medium,high,medium,low,low,medium,medium,high,medium,medium,low,high,low,low,low,high
621,low,low,medium,low,high,medium,medium,high,medium,low,low,low,medium,medium,medium,high,medium,medium,high,high,high,medium,high,low,low,low,low,medium,low,medium,medium,low,low,high,high,low,low,low,low,medium,high,high,high,high,high,high,high,medium,high,high,high,low,high,low,low,low,high,medium,low,low,high,high,high,high,high,low,low,medium,high,low,low,medium,medium,medium,high,low,low,medium,medium,medium,high,high,high,high,high,high,high,low,low,high,high,high,high,low,low,medium,low,low,low,high
622,low,high,low,high,high,low,medium,medium,medium,medium,high,medium,high,high,high,high,low,medium,low,low,high,high,low,medium,high,medium,medium,low,low,medium,low,medium,high,high,high,low,low,low,low,low,low,high,high,high,high,high,high,low,low,high,high,low,high,low,low,high,high,medium,low,medium,medium,high,high,high,high,low,low,low,high,low,low,low,low,low,low,high,high,medium,medium,medium,high,high,high,high,high,high,high,low,low,high,high,high,high,high,low,high,low,low,low,high
623,high,low,low,high,low,low,medium,low,low,low,medium,low,high,high,high,low,high,high,medium,low,low,low,high,high,medium,low,low,high,high,low,high,high,medium,high,high,medium,medium,medium,medium,medium,high,high,high,high,high,high,high,medium,high,high,high,low,high,low,low,low,medium,high,high,high,high,high,high,high,high,high,medium,low,high,high,high,low,low,low,high,high,low,low,medium,medium,high,high,high,high,high,high,high,high,high,high,medium,high,high,low,low,high,low,low,low,high
624,low,medium,low,medium,medium,medium,low,low,low,medium,medium,low,medium,low,medium,high,high,medium,low,low,low,high,high,high,high,low,low,high,medium,high,high,low,low,medium,medium,medium,high,medium,medium,medium,medium,low,medium,medium,medium,medium,medium,low,medium,high,high,medium,medium,low,medium,medium,medium,low,medium,low,medium,medium,high,medium,medium,medium,medium,low,high,high,high,low,low,low,low,high,high,medium,medium,medium,medium,medium,medium,medium,medium,medium,medium,low,low,medium,medium,medium,medium,high,medium,medium,low,medium,medium,medium
625,medium,high,medium,medium,low,medium,low,high,medium,high,medium,medium,high,medium,medium,medium,high,medium,medium,medium,low,low,medium,high,medium,medium,medium,high,high,low,high,medium,low,medium,high,low,low,medium,medium,high,medium,high,high,high,high,high,high,high,medium,high,high,high,high,low,low,medium,high,medium,low,medium,high,high,high,high,medium,low,low,high,high,medium,medium,medium,medium,medium,low,high,high,high,medium,low,low,high,low,high,medium,medium,medium,medium,medium,high,high,medium,medium,high,medium,high,high,medium,medium,low
626,high,medium,medium,low,medium,high,medium,low,low,high,medium,high,medium,medium,high,medium,low,high,high,high,high,medium,low,low,low,low,low,low,low,medium,low,medium,high,medium,medium,medium,medium,medium,medium,medium,medium,medium,medium,medium,medium,medium,medium,high,high,medium,medium,low,medium,medium,low,low,low,medium,low,high,medium,medium,medium,medium,high,medium,medium,high,low,medium,medium,low,low,low,high,medium,low,low,medium,medium,high,low,high,low,medium,medium,medium,high,high,medium,medium,medium,medium,low,low,medium,low,medium,medium,medium
627,medium,medium,high,low,low,medium,low,medium,high,low,high,high,high,medium,medium,low,low,medium,medium,medium,low,low,low,low,low,low,low,low,high,low,low,high,high,high,high,medium,medium,medium,high,high,high,high,high,high,high,high,medium,high,high,medium,medium,high,high,low,low,low,low,low,high,high,high,medium,high,high,low,high,high,low,medium,medium,medium,low,low,low,high,medium,low,high,high,medium,high,high,high,high,high,high,high,medium,medium,high,high,high,high,low,high,high,low,medium,medium,medium
628,low,medium,high,high,medium,high,high,low,high,low,high,low,low,high,high,high,medium,low,medium,high,high,high,high,medium,high,medium,high,medium,low,high,medium,low,medium,high,high,medium,medium,high,high,high,high,high,high,high,high,high,medium,high,high,medium,medium,medium,high,medium,low,low,low,high,high,high,high,high,high,high,high,high,high,high,medium,low,low,medium,medium,high,high,medium,low,medium,low,low,high,high,high,high,high,high,high,medium,low,high,high,high,high,low,low,low,low,low,low,high
629,medium,low,low,low,medium,medium,low,low,low,high,high,high,medium,high,high,low,low,low,medium,medium,medium,low,low,low,low,low,medium,low,high,low,low,high,high,medium,low,high,high,medium,high,high,high,medium,medium,low,low,low,low,medium,medium,low,low,high,low,high,medium,medium,medium,high,medium,medium,low,low,low,low,low,medium,medium,low,low,low,low,medium,medium,high,low,high,high,high,high,low,medium,medium,medium,medium,medium,medium,medium,medium,medium,medium,medium,low,medium,high,high,medium,high,high,high,low
630,medium,medium,medium,high,medium,medium,high,high,medium,low,medium,low,low,medium,medium,high,low,medium,high,high,high,high,medium,medium,medium,medium,medium,low,low,high,low,low,medium,medium,medium,medium,medium,medium,medium,medium,medium,medium,medium,medium,medium,medium,medium,medium,medium,low,low,low,medium,medium,medium,medium,low,high,high,medium,medium,medium,medium,medium,high,high,high,high,medium,medium,medium,high,medium,high,medium,medium,medium,medium,low,low,medium,low,medium,low,low,low,medium,medium,medium,medium,medium,low,medium,medium,low,high,high,medium,medium,low
631,medium,medium,high,low,medium,high,high,high,medium,medium,low,low,medium,low,medium,low,low,medium,high,high,medium,medium,low,low,low,low,low,low,medium,medium,low,high,high,high,medium,high,high,high,high,high,high,medium,medium,medium,medium,medium,low,high,high,medium,medium,low,medium,medium,medium,medium,low,low,high,high,medium,medium,medium,medium,high,high,high,medium,medium,low,low,low,low,medium,high,medium,low,high,low,low,high,medium,high,medium,medium,medium,high,medium,medium,high,high,medium,medium,low,low,high,high,high,high,low
632,high,low,medium,low,low,low,low,low,medium,high,medium,high,high,high,medium,medium,low,high,high,high,high,high,low,low,low,low,low,low,low,medium,low,low,high,medium,low,high,high,high,high,high,medium,medium,medium,medium,medium,low,low,medium,low,low,medium,high,medium,medium,medium,medium,low,medium,high,medium,high,medium,medium,medium,low,high,high,medium,low,low,low,high,medium,high,medium,high,medium,high,high,medium,medium,low,medium,low,low,low,medium,high,high,medium,high,low,medium,high,high,low,high,high,high,low
633,low,low,medium,medium,low,low,low,low,medium,high,low,high,high,low,medium,medium,medium,high,medium,medium,medium,low,medium,medium,high,low,low,medium,medium,low,medium,medium,low,high,high,low,medium,medium,low,medium,medium,medium,high,high,high,high,high,medium,high,high,high,medium,high,low,medium,medium,medium,medium,medium,high,high,high,high,high,high,medium,medium,low,high,high,high,medium,medium,medium,high,medium,low,low,high,medium,high,high,high,high,high,high,high,medium,low,high,high,high,high,low,low,high,low,low,low,high
634,low,low,low,low,high,low,low,high,low,medium,high,high,medium,high,low,high,low,medium,medium,high,high,high,medium,medium,low,medium,medium,low,low,high,low,low,high,high,high,low,low,low,low,low,low,high,high,high,high,high,high,low,low,high,high,low,high,low,low,medium,high,medium,low,medium,high,high,high,high,high,low,low,low,high,high,high,high,medium,medium,high,medium,low,medium,low,low,high,high,high,high,high,high,high,low,low,high,high,high,high,low,low,medium,low,low,low,high
635,high,low,low,high,high,low,medium,medium,high,high,medium,medium,high,low,low,medium,high,low,low,low,medium,medium,medium,medium,high,high,high,high,medium,medium,medium,medium,low,medium,high,low,low,low,low,medium,medium,medium,high,high,high,high,high,high,medium,high,high,low,high,low,low,low,low,medium,low,low,high,high,high,high,low,medium,medium,medium,medium,high,high,high,medium,medium,medium,high,medium,high,medium,low,high,high,high,high,high,high,medium,high,high,medium,medium,high,medium,high,low,low,low,low,low,medium
636,low,low,low,low,low,low,low,low,low,high,high,high,high,high,low,medium,low,low,low,low,high,medium,medium,medium,medium,high,high,low,medium,medium,low,medium,medium,high,high,high,medium,medium,medium,medium,high,high,high,high,high,high,high,medium,high,medium,medium,low,high,low,low,low,high,high,high,high,high,high,high,high,low,medium,medium,low,high,high,high,medium,medium,medium,high,high,medium,high,low,low,high,high,high,high,high,high,high,medium,low,high,medium,high,high,low,low,medium,low,low,low,high
637,low,low,low,medium,medium,low,medium,low,medium,low,medium,low,medium,medium,low,high,medium,low,medium,medium,high,medium,medium,low,low,high,high,medium,low,medium,low,low,low,high,high,high,high,high,high,high,high,high,high,high,high,high,high,high,medium,high,high,high,high,low,high,medium,low,high,medium,medium,medium,high,high,high,medium,high,high,low,high,high,high,high,medium,medium,high,high,high,low,high,high,high,high,high,high,low,high,high,medium,low,high,high,high,high,high,high,low,low,low,low,high
638,high,medium,medium,high,medium,low,high,high,high,high,medium,low,high,medium,low,high,low,medium,high,high,high,high,medium,low,low,medium,medium,low,low,high,low,low,medium,medium,low,medium,high,high,high,high,medium,medium,medium,low,low,low,low,high,medium,low,low,low,low,high,medium,medium,low,medium,high,medium,medium,low,low,low,high,high,high,medium,low,high,high,high,high,high,medium,high,high,low,high,high,low,medium,low,medium,low,low,medium,high,high,medium,high,low,medium,high,high,medium,high,high,high,low
639,high,low,low,medium,medium,low,low,low,medium,medium,medium,medium,high,medium,low,low,high,low,low,low,low,low,medium,high,high,high,high,high,high,low,high,high,high,high,high,high,high,high,high,high,high,high,high,high,high,high,high,high,high,high,high,high,high,low,low,low,medium,high,high,high,high,high,high,high,low,high,high,high,high,high,high,low,low,low,high,high,high,low,high,high,high,high,high,high,high,high,high,high,high,high,high,high,high,high,high,medium,low,low,low,high
640,high,low,high,low,low,high,low,low,medium,high,low,high,medium,high,high,medium,high,medium,high,medium,low,low,high,medium,medium,medium,medium,high,medium,medium,high,low,low,high,high,high,medium,high,high,high,high,high,high,high,high,high,medium,high,high,medium,medium,low,high,low,low,low,low,high,high,high,high,high,high,high,low,high,high,medium,medium,high,high,low,low,low,high,high,medium,low,low,high,high,high,high,high,high,high,high,high,high,high,high,high,high,medium,high,low,high,high,medium,low
641,high,high,high,high,high,low,high,high,high,high,high,high,high,high,high,low,low,medium,low,low,low,low,low,low,low,high,high,low,high,low,low,high,high,low,low,medium,medium,low,low,low,low,low,low,low,low,low,medium,low,low,medium,medium,low,medium,medium,medium,medium,medium,low,medium,medium,medium,medium,medium,medium,low,medium,medium,low,medium,low,low,medium,medium,high,medium,low,low,high,low,low,low,low,low,low,low,low,low,high,high,medium,high,low,medium,low,low,low,medium,high,high,low
642,medium,medium,medium,low,low,low,medium,low,low,medium,medium,high,high,medium,low,high,medium,medium,medium,high,high,high,medium,medium,low,high,high,medium,low,high,medium,low,medium,low,medium,medium,medium,medium,low,medium,low,low,low,medium,medium,medium,high,medium,low,high,high,medium,medium,low,medium,medium,high,medium,medium,medium,medium,high,high,medium,medium,medium,medium,low,high,low,low,medium,medium,medium,low,medium,high,medium,medium,medium,low,medium,low,medium,medium,medium,low,medium,medium,low,low,medium,medium,high,medium,medium,medium,medium,medium,low
643,medium,high,high,low,low,medium,low,high,medium,high,medium,high,low,medium,medium,medium,medium,medium,medium,medium,medium,medium,medium,low,low,low,low,medium,medium,medium,medium,medium,medium,medium,low,high,high,high,medium,high,high,medium,medium,low,low,low,low,high,high,low,low,high,medium,high,medium,low,low,medium,medium,medium,medium,low,low,medium,low,medium,medium,high,low,low,low,medium,medium,medium,medium,high,high,high,medium,low,medium,medium,medium,medium,medium,medium,medium,medium,medium,medium,high,medium,medium,high,medium,low,high,high,high,low
644,low,high,high,medium,low,medium,high,high,high,medium,low,low,low,low,low,low,low,high,medium,high,medium,high,low,low,high,high,high,low,medium,medium,low,high,high,high,medium,high,high,high,high,high,high,high,medium,medium,medium,medium,low,high,high,low,low,medium,medium,medium,low,medium,low,low,high,high,medium,medium,medium,medium,high,high,high,low,low,low,low,high,medium,high,high,high,medium,high,low,low,medium,high,medium,high,medium,medium,high,low,low,medium,medium,medium,medium,medium,low,medium,high,medium,high,low
645,high,high,medium,high,medium,medium,high,medium,medium,high,high,medium,medium,medium,low,high,medium,medium,high,high,high,high,medium,medium,low,low,low,medium,low,high,medium,low,low,medium,medium,high,medium,low,medium,medium,high,medium,medium,low,low,medium,low,medium,high,low,low,high,medium,medium,medium,medium,medium,medium,medium,medium,medium,low,low,medium,low,medium,medium,medium,low,low,low,medium,medium,medium,medium,medium,high,low,high,high,medium,low,medium,low,medium,medium,medium,high,high,medium,medium,low,medium,medium,high,low,medium,high,high,low
646,low,low,medium,medium,low,high,low,low,medium,medium,medium,low,low,low,medium,high,low,high,high,high,high,high,medium,medium,medium,medium,medium,low,low,high,low,low,medium,high,high,low,medium,medium,high,high,high,high,high,high,high,high,high,high,high,high,high,low,high,low,low,low,low,medium,high,high,high,high,high,high,high,high,high,high,high,low,low,medium,medium,high,high,medium,low,low,low,medium,high,high,high,high,high,high,high,low,low,high,high,high,high,low,low,high,low,low,low,high
647,low,low,medium,low,medium,medium,low,low,low,low,medium,high,medium,medium,medium,medium,high,low,medium,medium,low,low,high,high,high,low,medium,high,high,low,high,medium,low,high,medium,high,high,high,high,high,high,high,medium,medium,medium,medium,low,high,high,low,low,high,medium,medium,low,low,low,medium,high,high,high,medium,medium,medium,medium,high,high,medium,low,medium,medium,low,low,low,high,medium,low,medium,high,medium,medium,medium,medium,medium,medium,medium,high,low,low,medium,medium,medium,medium,low,medium,high,high,high,high,low
648,medium,high,high,medium,medium,medium,medium,low,high,medium,medium,high,medium,high,medium,low,high,medium,low,medium,low,low,high,medium,high,medium,medium,high,high,low,high,high,high,low,low,medium,high,medium,medium,medium,low,low,low,low,low,low,low,low,low,low,low,medium,low,high,high,high,medium,low,medium,low,low,low,low,low,medium,medium,medium,medium,low,medium,medium,low,low,low,medium,low,low,high,low,low,medium,low,medium,low,low,low,low,low,medium,low,medium,low,low,low,medium,high,medium,medium,medium,low
649,medium,high,high,medium,low,low,high,high,high,medium,medium,high,low,high,low,low,low,low,low,low,low,low,low,low,low,high,high,low,high,low,low,high,high,high,high,medium,medium,low,low,high,high,high,high,high,high,high,high,high,high,high,high,high,high,low,low,low,high,high,high,high,high,high,high,high,medium,high,medium,low,high,low,low,low,low,medium,high,high,high,high,low,low,low,high,low,high,high,high,high,high,medium,high,high,high,high,high,low,high,low,medium,medium,medium
650,medium,high,high,high,medium,high,high,high,high,high,high,low,low,low,medium,medium,high,low,low,low,low,medium,medium,high,high,medium,medium,high,medium,medium,medium,medium,medium,high,high,medium,high,medium,medium,medium,high,high,high,high,high,high,high,high,high,high,high,medium,high,low,low,low,low,medium,high,high,high,high,high,high,high,high,high,high,high,low,low,high,medium,high,high,medium,low,high,low,low,high,high,high,high,high,high,high,medium,medium,high,medium,high,high,low,low,low,low,medium,medium,high
651,low,medium,medium,medium,low,low,medium,low,medium,low,high,high,high,low,low,low,low,medium,high,medium,high,medium,low,low,low,medium,medium,low,medium,medium,low,high,high,low,medium,low,high,medium,low,low,low,low,medium,medium,medium,medium,high,low,low,high,high,medium,medium,medium,low,high,high,medium,low,low,low,medium,medium,medium,medium,low,low,medium,high,high,high,low,low,low,medium,low,medium,medium,medium,medium,high,medium,high,medium,medium,medium,low,low,low,low,low,medium,medium,medium,medium,medium,low,low,low,high
652,low,high,high,medium,low,medium,high,medium,high,low,high,low,medium,medium,medium,low,medium,high,medium,medium,medium,low,medium,medium,medium,low,low,medium,high,low,medium,high,medium,low,low,medium,low,medium,low,low,medium,low,low,low,low,low,medium,low,medium,low,low,medium,medium,high,medium,medium,high,high,medium,medium,medium,medium,low,medium,medium,low,medium,medium,low,medium,medium,medium,medium,medium,low,low,medium,high,low,low,medium,medium,medium,medium,medium,medium,low,low,low,low,low,low,low,medium,medium,high,low,low,low,medium
653,low,low,low,low,low,low,high,medium,low,low,high,low,medium,low,low,high,high,medium,low,low,low,high,high,high,high,high,high,high,medium,high,high,low,low,high,high,high,medium,medium,high,high,medium,high,high,high,high,high,high,medium,medium,high,high,high,high,low,low,medium,high,high,high,high,high,high,high,high,low,high,medium,medium,high,medium,medium,medium,medium,high,high,high,medium,medium,high,high,medium,high,medium,high,high,high,high,low,low,high,medium,high,high,high,high,low,low,low,low,high
654,high,low,low,low,low,medium,high,high,high,high,high,high,high,medium,medium,low,low,low,low,low,low,low,low,low,low,low,low,low,high,low,low,high,high,low,low,low,low,low,low,low,low,low,low,low,low,low,medium,low,low,low,low,medium,medium,medium,low,low,medium,medium,medium,medium,high,medium,medium,medium,medium,medium,medium,medium,medium,low,low,medium,medium,high,low,low,medium,low,medium,high,low,low,low,low,low,low,low,medium,high,low,low,low,low,medium,high,medium,high,high,high,low
655,medium,low,medium,high,medium,high,low,low,low,low,medium,high,high,low,medium,low,low,high,high,high,medium,medium,low,medium,medium,medium,low,low,medium,high,low,high,high,low,low,medium,medium,low,low,low,low,low,low,low,low,low,medium,medium,medium,low,low,medium,medium,high,medium,low,high,high,medium,low,medium,low,low,medium,medium,low,low,medium,low,medium,medium,low,low,low,medium,low,low,medium,high,medium,medium,low,medium,low,low,low,low,medium,medium,low,low,low,low,low,medium,medium,medium,medium,medium,low
656,low,low,low,high,low,low,medium,low,low,low,medium,high,low,high,low,medium,low,high,medium,low,high,medium,low,medium,medium,low,low,low,low,medium,low,medium,high,high,high,medium,medium,medium,medium,medium,high,high,high,high,high,high,high,medium,high,medium,medium,low,high,low,low,low,low,high,high,high,high,high,high,high,high,medium,high,low,medium,medium,medium,low,low,low,high,high,low,low,medium,medium,high,high,high,high,high,high,high,low,low,high,medium,high,high,medium,low,high,low,low,low,high
657,medium,low,low,medium,high,medium,high,medium,low,medium,high,medium,medium,medium,high,high,medium,high,high,high,high,high,medium,medium,high,medium,low,medium,low,high,medium,low,low,low,low,medium,medium,medium,low,low,low,low,low,low,low,low,medium,low,low,medium,medium,low,low,high,high,high,high,medium,low,low,low,medium,low,low,high,low,low,high,medium,medium,medium,high,medium,high,low,low,medium,low,medium,medium,low,medium,low,medium,low,low,low,medium,medium,low,low,low,low,medium,low,low,high,high,high,low
658,low,high,high,high,low,medium,low,high,high,high,high,medium,low,medium,medium,medium,medium,medium,medium,low,low,medium,medium,low,low,low,low,medium,medium,high,high,medium,medium,medium,medium,medium,low,low,medium,medium,medium,medium,medium,medium,medium,medium,medium,medium,medium,low,low,low,low,high,high,high,high,medium,low,low,low,low,low,low,high,low,low,high,medium,high,high,high,medium,high,medium,low,low,high,low,low,low,medium,low,medium,medium,low,medium,low,low,low,low,low,low,medium,low,high,high,medium,medium,low
659,low,medium,medium,medium,low,high,medium,medium,low,medium,low,high,medium,medium,high,medium,low,low,high,high,high,high,low,low,low,high,high,low,low,medium,low,medium,high,medium,medium,medium,low,low,high,high,high,medium,medium,medium,medium,medium,low,high,medium,low,low,low,medium,high,medium,low,low,medium,high,medium,medium,low,low,medium,high,high,high,medium,low,medium,medium,low,low,low,medium,medium,medium,medium,low,low,medium,medium,medium,medium,medium,medium,medium,low,low,medium,high,medium,medium,medium,low,low,high,high,high,low
660,low,medium,high,high,low,low,low,medium,medium,low,medium,low,medium,medium,medium,low,high,low,medium,low,low,low,high,medium,medium,low,low,high,high,low,high,high,low,medium,medium,medium,medium,high,medium,high,medium,high,medium,medium,medium,medium,low,high,medium,low,low,low,medium,medium,medium,low,low,low,high,high,high,medium,medium,medium,high,high,high,high,low,medium,medium,low,low,low,high,medium,low,high,low,low,medium,medium,medium,medium,medium,medium,medium,low,low,medium,medium,medium,medium,low,low,low,low,medium,medium,medium
661,low,low,low,low,high,high,low,medium,medium,high,low,low,low,low,low,low,high,low,low,low,low,low,high,high,high,medium,high,high,high,low,high,high,medium,high,high,high,medium,medium,high,high,high,high,high,high,high,high,high,high,high,high,high,high,high,low,low,low,low,low,high,high,high,high,high,high,medium,high,high,medium,high,low,low,high,medium,high,high,high,low,high,high,high,high,high,high,high,high,high,high,low,low,high,high,high,high,low,low,low,low,low,low,high
662,high,high,low,high,low,low,high,low,low,medium,high,high,high,high,medium,low,medium,low,high,medium,low,low,medium,low,low,low,low,medium,high,low,medium,high,medium,low,low,medium,low,low,low,low,low,low,low,low,low,low,medium,low,low,medium,medium,medium,low,medium,high,medium,medium,medium,low,medium,medium,low,low,low,medium,medium,low,medium,low,low,low,medium,medium,high,low,low,medium,medium,medium,medium,low,low,low,low,low,low,low,high,high,low,low,low,low,medium,medium,low,high,medium,low,low
663,high,high,high,low,low,low,medium,medium,high,medium,medium,high,medium,medium,high,high,high,low,medium,low,medium,low,high,high,high,high,high,high,medium,low,high,low,low,medium,low,low,high,high,high,high,medium,medium,medium,low,low,low,low,medium,medium,low,low,low,low,high,high,medium,low,low,medium,medium,low,low,low,low,high,medium,medium,high,low,medium,medium,low,low,low,high,medium,low,high,low,low,low,medium,low,medium,low,low,medium,high,high,medium,medium,medium,low,low,low,high,high,medium,medium,low
664,medium,medium,medium,high,high,low,medium,medium,medium,medium,high,high,medium,low,medium,low,medium,low,low,low,low,low,low,low,high,medium,high,medium,high,low,low,high,high,medium,low,high,medium,medium,high,high,medium,medium,medium,low,low,low,low,high,medium,low,low,high,low,high,high,medium,medium,high,medium,medium,low,low,low,low,low,medium,medium,low,low,low,low,low,low,low,medium,medium,medium,medium,high,high,low,low,low,low,low,low,medium,medium,medium,medium,high,low,low,high,high,medium,high,high,high,low
665,high,medium,high,high,high,low,low,medium,high,medium,medium,low,medium,low,medium,medium,low,high,high,high,high,high,low,low,low,medium,medium,low,low,medium,low,medium,high,medium,medium,high,medium,high,medium,high,medium,low,medium,medium,medium,medium,low,high,medium,medium,medium,medium,medium,medium,high,medium,medium,low,medium,medium,medium,medium,medium,medium,medium,medium,medium,medium,medium,low,low,medium,medium,medium,high,low,low,medium,low,low,medium,medium,medium,medium,medium,medium,medium,high,high,medium,medium,medium,medium,low,medium,low,high,high,high,low
666,medium,high,medium,medium,medium,low,medium,high,medium,medium,high,medium,low,medium,high,medium,medium,high,low,medium,low,medium,high,high,high,medium,medium,medium,medium,medium,high,medium,medium,high,medium,medium,high,high,high,high,high,high,medium,medium,medium,medium,low,high,medium,medium,medium,high,medium,medium,medium,low,low,high,high,high,medium,medium,medium,medium,medium,high,high,medium,medium,medium,medium,low,low,low,high,high,high,high,medium,low,medium,medium,medium,medium,medium,medium,high,medium,medium,high,high,medium,medium,high,medium,high,high,high,high,low
667,medium,medium,medium,medium,low,low,low,low,low,high,high,medium,high,high,high,low,medium,high,medium,medium,medium,low,medium,medium,medium,low,low,medium,high,low,medium,high,high,high,medium,medium,high,high,high,high,high,medium,medium,medium,medium,medium,low,high,high,low,low,high,medium,medium,low,low,medium,low,high,medium,medium,medium,medium,medium,low,high,high,medium,low,low,low,low,low,low,high,high,medium,high,high,medium,medium,medium,medium,medium,medium,medium,medium,medium,medium,medium,medium,medium,medium,high,medium,medium,high,high,high,low
668,high,high,medium,high,medium,low,high,medium,high,medium,medium,low,low,high,medium,medium,high,low,medium,low,low,medium,medium,medium,high,high,high,high,medium,high,high,low,low,low,medium,low,low,low,low,medium,low,medium,medium,medium,medium,medium,medium,medium,medium,medium,medium,medium,low,medium,high,high,medium,medium,medium,low,medium,low,medium,low,medium,medium,medium,low,medium,low,low,medium,medium,medium,low,high,high,high,low,low,medium,medium,medium,medium,medium,medium,low,high,high,low,low,medium,medium,high,low,medium,medium,high,high,low
669,low,low,medium,medium,high,low,low,low,medium,medium,high,high,high,high,low,high,medium,medium,high,medium,high,medium,high,medium,medium,high,high,medium,medium,high,medium,medium,medium,medium,high,low,low,low,low,low,medium,medium,high,high,high,high,high,low,medium,high,high,high,high,low,medium,medium,high,high,low,medium,medium,high,high,high,medium,low,low,low,high,medium,medium,medium,medium,medium,high,low,low,medium,high,high,high,high,high,high,high,high,medium,low,low,high,medium,high,high,low,high,medium,low,low,low,high
670,high,high,medium,high,high,medium,high,high,medium,low,high,high,high,high,medium,medium,low,low,low,low,medium,high,low,high,high,high,high,low,medium,high,low,medium,high,high,high,low,medium,medium,low,low,high,high,high,high,high,high,high,medium,high,high,high,high,high,low,low,low,medium,medium,high,high,high,high,high,high,medium,medium,high,low,high,low,low,medium,medium,high,low,high,high,low,high,high,high,high,high,high,high,high,high,high,high,high,medium,high,high,high,medium,low,low,low,low,high
671,low,high,medium,high,high,medium,high,high,high,low,low,low,low,medium,low,low,medium,low,medium,low,low,low,medium,medium,medium,high,high,medium,high,low,medium,high,high,high,high,high,high,medium,medium,high,high,high,high,high,high,high,high,high,high,high,high,low,high,low,low,medium,low,high,high,high,high,high,high,high,high,high,high,low,high,medium,medium,medium,medium,medium,medium,high,high,medium,low,low,high,high,high,high,high,high,high,medium,low,high,high,high,high,high,low,low,low,low,low,high
672,medium,high,high,medium,medium,high,high,medium,high,low,medium,low,low,medium,low,high,low,low,high,high,high,high,medium,low,medium,medium,medium,low,low,high,medium,low,medium,low,low,low,medium,low,low,low,low,low,low,low,low,low,low,medium,low,low,low,medium,low,high,high,high,medium,medium,low,low,low,low,low,low,medium,low,low,low,medium,low,low,low,low,low,low,medium,high,high,low,low,low,low,low,low,low,low,low,low,medium,low,medium,low,low,high,medium,medium,high,high,high,low
673,medium,low,medium,low,high,high,medium,high,medium,low,high,high,medium,low,medium,low,high,low,low,low,low,low,low,high,high,high,high,high,high,low,medium,high,high,high,high,high,high,high,medium,medium,high,high,high,high,high,high,high,medium,high,high,high,medium,high,low,low,low,low,high,high,high,high,high,high,high,high,high,high,high,high,low,low,medium,medium,medium,high,medium,low,medium,medium,medium,high,high,high,high,high,high,high,medium,medium,high,high,high,high,low,low,low,low,low,low,high
674,low,low,low,low,high,high,medium,high,low,low,medium,high,low,low,low,low,high,low,medium,medium,low,low,high,medium,medium,medium,high,high,high,low,high,high,low,medium,medium,low,low,low,low,low,medium,medium,medium,medium,medium,medium,medium,low,medium,medium,medium,medium,low,medium,high,high,high,high,medium,low,low,low,medium,low,medium,low,low,low,high,medium,medium,low,low,low,medium,medium,medium,low,medium,medium,high,medium,high,medium,medium,medium,medium,low,low,low,low,medium,medium,medium,medium,low,low,medium,medium,medium
675,low,high,high,medium,low,low,medium,high,high,high,medium,high,high,medium,medium,low,medium,high,high,high,medium,medium,low,medium,medium,low,low,medium,medium,medium,low,high,high,low,low,low,low,low,medium,low,low,low,medium,low,low,low,medium,low,low,medium,medium,medium,low,high,medium,medium,high,medium,low,medium,low,medium,low,low,medium,low,low,high,medium,low,low,low,low,low,low,low,medium,high,medium,low,medium,low,medium,low,low,low,low,low,low,low,low,low,low,medium,medium,low,high,medium,medium,low
676,high,low,medium,low,medium,medium,medium,high,medium,low,high,high,medium,high,low,medium,medium,low,high,high,high,medium,medium,low,low,high,high,medium,medium,medium,medium,medium,medium,medium,medium,medium,medium,medium,medium,medium,medium,medium,medium,medium,medium,medium,medium,medium,medium,low,low,high,low,high,medium,medium,high,medium,medium,low,low,medium,low,low,low,low,medium,medium,medium,low,low,medium,medium,high,high,low,low,low,high,high,medium,medium,medium,medium,medium,medium,medium,medium,high,medium,medium,medium,medium,low,high,low,high,high,high,low
677,low,high,high,high,low,high,low,medium,high,medium,low,high,high,low,low,medium,low,medium,medium,medium,high,high,low,low,low,low,low,low,low,high,low,medium,medium,medium,medium,high,high,high,high,high,high,medium,medium,medium,low,medium,low,high,medium,low,low,high,medium,high,low,low,low,high,high,high,medium,low,low,medium,low,high,high,medium,low,medium,medium,high,medium,high,high,medium,medium,high,medium,medium,medium,medium,medium,medium,medium,medium,medium,low,low,medium,high,medium,medium,medium,high,medium,medium,high,high,low
678,low,low,low,medium,medium,low,high,high,low,low,low,low,medium,high,low,medium,high,medium,medium,low,low,medium,high,high,high,medium,medium,high,high,medium,high,medium,low,high,high,high,medium,medium,medium,low,medium,medium,high,high,high,high,high,low,medium,high,high,medium,high,low,medium,medium,medium,low,low,low,medium,high,high,high,high,medium,medium,low,high,low,low,high,medium,high,low,high,high,low,medium,high,high,high,high,high,high,high,high,low,low,high,high,high,high,high,low,medium,low,low,low,high
679,low,medium,medium,high,high,high,high,high,low,medium,high,low,high,medium,high,low,low,high,high,high,high,medium,low,low,medium,low,low,low,low,medium,low,high,high,medium,low,high,high,high,high,medium,medium,medium,medium,low,low,low,low,medium,low,low,low,high,medium,high,medium,low,low,low,high,high,medium,medium,low,medium,medium,high,high,high,low,high,high,medium,medium,medium,low,high,high,medium,high,medium,low,low,low,low,low,low,medium,low,low,medium,medium,low,low,high,medium,low,high,high,high,low
680,medium,medium,medium,medium,medium,medium,medium,low,medium,low,medium,low,low,low,low,low,high,medium,low,low,low,low,medium,high,medium,medium,medium,high,high,medium,high,high,high,medium,medium,low,low,low,medium,low,medium,medium,medium,medium,medium,medium,high,low,medium,high,high,high,medium,medium,medium,medium,medium,medium,low,medium,medium,medium,medium,medium,medium,medium,medium,high,medium,medium,medium,medium,medium,high,medium,low,low,low,high,high,medium,medium,medium,medium,medium,medium,medium,low,medium,medium,low,medium,medium,medium,high,medium,low,low,low,high
681,medium,low,low,low,low,low,low,low,medium,high,medium,high,high,high,high,low,medium,medium,low,low,low,medium,medium,low,low,medium,medium,medium,high,medium,medium,high,medium,high,high,low,low,medium,high,high,high,high,high,high,high,high,medium,high,high,medium,medium,low,high,low,low,low,low,high,high,high,high,high,high,high,high,high,high,medium,medium,low,low,medium,medium,high,high,medium,low,medium,medium,medium,high,medium,high,medium,high,high,high,medium,medium,high,medium,high,high,low,low,high,low,medium,medium,medium
682,low,low,low,high,medium,medium,high,low,low,low,high,low,medium,low,medium,low,high,medium,low,medium,low,low,high,medium,medium,high,high,high,high,low,high,high,medium,high,high,high,medium,low,medium,high,medium,high,high,high,high,high,high,high,medium,high,high,high,high,low,low,low,medium,medium,medium,high,high,high,high,high,medium,medium,medium,medium,high,low,low,medium,medium,high,high,medium,low,low,high,high,high,high,high,high,high,high,high,low,low,high,high,high,high,low,medium,low,low,low,low,high
683,medium,high,high,medium,low,medium,high,high,high,medium,high,medium,medium,high,low,low,medium,high,medium,medium,low,low,low,medium,medium,low,low,medium,medium,low,medium,high,high,low,low,low,medium,medium,low,medium,low,low,low,low,low,low,low,medium,low,low,low,high,low,high,high,high,high,low,medium,low,low,low,low,low,low,medium,medium,low,low,low,low,medium,medium,medium,medium,low,low,medium,high,high,medium,low,medium,low,low,medium,low,medium,medium,low,low,low,low,medium,high,low,medium,medium,medium,low
684,medium,high,high,low,high,high,medium,medium,medium,medium,low,low,low,low,medium,low,medium,low,low,low,low,low,low,high,medium,high,high,medium,high,low,medium,high,medium,low,low,medium,low,low,low,low,low,low,low,medium,medium,low,medium,low,low,high,high,low,medium,medium,high,high,medium,medium,low,low,medium,medium,medium,medium,high,low,low,medium,high,medium,medium,medium,medium,medium,low,low,medium,medium,low,low,low,low,low,low,low,low,low,medium,medium,low,low,medium,low,medium,medium,low,low,medium,medium,medium
685,high,low,low,medium,medium,low,low,low,medium,medium,low,medium,low,medium,medium,high,medium,high,high,high,high,high,high,medium,low,low,low,medium,low,high,medium,low,low,medium,medium,low,low,low,low,low,high,high,medium,medium,medium,medium,medium,medium,high,low,low,high,medium,medium,medium,high,high,high,low,high,high,medium,medium,medium,low,low,low,medium,medium,medium,medium,medium,medium,medium,medium,high,high,medium,high,high,low,medium,low,medium,medium,medium,medium,high,high,medium,medium,medium,medium,high,high,low,medium,medium,medium,low
686,low,low,medium,high,low,low,high,low,medium,low,low,low,low,low,low,medium,medium,medium,low,medium,medium,medium,medium,medium,medium,medium,medium,medium,medium,medium,medium,medium,medium,medium,high,medium,high,high,high,high,medium,medium,medium,high,high,high,medium,medium,low,high,high,high,high,low,high,high,low,high,high,medium,medium,high,high,high,low,high,high,low,high,high,high,medium,medium,medium,high,medium,low,low,high,high,high,medium,high,medium,high,medium,medium,low,low,medium,high,high,medium,medium,high,high,low,low,low,high
687,low,medium,high,medium,high,high,high,medium,high,medium,high,medium,low,medium,medium,medium,medium,high,medium,medium,low,high,high,medium,medium,low,low,medium,medium,high,high,medium,medium,medium,low,high,medium,medium,medium,medium,medium,low,low,low,low,low,low,medium,medium,low,low,low,medium,high,medium,medium,low,high,high,medium,low,low,low,medium,high,high,high,low,low,medium,medium,high,medium,high,medium,medium,medium,low,low,medium,low,medium,low,medium,low,low,medium,low,low,low,medium,low,low,medium,medium,high,medium,medium,medium,low
688,high,medium,medium,low,high,high,medium,high,medium,medium,high,high,low,medium,high,low,high,medium,low,low,low,low,high,high,high,medium,medium,high,high,low,high,high,medium,high,medium,low,medium,high,high,high,high,high,medium,medium,medium,medium,low,high,high,medium,medium,high,high,medium,low,low,low,low,high,high,high,high,medium,high,medium,high,high,high,medium,high,high,low,low,low,high,high,low,high,high,medium,medium,high,medium,high,medium,medium,high,high,high,high,high,medium,high,low,medium,medium,medium,medium,medium,low
689,high,high,high,high,medium,high,high,high,high,low,high,low,low,low,low,low,medium,high,medium,medium,low,medium,medium,medium,medium,low,low,medium,high,medium,medium,high,high,medium,medium,medium,medium,medium,medium,low,medium,high,high,medium,medium,medium,medium,low,medium,medium,low,high,medium,medium,low,medium,high,high,low,high,medium,medium,medium,medium,low,low,low,low,medium,medium,medium,medium,medium,high,medium,medium,medium,high,medium,low,medium,medium,medium,medium,medium,medium,medium,high,high,medium,medium,medium,medium,medium,high,low,high,high,medium,low
690,medium,low,low,low,medium,medium,high,high,low,low,medium,high,high,medium,medium,low,low,high,high,high,low,medium,low,low,low,medium,medium,low,high,low,low,high,high,medium,low,high,high,high,medium,medium,medium,medium,low,low,low,low,low,medium,medium,low,low,medium,low,medium,high,medium,low,medium,high,medium,low,low,medium,low,medium,high,high,medium,low,medium,medium,high,medium,high,medium,low,low,low,medium,high,low,medium,low,medium,low,low,medium,low,medium,medium,medium,low,low,low,medium,high,high,high,high,low
691,high,high,high,high,low,low,high,medium,high,low,high,medium,high,high,high,low,low,low,low,medium,low,low,low,low,low,high,high,low,high,low,low,high,high,medium,medium,medium,medium,medium,medium,medium,medium,medium,low,medium,medium,medium,medium,medium,medium,medium,medium,low,medium,medium,medium,medium,medium,medium,medium,medium,low,medium,medium,medium,high,medium,medium,high,medium,medium,medium,low,low,low,medium,medium,medium,medium,low,low,low,medium,low,medium,medium,medium,medium,high,high,medium,medium,medium,medium,medium,medium,medium,medium,high,high,low
692,medium,low,medium,low,medium,medium,low,high,medium,medium,high,high,medium,medium,medium,medium,medium,low,medium,medium,high,medium,medium,medium,medium,low,medium,medium,medium,medium,medium,medium,medium,high,high,high,high,high,high,high,medium,medium,high,high,high,high,high,high,medium,high,high,medium,high,low,medium,medium,low,high,high,high,high,high,high,high,high,high,high,low,high,high,high,medium,medium,medium,high,medium,low,medium,medium,medium,high,high,high,high,high,high,high,high,medium,high,high,high,high,low,low,high,low,low,low,high
693,low,high,medium,low,high,high,high,medium,medium,low,high,medium,low,high,high,low,low,high,medium,high,medium,medium,medium,low,low,low,low,low,medium,medium,medium,medium,medium,high,high,medium,high,medium,high,high,high,high,high,high,high,high,high,high,high,high,high,low,high,low,low,low,low,high,high,high,high,high,high,high,high,high,high,medium,medium,medium,medium,medium,medium,high,high,high,high,high,low,low,high,high,high,high,high,high,high,low,low,high,high,high,high,high,low,medium,low,medium,medium,medium
694,low,medium,high,medium,low,medium,medium,low,high,high,medium,high,low,high,high,medium,medium,high,high,medium,medium,medium,medium,medium,medium,medium,medium,medium,medium,medium,medium,medium,medium,high,high,high,high,high,high,high,high,high,high,high,high,high,high,high,high,high,high,medium,high,low,low,low,low,low,high,high,high,high,high,high,high,high,high,low,high,medium,medium,medium,medium,high,high,high,low,high,low,low,high,high,high,high,high,high,high,low,low,high,high,high,high,medium,low,medium,low,low,low,high
695,high,low,low,low,low,low,high,high,high,high,high,medium,high,high,high,low,low,medium,low,low,low,low,low,low,low,low,low,low,high,low,low,high,high,low,medium,medium,medium,low,low,low,low,medium,medium,medium,medium,medium,high,low,low,high,high,low,high,low,medium,medium,medium,medium,medium,high,high,high,high,high,high,medium,medium,low,high,low,low,medium,medium,high,medium,low,low,medium,low,medium,low,low,low,low,low,low,low,medium,high,low,low,low,low,low,low,low,medium,low,low,low
696,medium,low,low,medium,medium,high,high,medium,low,low,medium,low,high,high,low,low,medium,high,high,medium,medium,low,medium,medium,medium,high,medium,medium,high,low,medium,high,high,low,low,low,low,low,low,low,low,low,low,low,low,low,low,low,low,medium,medium,medium,low,high,high,high,high,low,low,low,low,low,low,low,medium,low,low,high,medium,high,high,medium,medium,medium,low,low,low,medium,medium,medium,low,low,low,low,low,low,low,low,medium,low,low,low,low,low,medium,low,medium,medium,medium,low
697,low,low,medium,low,low,low,medium,low,low,low,low,low,medium,high,low,medium,medium,high,high,high,high,high,high,medium,low,high,medium,medium,low,medium,medium,medium,medium,low,medium,low,medium,medium,low,low,low,low,medium,medium,medium,medium,medium,low,low,high,high,low,medium,medium,medium,high,high,high,low,low,low,medium,medium,medium,high,low,low,high,high,medium,medium,medium,medium,medium,medium,low,low,medium,medium,medium,medium,medium,medium,medium,medium,medium,low,low,low,low,low,medium,low,low,medium,medium,low,low,low,medium
698,low,medium,medium,low,high,high,high,high,medium,low,medium,medium,low,low,medium,high,medium,medium,medium,low,medium,high,high,medium,medium,high,high,medium,low,high,high,low,medium,low,low,high,medium,medium,high,medium,low,low,low,low,low,low,low,low,low,medium,medium,medium,low,medium,high,high,high,high,low,low,low,low,low,low,medium,low,low,low,medium,medium,medium,medium,medium,medium,low,low,medium,medium,medium,medium,low,low,low,low,low,low,low,low,low,low,medium,low,low,medium,medium,high,high,high,high,low
699,low,medium,medium,low,medium,medium,low,medium,low,low,low,high,high,low,low,high,high,medium,medium,medium,medium,high,high,medium,high,medium,medium,high,medium,high,high,low,low,low,low,low,medium,medium,medium,medium,low,low,low,low,low,low,low,medium,low,low,low,high,low,high,high,high,high,high,low,low,low,low,low,low,low,low,low,medium,low,low,low,medium,medium,high,low,low,medium,medium,high,high,low,low,low,low,low,low,low,low,low,low,medium,low,low,medium,high,low,high,high,high,low
700,low,medium,medium,low,low,medium,high,medium,medium,medium,low,medium,medium,high,low,medium,medium,high,high,medium,medium,low,medium,medium,low,low,low,medium,medium,low,medium,medium,medium,medium,low,low,low,medium,medium,high,medium,medium,low,low,low,low,low,high,medium,low,low,high,low,high,medium,medium,medium,high,high,medium,low,low,low,low,low,medium,medium,low,low,medium,medium,low,low,low,medium,medium,medium,low,high,high,low,medium,low,medium,low,medium,medium,low,low,medium,medium,low,medium,high,high,low,high,high,medium,low
701,medium,medium,medium,low,low,medium,low,high,medium,high,low,low,high,medium,high,low,medium,low,low,low,low,low,medium,medium,medium,medium,high,medium,high,low,medium,high,medium,medium,medium,high,high,high,high,medium,medium,medium,medium,medium,medium,medium,medium,medium,medium,medium,high,high,medium,medium,low,low,high,low,medium,medium,medium,medium,medium,medium,low,low,medium,high,medium,medium,medium,medium,medium,medium,medium,medium,medium,medium,high,high,low,high,low,high,medium,medium,medium,medium,medium,medium,medium,high,medium,low,high,low,low,medium,medium,medium
702,medium,low,low,high,high,medium,low,low,low,medium,high,high,medium,medium,high,medium,medium,low,low,low,medium,low,medium,low,medium,medium,high,medium,high,low,medium,medium,medium,low,low,medium,medium,medium,low,low,medium,low,low,low,low,low,low,medium,medium,low,low,medium,low,high,high,medium,medium,medium,medium,medium,low,low,low,low,medium,medium,medium,high,low,medium,medium,medium,medium,medium,low,low,medium,low,medium,high,low,low,low,low,low,low,low,medium,medium,low,low,low,low,medium,medium,low,high,high,high,low
703,low,medium,medium,high,medium,medium,low,low,low,medium,high,medium,high,high,high,medium,low,high,high,high,low,high,low,medium,low,low,low,low,medium,high,low,medium,high,low,low,medium,medium,medium,low,low,low,low,low,low,low,low,medium,low,low,high,high,medium,low,medium,high,high,high,medium,low,low,low,low,medium,low,medium,low,low,low,high,low,low,high,medium,high,low,low,medium,low,medium,medium,low,low,low,low,low,low,low,low,low,low,low,low,low,medium,medium,high,medium,medium,medium,low
704,low,low,low,high,high,high,low,low,low,low,low,low,high,high,high,high,medium,high,high,high,medium,high,high,low,low,low,low,medium,low,high,high,low,low,low,low,medium,low,low,low,low,low,low,low,low,low,low,medium,low,low,medium,low,low,low,high,high,high,high,low,low,medium,low,low,low,low,high,low,low,high,medium,high,high,high,medium,high,low,low,medium,low,medium,medium,low,low,low,low,low,low,low,low,low,low,low,low,low,medium,medium,low,medium,medium,medium,low
705,medium,high,high,high,medium,medium,medium,high,high,low,low,low,low,high,high,medium,medium,medium,high,high,medium,medium,medium,medium,medium,medium,medium,medium,medium,medium,medium,medium,medium,low,medium,low,low,low,low,low,low,medium,medium,high,high,medium,high,low,low,high,high,medium,medium,low,low,medium,high,medium,low,low,high,high,high,medium,high,low,low,medium,high,low,low,low,low,low,low,medium,high,high,low,low,high,medium,high,medium,medium,high,low,low,medium,low,low,high,medium,high,medium,low,low,low,low,high
706,low,medium,medium,medium,medium,high,low,low,low,medium,medium,medium,low,medium,low,high,medium,high,high,high,high,high,medium,high,high,medium,low,medium,low,high,medium,low,medium,low,low,low,low,low,low,low,low,low,low,low,low,low,medium,low,low,medium,medium,low,low,high,high,high,high,medium,low,low,low,low,low,low,medium,low,low,high,medium,medium,medium,high,medium,high,low,low,medium,medium,medium,medium,low,low,low,low,low,low,low,low,low,low,low,low,low,medium,medium,medium,medium,high,high,low
707,medium,medium,medium,low,high,high,low,high,low,medium,high,high,medium,low,high,low,medium,medium,medium,high,medium,low,medium,medium,low,medium,medium,medium,high,low,medium,high,medium,high,high,low,high,high,medium,medium,medium,high,high,high,high,high,high,medium,medium,high,high,medium,high,low,low,low,medium,medium,medium,medium,high,high,high,high,high,medium,medium,medium,high,medium,medium,high,medium,high,medium,high,high,high,low,low,high,high,high,high,high,high,high,medium,medium,high,medium,high,high,high,low,high,low,low,low,high
708,low,low,low,high,low,low,medium,low,medium,low,low,medium,high,medium,low,high,low,high,high,high,high,high,low,low,low,low,low,low,low,medium,low,medium,medium,low,low,low,low,low,low,low,low,low,low,low,low,low,medium,low,low,medium,medium,high,low,high,high,high,high,medium,low,low,low,low,low,low,low,low,low,high,medium,low,low,low,low,low,low,low,medium,low,high,high,low,low,low,low,low,low,low,low,low,low,low,low,low,medium,high,low,high,medium,medium,low
709,medium,medium,medium,low,low,low,medium,high,medium,medium,low,medium,low,medium,medium,medium,medium,low,high,medium,medium,high,high,medium,medium,high,high,medium,medium,high,high,medium,medium,low,low,low,medium,low,low,low,low,low,low,low,low,low,medium,low,low,medium,medium,high,low,high,high,high,high,medium,low,low,low,low,low,low,low,low,low,low,medium,low,low,low,low,low,low,low,low,low,high,high,medium,low,medium,low,low,low,low,low,medium,low,low,low,low,low,high,high,low,low,low,medium
710,high,high,low,high,high,high,medium,high,low,medium,medium,medium,medium,low,low,low,medium,medium,medium,medium,low,low,low,medium,medium,medium,medium,medium,high,low,medium,high,high,low,low,low,low,low,low,low,low,low,low,low,low,low,high,low,low,medium,medium,high,low,high,high,high,high,medium,low,low,low,low,low,low,low,low,low,high,medium,medium,medium,low,low,low,low,low,high,low,high,high,low,low,low,low,low,low,low,high,high,low,low,low,low,high,high,medium,medium,low,low,low
711,high,medium,medium,low,low,medium,low,low,low,medium,medium,low,high,high,medium,medium,high,medium,medium,medium,low,medium,high,high,high,medium,medium,high,high,medium,high,medium,medium,low,low,low,low,low,low,low,low,low,low,low,low,low,medium,low,low,low,low,high,low,high,medium,high,high,medium,high,low,low,low,low,low,low,medium,medium,medium,low,medium,medium,low,low,low,low,low,medium,low,high,high,low,low,low,low,low,low,low,high,high,low,low,low,low,high,high,medium,medium,medium,medium,low
712,high,low,low,low,low,medium,medium,medium,low,medium,low,medium,high,high,low,medium,medium,low,medium,low,low,medium,medium,medium,high,medium,high,medium,medium,medium,medium,medium,medium,low,medium,low,low,low,low,low,low,medium,medium,medium,medium,medium,high,low,low,medium,medium,low,medium,medium,low,medium,high,low,low,low,medium,medium,medium,medium,high,low,low,high,medium,high,high,low,low,low,low,medium,high,low,medium,medium,low,high,low,high,medium,medium,low,medium,high,low,low,medium,medium,high,medium,high,low,low,low,medium
713,medium,high,medium,medium,medium,medium,low,high,low,high,high,low,low,low,low,low,medium,medium,medium,medium,low,high,medium,medium,low,high,high,medium,medium,high,medium,medium,medium,low,medium,low,low,low,low,low,low,low,medium,medium,medium,medium,high,low,low,high,high,high,medium,high,high,high,high,medium,low,low,medium,medium,medium,medium,low,low,low,high,high,low,low,low,low,medium,low,high,high,low,high,high,medium,low,medium,low,medium,medium,low,medium,medium,low,low,medium,medium,high,high,high,medium,medium,medium,low
714,high,high,high,medium,medium,medium,high,high,high,low,low,medium,low,medium,high,low,medium,medium,low,medium,low,low,low,high,medium,medium,high,medium,high,low,low,high,high,low,low,low,low,low,low,low,low,low,low,low,low,low,medium,low,low,medium,medium,low,low,high,high,high,high,high,low,low,low,low,low,low,high,low,low,high,medium,medium,medium,medium,medium,medium,low,low,high,low,low,low,low,low,low,low,low,low,low,high,high,low,low,low,low,high,high,low,high,high,high,low
715,medium,low,low,medium,high,low,high,medium,low,medium,medium,low,low,high,high,low,high,low,low,low,low,low,high,high,high,high,high,high,high,low,high,high,low,medium,medium,low,low,low,low,medium,medium,medium,medium,medium,medium,medium,medium,medium,high,medium,medium,high,medium,high,high,high,medium,high,medium,medium,medium,medium,medium,medium,medium,medium,medium,high,medium,medium,medium,high,medium,high,medium,low,low,low,high,high,low,medium,low,medium,medium,medium,medium,medium,medium,low,low,medium,medium,medium,medium,medium,medium,medium,medium,low
716,medium,medium,high,low,medium,high,high,high,medium,medium,high,medium,high,high,high,high,medium,high,high,high,high,medium,medium,high,medium,medium,medium,medium,low,medium,medium,low,medium,low,medium,high,medium,medium,low,low,low,low,medium,medium,medium,medium,high,low,low,high,high,low,medium,low,high,high,high,low,low,low,medium,medium,medium,medium,high,low,low,low,high,high,high,low,low,low,medium,low,low,low,medium,medium,low,medium,low,medium,low,medium,low,medium,medium,low,medium,medium,medium,low,medium,high,low,low,low,high
717,medium,high,high,medium,low,medium,low,medium,high,medium,high,high,low,medium,high,medium,low,high,high,high,medium,medium,low,low,low,medium,medium,low,medium,medium,low,medium,medium,low,low,low,low,low,low,low,low,low,low,low,low,low,low,medium,medium,low,low,medium,low,high,high,high,high,high,medium,low,low,low,low,low,low,low,low,low,low,low,low,high,medium,high,medium,low,low,high,medium,medium,low,low,low,low,low,low,low,medium,medium,low,low,low,low,low,high,low,low,medium,medium,medium
718,low,medium,high,low,high,high,high,high,high,low,low,low,low,low,low,low,high,medium,low,low,low,low,medium,high,high,medium,medium,high,high,low,medium,high,high,medium,medium,low,low,medium,low,low,medium,medium,high,medium,medium,medium,medium,low,high,medium,medium,high,high,low,low,low,high,medium,medium,high,medium,high,high,high,medium,low,low,medium,medium,medium,medium,high,medium,high,high,medium,low,high,low,low,medium,high,medium,high,medium,medium,medium,low,low,medium,low,medium,medium,low,medium,medium,low,medium,medium,medium
719,high,high,high,medium,low,low,high,high,high,high,high,medium,high,high,high,low,low,medium,low,low,low,low,low,low,low,low,low,low,high,low,low,high,high,low,low,high,medium,medium,low,low,low,low,low,low,low,low,low,low,low,medium,medium,low,medium,medium,low,low,low,low,medium,high,high,medium,medium,medium,high,medium,high,high,medium,low,low,low,low,high,low,low,medium,medium,low,low,low,low,low,low,low,low,low,medium,high,low,low,low,low,medium,low,low,medium,high,medium,low
720,low,medium,low,low,low,low,high,high,high,medium,medium,high,high,low,low,high,medium,low,low,medium,high,high,high,high,high,high,high,medium,low,high,medium,low,low,high,high,low,high,high,high,medium,high,high,high,high,high,high,high,medium,high,high,high,high,high,low,low,low,medium,low,medium,high,high,high,high,high,low,medium,medium,high,high,high,high,low,low,low,medium,high,high,medium,high,high,high,high,high,high,high,high,high,low,low,high,high,high,high,high,high,high,low,low,low,high
721,low,low,medium,low,low,low,medium,high,medium,high,low,medium,medium,medium,low,medium,medium,medium,medium,medium,medium,medium,high,medium,high,low,low,medium,medium,medium,medium,medium,medium,low,low,low,high,medium,medium,low,low,low,medium,low,low,low,medium,low,low,low,low,high,medium,high,medium,medium,medium,high,medium,medium,medium,low,low,medium,medium,medium,medium,low,low,high,high,low,low,low,medium,low,low,low,high,high,medium,low,medium,low,low,low,low,low,low,low,medium,low,low,low,high,low,medium,high,high,low
722,medium,low,low,high,high,medium,high,low,high,high,low,low,high,low,high,high,high,low,low,low,medium,high,high,high,high,medium,medium,high,medium,high,high,low,low,medium,medium,medium,medium,medium,medium,medium,medium,medium,medium,medium,medium,medium,high,medium,medium,high,high,low,medium,low,high,medium,high,medium,low,medium,low,high,high,medium,high,low,low,low,high,high,high,medium,medium,medium,high,low,low,medium,medium,medium,medium,high,medium,high,high,high,medium,medium,medium,medium,low,medium,medium,low,low,medium,low,low,medium,high
723,medium,low,low,low,low,low,medium,low,high,high,medium,high,high,medium,medium,high,high,high,high,high,high,medium,high,medium,low,medium,medium,high,medium,low,high,low,low,low,low,low,low,medium,medium,low,low,medium,medium,low,low,low,low,medium,low,low,low,medium,low,high,high,high,high,high,low,low,low,low,low,low,low,low,low,high,low,high,high,high,low,high,low,medium,high,high,high,low,low,medium,low,medium,low,low,low,medium,medium,medium,low,medium,medium,high,low,low,high,high,high,low
724,medium,low,low,medium,low,low,medium,high,high,high,low,medium,high,high,high,medium,low,medium,low,high,high,high,medium,medium,medium,medium,medium,low,low,high,low,medium,high,medium,medium,low,low,high,medium,medium,medium,high,high,medium,medium,medium,medium,medium,medium,medium,medium,low,medium,medium,low,medium,medium,low,medium,medium,medium,high,medium,medium,low,medium,medium,high,medium,high,high,medium,medium,medium,high,medium,medium,low,low,high,medium,high,medium,high,medium,medium,medium,medium,medium,medium,medium,medium,medium,low,high,low,medium,medium,medium,low
725,medium,low,low,low,low,low,medium,medium,high,high,high,high,medium,low,medium,low,medium,medium,low,low,low,medium,low,high,high,high,high,medium,high,medium,low,high,high,high,high,high,high,high,high,high,high,high,high,high,high,high,medium,high,high,medium,medium,high,medium,medium,low,low,medium,medium,medium,high,high,medium,medium,medium,medium,medium,medium,high,medium,high,high,low,low,low,high,high,medium,high,high,low,high,high,high,high,high,high,high,medium,medium,high,high,high,high,medium,low,high,low,low,low,medium
726,low,high,low,high,low,low,low,high,low,high,medium,low,low,low,low,high,high,low,low,low,medium,high,high,high,high,high,high,high,medium,high,high,low,low,high,high,medium,high,high,medium,medium,high,high,high,high,high,high,high,medium,high,high,high,low,high,low,low,low,low,medium,high,high,medium,high,high,high,high,high,high,high,high,high,high,medium,medium,medium,medium,high,high,low,low,high,high,high,high,high,high,high,high,low,low,high,high,high,high,high,high,low,low,low,low,high
727,low,low,low,high,medium,low,low,low,medium,high,low,medium,high,low,medium,medium,high,high,high,medium,low,low,high,high,high,medium,medium,high,high,low,high,medium,low,low,low,low,low,low,low,low,low,low,low,low,low,low,low,low,low,low,low,low,low,high,high,high,high,low,low,low,low,low,low,low,high,low,low,medium,low,high,high,high,medium,medium,low,low,low,low,low,high,low,low,low,low,low,low,low,low,low,low,low,low,low,low,high,medium,high,medium,medium,low
728,low,medium,medium,medium,low,medium,medium,high,medium,high,low,low,medium,low,low,high,low,high,high,high,high,medium,medium,low,low,low,low,low,low,low,medium,low,low,low,low,medium,medium,low,low,low,low,low,low,low,low,low,medium,low,low,medium,medium,low,low,high,high,high,high,medium,low,low,low,low,low,low,high,low,low,low,low,high,high,low,low,low,low,low,medium,high,high,low,medium,low,medium,low,low,low,low,low,low,low,low,low,low,low,low,low,medium,medium,medium,low
729,medium,low,low,high,high,low,high,medium,high,high,high,medium,medium,medium,medium,high,high,low,low,low,medium,medium,high,high,high,medium,high,high,medium,medium,high,medium,low,low,low,low,low,low,low,low,low,low,low,medium,medium,low,high,low,low,high,high,low,low,high,high,high,high,low,low,low,low,medium,low,low,medium,low,low,high,high,high,high,medium,medium,medium,low,low,high,low,medium,high,low,medium,low,medium,low,low,low,low,medium,low,low,medium,low,high,high,low,low,low,low,medium
730,medium,low,low,low,low,medium,medium,medium,low,high,high,high,medium,medium,high,low,low,medium,medium,medium,medium,medium,low,high,low,low,low,low,medium,medium,low,high,high,medium,medium,medium,medium,low,medium,high,high,high,high,medium,medium,medium,medium,high,high,medium,medium,low,medium,medium,low,low,medium,low,high,high,medium,medium,medium,medium,low,high,high,high,medium,high,high,low,low,low,high,high,medium,high,low,low,medium,high,medium,high,medium,medium,high,medium,medium,medium,high,medium,medium,medium,low,low,medium,high,high,low
731,medium,low,low,medium,high,medium,medium,medium,medium,high,low,low,medium,low,medium,high,high,medium,low,low,low,medium,high,high,high,high,high,high,medium,medium,high,low,low,medium,medium,medium,medium,medium,medium,medium,high,medium,medium,medium,medium,medium,medium,high,high,low,low,low,medium,medium,medium,medium,low,low,medium,medium,medium,medium,medium,medium,high,medium,medium,high,medium,high,high,low,low,low,high,medium,low,low,low,high,medium,medium,medium,medium,medium,medium,medium,medium,medium,medium,medium,low,medium,medium,high,low,high,medium,high,low
732,medium,medium,low,high,high,low,medium,low,high,high,low,low,low,low,low,medium,high,low,low,low,low,medium,medium,high,high,high,high,high,high,medium,high,medium,low,high,high,medium,low,low,medium,medium,high,high,high,high,high,high,high,medium,high,high,high,high,high,low,low,medium,medium,high,high,high,high,high,high,high,low,high,high,high,high,high,high,high,medium,medium,medium,high,high,low,high,high,medium,high,medium,high,high,high,high,medium,medium,high,medium,high,high,high,high,medium,low,low,low,high
733,medium,low,medium,low,low,low,low,medium,medium,high,medium,high,high,low,medium,high,medium,low,medium,low,medium,high,medium,high,high,medium,high,medium,medium,high,medium,medium,medium,high,high,medium,high,high,high,high,high,high,high,high,high,high,medium,high,high,high,high,low,high,low,medium,medium,medium,low,medium,low,medium,high,high,high,low,medium,medium,high,high,high,high,medium,medium,medium,high,medium,low,low,medium,high,high,high,high,high,high,high,high,medium,medium,high,medium,high,high,low,high,high,medium,low,medium,low
734,medium,medium,medium,high,low,low,high,low,low,high,low,high,high,medium,low,low,low,low,medium,low,low,medium,low,medium,medium,high,high,low,medium,medium,low,high,high,low,low,high,medium,low,low,low,low,low,low,low,low,low,low,low,low,medium,medium,low,low,high,high,high,high,low,low,low,low,low,low,low,high,low,low,low,medium,high,high,low,low,low,low,low,low,low,medium,high,low,low,low,low,low,low,low,medium,medium,low,low,low,low,low,high,medium,low,high,high,medium
735,medium,low,low,low,high,medium,medium,high,medium,high,low,low,high,high,high,medium,low,medium,low,medium,high,high,medium,low,high,medium,medium,low,low,high,medium,low,medium,medium,low,low,low,low,medium,medium,medium,medium,low,low,low,low,low,high,medium,low,low,low,low,high,high,medium,medium,high,medium,low,low,low,low,low,high,medium,medium,low,low,high,high,medium,medium,medium,low,medium,high,low,medium,high,low,medium,low,medium,medium,medium,medium,medium,medium,medium,medium,medium,medium,medium,high,medium,medium,high,high,low
736,low,low,low,low,high,low,low,low,medium,high,low,medium,medium,low,medium,low,high,low,low,low,low,low,high,medium,medium,high,high,high,high,low,high,high,low,high,high,medium,high,high,high,high,high,high,high,high,high,high,high,high,high,high,high,medium,high,low,low,low,low,medium,high,high,high,high,high,high,high,high,high,low,high,high,high,low,low,low,high,high,low,low,high,high,high,high,high,high,high,high,high,medium,low,high,high,high,high,low,low,high,low,low,low,high
737,medium,low,low,high,high,low,low,low,high,high,low,medium,medium,low,low,high,medium,high,medium,medium,high,high,medium,medium,medium,medium,medium,medium,low,high,medium,low,medium,medium,medium,medium,medium,high,medium,medium,medium,medium,medium,medium,medium,medium,low,medium,medium,medium,medium,low,medium,medium,medium,medium,medium,medium,low,low,medium,low,medium,medium,low,medium,medium,low,medium,high,high,low,low,low,medium,medium,medium,high,high,low,low,medium,low,medium,medium,medium,medium,medium,medium,medium,low,medium,medium,medium,low,medium,high,high,high,low
738,medium,low,low,low,low,low,medium,low,low,high,low,medium,high,high,low,high,high,low,low,low,medium,high,high,high,high,high,high,high,low,high,high,low,low,high,high,high,medium,medium,medium,medium,medium,high,high,high,high,high,high,medium,medium,high,high,high,high,low,medium,high,high,medium,low,high,high,high,high,high,low,low,low,high,high,high,high,low,low,low,low,high,high,low,high,high,high,high,high,high,high,high,high,high,medium,high,medium,high,high,high,high,high,low,low,low,medium
739,low,low,low,high,high,low,high,medium,high,high,medium,low,low,medium,low,medium,medium,high,medium,medium,medium,medium,medium,medium,low,low,low,medium,medium,medium,medium,medium,medium,high,high,high,high,high,high,high,high,high,high,high,high,high,medium,high,high,high,high,high,high,low,low,low,medium,medium,high,high,high,high,high,high,medium,high,high,low,high,high,high,low,low,low,high,high,high,low,high,high,high,high,high,high,high,high,high,low,low,high,high,high,high,high,high,high,low,medium,medium,medium
740,high,low,low,low,low,low,low,low,low,high,high,medium,medium,medium,medium,high,medium,high,high,high,high,medium,high,high,high,low,low,medium,medium,medium,medium,medium,medium,low,low,low,medium,medium,medium,medium,low,low,low,low,low,low,low,medium,medium,low,medium,low,low,medium,medium,medium,medium,medium,low,low,low,medium,medium,low,low,medium,medium,low,medium,high,high,high,medium,medium,medium,low,low,high,medium,low,low,low,low,low,low,low,low,high,high,low,low,low,low,low,low,low,high,high,high,low
741,low,low,low,low,medium,medium,low,medium,high,high,low,high,low,medium,high,high,high,high,low,low,low,high,high,high,high,medium,medium,high,medium,high,high,low,low,high,high,high,high,high,high,high,medium,medium,high,high,high,high,high,medium,medium,high,high,medium,high,low,medium,medium,medium,high,medium,medium,high,high,high,high,high,medium,medium,low,high,high,high,low,low,low,high,medium,low,high,medium,low,high,high,high,high,high,high,high,medium,low,high,high,high,high,low,low,medium,low,low,low,high
742,high,medium,high,medium,medium,high,medium,medium,medium,high,medium,medium,medium,low,high,low,low,high,high,high,high,medium,low,low,low,low,low,low,low,low,low,high,high,medium,low,medium,high,high,high,medium,medium,low,low,low,low,low,low,medium,low,low,low,high,low,high,high,high,low,low,medium,low,low,low,low,low,low,medium,medium,high,low,low,low,low,low,low,medium,low,low,medium,medium,medium,low,low,low,low,low,low,medium,high,high,medium,medium,low,low,low,medium,high,medium,high,high,low
743,low,low,medium,medium,high,high,medium,medium,low,low,medium,low,medium,medium,medium,high,high,low,high,medium,high,high,high,high,medium,medium,high,high,low,high,high,low,low,medium,low,low,high,high,high,high,high,medium,medium,low,low,low,low,medium,high,low,low,medium,low,high,medium,medium,low,low,medium,medium,medium,low,low,low,medium,medium,medium,high,low,high,high,high,medium,high,high,low,low,low,high,high,medium,medium,medium,medium,medium,medium,medium,low,low,medium,medium,low,medium,low,medium,medium,high,high,high,low
744,medium,medium,high,high,low,high,high,medium,medium,low,medium,low,medium,high,medium,low,low,medium,high,medium,high,high,low,low,medium,medium,medium,low,low,high,low,medium,high,medium,medium,medium,high,high,medium,medium,medium,medium,medium,high,high,medium,medium,medium,medium,high,high,low,high,low,low,low,medium,medium,high,high,high,high,high,high,high,medium,high,low,high,low,low,low,low,medium,high,low,low,medium,low,low,medium,medium,medium,medium,medium,medium,medium,medium,medium,medium,high,medium,medium,low,low,medium,low,medium,medium,high
745,high,medium,low,medium,medium,low,high,high,low,high,low,low,medium,medium,high,medium,high,medium,high,medium,medium,low,medium,low,medium,low,low,high,medium,low,medium,low,low,medium,medium,medium,high,high,high,medium,low,low,medium,medium,medium,medium,medium,low,low,high,high,medium,low,high,medium,medium,high,medium,low,low,low,medium,medium,low,medium,low,low,high,medium,low,low,medium,medium,high,low,high,high,medium,medium,medium,medium,medium,medium,medium,medium,medium,medium,high,high,medium,medium,medium,medium,high,medium,medium,low,medium,medium,medium
746,low,low,low,high,medium,low,low,low,low,low,medium,low,low,high,medium,medium,low,high,high,high,high,medium,medium,low,low,high,medium,low,medium,low,low,high,medium,medium,medium,medium,medium,medium,medium,low,high,medium,medium,medium,medium,medium,medium,medium,high,medium,medium,high,medium,medium,medium,low,medium,low,medium,medium,medium,medium,medium,medium,low,medium,medium,high,medium,medium,medium,high,medium,high,medium,medium,low,low,high,high,medium,high,medium,high,medium,medium,medium,low,low,medium,low,medium,medium,medium,high,high,high,high,high,low
747,high,medium,medium,medium,high,medium,high,high,medium,high,high,medium,medium,low,high,low,low,high,medium,high,medium,low,low,medium,medium,low,low,low,medium,low,low,high,high,high,high,high,high,high,high,medium,medium,high,medium,high,high,high,medium,medium,medium,high,high,low,high,low,low,low,low,high,medium,high,high,high,high,high,high,high,high,high,medium,low,low,low,low,low,medium,high,high,low,medium,medium,high,medium,high,medium,high,high,high,high,high,high,medium,high,high,high,low,low,low,low,low,high
748,medium,medium,medium,low,medium,medium,high,high,medium,medium,high,high,high,medium,medium,medium,low,high,high,high,high,high,low,low,medium,low,low,low,low,medium,low,high,high,high,medium,high,high,high,high,high,high,high,medium,medium,medium,medium,low,medium,medium,medium,medium,medium,medium,medium,low,low,low,low,high,high,medium,medium,medium,medium,medium,high,high,medium,medium,medium,medium,low,low,low,high,high,medium,high,low,low,high,medium,high,medium,medium,medium,high,high,medium,high,high,medium,medium,medium,low,high,high,high,high,low
749,medium,medium,medium,medium,medium,medium,medium,low,low,medium,medium,medium,medium,low,high,high,low,high,high,high,high,medium,low,low,low,low,low,low,low,medium,low,low,medium,medium,low,medium,high,high,high,medium,low,low,low,medium,medium,low,low,low,low,medium,medium,medium,low,high,medium,high,medium,high,medium,medium,low,medium,low,low,medium,medium,medium,high,medium,high,high,medium,medium,medium,low,medium,high,medium,high,medium,low,low,low,low,low,low,medium,medium,medium,medium,high,low,low,high,medium,low,medium,high,high,low
750,medium,low,medium,medium,high,low,low,medium,medium,high,low,high,medium,high,medium,high,low,medium,high,high,high,high,medium,low,low,low,low,low,low,high,medium,low,low,high,high,high,medium,medium,medium,medium,low,high,high,high,high,high,high,low,low,high,high,low,high,low,medium,medium,high,high,low,low,medium,high,high,high,high,low,low,medium,high,low,low,medium,medium,medium,high,low,low,medium,low,medium,high,high,high,high,high,high,high,medium,medium,high,high,high,high,low,low,medium,low,low,low,high
751,high,medium,high,medium,low,medium,high,low,high,low,medium,medium,low,low,low,high,high,medium,low,low,medium,high,high,high,high,medium,medium,high,medium,high,high,low,low,low,medium,medium,medium,medium,low,low,low,low,medium,low,low,medium,medium,low,low,medium,medium,high,medium,medium,medium,medium,high,medium,low,medium,medium,medium,medium,medium,low,low,low,medium,medium,high,high,high,medium,high,medium,low,medium,medium,high,high,low,medium,low,medium,medium,medium,low,medium,high,medium,low,medium,medium,medium,high,high,medium,high,high,low
752,low,medium,low,medium,low,low,medium,medium,medium,low,low,medium,medium,high,high,medium,medium,low,low,medium,medium,medium,medium,low,medium,high,high,medium,medium,medium,medium,medium,low,high,high,high,high,high,medium,high,medium,high,high,high,high,high,high,medium,medium,high,high,low,high,low,low,medium,medium,low,high,medium,high,high,high,high,high,high,high,medium,high,low,low,medium,medium,medium,low,high,high,low,medium,medium,high,high,high,high,high,high,high,low,low,high,high,high,high,high,low,medium,low,low,low,high
753,medium,low,medium,low,low,medium,low,low,high,high,low,medium,high,medium,high,medium,high,low,low,low,medium,low,high,low,high,high,high,high,medium,medium,high,medium,low,high,high,medium,low,low,medium,low,medium,high,high,high,high,high,high,medium,medium,high,high,medium,high,low,low,low,low,high,medium,high,high,high,high,high,high,high,high,low,high,low,low,low,low,low,high,low,low,medium,medium,medium,high,high,high,high,high,high,high,medium,medium,high,high,high,high,low,low,medium,low,low,low,high
754,low,high,high,low,medium,high,low,high,high,high,low,high,medium,low,medium,medium,low,medium,high,high,medium,high,low,low,low,high,high,low,low,high,low,medium,high,high,high,medium,high,high,high,high,high,high,high,high,high,high,medium,high,high,medium,medium,medium,high,low,low,low,low,medium,high,high,high,high,high,high,high,high,high,low,medium,high,high,high,medium,high,high,high,low,high,low,low,high,high,high,high,high,high,high,low,low,high,high,high,high,low,low,low,low,medium,medium,medium
755,high,medium,medium,high,high,medium,medium,medium,medium,medium,medium,medium,medium,high,high,medium,high,low,low,low,low,medium,high,high,high,high,high,high,high,medium,high,medium,low,medium,high,medium,medium,medium,medium,high,medium,high,high,high,high,high,medium,high,medium,medium,medium,low,high,low,low,low,low,low,medium,high,high,medium,medium,high,low,medium,medium,low,medium,medium,medium,low,low,low,high,low,low,low,medium,medium,medium,high,medium,high,high,high,high,high,high,medium,medium,high,high,low,low,high,low,medium,low,high
756,low,high,high,medium,low,low,high,high,high,low,high,medium,low,high,high,low,medium,low,low,low,low,low,low,medium,medium,high,high,medium,high,low,medium,high,high,high,high,medium,high,high,high,high,high,high,high,high,high,high,high,high,high,medium,medium,high,high,low,low,low,low,high,high,high,high,high,high,high,medium,high,high,low,high,low,low,low,low,low,high,high,high,high,low,low,high,high,high,high,high,high,high,medium,low,high,high,high,high,high,low,medium,low,medium,medium,high
757,medium,high,high,low,low,medium,medium,high,high,medium,low,medium,medium,high,low,medium,low,high,high,high,high,high,low,medium,low,low,low,low,low,high,low,medium,medium,medium,medium,high,high,high,high,high,high,medium,medium,low,low,medium,low,high,medium,low,low,medium,medium,high,medium,medium,low,low,medium,medium,high,medium,low,medium,medium,medium,medium,high,low,low,low,low,low,medium,high,medium,medium,high,low,low,medium,low,medium,low,medium,medium,medium,medium,medium,medium,high,low,medium,low,medium,medium,high,high,high,low
758,high,low,low,high,high,high,low,low,low,low,high,high,high,high,high,low,medium,medium,low,low,low,medium,low,medium,medium,medium,medium,medium,high,medium,low,high,high,high,high,high,medium,medium,high,high,high,high,high,high,high,high,medium,high,medium,high,high,high,high,low,low,low,low,high,high,high,high,high,high,high,medium,high,high,high,medium,low,low,low,low,medium,low,high,high,medium,high,high,high,medium,high,medium,medium,high,high,high,high,high,high,medium,medium,high,medium,high,medium,high,high,low
759,high,medium,high,medium,low,low,medium,medium,medium,high,medium,medium,low,high,medium,high,high,low,low,medium,medium,high,high,medium,high,high,high,high,medium,high,high,low,low,low,low,low,medium,low,medium,medium,medium,low,low,low,low,low,low,medium,medium,low,low,low,low,high,medium,high,high,low,medium,low,low,low,low,low,medium,medium,medium,medium,low,high,high,low,low,low,medium,low,low,low,medium,medium,low,low,low,low,low,low,low,high,high,low,medium,low,low,low,medium,low,medium,high,high,low
760,high,medium,medium,high,medium,medium,medium,medium,medium,high,low,low,medium,low,low,low,low,high,high,high,high,high,low,low,low,low,low,low,low,high,low,medium,high,medium,high,high,high,high,high,medium,high,medium,medium,high,high,high,medium,high,high,high,high,medium,medium,low,low,low,medium,high,medium,high,medium,high,high,medium,medium,medium,medium,medium,medium,low,low,low,low,medium,medium,high,high,medium,high,medium,medium,high,medium,high,medium,high,medium,high,high,medium,medium,high,high,high,medium,medium,low,low,low,high
761,high,low,medium,high,medium,low,high,low,low,high,medium,medium,low,medium,medium,high,medium,high,medium,medium,high,high,high,high,high,high,medium,medium,low,high,high,low,low,high,medium,high,high,high,high,high,high,high,medium,medium,medium,medium,low,high,medium,low,low,medium,medium,medium,medium,low,low,low,high,high,medium,low,medium,medium,medium,high,high,medium,low,low,low,low,low,low,high,medium,low,medium,medium,medium,medium,medium,medium,medium,medium,medium,high,high,high,medium,medium,medium,medium,low,medium,high,medium,high,high,low
762,low,medium,high,low,medium,medium,low,medium,medium,low,low,medium,medium,medium,high,medium,medium,high,low,medium,medium,high,low,medium,high,medium,medium,medium,medium,high,medium,medium,medium,high,high,high,high,high,high,high,high,high,high,high,high,high,high,high,high,high,high,high,high,low,low,low,low,medium,high,high,high,high,high,high,medium,high,high,high,high,low,low,high,medium,high,high,high,low,high,medium,low,high,high,high,high,high,high,high,medium,low,high,high,high,high,low,low,medium,low,low,low,high
763,medium,high,high,medium,high,high,medium,high,high,low,high,high,low,medium,medium,medium,low,high,medium,medium,low,medium,low,low,low,low,low,low,medium,medium,low,medium,high,high,medium,low,high,high,high,high,high,high,high,medium,medium,medium,low,high,high,low,medium,high,medium,medium,low,low,low,low,high,high,medium,medium,medium,medium,medium,high,high,medium,medium,high,high,medium,medium,medium,medium,high,high,high,low,low,high,medium,high,medium,medium,medium,high,medium,medium,high,high,medium,medium,high,medium,medium,medium,medium,medium,low
764,high,high,high,low,low,low,high,high,high,high,high,high,high,high,high,low,low,medium,low,low,low,low,low,low,low,low,low,low,high,low,low,high,high,medium,medium,high,high,high,high,high,medium,medium,medium,medium,medium,medium,low,medium,low,medium,medium,high,high,low,low,low,low,high,high,high,high,high,high,high,medium,high,high,low,medium,low,low,medium,medium,high,medium,high,high,medium,high,high,low,low,low,low,low,low,low,medium,high,medium,high,low,medium,high,low,medium,low,medium,medium,medium
765,medium,low,low,low,low,low,medium,medium,low,low,medium,high,high,high,high,medium,medium,medium,low,low,medium,low,low,medium,medium,high,high,medium,medium,low,medium,medium,medium,high,high,medium,medium,medium,medium,medium,medium,high,high,high,high,high,high,medium,medium,high,high,medium,high,low,low,low,high,high,medium,medium,high,high,high,high,high,low,low,high,high,medium,medium,medium,medium,high,medium,high,high,low,medium,medium,high,high,high,high,high,high,high,medium,medium,high,high,high,high,high,low,high,low,low,low,high
766,medium,low,low,medium,high,high,medium,high,low,medium,high,high,high,low,medium,medium,high,medium,medium,medium,low,low,high,high,medium,high,high,high,high,low,high,medium,low,low,low,low,low,low,low,low,low,low,low,low,low,low,low,low,low,medium,medium,low,low,medium,high,high,high,high,low,low,low,low,medium,low,high,low,low,low,medium,low,low,high,medium,high,low,low,medium,low,medium,medium,low,low,low,low,low,low,low,medium,medium,low,medium,low,low,medium,medium,low,high,high,high,low
767,medium,medium,low,high,low,low,high,high,low,low,medium,medium,high,high,high,low,high,low,low,low,low,low,high,high,high,high,high,high,high,low,high,high,low,low,low,medium,medium,medium,medium,low,low,low,low,low,low,low,low,low,low,low,low,high,low,high,high,high,medium,medium,medium,low,low,low,low,low,low,medium,medium,low,low,low,low,high,medium,high,low,medium,high,medium,high,high,low,medium,low,medium,low,low,low,low,medium,low,low,low,low,high,medium,low,high,medium,medium,low
768,medium,low,low,high,high,low,low,medium,low,medium,medium,high,medium,high,medium,high,high,low,low,low,low,medium,high,high,high,low,medium,high,medium,high,high,low,low,low,low,low,low,low,low,low,low,low,low,low,low,low,low,low,low,low,low,low,low,high,high,high,high,medium,low,low,low,low,low,low,high,low,low,medium,low,medium,medium,medium,medium,medium,low,low,medium,low,medium,medium,low,low,low,low,low,low,low,medium,medium,low,low,low,low,medium,medium,medium,medium,medium,medium,low
769,medium,low,low,low,high,medium,low,low,low,medium,high,medium,high,medium,medium,medium,medium,medium,medium,medium,medium,medium,high,high,high,medium,medium,medium,medium,medium,high,medium,medium,medium,medium,medium,low,medium,medium,low,medium,medium,medium,medium,medium,medium,high,medium,high,high,high,high,medium,medium,medium,low,high,high,medium,high,high,high,medium,medium,low,low,low,high,medium,low,low,medium,medium,high,low,high,high,low,high,high,high,medium,high,medium,medium,medium,medium,medium,medium,medium,low,medium,medium,high,high,low,low,medium,medium,high
770,high,high,high,high,high,medium,low,high,high,low,medium,medium,medium,medium,high,medium,high,low,medium,low,medium,low,medium,high,high,medium,high,high,high,low,medium,medium,medium,medium,medium,medium,medium,high,high,high,medium,medium,medium,medium,medium,medium,low,high,medium,low,low,medium,medium,medium,medium,medium,medium,low,high,high,medium,low,medium,medium,medium,medium,medium,medium,low,high,high,high,medium,high,high,medium,low,low,low,low,medium,medium,medium,medium,medium,medium,medium,high,high,medium,high,medium,medium,low,high,low,high,high,high,low
771,medium,medium,medium,medium,low,medium,low,low,low,medium,high,high,low,high,medium,low,medium,high,high,medium,medium,medium,medium,low,low,low,low,medium,medium,low,medium,medium,medium,medium,low,medium,high,high,high,high,medium,medium,medium,low,low,low,low,medium,medium,low,low,medium,low,medium,high,high,low,low,medium,medium,low,low,low,low,medium,medium,medium,low,medium,high,high,low,low,low,medium,medium,high,medium,low,medium,low,medium,low,medium,medium,medium,medium,medium,medium,medium,medium,medium,medium,medium,low,medium,medium,medium,medium,low
772,low,medium,high,low,low,high,medium,low,high,medium,high,high,low,low,low,medium,medium,high,medium,medium,high,medium,medium,medium,high,high,medium,medium,low,medium,low,medium,medium,high,high,medium,low,low,low,high,medium,medium,high,high,high,high,high,high,high,high,high,high,high,low,medium,medium,medium,medium,high,high,medium,high,high,high,medium,high,medium,low,high,medium,medium,low,low,low,high,medium,low,high,high,medium,high,high,high,high,high,high,high,low,low,high,medium,high,high,medium,medium,low,low,low,low,high
773,low,high,medium,high,low,low,high,high,high,low,low,medium,low,high,high,high,high,high,medium,low,low,low,high,high,high,medium,medium,high,high,low,high,low,low,high,high,low,low,low,low,high,high,high,high,high,high,high,high,high,high,high,high,medium,high,low,low,low,low,low,medium,high,high,high,high,high,high,high,high,high,high,medium,medium,low,low,low,medium,high,high,high,low,low,high,high,high,high,high,high,high,low,low,high,high,high,high,high,low,medium,low,low,low,high
774,high,low,low,low,low,low,medium,low,medium,medium,low,high,high,high,high,high,medium,high,high,high,high,high,medium,high,medium,high,medium,medium,low,high,medium,low,low,low,low,low,low,low,low,low,low,low,low,medium,medium,low,high,low,low,medium,medium,high,low,medium,high,high,high,medium,low,low,low,medium,medium,low,low,low,low,medium,high,low,low,medium,medium,medium,low,low,medium,low,high,high,low,low,low,low,low,low,low,medium,high,low,low,low,low,high,high,high,high,high,high,low
775,high,medium,medium,medium,medium,high,medium,medium,medium,high,medium,high,high,medium,medium,medium,low,high,high,high,high,high,low,low,low,medium,low,low,low,high,low,medium,high,low,low,high,medium,medium,medium,low,low,low,low,low,low,low,low,low,low,medium,medium,medium,low,high,high,high,high,high,low,low,low,low,low,low,medium,low,low,medium,low,low,low,high,medium,high,low,low,medium,low,medium,high,low,low,low,low,low,low,low,medium,high,low,low,low,low,medium,high,medium,high,high,high,low
776,low,high,high,high,low,low,low,high,high,low,high,high,low,medium,medium,high,low,low,low,high,high,high,medium,medium,low,high,high,low,low,high,medium,medium,medium,high,high,low,low,low,low,low,medium,high,high,high,high,high,high,medium,high,high,high,low,high,low,low,low,medium,medium,low,high,high,high,high,high,high,medium,medium,low,high,low,low,medium,medium,high,high,high,low,high,low,low,high,high,high,high,high,high,high,medium,low,high,medium,high,high,low,low,high,low,low,low,high
777,medium,low,low,medium,medium,high,medium,medium,low,low,low,low,high,high,medium,low,high,low,low,low,low,low,medium,medium,high,medium,high,high,high,low,high,high,high,medium,high,low,medium,medium,low,high,high,high,high,high,high,high,medium,high,high,medium,medium,medium,high,low,low,low,low,high,medium,high,high,high,high,high,medium,high,medium,medium,medium,high,high,low,low,low,medium,high,high,low,high,high,medium,high,medium,high,high,high,medium,medium,medium,medium,medium,high,high,medium,low,medium,low,medium,medium,medium
778,medium,low,low,low,medium,medium,medium,high,low,low,high,high,low,medium,medium,low,medium,high,high,high,medium,medium,medium,medium,medium,low,low,medium,medium,medium,medium,high,medium,high,high,low,high,high,high,high,high,high,high,high,high,high,high,high,medium,high,high,high,high,low,low,low,low,medium,medium,high,high,high,high,high,medium,high,high,high,medium,medium,medium,medium,medium,medium,high,medium,low,low,high,high,high,high,high,high,high,high,high,medium,medium,high,high,high,high,low,medium,high,low,low,medium,medium
779,low,high,high,high,high,medium,medium,high,high,high,low,medium,medium,medium,high,medium,high,low,low,low,low,low,high,medium,medium,high,high,high,high,low,high,medium,low,medium,medium,high,high,high,high,high,medium,medium,medium,medium,medium,medium,low,medium,medium,medium,medium,medium,medium,medium,medium,medium,medium,low,medium,medium,medium,medium,medium,medium,medium,medium,medium,high,medium,medium,medium,low,low,low,medium,high,medium,medium,low,low,medium,medium,medium,medium,medium,medium,medium,low,low,medium,high,medium,medium,medium,medium,low,low,medium,medium,medium
780,high,medium,low,high,medium,low,low,low,low,high,low,medium,high,medium,low,high,medium,low,medium,low,high,high,high,high,high,medium,medium,medium,low,high,high,low,low,medium,medium,high,high,high,medium,low,medium,high,high,medium,medium,medium,medium,low,medium,medium,low,medium,medium,medium,low,medium,high,high,medium,medium,medium,medium,medium,medium,medium,low,low,low,medium,high,high,low,low,low,low,high,high,medium,high,high,medium,high,medium,high,high,high,medium,high,high,medium,medium,high,medium,high,medium,high,medium,low,low,low
781,low,high,high,low,low,high,low,medium,medium,low,high,high,high,high,medium,medium,medium,high,low,low,low,high,medium,medium,high,high,medium,medium,medium,high,medium,medium,medium,low,low,low,medium,medium,low,low,low,low,low,low,low,low,medium,low,low,medium,medium,low,low,high,high,high,high,low,low,low,low,medium,low,low,low,low,low,high,high,low,low,low,low,low,low,low,medium,low,medium,high,low,medium,low,medium,low,low,low,low,low,low,low,low,low,medium,high,high,low,medium,medium,high
782,medium,low,low,high,medium,high,medium,low,high,high,low,low,low,low,low,low,low,low,low,low,low,low,low,medium,medium,high,high,low,high,low,low,high,high,medium,medium,medium,high,high,high,high,high,medium,medium,medium,medium,medium,low,medium,medium,medium,medium,medium,high,low,low,low,low,high,high,high,high,medium,high,high,medium,high,high,low,medium,low,low,high,high,high,high,medium,low,high,low,low,medium,low,medium,low,medium,medium,low,low,medium,medium,medium,medium,medium,medium,low,medium,medium,high,high,low
783,high,low,medium,medium,medium,medium,low,low,low,medium,high,high,high,medium,high,low,high,low,medium,low,low,low,medium,medium,medium,medium,medium,high,high,low,medium,high,medium,medium,medium,low,medium,high,high,medium,medium,medium,high,high,high,medium,medium,medium,medium,high,high,low,high,low,medium,medium,low,medium,medium,medium,high,high,high,high,high,medium,high,low,high,medium,medium,low,low,low,high,medium,low,medium,medium,medium,low,high,low,high,medium,medium,medium,high,high,medium,high,high,medium,low,low,low,low,medium,medium,medium
784,low,medium,high,low,medium,medium,high,high,medium,high,medium,low,high,medium,high,low,high,medium,low,low,low,low,high,medium,medium,high,medium,high,high,low,high,high,medium,high,high,low,low,low,high,high,high,high,high,high,high,high,high,high,high,high,high,high,high,low,low,low,low,medium,high,high,high,high,high,high,medium,high,high,low,high,medium,medium,medium,medium,high,high,medium,low,high,high,medium,high,high,high,high,high,high,high,low,low,high,high,high,high,low,medium,low,low,low,low,medium
785,high,high,high,medium,high,high,low,medium,medium,high,medium,high,low,low,medium,medium,low,high,high,high,high,medium,medium,low,low,low,low,low,low,medium,medium,medium,medium,low,medium,low,low,low,low,low,low,low,low,medium,medium,medium,medium,medium,medium,medium,medium,low,medium,medium,high,high,high,medium,low,low,low,medium,medium,medium,high,low,low,low,high,medium,medium,high,medium,high,low,low,medium,medium,low,medium,medium,low,medium,low,low,low,low,high,high,low,low,low,low,medium,medium,medium,high,high,medium,low
786,high,high,high,medium,high,high,low,high,high,high,high,high,low,medium,medium,low,high,medium,medium,medium,low,low,medium,medium,medium,medium,medium,high,high,low,high,high,high,low,low,low,medium,low,low,medium,medium,low,low,low,low,low,low,medium,medium,low,medium,medium,low,high,medium,low,medium,high,medium,low,medium,low,low,low,medium,medium,medium,medium,low,high,high,low,low,low,low,medium,high,high,low,low,medium,low,medium,low,low,low,low,high,high,low,low,low,low,medium,medium,high,medium,medium,medium,low
787,high,high,high,medium,medium,high,high,high,high,high,medium,low,low,low,medium,high,medium,medium,high,high,high,high,medium,medium,low,high,high,medium,low,medium,medium,low,medium,low,low,low,medium,low,low,low,low,low,low,low,low,low,medium,low,low,low,low,low,low,high,high,high,high,low,low,low,low,low,low,low,high,low,low,low,medium,medium,medium,low,low,low,low,low,low,medium,low,low,low,low,low,low,low,low,low,medium,high,low,low,low,low,low,medium,high,medium,high,high,low
788,low,medium,high,low,low,low,low,high,high,high,low,low,medium,high,low,medium,high,medium,medium,medium,low,medium,medium,medium,medium,low,medium,high,high,medium,medium,medium,medium,medium,medium,low,low,low,low,medium,low,medium,high,medium,medium,medium,high,medium,medium,medium,medium,medium,medium,medium,medium,medium,medium,medium,medium,medium,medium,medium,medium,medium,medium,medium,medium,low,medium,medium,medium,low,low,low,high,low,low,high,medium,medium,high,medium,high,medium,medium,medium,medium,low,low,medium,low,high,medium,low,medium,medium,low,low,medium,high
789,medium,high,high,high,medium,high,medium,low,medium,high,high,high,low,low,medium,medium,low,high,high,high,high,high,medium,low,low,low,low,low,low,medium,low,medium,medium,medium,medium,medium,low,medium,high,medium,medium,medium,medium,low,low,medium,low,medium,medium,low,low,low,medium,high,low,low,low,medium,medium,high,high,medium,low,medium,high,medium,medium,high,low,low,low,medium,medium,high,medium,medium,medium,high,low,low,medium,low,medium,low,medium,medium,medium,medium,medium,medium,low,medium,medium,medium,low,low,low,medium,high,high
790,high,medium,low,high,high,low,medium,low,high,medium,medium,medium,high,medium,low,low,high,medium,low,low,low,low,medium,high,high,medium,high,high,high,low,high,high,low,medium,high,high,high,medium,medium,medium,low,medium,high,high,high,high,high,low,low,high,high,medium,high,low,medium,medium,medium,high,medium,medium,medium,high,high,high,medium,medium,medium,low,high,medium,medium,low,low,medium,medium,high,high,medium,medium,medium,high,low,high,low,high,medium,medium,high,high,high,medium,high,high,high,low,low,low,low,medium,high
791,medium,high,medium,medium,medium,medium,medium,high,medium,low,medium,low,medium,medium,high,low,low,low,low,medium,medium,low,low,low,medium,medium,high,low,high,low,low,high,high,high,medium,high,high,high,high,high,high,medium,medium,medium,low,medium,low,medium,medium,low,low,medium,medium,high,low,medium,low,low,medium,medium,medium,medium,low,medium,medium,high,high,high,low,high,high,high,medium,high,medium,high,high,high,low,low,medium,medium,medium,medium,medium,medium,high,medium,medium,medium,high,medium,medium,high,low,high,high,high,high,low
792,low,low,low,high,medium,medium,medium,medium,low,medium,high,medium,high,medium,medium,low,medium,low,low,low,low,low,low,high,high,high,high,medium,high,medium,low,high,medium,high,medium,high,high,high,high,high,high,high,medium,medium,medium,medium,low,high,medium,low,low,high,medium,medium,medium,medium,low,high,high,high,medium,medium,medium,medium,low,high,high,medium,low,low,low,medium,medium,medium,high,medium,low,low,high,high,medium,medium,medium,medium,medium,medium,high,low,low,high,high,medium,medium,low,high,low,medium,high,high,low
793,medium,high,high,medium,low,low,high,low,high,low,medium,low,low,high,medium,high,low,high,high,medium,high,high,low,high,high,low,low,low,low,high,low,medium,medium,medium,medium,low,medium,medium,medium,medium,medium,medium,medium,low,low,medium,low,medium,medium,low,low,low,low,high,medium,medium,medium,low,low,medium,medium,low,low,low,high,low,low,high,low,medium,medium,medium,medium,high,medium,medium,medium,medium,low,low,low,medium,low,medium,medium,low,medium,medium,medium,medium,medium,medium,low,high,medium,low,high,high,high,low
794,high,low,low,low,high,medium,medium,high,low,low,low,low,medium,low,low,low,medium,high,medium,low,low,low,medium,low,low,low,low,medium,high,low,medium,high,medium,high,high,medium,low,medium,medium,medium,high,high,high,medium,medium,high,medium,medium,high,low,low,medium,high,medium,low,low,medium,low,low,high,high,medium,medium,high,high,medium,medium,medium,low,high,high,medium,medium,medium,high,high,medium,medium,medium,medium,low,high,low,high,high,medium,high,high,high,medium,medium,medium,high,medium,low,high,high,medium,low,low
795,low,low,low,medium,high,high,low,medium,low,low,medium,high,medium,medium,high,low,low,medium,low,low,low,low,low,low,high,medium,medium,low,high,low,low,high,high,medium,low,high,medium,medium,high,medium,medium,medium,medium,low,low,low,low,medium,medium,low,low,medium,low,high,high,medium,low,low,low,medium,medium,medium,low,low,medium,medium,medium,high,low,medium,medium,low,low,low,medium,medium,medium,low,medium,medium,medium,medium,medium,medium,medium,medium,medium,low,low,medium,medium,medium,medium,medium,low,high,medium,medium,high,low
796,low,high,high,high,high,medium,high,medium,high,medium,medium,low,high,medium,medium,low,low,medium,low,medium,high,medium,low,low,low,high,high,low,medium,medium,low,high,high,low,low,medium,low,low,low,low,low,low,low,medium,medium,low,medium,low,low,high,high,low,low,medium,high,high,high,medium,low,low,low,medium,medium,low,high,low,low,low,high,medium,medium,low,low,low,low,low,medium,high,low,low,low,low,low,low,low,low,low,low,low,low,low,low,low,medium,medium,high,medium,medium,medium,low
797,medium,low,low,medium,low,low,medium,medium,low,medium,medium,medium,low,low,low,medium,medium,high,high,high,high,medium,medium,medium,low,low,low,medium,medium,low,medium,high,high,low,low,low,medium,medium,low,low,low,low,low,medium,medium,low,medium,low,low,high,high,high,low,medium,high,high,high,high,low,low,low,low,medium,low,low,low,low,low,high,low,low,high,medium,high,low,low,medium,low,high,high,medium,low,medium,low,low,low,low,medium,medium,low,low,medium,low,high,high,medium,low,low,low,high
798,medium,medium,low,low,low,low,high,high,low,low,high,low,high,high,low,medium,medium,low,medium,low,medium,medium,low,high,high,high,high,medium,medium,high,low,medium,high,low,medium,low,low,low,low,low,low,medium,medium,low,low,medium,high,low,low,medium,low,high,low,high,medium,high,high,medium,low,low,low,low,low,low,low,low,low,low,medium,medium,medium,low,low,low,low,medium,high,low,high,high,medium,medium,medium,medium,medium,medium,low,medium,medium,low,low,medium,low,high,high,high,medium,medium,medium,low
799,medium,low,low,medium,high,high,low,low,low,medium,high,high,medium,medium,medium,low,high,low,low,low,low,low,medium,high,high,high,high,high,high,medium,high,high,medium,low,medium,low,low,low,low,low,low,medium,medium,medium,medium,medium,high,low,low,medium,medium,medium,medium,medium,low,medium,high,medium,low,medium,high,medium,medium,medium,high,low,low,low,medium,low,low,medium,medium,medium,low,low,medium,low,medium,medium,low,medium,low,medium,medium,low,low,medium,medium,low,low,medium,low,medium,medium,medium,medium,low,low,low
800,medium,low,low,medium,high,high,low,low,low,low,medium,high,low,high,medium,low,medium,medium,low,low,low,low,low,medium,medium,medium,medium,medium,high,low,low,high,high,high,high,high,medium,medium,medium,high,high,high,high,medium,medium,high,medium,high,high,medium,medium,high,high,low,low,low,low,low,high,high,high,high,high,high,medium,high,high,low,medium,medium,medium,medium,medium,medium,high,high,high,medium,high,high,high,medium,high,medium,high,high,high,medium,medium,high,high,high,high,high,medium,high,high,high,high,low
801,medium,low,low,high,high,medium,low,low,low,medium,low,medium,high,high,low,low,high,high,medium,high,low,low,high,high,medium,high,medium,high,high,low,high,high,medium,low,medium,low,low,low,low,low,low,low,low,medium,medium,medium,high,low,low,medium,medium,low,medium,medium,medium,medium,high,medium,low,medium,medium,medium,medium,medium,high,low,low,medium,medium,low,low,low,low,low,low,low,medium,low,medium,medium,low,medium,low,medium,low,low,low,medium,medium,low,low,low,low,low,medium,low,low,low,low,medium
802,low,high,high,medium,low,high,low,high,high,high,low,medium,low,low,high,low,medium,high,medium,low,medium,low,medium,medium,low,low,low,medium,high,low,medium,high,high,high,high,low,low,low,low,high,high,high,high,high,high,high,high,high,high,medium,medium,low,high,low,low,low,low,low,medium,high,high,high,high,high,high,high,high,medium,medium,high,high,high,medium,high,high,high,low,high,low,low,high,high,high,high,high,high,high,low,low,high,medium,high,high,low,low,high,medium,low,low,low
803,high,high,high,high,medium,low,low,high,high,high,medium,medium,medium,medium,high,medium,low,medium,high,high,high,high,low,low,low,low,low,low,low,high,low,medium,high,medium,medium,low,medium,medium,medium,high,medium,medium,medium,medium,medium,medium,medium,high,medium,medium,medium,low,medium,medium,medium,medium,low,low,high,high,medium,high,medium,medium,high,high,high,high,medium,low,low,high,medium,high,medium,medium,medium,high,low,low,medium,medium,medium,medium,medium,medium,medium,high,high,medium,medium,medium,medium,low,low,high,medium,medium,medium,low
804,high,medium,medium,high,medium,medium,high,medium,low,low,high,low,high,medium,high,medium,medium,low,medium,high,medium,high,medium,low,low,high,high,medium,medium,high,medium,medium,medium,medium,medium,high,low,low,low,low,medium,high,medium,medium,medium,medium,high,low,high,medium,medium,medium,medium,medium,medium,low,high,medium,low,high,high,medium,medium,medium,high,low,low,low,medium,medium,medium,low,low,low,medium,medium,medium,medium,medium,medium,low,high,low,high,medium,medium,medium,high,high,medium,low,medium,medium,medium,low,medium,medium,medium,low,low
805,high,low,medium,low,low,low,high,medium,low,high,medium,high,high,medium,high,medium,high,high,high,medium,low,medium,high,high,medium,medium,medium,high,high,medium,high,medium,low,low,low,high,high,high,medium,medium,low,low,low,low,low,low,low,low,low,medium,medium,medium,low,high,high,high,high,medium,medium,low,low,low,low,low,medium,low,low,medium,medium,low,low,high,medium,high,medium,low,medium,medium,medium,medium,low,medium,low,medium,low,low,low,high,high,low,low,low,low,medium,medium,high,low,medium,medium,medium
806,high,medium,medium,low,medium,medium,medium,low,low,high,low,medium,medium,high,high,medium,low,low,low,medium,high,high,low,low,low,low,medium,low,low,high,low,low,high,medium,low,high,high,high,medium,medium,medium,medium,low,low,low,low,low,low,medium,low,low,medium,low,high,high,medium,medium,high,medium,medium,medium,low,low,low,medium,medium,medium,medium,low,high,high,high,medium,high,medium,medium,medium,medium,medium,medium,low,medium,low,medium,low,low,medium,high,high,medium,medium,medium,medium,medium,medium,low,high,high,high,low
807,low,high,high,low,medium,medium,medium,high,high,low,high,high,low,medium,high,high,low,medium,medium,medium,high,high,low,low,high,medium,medium,low,low,high,low,low,high,medium,medium,medium,medium,medium,medium,medium,medium,medium,medium,medium,medium,medium,medium,medium,medium,high,high,high,medium,medium,low,medium,low,high,high,high,medium,medium,medium,medium,low,high,high,low,medium,high,high,medium,medium,medium,medium,high,high,high,low,low,medium,medium,medium,medium,medium,medium,medium,low,low,medium,medium,medium,medium,high,high,high,low,low,low,medium
808,medium,low,medium,medium,high,high,high,medium,low,medium,low,low,high,high,medium,high,medium,medium,high,high,medium,high,medium,medium,low,low,low,medium,low,high,medium,low,low,low,low,high,medium,medium,medium,medium,medium,low,low,low,low,low,low,medium,medium,low,low,medium,low,high,high,medium,high,low,low,medium,low,low,low,low,medium,low,low,high,low,high,high,medium,medium,medium,medium,low,low,medium,medium,medium,medium,low,medium,low,low,low,low,medium,medium,low,low,low,low,low,low,medium,high,high,high,low
809,low,high,medium,low,medium,medium,low,medium,medium,medium,high,medium,low,low,low,low,medium,low,medium,medium,medium,low,low,high,high,high,high,medium,high,low,medium,high,high,low,low,medium,medium,medium,low,low,low,low,low,low,low,low,low,low,low,low,low,high,low,high,high,high,high,low,low,low,low,low,low,low,low,low,low,medium,low,high,high,high,medium,high,low,low,medium,medium,high,medium,low,low,low,low,low,low,low,low,low,low,low,low,low,medium,high,low,medium,medium,medium,low
810,low,low,low,low,medium,low,high,medium,low,low,medium,medium,high,low,low,medium,medium,medium,low,medium,low,low,medium,high,medium,medium,medium,medium,medium,medium,medium,medium,medium,medium,medium,medium,low,low,low,low,medium,high,medium,medium,medium,medium,medium,medium,high,medium,medium,high,medium,medium,medium,medium,low,high,high,high,high,medium,medium,medium,low,high,high,medium,medium,high,high,high,low,high,low,high,high,low,high,high,medium,medium,medium,medium,medium,medium,medium,low,low,medium,medium,medium,medium,high,high,medium,high,medium,medium,low
811,medium,medium,high,low,medium,medium,low,low,high,medium,low,medium,medium,medium,high,low,high,medium,medium,medium,medium,low,high,high,medium,medium,medium,high,high,low,high,high,medium,high,medium,high,high,high,high,high,high,medium,medium,medium,medium,medium,medium,high,medium,medium,medium,medium,medium,medium,low,medium,medium,high,medium,medium,medium,medium,medium,medium,high,medium,medium,low,medium,high,high,low,low,low,high,medium,low,medium,low,low,high,medium,high,medium,high,high,high,medium,medium,medium,high,high,high,low,medium,medium,low,medium,medium,medium
812,medium,medium,medium,medium,low,medium,medium,low,low,low,medium,high,medium,low,medium,low,high,low,medium,low,low,low,high,high,high,high,high,high,high,low,high,high,medium,low,low,medium,medium,medium,medium,medium,low,low,low,low,low,low,low,low,low,low,medium,high,low,high,high,high,high,high,medium,low,low,low,low,low,low,low,low,medium,low,high,high,medium,medium,medium,low,medium,high,medium,high,high,medium,low,medium,low,low,medium,low,low,medium,low,medium,low,low,medium,high,medium,medium,medium,medium,low
813,low,high,high,medium,medium,high,low,high,high,low,medium,medium,low,low,low,high,low,high,high,high,high,high,low,low,low,low,low,low,low,medium,low,low,high,low,low,low,low,low,low,low,low,low,low,low,low,low,high,low,low,medium,medium,low,low,high,high,high,high,low,low,low,low,medium,low,low,medium,low,low,high,medium,medium,medium,low,low,low,low,low,medium,high,low,low,medium,low,medium,low,low,medium,low,low,low,low,low,medium,low,medium,high,high,low,low,low,high
814,medium,medium,medium,medium,high,high,low,low,low,medium,medium,low,medium,medium,low,high,medium,high,medium,medium,medium,medium,medium,low,low,low,low,medium,medium,high,medium,low,low,low,low,high,medium,low,low,low,low,low,low,low,low,low,low,low,low,low,low,high,low,high,high,high,high,medium,low,low,low,low,low,low,low,low,low,high,low,high,high,high,medium,medium,low,low,medium,low,high,high,low,low,low,low,low,low,low,medium,medium,low,low,low,low,medium,high,high,medium,high,high,low
815,low,low,medium,medium,high,high,high,high,low,medium,high,medium,low,low,low,high,medium,low,low,low,high,medium,high,medium,medium,high,high,medium,medium,medium,high,low,low,medium,medium,low,low,medium,medium,medium,medium,medium,medium,medium,medium,medium,medium,high,medium,medium,medium,medium,medium,medium,high,medium,high,medium,low,medium,medium,medium,medium,medium,medium,low,low,low,medium,medium,medium,low,low,low,high,low,low,low,medium,medium,medium,medium,medium,medium,medium,medium,medium,low,low,medium,medium,medium,medium,low,medium,low,high,medium,medium,low
816,low,low,low,low,medium,high,high,high,low,high,medium,low,high,medium,medium,low,high,low,low,low,low,low,medium,medium,high,high,high,high,high,low,high,medium,medium,high,high,high,medium,medium,high,high,high,high,high,high,high,high,high,high,high,high,high,medium,high,low,low,low,medium,low,high,high,high,high,high,high,high,medium,medium,high,high,high,high,high,medium,medium,high,medium,low,medium,medium,medium,high,high,high,high,high,high,high,low,low,high,high,high,high,low,low,high,low,low,low,high
817,high,medium,medium,low,medium,medium,high,medium,medium,medium,high,high,medium,high,high,high,high,low,low,low,medium,high,medium,high,high,high,high,high,medium,high,medium,low,low,low,low,low,low,low,medium,low,medium,medium,medium,low,low,low,medium,low,medium,low,low,high,low,high,high,high,high,high,low,low,medium,low,low,low,low,low,low,medium,low,medium,medium,high,medium,high,low,medium,high,medium,high,high,medium,low,medium,low,medium,medium,low,high,high,low,low,medium,low,high,high,high,high,high,high,low
818,low,low,medium,low,medium,medium,low,low,low,high,medium,high,high,medium,medium,low,high,low,low,low,low,low,high,high,high,medium,high,high,high,low,high,high,medium,medium,medium,low,medium,medium,medium,medium,medium,high,medium,medium,medium,medium,medium,medium,high,low,low,high,medium,medium,medium,medium,medium,low,high,high,high,low,medium,medium,low,high,high,medium,low,low,low,medium,medium,medium,high,low,low,low,high,high,medium,medium,medium,medium,medium,medium,medium,low,low,medium,medium,medium,medium,low,high,high,high,medium,high,low
819,medium,medium,low,low,high,high,low,low,low,medium,high,high,high,medium,medium,medium,high,medium,medium,medium,low,low,medium,high,high,high,high,high,high,low,medium,medium,medium,medium,medium,low,low,low,low,low,medium,medium,medium,medium,medium,medium,medium,medium,medium,low,low,medium,medium,medium,low,low,medium,low,high,medium,medium,medium,medium,medium,medium,medium,high,medium,low,high,high,medium,medium,medium,low,high,high,medium,medium,medium,medium,medium,medium,medium,medium,medium,medium,low,medium,low,low,low,medium,high,medium,high,medium,medium,medium,low
820,high,medium,low,medium,high,high,medium,medium,low,high,medium,medium,high,low,low,medium,low,medium,medium,medium,high,medium,low,low,low,medium,medium,low,medium,medium,low,medium,medium,low,medium,low,low,low,low,low,low,medium,medium,low,low,medium,high,low,medium,medium,low,high,low,high,high,high,high,medium,low,low,low,low,low,low,low,low,low,low,low,low,low,high,medium,high,low,medium,high,low,high,high,low,medium,low,medium,low,low,low,medium,high,low,low,low,low,high,high,medium,medium,low,low,low
821,medium,high,medium,medium,medium,high,medium,medium,medium,medium,medium,medium,high,high,high,medium,high,medium,medium,medium,low,medium,high,high,high,high,high,high,high,medium,high,medium,low,low,low,low,low,low,low,low,low,low,low,low,low,low,medium,low,low,medium,medium,low,low,high,high,high,high,medium,low,low,low,low,low,low,medium,low,low,low,medium,medium,medium,low,low,low,low,low,medium,medium,medium,medium,low,low,low,low,low,low,low,low,medium,low,low,low,low,medium,medium,low,low,medium,medium,medium
822,high,low,medium,low,low,low,low,low,medium,medium,high,high,low,low,low,low,low,low,low,low,medium,medium,low,medium,medium,high,high,low,high,medium,low,high,high,low,low,low,low,low,low,low,low,low,low,low,low,low,medium,low,low,medium,low,medium,low,high,high,medium,high,high,low,medium,medium,low,low,low,medium,low,low,medium,low,low,low,high,medium,high,low,low,low,low,medium,medium,low,medium,low,medium,low,low,low,medium,high,low,low,low,low,medium,medium,medium,medium,low,low,low
823,high,low,medium,low,low,low,high,low,high,high,medium,high,high,medium,high,low,medium,low,low,low,low,low,low,low,medium,low,medium,medium,high,low,low,high,high,medium,medium,low,low,low,low,low,low,medium,medium,high,high,medium,high,medium,medium,high,high,low,high,low,low,low,low,medium,high,high,high,high,high,high,high,high,high,low,high,low,low,medium,medium,high,high,low,low,high,low,low,low,low,low,low,low,low,low,medium,high,medium,medium,medium,medium,low,low,high,low,low,low,high
824,medium,medium,medium,medium,low,medium,low,low,high,high,high,medium,medium,medium,medium,low,medium,low,low,low,low,medium,medium,high,high,high,high,medium,high,medium,medium,high,high,medium,medium,low,high,high,high,high,medium,medium,medium,low,low,medium,low,medium,medium,low,low,high,low,high,high,high,medium,low,low,medium,medium,low,low,low,low,medium,medium,high,low,high,high,high,medium,medium,high,medium,medium,high,high,low,high,medium,high,medium,medium,medium,medium,medium,medium,medium,high,medium,medium,high,high,medium,medium,high,high,low
825,high,medium,low,low,low,low,medium,low,low,low,low,medium,high,medium,low,high,high,low,low,low,medium,high,high,high,medium,high,high,high,medium,high,high,low,low,low,low,medium,medium,low,low,low,low,low,low,low,low,low,low,low,low,low,low,medium,low,high,high,high,high,medium,medium,low,low,low,low,low,low,medium,medium,low,low,medium,medium,high,medium,high,low,low,medium,low,high,high,low,low,low,low,low,low,low,medium,high,low,low,low,low,medium,high,low,low,medium,medium,medium
826,medium,medium,medium,medium,medium,medium,low,medium,medium,medium,high,high,medium,high,high,medium,low,medium,high,medium,high,high,low,medium,medium,medium,medium,low,low,high,low,medium,high,medium,low,high,high,high,high,medium,medium,low,low,low,low,low,low,medium,low,low,low,high,low,high,high,high,low,high,medium,medium,low,low,low,low,low,medium,medium,low,low,high,high,medium,medium,medium,medium,medium,medium,medium,high,high,low,low,low,low,low,low,medium,medium,medium,medium,high,low,low,medium,high,low,high,high,high,low
827,low,low,low,high,medium,high,medium,low,low,medium,medium,low,medium,low,low,low,medium,high,medium,low,low,low,low,low,low,medium,low,medium,high,low,medium,high,medium,high,high,high,high,high,high,high,high,high,high,high,high,high,high,high,high,high,high,medium,high,low,medium,low,low,low,high,high,high,high,high,high,high,high,high,low,high,low,low,low,low,medium,high,medium,low,low,medium,medium,high,high,high,high,high,high,high,low,low,high,high,high,high,low,low,medium,low,low,low,high
828,medium,medium,medium,low,high,high,low,low,low,low,medium,high,low,medium,high,low,medium,medium,high,high,medium,low,low,low,low,low,low,medium,high,low,low,high,high,medium,medium,high,high,high,high,high,medium,low,medium,high,high,medium,medium,medium,medium,high,high,high,high,low,medium,medium,high,low,high,medium,low,high,high,high,medium,medium,medium,medium,high,high,high,medium,medium,medium,medium,high,high,medium,high,medium,medium,medium,medium,medium,medium,medium,medium,medium,medium,medium,medium,medium,medium,medium,medium,high,low,medium,medium,high
829,high,high,medium,high,high,high,medium,high,medium,low,medium,high,low,medium,low,high,high,low,low,low,low,high,high,high,medium,low,medium,high,medium,high,high,low,low,low,low,high,medium,medium,medium,low,medium,medium,medium,low,low,low,low,medium,medium,low,low,low,medium,high,medium,low,high,high,high,medium,medium,low,low,medium,high,medium,medium,medium,low,medium,medium,medium,medium,medium,medium,medium,medium,low,medium,medium,low,medium,low,medium,low,low,low,high,high,medium,low,low,medium,medium,medium,high,low,medium,medium,high
830,medium,medium,medium,medium,medium,low,low,low,low,low,high,high,high,medium,high,high,low,medium,high,high,high,high,low,low,low,high,high,low,low,high,low,low,high,low,low,low,high,high,medium,medium,low,low,low,low,low,low,low,low,low,low,low,medium,low,high,high,high,medium,high,low,low,low,low,low,low,medium,medium,low,low,low,low,low,medium,medium,medium,low,medium,medium,medium,medium,medium,medium,low,medium,low,low,low,low,medium,medium,low,medium,low,low,medium,medium,medium,medium,medium,medium,low
831,medium,high,high,medium,low,medium,low,high,high,low,low,low,low,medium,medium,low,medium,low,medium,low,low,low,medium,medium,medium,medium,medium,medium,high,medium,medium,high,high,low,medium,low,medium,medium,low,low,low,medium,high,medium,medium,medium,high,low,low,high,high,low,medium,low,high,high,high,medium,low,low,low,medium,high,medium,high,low,low,low,high,high,high,high,medium,high,medium,low,medium,high,low,low,high,high,high,high,medium,high,low,medium,medium,low,low,high,medium,low,low,low,low,low,low,high
832,low,low,low,medium,low,medium,high,high,low,medium,high,medium,low,low,high,medium,medium,medium,medium,low,high,medium,low,high,high,medium,medium,medium,medium,medium,low,medium,medium,low,low,low,low,low,low,low,low,low,medium,low,low,low,medium,low,low,medium,medium,low,low,high,high,high,high,medium,low,low,low,low,low,low,high,low,low,medium,medium,medium,medium,medium,medium,medium,low,low,medium,low,medium,medium,low,low,low,low,low,low,low,low,low,low,low,low,low,medium,medium,low,medium,high,high,low
833,medium,medium,low,low,low,low,medium,high,medium,low,medium,medium,high,medium,low,medium,medium,low,high,high,high,medium,medium,low,low,medium,medium,medium,medium,medium,medium,medium,medium,high,high,low,medium,medium,medium,medium,high,high,high,high,high,high,high,high,high,high,high,high,high,low,low,low,low,high,high,high,medium,high,high,high,medium,high,high,low,high,low,low,low,low,low,medium,high,high,medium,high,high,high,high,high,high,high,high,high,medium,medium,high,medium,high,high,high,medium,high,low,low,low,high
834,medium,high,low,high,low,low,high,low,low,medium,medium,low,high,high,high,low,high,medium,low,low,low,low,medium,high,high,high,high,high,high,low,high,high,high,high,high,low,low,low,low,low,medium,medium,high,high,high,high,high,low,medium,high,high,low,high,low,medium,low,low,medium,medium,medium,high,high,high,high,high,medium,medium,low,high,medium,medium,low,low,low,low,high,high,medium,low,medium,high,high,high,high,high,high,high,medium,medium,high,high,high,high,high,low,medium,low,low,low,high
835,low,high,high,high,high,high,medium,medium,medium,low,high,high,high,medium,high,low,low,low,medium,low,high,medium,low,medium,high,high,high,low,low,medium,low,high,high,medium,medium,medium,low,low,low,medium,medium,high,medium,medium,medium,medium,medium,high,high,low,low,medium,medium,medium,low,low,medium,high,high,high,medium,medium,medium,medium,medium,high,high,low,low,low,low,high,medium,high,medium,medium,high,high,low,low,low,medium,low,medium,medium,medium,medium,low,low,medium,low,medium,medium,high,medium,medium,high,medium,medium,low
836,medium,medium,low,medium,medium,high,high,medium,low,medium,medium,low,high,high,high,medium,medium,high,low,low,medium,medium,medium,medium,high,medium,medium,medium,medium,high,medium,medium,medium,medium,medium,high,high,high,medium,low,medium,medium,medium,high,medium,medium,medium,low,medium,high,high,medium,high,low,low,medium,high,low,medium,medium,medium,high,high,high,medium,medium,medium,medium,high,low,low,high,low,high,medium,medium,medium,medium,medium,medium,medium,high,medium,medium,medium,medium,medium,medium,medium,medium,medium,medium,medium,medium,medium,low,low,medium,medium,medium
837,medium,medium,high,high,medium,low,low,high,high,medium,low,low,medium,medium,medium,medium,medium,low,medium,medium,low,medium,medium,medium,medium,high,high,medium,high,medium,medium,medium,medium,low,low,low,low,low,low,low,low,low,low,low,low,low,medium,low,low,high,high,medium,low,high,high,high,high,low,low,low,low,medium,medium,low,medium,low,low,high,high,medium,medium,medium,medium,medium,low,low,low,medium,medium,medium,low,low,low,low,low,low,low,medium,medium,low,low,low,low,low,high,high,medium,medium,medium,low
838,high,low,low,medium,high,high,low,low,low,medium,low,medium,high,medium,medium,medium,low,high,high,high,high,medium,low,low,low,low,low,low,medium,medium,low,medium,medium,high,high,high,high,high,high,high,high,high,high,high,high,high,high,high,high,high,high,medium,high,low,low,low,low,low,high,high,high,high,high,high,high,high,high,low,medium,low,low,medium,medium,medium,medium,high,high,low,high,medium,high,medium,high,medium,high,medium,high,high,high,high,high,high,high,medium,low,low,medium,medium,medium,low
839,low,medium,high,medium,medium,high,medium,high,medium,high,low,medium,medium,low,medium,low,low,high,high,high,high,low,low,low,low,low,low,low,high,low,low,high,high,medium,medium,low,low,low,low,medium,high,high,medium,medium,medium,medium,medium,high,high,medium,low,medium,medium,medium,low,low,medium,medium,high,high,medium,medium,medium,medium,medium,medium,high,low,medium,high,high,high,medium,high,high,medium,low,high,low,low,medium,high,medium,high,medium,medium,medium,low,low,medium,medium,medium,medium,low,low,high,high,high,high,low
840,medium,medium,medium,medium,high,high,low,medium,medium,high,high,high,high,low,low,medium,low,high,high,high,high,high,low,low,low,low,low,low,low,medium,low,medium,high,low,low,low,low,low,medium,medium,medium,medium,low,low,low,low,medium,medium,medium,low,low,medium,low,high,medium,medium,medium,low,medium,low,low,low,low,low,medium,medium,medium,medium,low,low,low,low,low,medium,medium,low,low,medium,medium,medium,medium,low,medium,low,low,low,low,medium,medium,low,low,low,low,low,medium,high,medium,medium,medium,low
841,high,high,high,medium,low,medium,low,medium,medium,medium,low,medium,high,medium,low,high,low,low,high,high,high,high,medium,medium,medium,low,low,low,low,high,medium,low,low,medium,low,high,high,high,high,medium,medium,low,low,low,low,low,low,medium,low,low,medium,medium,low,high,high,high,medium,low,low,low,low,low,low,low,medium,low,low,high,low,high,high,low,low,low,medium,medium,medium,high,medium,low,low,low,low,low,low,low,medium,high,high,low,medium,low,low,medium,medium,high,high,high,high,low
842,medium,medium,medium,high,medium,low,low,low,medium,high,low,high,high,low,high,medium,high,medium,low,low,low,low,high,high,medium,medium,high,high,high,medium,high,medium,low,medium,medium,low,low,low,medium,medium,medium,medium,medium,medium,medium,medium,high,medium,medium,high,high,medium,medium,low,medium,medium,low,high,medium,medium,medium,medium,medium,medium,medium,high,medium,low,high,medium,medium,high,medium,high,low,medium,high,medium,medium,medium,low,high,low,high,medium,medium,medium,low,medium,medium,medium,medium,medium,high,medium,high,high,medium,low,low
843,medium,low,low,high,high,medium,medium,medium,low,low,high,high,medium,low,low,low,high,low,medium,medium,low,low,high,medium,medium,medium,medium,high,high,low,high,high,medium,low,low,low,low,low,low,low,low,low,low,low,low,low,low,low,low,low,low,medium,low,high,high,high,high,medium,low,low,low,low,low,low,medium,low,low,medium,low,medium,medium,low,low,low,low,low,medium,low,medium,high,low,low,low,low,low,low,low,medium,medium,low,low,low,low,high,medium,medium,high,high,high,low
844,high,high,medium,high,low,high,high,medium,medium,low,high,low,medium,low,medium,high,medium,high,high,high,medium,high,high,medium,low,low,low,medium,low,high,medium,low,low,low,medium,medium,low,medium,medium,low,low,low,low,high,high,medium,high,low,low,high,high,low,medium,low,high,medium,medium,low,low,medium,medium,medium,high,medium,low,low,low,low,high,high,high,high,medium,medium,medium,low,low,low,low,medium,medium,medium,medium,medium,medium,medium,medium,high,high,low,low,medium,medium,low,high,low,low,low,low,medium
845,medium,high,high,low,medium,high,low,high,high,medium,low,low,low,low,medium,medium,low,medium,high,high,high,high,low,low,low,low,low,low,low,medium,low,medium,high,medium,low,medium,low,medium,medium,medium,medium,medium,low,low,low,low,low,medium,medium,low,low,high,low,high,high,high,high,low,medium,low,medium,low,low,low,low,low,medium,high,low,medium,medium,high,medium,high,low,medium,high,high,low,low,low,medium,low,medium,low,low,medium,medium,medium,low,medium,low,low,high,medium,low,high,medium,medium,low
846,medium,medium,medium,low,high,high,low,low,low,medium,low,medium,low,low,low,medium,medium,medium,medium,medium,medium,medium,medium,medium,medium,medium,medium,medium,medium,high,medium,medium,medium,medium,medium,high,high,high,high,medium,low,medium,medium,medium,medium,medium,medium,low,low,medium,medium,low,medium,high,medium,medium,medium,low,low,low,medium,medium,medium,medium,high,low,low,high,medium,low,low,low,low,medium,medium,medium,medium,medium,low,medium,low,medium,low,medium,low,low,medium,low,medium,low,medium,low,low,low,medium,high,low,medium,medium,medium
847,medium,medium,medium,medium,high,medium,high,high,medium,low,low,low,medium,medium,medium,medium,medium,high,high,high,high,low,high,medium,low,low,low,medium,medium,low,medium,high,medium,medium,low,high,high,high,medium,medium,medium,low,low,low,low,low,low,medium,medium,low,low,high,low,high,medium,medium,low,high,high,medium,low,low,low,low,low,high,high,medium,low,medium,medium,low,low,low,low,medium,medium,medium,high,medium,low,low,low,low,low,low,medium,medium,medium,low,medium,low,low,medium,high,medium,medium,high,high,low
848,medium,low,medium,medium,low,medium,medium,low,medium,low,high,high,low,low,low,medium,high,medium,medium,medium,low,low,high,high,high,medium,medium,high,high,low,high,medium,low,high,high,medium,high,high,high,high,high,medium,high,high,high,high,high,high,medium,high,high,low,high,low,low,medium,medium,high,medium,medium,medium,high,high,high,high,medium,medium,high,high,medium,medium,low,low,low,high,medium,low,medium,low,medium,high,low,high,low,high,high,high,medium,medium,high,medium,high,high,medium,low,medium,low,medium,medium,high
849,low,high,medium,low,high,medium,low,high,medium,low,medium,high,medium,low,low,high,low,low,high,high,high,high,low,low,low,high,high,low,low,high,low,low,medium,high,high,low,low,low,medium,high,high,high,high,high,high,high,high,high,high,high,high,high,high,low,medium,low,low,high,high,high,medium,high,high,high,low,high,high,high,high,low,low,low,low,medium,low,high,high,high,high,high,medium,high,medium,high,high,high,high,medium,low,high,medium,high,high,high,high,low,low,low,low,high
850,high,high,high,high,medium,high,low,medium,high,medium,high,medium,medium,medium,medium,low,low,low,medium,high,high,medium,low,low,low,high,high,low,low,medium,low,high,high,low,low,high,medium,low,low,low,low,low,low,low,low,low,low,low,low,medium,medium,medium,low,medium,high,high,high,medium,low,low,low,medium,medium,low,medium,low,low,high,high,medium,medium,low,low,low,low,low,medium,low,low,high,low,low,low,low,low,low,low,high,high,low,low,low,low,medium,high,medium,high,high,high,low
851,medium,high,high,medium,high,medium,low,high,high,low,high,high,low,high,medium,high,low,high,medium,medium,high,high,low,low,high,high,medium,low,low,high,low,low,medium,medium,medium,low,medium,high,medium,medium,low,medium,medium,high,high,medium,high,low,low,high,high,medium,high,low,high,medium,medium,high,medium,medium,medium,high,high,high,medium,medium,medium,low,high,high,high,high,medium,medium,medium,medium,medium,medium,medium,medium,high,medium,high,medium,medium,medium,medium,medium,medium,medium,medium,medium,medium,medium,medium,high,low,low,low,medium
852,low,low,low,low,low,high,low,medium,low,low,high,high,high,high,medium,medium,medium,medium,medium,high,medium,high,low,medium,medium,low,low,medium,low,high,low,medium,medium,high,high,medium,high,high,medium,low,low,high,high,high,high,high,high,low,low,high,high,low,high,low,low,medium,low,medium,medium,low,high,high,high,high,high,medium,medium,low,high,medium,medium,medium,medium,medium,high,high,low,low,medium,medium,high,high,high,high,high,high,high,low,low,high,high,high,high,low,low,high,low,low,low,high
853,medium,low,low,medium,high,high,medium,medium,low,medium,high,high,medium,low,high,medium,low,high,high,high,high,medium,low,medium,low,low,low,low,low,medium,low,medium,high,medium,high,high,high,high,high,medium,medium,low,medium,high,high,high,high,low,low,high,high,medium,high,low,high,medium,medium,low,high,low,low,high,high,high,high,medium,medium,high,high,low,low,low,low,medium,low,high,high,medium,medium,medium,medium,high,medium,high,medium,medium,medium,medium,medium,medium,medium,high,medium,high,low,medium,low,low,low,high
854,medium,high,high,medium,medium,medium,high,high,medium,low,medium,low,high,high,high,high,high,high,medium,medium,medium,low,high,high,high,high,medium,high,medium,medium,high,low,low,low,low,medium,high,medium,high,medium,low,low,low,medium,medium,low,low,low,low,medium,high,medium,low,medium,high,high,medium,medium,low,low,low,low,medium,low,medium,medium,medium,low,high,low,low,medium,medium,medium,low,medium,medium,high,low,low,low,medium,low,medium,low,low,low,low,medium,low,medium,medium,low,medium,medium,high,medium,high,medium,low
855,low,medium,medium,low,low,low,high,high,high,medium,medium,low,low,medium,high,medium,medium,high,high,medium,high,medium,medium,low,low,low,low,medium,medium,medium,medium,medium,low,low,medium,medium,low,low,low,low,medium,medium,low,medium,medium,medium,medium,medium,medium,medium,medium,medium,low,medium,medium,medium,high,medium,low,low,low,medium,medium,low,medium,low,low,high,medium,medium,medium,medium,medium,medium,medium,low,low,medium,medium,medium,low,low,low,low,low,low,low,low,low,low,low,low,low,low,medium,medium,high,medium,medium,low
856,low,high,high,low,low,medium,medium,high,high,medium,medium,medium,low,medium,medium,low,medium,low,low,low,low,medium,low,medium,medium,high,high,medium,high,medium,low,high,high,high,high,high,high,high,high,high,high,high,high,high,high,high,high,high,high,high,high,medium,high,low,low,low,low,low,high,high,high,high,high,high,high,high,high,medium,high,high,high,low,low,low,high,high,high,high,low,low,high,high,high,high,high,high,high,high,low,high,high,high,high,high,low,high,low,low,low,high
857,low,high,high,low,medium,high,high,high,medium,medium,high,high,low,medium,medium,low,high,medium,low,low,low,low,medium,high,high,medium,medium,high,high,low,medium,medium,medium,low,low,medium,medium,low,medium,high,medium,low,low,low,low,low,low,medium,medium,low,low,low,low,high,medium,medium,low,medium,high,medium,medium,low,low,low,high,high,high,medium,low,medium,medium,low,low,low,medium,medium,medium,medium,low,low,low,medium,low,medium,low,low,low,low,low,medium,medium,low,low,medium,low,low,high,high,high,low
858,high,medium,low,medium,high,high,low,low,low,high,medium,low,high,low,low,medium,medium,high,high,high,medium,medium,low,high,medium,low,low,medium,medium,medium,low,medium,medium,medium,high,low,low,low,low,medium,medium,medium,medium,high,high,high,high,medium,medium,high,high,low,high,low,low,medium,high,medium,low,high,high,high,high,high,high,low,low,low,high,low,low,high,low,high,low,high,high,medium,low,low,high,low,high,low,high,medium,medium,high,high,medium,medium,high,high,high,low,high,low,medium,medium,medium
859,medium,high,high,high,low,medium,medium,medium,medium,high,medium,low,medium,high,medium,low,low,high,medium,medium,medium,medium,low,low,low,low,low,low,medium,medium,low,high,high,low,low,medium,medium,medium,medium,medium,medium,low,low,low,low,low,low,medium,medium,low,low,low,low,high,high,high,medium,low,low,low,low,low,low,low,high,low,low,medium,low,low,low,high,medium,high,low,medium,high,high,low,low,medium,medium,medium,medium,low,medium,low,medium,medium,low,medium,low,low,medium,medium,medium,high,medium,medium,low
860,high,low,medium,medium,medium,high,medium,medium,medium,medium,high,high,high,medium,high,medium,high,high,medium,medium,low,low,high,high,high,high,medium,high,high,low,high,high,medium,high,medium,high,high,high,high,medium,high,high,high,medium,medium,medium,medium,medium,high,medium,medium,high,medium,medium,low,low,medium,medium,medium,high,medium,medium,medium,medium,low,medium,medium,high,medium,high,high,medium,medium,medium,high,medium,low,medium,high,high,high,medium,high,medium,high,medium,high,high,high,high,high,high,high,low,high,low,low,medium,medium,medium
861,low,high,high,high,low,low,high,medium,high,medium,low,low,medium,low,medium,medium,medium,high,high,medium,medium,low,medium,low,low,low,low,medium,medium,low,medium,medium,low,low,low,medium,low,low,low,medium,medium,medium,low,low,low,low,low,high,medium,low,low,high,low,high,high,medium,high,medium,medium,medium,low,low,low,low,low,medium,medium,medium,low,medium,medium,medium,medium,medium,low,medium,high,medium,high,medium,low,low,low,low,low,low,low,low,low,low,low,low,low,high,high,low,medium,high,high,low
862,medium,low,low,medium,high,medium,high,medium,low,medium,high,low,medium,high,medium,medium,medium,medium,medium,high,high,low,medium,low,low,medium,medium,medium,medium,low,medium,medium,low,medium,medium,low,low,low,low,low,low,low,medium,high,high,medium,high,medium,medium,high,high,medium,high,low,high,medium,medium,medium,medium,low,medium,high,high,high,high,medium,medium,low,high,medium,medium,low,low,low,medium,medium,medium,low,medium,medium,low,high,low,high,medium,medium,medium,low,medium,medium,low,medium,medium,high,low,medium,low,low,low,medium
863,high,low,medium,low,medium,medium,medium,medium,low,high,medium,medium,high,medium,low,low,low,high,medium,medium,medium,medium,low,low,medium,medium,medium,low,medium,medium,low,medium,high,low,low,medium,high,medium,medium,medium,medium,low,medium,low,low,low,medium,low,low,medium,medium,medium,low,medium,medium,medium,high,medium,low,low,medium,low,low,low,medium,low,low,medium,medium,medium,medium,medium,medium,high,medium,low,low,medium,medium,medium,low,medium,low,medium,medium,medium,low,high,high,low,medium,medium,low,low,medium,high,medium,high,high,low
864,high,medium,medium,high,medium,medium,medium,medium,medium,high,high,low,medium,low,low,medium,high,medium,medium,low,low,low,high,high,high,high,high,high,high,low,high,medium,low,medium,medium,high,high,high,high,high,high,medium,medium,low,low,medium,low,high,high,low,low,high,medium,medium,medium,low,low,high,high,high,medium,medium,medium,medium,low,high,high,low,low,medium,medium,high,medium,high,high,medium,medium,high,high,medium,medium,low,medium,low,low,low,medium,high,high,medium,medium,low,medium,medium,high,low,high,high,high,low
865,low,medium,medium,medium,medium,medium,medium,high,medium,low,low,medium,high,high,medium,high,medium,high,high,high,high,medium,medium,low,low,medium,medium,medium,low,high,medium,low,low,low,low,medium,medium,medium,medium,low,low,low,low,low,low,low,low,low,low,low,low,high,low,high,high,high,high,medium,low,low,low,low,low,low,low,low,low,high,low,low,low,high,medium,high,low,medium,high,low,high,high,low,low,low,low,low,low,low,low,low,low,low,low,low,high,high,low,high,high,high,low
866,low,medium,low,low,medium,medium,low,high,low,high,medium,high,low,low,low,low,high,low,low,low,low,low,medium,high,high,medium,high,high,high,low,medium,medium,medium,low,medium,low,low,low,medium,low,low,low,low,medium,medium,medium,medium,low,low,medium,high,low,medium,medium,medium,high,medium,medium,medium,low,low,medium,medium,medium,high,medium,medium,medium,high,medium,medium,low,low,low,low,low,medium,low,medium,medium,low,medium,low,medium,low,low,low,low,low,low,low,medium,low,medium,medium,high,medium,high,high,low
867,low,medium,high,medium,high,medium,low,medium,high,low,low,medium,medium,medium,medium,medium,high,medium,low,low,low,high,medium,high,high,high,high,high,medium,high,medium,medium,medium,high,high,high,medium,medium,medium,high,high,high,high,high,high,high,medium,high,high,medium,medium,medium,medium,medium,medium,low,low,low,high,high,high,medium,medium,medium,high,high,high,high,low,low,low,high,medium,high,high,low,low,high,low,low,low,high,low,high,high,medium,high,medium,low,medium,medium,high,high,low,low,medium,medium,medium,medium,low
868,medium,low,medium,low,high,medium,low,medium,low,medium,low,low,medium,medium,medium,medium,medium,medium,high,high,medium,medium,medium,high,medium,low,low,medium,medium,low,medium,medium,medium,high,high,high,high,high,medium,medium,low,medium,high,high,high,high,high,low,low,high,high,high,high,low,high,high,high,low,low,high,medium,high,high,high,low,low,low,low,high,high,high,low,low,low,high,low,low,medium,high,high,high,medium,high,medium,high,high,high,medium,medium,high,high,high,high,low,high,low,low,low,low,high
869,medium,low,low,high,medium,medium,high,medium,low,low,low,low,medium,low,medium,medium,high,medium,medium,high,medium,low,high,high,high,medium,medium,high,medium,low,high,medium,low,medium,low,high,medium,medium,high,medium,low,medium,low,medium,medium,low,low,low,low,medium,medium,medium,medium,medium,medium,medium,medium,high,medium,low,medium,medium,medium,medium,medium,medium,medium,low,medium,low,low,high,low,high,low,medium,medium,low,medium,high,low,medium,low,medium,low,low,medium,low,medium,low,medium,low,low,medium,medium,high,high,high,high,low
870,medium,high,high,medium,low,high,medium,medium,high,low,low,low,medium,low,high,low,high,low,low,medium,low,low,high,medium,high,high,high,high,high,low,high,high,medium,medium,medium,low,low,medium,medium,medium,medium,medium,medium,medium,medium,medium,low,medium,medium,medium,medium,medium,medium,medium,high,medium,low,high,medium,medium,medium,medium,medium,medium,medium,high,high,high,low,medium,medium,low,low,low,medium,medium,medium,high,low,low,low,medium,low,medium,medium,medium,medium,low,medium,medium,medium,medium,medium,medium,medium,medium,high,high,high,low
871,low,low,medium,medium,medium,low,high,medium,medium,low,high,low,low,low,medium,high,high,high,medium,medium,low,medium,high,high,medium,low,low,high,medium,medium,high,low,low,high,medium,low,high,high,high,high,high,high,medium,high,high,medium,medium,high,high,high,high,high,high,low,high,high,medium,low,high,high,low,high,high,high,low,medium,high,medium,high,low,low,medium,medium,medium,high,medium,low,medium,high,high,low,high,low,high,medium,medium,high,low,low,medium,medium,medium,medium,low,high,high,medium,high,high,low
872,low,medium,medium,low,high,high,low,low,medium,medium,low,low,high,high,high,low,high,medium,medium,low,low,low,high,high,high,high,high,high,high,low,high,high,medium,medium,low,medium,high,high,high,high,medium,medium,low,low,low,low,low,medium,medium,low,low,medium,low,high,medium,medium,medium,low,medium,medium,medium,low,low,low,medium,medium,medium,high,low,low,low,low,low,medium,medium,medium,medium,low,high,high,medium,low,medium,low,medium,medium,medium,low,low,medium,medium,low,low,low,medium,medium,high,medium,medium,low
873,medium,medium,medium,high,medium,medium,high,high,medium,low,medium,low,low,high,medium,low,medium,medium,medium,low,low,medium,low,high,high,medium,medium,medium,high,medium,medium,high,high,high,medium,high,high,high,high,high,high,high,medium,medium,medium,medium,low,high,high,low,medium,high,medium,medium,low,low,low,low,high,high,high,medium,medium,medium,low,high,high,medium,low,low,low,low,low,medium,high,high,medium,medium,high,high,medium,medium,medium,medium,medium,medium,high,medium,medium,high,high,medium,medium,medium,high,medium,medium,high,high,low
874,high,low,medium,medium,high,high,high,medium,low,low,high,medium,high,medium,low,low,medium,medium,medium,low,low,low,low,medium,high,medium,medium,medium,high,low,medium,high,high,medium,low,high,medium,medium,medium,medium,high,medium,low,low,low,low,low,medium,high,low,low,high,medium,high,medium,medium,medium,high,medium,high,medium,low,low,medium,low,medium,medium,medium,low,high,high,high,medium,medium,medium,medium,medium,low,high,high,low,medium,low,medium,low,low,medium,high,high,medium,medium,low,medium,medium,high,high,high,high,high,low
875,medium,low,low,low,high,medium,medium,medium,low,medium,medium,high,high,low,low,high,medium,medium,high,high,medium,medium,medium,high,high,low,medium,medium,low,medium,medium,low,medium,low,low,high,low,medium,medium,medium,low,low,low,low,low,low,low,low,low,medium,medium,low,low,high,high,high,high,low,low,low,low,low,low,low,medium,low,low,low,medium,high,high,high,low,high,low,medium,medium,low,medium,medium,low,low,low,low,low,low,low,medium,medium,low,low,low,low,medium,medium,low,high,high,high,low
876,low,high,high,low,low,medium,medium,high,high,medium,medium,high,low,medium,medium,medium,high,medium,low,low,low,low,medium,high,high,high,high,high,high,low,medium,medium,medium,low,low,low,medium,medium,medium,medium,low,low,low,low,low,low,low,low,low,low,medium,low,low,medium,high,high,medium,low,medium,medium,low,low,low,low,high,medium,medium,low,medium,low,low,medium,medium,medium,medium,low,low,high,low,low,low,low,low,low,low,low,low,low,low,low,low,low,low,low,low,low,low,high,high,medium
877,high,medium,medium,high,high,medium,low,low,medium,high,low,low,low,high,high,low,low,medium,medium,medium,medium,medium,medium,low,low,medium,medium,low,medium,medium,medium,medium,high,low,low,medium,low,low,low,low,low,low,low,low,low,low,medium,low,low,medium,medium,low,low,high,high,high,high,medium,low,low,low,low,low,low,high,low,low,high,high,medium,medium,medium,medium,high,low,low,medium,medium,medium,medium,low,low,low,low,low,low,low,medium,high,low,low,low,low,medium,medium,medium,medium,high,medium,low
878,high,medium,medium,high,high,low,low,low,medium,low,high,medium,medium,high,high,high,high,low,low,low,low,medium,high,high,high,high,high,high,high,medium,high,low,low,medium,medium,medium,medium,medium,medium,medium,medium,medium,medium,medium,medium,medium,medium,medium,medium,medium,medium,medium,medium,medium,medium,medium,low,high,medium,medium,medium,medium,medium,medium,medium,high,medium,medium,medium,medium,medium,low,low,low,medium,medium,medium,medium,high,medium,medium,medium,medium,medium,medium,medium,medium,high,high,medium,medium,medium,medium,medium,medium,medium,medium,low,medium,low
879,high,high,high,low,low,medium,medium,high,high,high,low,low,medium,high,high,low,medium,low,low,low,low,medium,low,medium,medium,medium,medium,medium,high,medium,low,high,medium,high,high,medium,medium,medium,medium,medium,high,high,high,high,high,high,high,high,high,high,high,medium,high,low,low,low,high,high,medium,high,high,high,high,high,high,medium,low,low,high,medium,medium,high,medium,high,high,low,low,high,low,low,high,high,high,high,high,high,high,high,high,high,medium,high,high,low,low,medium,medium,high,high,low
880,high,medium,low,low,medium,low,low,medium,low,low,low,low,medium,medium,low,low,low,low,low,low,low,medium,low,medium,medium,high,high,low,high,medium,low,high,high,low,medium,low,low,low,low,low,low,medium,medium,low,low,medium,high,low,low,medium,medium,low,low,high,medium,high,high,medium,low,low,medium,low,low,low,high,low,low,medium,medium,low,low,low,low,low,low,low,medium,low,medium,medium,low,medium,low,medium,low,medium,low,medium,high,low,low,medium,low,medium,medium,medium,medium,medium,medium,low
881,high,low,low,medium,medium,high,high,medium,low,medium,medium,medium,high,high,low,low,high,high,medium,medium,low,low,medium,medium,high,low,low,high,high,low,medium,high,medium,high,medium,high,high,medium,high,high,high,high,medium,medium,medium,medium,low,high,high,medium,medium,high,medium,medium,low,low,low,low,high,high,high,medium,medium,medium,medium,high,high,high,medium,medium,medium,medium,medium,high,high,high,medium,low,high,high,medium,medium,medium,medium,medium,medium,high,high,high,high,high,medium,medium,medium,medium,high,medium,high,high,low
882,high,low,high,medium,high,high,high,high,medium,high,low,low,high,high,high,low,high,medium,low,low,low,low,medium,high,high,high,high,high,high,low,medium,high,medium,high,high,low,low,low,low,low,high,high,high,high,high,high,high,high,high,medium,medium,high,high,medium,low,low,medium,medium,high,high,high,medium,medium,high,medium,medium,high,medium,medium,high,high,low,low,low,medium,high,high,low,high,high,high,high,high,high,high,high,high,high,high,high,high,high,high,high,medium,high,high,medium,low,low
883,high,medium,medium,medium,medium,low,medium,high,medium,high,medium,low,high,medium,medium,low,low,medium,low,medium,high,medium,low,low,medium,low,medium,low,medium,medium,low,high,high,medium,medium,low,medium,medium,medium,medium,medium,high,medium,medium,medium,medium,medium,medium,medium,low,low,low,medium,high,medium,low,medium,high,medium,medium,high,medium,low,medium,low,medium,medium,medium,low,medium,medium,low,low,low,high,low,low,low,low,medium,medium,low,medium,low,medium,medium,medium,high,high,medium,high,medium,medium,low,medium,high,high,high,high,low
884,high,medium,high,high,high,high,low,low,medium,high,high,medium,medium,medium,high,low,low,medium,medium,medium,high,medium,low,medium,medium,low,low,low,medium,medium,low,high,high,medium,high,low,high,high,medium,medium,medium,high,high,high,high,high,medium,medium,medium,medium,medium,medium,high,low,low,low,high,medium,medium,high,high,high,high,high,medium,medium,medium,low,medium,low,low,medium,medium,medium,high,low,low,medium,high,medium,high,medium,high,medium,high,high,medium,high,high,high,high,high,high,low,low,medium,low,low,low,medium
885,high,high,low,high,high,high,high,high,low,high,high,high,high,low,low,low,low,medium,medium,medium,medium,medium,low,low,low,low,low,low,medium,medium,low,high,high,high,high,high,high,high,medium,high,high,high,high,high,high,high,high,high,high,high,high,medium,high,low,low,low,medium,low,medium,high,high,high,high,high,high,medium,medium,medium,high,high,high,medium,medium,medium,medium,high,high,low,medium,medium,high,high,high,high,high,high,high,high,high,high,high,high,high,high,low,high,low,low,low,high
886,high,low,high,low,low,high,low,medium,low,high,low,low,high,medium,high,medium,low,high,high,high,high,medium,medium,low,low,low,low,low,low,medium,medium,medium,medium,low,high,low,low,low,low,low,low,low,high,high,high,high,high,low,low,high,high,low,high,low,high,high,high,low,low,low,low,high,high,high,high,low,low,low,high,low,low,low,low,medium,high,low,low,low,medium,medium,low,high,low,high,high,medium,low,high,high,medium,medium,high,high,low,medium,medium,low,medium,medium,high
887,high,high,low,low,low,low,high,high,low,high,medium,low,high,high,medium,low,low,medium,medium,high,medium,medium,low,low,low,high,high,low,low,medium,low,medium,high,low,medium,medium,low,low,low,low,low,low,low,medium,medium,medium,high,low,low,high,high,low,medium,medium,high,high,high,medium,low,low,low,medium,medium,medium,high,low,low,low,high,high,high,high,medium,high,low,low,high,low,medium,medium,medium,low,medium,low,low,low,low,high,high,low,medium,medium,medium,high,medium,low,low,low,low,high
888,high,high,high,high,medium,high,high,low,high,high,high,low,medium,high,high,high,low,high,high,high,high,high,low,low,low,low,low,low,low,high,low,low,high,low,low,low,low,low,low,low,low,low,low,low,low,low,low,low,low,low,low,low,low,high,high,high,high,medium,low,low,low,low,low,low,medium,low,low,medium,low,medium,medium,low,low,low,low,low,medium,low,medium,medium,low,low,low,low,low,low,low,high,high,low,low,low,low,medium,high,low,medium,high,high,low
889,high,high,high,high,high,high,medium,high,medium,high,medium,high,low,high,high,medium,low,high,high,high,high,medium,low,low,low,medium,medium,low,low,medium,low,medium,high,low,low,low,low,low,low,low,low,low,low,low,low,low,low,low,low,medium,medium,low,low,high,high,high,high,medium,low,low,low,low,low,low,high,low,low,medium,low,medium,medium,low,low,low,low,low,medium,medium,low,medium,low,low,low,low,low,low,low,high,high,low,medium,low,low,medium,medium,low,high,high,high,low
890,high,medium,high,medium,low,medium,medium,medium,medium,high,medium,low,medium,low,low,low,low,medium,high,high,high,high,low,low,low,low,low,low,low,medium,low,medium,high,low,low,low,low,low,low,low,low,low,low,low,low,low,high,low,low,high,high,low,low,medium,high,high,high,high,low,low,low,medium,medium,low,high,low,low,low,high,high,high,low,low,low,low,low,medium,medium,low,medium,low,low,low,low,low,low,low,high,high,low,low,low,low,medium,medium,medium,low,medium,medium,medium
891,high,medium,medium,medium,low,low,high,low,medium,high,high,medium,medium,high,low,low,low,high,high,high,low,medium,low,medium,low,low,low,low,medium,medium,low,medium,high,medium,high,medium,low,low,low,low,medium,high,high,medium,medium,high,high,low,medium,medium,medium,high,medium,medium,low,low,high,medium,low,high,high,medium,medium,medium,low,low,low,low,medium,medium,medium,low,low,low,medium,medium,medium,medium,high,high,high,low,high,medium,medium,high,medium,high,high,medium,medium,medium,medium,medium,high,medium,low,medium,medium,medium
892,high,high,medium,high,medium,low,high,medium,low,medium,medium,high,medium,low,high,medium,high,low,low,low,low,medium,high,high,high,high,high,high,high,medium,high,low,low,low,high,low,low,low,low,low,low,low,low,high,high,high,high,low,low,high,high,low,high,low,high,high,high,medium,low,low,medium,high,high,high,low,low,low,low,high,low,low,high,medium,high,low,medium,high,low,medium,high,low,medium,low,high,medium,medium,low,high,high,low,low,high,medium,high,high,low,low,low,low,high
893,high,high,medium,high,medium,medium,high,high,high,high,high,high,medium,low,low,low,low,medium,high,medium,high,low,low,low,low,low,low,low,high,low,low,high,high,low,low,low,low,low,low,low,low,low,low,low,low,low,low,low,low,low,low,low,low,high,high,high,high,medium,low,low,low,low,low,low,low,low,low,medium,low,low,low,high,medium,high,low,low,medium,low,medium,medium,low,low,low,low,low,low,low,high,high,low,low,low,low,medium,medium,high,high,high,high,low
894,high,high,high,medium,low,high,low,high,medium,high,high,medium,high,high,medium,high,medium,high,high,high,high,high,high,high,high,high,medium,medium,low,high,high,low,low,medium,medium,high,medium,high,high,high,medium,medium,medium,medium,medium,medium,low,medium,medium,medium,medium,high,medium,high,medium,medium,low,high,medium,low,medium,medium,low,medium,low,high,high,high,low,high,high,low,low,low,medium,high,high,high,low,low,high,low,high,low,medium,medium,medium,high,high,high,high,medium,medium,high,medium,high,medium,medium,medium,low
895,medium,medium,medium,medium,medium,medium,high,high,low,medium,low,medium,medium,medium,medium,high,low,high,high,high,high,high,medium,low,low,low,low,low,low,high,low,low,medium,high,medium,high,high,high,high,high,high,medium,medium,medium,medium,medium,low,medium,medium,low,low,high,medium,medium,low,low,medium,high,high,medium,medium,medium,medium,medium,low,high,high,low,low,low,low,medium,medium,medium,high,high,high,medium,high,medium,medium,medium,medium,medium,medium,medium,high,high,medium,medium,high,medium,medium,medium,medium,low,high,high,high,low
896,low,high,high,medium,medium,high,low,high,high,medium,medium,high,low,medium,high,medium,low,high,high,high,high,medium,low,low,medium,low,low,low,low,medium,low,medium,medium,high,high,medium,high,high,high,high,high,high,high,high,high,high,high,high,high,high,high,high,high,low,low,low,low,high,high,high,high,high,high,high,medium,high,high,low,high,low,low,low,low,medium,medium,high,high,high,low,low,high,high,high,high,high,high,high,medium,low,high,high,high,high,high,high,low,low,low,low,medium
897,medium,medium,medium,medium,medium,medium,medium,medium,medium,low,low,high,high,high,high,high,medium,medium,low,medium,high,high,medium,high,medium,medium,medium,medium,low,high,medium,medium,medium,high,high,high,high,high,high,high,high,high,high,high,high,high,medium,high,high,medium,medium,medium,high,low,low,low,low,low,high,high,high,high,high,high,high,high,high,medium,medium,medium,medium,medium,medium,high,high,high,medium,medium,low,medium,high,high,high,high,high,high,high,medium,medium,high,high,high,high,medium,low,high,low,medium,medium,medium
898,low,low,medium,high,high,medium,high,low,medium,low,medium,low,medium,high,high,low,high,low,low,low,low,low,high,high,high,high,high,high,high,low,high,high,medium,high,high,high,high,high,high,high,high,high,high,high,high,high,high,high,high,high,high,high,high,low,low,low,low,high,high,high,high,high,high,high,high,high,high,high,high,medium,medium,medium,medium,medium,high,high,low,high,medium,low,high,high,high,high,high,high,high,high,low,high,high,high,high,low,low,high,low,low,low,high
899,low,medium,low,low,low,high,medium,high,low,high,medium,medium,high,high,medium,high,high,medium,medium,low,low,high,high,high,high,medium,medium,high,medium,high,high,low,low,high,high,high,high,high,high,high,medium,high,high,high,high,high,high,medium,medium,high,high,medium,high,low,low,medium,medium,low,medium,medium,medium,high,high,high,high,high,medium,low,high,low,low,medium,medium,high,medium,high,high,medium,medium,medium,high,high,high,high,high,high,high,medium,low,high,high,high,high,high,low,high,low,low,low,high
900,high,high,high,low,low,low,low,high,high,medium,medium,high,low,high,medium,high,low,high,high,high,high,high,medium,low,low,low,low,low,low,high,medium,low,medium,medium,low,low,medium,medium,high,high,medium,low,low,low,low,low,low,medium,medium,low,low,high,low,high,high,high,medium,medium,high,low,low,low,low,low,low,medium,medium,low,low,high,high,high,medium,medium,medium,low,low,high,high,medium,low,low,low,low,low,low,medium,high,high,medium,medium,low,low,low,high,medium,high,high,high,low
901,medium,low,low,medium,high,low,medium,medium,medium,low,low,low,medium,low,low,medium,medium,high,medium,medium,medium,medium,medium,low,medium,low,low,medium,medium,medium,medium,low,low,high,high,medium,medium,high,high,high,medium,high,high,high,high,high,high,high,medium,high,high,high,high,low,low,low,low,high,high,high,high,high,high,high,medium,high,high,low,high,low,low,low,low,low,medium,high,high,low,high,high,high,medium,high,medium,high,high,high,high,medium,high,high,high,high,high,high,low,low,low,low,high
902,high,high,high,low,high,high,low,high,high,low,medium,medium,medium,low,low,low,low,high,high,high,high,medium,low,low,low,low,low,low,low,low,low,high,high,low,low,high,medium,medium,medium,medium,low,low,low,low,low,low,low,low,low,medium,medium,medium,low,medium,medium,high,medium,high,medium,low,low,low,low,low,medium,low,medium,low,medium,low,low,high,medium,high,low,medium,high,low,medium,medium,medium,low,medium,low,low,low,low,medium,high,low,medium,medium,low,medium,high,low,low,high,high,medium
903,low,low,low,low,high,high,low,medium,low,low,high,high,high,low,high,high,high,low,low,low,low,medium,high,high,high,high,high,high,high,medium,high,low,low,high,high,medium,medium,medium,medium,high,high,high,high,high,high,high,high,high,high,high,high,medium,high,low,low,low,medium,high,high,high,high,high,high,high,high,medium,medium,low,high,low,low,low,low,low,high,high,high,medium,medium,medium,high,high,high,high,high,high,high,low,low,high,high,high,high,medium,low,high,low,low,low,high
904,medium,low,medium,high,medium,high,low,low,medium,medium,medium,high,low,low,low,high,high,medium,medium,medium,medium,high,high,high,high,low,medium,high,low,high,high,low,low,high,high,medium,medium,medium,medium,medium,medium,high,high,high,high,high,high,high,medium,high,high,medium,high,low,low,medium,medium,medium,medium,medium,high,high,high,high,medium,medium,medium,high,high,low,low,low,low,medium,high,medium,low,medium,high,medium,high,high,high,high,high,high,high,medium,medium,high,medium,high,high,medium,low,low,low,low,low,high
905,low,low,low,medium,high,high,high,high,low,medium,high,high,low,medium,high,low,high,low,low,medium,low,low,high,high,high,medium,medium,high,high,low,high,high,medium,medium,medium,high,high,high,high,high,medium,medium,medium,medium,medium,medium,low,high,medium,low,low,high,medium,medium,medium,medium,low,high,medium,medium,medium,medium,medium,medium,low,high,high,low,medium,low,low,high,medium,high,high,medium,low,low,high,high,medium,medium,medium,medium,medium,medium,medium,low,low,medium,medium,medium,medium,low,high,medium,low,medium,medium,medium
906,high,high,high,high,high,low,high,low,medium,high,medium,low,low,low,medium,medium,low,low,medium,medium,high,medium,low,low,low,low,low,low,low,medium,low,medium,high,medium,medium,high,medium,medium,medium,medium,high,medium,medium,medium,medium,medium,medium,high,high,medium,medium,medium,medium,low,medium,low,high,high,high,medium,medium,medium,medium,medium,high,medium,medium,low,medium,low,low,low,low,medium,high,low,low,medium,medium,medium,medium,high,medium,high,medium,medium,high,high,high,high,high,medium,high,low,low,medium,high,medium,medium,low
907,high,low,high,high,low,high,low,low,medium,high,medium,low,low,high,high,low,low,low,medium,medium,medium,low,low,medium,medium,high,high,low,high,low,low,high,high,high,high,high,medium,medium,high,high,high,high,high,high,high,high,high,high,high,high,medium,low,high,low,low,low,low,high,medium,high,high,high,high,high,high,high,high,low,high,low,low,medium,medium,medium,high,medium,low,medium,low,low,high,medium,high,high,high,high,high,high,high,high,high,high,high,low,low,low,high,medium,low,low
908,high,medium,high,medium,high,low,low,high,high,high,high,high,medium,high,high,low,medium,low,low,low,medium,low,low,medium,high,high,high,medium,high,low,medium,high,high,high,high,high,high,high,high,high,high,high,high,high,high,high,high,high,high,high,high,high,high,low,low,low,low,low,high,high,high,high,high,high,medium,high,high,low,high,low,low,high,medium,high,high,high,low,high,high,medium,high,high,high,high,high,high,high,high,high,high,high,high,high,low,low,low,low,low,low,high
909,high,medium,low,high,high,high,high,low,low,medium,medium,medium,high,high,medium,medium,medium,high,high,medium,medium,medium,medium,low,medium,medium,low,medium,medium,medium,medium,medium,medium,medium,medium,medium,high,high,medium,medium,medium,medium,medium,high,high,medium,high,medium,medium,high,high,high,medium,medium,low,medium,medium,medium,medium,medium,medium,medium,medium,medium,medium,medium,medium,high,medium,high,high,low,low,low,low,high,high,low,high,high,low,high,low,high,high,medium,medium,high,high,medium,medium,high,medium,high,medium,medium,low,medium,medium,medium
910,high,high,high,low,high,high,medium,high,high,medium,medium,medium,medium,low,high,medium,high,low,medium,medium,low,low,medium,high,high,high,high,high,high,medium,medium,high,medium,high,high,low,high,high,high,high,high,high,high,high,high,high,medium,high,high,medium,medium,medium,high,low,low,low,low,high,high,high,medium,high,high,high,high,high,high,low,high,high,high,low,low,low,medium,high,high,high,low,low,high,high,high,high,high,high,high,high,high,high,medium,medium,high,high,low,low,medium,low,medium,low
911,medium,high,high,high,medium,high,low,high,high,medium,low,medium,low,medium,medium,high,medium,low,low,low,low,high,low,high,medium,high,high,medium,medium,high,medium,low,medium,high,high,high,high,high,high,high,high,high,high,medium,medium,high,low,high,high,low,low,high,high,medium,low,low,low,high,high,high,high,medium,medium,high,low,high,high,medium,low,medium,medium,low,low,low,high,high,low,high,low,low,medium,high,medium,high,high,high,high,medium,medium,high,high,medium,high,low,high,medium,high,high,high,low
912,high,medium,medium,high,medium,medium,low,low,medium,low,high,high,medium,low,medium,high,medium,medium,medium,medium,medium,high,high,low,low,low,medium,medium,low,high,high,low,low,medium,medium,low,high,medium,medium,medium,medium,medium,low,medium,medium,medium,low,medium,low,medium,medium,high,medium,high,medium,medium,low,medium,high,medium,medium,low,low,medium,low,high,high,high,low,low,low,high,medium,high,medium,medium,medium,low,high,high,low,medium,low,medium,low,low,medium,medium,high,low,medium,medium,low,medium,high,medium,low,medium,medium,medium
913,low,low,low,high,medium,medium,high,low,low,low,high,medium,medium,high,high,low,high,medium,medium,low,low,low,high,medium,high,medium,high,high,high,low,high,high,medium,medium,medium,medium,medium,high,high,high,medium,high,high,medium,medium,medium,medium,high,medium,medium,medium,high,medium,medium,low,low,medium,high,high,medium,high,medium,medium,medium,medium,medium,medium,medium,medium,medium,medium,high,low,high,high,medium,low,low,high,high,high,low,high,medium,medium,medium,medium,medium,low,medium,medium,high,medium,high,medium,high,low,medium,medium,medium
914,high,high,high,low,low,medium,high,high,high,high,high,high,high,high,high,low,low,low,low,low,low,low,low,low,low,low,low,low,high,low,low,high,high,medium,medium,low,high,high,medium,high,high,medium,medium,medium,medium,medium,low,high,high,low,low,low,high,low,low,low,low,high,high,high,high,high,high,high,low,high,high,medium,medium,low,low,medium,medium,high,high,medium,low,high,low,low,low,low,low,low,low,low,low,medium,high,medium,low,low,medium,low,low,medium,low,medium,low,high
915,medium,low,low,medium,low,low,high,high,medium,medium,low,medium,high,low,low,medium,medium,low,low,low,medium,medium,medium,medium,high,high,high,medium,medium,low,medium,medium,medium,high,high,high,high,high,high,medium,high,high,high,high,high,high,high,medium,high,high,high,high,high,low,low,low,medium,medium,high,high,high,high,high,high,low,high,high,high,high,high,high,low,low,low,high,high,high,medium,high,high,high,high,high,high,high,high,high,high,medium,high,high,high,high,high,high,low,low,low,low,high
916,low,low,low,medium,medium,low,low,low,medium,medium,low,low,medium,high,low,high,low,low,high,high,high,high,medium,high,high,high,high,low,low,high,medium,low,medium,low,medium,low,low,medium,low,low,low,low,low,high,high,medium,high,low,low,high,high,high,medium,high,high,high,high,high,low,low,low,medium,medium,medium,low,low,low,high,high,high,high,medium,medium,medium,medium,medium,medium,low,high,high,low,medium,low,medium,medium,medium,low,low,low,low,low,medium,medium,medium,high,low,low,low,low,medium
917,low,low,low,high,medium,low,low,low,medium,low,low,low,medium,high,low,high,high,low,low,low,low,high,high,high,medium,high,high,high,low,high,high,low,low,high,high,low,medium,medium,medium,low,low,low,high,high,high,high,high,low,low,high,high,high,high,low,high,high,high,medium,low,low,high,high,high,high,low,low,low,high,high,high,high,high,medium,medium,low,high,high,low,high,high,high,high,high,high,high,high,high,high,low,high,high,high,high,high,high,high,low,low,low,high
918,medium,medium,medium,high,low,medium,medium,medium,medium,medium,medium,medium,low,high,medium,low,low,high,high,high,medium,low,low,low,low,low,low,low,medium,low,low,high,high,medium,low,low,high,high,high,medium,low,low,low,low,low,low,low,low,low,low,low,low,low,high,high,high,medium,medium,low,low,low,low,low,low,low,low,low,medium,low,low,low,high,medium,high,medium,low,low,low,high,high,low,low,low,low,low,low,medium,medium,medium,low,medium,low,low,low,high,low,high,high,high,low
919,high,high,high,medium,low,medium,low,high,high,low,high,low,medium,high,high,medium,low,high,high,high,high,medium,low,low,low,high,low,low,low,medium,low,low,medium,low,low,high,medium,medium,low,low,low,low,low,low,low,low,low,low,low,low,low,low,low,high,high,high,high,medium,low,low,low,low,low,low,high,low,low,medium,low,medium,medium,low,low,low,low,low,medium,high,low,low,low,low,low,low,low,low,low,medium,high,low,low,low,low,medium,medium,high,medium,high,high,low
920,medium,low,low,high,low,low,medium,low,low,low,high,low,high,medium,low,medium,high,low,medium,low,medium,low,high,high,high,high,high,high,high,low,high,medium,low,high,high,low,medium,medium,medium,medium,low,low,high,high,high,high,high,low,low,high,high,high,high,low,high,high,high,medium,medium,low,high,high,high,high,low,low,low,high,high,high,high,low,low,low,low,high,high,medium,high,high,medium,high,medium,high,high,high,high,high,medium,high,high,high,high,high,high,high,low,low,low,high
921,medium,medium,medium,high,high,medium,medium,low,medium,low,medium,medium,medium,high,medium,medium,high,high,high,medium,medium,low,high,medium,medium,low,low,high,medium,low,high,medium,low,low,low,high,medium,medium,medium,medium,medium,low,low,low,low,low,low,low,low,low,low,low,medium,medium,medium,medium,high,low,low,low,low,low,medium,medium,low,low,low,low,high,medium,medium,high,medium,high,medium,low,low,low,high,high,low,low,low,low,low,low,low,low,medium,low,medium,low,low,low,high,high,high,high,high,low
922,high,low,low,low,low,low,high,high,low,high,low,medium,high,low,low,high,low,medium,medium,medium,high,high,medium,low,medium,low,low,low,low,high,medium,low,medium,high,high,medium,medium,medium,medium,low,medium,high,high,high,high,high,high,medium,medium,high,high,high,high,low,low,high,medium,high,high,medium,high,high,high,high,low,medium,medium,high,high,high,high,high,high,high,low,high,high,low,high,high,high,medium,high,medium,high,high,high,high,high,high,medium,high,high,high,high,low,low,low,low,high
923,low,high,high,medium,medium,low,high,high,high,medium,medium,low,low,low,low,medium,medium,high,medium,medium,medium,high,low,high,high,high,medium,medium,low,high,medium,medium,high,medium,medium,high,medium,medium,medium,low,medium,medium,medium,medium,medium,medium,medium,medium,high,medium,low,low,medium,low,low,low,low,low,medium,high,medium,medium,medium,medium,low,medium,medium,low,medium,low,low,low,low,medium,medium,high,high,low,low,high,medium,low,medium,low,medium,medium,medium,low,low,medium,medium,low,medium,high,high,high,low,medium,medium,medium
924,high,high,high,low,high,high,high,high,medium,high,high,medium,medium,medium,low,low,medium,high,medium,medium,medium,low,medium,low,low,medium,low,medium,medium,low,medium,high,medium,low,low,medium,medium,low,low,low,low,low,low,low,low,low,medium,low,low,medium,medium,medium,low,high,high,high,high,low,low,low,low,low,low,low,medium,low,low,medium,medium,medium,medium,high,medium,high,low,low,medium,high,low,low,low,low,low,low,low,low,low,medium,high,low,low,low,low,medium,medium,low,medium,medium,medium,low
925,low,low,low,medium,low,low,low,low,high,medium,low,high,low,low,low,high,medium,low,medium,high,high,medium,medium,medium,medium,high,high,medium,low,medium,medium,low,medium,high,high,low,low,low,low,low,medium,high,high,high,high,high,high,medium,medium,high,high,high,high,low,medium,medium,medium,high,high,high,high,high,high,high,low,medium,medium,high,high,high,high,medium,medium,medium,low,high,high,low,high,high,high,high,high,high,high,high,high,medium,low,high,high,high,high,high,high,high,low,low,low,high
926,medium,high,high,medium,low,low,low,high,high,medium,low,low,low,high,high,high,medium,high,high,high,medium,high,high,high,medium,medium,medium,medium,low,high,high,low,low,medium,medium,medium,medium,medium,medium,medium,medium,medium,medium,medium,medium,medium,medium,medium,medium,medium,medium,low,medium,medium,medium,medium,medium,low,high,medium,medium,medium,medium,medium,high,medium,high,medium,low,low,low,medium,medium,high,medium,high,high,low,low,high,high,medium,high,medium,medium,medium,medium,medium,medium,medium,low,medium,medium,medium,high,medium,low,low,low,medium
927,low,low,low,high,low,low,medium,low,high,high,high,high,medium,low,low,medium,high,low,low,low,low,low,high,high,high,high,high,high,high,low,high,medium,low,high,high,medium,medium,medium,medium,high,high,high,high,high,high,high,high,high,high,high,high,high,high,low,low,low,low,medium,high,high,high,high,high,high,low,high,high,high,high,high,high,high,medium,medium,medium,high,high,high,high,high,high,high,high,high,high,high,high,low,low,high,high,high,high,high,high,low,low,low,low,high
928,low,high,high,medium,low,medium,medium,high,high,medium,high,medium,medium,high,high,high,low,medium,high,high,medium,high,medium,low,low,medium,high,low,low,high,medium,low,low,medium,low,high,high,high,high,high,high,medium,medium,medium,medium,low,low,medium,medium,low,low,low,low,high,high,medium,low,medium,medium,low,medium,low,low,low,low,medium,high,high,low,medium,medium,medium,medium,high,high,high,medium,low,low,high,high,medium,high,medium,medium,medium,medium,medium,low,medium,high,medium,medium,medium,high,medium,high,high,high,low
929,low,high,high,low,medium,low,low,high,high,medium,medium,high,low,high,medium,low,low,low,low,low,low,medium,low,medium,medium,low,medium,low,medium,medium,low,high,high,medium,medium,high,high,high,high,medium,high,medium,medium,medium,medium,medium,low,medium,high,low,medium,high,medium,medium,medium,medium,medium,high,medium,high,medium,medium,medium,medium,medium,medium,medium,medium,medium,medium,medium,high,medium,high,medium,high,medium,high,low,low,medium,high,medium,medium,medium,medium,medium,low,low,medium,medium,medium,medium,medium,medium,low,medium,medium,medium,low
930,medium,low,low,medium,medium,low,high,high,low,high,medium,medium,low,low,low,high,medium,medium,low,low,high,high,low,high,high,high,high,medium,low,high,low,low,medium,high,high,medium,high,high,high,high,high,high,high,high,high,high,low,high,high,low,low,high,high,medium,low,low,low,high,high,high,high,medium,medium,high,low,high,high,medium,low,high,high,low,low,low,high,high,medium,low,high,high,high,high,high,high,high,high,high,high,medium,high,high,high,high,low,medium,low,medium,high,high,low
931,high,high,high,low,medium,medium,low,high,high,medium,medium,medium,medium,high,medium,low,high,high,medium,low,low,low,medium,high,high,medium,low,high,high,medium,high,high,high,medium,low,medium,high,medium,medium,high,medium,medium,medium,low,low,low,low,high,medium,low,low,low,medium,high,medium,medium,low,low,high,medium,medium,low,low,medium,low,high,high,medium,low,low,low,medium,medium,high,medium,medium,medium,low,low,high,low,medium,low,medium,low,low,medium,high,high,medium,medium,medium,medium,medium,high,high,high,high,high,low
932,low,low,low,low,low,low,medium,low,medium,low,low,high,medium,medium,low,high,high,low,medium,medium,high,high,high,medium,medium,high,high,high,low,high,high,low,low,high,high,medium,high,medium,medium,high,high,high,high,high,high,high,high,high,high,high,high,high,high,low,low,low,low,high,high,high,high,high,high,high,low,high,high,high,high,high,high,low,low,low,medium,high,high,high,high,high,high,high,high,high,high,high,high,high,low,high,high,high,high,high,high,low,low,low,low,high
933,low,medium,medium,medium,low,low,low,low,medium,low,low,high,high,high,low,medium,high,low,low,low,low,low,high,high,medium,medium,medium,high,high,low,high,medium,low,low,low,low,medium,low,low,low,low,low,low,medium,medium,low,medium,low,low,medium,medium,medium,low,medium,high,high,high,medium,low,low,medium,medium,medium,low,medium,low,low,low,high,medium,medium,low,low,low,low,medium,high,low,high,high,low,medium,low,medium,medium,low,low,low,low,low,low,medium,low,high,high,low,low,low,low,medium
934,low,low,low,high,high,low,low,low,medium,low,low,medium,medium,low,low,high,high,medium,low,low,medium,medium,high,high,medium,high,high,high,medium,high,high,low,low,high,high,low,low,low,low,medium,medium,medium,high,high,high,high,high,medium,medium,high,high,high,high,low,high,high,high,medium,low,medium,high,high,high,high,low,low,low,high,high,high,high,low,low,low,low,high,high,medium,high,high,high,high,high,high,high,high,high,medium,low,high,high,high,high,high,high,medium,low,low,low,high
935,low,low,low,high,high,low,high,medium,low,low,medium,low,medium,medium,low,high,medium,medium,medium,low,high,high,medium,high,high,medium,medium,medium,low,high,medium,medium,high,high,high,medium,low,low,medium,low,high,high,high,high,high,high,high,medium,high,high,high,high,high,low,low,low,high,medium,medium,high,high,high,high,high,low,low,low,high,high,high,high,low,low,low,medium,high,high,low,high,high,high,high,high,high,high,high,high,low,low,high,high,high,high,high,high,medium,low,low,low,high
936,high,medium,medium,medium,medium,medium,medium,medium,low,medium,medium,medium,high,medium,low,high,low,high,high,high,high,high,low,low,low,medium,medium,low,low,medium,low,low,medium,low,low,medium,medium,medium,medium,low,low,low,low,low,low,low,low,low,low,medium,medium,medium,low,high,high,high,high,low,low,low,low,low,low,low,low,low,low,high,low,medium,medium,medium,medium,medium,low,low,medium,low,high,high,low,low,low,low,low,low,low,high,high,low,low,low,low,high,high,medium,medium,low,low,low
937,high,low,low,high,high,medium,high,medium,medium,high,high,high,low,low,medium,high,medium,medium,high,high,high,high,medium,medium,high,high,high,medium,low,high,medium,low,low,medium,medium,high,medium,high,medium,medium,medium,medium,medium,medium,medium,medium,medium,high,medium,medium,medium,high,medium,high,medium,medium,low,medium,medium,medium,medium,medium,medium,medium,low,high,medium,high,low,high,high,medium,medium,medium,medium,medium,high,low,high,high,medium,medium,medium,medium,medium,medium,medium,high,high,medium,medium,medium,medium,high,high,medium,high,high,high,low
938,low,high,high,high,high,low,high,high,high,medium,medium,low,medium,medium,high,medium,low,high,high,high,high,medium,low,low,low,low,low,low,low,medium,low,medium,high,low,low,medium,low,low,low,low,low,low,low,low,low,low,medium,low,low,medium,medium,low,high,low,high,high,high,low,low,low,low,low,high,high,low,low,low,low,high,medium,medium,low,low,low,medium,low,low,high,low,low,low,low,low,low,low,low,low,low,low,low,low,low,low,low,low,high,medium,medium,medium,low
939,low,low,low,low,low,low,low,medium,high,high,low,medium,high,high,medium,low,medium,medium,medium,high,medium,low,medium,medium,medium,medium,medium,medium,high,low,medium,high,medium,low,medium,low,low,low,low,low,low,medium,medium,medium,medium,medium,high,low,low,medium,medium,high,medium,high,medium,medium,high,high,low,high,medium,medium,medium,medium,low,low,low,high,low,high,high,medium,medium,medium,low,medium,high,medium,high,high,medium,medium,medium,low,medium,medium,low,low,low,low,low,medium,low,high,high,low,medium,low,low,low
940,high,medium,high,medium,medium,medium,low,medium,medium,high,medium,medium,medium,high,medium,high,low,medium,high,high,medium,high,medium,low,low,low,low,low,low,high,medium,low,medium,medium,medium,high,high,high,high,high,high,medium,medium,medium,medium,medium,low,high,high,low,low,high,medium,high,medium,low,medium,high,high,medium,medium,medium,medium,medium,low,medium,medium,high,low,high,high,low,low,low,high,high,medium,medium,high,high,medium,medium,medium,medium,medium,medium,high,high,high,medium,high,medium,medium,medium,high,medium,high,medium,medium,low
941,high,high,medium,medium,high,medium,high,high,medium,low,medium,medium,low,low,low,medium,low,high,high,high,high,high,low,low,low,low,low,low,low,medium,low,medium,high,medium,low,high,high,high,high,high,high,medium,medium,medium,medium,low,low,low,low,medium,medium,high,medium,medium,medium,medium,low,medium,high,medium,medium,low,medium,medium,low,high,high,low,low,medium,medium,low,low,low,high,high,medium,low,high,high,medium,medium,medium,medium,medium,medium,medium,high,high,medium,high,low,medium,medium,high,high,high,high,high,low
942,high,low,low,medium,medium,high,medium,medium,medium,high,low,medium,medium,low,high,medium,low,high,high,high,high,high,low,low,low,low,low,low,low,medium,low,high,high,high,medium,high,high,high,high,high,high,high,medium,medium,medium,medium,low,high,medium,medium,medium,low,medium,medium,low,low,low,low,high,high,medium,medium,medium,medium,high,high,high,medium,medium,low,low,low,low,medium,high,high,low,low,medium,high,medium,high,medium,high,medium,high,high,high,high,high,high,high,medium,low,low,low,low,medium,medium,medium
943,high,medium,medium,medium,low,high,low,medium,medium,medium,high,high,medium,high,high,low,low,low,medium,high,high,medium,low,medium,medium,low,low,low,medium,medium,low,high,high,high,medium,high,high,high,high,high,high,high,high,medium,medium,medium,low,high,high,low,low,low,medium,medium,low,low,low,medium,high,high,high,low,medium,medium,high,high,high,low,low,low,low,medium,medium,high,high,high,low,medium,low,low,medium,high,medium,high,medium,medium,high,high,high,high,high,medium,high,low,low,medium,high,high,high,low
944,low,medium,high,high,high,high,low,medium,medium,medium,medium,medium,low,high,medium,medium,low,high,high,high,medium,high,low,low,low,low,low,low,low,high,low,medium,medium,high,medium,medium,high,high,high,high,high,high,medium,medium,medium,medium,low,high,high,low,medium,high,medium,medium,medium,low,low,high,high,medium,high,medium,medium,medium,medium,high,high,high,medium,medium,medium,high,medium,high,high,medium,low,high,medium,low,high,high,high,high,high,high,high,medium,low,high,high,medium,high,low,medium,high,medium,high,high,low
945,high,high,high,low,low,medium,medium,high,high,low,low,medium,low,medium,high,high,high,high,high,high,medium,low,high,medium,low,low,low,high,medium,low,high,low,low,high,medium,high,high,high,high,high,high,high,medium,medium,medium,medium,low,high,high,low,low,medium,medium,medium,low,medium,low,high,high,medium,medium,medium,medium,medium,medium,high,high,low,low,medium,medium,low,low,low,high,high,medium,high,low,low,medium,medium,medium,medium,medium,medium,high,high,high,medium,high,medium,medium,low,medium,high,high,medium,medium,low
946,high,medium,low,high,high,medium,medium,low,high,high,low,low,low,low,low,low,medium,medium,low,low,medium,low,low,medium,medium,low,low,medium,high,low,medium,high,medium,high,high,high,high,high,high,high,high,high,high,high,high,high,medium,high,high,medium,medium,medium,high,low,low,low,low,high,high,high,high,high,high,high,medium,high,high,low,medium,low,low,medium,medium,high,medium,high,high,high,low,low,high,high,high,high,high,high,medium,high,high,high,high,high,high,high,low,low,low,medium,medium,medium
947,medium,high,high,high,high,high,high,high,high,high,medium,medium,low,medium,medium,low,medium,medium,high,medium,medium,medium,medium,medium,medium,low,low,medium,medium,medium,medium,high,high,high,medium,high,high,high,high,high,high,high,medium,medium,medium,medium,medium,high,high,medium,medium,high,medium,medium,low,low,medium,medium,medium,high,high,medium,medium,medium,medium,medium,medium,medium,medium,low,low,low,low,medium,low,high,high,high,low,low,high,medium,high,medium,medium,high,high,medium,medium,high,medium,medium,medium,high,medium,medium,high,high,high,low
948,low,high,high,medium,low,high,high,medium,medium,low,high,high,high,high,high,low,low,high,high,high,high,high,low,low,low,low,low,low,low,medium,low,high,high,medium,medium,high,high,high,high,high,high,medium,medium,medium,medium,medium,low,high,high,medium,medium,low,medium,high,medium,low,medium,high,medium,low,medium,medium,medium,medium,high,medium,medium,medium,low,high,high,high,medium,high,high,medium,medium,high,low,low,high,low,high,low,medium,medium,medium,low,low,medium,medium,medium,medium,low,low,low,high,high,high,low
949,low,low,low,medium,medium,medium,medium,medium,low,high,low,medium,high,low,medium,low,medium,medium,medium,low,low,medium,low,medium,high,low,low,medium,high,medium,low,high,high,high,high,high,high,high,high,high,high,high,high,high,high,high,high,high,high,high,high,low,high,low,low,low,low,medium,high,high,high,high,high,high,high,high,high,low,high,low,low,low,low,medium,high,high,high,medium,medium,medium,high,high,high,high,high,high,high,medium,low,high,high,high,high,medium,low,high,low,medium,medium,high
950,high,medium,low,high,medium,low,medium,low,low,low,medium,low,high,low,low,low,medium,low,medium,medium,low,medium,low,high,high,high,high,medium,high,low,medium,high,high,high,high,high,high,medium,medium,high,high,high,high,high,high,high,high,high,high,high,high,medium,high,low,low,low,medium,high,high,medium,high,high,high,high,high,medium,medium,low,high,medium,medium,high,medium,high,low,high,high,medium,medium,low,high,high,high,high,high,high,high,high,high,high,high,high,high,high,low,medium,low,low,low,high
951,high,low,low,low,high,high,low,medium,low,low,medium,high,medium,medium,high,medium,low,medium,medium,medium,medium,high,low,medium,high,high,high,low,low,high,low,medium,high,high,medium,medium,high,high,high,high,high,high,medium,medium,medium,medium,low,high,high,low,low,medium,medium,medium,low,low,low,low,high,high,high,medium,medium,medium,medium,high,high,high,low,medium,medium,medium,medium,high,high,high,medium,medium,high,high,medium,medium,medium,medium,medium,medium,high,high,high,high,high,medium,high,medium,low,medium,medium,high,high,low
952,high,high,high,low,medium,medium,low,high,high,medium,medium,high,medium,medium,high,medium,low,high,high,high,high,high,low,low,medium,medium,low,low,low,low,low,high,high,medium,low,high,medium,medium,high,high,medium,medium,low,low,low,low,low,medium,low,low,low,medium,low,high,high,medium,low,high,medium,medium,medium,low,low,low,medium,high,medium,medium,low,low,low,high,medium,high,medium,medium,medium,high,low,low,low,low,low,low,low,low,medium,high,high,medium,high,low,low,low,medium,high,medium,high,high,low
953,low,low,medium,medium,medium,high,medium,low,low,low,high,medium,medium,medium,high,low,low,medium,high,high,low,medium,low,low,low,low,medium,low,medium,medium,medium,medium,high,high,high,medium,medium,high,high,high,high,high,high,high,high,high,high,high,high,high,high,low,high,low,low,low,low,high,medium,high,high,high,high,high,high,high,high,high,medium,low,low,medium,medium,medium,high,low,low,high,low,low,high,high,high,medium,high,high,high,low,low,high,high,high,high,low,low,low,medium,medium,medium,low
954,medium,high,high,low,low,medium,medium,medium,medium,medium,high,high,medium,high,medium,low,medium,medium,medium,medium,medium,low,low,low,low,low,medium,medium,high,low,medium,high,high,high,high,high,high,high,high,high,high,high,high,high,high,high,medium,high,high,high,medium,high,high,low,low,low,low,low,high,high,high,high,high,high,medium,high,high,low,medium,medium,medium,high,medium,high,high,high,high,high,medium,low,high,high,high,high,high,high,high,high,medium,high,high,high,high,high,low,low,high,high,medium,low
955,high,medium,low,medium,low,low,medium,medium,low,low,medium,low,high,high,medium,medium,low,low,high,high,high,medium,low,medium,medium,low,low,low,medium,medium,low,high,high,high,high,high,high,high,high,high,high,high,high,high,high,high,medium,high,high,medium,medium,low,high,low,low,low,low,high,high,high,high,medium,high,high,high,high,high,low,medium,medium,medium,low,low,medium,high,high,high,low,medium,medium,high,high,high,high,high,high,high,high,high,high,high,high,high,high,low,high,low,low,medium,medium
956,low,low,low,medium,high,high,low,low,low,medium,high,medium,low,low,high,low,high,low,low,low,low,low,high,medium,high,high,high,high,high,low,high,medium,low,high,high,high,high,medium,medium,medium,high,high,high,high,high,high,high,high,high,high,high,medium,high,low,low,low,medium,medium,high,high,high,high,high,high,high,medium,high,low,high,low,low,low,low,medium,medium,high,high,medium,medium,medium,high,high,high,high,high,high,high,low,low,high,high,high,high,high,low,low,low,low,low,high
957,high,high,high,low,low,medium,low,high,high,medium,medium,medium,medium,high,low,high,high,low,low,medium,medium,low,high,high,high,high,high,high,medium,medium,high,low,low,high,medium,low,high,high,high,high,high,high,medium,medium,medium,medium,low,high,high,medium,medium,high,medium,medium,medium,low,low,low,high,high,high,high,medium,medium,low,high,high,high,medium,medium,medium,low,low,low,high,high,medium,high,medium,low,medium,high,medium,high,medium,high,high,high,high,high,high,medium,medium,low,medium,medium,low,medium,medium,medium
958,high,medium,high,medium,low,medium,medium,medium,medium,medium,high,high,medium,low,medium,high,medium,medium,medium,high,high,high,medium,high,high,medium,medium,medium,low,high,medium,low,low,high,medium,high,high,high,high,high,high,medium,medium,low,low,medium,low,high,medium,low,low,low,low,high,high,medium,low,high,medium,low,low,low,low,low,high,medium,high,medium,low,medium,medium,low,low,low,high,medium,low,medium,low,low,medium,medium,medium,medium,medium,medium,high,high,high,medium,medium,medium,medium,low,low,low,high,medium,medium,low
959,medium,medium,medium,medium,low,low,low,low,high,low,medium,medium,high,high,medium,low,low,high,medium,medium,high,high,low,low,medium,low,low,low,medium,high,low,high,high,high,medium,high,high,high,high,high,high,high,high,medium,medium,medium,low,high,high,low,low,low,medium,medium,low,low,low,low,high,high,high,medium,medium,medium,high,high,high,medium,low,high,high,low,low,low,high,high,low,high,low,low,high,high,high,high,high,high,high,high,medium,high,high,medium,high,medium,low,low,high,high,high,low
960,high,high,high,low,high,high,medium,high,medium,medium,medium,medium,medium,low,high,medium,medium,medium,medium,low,medium,high,medium,medium,high,medium,medium,medium,low,high,medium,low,medium,high,high,high,high,high,high,high,high,high,high,high,high,high,medium,high,high,medium,medium,medium,high,low,low,low,low,low,high,high,high,high,high,high,high,high,high,high,medium,low,low,medium,medium,medium,high,high,low,high,low,low,high,high,high,high,high,high,high,high,high,high,high,medium,high,low,low,low,high,medium,medium,low
961,medium,high,high,high,low,medium,medium,medium,high,medium,medium,medium,low,high,medium,high,medium,low,low,medium,medium,high,medium,medium,medium,high,high,medium,medium,high,medium,low,low,high,medium,high,medium,medium,high,high,high,medium,medium,medium,medium,medium,low,high,high,low,low,medium,medium,medium,medium,low,low,high,high,medium,medium,low,low,medium,medium,high,high,medium,low,medium,medium,low,low,low,high,medium,low,high,low,low,low,high,low,high,medium,medium,high,high,medium,high,high,medium,medium,medium,low,high,high,high,high,low
962,high,medium,low,high,medium,low,medium,low,high,high,medium,high,high,high,high,low,low,high,high,medium,low,low,low,low,low,low,low,low,high,low,low,high,high,high,high,high,high,high,high,high,high,high,high,medium,medium,high,low,high,high,low,low,medium,high,low,low,low,low,low,high,high,high,high,high,high,high,high,high,medium,low,low,low,high,medium,high,high,high,medium,high,low,low,medium,medium,medium,medium,medium,medium,medium,high,high,high,high,medium,medium,high,low,medium,low,medium,medium,medium
963,medium,high,high,low,high,high,low,high,high,high,high,high,low,high,high,low,low,high,high,high,medium,medium,low,medium,low,low,low,low,medium,medium,low,high,high,low,low,low,low,low,low,low,medium,low,low,low,low,low,medium,medium,medium,low,low,low,low,high,medium,high,high,medium,low,low,low,low,low,low,high,low,low,medium,medium,high,high,low,low,low,low,low,medium,high,low,low,medium,low,medium,low,low,low,low,low,medium,low,low,low,low,medium,medium,high,medium,high,medium,low
964,low,medium,high,low,low,high,medium,high,medium,low,medium,medium,medium,medium,medium,medium,medium,low,low,low,low,medium,medium,high,high,medium,high,medium,medium,medium,medium,high,high,low,low,medium,high,high,medium,medium,low,low,low,low,low,low,low,low,low,medium,medium,medium,low,high,high,medium,medium,medium,medium,low,low,low,low,low,medium,medium,medium,high,medium,medium,medium,low,low,low,medium,low,low,medium,medium,medium,low,medium,low,medium,low,low,low,low,low,low,medium,low,low,low,medium,high,low,high,high,medium
965,low,high,high,low,low,medium,high,high,high,low,low,low,medium,high,medium,high,high,high,medium,medium,low,low,high,medium,medium,high,medium,high,medium,low,high,low,low,medium,medium,medium,high,high,high,high,medium,medium,medium,low,low,medium,low,medium,medium,low,low,high,medium,medium,medium,medium,low,high,high,medium,medium,medium,medium,medium,medium,high,high,medium,medium,low,low,low,low,medium,high,medium,low,high,medium,low,low,medium,low,medium,low,low,medium,low,low,medium,medium,medium,medium,low,medium,high,high,high,high,low
966,medium,medium,medium,medium,low,medium,medium,low,medium,low,low,high,high,medium,low,high,low,high,high,high,high,high,low,low,low,low,low,low,low,high,low,low,high,low,low,high,medium,medium,medium,medium,low,low,low,low,low,low,low,low,low,low,low,high,low,high,high,high,medium,medium,medium,low,low,low,low,low,low,medium,medium,medium,low,medium,medium,low,low,low,low,low,medium,medium,high,high,low,low,low,low,low,low,low,low,medium,low,low,low,low,medium,high,high,medium,high,high,low
967,low,high,high,low,medium,high,low,high,high,medium,low,medium,low,high,high,high,high,low,medium,high,medium,high,high,medium,low,high,high,high,low,high,high,low,low,medium,medium,medium,high,high,high,high,medium,medium,high,medium,medium,medium,medium,high,medium,medium,medium,medium,medium,medium,medium,medium,medium,medium,medium,low,medium,medium,medium,medium,medium,medium,medium,medium,high,medium,medium,high,medium,high,medium,high,medium,high,low,low,high,medium,high,medium,medium,medium,medium,low,low,medium,medium,high,medium,low,low,low,low,low,low,high
968,high,low,low,low,medium,medium,low,low,medium,high,medium,medium,medium,high,high,high,high,medium,low,medium,medium,medium,high,high,high,medium,medium,high,medium,high,high,low,low,low,low,high,high,high,medium,medium,low,low,low,low,low,low,low,low,low,medium,medium,medium,low,medium,high,medium,medium,medium,medium,low,medium,medium,medium,low,medium,medium,medium,high,medium,low,low,medium,medium,high,medium,low,low,high,low,low,low,low,low,low,low,low,low,high,high,low,low,low,low,low,medium,medium,medium,high,high,low
969,high,high,medium,low,high,high,high,high,high,medium,low,low,low,low,low,low,low,high,high,high,high,low,low,low,low,low,low,low,medium,low,low,high,high,medium,low,high,medium,medium,medium,medium,medium,medium,low,low,low,low,low,high,high,low,low,high,low,high,high,high,high,low,medium,low,medium,low,low,low,low,medium,medium,high,low,high,high,high,low,high,medium,medium,high,high,high,medium,medium,medium,medium,medium,medium,medium,medium,high,high,medium,low,low,medium,high,high,medium,high,medium,medium,low
970,low,high,high,medium,low,medium,high,high,high,high,low,low,medium,low,high,medium,low,low,high,high,high,high,medium,low,medium,high,high,low,low,medium,medium,medium,medium,medium,medium,medium,medium,medium,medium,high,high,high,medium,medium,medium,medium,medium,high,high,low,low,low,medium,medium,medium,low,low,low,medium,high,high,medium,medium,medium,high,high,high,high,low,medium,medium,high,medium,high,medium,high,high,high,low,low,medium,medium,medium,medium,medium,medium,medium,low,low,medium,medium,medium,medium,medium,medium,low,high,high,high,low
971,medium,medium,medium,low,low,medium,high,medium,medium,medium,medium,low,low,medium,medium,medium,low,high,high,high,high,medium,low,low,low,low,low,low,medium,medium,low,high,high,high,high,medium,high,high,high,high,high,medium,medium,high,high,high,medium,high,high,high,high,medium,high,low,medium,medium,low,medium,high,medium,medium,high,high,high,high,high,high,high,high,medium,medium,high,medium,high,high,high,medium,high,low,low,high,medium,high,medium,medium,high,high,medium,medium,high,high,high,high,medium,low,high,low,medium,high,high
972,low,high,high,medium,medium,medium,medium,medium,medium,medium,low,high,medium,medium,high,low,low,medium,medium,medium,medium,medium,low,low,low,high,high,low,medium,medium,low,high,high,medium,low,high,high,high,high,high,medium,low,low,medium,medium,low,low,medium,low,medium,medium,medium,low,high,high,medium,low,low,high,medium,low,medium,low,low,medium,high,high,high,low,high,high,medium,medium,medium,medium,medium,medium,high,low,low,medium,low,medium,low,medium,medium,medium,low,low,medium,high,medium,medium,medium,medium,low,high,high,high,low
973,low,high,high,high,medium,medium,medium,medium,high,low,high,low,medium,medium,low,medium,high,medium,low,medium,medium,medium,high,high,high,medium,medium,high,high,medium,high,medium,medium,medium,low,high,high,high,high,high,high,medium,medium,low,low,low,low,medium,medium,low,low,medium,medium,medium,medium,medium,low,low,high,high,medium,low,medium,medium,medium,high,high,medium,low,high,high,low,low,low,medium,medium,medium,high,low,low,low,medium,low,medium,medium,medium,medium,low,low,medium,high,medium,medium,medium,low,medium,high,high,high,low
974,low,medium,medium,medium,low,low,medium,medium,medium,low,medium,low,low,high,high,low,high,medium,low,medium,low,low,high,medium,high,medium,high,high,high,low,high,medium,low,low,low,low,medium,medium,medium,medium,low,low,low,medium,medium,low,low,low,low,medium,medium,medium,low,medium,high,high,high,medium,medium,low,low,low,medium,low,medium,low,low,low,high,medium,medium,low,low,low,low,medium,medium,medium,medium,medium,low,low,low,low,low,low,low,low,low,low,low,low,low,medium,medium,low,medium,high,high,low
975,medium,low,low,medium,low,low,low,low,low,high,high,high,high,high,medium,low,low,low,medium,medium,medium,medium,low,low,medium,medium,medium,low,medium,medium,low,high,high,medium,medium,low,medium,medium,medium,medium,medium,medium,medium,medium,medium,medium,medium,medium,medium,medium,low,medium,medium,medium,low,low,medium,high,medium,high,high,medium,medium,medium,high,medium,medium,medium,low,medium,medium,medium,medium,medium,medium,medium,medium,low,medium,medium,medium,medium,medium,medium,medium,medium,medium,medium,medium,medium,low,medium,medium,low,low,high,low,medium,medium,medium
976,low,high,high,high,medium,medium,low,high,high,medium,medium,medium,low,medium,low,high,high,high,medium,medium,medium,medium,high,medium,medium,low,low,high,medium,medium,high,low,low,medium,medium,medium,low,low,low,medium,high,high,medium,medium,medium,medium,medium,high,high,low,low,high,low,medium,high,high,medium,medium,medium,medium,low,medium,medium,low,low,medium,medium,medium,medium,high,high,low,low,low,medium,medium,medium,high,low,low,low,medium,low,medium,medium,medium,medium,low,low,medium,medium,medium,medium,medium,high,low,medium,medium,medium,low
977,medium,low,low,medium,medium,medium,medium,low,low,low,low,medium,high,medium,medium,low,low,high,high,high,medium,medium,low,low,low,low,low,low,medium,medium,low,high,high,medium,low,high,high,high,high,high,medium,medium,low,low,low,low,low,medium,low,low,medium,medium,low,medium,medium,high,medium,high,medium,medium,medium,low,low,low,medium,medium,medium,low,low,medium,medium,medium,medium,medium,medium,medium,medium,low,high,high,low,low,low,low,low,low,medium,medium,medium,low,medium,low,low,medium,medium,medium,high,high,high,low
978,medium,low,medium,medium,low,medium,low,low,low,medium,medium,high,low,low,low,low,medium,medium,medium,medium,medium,low,medium,medium,medium,medium,medium,medium,high,low,medium,high,high,high,high,medium,high,high,high,high,high,high,high,high,high,high,high,high,high,high,high,high,high,low,low,low,low,high,high,medium,high,high,high,high,medium,high,high,medium,high,low,low,medium,medium,medium,high,medium,low,medium,high,high,high,high,high,high,high,high,high,medium,medium,high,high,high,high,medium,medium,medium,low,low,low,high
979,medium,high,high,medium,high,high,medium,high,high,low,low,medium,medium,high,high,low,low,high,high,high,medium,medium,low,medium,low,low,low,low,medium,low,low,high,high,low,low,high,high,high,high,medium,low,low,low,low,low,low,low,low,low,low,low,medium,low,high,high,high,medium,high,medium,low,low,low,low,low,medium,low,medium,medium,low,high,high,low,low,low,low,low,medium,high,low,low,low,low,low,low,low,low,low,medium,medium,low,medium,low,low,medium,medium,low,high,high,high,low
980,high,medium,medium,low,low,medium,low,low,medium,medium,medium,high,low,medium,medium,low,medium,high,medium,medium,medium,low,medium,medium,medium,medium,low,medium,high,low,medium,high,medium,high,medium,high,high,high,high,high,high,medium,high,medium,medium,medium,low,medium,medium,medium,medium,high,medium,medium,medium,medium,low,low,medium,medium,medium,medium,medium,medium,low,high,medium,high,medium,medium,medium,medium,medium,medium,high,medium,low,high,high,medium,high,medium,high,medium,medium,high,high,high,high,high,high,medium,medium,low,medium,medium,low,medium,medium,medium
981,medium,medium,medium,medium,medium,low,high,medium,medium,low,low,low,medium,medium,medium,low,low,medium,medium,low,low,low,low,medium,medium,high,high,low,high,low,low,high,high,medium,medium,high,high,high,high,high,medium,medium,medium,medium,medium,medium,low,medium,low,low,medium,high,medium,medium,medium,medium,medium,low,medium,high,medium,medium,medium,medium,low,medium,medium,high,low,low,low,high,low,high,medium,medium,medium,low,high,high,medium,medium,medium,medium,medium,medium,medium,medium,medium,medium,medium,low,medium,medium,high,medium,high,high,high,low
982,high,low,low,high,high,medium,medium,low,low,medium,high,medium,medium,low,low,medium,low,high,high,high,high,high,medium,low,low,high,medium,low,low,medium,medium,medium,medium,medium,medium,low,low,low,high,high,high,high,medium,medium,medium,medium,low,high,high,low,low,low,medium,medium,medium,low,low,medium,high,medium,high,low,medium,medium,high,high,high,medium,low,high,high,high,medium,high,high,medium,low,low,medium,high,medium,medium,medium,medium,medium,medium,medium,high,high,medium,medium,medium,medium,low,low,low,medium,medium,medium,low
983,high,high,high,low,low,medium,low,high,high,high,low,medium,low,high,high,medium,high,medium,medium,medium,low,low,high,medium,medium,low,medium,high,high,medium,high,medium,low,medium,medium,high,high,medium,medium,low,low,medium,medium,medium,medium,medium,medium,low,low,medium,medium,low,medium,medium,medium,high,medium,low,medium,medium,medium,medium,medium,medium,high,low,medium,low,medium,low,low,high,medium,high,high,low,low,high,low,low,medium,medium,medium,medium,medium,medium,medium,high,high,medium,medium,medium,medium,low,low,high,low,low,low,high
984,high,low,medium,low,medium,high,high,high,low,medium,high,medium,low,medium,medium,high,high,medium,high,high,medium,high,high,medium,medium,low,low,high,low,high,high,low,low,low,low,medium,medium,medium,low,low,low,low,low,low,low,low,low,low,low,medium,medium,medium,low,high,high,high,high,medium,low,low,low,low,low,low,medium,low,low,medium,low,medium,medium,medium,medium,medium,low,low,low,low,high,high,low,low,low,low,low,low,low,high,high,low,low,low,low,medium,high,low,high,high,high,low
985,medium,high,high,low,medium,high,low,high,high,low,medium,high,high,medium,high,high,low,medium,high,high,high,high,low,low,low,high,high,low,low,high,low,low,high,medium,low,high,medium,medium,medium,high,medium,medium,low,low,low,low,low,high,medium,low,low,high,low,high,high,medium,low,low,high,high,medium,low,low,low,low,high,high,high,low,medium,medium,low,low,low,medium,medium,medium,high,high,low,low,low,low,low,low,low,medium,medium,medium,medium,high,low,low,medium,high,medium,high,high,high,low
986,medium,medium,medium,medium,high,medium,low,medium,medium,medium,low,medium,medium,high,medium,high,low,high,medium,high,high,high,low,medium,medium,high,medium,low,low,high,low,low,medium,low,medium,medium,medium,low,low,low,low,low,medium,medium,medium,medium,high,low,low,high,high,high,low,medium,high,high,high,high,low,low,low,medium,medium,low,low,low,low,low,high,medium,medium,low,low,low,medium,low,low,low,high,high,low,medium,low,medium,medium,medium,low,medium,medium,low,low,medium,medium,low,high,high,low,low,low,high
987,high,high,high,low,medium,high,low,high,high,low,medium,medium,medium,medium,low,low,medium,medium,low,low,high,low,medium,medium,medium,high,high,medium,high,low,medium,high,high,high,medium,low,high,high,high,high,high,high,high,medium,medium,medium,medium,medium,high,medium,medium,high,medium,medium,low,low,medium,high,medium,medium,high,medium,medium,medium,medium,medium,medium,medium,medium,low,low,high,medium,high,high,medium,low,high,low,low,medium,high,medium,high,medium,medium,high,high,high,high,high,high,high,low,medium,high,medium,medium,medium,low
988,high,low,low,medium,low,low,medium,medium,low,low,high,high,high,low,medium,low,medium,high,medium,low,low,medium,medium,medium,medium,low,low,medium,high,medium,medium,medium,medium,medium,medium,high,high,medium,high,medium,medium,low,high,high,high,medium,medium,medium,low,high,high,high,medium,low,medium,high,medium,low,high,medium,medium,high,high,medium,medium,medium,medium,medium,high,medium,medium,high,medium,high,high,low,low,low,high,high,low,high,low,high,medium,medium,medium,high,high,medium,medium,medium,medium,low,medium,low,low,low,low,medium
989,low,low,low,low,high,medium,high,high,low,low,low,low,medium,high,high,low,high,low,low,low,low,low,high,high,high,medium,high,high,high,low,high,high,low,medium,medium,medium,high,medium,medium,medium,low,medium,medium,medium,medium,medium,medium,medium,low,high,high,high,medium,medium,high,high,medium,high,low,medium,medium,medium,medium,medium,low,medium,medium,medium,medium,medium,medium,medium,medium,medium,medium,low,low,low,high,high,low,medium,low,medium,medium,medium,medium,low,low,medium,medium,medium,medium,medium,high,high,low,high,high,medium
990,medium,low,low,medium,high,low,medium,medium,medium,medium,medium,medium,low,low,low,low,high,low,low,low,low,low,high,high,high,low,medium,high,high,low,high,high,low,medium,medium,medium,medium,high,medium,medium,medium,medium,medium,medium,medium,medium,medium,medium,medium,medium,medium,high,medium,medium,medium,medium,medium,low,high,medium,medium,medium,medium,medium,low,medium,medium,high,medium,medium,medium,low,low,low,medium,medium,high,low,high,high,medium,medium,medium,medium,medium,medium,medium,medium,medium,medium,medium,medium,medium,high,high,medium,medium,high,high,low
991,high,high,high,low,medium,high,low,high,high,medium,medium,medium,low,medium,medium,medium,low,medium,medium,high,high,medium,low,medium,low,medium,medium,low,low,medium,low,medium,high,low,low,low,medium,low,medium,low,low,low,low,low,low,low,low,low,low,low,low,medium,low,high,high,high,medium,low,low,low,low,low,low,low,medium,medium,medium,high,low,medium,medium,low,low,low,low,medium,high,medium,low,low,low,low,low,low,low,low,low,medium,high,low,low,low,low,medium,high,medium,medium,high,high,low
992,medium,high,high,low,low,medium,medium,high,high,low,low,medium,low,low,medium,medium,high,medium,medium,medium,low,medium,medium,high,high,high,high,high,medium,high,medium,medium,medium,high,high,high,high,high,medium,medium,high,high,high,high,high,high,medium,high,high,medium,high,medium,high,low,low,low,low,high,high,medium,medium,high,high,high,high,high,high,high,high,medium,medium,medium,medium,medium,high,high,medium,high,low,low,high,high,high,high,high,high,high,medium,medium,medium,medium,medium,high,low,low,low,low,medium,medium,high
993,low,high,high,medium,low,medium,low,high,medium,medium,low,low,high,low,medium,low,high,medium,low,low,low,low,medium,high,medium,medium,high,high,high,low,high,medium,medium,medium,high,medium,medium,high,high,high,medium,high,high,medium,medium,high,medium,medium,medium,medium,medium,medium,medium,medium,low,medium,low,high,high,medium,medium,medium,medium,medium,medium,high,high,medium,medium,medium,medium,medium,medium,medium,high,medium,medium,high,low,low,high,medium,high,medium,medium,high,medium,low,low,medium,high,high,medium,low,low,low,medium,medium,low,low
994,high,high,high,medium,low,medium,low,medium,medium,high,low,low,low,low,medium,high,medium,low,low,low,medium,high,high,high,medium,low,medium,medium,medium,high,high,low,medium,medium,medium,medium,medium,medium,low,high,high,high,medium,medium,medium,medium,medium,high,high,medium,medium,medium,medium,medium,low,low,low,low,high,high,medium,medium,medium,medium,medium,high,high,medium,low,medium,medium,medium,medium,high,high,medium,medium,high,low,low,high,medium,high,medium,medium,high,medium,high,high,medium,medium,medium,medium,medium,low,high,medium,medium,medium,low
995,medium,high,high,low,low,low,high,high,high,medium,low,low,high,high,medium,high,low,high,high,high,high,high,medium,medium,medium,medium,medium,low,low,high,medium,low,medium,low,low,medium,medium,low,low,low,low,low,low,low,low,low,medium,medium,medium,low,low,low,low,high,high,high,high,high,low,low,low,low,low,low,high,low,low,low,medium,medium,medium,low,low,low,low,medium,high,high,low,low,low,low,low,low,low,low,low,low,medium,low,low,low,low,high,medium,high,medium,medium,medium,low
996,low,medium,low,high,low,low,low,low,low,low,high,low,low,high,high,high,low,high,medium,high,high,high,medium,medium,medium,medium,low,low,low,high,medium,low,medium,medium,high,medium,low,low,low,medium,medium,medium,medium,high,high,high,high,high,high,high,high,high,high,low,medium,medium,medium,high,high,medium,medium,high,high,high,low,medium,medium,medium,high,high,high,medium,medium,medium,low,high,high,medium,high,high,high,medium,high,medium,high,high,medium,low,low,medium,low,high,high,high,high,high,low,low,low,high
997,low,high,high,medium,low,high,low,high,high,medium,medium,high,low,low,low,medium,low,high,high,high,high,high,medium,low,low,medium,low,low,low,high,low,medium,high,low,low,medium,high,high,medium,low,low,low,low,low,low,low,low,low,low,low,low,medium,low,high,high,high,high,low,low,low,low,low,low,low,medium,low,low,high,low,medium,medium,low,low,low,low,low,medium,medium,low,low,low,low,low,low,low,low,low,low,low,low,medium,low,low,low,high,low,medium,high,high,low
998,medium,high,high,medium,medium,medium,medium,high,high,low,low,medium,medium,low,high,medium,low,low,low,low,medium,high,low,low,medium,medium,medium,low,medium,high,low,medium,high,low,low,high,medium,medium,medium,medium,medium,medium,low,low,low,low,low,low,medium,low,low,medium,low,high,medium,medium,medium,medium,medium,low,medium,low,low,low,medium,medium,medium,medium,low,medium,medium,low,low,low,low,medium,high,high,low,low,medium,low,medium,low,low,low,low,low,medium,medium,medium,low,low,medium,medium,high,high,high,high,low
999,low,low,low,high,high,high,medium,low,low,low,low,low,low,low,low,high,low,low,medium,medium,high,high,low,low,medium,medium,medium,low,low,high,low,low,high,high,high,high,medium,medium,medium,high,high,high,high,high,high,high,high,high,high,medium,medium,high,high,low,low,low,medium,low,high,high,high,high,high,high,medium,high,medium,low,medium,medium,medium,medium,medium,medium,high,high,high,medium,high,high,high,high,high,high,high,high,high,medium,low,high,high,high,high,high,high,low,high,low,low,low
1000,high,low,medium,high,high,high,medium,low,low,medium,medium,low,medium,low,high,high,medium,low,low,medium,high,high,medium,high,high,high,high,medium,low,high,medium,medium,medium,low,low,medium,low,low,low,low,low,low,low,low,low,low,medium,low,low,low,low,low,low,high,high,high,high,medium,low,low,low,low,low,low,high,low,low,medium,low,low,low,low,low,medium,low,low,low,low,medium,high,low,low,low,low,low,low,low,medium,high,low,low,low,low,low,high,low,medium,medium,high,low
1001,medium,medium,low,high,medium,medium,low,low,low,low,medium,low,medium,medium,medium,high,low,medium,medium,low,high,high,low,medium,medium,low,low,low,low,high,low,low,high,low,low,low,low,low,low,low,low,medium,medium,low,low,low,high,low,low,medium,medium,low,low,medium,high,high,high,high,low,medium,low,low,low,low,high,low,low,low,medium,medium,medium,medium,medium,medium,low,medium,high,low,medium,medium,medium,low,medium,low,medium,low,low,medium,medium,low,low,medium,low,high,medium,low,low,low,low,medium
1002,low,low,medium,high,high,low,low,medium,low,low,low,low,high,medium,high,high,low,high,high,high,high,high,medium,low,medium,low,low,low,low,medium,low,medium,medium,low,low,medium,low,low,low,low,low,low,low,low,low,low,medium,low,low,medium,low,low,low,high,high,high,high,medium,low,low,low,low,low,low,medium,low,low,medium,medium,low,low,low,low,low,low,low,medium,medium,medium,medium,low,low,low,low,low,low,low,low,low,low,low,low,low,medium,medium,low,medium,high,high,low
1003,medium,high,high,medium,low,medium,high,high,high,high,low,low,low,medium,low,low,high,low,low,low,low,low,medium,high,high,high,high,high,high,low,high,high,medium,medium,high,low,low,low,low,low,low,high,high,high,high,high,high,low,low,high,medium,medium,high,low,low,high,high,low,low,high,high,high,high,high,high,low,low,low,high,low,low,medium,medium,medium,high,medium,low,high,low,low,high,high,high,high,high,high,medium,high,medium,high,low,high,high,low,low,low,low,low,low,medium
1004,high,medium,medium,high,high,medium,medium,low,low,low,medium,medium,high,high,high,medium,low,high,medium,medium,high,high,medium,medium,medium,low,low,low,low,high,low,medium,high,low,low,medium,low,low,low,low,low,low,low,low,low,low,medium,low,low,low,low,low,low,high,high,high,medium,low,low,low,low,low,low,low,high,low,low,high,low,medium,medium,high,medium,high,low,low,low,low,medium,medium,medium,low,medium,low,low,low,low,high,high,low,low,low,low,low,medium,low,medium,high,high,low
1005,low,high,high,low,low,medium,low,high,high,medium,low,low,low,low,low,medium,medium,low,medium,medium,medium,medium,medium,high,high,medium,high,medium,medium,medium,medium,medium,medium,high,high,low,low,low,low,low,low,medium,high,high,high,high,high,low,low,high,high,medium,high,low,medium,high,high,high,low,low,low,high,high,high,high,low,low,low,high,low,low,medium,medium,medium,high,high,high,high,low,low,high,high,high,high,high,high,high,low,low,high,high,high,high,medium,low,low,low,low,low,high
1006,low,low,medium,medium,low,high,low,low,medium,low,low,low,low,medium,high,medium,high,low,low,low,low,low,high,high,high,low,medium,high,high,low,high,medium,low,high,high,medium,high,high,high,medium,high,high,high,high,high,high,high,high,high,medium,medium,high,high,low,low,medium,low,low,high,high,high,high,high,high,medium,high,high,low,high,medium,medium,medium,medium,medium,high,low,low,medium,high,medium,high,high,high,high,high,high,high,low,low,high,medium,high,high,low,medium,medium,low,medium,medium,high
1007,medium,high,high,low,medium,medium,low,medium,high,medium,low,low,low,medium,medium,low,medium,high,medium,medium,low,low,low,high,high,high,medium,medium,high,low,medium,high,high,medium,low,high,medium,medium,medium,low,medium,medium,low,low,low,low,low,low,medium,low,low,medium,low,medium,medium,medium,high,high,medium,low,medium,low,low,low,medium,medium,medium,low,low,low,low,low,low,low,low,medium,medium,high,low,low,medium,low,medium,low,medium,medium,low,medium,medium,low,medium,medium,low,high,medium,low,medium,medium,medium,low
1008,low,high,medium,high,medium,low,high,low,medium,low,high,low,low,high,medium,low,low,low,high,high,medium,medium,low,medium,medium,low,low,low,medium,medium,low,high,high,medium,medium,high,medium,medium,low,low,low,medium,high,high,high,medium,high,low,low,high,high,high,medium,medium,high,medium,medium,medium,medium,low,high,medium,medium,medium,low,medium,medium,high,medium,high,high,low,low,low,low,high,high,medium,high,high,medium,high,medium,high,medium,high,medium,low,low,medium,medium,high,medium,high,high,medium,low,low,low,high
1009,low,low,low,medium,medium,low,medium,medium,medium,low,high,medium,high,high,high,low,low,medium,high,high,medium,low,low,low,low,medium,medium,low,medium,low,low,high,high,high,medium,medium,medium,medium,high,high,high,high,medium,medium,medium,medium,low,high,high,low,low,high,medium,high,medium,medium,low,medium,high,medium,low,medium,medium,medium,medium,high,high,high,low,low,low,low,low,medium,high,high,medium,low,high,high,high,medium,high,medium,medium,high,high,medium,low,medium,high,medium,medium,high,high,low,high,high,high,low
1010,low,high,high,medium,low,low,low,high,high,low,medium,medium,low,medium,high,high,low,high,high,high,high,high,low,medium,medium,high,medium,low,low,high,low,low,high,medium,medium,high,high,high,high,high,high,medium,medium,medium,medium,medium,low,high,medium,low,medium,high,medium,medium,medium,medium,high,high,medium,medium,medium,low,medium,medium,low,medium,low,low,medium,low,low,low,low,medium,medium,high,high,high,low,low,high,medium,high,medium,medium,medium,medium,low,low,medium,high,medium,medium,high,medium,low,low,medium,medium,medium
1011,low,low,low,high,high,medium,low,low,high,high,high,medium,high,high,high,low,low,high,medium,low,low,low,low,low,low,low,low,low,high,low,low,high,high,medium,low,high,high,high,high,high,medium,medium,medium,low,low,low,low,medium,medium,low,low,high,medium,medium,low,low,low,low,high,high,high,medium,medium,medium,medium,high,high,medium,low,low,low,low,low,medium,high,low,low,medium,high,high,medium,low,medium,low,low,low,low,low,low,low,medium,low,low,low,low,low,low,medium,medium,medium
1012,medium,high,high,medium,medium,medium,high,high,high,medium,low,low,medium,low,low,high,medium,high,high,high,high,medium,high,medium,low,medium,medium,medium,low,medium,medium,low,low,medium,medium,high,high,high,high,high,medium,medium,medium,medium,medium,medium,low,medium,low,medium,medium,high,medium,medium,high,medium,medium,high,high,low,low,low,medium,medium,low,high,high,low,low,medium,medium,low,low,low,high,medium,low,high,medium,low,medium,medium,medium,medium,medium,medium,medium,medium,medium,medium,high,low,medium,low,medium,high,high,high,high,low
1013,low,medium,high,high,low,high,medium,low,high,low,high,medium,low,medium,high,high,high,high,medium,medium,medium,high,high,medium,medium,medium,medium,high,medium,high,high,low,low,medium,medium,medium,medium,medium,high,medium,high,medium,medium,low,low,medium,low,high,high,low,low,medium,medium,high,medium,medium,low,low,medium,medium,medium,low,low,medium,medium,high,high,medium,low,low,low,low,low,low,high,low,low,high,low,low,low,medium,low,medium,medium,medium,medium,low,low,medium,high,medium,medium,low,low,high,medium,medium,high,low
1014,low,low,low,high,high,low,high,medium,low,low,high,medium,high,high,low,high,high,medium,low,medium,medium,medium,high,high,high,high,high,high,medium,medium,high,low,low,high,high,medium,medium,medium,medium,medium,medium,high,high,high,high,high,high,medium,high,high,high,high,high,low,medium,low,medium,high,medium,medium,high,high,high,high,low,high,medium,high,high,high,high,medium,medium,medium,medium,high,high,medium,high,high,high,high,high,high,high,high,high,low,low,high,high,high,high,high,high,high,low,low,low,high
1015,low,low,low,medium,medium,high,low,low,low,low,high,low,low,medium,high,low,high,low,low,low,low,low,high,medium,medium,medium,medium,high,high,low,high,high,medium,low,low,high,high,high,medium,medium,low,low,low,low,low,low,low,medium,low,medium,medium,low,low,high,high,medium,medium,medium,medium,low,low,low,low,low,low,medium,medium,low,low,low,low,medium,medium,high,medium,low,low,low,high,high,medium,low,medium,low,medium,medium,low,low,low,low,medium,medium,low,medium,high,medium,medium,high,high,low
1016,medium,medium,high,high,medium,high,medium,medium,medium,high,low,low,high,medium,high,medium,low,medium,high,high,high,high,low,low,low,low,low,low,medium,high,low,medium,high,medium,medium,high,medium,medium,medium,medium,medium,low,medium,medium,medium,medium,medium,high,medium,medium,high,low,medium,medium,high,medium,low,low,medium,low,medium,medium,medium,medium,high,medium,medium,high,medium,medium,medium,low,low,low,high,medium,low,medium,low,low,medium,low,medium,low,medium,medium,medium,high,medium,medium,medium,medium,medium,low,low,high,medium,high,high,low
1017,medium,medium,medium,medium,medium,low,medium,high,medium,low,high,high,medium,low,low,high,medium,medium,high,high,high,high,high,medium,medium,medium,medium,medium,low,high,medium,low,low,low,low,high,medium,medium,low,medium,low,low,low,low,low,low,low,medium,low,medium,medium,high,low,high,high,high,medium,low,medium,low,medium,low,low,low,low,medium,medium,high,medium,low,low,medium,medium,high,low,low,medium,medium,high,high,low,low,low,low,low,low,low,medium,medium,low,medium,low,low,medium,high,low,high,high,high,low
1018,low,medium,medium,medium,high,high,low,low,low,low,medium,high,high,low,medium,medium,low,medium,high,high,high,medium,low,low,low,low,low,low,low,medium,low,medium,high,medium,medium,low,high,high,high,high,high,medium,medium,medium,medium,medium,low,high,high,low,medium,medium,medium,medium,medium,medium,medium,low,high,low,medium,medium,medium,medium,medium,high,high,high,medium,high,high,low,low,low,medium,high,high,low,medium,medium,medium,medium,medium,medium,medium,medium,medium,low,low,medium,medium,medium,medium,high,medium,medium,high,medium,medium,low
1019,medium,high,high,medium,low,low,medium,high,high,medium,medium,low,low,medium,high,high,medium,high,high,medium,high,high,high,medium,medium,low,low,medium,low,high,medium,low,low,low,low,low,medium,medium,high,medium,low,low,low,low,low,low,low,low,low,low,medium,medium,low,high,high,high,medium,high,low,low,low,medium,low,low,low,low,medium,medium,medium,medium,medium,low,low,low,medium,low,medium,high,medium,low,low,low,low,low,low,low,low,medium,medium,low,medium,low,low,medium,medium,high,medium,high,high,low
1020,medium,medium,high,low,high,high,medium,low,medium,medium,high,high,low,low,medium,high,medium,medium,low,medium,high,high,medium,high,high,high,medium,medium,low,high,medium,low,medium,medium,medium,high,medium,medium,high,high,high,medium,medium,low,low,medium,low,high,high,low,low,medium,medium,medium,medium,medium,low,low,medium,high,medium,medium,medium,medium,medium,high,high,high,low,high,high,low,low,low,high,medium,low,high,low,low,low,medium,low,medium,low,low,medium,medium,medium,medium,medium,low,medium,low,medium,medium,high,high,high,low
1021,medium,high,high,medium,medium,high,medium,high,high,medium,medium,medium,low,low,medium,low,medium,low,low,low,low,low,medium,high,high,high,high,medium,high,medium,medium,high,high,high,high,medium,high,high,medium,high,high,high,high,high,high,high,high,high,high,medium,medium,medium,high,low,medium,low,low,medium,high,high,high,high,high,high,high,high,high,low,high,medium,medium,low,low,low,medium,high,high,high,low,low,high,high,high,high,high,high,high,medium,medium,high,medium,high,high,high,low,low,low,medium,medium,high
1022,medium,medium,high,high,high,low,medium,medium,high,medium,medium,medium,low,medium,high,medium,medium,low,medium,low,medium,medium,low,medium,medium,low,low,medium,medium,medium,low,medium,high,medium,low,medium,high,medium,high,high,medium,medium,medium,medium,medium,low,low,low,low,medium,medium,medium,medium,high,medium,medium,medium,low,medium,low,medium,medium,low,medium,medium,medium,medium,high,low,medium,medium,medium,medium,high,medium,medium,low,high,low,low,medium,medium,medium,medium,medium,medium,medium,medium,medium,medium,high,medium,medium,low,medium,low,high,high,high,low
1023,low,medium,high,low,medium,medium,high,medium,medium,high,high,low,low,medium,high,medium,medium,medium,low,medium,medium,medium,medium,high,medium,medium,medium,medium,medium,high,medium,medium,medium,high,high,medium,medium,high,high,high,high,medium,high,high,high,high,high,medium,high,high,high,low,high,low,medium,medium,low,low,high,high,medium,high,high,high,high,high,high,low,high,high,high,low,low,low,high,high,low,high,low,low,low,high,low,high,high,high,high,low,low,high,high,high,high,low,low,high,low,medium,medium,high
1024,low,high,low,medium,high,low,low,high,high,low,medium,medium,low,medium,low,medium,high,low,low,low,low,low,high,medium,high,high,high,high,high,low,high,medium,low,high,high,medium,medium,high,high,high,high,high,high,high,high,high,high,high,high,high,high,high,high,low,low,low,low,low,high,high,high,high,high,high,low,high,high,high,high,medium,medium,low,low,low,high,high,high,high,high,high,high,high,high,high,high,high,high,low,low,high,high,high,high,high,high,low,low,low,low,high
1025,medium,low,low,low,high,high,medium,medium,low,medium,high,medium,medium,low,low,medium,medium,high,high,medium,medium,high,medium,medium,medium,low,low,medium,low,high,medium,low,medium,high,high,medium,high,high,high,high,high,high,high,high,high,high,high,high,high,high,high,high,high,low,low,low,low,high,high,high,high,high,high,high,medium,high,high,low,high,low,low,high,medium,high,high,high,high,low,high,high,medium,high,medium,high,high,high,high,medium,medium,high,high,high,high,high,high,high,low,medium,medium,high
1026,medium,high,high,medium,medium,medium,medium,medium,high,low,medium,medium,medium,low,low,high,medium,low,low,low,medium,high,medium,medium,high,high,high,medium,low,high,high,low,medium,high,medium,medium,high,high,high,high,high,high,medium,low,low,medium,low,high,high,low,low,high,medium,high,medium,medium,low,low,high,high,medium,low,low,medium,low,high,high,high,low,medium,medium,medium,medium,medium,high,high,high,high,high,medium,low,medium,low,medium,medium,medium,high,medium,medium,medium,high,low,medium,high,high,high,high,high,high,low
1027,high,medium,high,medium,high,high,low,medium,medium,medium,low,medium,medium,medium,medium,high,high,low,low,low,low,medium,high,high,high,high,high,high,medium,medium,high,low,low,low,low,medium,medium,medium,medium,medium,medium,low,low,low,low,low,low,medium,medium,low,low,medium,low,high,high,high,medium,low,medium,medium,low,low,low,low,medium,medium,medium,low,low,medium,medium,medium,medium,medium,medium,low,medium,low,low,medium,low,low,low,medium,low,low,low,high,high,medium,medium,low,low,low,medium,low,high,high,high,low
1028,low,low,medium,low,high,high,low,medium,low,low,low,high,medium,high,high,medium,medium,low,medium,medium,medium,medium,medium,low,low,high,high,medium,medium,medium,medium,medium,medium,high,high,high,high,high,high,high,high,high,high,high,high,high,high,high,high,high,high,high,high,low,low,low,low,medium,high,high,high,high,high,high,high,high,high,low,high,medium,medium,high,medium,high,high,high,low,medium,high,medium,high,high,high,high,high,high,high,low,low,high,high,high,high,low,low,high,low,low,low,high
1029,low,low,low,medium,medium,high,medium,medium,low,low,high,medium,high,medium,high,medium,medium,medium,low,medium,medium,low,medium,medium,high,medium,medium,medium,medium,medium,medium,medium,medium,medium,medium,high,high,high,high,high,high,medium,medium,medium,medium,medium,low,high,medium,low,low,high,medium,medium,medium,medium,low,low,high,high,medium,medium,medium,medium,low,high,high,medium,low,high,high,low,low,low,high,medium,low,medium,high,high,medium,medium,medium,medium,medium,medium,medium,low,low,medium,high,low,medium,low,medium,high,medium,high,high,low
1030,high,medium,low,low,medium,high,high,medium,low,high,high,high,medium,medium,high,medium,medium,high,high,high,high,medium,medium,medium,high,medium,medium,medium,medium,medium,medium,medium,medium,high,high,high,high,high,high,medium,high,high,high,medium,medium,high,medium,medium,high,medium,medium,low,medium,medium,medium,low,low,low,medium,high,high,medium,medium,medium,low,high,high,medium,low,high,high,low,low,low,high,low,low,low,medium,high,high,medium,high,medium,high,high,high,high,high,high,high,medium,high,low,low,high,medium,medium,medium,low
1031,high,high,medium,high,low,low,high,medium,medium,medium,high,low,high,medium,high,low,medium,high,high,high,low,low,medium,low,low,medium,low,medium,high,low,medium,high,medium,high,medium,medium,high,medium,high,high,high,medium,medium,high,high,medium,medium,high,high,high,high,high,high,low,low,high,medium,high,medium,high,high,high,high,high,medium,medium,medium,medium,high,low,low,low,low,medium,medium,high,high,high,high,medium,medium,high,medium,high,medium,medium,high,high,high,medium,medium,medium,medium,medium,high,medium,high,high,high,low
1032,medium,low,medium,low,low,medium,medium,medium,medium,low,high,medium,high,medium,medium,low,low,low,medium,medium,high,high,low,low,medium,high,high,low,low,high,low,medium,high,high,medium,high,high,high,high,high,high,high,high,medium,medium,medium,low,high,high,low,low,high,medium,medium,medium,medium,low,low,high,medium,medium,medium,medium,medium,low,medium,high,high,medium,high,high,low,low,low,high,medium,low,medium,high,high,high,medium,high,medium,high,high,high,high,medium,high,high,high,high,low,high,low,high,high,high,low
1033,medium,high,high,high,high,medium,high,low,high,medium,high,medium,low,high,medium,high,medium,high,high,high,high,medium,high,medium,low,low,low,medium,low,medium,medium,medium,low,medium,low,high,high,high,high,high,medium,low,low,low,low,low,low,medium,low,low,low,medium,low,high,high,medium,medium,low,medium,low,low,low,low,low,low,medium,medium,high,low,high,high,high,medium,medium,medium,medium,medium,medium,medium,medium,medium,low,medium,low,low,low,medium,high,medium,medium,high,medium,medium,high,medium,low,medium,high,high,low
1034,medium,medium,low,low,high,high,medium,low,low,low,medium,high,medium,low,low,high,high,high,medium,high,medium,low,high,medium,medium,low,low,high,medium,medium,high,low,low,high,high,high,high,high,high,high,high,high,high,high,high,high,high,high,high,high,high,medium,high,low,low,low,low,high,high,high,high,high,high,high,high,high,high,low,high,low,low,high,medium,high,medium,high,high,medium,medium,medium,high,high,high,high,high,high,high,high,medium,high,high,high,high,high,low,high,low,low,low,high
1035,low,low,low,medium,medium,low,low,low,low,low,low,low,high,high,low,medium,low,high,medium,medium,medium,high,low,medium,high,medium,medium,low,low,high,low,low,medium,high,high,low,low,low,high,high,high,high,high,high,high,high,medium,high,high,medium,medium,high,high,low,low,low,medium,medium,high,high,high,high,high,high,low,high,high,medium,low,medium,medium,low,low,low,high,high,high,low,high,high,high,high,high,high,high,high,high,medium,low,high,high,high,high,high,high,medium,low,high,high,medium
1036,low,high,high,medium,high,high,medium,medium,high,low,low,low,medium,high,high,high,medium,medium,low,low,high,high,medium,high,medium,high,high,medium,low,high,low,low,low,high,high,high,high,high,high,high,high,high,high,medium,medium,high,medium,high,high,medium,medium,medium,high,medium,low,low,low,low,high,high,high,medium,medium,high,high,high,high,medium,low,medium,medium,medium,medium,medium,high,high,high,medium,low,low,high,high,high,high,high,high,high,medium,low,high,high,high,high,high,low,high,medium,medium,high,low
1037,medium,high,high,high,low,high,medium,high,high,high,high,high,medium,low,high,high,medium,medium,high,high,medium,high,high,medium,low,low,low,medium,low,high,medium,low,low,low,low,low,medium,medium,high,medium,low,low,low,low,low,low,low,low,low,medium,medium,medium,low,high,high,high,medium,high,medium,low,low,low,low,low,medium,medium,medium,medium,low,low,low,low,low,low,low,medium,high,high,low,low,low,low,low,low,low,low,low,medium,medium,medium,medium,low,low,high,medium,high,high,high,high,low
1038,high,medium,low,low,low,low,high,high,high,high,medium,low,low,low,low,high,high,low,low,low,low,medium,high,high,high,high,high,high,high,medium,high,low,low,medium,high,low,low,low,medium,medium,medium,low,low,high,high,high,high,high,medium,high,high,high,medium,medium,high,high,high,low,medium,medium,low,high,medium,medium,low,low,low,high,high,high,high,high,medium,medium,low,high,high,medium,high,high,medium,high,medium,high,medium,high,medium,high,high,medium,low,high,medium,high,high,low,low,low,low,high
1039,high,high,high,low,medium,high,medium,high,high,low,low,low,low,low,low,low,high,low,low,low,low,low,medium,high,high,high,high,high,high,low,high,high,medium,high,medium,low,low,low,low,high,high,high,medium,medium,medium,medium,medium,high,high,low,low,medium,medium,medium,low,low,low,medium,high,high,high,medium,medium,medium,medium,high,high,medium,low,medium,medium,high,medium,high,high,high,medium,low,low,high,medium,medium,medium,medium,medium,medium,high,high,high,medium,medium,medium,medium,medium,high,medium,low,medium,medium,medium
1040,low,low,low,high,low,low,high,medium,high,high,low,high,high,low,low,medium,high,medium,low,low,low,low,high,high,high,high,high,high,high,low,high,medium,low,high,high,low,low,low,medium,high,high,high,high,high,high,high,high,high,high,medium,medium,high,high,low,low,low,low,medium,high,high,high,high,high,high,low,high,high,high,medium,high,high,high,high,high,high,high,high,low,high,high,high,high,high,high,high,high,high,low,low,high,high,high,high,high,high,low,low,low,low,medium
1041,low,low,low,low,low,low,medium,high,medium,low,low,medium,low,low,low,high,high,low,low,low,low,medium,high,high,high,high,high,high,medium,high,high,low,low,high,high,low,low,medium,high,high,high,high,high,high,high,high,high,high,high,high,high,high,high,low,low,low,low,medium,high,high,high,high,high,high,low,high,high,high,high,high,high,high,medium,medium,high,high,high,low,high,high,high,high,high,high,high,high,high,high,low,high,high,high,high,high,high,medium,low,low,low,high
1042,low,low,low,high,medium,low,medium,medium,low,low,medium,medium,high,medium,low,medium,high,low,low,low,low,medium,high,high,high,high,high,high,medium,medium,high,medium,medium,high,high,high,high,high,high,high,high,high,high,high,high,high,high,high,high,high,high,low,high,low,low,medium,low,low,high,high,medium,high,high,high,low,high,high,medium,high,high,high,high,low,high,medium,high,high,low,medium,high,high,high,high,high,high,high,high,low,low,high,high,high,high,high,high,low,low,low,low,high
1043,high,low,low,medium,medium,low,high,high,high,medium,medium,low,high,low,low,medium,medium,low,low,low,low,high,medium,high,medium,high,high,medium,medium,high,medium,medium,medium,high,high,high,high,medium,medium,medium,medium,medium,high,high,high,high,high,medium,medium,high,high,high,high,low,medium,medium,medium,medium,medium,medium,high,high,high,high,low,medium,medium,high,high,high,high,low,low,low,medium,high,high,high,high,low,high,high,high,high,high,high,high,high,high,high,high,high,high,high,low,medium,low,low,low,high
1044,low,low,low,high,medium,low,medium,low,low,low,low,high,high,high,low,medium,low,low,high,high,high,medium,medium,low,low,high,high,low,low,low,low,high,high,high,high,medium,medium,medium,medium,medium,medium,low,high,high,high,high,high,low,low,high,high,high,high,low,high,high,high,high,low,low,high,high,high,high,low,low,low,high,high,high,high,medium,medium,medium,medium,high,high,low,high,high,high,high,high,high,high,high,high,low,low,high,high,high,high,high,high,medium,low,low,low,high
1045,low,medium,low,high,high,medium,high,medium,low,low,medium,low,high,medium,high,low,low,low,low,low,medium,low,low,low,low,medium,medium,low,high,low,low,high,high,medium,medium,medium,high,high,medium,medium,medium,medium,medium,medium,medium,medium,low,high,medium,low,low,low,medium,high,medium,low,low,low,high,medium,low,low,low,medium,low,high,high,medium,low,medium,medium,low,low,low,medium,high,high,low,medium,high,medium,low,medium,low,low,low,medium,low,low,medium,medium,medium,medium,high,high,low,medium,medium,high,low
1046,high,high,high,medium,low,medium,medium,medium,high,low,medium,medium,medium,medium,low,high,medium,low,low,low,medium,high,high,high,high,high,high,medium,low,high,high,low,medium,medium,low,high,high,high,high,high,medium,low,medium,low,low,low,low,high,medium,low,low,high,low,high,medium,high,medium,high,medium,low,low,low,low,low,low,low,medium,low,medium,low,low,high,medium,high,medium,medium,medium,high,high,medium,medium,low,medium,low,low,low,medium,high,high,medium,medium,low,low,medium,high,medium,high,high,high,low
1047,low,low,low,medium,medium,high,low,low,low,medium,medium,high,medium,high,medium,medium,medium,medium,medium,medium,medium,low,medium,low,low,high,high,medium,medium,low,medium,medium,low,medium,medium,medium,low,medium,medium,medium,high,high,high,medium,medium,medium,medium,high,high,medium,low,medium,medium,medium,low,low,low,low,high,high,high,medium,medium,medium,medium,high,high,medium,low,medium,medium,low,low,low,high,medium,low,low,medium,high,medium,medium,medium,high,medium,high,medium,low,low,medium,medium,medium,medium,low,medium,medium,low,medium,medium,medium
1048,low,medium,medium,low,high,high,low,medium,medium,low,low,high,high,medium,medium,low,medium,high,medium,medium,medium,low,medium,low,high,medium,medium,medium,high,low,medium,high,medium,low,medium,low,low,medium,low,low,low,low,medium,medium,medium,medium,medium,low,low,high,high,low,low,medium,medium,high,high,medium,medium,low,low,medium,medium,low,medium,low,low,medium,medium,medium,medium,low,low,low,medium,low,medium,medium,medium,medium,medium,medium,medium,medium,medium,medium,low,low,low,low,low,medium,low,low,medium,low,low,low,low,high
1049,low,low,low,medium,high,low,low,low,high,high,high,high,medium,low,low,medium,high,low,low,low,low,low,high,high,high,medium,medium,high,high,low,high,medium,low,high,high,medium,low,medium,high,high,medium,high,high,high,high,high,high,medium,medium,high,high,high,high,low,low,medium,medium,high,medium,medium,high,high,high,high,low,medium,medium,low,high,high,high,medium,medium,medium,high,high,low,medium,high,high,high,high,high,high,high,high,high,medium,low,high,high,high,high,low,high,low,low,low,low,high
1050,medium,high,high,medium,high,high,low,medium,high,low,high,high,medium,medium,high,low,medium,low,low,medium,medium,low,high,medium,medium,low,medium,medium,high,low,high,high,medium,medium,medium,medium,low,medium,medium,medium,high,medium,medium,medium,medium,medium,medium,high,high,low,low,medium,medium,medium,low,low,medium,high,high,high,medium,medium,medium,medium,high,medium,medium,low,medium,low,low,low,low,low,medium,high,high,low,low,high,medium,medium,medium,medium,medium,medium,medium,medium,medium,medium,medium,medium,medium,high,high,low,medium,medium,medium,low
1051,low,high,high,high,high,high,medium,medium,medium,low,low,low,low,low,low,high,high,high,medium,low,low,high,high,high,high,medium,medium,high,high,high,high,low,low,low,medium,low,low,low,low,low,medium,low,low,low,low,medium,medium,medium,medium,low,low,low,medium,high,medium,medium,low,low,medium,low,medium,medium,low,medium,high,medium,medium,high,low,medium,medium,medium,medium,medium,low,medium,medium,high,low,low,low,medium,low,medium,low,low,low,low,low,low,low,low,low,high,medium,low,medium,medium,medium,low
1052,high,low,low,high,high,high,high,medium,low,medium,low,low,low,low,medium,medium,medium,low,low,low,medium,medium,low,medium,low,medium,high,medium,medium,medium,low,high,high,medium,medium,medium,medium,medium,medium,medium,medium,medium,medium,low,low,medium,medium,high,medium,low,low,low,medium,medium,medium,medium,low,low,high,high,high,medium,medium,medium,high,high,high,high,low,high,high,low,low,low,medium,medium,medium,medium,medium,medium,medium,low,medium,low,medium,medium,medium,high,high,medium,low,medium,medium,medium,low,high,high,medium,medium,low
1053,high,high,high,high,high,high,medium,high,high,medium,low,low,medium,low,high,medium,medium,low,medium,low,high,medium,medium,low,medium,medium,high,medium,low,medium,low,low,medium,medium,medium,low,low,medium,medium,medium,medium,medium,medium,low,low,medium,medium,medium,medium,low,low,low,low,high,medium,medium,medium,low,medium,medium,medium,low,low,low,high,medium,medium,high,low,medium,medium,high,medium,high,low,medium,high,high,low,low,medium,medium,medium,medium,medium,medium,medium,high,high,medium,low,low,medium,high,low,high,medium,medium,medium,low
1054,medium,high,high,low,medium,high,high,high,medium,low,low,low,low,medium,medium,medium,low,medium,high,medium,low,high,medium,low,medium,medium,medium,low,low,high,medium,low,medium,low,low,low,low,low,low,low,low,low,low,low,low,low,low,medium,medium,low,low,low,low,high,medium,high,medium,high,medium,low,low,low,low,low,medium,medium,medium,medium,low,low,low,low,low,low,low,low,medium,high,low,low,low,low,low,low,low,low,low,medium,medium,low,low,low,low,low,medium,low,medium,high,high,low
1055,low,low,low,low,medium,medium,low,low,medium,low,low,low,low,high,medium,medium,high,low,low,low,medium,low,high,high,high,high,high,high,high,low,high,medium,low,high,high,low,low,low,low,medium,high,high,high,high,high,high,high,high,high,medium,medium,low,high,low,low,high,medium,high,high,high,high,high,high,high,high,medium,medium,low,high,medium,medium,high,medium,high,high,medium,low,medium,medium,medium,high,high,high,high,high,high,high,low,low,high,medium,high,high,low,low,low,low,low,low,high
1056,medium,low,low,low,high,low,medium,medium,medium,medium,medium,medium,medium,low,low,high,medium,low,low,medium,high,high,high,low,low,high,high,medium,low,high,medium,low,low,high,high,high,medium,medium,low,low,medium,high,high,high,high,high,high,medium,high,high,high,high,high,low,medium,medium,high,medium,medium,medium,high,high,high,high,low,medium,medium,high,high,high,high,high,medium,medium,low,high,high,medium,high,high,high,high,high,high,high,high,high,high,medium,high,high,high,high,high,high,low,low,low,low,high
1057,high,high,high,high,medium,high,low,medium,high,high,low,low,low,high,high,high,medium,low,high,high,high,medium,high,medium,low,high,high,medium,medium,medium,medium,low,low,high,medium,medium,high,medium,high,high,high,high,medium,medium,medium,medium,low,high,high,low,low,low,medium,medium,medium,low,low,low,medium,high,medium,low,medium,medium,high,medium,medium,low,medium,low,low,medium,medium,high,high,high,medium,low,low,high,medium,medium,medium,medium,medium,medium,high,high,high,high,high,medium,medium,high,high,low,high,high,high,low
1058,medium,low,low,medium,high,medium,low,low,low,medium,high,high,high,medium,low,low,low,medium,high,high,high,low,low,low,low,low,low,low,medium,low,low,high,high,medium,high,high,high,high,medium,medium,medium,medium,high,high,high,high,high,medium,medium,high,high,high,medium,low,medium,medium,high,high,medium,medium,low,high,high,medium,medium,medium,low,low,high,low,low,high,medium,high,low,high,high,low,high,high,high,low,high,low,high,medium,medium,medium,medium,medium,medium,high,high,high,medium,high,low,low,low,medium
1059,high,medium,low,high,medium,low,high,low,medium,medium,medium,high,high,medium,low,high,medium,high,high,high,high,high,high,low,low,medium,medium,medium,low,high,medium,low,low,high,high,medium,medium,medium,medium,low,medium,medium,high,high,high,high,high,low,medium,high,high,high,high,low,high,high,medium,high,medium,medium,medium,high,high,high,low,medium,medium,high,high,high,high,low,low,low,medium,high,high,low,high,high,high,high,high,high,high,high,high,high,high,high,high,high,high,high,high,low,low,low,low,high
1060,medium,medium,high,high,high,high,low,low,medium,low,low,high,high,low,low,medium,high,high,medium,medium,low,low,high,high,medium,low,low,high,high,low,high,medium,low,low,medium,medium,low,low,low,low,low,low,medium,medium,medium,medium,high,low,low,high,high,low,medium,medium,high,high,medium,low,medium,low,medium,medium,medium,medium,low,medium,medium,medium,high,low,low,medium,medium,medium,medium,low,low,low,low,high,low,medium,low,medium,medium,medium,low,low,medium,low,low,medium,low,low,high,high,low,low,low,medium
1061,low,high,high,low,high,high,low,high,high,low,low,high,medium,medium,high,medium,low,low,high,high,medium,high,low,high,medium,medium,medium,low,low,high,low,medium,high,medium,medium,low,low,low,medium,high,high,medium,medium,medium,medium,medium,medium,high,high,low,low,high,medium,medium,medium,low,medium,medium,low,medium,high,medium,medium,medium,low,medium,medium,medium,medium,high,high,low,low,low,low,high,high,high,medium,low,medium,medium,medium,medium,medium,medium,medium,low,low,medium,medium,medium,medium,high,high,medium,medium,medium,medium,low
1062,medium,low,low,high,high,high,high,medium,low,high,medium,medium,high,high,medium,low,low,high,high,high,medium,low,low,low,low,low,low,low,medium,low,low,high,high,low,low,high,low,low,low,low,low,low,low,low,low,low,low,low,low,low,low,low,low,high,high,high,high,low,low,low,low,low,low,low,high,low,low,high,low,low,low,low,low,low,low,low,medium,low,medium,medium,low,low,low,low,low,low,low,low,medium,low,low,low,low,medium,medium,high,low,medium,medium,medium
1063,low,low,low,medium,low,low,medium,low,high,medium,low,high,medium,medium,low,medium,low,medium,high,medium,high,medium,low,low,high,medium,medium,low,low,medium,low,high,high,high,high,low,low,low,low,low,medium,medium,high,high,high,high,high,low,high,high,high,high,high,low,medium,medium,high,high,medium,medium,high,high,high,high,low,low,low,high,high,high,high,low,low,low,low,high,high,low,high,high,high,high,high,high,high,high,high,low,low,high,high,high,high,high,high,medium,low,low,low,high
1064,low,low,low,low,low,low,high,medium,high,low,medium,high,high,low,low,low,low,medium,high,high,high,medium,low,low,low,medium,medium,low,low,medium,low,medium,medium,high,high,low,low,medium,low,low,low,high,high,high,high,high,high,medium,medium,high,high,high,high,low,medium,medium,medium,high,medium,medium,high,high,high,high,low,medium,medium,high,high,high,high,high,high,high,medium,high,high,low,high,high,high,high,high,high,high,high,high,low,low,high,high,high,high,high,high,high,low,low,low,high
1065,low,low,low,low,high,high,high,medium,low,high,low,medium,medium,low,low,medium,high,low,low,low,low,low,high,high,high,high,high,high,high,medium,high,medium,low,high,high,low,medium,low,medium,low,medium,medium,high,high,high,high,high,medium,medium,high,high,medium,high,low,low,low,medium,low,low,medium,medium,high,high,high,high,medium,low,high,high,high,high,high,medium,medium,low,high,high,low,medium,high,high,high,high,high,high,high,high,low,low,high,high,high,high,high,high,medium,low,low,low,high
1066,low,low,medium,low,medium,medium,low,medium,medium,medium,low,medium,high,high,medium,high,low,low,low,medium,high,high,medium,low,low,high,high,low,low,high,low,low,medium,high,high,low,medium,medium,high,medium,medium,medium,high,high,high,high,high,medium,medium,high,high,low,high,low,low,low,low,medium,medium,low,high,high,high,high,low,high,medium,high,high,high,high,high,medium,medium,high,medium,low,low,medium,high,high,high,high,high,high,high,high,medium,low,high,high,high,high,low,low,high,low,low,low,high
1067,medium,low,low,high,high,low,low,low,low,low,low,low,medium,high,low,high,medium,medium,high,medium,medium,high,medium,high,high,high,high,medium,low,high,medium,low,medium,high,high,low,low,low,low,low,high,high,high,high,high,high,high,medium,high,high,high,high,high,low,low,low,high,medium,medium,high,high,high,high,high,low,medium,medium,high,high,high,high,medium,medium,medium,medium,high,high,high,high,low,high,high,high,high,high,high,high,medium,medium,high,high,high,high,high,low,high,low,low,low,high
1068,low,low,low,low,low,low,low,low,low,low,low,high,medium,high,low,high,high,medium,low,low,low,high,high,high,high,high,high,high,medium,high,high,low,low,high,high,low,low,low,low,medium,high,high,high,high,high,high,high,medium,high,high,high,low,high,low,low,medium,medium,low,low,high,high,high,high,high,high,low,low,high,high,high,high,low,low,low,high,medium,low,low,medium,high,high,high,high,high,high,high,high,low,low,high,high,high,high,low,high,low,low,low,low,high
1069,low,low,low,low,low,low,medium,low,low,low,medium,high,medium,low,low,high,high,low,low,low,low,high,high,high,medium,high,high,high,low,high,high,low,low,medium,medium,high,medium,medium,medium,high,high,medium,medium,medium,medium,medium,medium,high,high,high,high,medium,medium,medium,low,low,medium,high,high,medium,medium,medium,medium,medium,medium,medium,medium,high,medium,high,high,medium,medium,medium,medium,high,high,low,high,high,high,high,high,high,high,high,medium,low,low,medium,high,high,medium,high,high,low,low,high,high,medium
1070,low,low,low,low,medium,low,high,high,high,high,high,low,high,medium,low,high,medium,low,high,high,high,high,high,high,medium,high,high,medium,low,high,high,low,low,high,high,high,high,high,high,high,high,high,high,high,high,high,high,high,high,high,high,low,high,low,low,low,medium,medium,high,high,high,high,high,high,low,high,high,low,high,high,high,medium,medium,medium,high,high,low,high,high,low,high,high,high,high,high,high,high,medium,low,high,high,high,high,medium,low,high,low,low,low,high
1071,high,low,low,medium,high,low,low,low,low,high,medium,medium,high,medium,low,low,medium,high,medium,high,medium,low,low,medium,medium,low,low,medium,medium,low,low,high,high,low,medium,low,low,low,low,low,low,low,medium,medium,medium,medium,high,low,low,high,high,low,medium,medium,medium,high,high,low,low,low,medium,medium,medium,medium,low,low,low,low,medium,low,low,medium,medium,high,medium,low,low,high,medium,low,low,low,low,low,low,low,low,medium,high,low,low,medium,low,low,low,low,low,high,medium,medium
1072,medium,low,low,low,low,low,medium,medium,medium,high,low,medium,high,high,medium,medium,low,high,medium,high,high,high,low,medium,high,medium,medium,low,low,medium,low,medium,high,low,low,low,low,low,medium,medium,low,low,low,low,low,low,low,low,low,medium,medium,medium,low,high,high,medium,high,low,medium,low,low,low,low,low,medium,low,low,medium,low,high,high,low,low,low,low,medium,high,medium,medium,medium,medium,medium,medium,medium,medium,medium,low,low,medium,low,medium,low,low,high,medium,high,medium,medium,medium,low
1073,medium,medium,low,high,low,low,high,medium,high,high,medium,low,high,medium,high,high,high,high,low,medium,medium,high,high,high,high,high,medium,high,medium,high,high,low,low,medium,medium,medium,low,medium,medium,high,high,medium,medium,medium,medium,medium,medium,high,high,low,medium,low,medium,high,medium,medium,low,low,medium,medium,medium,medium,medium,medium,low,high,high,high,low,high,high,low,low,low,medium,high,high,high,low,low,high,medium,high,medium,medium,medium,medium,medium,medium,medium,low,medium,medium,high,medium,low,high,medium,medium,low
1074,medium,low,low,low,low,low,high,high,low,high,low,medium,high,low,low,high,medium,medium,high,high,high,high,high,high,medium,high,high,medium,low,high,medium,low,medium,high,high,high,high,high,high,high,high,high,high,high,high,high,high,high,high,high,high,high,high,low,low,low,low,high,high,high,high,high,high,high,low,high,high,high,high,high,high,low,low,low,high,high,medium,high,high,high,high,high,high,high,high,high,high,high,medium,high,high,high,high,high,medium,low,low,low,low,high
1075,low,medium,low,high,low,medium,high,medium,low,medium,medium,low,medium,high,medium,high,low,low,high,medium,high,high,medium,medium,medium,medium,medium,low,low,high,medium,low,medium,high,high,high,high,high,high,high,high,high,high,medium,medium,high,medium,high,high,medium,low,high,medium,medium,low,low,low,high,medium,high,high,medium,medium,medium,low,high,high,high,low,low,low,high,medium,high,medium,high,high,low,high,high,high,high,high,high,high,high,high,low,low,high,high,high,high,high,high,low,high,high,high,low
1076,low,low,low,medium,medium,low,low,low,low,low,low,low,low,medium,low,low,low,low,high,medium,medium,low,low,low,low,low,low,low,medium,low,low,high,high,high,high,medium,high,high,medium,medium,high,high,high,high,high,high,high,medium,high,high,high,high,high,low,low,low,low,high,high,high,high,high,high,high,low,high,high,high,high,low,low,medium,medium,high,medium,high,high,high,high,high,medium,high,medium,high,high,high,high,medium,low,high,high,high,high,high,high,low,low,low,medium,high
1077,low,low,low,low,low,high,low,low,medium,high,medium,high,high,low,medium,low,medium,high,medium,low,low,low,low,medium,medium,low,low,medium,high,low,low,high,high,high,high,low,high,high,high,high,high,high,high,high,high,high,high,high,high,high,high,medium,high,low,low,low,low,low,high,high,high,high,high,high,high,high,high,low,high,low,low,low,low,low,high,low,low,low,low,low,high,high,high,high,high,high,high,medium,low,high,high,high,high,low,medium,medium,low,low,low,high
1078,medium,low,low,low,low,low,high,high,low,high,medium,medium,low,medium,high,high,low,high,high,high,high,medium,medium,medium,low,medium,low,low,low,medium,medium,medium,medium,high,medium,high,high,high,high,high,high,medium,medium,medium,medium,medium,medium,medium,high,medium,medium,medium,medium,medium,low,low,low,low,high,medium,medium,medium,medium,medium,medium,high,high,medium,low,medium,medium,high,medium,high,medium,high,high,medium,high,high,medium,medium,medium,high,medium,medium,high,medium,medium,medium,high,medium,medium,high,low,medium,high,high,high,low
1079,low,medium,medium,low,high,high,low,medium,high,high,high,high,low,low,medium,high,medium,high,medium,medium,medium,high,medium,high,medium,high,medium,medium,low,high,medium,low,medium,medium,medium,medium,medium,low,high,high,medium,medium,high,medium,medium,medium,medium,medium,medium,medium,medium,low,medium,medium,medium,medium,low,medium,medium,medium,medium,medium,medium,medium,high,high,medium,low,medium,medium,medium,low,low,low,high,low,low,medium,low,low,high,medium,high,medium,medium,medium,medium,low,low,medium,medium,medium,medium,low,low,medium,low,medium,medium,medium
1080,medium,high,high,high,medium,medium,low,medium,medium,high,medium,medium,low,low,medium,low,medium,low,low,low,low,medium,medium,low,high,high,high,medium,high,medium,medium,medium,medium,high,medium,high,high,high,high,high,high,medium,medium,medium,medium,medium,low,high,medium,low,low,high,medium,medium,medium,low,low,low,high,high,high,medium,medium,medium,medium,high,high,high,low,low,low,medium,medium,high,high,high,medium,high,medium,low,medium,medium,medium,medium,medium,medium,medium,medium,medium,medium,high,low,medium,medium,low,low,high,high,high,low
1081,medium,medium,medium,low,low,medium,low,high,medium,high,low,high,low,low,low,high,low,high,high,high,high,high,low,low,low,low,low,low,low,medium,low,medium,high,medium,medium,medium,high,medium,medium,medium,medium,medium,medium,medium,medium,medium,medium,low,low,medium,medium,high,medium,medium,medium,medium,high,medium,medium,low,medium,medium,medium,medium,low,low,low,medium,medium,high,high,high,high,high,medium,medium,medium,high,high,medium,medium,medium,medium,medium,medium,medium,medium,low,medium,low,medium,medium,medium,low,high,high,medium,medium,medium,low
1082,medium,medium,medium,medium,low,medium,high,low,low,low,medium,low,medium,medium,medium,medium,high,low,low,low,low,medium,high,high,high,high,high,high,high,medium,high,medium,low,medium,low,high,high,high,high,medium,low,low,low,low,low,low,low,low,low,low,low,medium,low,high,high,high,medium,low,medium,low,low,low,low,low,medium,medium,medium,high,low,low,low,medium,medium,medium,medium,low,medium,low,medium,medium,low,medium,low,medium,low,low,medium,low,medium,low,medium,low,low,medium,medium,medium,medium,high,high,low
1083,low,medium,medium,low,medium,high,high,high,medium,low,high,high,high,medium,medium,low,low,medium,medium,medium,medium,low,low,low,high,medium,medium,low,high,low,low,high,high,high,medium,medium,high,high,high,high,high,high,medium,medium,medium,medium,low,high,high,low,low,medium,medium,medium,low,low,low,high,high,medium,medium,medium,medium,medium,medium,high,high,medium,low,low,low,medium,medium,high,high,high,medium,high,low,low,high,medium,high,medium,medium,medium,high,low,low,high,medium,medium,medium,medium,low,low,high,high,high,low
1084,medium,medium,medium,low,low,low,high,high,low,medium,medium,medium,medium,medium,high,high,high,high,medium,medium,high,medium,high,high,high,medium,low,high,low,medium,high,low,low,medium,low,low,low,medium,high,high,medium,medium,medium,medium,medium,low,low,medium,medium,low,low,medium,medium,medium,high,medium,low,low,high,high,medium,low,low,medium,medium,high,high,medium,low,medium,medium,high,low,high,medium,high,high,medium,medium,medium,low,medium,low,medium,low,low,medium,medium,medium,medium,medium,low,medium,high,low,low,high,high,high,low
1085,low,medium,medium,medium,low,medium,high,high,low,medium,medium,low,low,low,low,high,high,medium,medium,medium,medium,high,high,high,medium,medium,medium,high,low,high,high,low,low,medium,medium,medium,high,high,medium,medium,medium,medium,medium,medium,medium,medium,low,medium,medium,low,low,high,medium,medium,medium,low,medium,high,medium,medium,medium,low,medium,medium,medium,medium,medium,low,low,low,low,high,medium,high,medium,medium,medium,medium,high,high,medium,medium,medium,medium,medium,medium,medium,low,low,medium,medium,low,medium,medium,medium,low,high,medium,medium,low
1086,medium,low,medium,high,medium,low,high,low,medium,low,medium,low,medium,high,low,high,medium,low,medium,high,high,high,medium,medium,medium,high,high,medium,low,high,medium,low,low,high,high,high,high,high,high,high,medium,high,high,high,high,high,medium,medium,medium,medium,medium,medium,high,low,low,low,medium,low,medium,high,high,high,high,high,medium,medium,medium,high,medium,medium,medium,low,low,low,high,high,low,medium,medium,medium,high,medium,high,medium,high,high,high,medium,medium,high,medium,medium,high,medium,low,medium,medium,medium,high,low
1087,high,medium,medium,high,medium,medium,medium,low,medium,medium,medium,medium,low,high,medium,high,medium,medium,low,medium,high,medium,medium,high,high,high,high,medium,low,high,medium,low,low,low,low,high,medium,medium,medium,low,low,low,low,low,low,low,low,low,low,medium,medium,high,low,high,high,medium,low,low,medium,medium,medium,low,low,low,low,medium,medium,high,low,medium,medium,high,medium,high,low,medium,medium,medium,high,medium,medium,low,medium,low,low,low,low,high,high,low,medium,low,low,high,high,low,medium,medium,medium,low
1088,low,low,medium,low,low,medium,low,low,medium,medium,high,high,medium,high,high,low,medium,medium,medium,low,medium,low,low,medium,medium,low,low,medium,high,low,medium,high,high,high,high,medium,high,high,high,high,high,high,high,high,high,high,high,high,high,medium,medium,medium,high,low,low,low,low,high,high,high,high,high,high,high,high,high,high,low,medium,low,low,low,low,medium,high,medium,low,medium,medium,medium,high,high,high,high,high,high,high,medium,low,high,high,high,high,low,low,high,low,low,low,high
1089,low,high,medium,high,medium,low,high,low,medium,low,medium,medium,low,medium,medium,low,low,medium,high,medium,medium,medium,low,medium,medium,low,low,low,medium,low,low,high,high,low,low,high,medium,medium,medium,medium,low,low,low,low,low,low,low,low,low,low,low,high,low,high,high,high,medium,low,medium,low,low,low,low,low,low,medium,medium,high,low,medium,medium,low,low,low,low,medium,high,medium,high,medium,low,low,low,low,low,low,low,low,low,low,low,low,low,high,high,high,medium,medium,medium,low
1090,high,high,high,low,low,medium,high,high,high,medium,low,medium,high,low,low,medium,high,medium,low,medium,medium,medium,high,medium,medium,high,high,high,medium,medium,high,medium,low,low,low,high,medium,medium,medium,medium,medium,low,low,low,low,low,low,medium,medium,low,low,medium,low,high,high,high,high,medium,low,low,low,low,low,low,medium,low,low,high,low,high,high,high,medium,medium,low,low,medium,high,low,low,medium,low,medium,low,low,low,low,high,high,low,low,low,low,medium,medium,medium,medium,medium,medium,low
1091,low,medium,low,medium,medium,medium,low,low,low,low,low,medium,low,high,high,medium,medium,medium,high,high,medium,medium,high,medium,low,low,low,medium,medium,medium,high,medium,low,medium,medium,medium,medium,low,low,low,low,medium,medium,medium,medium,medium,medium,medium,medium,medium,medium,medium,medium,medium,medium,medium,high,medium,medium,medium,low,medium,medium,medium,medium,low,low,low,medium,high,high,low,low,low,low,high,high,low,high,high,high,low,high,low,medium,medium,medium,low,low,medium,medium,medium,medium,high,medium,medium,medium,medium,medium,low
1092,medium,medium,low,medium,medium,low,medium,low,low,low,medium,low,low,high,medium,high,medium,medium,low,high,high,medium,high,high,high,high,high,medium,low,high,medium,low,low,medium,medium,medium,medium,medium,medium,medium,low,low,high,medium,medium,medium,high,low,low,high,medium,medium,low,medium,high,high,high,low,low,low,low,medium,medium,low,medium,low,low,high,high,high,high,medium,medium,medium,low,high,high,low,high,high,low,high,low,high,medium,medium,medium,medium,medium,medium,medium,high,medium,high,medium,medium,low,low,low,high
1093,low,medium,medium,high,low,medium,high,low,medium,low,high,medium,high,high,high,high,high,high,high,medium,low,medium,high,high,high,medium,low,high,high,medium,high,low,low,medium,low,high,high,high,high,medium,medium,medium,medium,medium,medium,low,low,high,medium,low,low,low,medium,medium,medium,medium,medium,low,medium,medium,medium,low,medium,medium,high,medium,medium,low,low,medium,medium,low,low,low,medium,medium,medium,medium,low,low,low,medium,low,medium,medium,low,medium,low,low,low,low,low,low,medium,low,high,medium,medium,medium,low
1094,medium,medium,high,medium,medium,low,low,low,high,low,high,medium,high,low,low,medium,low,low,medium,medium,high,high,low,medium,medium,low,low,low,medium,high,low,high,high,low,low,low,low,low,low,medium,medium,medium,low,low,low,low,medium,high,medium,low,low,low,low,high,medium,medium,high,low,low,low,medium,low,low,low,low,low,low,medium,low,high,high,low,low,low,high,low,low,medium,low,low,low,medium,low,medium,medium,medium,low,medium,medium,low,low,medium,low,low,low,medium,low,medium,medium,medium
1095,high,high,high,low,high,high,low,high,high,medium,high,high,low,low,low,medium,high,high,medium,medium,low,medium,high,high,medium,medium,medium,high,high,medium,high,medium,low,low,low,low,low,low,low,low,low,low,low,low,low,low,low,medium,medium,low,low,high,low,high,high,high,high,medium,high,low,low,low,low,low,low,medium,medium,low,low,low,low,low,low,medium,low,low,medium,high,high,medium,low,low,low,low,low,low,low,high,high,low,low,low,low,low,high,high,high,high,high,low
1096,high,high,high,high,high,low,medium,high,high,low,medium,medium,medium,high,medium,medium,medium,low,medium,medium,medium,high,medium,high,high,high,high,medium,medium,high,high,medium,medium,medium,medium,low,low,low,medium,high,medium,low,medium,medium,medium,medium,low,high,medium,low,low,low,medium,medium,high,medium,low,high,high,medium,medium,medium,medium,medium,high,high,high,medium,low,medium,medium,low,low,low,medium,medium,medium,high,low,low,medium,low,medium,low,low,medium,medium,high,high,medium,medium,low,medium,high,medium,medium,high,high,high,low
1097,medium,low,medium,low,medium,medium,high,high,medium,medium,high,low,high,high,low,high,medium,high,low,high,medium,high,high,medium,medium,medium,low,medium,low,high,high,low,medium,medium,high,medium,medium,low,medium,medium,low,low,high,high,high,high,high,low,low,high,high,high,high,low,high,high,high,medium,low,low,low,high,high,high,medium,low,low,low,high,low,low,medium,medium,medium,high,low,low,medium,high,high,medium,high,medium,high,high,high,medium,medium,medium,medium,medium,high,high,low,medium,low,low,low,low,high
1098,high,medium,low,low,high,high,low,medium,low,high,low,medium,high,low,medium,low,high,medium,medium,low,medium,low,medium,high,high,medium,medium,high,high,low,medium,high,medium,low,low,medium,low,low,low,low,low,low,low,low,low,low,medium,low,low,medium,medium,high,low,high,high,high,high,medium,low,low,low,low,low,low,low,low,low,low,medium,medium,medium,medium,medium,high,low,low,medium,low,high,high,low,medium,low,medium,low,low,low,medium,high,low,low,low,low,medium,high,high,medium,medium,medium,low
1099,low,high,high,high,medium,high,medium,medium,high,medium,low,low,low,medium,high,low,low,low,low,medium,low,medium,low,low,medium,medium,medium,low,high,medium,low,high,high,low,high,low,low,low,low,low,low,low,low,high,high,high,high,low,low,high,high,low,high,low,high,high,high,medium,low,low,medium,high,high,high,high,low,low,low,high,medium,medium,high,medium,high,medium,low,low,high,low,low,low,high,low,high,medium,medium,low,low,low,low,low,high,medium,low,low,low,low,low,low,high
1100,high,medium,medium,medium,low,medium,medium,low,medium,medium,medium,low,low,medium,low,medium,low,medium,medium,medium,medium,medium,low,medium,medium,low,medium,low,medium,medium,low,high,high,medium,low,high,medium,high,medium,medium,medium,medium,medium,low,low,low,low,high,medium,low,low,high,low,high,medium,high,medium,low,high,medium,medium,low,low,low,low,medium,medium,high,low,low,low,high,medium,high,medium,medium,medium,medium,high,high,medium,medium,medium,medium,medium,medium,medium,high,high,medium,medium,low,medium,high,high,medium,high,high,high,low
1101,medium,high,high,high,high,high,high,high,high,low,high,medium,low,medium,low,high,medium,high,high,high,high,high,high,medium,low,low,low,medium,low,high,medium,low,low,medium,low,high,medium,medium,medium,medium,medium,medium,low,medium,medium,low,low,medium,medium,medium,medium,high,medium,medium,medium,medium,medium,high,medium,medium,medium,medium,medium,medium,low,medium,medium,medium,low,high,high,medium,medium,medium,medium,medium,medium,medium,high,high,low,low,low,low,low,low,medium,medium,medium,low,medium,low,low,medium,high,high,high,high,high,low
1102,medium,low,low,medium,low,medium,low,low,low,medium,high,high,medium,medium,low,high,low,high,high,high,high,high,medium,medium,medium,high,low,low,low,high,medium,low,medium,low,low,medium,low,low,low,low,low,low,low,medium,medium,low,medium,low,low,high,high,medium,low,medium,high,high,high,high,low,low,low,low,medium,low,medium,low,low,low,high,low,low,low,low,medium,low,low,low,low,high,high,low,medium,low,medium,low,low,low,medium,medium,low,low,medium,low,low,high,medium,low,low,low,medium
1103,high,low,medium,medium,medium,high,low,low,medium,low,medium,high,medium,medium,low,medium,high,medium,high,high,low,high,high,medium,medium,low,low,high,medium,high,high,low,low,low,low,low,low,low,low,low,low,low,low,low,low,low,medium,low,low,low,low,high,low,high,high,high,high,medium,low,low,low,low,low,low,low,low,low,medium,low,medium,medium,low,low,low,medium,low,low,low,high,high,low,low,low,low,low,low,low,high,high,low,low,low,low,low,high,medium,high,high,high,low
1104,medium,high,high,low,medium,high,high,high,high,medium,high,medium,low,high,high,medium,low,low,high,high,high,medium,medium,low,low,high,high,low,medium,medium,low,medium,medium,low,medium,high,medium,medium,medium,medium,low,medium,medium,medium,medium,medium,medium,low,low,medium,medium,low,medium,medium,medium,medium,medium,high,medium,medium,low,low,low,medium,high,medium,medium,low,low,medium,medium,medium,medium,medium,low,medium,high,high,low,low,medium,medium,medium,medium,medium,medium,low,medium,medium,medium,medium,medium,medium,high,medium,low,medium,medium,medium,low
1105,high,high,high,low,medium,medium,low,high,high,medium,medium,medium,low,medium,high,low,medium,medium,high,high,medium,medium,medium,low,low,high,high,medium,medium,medium,medium,medium,medium,low,low,low,low,medium,medium,low,low,low,low,low,low,low,low,low,low,low,low,medium,low,high,high,high,medium,medium,low,low,low,low,low,low,medium,low,low,high,low,low,low,medium,medium,medium,low,low,high,high,low,low,low,low,low,low,low,low,low,high,high,low,low,low,low,medium,medium,high,high,high,high,low
1106,high,low,low,low,medium,medium,low,low,low,medium,medium,high,high,medium,low,medium,high,high,high,medium,low,low,high,low,medium,low,low,high,high,low,high,low,low,medium,low,medium,medium,medium,high,high,medium,medium,medium,low,low,low,low,high,medium,low,low,medium,medium,medium,medium,low,low,high,high,high,medium,medium,medium,medium,medium,high,high,medium,low,medium,medium,high,medium,high,medium,medium,medium,low,high,high,medium,medium,medium,medium,medium,medium,medium,high,high,medium,high,low,medium,medium,medium,high,high,high,high,low
1107,medium,low,low,medium,low,high,medium,low,low,low,medium,low,low,low,medium,high,medium,medium,medium,high,high,high,medium,medium,high,medium,high,medium,low,high,medium,low,low,low,low,medium,medium,low,medium,medium,low,low,low,low,low,low,medium,low,low,medium,medium,medium,low,medium,medium,medium,medium,medium,medium,medium,low,medium,medium,low,medium,medium,medium,medium,medium,medium,medium,high,medium,high,low,low,medium,low,high,high,low,low,low,low,low,low,low,medium,medium,low,low,low,low,medium,high,high,medium,medium,medium,low
1108,medium,medium,medium,medium,high,high,high,medium,medium,low,medium,low,high,low,medium,low,high,high,medium,low,low,low,high,high,medium,medium,medium,high,high,low,high,high,medium,low,low,medium,medium,medium,medium,medium,medium,low,low,low,low,low,low,medium,medium,low,low,low,low,high,medium,medium,medium,high,high,medium,low,low,low,low,high,high,medium,low,low,high,high,low,low,low,low,medium,medium,medium,low,medium,low,low,low,low,low,low,low,medium,medium,low,medium,low,low,medium,low,low,high,high,high,low
1109,low,high,high,high,low,medium,high,medium,medium,low,medium,low,low,low,low,high,medium,medium,high,high,high,high,medium,low,low,low,low,medium,low,high,medium,low,low,medium,medium,medium,medium,medium,medium,medium,high,medium,medium,medium,medium,medium,low,high,high,low,low,medium,low,medium,medium,medium,medium,high,medium,low,low,medium,medium,low,medium,medium,medium,low,medium,medium,medium,high,medium,high,medium,medium,medium,high,low,low,medium,medium,medium,medium,medium,medium,medium,low,low,medium,low,low,medium,medium,low,medium,medium,medium,medium,low
1110,medium,medium,medium,high,high,medium,medium,low,low,medium,low,low,high,high,medium,high,low,high,medium,medium,medium,high,medium,medium,low,medium,low,low,low,high,medium,low,medium,medium,low,high,medium,high,medium,medium,medium,medium,low,low,low,low,low,medium,medium,low,low,medium,low,high,high,medium,low,high,medium,medium,medium,low,low,low,medium,medium,medium,medium,low,low,low,low,low,medium,medium,medium,medium,medium,medium,medium,low,low,low,low,low,low,medium,medium,medium,medium,medium,medium,medium,medium,low,high,medium,high,high,low
1111,medium,low,low,low,low,medium,high,medium,low,medium,high,medium,high,medium,low,high,medium,low,low,low,medium,high,medium,high,medium,medium,high,medium,low,high,medium,low,low,medium,medium,high,high,medium,medium,low,medium,medium,medium,medium,medium,medium,medium,low,medium,high,high,medium,medium,low,high,medium,medium,medium,medium,low,medium,high,high,medium,high,medium,medium,medium,high,medium,medium,low,low,low,medium,low,low,low,medium,medium,medium,medium,medium,medium,medium,medium,medium,medium,medium,medium,medium,medium,medium,medium,low,medium,low,medium,medium,medium
1112,low,medium,low,low,high,high,medium,high,low,low,high,high,medium,low,low,high,medium,medium,medium,high,high,medium,medium,low,medium,medium,medium,medium,low,medium,medium,low,medium,high,high,high,medium,medium,high,high,medium,high,high,high,high,high,high,high,medium,high,high,high,high,low,low,high,medium,high,medium,high,high,high,high,high,low,medium,medium,medium,high,medium,medium,medium,medium,high,medium,high,high,medium,high,high,high,high,high,high,high,high,high,low,low,high,high,high,high,high,high,medium,low,low,low,high
1113,low,high,high,medium,medium,high,low,high,high,medium,medium,high,low,high,high,high,high,medium,medium,medium,medium,medium,high,high,high,medium,medium,high,medium,high,high,low,low,low,low,low,low,low,low,low,low,low,low,low,low,low,medium,low,low,medium,medium,low,low,high,high,high,high,low,low,low,low,low,low,low,high,low,low,medium,medium,high,high,low,low,low,medium,low,low,medium,low,low,medium,low,medium,low,medium,low,low,low,low,low,low,medium,low,low,low,high,low,medium,medium,medium
1114,medium,high,high,high,medium,medium,low,high,high,low,low,medium,high,medium,low,low,low,high,medium,medium,medium,low,low,low,low,low,low,low,high,low,low,high,high,low,low,low,low,low,low,low,low,low,low,low,low,low,medium,low,low,medium,medium,high,low,medium,high,high,high,medium,low,low,low,medium,medium,low,low,low,low,low,medium,low,low,high,medium,high,low,medium,high,high,medium,low,low,medium,low,medium,low,low,low,low,medium,low,low,low,low,high,high,medium,medium,low,low,low
1115,high,medium,medium,low,medium,medium,high,high,medium,medium,medium,low,low,low,low,medium,low,medium,low,medium,high,medium,low,high,high,medium,medium,low,medium,medium,low,high,high,low,low,low,low,low,low,low,low,low,low,low,low,low,medium,low,low,high,high,high,low,high,high,high,high,low,low,low,low,low,low,low,low,low,low,low,high,high,high,medium,medium,medium,low,low,medium,medium,high,high,low,low,low,low,low,low,low,medium,high,low,low,low,low,medium,high,high,medium,medium,medium,low
1116,medium,medium,low,low,high,low,medium,high,medium,low,low,high,medium,low,low,low,medium,medium,medium,medium,low,low,medium,medium,medium,medium,medium,medium,high,low,medium,high,medium,high,high,medium,medium,medium,medium,high,high,high,high,high,high,high,high,high,high,high,high,high,high,low,low,low,medium,high,high,high,high,high,high,high,low,high,high,high,high,low,low,low,low,low,medium,high,high,low,high,high,high,high,high,high,high,high,high,high,medium,high,high,high,high,high,high,low,low,low,low,high
1117,medium,medium,low,high,high,high,medium,low,low,medium,high,medium,high,high,medium,low,high,medium,medium,medium,low,low,high,high,medium,low,medium,high,high,low,high,high,low,medium,high,medium,low,low,low,medium,medium,high,high,high,high,high,high,medium,medium,medium,medium,medium,high,low,low,low,medium,high,medium,high,high,high,high,high,medium,medium,medium,medium,medium,medium,medium,medium,medium,medium,low,high,high,low,high,high,medium,high,medium,high,high,high,medium,medium,medium,medium,medium,medium,high,high,high,high,medium,low,low,low
1118,low,high,medium,medium,high,high,high,medium,low,medium,high,high,low,low,medium,medium,low,medium,medium,medium,high,high,medium,low,medium,high,high,low,low,high,medium,medium,high,medium,medium,high,medium,medium,medium,medium,medium,medium,medium,high,high,medium,medium,medium,low,high,high,low,high,low,medium,medium,low,medium,medium,high,medium,high,high,high,high,high,medium,medium,high,low,low,low,low,low,low,high,high,high,low,low,high,low,high,low,medium,medium,medium,low,low,medium,medium,medium,medium,high,low,medium,high,high,high,low
1119,high,medium,low,medium,high,high,low,low,low,high,medium,high,medium,low,low,high,low,low,medium,medium,low,high,low,low,low,medium,high,low,low,high,medium,low,medium,low,medium,low,low,low,low,low,low,low,low,medium,medium,medium,high,low,low,high,high,low,medium,medium,high,high,high,medium,low,low,medium,medium,medium,medium,high,low,low,low,high,medium,medium,medium,medium,medium,low,low,medium,low,medium,high,low,low,low,low,low,low,low,high,high,low,low,low,low,medium,medium,high,medium,medium,medium,low
1120,low,high,low,medium,high,low,high,high,medium,low,high,medium,low,low,low,medium,high,low,low,low,low,medium,high,high,high,high,high,high,high,medium,high,medium,low,high,high,low,low,low,low,low,low,high,high,high,high,high,high,medium,medium,high,high,high,high,low,high,high,high,high,low,high,high,high,high,high,low,low,low,low,high,low,low,medium,medium,high,low,high,high,high,high,high,high,high,high,high,high,high,high,high,low,high,high,high,high,high,high,medium,low,low,low,high
1121,high,low,high,medium,high,high,high,high,medium,high,low,low,high,high,high,low,low,low,low,medium,high,medium,low,low,medium,medium,medium,low,medium,medium,low,high,high,low,medium,low,low,low,low,low,low,medium,high,medium,medium,medium,high,low,low,medium,medium,low,medium,medium,medium,high,high,low,low,low,low,medium,medium,medium,high,medium,low,low,high,low,low,low,low,low,high,low,low,low,low,high,medium,high,medium,high,medium,medium,low,high,high,medium,low,high,medium,low,high,low,low,low,low,medium
1122,medium,medium,medium,low,low,low,low,low,low,high,medium,medium,medium,low,medium,low,low,low,medium,medium,medium,low,low,low,low,medium,medium,low,high,low,low,high,high,medium,medium,low,low,low,low,medium,medium,medium,medium,high,high,medium,high,high,medium,high,high,low,high,low,low,low,medium,medium,medium,high,high,high,high,high,high,medium,medium,low,high,low,low,low,low,low,medium,medium,medium,high,low,low,medium,high,medium,high,medium,medium,medium,medium,medium,medium,low,medium,medium,medium,low,low,low,low,low,medium
1123,medium,low,medium,medium,low,medium,medium,medium,medium,low,high,medium,medium,low,low,low,high,medium,low,low,low,low,medium,medium,low,low,medium,high,high,low,high,high,medium,high,medium,high,high,high,high,high,high,high,medium,medium,low,medium,low,high,high,low,low,medium,medium,medium,medium,low,medium,medium,high,high,high,medium,medium,medium,medium,high,medium,high,low,high,high,low,low,low,high,medium,low,medium,high,medium,low,high,low,high,medium,medium,high,medium,medium,high,high,medium,medium,low,low,low,medium,high,high,low
1124,medium,medium,medium,low,medium,medium,low,medium,medium,medium,low,high,high,low,low,medium,low,medium,high,high,high,high,low,low,low,medium,medium,low,low,high,low,medium,high,medium,medium,high,high,high,high,high,high,medium,medium,low,low,medium,low,medium,medium,low,low,high,medium,high,low,medium,medium,medium,high,medium,medium,low,low,medium,low,high,high,low,low,medium,medium,medium,medium,medium,medium,medium,medium,medium,high,medium,medium,medium,medium,medium,medium,medium,medium,medium,medium,medium,medium,low,medium,medium,high,medium,high,high,high,low
1125,medium,medium,high,medium,high,high,medium,high,medium,high,high,high,medium,low,low,medium,low,high,high,high,high,medium,medium,low,low,low,low,low,low,medium,medium,low,medium,medium,low,medium,medium,low,high,medium,medium,medium,medium,low,low,low,low,high,medium,low,low,medium,low,high,high,high,high,high,medium,low,low,medium,low,low,low,low,medium,high,medium,high,high,high,medium,high,high,low,low,medium,high,medium,medium,low,medium,low,medium,medium,medium,medium,medium,medium,medium,low,medium,low,high,high,high,high,high,low
1126,high,medium,low,medium,high,high,low,low,low,high,medium,medium,low,medium,high,low,low,low,high,high,medium,medium,low,low,low,high,high,low,medium,medium,low,high,high,medium,medium,high,medium,medium,medium,medium,medium,low,medium,high,high,medium,high,medium,low,high,high,medium,high,low,medium,high,medium,low,medium,medium,low,high,high,high,high,medium,medium,medium,high,high,high,low,low,low,low,high,high,low,medium,medium,medium,medium,medium,medium,medium,medium,medium,high,high,medium,medium,high,medium,high,medium,low,low,medium,medium,high
1127,low,low,low,high,high,high,low,low,low,low,low,low,medium,medium,high,medium,medium,low,low,low,low,medium,medium,high,high,low,medium,medium,high,medium,medium,medium,medium,high,high,medium,low,low,medium,high,high,high,high,medium,medium,high,medium,high,high,low,low,high,medium,medium,low,low,low,medium,high,high,high,medium,medium,medium,low,high,high,high,low,medium,medium,high,medium,high,medium,high,high,low,high,high,high,medium,high,medium,medium,high,high,low,low,high,medium,medium,high,high,high,low,high,high,medium,low
1128,high,high,high,medium,medium,high,medium,high,high,low,low,low,low,low,low,low,high,low,low,low,low,low,high,high,high,high,high,high,high,low,high,high,medium,high,high,low,low,low,low,medium,high,high,high,high,high,high,high,high,high,medium,medium,low,high,low,low,low,low,low,high,high,high,high,high,high,low,high,high,low,medium,high,high,medium,medium,medium,high,high,low,high,low,low,high,high,high,high,high,high,high,high,high,high,medium,high,high,low,low,low,low,low,low,high
1129,high,high,high,low,low,medium,high,high,medium,medium,low,medium,high,high,high,low,low,medium,low,low,medium,low,low,low,low,medium,medium,low,high,low,low,high,high,high,high,medium,medium,medium,medium,high,high,high,high,high,high,high,high,high,high,high,high,low,high,low,low,medium,medium,high,medium,medium,medium,high,high,high,low,medium,medium,low,high,medium,medium,low,low,low,high,high,medium,high,low,low,medium,high,medium,high,high,high,high,high,high,high,medium,high,high,low,low,high,low,low,medium,medium
1130,medium,medium,low,low,high,medium,low,high,low,medium,low,medium,high,high,medium,high,medium,medium,high,high,high,high,high,high,medium,medium,medium,medium,low,high,high,low,low,medium,high,low,low,low,low,low,medium,medium,high,high,high,high,high,medium,high,high,high,medium,high,low,low,medium,medium,medium,low,medium,high,high,high,high,high,medium,low,low,medium,low,low,low,low,medium,low,high,high,medium,medium,medium,high,medium,high,medium,high,high,medium,medium,medium,medium,low,high,medium,high,low,high,medium,medium,medium,low
1131,medium,high,high,low,medium,medium,low,high,high,low,high,high,low,high,high,medium,medium,low,low,low,medium,medium,medium,high,high,high,high,medium,high,medium,medium,high,medium,medium,medium,medium,medium,medium,high,high,high,high,medium,medium,medium,medium,medium,high,high,medium,medium,high,medium,medium,medium,low,low,low,high,high,medium,medium,medium,medium,low,high,high,medium,low,low,low,medium,medium,high,medium,high,high,high,medium,low,medium,high,medium,high,medium,high,medium,medium,medium,high,medium,medium,medium,high,medium,high,medium,medium,medium,low
1132,medium,low,low,high,medium,low,medium,low,medium,high,high,high,high,high,low,low,high,low,low,low,low,low,low,high,high,high,high,high,high,low,low,high,high,low,low,medium,medium,low,low,low,medium,low,low,low,low,low,medium,medium,medium,medium,medium,high,low,high,high,medium,medium,medium,medium,medium,medium,low,low,low,low,medium,medium,medium,low,low,low,low,low,low,medium,low,medium,low,high,high,medium,low,medium,low,low,low,low,low,medium,low,low,medium,low,medium,high,medium,high,high,high,low
1133,high,high,high,low,medium,medium,high,medium,high,medium,medium,low,low,low,low,medium,high,low,low,low,low,high,medium,high,high,high,high,high,medium,high,high,medium,medium,medium,low,medium,high,high,high,high,medium,low,low,medium,medium,low,low,medium,low,medium,medium,high,low,medium,high,high,medium,low,medium,medium,low,low,low,low,low,medium,medium,medium,medium,high,high,low,low,low,medium,medium,medium,low,high,high,low,low,low,low,low,low,medium,high,high,medium,medium,low,low,medium,high,medium,medium,high,high,low
1134,high,high,high,low,medium,medium,medium,medium,high,high,high,high,medium,low,low,low,low,medium,medium,medium,high,medium,low,medium,medium,high,high,low,medium,medium,low,high,high,medium,low,high,high,high,high,medium,medium,medium,low,low,low,low,low,medium,medium,low,low,high,medium,medium,medium,medium,medium,high,medium,medium,medium,low,low,medium,low,medium,medium,medium,low,high,high,low,low,low,medium,medium,medium,high,medium,low,medium,low,medium,low,low,low,medium,high,high,medium,medium,low,low,medium,high,medium,high,high,high,low
1135,high,medium,high,medium,high,high,high,medium,medium,high,medium,low,low,low,low,high,high,low,medium,high,high,medium,high,medium,medium,low,low,high,medium,medium,medium,low,low,high,high,medium,low,low,medium,medium,medium,medium,high,high,high,high,high,high,medium,high,high,low,high,low,low,medium,medium,high,medium,medium,high,high,high,high,high,medium,medium,low,high,medium,medium,low,low,low,high,medium,low,medium,low,low,medium,high,medium,high,high,high,high,high,high,high,high,high,high,low,low,low,low,low,low,medium
1136,low,medium,low,medium,low,low,medium,low,high,high,low,high,high,medium,low,high,high,high,high,high,medium,medium,high,high,medium,medium,medium,high,low,high,high,low,low,high,high,high,high,high,high,high,high,high,medium,high,high,high,medium,high,high,high,high,high,high,medium,low,low,medium,low,high,high,high,high,high,high,low,high,high,high,high,high,high,medium,medium,medium,medium,high,high,high,high,high,medium,high,medium,high,high,high,high,low,low,high,high,medium,medium,high,high,low,low,medium,medium,medium
1137,high,medium,low,low,low,low,high,high,high,high,low,low,medium,high,medium,medium,low,high,high,high,high,high,medium,low,low,medium,low,low,low,medium,low,medium,high,high,low,high,high,high,high,high,high,medium,medium,low,low,low,low,high,medium,low,low,low,medium,medium,medium,low,low,low,high,medium,medium,low,medium,medium,low,high,high,medium,low,high,high,high,medium,medium,high,high,medium,low,medium,high,medium,medium,medium,medium,medium,medium,high,high,high,medium,high,medium,medium,medium,high,high,high,high,high,low
1138,medium,medium,low,medium,high,medium,low,low,high,high,medium,high,medium,medium,medium,high,medium,medium,low,low,medium,high,high,medium,medium,high,high,medium,low,high,high,low,low,medium,low,medium,high,high,high,high,high,medium,low,medium,medium,low,low,high,medium,low,low,high,low,high,high,medium,low,low,high,medium,low,low,low,low,medium,high,high,high,low,high,high,medium,medium,medium,medium,high,high,low,medium,high,medium,low,medium,low,medium,medium,medium,medium,medium,medium,medium,low,medium,high,high,high,high,high,high,low
1139,low,low,low,high,high,low,high,medium,high,high,medium,high,medium,low,low,low,medium,medium,high,high,low,medium,low,high,medium,medium,medium,medium,medium,low,low,high,high,medium,medium,low,high,high,high,high,medium,medium,medium,medium,medium,medium,low,high,medium,low,low,low,medium,high,high,medium,low,low,medium,medium,medium,medium,medium,medium,low,high,high,high,medium,high,high,low,low,low,high,medium,low,low,low,high,medium,low,medium,low,medium,medium,medium,low,low,medium,high,medium,medium,low,high,medium,medium,high,high,low
1140,medium,medium,medium,high,low,medium,high,low,medium,high,low,low,high,high,low,low,medium,medium,high,high,medium,low,medium,medium,high,medium,medium,medium,high,low,medium,high,medium,medium,medium,high,high,high,high,high,high,medium,medium,medium,medium,medium,low,high,high,low,low,low,medium,high,medium,medium,low,low,medium,medium,low,medium,low,medium,low,high,high,high,low,high,high,medium,medium,medium,high,high,medium,high,low,low,medium,medium,medium,medium,medium,medium,high,medium,medium,medium,high,medium,medium,medium,low,medium,high,high,high,low
1141,low,low,medium,high,high,low,low,low,low,high,low,low,low,high,medium,medium,high,high,medium,medium,low,medium,high,high,high,medium,medium,high,high,medium,high,medium,medium,high,high,high,high,high,high,high,high,high,high,high,high,high,high,high,high,high,high,high,high,low,low,low,low,high,high,high,high,high,high,high,high,high,high,high,high,high,high,low,low,low,high,high,low,low,high,high,high,high,high,high,high,high,high,medium,low,high,high,high,high,low,high,medium,low,low,low,high
1142,medium,low,low,low,medium,low,low,high,medium,high,low,low,high,high,medium,high,high,low,high,high,high,high,high,medium,high,high,high,high,low,high,high,low,low,high,high,high,high,high,high,medium,medium,high,high,high,high,high,high,low,medium,high,high,low,high,low,low,low,low,medium,high,medium,medium,high,high,high,low,high,high,high,high,high,high,low,low,low,high,medium,low,low,medium,high,high,high,high,high,high,high,high,high,medium,high,high,high,high,low,high,medium,low,low,low,high
1143,high,low,low,high,high,low,medium,low,medium,high,low,medium,high,medium,low,medium,low,medium,high,medium,medium,medium,low,low,high,high,high,low,medium,medium,low,medium,medium,medium,medium,medium,high,high,high,medium,medium,medium,medium,medium,medium,medium,medium,medium,medium,medium,medium,low,medium,medium,low,low,medium,medium,medium,medium,medium,medium,medium,medium,low,medium,medium,high,medium,high,high,medium,medium,medium,high,low,low,high,high,low,medium,medium,medium,medium,medium,medium,medium,high,high,medium,medium,medium,medium,low,low,low,medium,high,high,low
1144,medium,medium,medium,medium,medium,low,high,high,medium,high,medium,low,low,low,low,high,high,low,medium,low,medium,high,high,high,high,high,high,high,medium,high,high,low,low,medium,medium,low,medium,low,medium,medium,medium,medium,medium,medium,medium,medium,medium,medium,medium,medium,medium,high,medium,medium,medium,high,high,high,medium,medium,low,medium,medium,medium,low,medium,medium,high,high,high,high,medium,medium,medium,low,high,high,low,high,high,medium,medium,medium,medium,medium,medium,medium,medium,medium,medium,low,medium,medium,high,high,low,high,medium,medium,low
1145,low,medium,low,high,high,low,low,low,medium,medium,medium,low,low,medium,medium,high,medium,high,high,medium,high,high,medium,high,medium,low,low,medium,low,high,medium,low,low,medium,high,medium,medium,medium,medium,medium,low,low,low,high,high,high,high,medium,low,high,high,low,high,low,high,high,medium,low,low,medium,medium,high,high,high,low,low,low,medium,high,high,high,high,medium,medium,low,medium,high,low,low,high,medium,high,medium,high,medium,medium,medium,low,low,medium,low,high,medium,high,high,high,low,low,low,high
1146,low,low,low,medium,high,low,low,low,high,high,low,medium,low,medium,low,high,low,high,high,high,high,high,medium,medium,medium,high,medium,low,low,high,medium,low,medium,low,medium,medium,medium,medium,medium,medium,low,low,medium,medium,medium,medium,medium,low,low,high,high,low,medium,medium,high,high,high,low,low,low,medium,low,medium,medium,low,low,low,low,medium,high,high,high,medium,medium,high,low,low,high,low,low,medium,low,medium,low,medium,medium,medium,low,low,low,low,medium,medium,low,low,high,low,low,medium,medium
1147,low,low,medium,low,low,low,high,high,high,high,low,low,low,medium,low,high,low,low,low,medium,high,high,medium,medium,medium,high,high,low,low,high,low,low,high,high,high,high,high,high,high,high,high,high,high,high,high,high,high,high,high,high,high,medium,high,low,low,low,medium,low,high,high,high,high,high,high,high,medium,medium,medium,medium,high,high,low,low,low,high,high,low,high,low,low,high,high,high,high,high,high,high,medium,low,high,high,high,high,low,low,high,low,low,low,high
1148,medium,medium,low,medium,low,medium,medium,high,low,medium,low,low,medium,high,high,high,high,high,high,high,medium,medium,high,medium,medium,medium,low,high,medium,medium,high,medium,low,medium,medium,low,medium,medium,medium,medium,medium,medium,medium,low,low,medium,low,medium,medium,low,low,medium,medium,medium,medium,medium,low,low,medium,medium,medium,medium,medium,medium,medium,medium,medium,medium,low,high,high,medium,medium,medium,medium,medium,high,high,medium,low,medium,medium,medium,medium,medium,medium,medium,medium,medium,medium,medium,medium,medium,medium,low,high,high,high,high,low
1149,low,low,low,high,low,medium,medium,medium,low,high,high,medium,high,high,low,low,medium,low,low,low,low,low,medium,low,high,medium,medium,medium,high,low,medium,high,high,high,high,low,medium,high,medium,medium,high,high,high,high,high,high,high,medium,high,high,high,low,high,low,medium,low,low,low,low,high,medium,high,high,high,low,medium,medium,medium,high,high,high,medium,medium,medium,medium,high,high,low,medium,high,high,medium,high,medium,high,high,high,medium,low,high,medium,high,high,high,high,medium,low,low,low,high
1150,low,medium,high,high,high,medium,medium,high,high,medium,low,high,high,medium,low,high,high,high,medium,low,high,high,high,high,medium,high,medium,high,low,high,high,low,low,medium,medium,high,high,high,high,high,high,medium,medium,medium,medium,medium,low,high,medium,low,medium,high,medium,high,medium,medium,low,high,medium,medium,medium,medium,low,medium,low,medium,medium,high,low,high,high,medium,medium,medium,high,medium,low,low,high,high,medium,high,medium,high,medium,medium,high,medium,low,medium,high,medium,medium,low,high,medium,medium,high,high,low
1151,medium,low,low,medium,low,medium,high,high,high,high,low,low,medium,low,low,low,high,low,low,low,low,low,medium,high,high,medium,medium,high,high,low,high,high,high,medium,medium,medium,low,low,low,medium,medium,high,medium,medium,medium,medium,medium,medium,medium,medium,low,high,medium,medium,medium,medium,medium,high,high,medium,low,medium,medium,medium,low,high,medium,medium,medium,high,high,medium,medium,medium,medium,medium,medium,low,high,high,medium,medium,medium,medium,medium,medium,medium,medium,medium,medium,low,medium,medium,medium,high,high,low,medium,medium,medium
1152,high,low,low,high,high,low,low,low,high,high,low,low,high,high,low,high,medium,low,low,low,low,high,high,medium,high,high,high,medium,medium,high,high,low,medium,low,low,medium,low,low,low,low,low,low,low,low,low,low,low,medium,medium,low,low,low,low,high,high,medium,medium,low,medium,low,low,low,low,low,low,medium,medium,low,low,high,high,medium,medium,medium,medium,low,medium,low,high,high,low,low,low,low,low,low,low,high,high,low,low,low,low,low,high,high,low,low,low,medium
1153,low,medium,low,high,medium,low,medium,low,high,high,medium,low,medium,low,low,high,medium,medium,medium,low,medium,high,low,high,high,medium,medium,medium,low,high,low,low,medium,high,high,medium,medium,medium,low,low,low,medium,high,high,high,high,high,low,low,high,high,high,high,low,low,medium,medium,low,medium,high,high,high,high,high,high,high,medium,low,high,high,high,high,medium,medium,low,high,high,high,low,low,high,medium,high,medium,high,high,high,low,low,high,high,high,high,high,low,low,low,low,low,high
1154,high,medium,medium,medium,high,high,low,low,medium,high,medium,high,high,high,high,medium,high,low,low,low,medium,low,high,medium,medium,medium,medium,high,high,low,high,high,low,medium,low,high,high,high,medium,medium,medium,low,low,low,low,low,low,medium,medium,low,low,low,low,high,medium,medium,low,high,high,medium,low,low,low,low,low,high,high,medium,low,high,high,high,medium,medium,medium,medium,medium,low,low,high,low,low,low,low,low,low,medium,high,high,medium,medium,low,low,medium,high,high,high,high,high,low
1155,medium,low,low,medium,low,medium,medium,low,low,high,low,high,high,high,high,high,low,low,high,high,high,high,low,low,medium,high,high,low,low,medium,low,low,high,medium,low,high,medium,high,medium,medium,medium,medium,low,low,low,low,low,medium,low,low,low,low,low,high,medium,medium,low,low,medium,medium,low,low,low,low,low,medium,medium,medium,low,high,high,high,medium,medium,medium,low,low,high,medium,low,medium,low,medium,low,low,low,medium,medium,medium,medium,medium,low,low,low,low,medium,high,high,high,low
1156,medium,low,low,medium,low,low,high,high,medium,high,medium,medium,high,high,low,medium,low,medium,medium,medium,medium,high,medium,medium,high,medium,medium,low,medium,high,medium,medium,high,medium,medium,low,low,high,high,high,medium,medium,medium,medium,medium,medium,low,medium,medium,medium,medium,high,medium,medium,medium,high,medium,high,medium,medium,medium,medium,medium,medium,low,medium,medium,high,medium,high,high,medium,medium,medium,medium,high,high,high,high,high,medium,medium,medium,medium,medium,medium,medium,medium,medium,medium,medium,medium,medium,high,high,high,medium,high,high,low
1157,high,low,low,high,medium,medium,high,low,low,high,medium,high,high,medium,low,high,high,medium,high,high,low,high,medium,high,medium,medium,medium,high,medium,high,high,low,low,medium,medium,high,medium,high,high,high,high,high,medium,medium,medium,medium,low,high,high,low,low,low,medium,medium,low,low,medium,high,low,medium,medium,medium,medium,medium,low,medium,medium,medium,low,high,high,medium,medium,medium,medium,high,medium,low,high,high,medium,medium,medium,medium,medium,medium,high,high,high,medium,medium,low,medium,medium,high,low,high,high,high,low
1158,low,low,medium,low,high,medium,low,medium,low,high,low,medium,medium,low,low,medium,low,low,low,high,high,high,low,low,medium,high,high,low,low,high,low,medium,high,high,high,medium,high,medium,high,high,high,high,high,high,high,high,high,high,high,high,high,high,high,low,low,low,low,medium,medium,medium,high,high,high,high,medium,high,medium,high,high,high,high,high,low,high,high,high,low,low,high,high,high,high,high,high,high,high,high,low,low,high,high,high,high,low,high,medium,low,low,low,high
1159,low,low,low,low,high,high,low,medium,medium,high,low,medium,high,high,low,high,medium,low,medium,high,high,high,high,high,high,high,high,medium,low,high,medium,low,low,high,high,high,medium,high,high,high,high,high,high,high,high,high,high,high,high,high,high,medium,high,low,low,low,low,low,high,high,high,high,high,high,high,high,high,high,high,high,high,low,low,low,high,high,low,low,medium,high,high,high,high,high,high,high,high,medium,low,high,high,high,high,low,high,low,low,low,low,high
1160,medium,medium,medium,medium,low,low,low,low,medium,high,high,high,high,medium,low,medium,high,medium,medium,medium,low,medium,high,medium,low,medium,medium,high,medium,medium,high,medium,medium,high,high,high,medium,high,high,high,medium,medium,high,high,high,high,medium,high,medium,high,high,low,high,low,low,low,low,low,high,medium,high,high,high,high,low,high,high,medium,medium,high,high,high,medium,medium,medium,high,high,low,medium,high,medium,high,medium,high,medium,high,high,medium,medium,high,medium,high,high,high,high,low,low,medium,medium,medium
1161,low,low,low,low,medium,medium,low,low,low,high,low,medium,medium,medium,low,high,high,low,low,medium,low,low,high,high,high,high,high,high,high,low,high,medium,low,high,high,high,high,high,high,high,high,high,high,high,high,high,high,high,high,high,high,low,high,low,low,low,low,medium,medium,high,high,high,high,high,high,high,high,high,high,high,high,low,low,low,high,high,low,low,low,medium,high,high,high,high,high,high,high,low,low,high,high,high,high,low,low,medium,low,low,low,high
1162,low,low,medium,low,medium,medium,low,medium,medium,high,high,high,high,low,medium,medium,medium,high,medium,medium,medium,high,medium,high,high,medium,medium,medium,medium,high,medium,medium,high,high,high,medium,high,high,high,medium,medium,low,high,high,high,high,high,low,low,high,high,medium,high,low,high,high,medium,medium,medium,low,medium,high,high,high,high,medium,medium,low,high,high,high,low,low,low,high,low,low,high,high,low,high,high,high,high,high,high,high,low,low,high,medium,high,high,low,low,low,low,low,low,high
1163,low,low,low,high,high,low,low,low,high,high,low,high,high,medium,medium,high,high,low,low,low,high,high,high,high,high,medium,medium,high,low,high,high,low,low,medium,medium,low,medium,medium,high,medium,medium,medium,low,medium,medium,medium,low,medium,medium,medium,medium,medium,medium,medium,medium,low,low,medium,high,high,medium,medium,medium,medium,medium,high,high,medium,low,high,high,medium,medium,medium,medium,high,high,low,high,high,medium,medium,medium,medium,medium,medium,medium,low,low,medium,medium,medium,medium,high,high,medium,high,medium,medium,low
1164,low,low,low,medium,low,low,medium,low,medium,high,medium,high,high,high,low,high,high,high,medium,medium,medium,high,high,high,high,medium,low,high,low,high,high,low,low,high,high,low,high,high,high,high,high,high,high,high,high,high,medium,high,high,medium,medium,high,high,low,low,low,low,high,high,high,high,high,high,high,medium,high,high,medium,medium,high,high,high,medium,medium,high,high,medium,low,medium,high,high,high,high,high,high,high,high,low,low,high,high,high,high,high,high,low,medium,low,low,low
1165,high,low,low,low,high,medium,high,high,low,high,high,medium,medium,high,high,high,high,low,high,high,medium,medium,high,high,medium,high,high,high,medium,medium,high,low,low,low,low,medium,low,low,low,medium,low,low,low,low,low,low,low,medium,medium,low,low,high,low,high,high,high,medium,medium,high,medium,low,low,low,low,low,medium,medium,medium,low,high,high,low,low,low,medium,low,low,low,high,high,low,medium,low,medium,low,low,low,medium,high,low,low,low,low,low,high,low,medium,medium,medium,low
1166,low,low,low,medium,high,medium,low,low,low,high,low,medium,medium,medium,low,high,high,medium,low,low,low,medium,high,high,high,medium,medium,high,medium,medium,high,low,low,medium,high,high,medium,medium,medium,medium,low,low,medium,high,high,high,high,low,low,high,high,low,high,low,medium,high,medium,medium,low,low,low,high,high,high,low,medium,medium,high,high,high,high,high,medium,medium,high,low,low,low,high,high,high,high,high,high,high,high,high,low,low,medium,medium,high,high,low,high,low,low,low,low,high
1167,low,high,high,medium,low,low,low,high,high,medium,low,high,high,high,medium,medium,medium,low,medium,high,medium,medium,low,high,high,medium,medium,medium,medium,medium,low,medium,high,low,low,high,medium,medium,low,low,medium,medium,low,low,low,low,medium,low,medium,low,low,low,low,high,medium,medium,low,medium,medium,medium,low,low,low,low,high,medium,medium,medium,low,high,high,medium,medium,medium,low,medium,medium,low,medium,high,low,medium,low,medium,low,low,medium,low,low,low,low,medium,low,medium,high,low,high,high,high,low
1168,low,low,low,medium,low,low,high,high,medium,high,low,high,high,medium,low,high,high,high,high,high,medium,high,high,high,high,medium,low,high,low,high,high,low,low,low,low,medium,medium,low,low,low,low,low,low,low,low,low,low,low,low,low,low,low,low,high,high,high,high,low,low,low,low,low,low,low,high,low,low,high,low,high,high,low,low,low,low,low,medium,low,medium,high,low,low,low,low,low,low,low,low,low,low,low,low,low,medium,high,high,high,high,high,low
1169,low,medium,low,medium,medium,high,medium,low,medium,high,low,high,high,low,low,medium,low,high,high,high,high,high,low,low,low,low,low,low,low,medium,low,high,high,low,low,medium,low,low,low,low,low,low,low,low,low,low,medium,low,low,low,low,high,low,high,high,high,high,medium,low,low,low,low,low,low,low,low,low,medium,medium,high,high,high,low,high,low,low,medium,high,high,medium,low,low,low,low,low,low,low,low,low,low,low,low,low,medium,medium,low,medium,medium,medium,low
1170,high,low,medium,low,low,low,medium,low,high,high,medium,high,medium,low,low,high,high,high,high,medium,low,medium,high,high,medium,medium,medium,high,medium,medium,high,low,low,low,medium,medium,medium,low,low,low,low,low,medium,medium,medium,medium,medium,low,medium,medium,medium,low,low,high,high,medium,medium,high,low,low,low,low,low,low,low,low,low,low,medium,high,high,low,low,low,medium,low,low,high,low,low,medium,medium,medium,medium,medium,medium,low,medium,high,low,low,medium,medium,low,low,low,low,low,low,high
1171,medium,medium,medium,medium,low,low,high,medium,high,high,low,medium,high,low,low,medium,low,low,high,high,high,medium,low,low,medium,medium,medium,low,low,medium,low,medium,high,low,low,low,low,low,low,low,low,low,low,low,low,low,medium,low,low,medium,medium,low,low,high,high,high,high,medium,low,low,low,low,low,low,high,low,low,low,medium,high,high,low,low,low,low,low,medium,low,medium,high,low,low,low,low,low,low,low,low,medium,low,low,low,low,medium,high,low,medium,medium,high,low
1172,low,low,medium,medium,low,medium,high,high,high,high,low,low,low,low,medium,high,high,low,medium,low,medium,medium,high,high,medium,high,high,high,medium,medium,high,low,low,high,high,high,medium,medium,medium,high,high,high,high,high,high,high,high,high,high,high,high,low,high,low,low,low,low,low,high,high,high,high,high,high,high,high,high,high,high,high,high,medium,medium,medium,high,medium,low,high,low,low,high,high,high,high,high,high,high,medium,low,high,high,high,high,low,low,medium,low,low,low,high
1173,low,low,low,high,high,low,low,low,high,high,low,low,medium,medium,low,high,high,high,medium,medium,medium,high,high,high,high,high,medium,high,low,high,high,low,low,low,low,low,low,low,low,low,low,low,low,low,low,low,medium,low,low,medium,medium,low,low,high,high,high,high,low,low,low,low,low,low,low,medium,low,low,medium,medium,high,high,medium,medium,medium,low,low,low,low,medium,high,low,low,low,low,low,low,low,low,low,low,low,low,low,low,high,low,medium,medium,medium,low
1174,low,low,low,low,low,medium,medium,medium,high,high,high,medium,high,low,medium,high,high,medium,medium,low,low,medium,high,high,high,high,high,high,medium,high,high,low,low,medium,high,medium,low,low,low,medium,medium,high,high,high,high,high,high,high,medium,medium,medium,high,medium,low,low,medium,medium,medium,low,medium,high,medium,high,medium,medium,medium,low,low,high,high,high,medium,medium,medium,high,low,low,low,high,high,high,high,high,high,high,high,high,medium,low,high,medium,high,high,low,high,high,medium,low,low,low
1175,medium,low,high,high,low,medium,medium,low,high,high,low,low,low,low,medium,high,high,high,low,medium,low,medium,high,high,high,high,medium,high,high,medium,high,low,low,medium,medium,low,low,low,low,low,low,medium,medium,medium,medium,medium,high,medium,medium,medium,medium,low,medium,high,medium,medium,medium,medium,low,medium,low,medium,medium,medium,low,medium,medium,high,medium,high,high,high,medium,medium,high,low,low,low,low,low,high,medium,high,medium,medium,medium,medium,medium,medium,medium,low,high,medium,low,high,medium,low,low,low,high
1176,low,low,low,high,high,low,low,low,high,high,low,low,low,low,low,high,high,medium,medium,high,medium,low,high,medium,medium,high,high,high,medium,medium,high,low,low,medium,medium,low,low,low,low,low,medium,medium,low,medium,medium,medium,medium,medium,high,low,low,low,medium,high,medium,low,medium,low,high,low,medium,low,low,medium,low,high,medium,medium,low,high,high,low,low,low,high,low,low,high,medium,low,low,low,low,low,low,low,medium,low,low,medium,low,medium,low,low,low,medium,medium,medium,medium,low
1177,medium,low,low,high,low,low,medium,low,low,high,low,high,medium,high,low,high,high,low,low,low,low,medium,high,high,high,high,high,high,medium,high,high,low,low,high,high,low,low,low,low,medium,medium,high,high,high,high,high,high,medium,high,high,high,low,high,low,low,medium,high,medium,low,high,high,high,high,high,low,low,low,low,high,high,high,medium,medium,medium,high,low,low,high,low,low,high,high,high,high,high,high,high,high,medium,high,high,high,high,low,low,medium,low,low,low,high
1178,high,high,high,medium,low,low,high,high,high,medium,high,medium,medium,high,low,low,high,low,low,low,low,low,high,high,high,low,medium,high,high,low,high,high,medium,low,medium,low,low,low,low,low,medium,medium,medium,medium,medium,medium,medium,high,high,low,low,medium,medium,medium,medium,high,high,high,low,medium,medium,medium,medium,medium,medium,low,low,low,medium,low,low,medium,medium,high,medium,low,medium,high,low,low,low,medium,low,medium,medium,medium,low,medium,high,medium,low,medium,medium,medium,medium,high,high,high,high,low
1179,medium,high,high,high,medium,low,low,medium,high,high,high,high,high,high,medium,medium,medium,medium,low,medium,medium,medium,medium,high,high,high,high,medium,medium,medium,medium,medium,medium,low,low,low,low,low,low,low,low,low,low,low,low,low,low,low,low,low,low,low,low,high,high,high,high,high,low,low,low,low,low,low,low,low,low,low,low,high,high,medium,medium,medium,low,low,medium,low,low,high,low,low,low,low,low,low,low,medium,medium,low,low,low,low,medium,high,low,high,high,high,low
1180,medium,medium,medium,high,medium,medium,low,low,low,high,medium,high,low,low,high,high,medium,low,low,high,medium,high,high,medium,high,high,high,medium,medium,high,medium,low,low,medium,medium,high,medium,medium,medium,medium,low,low,low,medium,medium,medium,medium,medium,medium,high,high,low,medium,medium,high,high,high,low,low,low,low,medium,medium,medium,high,low,low,low,high,high,high,high,medium,medium,medium,medium,medium,high,low,low,low,high,low,high,medium,medium,medium,medium,medium,medium,medium,medium,medium,low,low,low,medium,medium,high,low
1181,medium,low,low,high,medium,medium,medium,low,high,high,medium,low,low,medium,high,high,medium,high,high,high,high,high,high,high,high,high,medium,medium,low,high,medium,low,low,low,low,low,medium,medium,medium,low,low,low,low,low,low,low,low,low,low,medium,medium,low,low,high,high,high,high,medium,low,low,low,low,low,low,low,low,low,high,medium,high,high,high,low,high,medium,low,medium,high,low,low,low,medium,low,medium,low,low,low,medium,medium,low,low,medium,low,medium,low,low,low,medium,medium,medium
1182,medium,low,medium,low,low,low,low,medium,medium,high,low,low,low,low,low,high,high,low,low,low,low,medium,high,high,high,high,high,high,medium,high,high,low,low,high,high,high,high,high,high,medium,medium,medium,high,high,high,high,high,medium,medium,high,high,low,high,low,low,high,medium,low,medium,low,low,high,high,high,low,medium,medium,high,high,high,high,medium,medium,medium,high,low,low,high,low,low,high,high,high,high,high,high,high,high,medium,high,high,high,high,low,low,high,low,low,low,high
1183,low,low,medium,low,high,high,low,medium,low,high,low,medium,low,low,high,medium,medium,high,high,high,medium,medium,high,medium,medium,low,low,medium,medium,low,high,high,medium,medium,medium,medium,medium,medium,medium,medium,medium,medium,medium,medium,medium,medium,medium,medium,medium,medium,medium,low,medium,medium,low,medium,medium,high,medium,medium,high,medium,medium,medium,high,medium,medium,low,medium,high,high,high,medium,medium,high,medium,low,low,low,high,medium,high,medium,high,medium,medium,medium,low,low,medium,medium,medium,medium,low,high,high,low,medium,medium,medium
1184,low,low,low,medium,high,high,low,low,medium,high,low,low,medium,low,low,low,high,low,low,low,low,low,low,medium,high,high,high,high,high,low,medium,high,high,high,high,high,high,high,high,high,high,high,high,high,high,high,high,high,high,high,high,high,high,low,low,low,low,high,high,high,high,high,high,high,medium,high,high,high,high,low,low,high,medium,high,high,medium,low,high,low,low,medium,high,medium,high,high,high,high,medium,low,high,high,high,high,low,low,high,low,low,low,medium
1185,medium,high,high,high,medium,high,medium,medium,medium,medium,low,low,low,low,medium,medium,medium,medium,medium,medium,medium,medium,medium,medium,medium,low,low,medium,medium,medium,medium,medium,medium,low,low,medium,low,low,low,low,low,low,low,low,low,low,medium,low,low,medium,medium,medium,low,high,high,high,high,medium,low,low,low,low,low,low,medium,low,low,medium,medium,low,low,low,low,low,low,low,medium,high,low,low,low,low,low,low,low,low,low,medium,medium,low,low,low,low,low,medium,high,medium,medium,medium,low
1186,medium,medium,medium,medium,low,high,medium,medium,low,high,high,high,high,high,low,high,medium,high,high,high,medium,medium,high,high,medium,low,low,medium,medium,medium,medium,medium,medium,medium,high,low,low,low,low,low,low,medium,high,high,high,high,high,low,low,high,high,low,high,low,low,medium,high,medium,low,medium,high,high,high,high,high,low,low,high,high,low,low,medium,medium,medium,low,high,high,medium,medium,medium,medium,high,medium,high,high,high,medium,low,medium,medium,low,high,high,medium,low,high,low,low,low,high
1187,low,medium,medium,medium,medium,high,high,medium,low,low,high,medium,medium,medium,high,high,high,high,high,high,medium,medium,high,medium,high,medium,low,high,medium,medium,high,low,low,medium,low,high,high,medium,medium,medium,medium,low,low,low,low,low,low,medium,medium,low,low,low,low,high,high,medium,low,medium,medium,medium,low,low,low,low,high,high,high,medium,low,medium,medium,medium,medium,high,medium,low,low,medium,medium,medium,low,low,low,low,low,low,medium,low,low,medium,medium,low,low,low,low,high,high,high,high,low
1188,medium,high,medium,low,medium,low,low,high,medium,medium,high,high,low,high,medium,medium,low,high,high,high,medium,medium,low,medium,low,low,low,low,medium,high,low,medium,high,medium,low,medium,medium,medium,medium,low,medium,medium,low,low,low,low,low,low,low,medium,low,high,low,high,high,high,high,medium,medium,medium,medium,medium,low,low,low,low,low,high,medium,medium,medium,high,medium,high,low,medium,high,medium,high,high,low,low,low,low,low,low,medium,low,medium,medium,medium,low,low,high,high,high,high,high,high,low
1189,low,high,high,medium,medium,high,medium,medium,high,low,high,medium,medium,medium,medium,high,high,medium,high,high,medium,medium,high,high,medium,high,high,high,medium,high,high,low,low,medium,low,high,high,high,high,high,medium,medium,low,medium,medium,low,low,medium,low,medium,medium,high,medium,medium,high,medium,low,medium,medium,medium,medium,medium,medium,medium,low,medium,medium,high,medium,medium,medium,medium,medium,high,medium,medium,medium,high,medium,low,medium,medium,medium,medium,medium,medium,medium,low,low,medium,high,low,medium,medium,high,low,high,high,high,low
1190,high,high,medium,medium,low,low,medium,low,medium,medium,high,medium,high,low,low,high,high,medium,medium,low,low,high,high,high,medium,medium,medium,high,medium,high,high,low,low,low,low,high,high,medium,medium,medium,medium,low,low,low,low,low,low,medium,medium,low,medium,low,low,high,high,medium,medium,low,low,low,medium,low,low,low,high,medium,medium,high,low,medium,medium,low,low,low,medium,low,low,low,medium,medium,low,medium,low,medium,low,medium,low,high,high,low,medium,medium,low,low,medium,high,medium,medium,medium,low
1191,low,medium,low,medium,medium,medium,low,low,low,medium,medium,medium,medium,medium,medium,high,high,medium,low,medium,medium,medium,high,medium,medium,medium,medium,high,medium,medium,high,low,low,low,low,medium,low,medium,medium,low,low,low,low,low,low,low,low,low,low,low,low,medium,low,high,high,high,medium,low,low,low,low,low,low,low,medium,low,low,medium,low,low,low,low,low,low,low,low,medium,medium,medium,medium,low,low,low,low,low,low,low,low,low,low,low,low,low,medium,medium,medium,medium,high,high,low
1192,medium,low,low,medium,medium,high,high,medium,low,medium,high,medium,high,medium,low,low,high,medium,low,low,low,low,high,high,high,medium,medium,high,high,low,high,medium,low,medium,medium,medium,low,medium,low,low,low,medium,medium,medium,medium,medium,high,low,low,high,high,high,medium,low,low,medium,high,medium,medium,medium,medium,high,high,medium,medium,medium,medium,high,high,medium,medium,low,low,low,medium,low,low,low,high,high,medium,medium,medium,medium,medium,medium,medium,medium,medium,medium,low,medium,medium,low,medium,high,low,medium,medium,medium
1193,medium,high,medium,medium,low,low,high,medium,high,low,low,medium,medium,medium,low,high,low,high,high,high,high,high,low,low,low,low,low,low,low,high,low,low,medium,low,low,medium,low,low,low,low,medium,medium,low,low,low,low,medium,low,medium,low,low,low,low,high,medium,high,high,medium,low,low,low,low,low,low,medium,low,low,medium,medium,medium,medium,high,medium,high,low,medium,high,medium,low,medium,medium,low,medium,low,medium,low,low,medium,medium,low,low,medium,low,high,medium,medium,medium,low,low,low
1194,high,high,high,low,low,low,low,medium,high,high,low,low,low,medium,high,medium,medium,low,low,low,medium,high,low,high,high,high,high,medium,medium,high,low,medium,high,low,low,medium,low,low,low,low,low,low,low,low,low,low,medium,low,low,high,high,low,low,high,high,high,high,low,low,low,low,low,low,low,high,low,low,low,high,medium,medium,medium,medium,medium,low,low,medium,medium,low,low,low,low,low,low,low,low,low,medium,high,low,low,low,low,low,medium,high,medium,medium,medium,low
1195,low,low,low,medium,medium,low,high,medium,low,low,low,medium,low,high,medium,low,high,medium,low,low,low,low,high,high,high,high,medium,high,high,low,high,high,medium,low,low,low,medium,low,low,low,low,low,low,low,low,low,medium,low,low,medium,medium,high,low,high,high,high,high,low,low,low,low,low,low,low,low,low,low,high,medium,high,high,low,low,low,low,low,high,low,high,high,low,low,low,low,low,low,low,low,low,low,low,low,low,high,high,low,high,high,high,low
1196,high,medium,medium,high,low,low,medium,high,high,medium,medium,medium,high,high,high,low,medium,medium,low,low,medium,low,medium,high,high,medium,medium,medium,high,low,medium,high,high,medium,low,low,medium,medium,medium,medium,medium,low,low,low,low,low,low,medium,high,low,low,low,low,high,medium,medium,low,high,high,low,low,low,low,low,high,medium,high,medium,low,medium,medium,high,medium,high,low,medium,high,low,low,medium,medium,low,medium,low,medium,medium,medium,high,high,high,high,medium,medium,high,medium,low,high,high,high,low
1197,high,high,high,high,medium,medium,medium,low,high,low,medium,high,low,high,medium,high,medium,low,medium,high,high,high,high,high,high,high,high,medium,low,high,medium,medium,medium,high,high,low,low,low,medium,low,medium,medium,high,high,high,high,high,medium,medium,high,high,low,high,low,low,low,low,medium,medium,high,high,high,high,high,low,high,high,medium,high,medium,medium,low,low,low,high,low,low,low,low,medium,high,medium,high,medium,high,high,high,high,high,high,high,high,high,low,low,high,low,low,low,medium
1198,low,high,high,medium,medium,high,low,high,high,low,high,high,low,high,high,medium,low,medium,medium,high,high,high,medium,low,low,high,high,low,low,high,medium,medium,medium,low,medium,low,low,low,low,low,low,medium,medium,medium,medium,medium,medium,low,medium,medium,medium,medium,low,high,medium,medium,medium,low,low,low,medium,medium,low,low,medium,low,low,high,medium,medium,medium,medium,medium,medium,low,medium,high,high,low,low,medium,medium,medium,medium,medium,medium,low,low,low,low,low,medium,low,high,medium,high,medium,low,low,low
1199,low,low,low,medium,low,high,low,low,low,low,low,low,high,high,high,high,medium,medium,low,high,medium,medium,medium,low,low,medium,medium,medium,medium,medium,medium,low,low,medium,medium,medium,low,medium,low,medium,medium,medium,medium,medium,medium,medium,high,medium,medium,high,high,low,medium,low,medium,medium,medium,high,medium,medium,medium,medium,high,medium,high,medium,medium,low,high,medium,medium,medium,medium,medium,high,low,low,low,medium,medium,medium,medium,medium,medium,low,medium,medium,low,low,low,medium,medium,medium,low,low,medium,low,medium,medium,medium
1200,high,high,high,high,medium,low,low,high,high,high,high,high,high,high,high,medium,high,high,high,medium,medium,medium,high,medium,medium,low,low,high,medium,medium,high,medium,medium,low,medium,low,low,low,low,low,medium,medium,medium,low,low,medium,medium,low,medium,low,low,low,low,high,medium,medium,high,medium,low,low,low,low,low,low,medium,low,low,medium,low,medium,medium,medium,medium,medium,low,medium,high,high,low,low,medium,low,medium,low,medium,medium,low,high,high,low,low,low,low,high,medium,high,high,medium,medium,low
1201,high,low,high,medium,high,high,medium,medium,medium,high,low,high,high,high,high,low,low,high,high,medium,medium,low,low,low,low,low,low,low,high,low,low,high,high,medium,medium,medium,low,low,medium,medium,high,high,medium,medium,medium,medium,medium,medium,high,medium,medium,low,medium,medium,medium,medium,high,medium,low,high,medium,medium,medium,medium,low,low,low,low,medium,medium,medium,low,low,low,high,medium,low,low,medium,medium,high,high,high,high,high,high,medium,high,high,high,high,high,high,low,low,low,low,high,medium,medium
1202,high,high,high,high,medium,high,high,high,high,low,high,high,high,high,medium,low,medium,medium,low,low,low,low,low,high,medium,high,high,medium,high,low,medium,high,high,low,medium,medium,low,low,low,low,low,medium,medium,medium,medium,medium,medium,low,low,medium,medium,low,low,high,high,medium,medium,high,low,low,low,medium,medium,low,high,low,low,high,medium,medium,medium,medium,medium,medium,low,medium,medium,high,low,low,medium,high,medium,high,high,medium,medium,high,high,high,high,medium,high,low,medium,high,low,medium,medium,medium
1203,high,high,medium,high,medium,medium,high,medium,low,high,low,medium,high,low,high,high,high,low,low,medium,low,medium,high,high,medium,high,high,high,high,medium,high,low,low,medium,high,medium,low,low,low,low,medium,high,high,high,high,high,high,low,high,high,high,medium,high,low,low,low,high,medium,low,high,high,high,high,high,high,low,low,low,high,medium,medium,high,medium,high,low,high,high,medium,medium,medium,high,high,high,high,high,high,medium,high,high,high,high,high,high,high,low,medium,low,medium,low,high
1204,high,low,high,low,medium,high,low,low,high,high,low,medium,high,high,high,low,high,medium,low,low,low,low,high,medium,high,medium,high,high,high,low,high,medium,low,medium,medium,high,medium,medium,low,medium,medium,medium,medium,medium,medium,medium,medium,medium,high,medium,low,high,medium,medium,medium,medium,medium,medium,medium,high,high,medium,medium,medium,low,medium,medium,medium,low,high,high,high,medium,high,medium,low,low,low,high,high,low,high,low,high,medium,medium,medium,high,high,high,high,medium,medium,medium,high,low,high,high,medium,low
1205,high,high,high,high,high,high,medium,high,high,high,high,high,high,high,high,low,low,high,low,low,medium,low,low,low,low,low,low,low,high,low,low,high,high,high,high,high,high,high,high,medium,medium,medium,high,high,high,high,high,low,low,high,high,medium,high,low,high,high,medium,medium,low,medium,low,high,high,high,high,low,medium,low,high,low,low,high,medium,high,high,medium,low,low,medium,medium,high,high,high,high,high,high,high,high,high,high,high,high,high,low,medium,medium,medium,high,medium,low
1206,high,medium,high,medium,high,high,medium,high,high,high,medium,high,high,medium,high,low,low,low,medium,low,medium,low,low,low,low,medium,medium,low,high,low,low,high,high,medium,medium,medium,medium,low,medium,low,low,medium,medium,medium,medium,medium,high,low,low,high,high,low,medium,medium,medium,low,high,medium,low,low,medium,medium,medium,medium,low,low,low,high,medium,high,high,high,medium,medium,medium,low,low,medium,low,low,high,high,high,high,high,high,medium,high,high,high,high,high,high,low,medium,low,low,medium,low,medium
1207,high,low,low,high,high,high,low,medium,medium,high,high,medium,high,high,high,low,low,low,low,low,low,low,low,low,low,low,low,low,high,low,low,high,high,low,low,low,low,low,low,low,low,low,low,low,low,low,low,low,low,medium,medium,low,medium,high,medium,low,high,medium,medium,low,low,medium,medium,medium,low,medium,medium,high,medium,low,low,low,low,high,low,low,low,high,low,low,low,low,low,low,low,low,low,medium,high,low,low,low,low,low,low,medium,medium,high,medium,low
1208,low,high,medium,low,medium,low,medium,medium,high,medium,high,high,medium,low,low,medium,low,high,high,high,high,medium,low,low,low,low,low,low,low,medium,low,medium,medium,medium,medium,medium,high,high,medium,medium,medium,high,medium,medium,medium,medium,medium,medium,medium,medium,medium,high,medium,medium,medium,high,high,medium,medium,medium,medium,medium,medium,medium,low,medium,medium,high,medium,low,low,medium,medium,medium,low,high,high,high,high,high,high,medium,high,medium,medium,medium,medium,low,low,medium,medium,medium,medium,high,high,medium,medium,low,low,low
1209,high,high,medium,medium,low,low,low,medium,high,high,low,low,medium,high,high,medium,medium,medium,medium,medium,medium,medium,medium,high,high,high,high,medium,medium,medium,medium,medium,medium,medium,medium,low,high,high,medium,medium,high,high,medium,medium,medium,medium,medium,high,high,low,low,high,medium,medium,low,low,low,medium,high,high,high,medium,medium,medium,medium,high,high,medium,low,low,low,low,low,low,high,medium,medium,low,high,high,medium,high,medium,high,medium,high,medium,high,high,medium,medium,medium,medium,medium,high,low,medium,medium,medium,low
1210,low,medium,medium,medium,low,medium,high,low,medium,low,high,medium,medium,low,medium,medium,low,high,high,high,high,high,low,low,low,low,low,low,low,medium,low,high,high,high,high,high,high,high,high,high,high,high,high,high,high,high,medium,high,high,high,high,high,high,medium,low,low,low,low,high,high,high,high,high,high,low,high,high,high,high,high,high,low,low,low,high,high,high,high,high,high,high,high,high,high,high,high,high,low,low,high,high,high,high,high,high,low,low,medium,medium,high
1211,low,high,medium,high,medium,low,high,high,medium,medium,low,low,high,high,medium,high,high,low,high,medium,medium,medium,high,high,high,high,high,high,medium,medium,high,low,low,high,medium,high,high,high,high,high,high,high,medium,medium,medium,medium,low,high,high,low,low,high,medium,medium,medium,low,low,low,high,high,high,medium,medium,medium,low,high,high,high,low,medium,medium,high,medium,high,high,high,medium,low,high,high,medium,medium,medium,medium,medium,medium,high,low,low,medium,high,medium,medium,medium,high,medium,high,high,high,low
1212,high,high,high,medium,medium,high,low,medium,high,medium,medium,high,medium,medium,low,low,high,low,low,low,low,low,medium,medium,high,high,high,high,high,low,high,high,medium,high,medium,medium,high,high,high,high,high,medium,medium,low,low,medium,low,high,medium,low,low,medium,medium,high,medium,low,low,high,high,medium,medium,medium,low,medium,medium,high,high,high,low,medium,medium,medium,medium,medium,high,high,medium,high,low,low,medium,medium,medium,medium,medium,medium,high,high,high,high,high,medium,medium,medium,medium,high,high,high,high,low
1213,low,medium,low,high,medium,medium,low,medium,low,low,low,low,low,low,high,low,medium,low,low,low,low,low,low,high,high,high,high,medium,high,low,medium,high,high,high,high,high,high,high,high,high,high,high,high,high,high,high,high,high,high,high,high,high,high,low,low,low,medium,low,high,high,high,high,high,high,medium,high,high,low,high,high,high,high,medium,high,high,high,high,medium,high,medium,high,high,high,high,high,high,high,low,low,high,high,high,high,high,low,high,low,low,low,medium
1214,medium,low,medium,medium,medium,medium,high,medium,medium,medium,low,low,medium,high,high,high,low,low,low,low,high,high,low,medium,high,high,high,low,low,high,low,low,high,high,high,low,high,high,high,high,high,high,high,high,high,high,high,high,high,high,high,high,high,low,low,low,low,high,high,high,high,high,high,high,medium,high,high,medium,high,low,low,low,low,medium,high,medium,low,medium,high,medium,high,high,high,high,high,high,high,high,medium,high,high,high,high,low,low,high,medium,low,low,low
1215,high,low,low,medium,high,medium,high,high,low,low,medium,medium,medium,medium,medium,high,medium,low,high,high,high,high,high,medium,low,low,low,medium,low,high,high,low,low,high,high,high,high,high,high,high,high,high,high,high,high,high,medium,high,high,high,high,high,high,medium,medium,low,low,high,high,high,high,high,high,high,low,high,high,high,high,medium,medium,high,medium,high,high,high,high,low,high,high,high,medium,high,medium,high,high,high,high,high,high,high,high,high,high,high,high,low,medium,medium,medium
1216,medium,medium,medium,low,medium,medium,low,medium,medium,high,low,medium,low,low,low,medium,high,high,high,medium,low,low,high,medium,medium,medium,low,high,high,low,high,medium,low,high,high,medium,low,medium,medium,low,high,high,high,high,high,high,high,medium,high,high,high,medium,high,low,medium,high,medium,low,low,medium,high,medium,high,high,high,medium,low,low,high,low,low,high,medium,high,high,medium,low,medium,medium,low,high,medium,high,medium,high,high,high,medium,medium,high,high,high,high,low,low,medium,low,low,medium,high
1217,high,low,low,high,medium,medium,high,medium,low,medium,medium,medium,medium,low,low,high,high,low,low,low,low,high,high,high,high,high,high,high,medium,high,high,medium,low,medium,medium,high,medium,medium,medium,medium,medium,medium,medium,medium,medium,medium,medium,medium,medium,high,high,high,medium,low,medium,medium,low,high,high,medium,low,medium,medium,medium,medium,medium,high,low,high,medium,medium,low,low,low,medium,medium,medium,medium,high,high,low,medium,low,medium,medium,low,medium,high,high,medium,medium,medium,medium,high,medium,low,low,high,high,medium
1218,high,low,low,low,medium,medium,medium,low,low,low,high,high,medium,high,high,high,medium,high,high,high,high,medium,medium,medium,high,medium,medium,medium,low,high,medium,low,low,medium,low,medium,high,medium,high,medium,medium,low,low,low,low,low,low,low,low,low,low,medium,low,high,high,medium,medium,medium,medium,medium,low,low,low,low,medium,medium,medium,medium,low,medium,medium,low,low,low,medium,low,low,low,high,high,medium,low,medium,low,low,low,medium,high,high,medium,medium,low,medium,low,medium,medium,low,medium,medium,medium
1219,medium,medium,medium,low,medium,high,high,medium,medium,medium,medium,medium,medium,low,low,medium,medium,medium,low,low,medium,medium,medium,medium,high,medium,medium,medium,medium,high,medium,medium,medium,high,high,low,high,high,high,medium,medium,high,high,high,high,high,medium,low,medium,high,high,medium,high,medium,low,low,medium,high,high,high,high,high,medium,high,medium,medium,medium,medium,medium,low,low,low,low,medium,high,medium,low,medium,high,medium,low,high,low,high,medium,medium,high,medium,medium,medium,high,high,high,low,medium,low,medium,medium,medium,low
1220,high,medium,medium,high,medium,medium,high,medium,low,medium,medium,low,high,low,low,medium,medium,low,medium,low,low,medium,medium,low,medium,high,high,medium,medium,medium,medium,medium,medium,low,low,medium,low,low,low,low,low,low,low,low,low,low,low,low,low,low,low,medium,low,high,high,high,high,low,low,low,low,low,low,low,medium,low,low,medium,medium,low,low,low,low,medium,low,low,medium,medium,medium,medium,low,low,low,low,low,low,low,high,high,low,low,low,low,medium,medium,high,medium,high,high,low
1221,medium,medium,medium,high,medium,high,medium,low,low,medium,high,high,low,medium,high,low,low,low,high,high,medium,medium,low,medium,medium,high,high,low,medium,low,low,high,high,low,low,medium,low,low,low,low,medium,low,low,low,low,low,low,low,medium,low,low,low,low,high,high,high,medium,high,low,low,low,low,low,low,medium,low,low,medium,low,medium,medium,low,low,low,medium,low,low,low,medium,medium,low,low,low,low,low,low,low,medium,medium,low,low,low,low,low,medium,low,medium,high,high,low
1222,low,high,medium,low,low,medium,high,high,high,low,medium,low,high,high,medium,high,low,low,high,high,high,high,medium,low,low,low,low,low,low,high,medium,low,low,low,medium,medium,high,medium,low,low,low,low,low,medium,medium,medium,medium,low,low,high,high,high,low,medium,high,high,high,medium,low,low,low,medium,medium,low,low,low,low,high,high,medium,medium,high,low,high,low,medium,high,medium,high,high,low,medium,low,medium,low,low,low,low,low,low,low,medium,low,high,high,low,medium,low,low,low
1223,high,medium,medium,medium,medium,medium,medium,high,medium,high,low,low,low,low,medium,medium,medium,high,medium,low,medium,medium,medium,low,medium,low,low,medium,medium,high,medium,medium,medium,low,low,low,low,low,medium,medium,low,low,low,low,low,low,low,medium,low,low,low,low,low,high,high,high,medium,low,medium,medium,low,low,low,low,high,medium,medium,low,low,low,low,high,medium,high,medium,low,medium,low,medium,high,low,medium,low,medium,low,low,low,high,high,low,medium,low,low,medium,medium,medium,high,high,high,low
1224,low,medium,high,high,low,high,low,low,high,medium,medium,high,low,high,medium,low,high,low,medium,low,medium,low,high,low,low,medium,medium,high,high,low,high,high,low,high,high,low,low,medium,medium,low,medium,high,high,high,high,high,high,medium,medium,high,high,low,high,low,low,low,medium,low,medium,medium,high,high,high,high,high,medium,medium,high,high,low,low,medium,medium,medium,high,low,low,high,low,low,high,high,high,high,high,high,high,low,low,high,high,high,high,low,low,high,low,low,low,high
1225,high,medium,high,medium,medium,medium,low,medium,medium,high,low,medium,high,high,medium,low,low,high,high,high,high,medium,low,low,low,low,low,low,low,low,low,high,high,low,low,medium,low,low,low,low,low,low,low,low,low,low,medium,low,low,medium,low,medium,low,high,high,high,high,high,low,low,low,low,low,low,medium,low,low,low,medium,high,high,low,low,low,low,low,low,medium,medium,medium,low,low,low,low,low,low,low,medium,high,low,low,low,low,low,medium,low,low,low,low,medium
1226,low,medium,medium,low,low,medium,medium,medium,high,high,high,high,medium,low,low,low,high,medium,low,low,low,low,high,high,high,medium,medium,high,high,low,high,high,low,medium,medium,medium,medium,medium,medium,medium,high,medium,medium,low,low,medium,low,high,high,low,low,high,medium,high,medium,medium,high,high,high,medium,medium,low,low,medium,low,medium,medium,medium,low,medium,medium,high,medium,high,medium,medium,medium,high,high,medium,medium,medium,medium,medium,medium,medium,medium,low,low,medium,medium,low,medium,high,high,high,low,medium,medium,medium
1227,high,medium,medium,low,low,medium,medium,low,low,low,low,medium,low,medium,high,medium,low,low,high,medium,high,high,low,low,low,low,low,low,low,high,low,medium,high,medium,medium,medium,medium,low,medium,medium,medium,medium,medium,medium,medium,medium,medium,high,high,medium,medium,low,medium,medium,low,medium,high,low,medium,medium,medium,medium,medium,medium,high,medium,medium,medium,medium,medium,medium,medium,medium,medium,high,low,low,low,medium,medium,medium,low,medium,low,medium,medium,medium,high,high,medium,low,medium,medium,low,medium,high,low,medium,medium,medium
1228,medium,high,medium,low,high,high,medium,high,medium,medium,medium,low,high,medium,high,high,high,low,medium,medium,medium,medium,high,high,high,high,high,high,medium,medium,high,medium,low,low,low,medium,low,low,low,low,low,low,low,low,low,low,medium,low,low,medium,medium,low,low,high,high,high,high,medium,low,low,low,low,low,low,high,low,low,high,medium,low,low,low,low,medium,low,low,high,medium,low,low,low,low,low,low,low,low,low,low,medium,low,low,low,low,high,medium,medium,medium,medium,medium,low
1229,low,high,high,medium,high,medium,medium,high,high,medium,high,high,medium,medium,low,medium,low,high,high,high,high,high,low,low,low,low,low,low,low,medium,low,medium,medium,low,low,low,low,medium,medium,medium,low,medium,low,low,low,low,low,medium,low,low,low,low,low,high,high,high,high,medium,low,low,low,low,low,low,high,low,low,high,medium,medium,medium,medium,medium,high,medium,low,medium,high,low,low,medium,medium,medium,medium,medium,medium,low,low,low,low,low,low,low,medium,low,low,medium,high,high,low
1230,low,low,medium,high,high,medium,low,low,low,high,medium,low,high,low,low,low,medium,low,low,medium,medium,medium,medium,low,high,high,high,medium,high,low,medium,high,high,high,high,high,medium,high,high,high,medium,high,high,high,high,high,high,high,medium,high,high,medium,high,low,low,low,low,low,medium,high,medium,high,high,high,high,high,high,high,high,low,low,low,low,medium,high,medium,low,medium,medium,medium,high,high,high,high,high,high,high,high,low,high,high,high,high,low,low,low,low,low,low,high
1231,medium,medium,high,medium,low,high,low,high,medium,high,high,high,high,medium,low,medium,low,medium,medium,high,medium,medium,low,low,medium,low,low,low,low,medium,low,medium,high,high,high,high,medium,high,high,high,high,high,high,high,high,high,medium,high,high,high,high,high,high,low,low,low,medium,high,high,medium,high,high,high,high,medium,high,high,low,high,medium,medium,medium,medium,high,high,high,low,high,medium,low,high,medium,high,medium,high,high,high,medium,medium,high,medium,high,high,low,medium,high,high,high,high,low
1232,medium,medium,high,low,high,high,low,medium,medium,medium,high,high,low,low,high,high,medium,high,high,high,medium,medium,medium,low,low,low,low,medium,low,medium,medium,low,low,low,medium,low,low,low,low,low,low,low,low,medium,medium,medium,high,low,low,medium,medium,low,low,high,medium,medium,high,low,low,low,low,medium,medium,low,high,low,low,high,medium,medium,medium,low,low,low,low,low,low,low,medium,medium,low,medium,low,medium,low,low,low,low,medium,low,low,low,low,low,medium,medium,low,medium,medium,medium
1233,high,medium,medium,low,high,high,low,low,medium,low,high,high,low,medium,medium,low,low,low,low,medium,medium,low,low,medium,medium,high,high,low,high,low,low,high,high,high,high,high,high,high,high,high,high,high,high,high,high,high,high,high,high,high,high,high,high,low,medium,low,low,high,high,high,high,high,high,high,medium,high,high,low,high,medium,medium,low,low,low,high,high,low,medium,high,high,high,high,high,high,high,high,high,high,high,high,high,high,high,low,low,low,low,low,low,high
1234,low,high,high,high,low,high,medium,high,high,low,high,medium,low,medium,high,low,high,high,medium,low,low,low,medium,low,low,medium,medium,high,high,low,medium,high,medium,high,high,high,medium,medium,high,high,high,high,high,high,high,high,high,high,high,high,high,low,high,low,low,low,low,low,high,high,high,high,high,high,high,high,high,low,high,medium,medium,high,medium,high,high,high,high,high,low,low,high,high,high,high,high,high,high,medium,low,high,high,high,high,medium,low,medium,low,low,low,high
1235,medium,low,low,low,medium,low,high,high,high,high,medium,medium,medium,medium,low,high,medium,high,high,high,high,high,medium,medium,low,low,low,medium,low,high,medium,medium,medium,high,high,medium,low,low,medium,medium,high,high,high,high,high,high,high,high,high,high,high,high,high,low,low,high,high,medium,medium,high,high,high,high,high,low,medium,medium,high,high,low,low,high,medium,high,high,high,high,low,high,high,high,high,high,high,high,high,high,high,medium,high,high,high,high,high,high,low,low,low,low,high
1236,medium,low,medium,low,low,high,medium,medium,low,medium,low,low,medium,medium,low,high,medium,medium,medium,medium,medium,medium,high,medium,medium,medium,medium,medium,medium,high,high,low,low,medium,medium,medium,low,low,medium,medium,medium,medium,medium,medium,medium,medium,medium,medium,medium,medium,medium,low,medium,medium,medium,medium,medium,high,medium,medium,medium,low,medium,medium,high,medium,medium,low,medium,medium,medium,high,medium,high,high,low,low,medium,medium,medium,medium,medium,medium,medium,medium,medium,medium,medium,medium,medium,medium,medium,medium,low,low,high,medium,high,high,low
1237,medium,high,high,low,medium,high,high,high,high,medium,low,medium,medium,low,medium,high,medium,high,high,high,high,medium,high,medium,low,medium,low,medium,low,medium,medium,medium,low,low,low,medium,high,medium,low,low,low,low,low,low,low,low,low,low,low,medium,medium,medium,low,high,high,high,medium,low,medium,low,low,low,low,low,low,medium,medium,high,low,low,low,low,low,low,low,low,medium,high,low,low,medium,low,medium,low,low,low,low,low,medium,low,low,medium,low,medium,medium,medium,low,medium,high,high
1238,low,high,high,medium,medium,high,medium,medium,medium,low,medium,low,low,low,high,high,high,low,medium,medium,medium,low,high,medium,high,high,high,high,medium,low,high,low,low,medium,medium,high,medium,medium,high,high,medium,medium,medium,medium,medium,medium,low,high,medium,low,medium,high,medium,medium,medium,low,low,low,medium,high,high,medium,medium,medium,medium,high,high,high,medium,low,low,low,low,medium,high,medium,medium,high,medium,low,medium,low,medium,low,low,low,medium,low,low,medium,high,low,medium,low,medium,high,high,high,high,low
1239,low,low,medium,low,medium,medium,low,high,low,medium,medium,high,high,medium,medium,high,low,medium,medium,high,high,high,low,low,low,medium,medium,low,low,high,low,low,medium,high,high,high,medium,medium,medium,medium,high,high,high,high,high,high,high,medium,high,high,high,high,medium,low,medium,medium,medium,low,medium,high,medium,medium,medium,medium,medium,low,medium,low,medium,medium,medium,medium,medium,medium,high,low,low,low,high,high,high,high,high,high,high,high,high,low,low,high,medium,high,high,low,medium,medium,low,low,low,high
1240,medium,high,high,high,medium,low,low,medium,high,medium,low,low,medium,low,low,medium,high,medium,low,low,low,low,medium,high,medium,low,low,high,high,low,high,medium,low,low,medium,low,low,low,low,low,low,low,medium,medium,medium,medium,medium,low,medium,medium,medium,medium,medium,medium,medium,high,high,low,low,medium,medium,medium,medium,medium,medium,low,low,medium,medium,medium,medium,high,medium,high,low,low,medium,medium,low,medium,medium,low,medium,low,low,low,low,low,medium,low,low,low,low,medium,medium,medium,medium,low,low,low
1241,medium,high,high,medium,low,low,low,medium,high,low,medium,low,low,high,high,medium,high,medium,low,low,medium,low,high,high,medium,high,high,high,high,low,high,high,low,low,low,medium,medium,medium,medium,medium,low,low,low,low,low,low,low,low,low,medium,medium,high,low,medium,high,high,medium,high,medium,low,low,low,medium,low,low,low,medium,low,medium,low,low,medium,medium,medium,low,low,medium,medium,high,medium,low,low,low,low,low,low,low,low,medium,low,medium,low,low,medium,high,low,medium,medium,medium,low
1242,low,low,low,medium,low,low,medium,medium,low,low,high,low,high,low,high,low,medium,high,high,high,high,medium,medium,medium,medium,low,low,medium,medium,low,medium,high,high,low,medium,medium,medium,medium,medium,low,low,medium,medium,medium,medium,medium,medium,low,low,medium,medium,medium,medium,medium,medium,medium,medium,low,low,medium,medium,medium,medium,medium,medium,low,low,medium,medium,high,high,low,low,low,medium,low,medium,low,medium,medium,low,medium,low,medium,low,low,low,low,low,low,medium,medium,low,medium,medium,medium,medium,medium,medium,low
1243,high,medium,medium,medium,high,medium,high,medium,low,low,low,low,high,medium,medium,medium,low,high,high,high,high,medium,medium,low,low,low,low,low,low,low,low,medium,medium,medium,low,low,medium,medium,medium,medium,medium,medium,low,low,low,low,low,medium,medium,low,low,low,low,high,medium,medium,high,medium,medium,medium,low,low,low,low,high,medium,medium,low,low,low,low,low,low,low,medium,medium,medium,low,medium,medium,medium,low,medium,low,low,low,medium,high,high,medium,low,low,medium,medium,medium,low,high,high,high,low
1244,low,medium,low,low,low,low,low,low,low,low,medium,medium,medium,high,high,low,medium,high,high,high,medium,low,medium,medium,low,low,low,medium,medium,low,medium,high,medium,low,low,high,high,medium,medium,medium,medium,low,low,low,low,low,low,medium,medium,low,low,medium,low,high,high,medium,medium,low,medium,low,low,low,low,low,medium,medium,medium,medium,low,medium,medium,high,medium,high,low,medium,high,medium,medium,medium,medium,low,medium,low,low,low,low,low,low,low,medium,low,low,high,medium,medium,high,high,high,low
1245,high,medium,medium,high,medium,medium,low,medium,medium,low,high,high,low,low,medium,medium,medium,medium,low,low,medium,medium,medium,low,low,low,low,medium,medium,medium,medium,medium,medium,low,low,high,low,low,low,low,low,low,low,low,low,low,low,low,low,low,low,medium,low,high,high,high,high,high,medium,low,low,low,low,low,medium,low,medium,low,low,medium,medium,high,medium,high,low,low,medium,medium,medium,medium,low,low,low,low,low,low,low,medium,high,low,low,low,low,medium,medium,medium,high,medium,high,low
1246,low,high,high,high,medium,low,medium,high,high,medium,medium,low,low,high,medium,medium,medium,low,low,medium,medium,medium,low,low,medium,low,medium,medium,medium,high,medium,low,medium,low,medium,low,low,medium,low,low,low,low,medium,medium,medium,medium,high,low,low,high,high,low,medium,medium,medium,high,high,medium,low,low,low,medium,medium,medium,high,low,low,low,high,high,high,low,low,low,low,low,low,high,low,low,low,high,low,high,medium,medium,low,low,low,low,low,medium,low,medium,medium,low,low,low,low,high
1247,medium,medium,medium,medium,high,high,high,low,low,low,high,high,low,low,medium,high,medium,low,medium,medium,high,medium,medium,medium,low,medium,high,medium,low,high,low,low,low,low,low,medium,high,medium,medium,low,low,low,low,medium,medium,low,medium,low,low,high,high,medium,low,medium,high,high,high,medium,low,low,low,medium,medium,low,medium,low,low,medium,high,medium,medium,medium,medium,medium,low,low,medium,medium,medium,medium,low,low,low,low,low,low,low,low,medium,low,low,low,low,medium,medium,high,low,medium,medium,medium
1248,medium,high,medium,medium,low,medium,high,high,medium,medium,medium,low,medium,low,high,medium,low,low,low,medium,high,high,medium,low,medium,high,high,low,medium,high,medium,medium,medium,low,low,high,medium,low,low,low,low,low,low,medium,medium,low,medium,low,low,medium,high,medium,low,high,high,high,high,low,low,low,low,medium,medium,low,medium,low,low,high,medium,high,high,low,low,low,low,medium,high,high,medium,low,medium,low,medium,low,low,low,low,medium,medium,low,low,low,low,high,medium,medium,high,high,high,low
1249,medium,high,high,high,low,high,low,medium,high,high,low,low,medium,medium,high,high,low,medium,high,high,high,high,medium,medium,medium,medium,medium,low,low,high,low,low,high,low,low,low,low,low,low,low,low,low,low,medium,medium,low,medium,low,low,medium,medium,medium,low,medium,high,high,medium,high,medium,low,low,low,medium,low,medium,medium,medium,low,high,medium,medium,medium,medium,medium,medium,low,low,high,low,low,medium,low,medium,low,medium,low,low,low,medium,low,low,low,low,low,medium,medium,low,low,low,medium
1250,high,low,medium,low,low,high,low,low,low,high,medium,high,low,high,high,low,low,low,low,medium,high,high,low,medium,high,high,high,low,medium,high,low,high,high,high,high,low,low,low,low,low,medium,medium,high,high,high,high,high,medium,high,high,high,low,high,low,medium,medium,high,low,medium,medium,medium,high,high,high,high,medium,medium,low,high,low,low,high,medium,high,high,low,low,low,medium,medium,high,high,high,high,high,high,high,high,high,high,high,high,high,low,low,medium,low,low,low,high
1251,low,medium,medium,high,medium,low,high,high,medium,low,high,medium,high,high,medium,medium,high,high,high,high,medium,low,high,high,high,medium,low,high,medium,low,high,medium,low,medium,medium,high,medium,high,high,high,high,medium,medium,medium,medium,medium,low,high,high,low,low,medium,medium,medium,medium,low,medium,medium,medium,medium,medium,low,low,medium,medium,medium,medium,low,low,medium,medium,high,medium,high,medium,high,high,high,low,low,medium,medium,medium,medium,medium,medium,medium,low,low,medium,medium,medium,medium,high,low,medium,high,high,high,low
1252,high,high,medium,high,high,low,medium,medium,low,medium,medium,low,high,high,medium,medium,medium,medium,medium,medium,low,medium,high,high,medium,low,low,medium,high,medium,high,medium,medium,high,high,low,medium,medium,medium,high,high,high,high,high,high,high,high,high,high,medium,medium,high,high,medium,medium,low,medium,medium,high,medium,high,high,medium,high,low,high,high,high,high,medium,medium,high,medium,high,medium,high,high,medium,high,high,high,high,high,high,high,high,high,high,high,high,high,high,high,high,high,low,high,low,low,low
1253,high,low,low,medium,high,high,medium,low,low,high,medium,high,high,medium,high,medium,high,high,high,high,medium,low,medium,medium,medium,medium,low,high,high,low,high,medium,low,low,low,low,low,low,low,low,low,medium,low,low,low,low,high,low,medium,low,low,low,low,high,high,high,high,medium,low,low,low,low,low,low,low,low,low,high,medium,high,high,low,low,low,low,medium,high,low,medium,high,low,medium,low,medium,low,low,low,high,high,low,low,low,low,high,high,low,high,medium,medium,low
1254,high,low,low,high,medium,high,high,low,low,high,low,medium,low,low,medium,medium,medium,medium,medium,medium,low,low,medium,medium,low,low,low,medium,medium,medium,medium,medium,low,low,medium,low,low,low,low,low,low,low,medium,medium,medium,medium,high,low,low,high,high,low,medium,medium,low,high,high,high,low,low,medium,medium,medium,medium,high,low,low,high,medium,low,low,low,low,low,medium,low,low,medium,medium,medium,high,low,high,low,medium,medium,low,medium,high,low,low,medium,medium,medium,medium,high,low,low,low,high
1255,high,high,high,high,medium,high,high,high,high,low,medium,low,medium,low,low,medium,low,low,medium,high,medium,medium,low,medium,medium,high,high,low,medium,medium,low,medium,high,medium,medium,medium,low,low,low,low,medium,medium,medium,low,low,medium,medium,medium,high,low,low,low,low,medium,high,high,medium,low,low,low,medium,low,medium,low,low,low,low,medium,medium,high,high,low,low,low,medium,medium,medium,high,low,low,low,medium,low,medium,medium,medium,medium,high,high,low,low,medium,medium,medium,low,medium,low,low,low,medium
1256,medium,medium,medium,medium,medium,high,medium,low,medium,medium,low,high,high,medium,high,high,low,high,high,high,high,high,low,low,low,low,low,low,low,medium,low,low,high,medium,medium,high,medium,low,medium,medium,medium,medium,low,medium,medium,medium,medium,medium,medium,medium,medium,medium,medium,medium,medium,medium,low,low,medium,high,medium,low,medium,medium,high,high,high,medium,low,low,low,low,low,low,medium,medium,medium,medium,medium,medium,medium,low,medium,low,low,low,medium,medium,medium,low,low,low,low,medium,low,high,high,medium,medium,low
1257,low,high,high,high,low,medium,medium,medium,high,medium,high,low,low,high,medium,medium,low,high,high,high,high,high,low,low,low,low,low,low,low,high,low,medium,medium,low,low,low,low,low,low,low,low,low,low,low,low,low,high,low,low,high,high,low,low,high,high,high,high,medium,low,low,low,low,low,low,medium,low,low,low,high,medium,medium,high,medium,high,low,low,medium,high,low,low,low,low,low,low,low,low,low,low,low,low,low,low,low,medium,medium,medium,low,low,low,high
1258,medium,low,low,high,medium,medium,medium,low,low,low,medium,medium,high,medium,low,low,medium,high,high,high,high,low,low,medium,low,high,low,medium,medium,low,low,high,medium,low,low,low,low,low,low,low,low,low,low,low,low,low,low,low,low,low,low,low,low,high,high,high,high,medium,low,low,low,low,low,low,high,low,low,low,low,high,high,low,low,low,low,low,medium,low,medium,medium,low,low,low,low,low,low,low,low,medium,low,low,low,low,medium,medium,medium,high,high,high,low
1259,low,high,high,medium,high,low,low,high,high,low,low,low,low,high,high,low,low,high,medium,medium,medium,medium,low,high,high,low,low,low,medium,medium,low,high,high,low,medium,medium,low,low,low,low,low,low,medium,medium,medium,medium,high,low,low,medium,medium,medium,medium,high,low,high,high,low,low,medium,medium,medium,medium,medium,medium,low,low,high,medium,medium,medium,high,medium,high,low,low,medium,high,low,low,low,medium,low,medium,medium,medium,low,low,low,low,low,medium,low,medium,medium,medium,low,low,low,high
1260,high,high,high,medium,medium,high,high,high,high,low,medium,low,low,high,medium,high,high,medium,medium,high,medium,medium,high,high,medium,low,low,high,medium,medium,high,low,low,low,low,low,low,low,low,low,low,low,low,low,low,low,medium,low,low,medium,high,low,low,medium,high,high,high,medium,low,low,low,medium,medium,low,high,low,low,medium,high,medium,medium,high,medium,high,low,low,medium,medium,low,low,low,low,low,low,low,low,low,high,high,low,low,low,low,medium,medium,low,low,medium,medium,medium
1261,low,medium,high,high,high,low,high,medium,high,high,medium,low,low,low,low,low,medium,high,high,medium,low,medium,high,medium,low,low,low,medium,medium,medium,high,medium,medium,high,high,high,high,high,high,high,high,high,high,high,high,high,high,high,medium,high,high,high,high,low,low,low,medium,high,high,high,high,high,high,high,medium,high,high,medium,high,medium,medium,medium,medium,medium,high,medium,low,high,medium,low,high,high,high,high,high,high,high,medium,low,high,high,high,high,low,low,high,low,low,low,high
1262,low,high,high,medium,low,low,low,high,high,high,medium,low,high,high,high,low,medium,medium,medium,medium,low,low,low,medium,medium,medium,medium,medium,high,low,low,high,high,low,low,low,low,low,medium,medium,medium,low,low,medium,medium,low,low,medium,medium,low,medium,medium,medium,high,medium,medium,low,low,medium,medium,medium,medium,medium,medium,medium,high,high,high,medium,low,low,low,low,low,medium,low,low,high,low,low,low,low,low,low,low,low,low,low,low,low,low,low,low,low,medium,low,low,high,high,medium
1263,medium,medium,medium,high,high,high,medium,medium,low,low,medium,low,high,medium,medium,low,medium,medium,high,medium,medium,low,medium,low,medium,high,high,medium,high,low,medium,high,medium,low,low,low,low,medium,medium,medium,low,low,low,low,low,low,low,low,low,medium,medium,medium,low,medium,high,high,medium,high,medium,low,low,low,medium,low,medium,medium,medium,medium,medium,high,high,medium,medium,medium,low,low,medium,medium,medium,medium,low,low,low,low,low,low,low,medium,medium,low,low,low,low,medium,medium,low,medium,medium,high,low
1264,low,high,medium,low,high,medium,high,high,low,low,medium,low,medium,medium,medium,high,low,high,high,high,high,high,medium,low,low,low,low,low,low,high,low,low,medium,low,low,low,medium,medium,low,low,low,low,low,low,low,low,medium,low,low,medium,low,high,low,high,high,high,high,high,low,medium,low,low,low,low,low,low,low,medium,low,high,high,high,medium,high,low,medium,high,medium,high,high,low,low,low,low,low,low,low,low,low,low,low,low,low,high,high,medium,high,high,medium,low
1265,low,low,low,low,medium,medium,medium,low,low,low,medium,medium,medium,high,medium,low,low,medium,high,high,medium,low,medium,low,low,low,low,low,medium,low,medium,high,medium,low,low,low,high,high,high,medium,medium,low,low,low,low,low,low,low,low,low,low,medium,low,high,high,high,medium,low,high,medium,low,low,low,low,medium,high,high,medium,low,medium,medium,low,low,low,medium,low,low,low,medium,medium,low,low,low,low,low,low,low,low,low,low,medium,low,low,medium,medium,high,high,high,high,low
1266,high,medium,medium,medium,medium,high,low,medium,medium,medium,high,high,medium,medium,low,high,high,low,low,medium,medium,high,high,high,high,high,high,high,medium,high,high,low,low,low,medium,medium,medium,medium,low,low,low,medium,medium,medium,medium,medium,medium,low,low,medium,medium,medium,medium,medium,medium,high,high,high,low,low,medium,low,medium,medium,medium,low,low,low,medium,high,high,medium,medium,medium,low,medium,medium,medium,medium,medium,medium,low,medium,low,low,low,low,high,high,low,low,medium,low,medium,medium,low,low,low,medium,medium
1267,medium,high,high,medium,medium,medium,medium,high,high,medium,medium,medium,low,medium,high,high,low,medium,high,high,high,high,medium,medium,low,high,high,low,low,high,low,low,medium,low,low,medium,medium,medium,medium,low,low,low,low,low,low,low,low,low,low,medium,medium,medium,low,high,high,high,high,high,low,low,low,low,low,low,low,low,low,low,medium,high,high,low,low,low,low,low,medium,medium,medium,medium,low,low,low,low,low,low,low,medium,medium,low,low,low,low,medium,high,high,low,high,high,medium
1268,medium,medium,medium,medium,high,medium,high,high,low,low,medium,low,medium,medium,medium,high,medium,high,high,high,medium,high,high,medium,low,medium,low,medium,low,high,high,low,low,low,low,low,low,low,low,low,low,low,low,low,low,low,medium,low,low,medium,medium,medium,low,medium,high,high,high,medium,low,low,low,medium,medium,low,medium,low,low,medium,high,high,high,low,low,low,low,low,medium,low,medium,medium,low,low,low,low,low,low,low,medium,medium,low,low,low,low,medium,medium,high,low,medium,high,medium
1269,medium,medium,low,high,high,high,medium,low,low,low,medium,medium,low,low,medium,medium,low,medium,high,high,medium,high,low,medium,medium,medium,medium,low,low,medium,low,high,high,low,low,high,high,high,medium,low,low,low,low,low,low,low,medium,low,low,medium,medium,low,low,high,high,high,medium,low,low,low,low,low,low,low,medium,medium,medium,high,medium,high,high,high,medium,medium,low,medium,high,medium,medium,medium,medium,medium,medium,medium,medium,medium,low,medium,medium,low,low,medium,low,high,medium,low,high,low,low,low
1270,medium,medium,high,medium,low,medium,medium,low,high,medium,medium,high,medium,high,high,high,medium,low,high,medium,medium,high,medium,low,low,low,low,medium,low,high,medium,low,medium,low,low,medium,low,low,low,low,low,low,low,medium,medium,low,medium,low,low,medium,high,medium,low,high,high,medium,high,medium,medium,low,low,medium,low,low,medium,medium,low,high,medium,high,high,medium,medium,medium,medium,low,low,medium,medium,medium,low,medium,low,medium,medium,medium,low,medium,medium,low,low,medium,low,medium,medium,high,low,low,low,high
1271,high,high,high,high,medium,high,medium,medium,high,low,low,low,medium,low,high,medium,low,high,high,high,medium,medium,low,low,low,low,low,low,low,medium,low,high,high,low,low,low,low,low,low,low,low,low,low,low,low,low,medium,low,low,medium,medium,medium,low,high,high,high,high,medium,low,low,low,low,low,low,medium,low,low,medium,medium,medium,medium,medium,medium,high,low,low,medium,medium,medium,medium,low,low,low,low,low,low,low,medium,high,low,low,low,low,medium,medium,high,medium,high,high,low
1272,low,medium,high,low,low,medium,medium,low,medium,low,high,medium,high,low,medium,medium,medium,medium,medium,medium,high,medium,medium,medium,medium,high,high,medium,medium,medium,medium,medium,medium,low,low,low,medium,medium,low,low,low,low,low,low,low,low,medium,low,low,medium,medium,medium,medium,medium,medium,medium,high,high,low,low,medium,medium,medium,medium,medium,low,low,low,medium,high,high,medium,medium,medium,medium,low,low,medium,medium,medium,medium,low,medium,low,low,low,low,low,low,low,low,low,low,medium,high,high,high,high,high,low
1273,medium,medium,low,medium,medium,low,high,low,low,medium,low,low,medium,low,medium,low,low,medium,medium,medium,medium,low,low,medium,medium,medium,medium,low,high,low,low,high,high,low,low,medium,medium,medium,low,low,low,low,low,low,low,low,medium,low,low,medium,medium,high,low,high,high,high,high,medium,low,low,medium,low,low,low,low,low,low,high,low,medium,medium,low,low,low,low,low,high,low,high,high,low,low,low,low,low,low,low,low,medium,low,low,low,low,high,high,medium,medium,high,high,low
1274,low,medium,low,high,high,low,medium,medium,low,high,high,medium,medium,low,high,medium,medium,high,high,high,medium,high,medium,medium,medium,low,low,medium,medium,high,medium,medium,medium,high,high,high,high,high,medium,medium,medium,high,high,high,high,high,high,medium,medium,high,high,medium,high,low,low,medium,high,medium,medium,medium,high,high,high,high,high,low,low,low,high,high,high,low,low,low,medium,high,high,low,medium,medium,high,high,high,high,high,high,high,low,low,high,high,high,high,high,low,low,low,low,low,high
1275,high,medium,low,medium,high,medium,low,medium,low,high,low,high,high,medium,low,medium,low,medium,high,high,high,medium,low,low,low,low,low,low,low,medium,low,high,high,medium,high,low,low,low,medium,medium,medium,medium,high,high,high,high,high,high,high,high,high,high,high,medium,low,medium,medium,low,high,medium,high,high,high,high,medium,high,medium,high,medium,medium,medium,low,low,low,high,medium,low,medium,high,high,high,low,high,low,high,medium,medium,high,high,high,medium,high,high,low,high,low,medium,medium,medium,low
1276,high,medium,low,high,high,medium,high,low,low,low,low,low,medium,high,high,medium,medium,low,medium,low,low,medium,medium,medium,high,medium,high,medium,medium,medium,medium,medium,medium,low,low,low,low,low,low,low,low,low,low,low,low,low,medium,low,low,medium,low,medium,low,high,high,high,high,high,low,low,low,low,low,low,low,low,low,medium,low,high,high,low,low,low,low,low,low,low,high,high,low,low,low,low,low,low,low,high,high,low,low,low,low,medium,high,low,low,medium,medium,medium
1277,high,medium,medium,high,medium,high,medium,low,low,high,medium,high,high,medium,high,low,high,low,medium,low,low,low,high,high,medium,low,low,high,high,low,high,high,medium,low,low,low,low,low,low,low,low,low,low,low,low,low,high,low,low,medium,medium,low,low,high,high,high,high,medium,low,low,low,low,low,low,low,low,low,high,medium,high,high,medium,medium,medium,low,low,medium,low,medium,medium,low,low,low,low,low,low,low,high,high,low,low,low,low,low,medium,low,medium,low,low,low
1278,medium,high,high,low,medium,high,low,high,high,medium,medium,high,high,high,medium,medium,low,medium,medium,medium,medium,medium,low,medium,medium,low,low,low,medium,high,low,medium,medium,medium,medium,medium,low,medium,high,high,high,high,medium,medium,medium,medium,medium,high,medium,medium,medium,high,medium,medium,low,high,low,low,high,high,medium,medium,medium,medium,medium,high,high,high,medium,high,high,low,low,low,medium,high,high,high,low,low,medium,medium,medium,medium,medium,medium,medium,medium,medium,medium,high,medium,medium,high,medium,high,low,medium,medium,medium
1279,high,low,low,medium,medium,low,medium,medium,low,low,low,low,high,medium,low,high,medium,low,high,medium,medium,high,medium,high,high,medium,high,medium,low,high,medium,low,low,low,low,low,low,low,low,low,low,low,low,low,medium,low,medium,low,low,medium,medium,high,low,medium,high,high,high,high,low,low,low,medium,medium,low,low,low,low,high,medium,low,low,medium,medium,medium,low,low,low,low,high,high,low,low,low,low,low,low,low,high,high,low,low,low,low,medium,high,low,medium,high,high,low
1280,medium,medium,medium,low,high,high,low,low,high,high,medium,low,high,low,low,low,low,low,medium,high,medium,medium,low,low,low,low,low,low,low,medium,low,high,high,low,low,medium,medium,medium,medium,low,low,low,low,low,low,low,low,low,low,medium,medium,medium,low,high,high,high,high,low,low,low,low,low,low,low,medium,low,low,high,medium,low,low,medium,medium,high,low,low,medium,medium,high,medium,low,low,low,low,low,low,low,low,medium,low,low,low,low,medium,medium,medium,medium,medium,medium,low
1281,low,medium,medium,medium,high,high,medium,low,low,medium,high,high,medium,low,low,medium,low,low,low,low,high,high,low,low,high,high,high,low,low,high,low,medium,high,high,high,high,high,medium,medium,high,high,medium,medium,high,high,high,high,high,high,high,high,high,high,low,low,medium,low,high,medium,high,high,high,high,high,medium,high,medium,low,high,high,high,low,low,low,high,high,medium,medium,high,medium,high,high,high,high,high,high,high,low,low,medium,medium,high,high,low,medium,medium,low,medium,medium,high
1282,high,medium,medium,low,low,low,high,high,medium,medium,medium,medium,medium,high,high,medium,high,medium,low,low,low,low,high,high,high,medium,medium,high,high,low,high,medium,low,medium,low,medium,medium,medium,medium,medium,medium,medium,low,low,low,low,low,low,medium,low,low,high,low,high,medium,medium,medium,medium,medium,medium,medium,low,low,low,low,medium,medium,high,low,low,low,medium,medium,medium,medium,medium,medium,low,high,high,low,medium,low,medium,low,medium,medium,high,high,medium,medium,medium,medium,medium,medium,low,high,high,high,low
1283,high,high,high,medium,medium,high,low,medium,high,medium,low,low,low,high,high,medium,high,low,medium,high,medium,low,high,medium,medium,low,medium,high,medium,low,high,medium,low,medium,medium,high,medium,medium,high,high,high,high,medium,low,low,medium,low,high,high,low,low,medium,medium,medium,low,low,low,high,high,medium,high,medium,medium,medium,medium,high,high,medium,low,medium,medium,high,medium,high,high,medium,medium,high,low,low,medium,medium,medium,medium,medium,medium,medium,high,high,medium,medium,low,medium,medium,low,low,high,high,high,low
1284,high,medium,medium,high,low,medium,medium,medium,high,low,medium,low,low,low,low,high,high,low,low,medium,medium,medium,high,high,high,medium,high,high,medium,high,high,medium,low,high,high,medium,high,high,high,high,high,high,high,high,high,high,medium,high,high,medium,medium,low,high,low,medium,low,medium,medium,high,high,high,medium,high,high,high,high,high,low,medium,high,high,high,medium,high,high,high,medium,high,low,low,high,high,high,high,high,high,high,high,high,high,high,high,high,high,low,low,low,high,high,medium
1285,medium,high,low,high,medium,medium,medium,high,low,medium,medium,high,low,high,high,medium,high,high,high,high,medium,medium,medium,medium,medium,low,low,high,medium,medium,medium,medium,low,medium,medium,low,low,low,low,low,medium,medium,medium,medium,medium,medium,high,low,high,medium,low,low,medium,high,medium,medium,high,low,low,low,medium,medium,medium,medium,high,low,low,high,medium,medium,medium,medium,medium,medium,low,high,high,medium,medium,medium,high,medium,high,medium,medium,medium,medium,medium,medium,medium,low,medium,medium,high,low,high,low,low,low,medium
1286,high,medium,high,medium,high,high,low,medium,medium,medium,high,high,medium,low,high,low,low,low,low,low,low,low,low,medium,medium,high,high,low,high,low,low,high,high,high,high,high,high,high,high,high,high,high,high,high,high,high,medium,high,high,high,high,medium,high,low,low,low,low,high,high,medium,medium,high,high,high,high,high,high,low,high,low,low,high,low,high,high,high,low,high,low,low,high,medium,high,medium,high,high,high,high,high,high,high,high,high,low,low,medium,medium,medium,medium,low
1287,high,high,medium,medium,low,low,high,medium,high,low,high,low,medium,high,medium,low,high,high,medium,medium,low,medium,medium,high,medium,medium,medium,high,high,medium,high,high,medium,medium,medium,low,medium,low,medium,medium,medium,medium,medium,high,high,medium,high,high,medium,high,high,high,medium,medium,high,high,medium,medium,high,low,medium,high,medium,medium,low,medium,medium,high,high,high,high,low,low,low,low,high,high,high,high,high,medium,high,medium,high,medium,medium,medium,high,high,medium,medium,medium,medium,high,high,medium,low,medium,medium,high
1288,medium,low,low,medium,medium,medium,high,medium,low,medium,low,low,low,medium,medium,high,medium,low,low,low,medium,high,medium,high,high,medium,medium,medium,low,high,medium,low,medium,medium,medium,medium,medium,high,high,high,high,medium,medium,medium,medium,medium,low,high,medium,low,low,high,medium,medium,medium,low,low,high,high,medium,medium,medium,medium,medium,low,high,high,medium,low,high,high,low,low,low,medium,high,high,low,high,high,medium,medium,medium,medium,medium,medium,medium,medium,medium,medium,medium,medium,medium,high,high,low,high,high,high,low
1289,low,high,high,high,high,high,high,high,high,low,low,low,medium,medium,high,medium,high,low,medium,medium,medium,low,high,medium,low,high,high,high,high,low,high,medium,low,low,low,low,low,low,low,low,low,medium,low,low,low,low,medium,low,medium,low,low,low,medium,medium,medium,low,medium,medium,medium,medium,medium,low,low,medium,high,medium,medium,medium,low,medium,medium,medium,medium,medium,low,medium,high,high,low,low,low,medium,low,medium,low,low,low,low,low,low,low,low,low,medium,low,high,high,high,high,low
1290,medium,medium,medium,low,medium,low,high,high,medium,medium,medium,medium,medium,high,medium,low,low,medium,high,high,high,low,low,low,low,low,medium,low,medium,low,low,high,high,medium,low,high,high,high,high,medium,medium,medium,low,low,low,low,low,medium,medium,low,low,high,medium,medium,medium,low,medium,high,high,medium,low,low,low,medium,low,high,high,low,low,low,low,low,low,medium,medium,medium,medium,medium,high,medium,medium,low,medium,low,medium,medium,medium,medium,medium,medium,medium,medium,medium,low,medium,low,high,high,medium,low
1291,low,medium,medium,low,medium,medium,low,low,medium,low,low,high,medium,low,low,low,low,low,medium,medium,low,low,low,low,medium,low,medium,low,high,low,low,high,high,high,high,low,low,medium,low,high,high,high,high,high,high,high,high,high,high,medium,low,medium,high,low,low,low,low,low,high,high,high,medium,high,high,medium,high,high,low,medium,high,high,low,low,low,high,high,medium,high,medium,low,high,high,high,high,high,high,high,medium,low,high,high,high,high,high,low,medium,low,medium,medium,medium
1292,high,medium,medium,medium,high,high,low,medium,medium,low,high,high,high,high,medium,high,medium,high,high,high,high,high,medium,medium,high,high,medium,medium,low,high,medium,medium,medium,high,medium,high,high,high,high,high,high,high,medium,low,low,medium,low,high,high,low,low,medium,medium,medium,medium,low,low,medium,medium,high,high,medium,medium,medium,medium,high,high,high,low,medium,medium,high,medium,high,high,high,medium,medium,low,low,medium,low,medium,low,medium,medium,high,high,high,medium,high,medium,medium,medium,low,low,medium,high,high,low
1293,low,medium,medium,high,high,medium,medium,medium,medium,low,low,low,high,high,medium,high,medium,high,medium,medium,medium,medium,medium,medium,low,low,low,medium,medium,high,medium,low,low,medium,low,high,high,high,high,high,medium,medium,medium,low,low,low,low,medium,medium,low,low,medium,low,high,medium,medium,medium,high,high,low,low,low,low,low,low,medium,medium,low,low,medium,medium,low,low,low,medium,medium,medium,medium,medium,medium,medium,low,medium,low,medium,medium,medium,low,low,medium,high,medium,medium,high,medium,low,medium,high,high,low
1294,low,low,medium,high,medium,medium,medium,low,medium,medium,low,low,high,low,medium,low,low,medium,medium,low,low,medium,low,low,medium,medium,medium,low,high,medium,low,high,high,high,high,medium,medium,medium,medium,low,high,high,high,high,high,high,high,medium,high,high,high,medium,high,low,low,low,medium,medium,high,medium,high,high,high,high,high,high,medium,medium,high,medium,medium,medium,medium,medium,high,low,low,medium,medium,medium,high,high,high,high,high,high,high,medium,low,high,high,high,high,low,low,high,low,low,low,high
1295,medium,high,medium,high,medium,medium,low,medium,medium,medium,medium,medium,low,high,high,medium,medium,medium,medium,medium,low,medium,medium,high,medium,low,low,medium,medium,medium,medium,medium,medium,low,low,medium,low,low,low,low,medium,medium,low,low,low,low,medium,medium,medium,low,low,low,low,high,high,medium,high,medium,low,low,low,low,low,low,high,low,low,medium,low,low,low,medium,medium,medium,low,medium,high,medium,low,low,low,medium,low,medium,low,low,low,medium,medium,low,low,low,low,high,low,low,medium,medium,medium,low
1296,high,low,low,medium,medium,medium,medium,low,low,high,high,high,high,medium,medium,high,high,medium,high,high,medium,high,high,high,high,medium,medium,high,medium,high,high,low,low,low,medium,medium,low,low,low,low,medium,medium,medium,low,low,medium,medium,medium,medium,medium,low,low,low,high,high,medium,low,low,high,medium,low,low,low,low,high,high,high,high,low,low,low,low,low,medium,low,high,high,low,medium,medium,medium,low,medium,low,low,low,low,high,high,low,low,medium,low,high,low,low,low,low,medium,medium
1297,medium,low,low,medium,high,high,medium,medium,low,low,low,medium,high,medium,low,high,high,high,high,high,medium,medium,high,medium,medium,medium,low,high,medium,high,high,low,low,medium,low,high,high,high,high,high,high,medium,low,low,low,low,low,high,high,low,low,medium,medium,high,high,medium,low,medium,medium,medium,medium,medium,low,medium,medium,high,high,high,low,low,low,low,low,medium,medium,medium,medium,low,medium,medium,low,medium,low,medium,low,low,medium,high,medium,medium,medium,low,medium,medium,low,high,high,high,high,low
1298,high,medium,low,medium,high,medium,high,high,low,medium,high,medium,high,high,high,medium,high,medium,high,high,low,medium,high,high,medium,low,low,high,medium,medium,high,low,low,low,low,medium,medium,low,medium,low,low,low,low,low,low,low,medium,medium,low,medium,medium,low,low,medium,high,high,low,medium,low,medium,medium,low,low,low,low,medium,medium,low,low,high,high,high,medium,high,low,medium,medium,low,medium,medium,medium,low,medium,low,low,low,low,high,high,low,low,low,low,medium,low,medium,medium,medium,medium,low
1299,low,high,high,high,medium,medium,medium,high,high,medium,low,high,low,low,medium,low,medium,medium,medium,low,medium,medium,low,low,medium,medium,medium,medium,high,medium,low,high,high,high,high,low,low,medium,medium,medium,medium,high,high,high,high,high,high,medium,medium,high,high,medium,high,low,low,medium,medium,low,medium,high,high,high,high,high,high,medium,medium,low,high,medium,medium,low,low,low,low,high,high,high,low,low,high,high,high,high,high,high,high,low,low,medium,low,high,high,high,low,medium,low,low,low,high
1300,low,low,low,low,high,high,low,low,low,low,low,high,medium,low,low,low,low,low,medium,medium,medium,medium,low,low,low,medium,medium,low,medium,medium,medium,high,high,high,high,medium,medium,medium,low,high,high,high,high,high,high,high,high,high,high,high,high,low,high,low,low,low,low,high,high,high,high,high,high,high,high,high,high,high,medium,high,high,high,medium,high,high,medium,low,medium,medium,medium,high,high,high,high,high,high,high,low,low,high,high,high,high,low,low,high,low,low,low,high
1301,medium,medium,low,medium,low,low,high,medium,low,medium,low,low,high,high,low,medium,medium,medium,high,high,medium,medium,medium,medium,low,low,low,medium,medium,medium,medium,low,low,high,high,medium,low,low,low,low,high,high,high,high,high,high,high,medium,high,high,high,medium,high,low,low,low,high,high,medium,high,high,high,high,high,high,low,medium,low,high,medium,medium,high,medium,high,medium,high,high,medium,medium,medium,high,high,high,high,high,high,high,medium,medium,high,high,high,high,high,low,high,low,low,low,high
1302,low,high,high,low,medium,low,low,high,high,medium,low,medium,low,medium,high,medium,high,high,medium,medium,low,low,high,high,high,low,low,high,high,low,high,high,low,low,medium,medium,medium,medium,medium,low,low,medium,medium,medium,medium,medium,medium,low,low,medium,medium,medium,medium,medium,medium,high,medium,medium,medium,low,low,medium,medium,medium,medium,medium,medium,medium,medium,low,low,low,low,low,medium,low,medium,medium,low,low,medium,low,medium,low,medium,medium,low,low,low,low,low,medium,medium,low,medium,low,high,high,high,low
1303,medium,medium,medium,medium,high,low,low,medium,high,low,high,high,medium,low,low,medium,medium,low,low,medium,low,medium,high,medium,medium,medium,medium,medium,medium,medium,high,medium,medium,high,high,high,medium,medium,high,high,high,high,high,medium,medium,high,medium,high,high,low,low,medium,high,medium,low,low,medium,low,medium,high,high,medium,medium,high,high,medium,medium,medium,low,high,high,low,low,low,high,medium,low,high,low,low,high,high,high,high,high,high,high,medium,medium,high,medium,high,high,low,low,high,medium,medium,medium,low
1304,high,high,high,low,low,medium,low,high,high,medium,low,medium,medium,high,high,high,medium,medium,medium,medium,medium,medium,high,low,medium,medium,medium,medium,medium,medium,medium,low,low,medium,medium,high,high,medium,low,medium,medium,medium,medium,medium,medium,medium,medium,medium,medium,medium,medium,low,medium,medium,medium,medium,low,high,medium,low,medium,medium,medium,medium,high,medium,medium,high,low,high,high,low,low,low,medium,medium,medium,high,low,low,medium,medium,medium,medium,medium,medium,medium,high,high,medium,medium,medium,medium,medium,low,low,medium,medium,medium,low
1305,high,medium,medium,medium,medium,low,medium,high,medium,medium,medium,medium,medium,high,high,low,low,medium,high,high,high,low,low,medium,low,medium,medium,low,medium,low,low,high,high,medium,low,low,high,medium,medium,medium,low,medium,medium,low,low,low,low,medium,low,low,low,medium,medium,high,medium,medium,medium,high,high,medium,medium,low,low,medium,medium,medium,medium,low,low,low,low,high,medium,high,medium,medium,medium,medium,medium,medium,low,medium,low,medium,medium,medium,medium,high,high,medium,medium,medium,low,low,medium,medium,medium,medium,medium,low
1306,medium,medium,low,medium,low,low,medium,low,low,low,low,low,low,low,low,low,high,medium,low,low,low,low,medium,high,high,high,high,high,high,low,medium,high,high,high,high,medium,medium,medium,medium,medium,medium,high,high,high,high,high,high,medium,medium,high,high,high,high,low,medium,medium,medium,high,high,high,high,high,high,high,low,medium,medium,high,high,low,low,high,medium,high,medium,high,high,high,high,high,high,high,high,high,high,high,high,high,medium,high,high,high,high,high,high,medium,low,low,low,high
1307,low,medium,medium,medium,high,high,medium,low,low,low,medium,medium,low,low,high,high,high,high,high,high,medium,medium,high,medium,medium,high,medium,high,medium,medium,high,low,low,medium,medium,high,medium,medium,low,low,low,medium,medium,medium,medium,medium,high,low,low,medium,medium,medium,medium,low,medium,medium,low,medium,medium,medium,medium,high,high,medium,medium,medium,medium,high,high,high,high,high,medium,high,medium,medium,medium,medium,medium,medium,medium,high,medium,high,medium,medium,medium,low,low,medium,low,medium,medium,medium,medium,low,low,low,low,high
1308,low,high,high,medium,low,low,medium,high,high,medium,low,high,high,medium,low,high,low,medium,medium,medium,high,high,medium,low,medium,medium,medium,low,low,high,medium,low,medium,medium,medium,medium,medium,medium,medium,medium,medium,medium,medium,medium,medium,medium,low,medium,medium,low,medium,high,medium,medium,high,medium,low,high,medium,medium,medium,low,medium,medium,low,medium,high,medium,low,low,low,low,low,medium,medium,medium,medium,high,medium,low,medium,low,medium,low,medium,medium,medium,low,low,medium,medium,medium,medium,medium,high,low,high,medium,medium,low
1309,medium,low,medium,high,low,low,high,low,medium,low,low,high,medium,high,low,high,low,high,high,high,high,medium,medium,medium,low,low,low,low,low,medium,medium,low,low,high,high,high,medium,high,medium,high,medium,high,high,high,high,high,high,high,medium,high,high,high,high,low,low,medium,medium,high,low,high,high,high,high,high,low,low,low,high,high,high,high,medium,medium,medium,high,high,low,medium,high,high,high,high,high,high,high,high,high,high,medium,high,high,high,high,high,high,high,low,low,low,high
1310,high,high,medium,low,high,high,high,high,medium,medium,low,medium,medium,low,low,medium,medium,high,high,medium,medium,medium,medium,medium,low,low,low,medium,medium,medium,medium,medium,medium,medium,high,low,low,low,low,low,medium,medium,medium,high,high,high,high,medium,medium,high,high,high,high,low,low,low,medium,medium,medium,high,high,high,high,high,medium,low,medium,low,high,medium,medium,low,low,low,low,high,high,low,high,high,low,high,low,high,high,medium,medium,high,high,medium,low,high,high,high,high,high,medium,medium,medium,low
1311,medium,high,high,medium,medium,low,low,high,high,medium,low,medium,low,medium,high,medium,high,low,low,low,low,medium,high,high,high,medium,high,high,high,medium,high,medium,medium,low,low,low,low,low,low,low,low,low,low,low,low,low,medium,medium,low,medium,medium,medium,low,high,high,high,high,medium,low,low,low,medium,medium,low,medium,low,low,high,high,low,low,low,low,low,low,low,high,medium,low,medium,low,low,low,low,low,low,low,medium,medium,low,low,low,low,medium,high,low,high,high,high,low
1312,high,medium,high,low,low,medium,low,medium,high,low,high,high,medium,high,medium,low,high,high,medium,medium,low,low,high,high,medium,low,low,high,high,low,high,medium,medium,high,high,low,medium,medium,medium,medium,high,high,high,high,high,high,high,high,high,high,high,low,high,low,medium,medium,low,high,high,high,high,high,high,high,high,high,high,low,high,medium,medium,high,medium,high,high,medium,low,high,low,low,high,medium,high,high,high,high,high,high,high,high,high,high,high,low,low,high,low,low,low,high
1313,low,medium,low,low,low,low,high,low,low,medium,low,low,medium,high,high,low,high,medium,low,low,low,low,low,medium,high,high,high,high,high,low,medium,high,high,high,high,high,high,high,high,high,high,high,high,high,high,high,high,high,high,medium,medium,low,high,low,low,low,low,high,high,high,high,high,high,high,high,high,high,high,medium,high,high,low,low,low,high,high,high,medium,low,low,high,high,high,high,high,high,high,medium,low,high,high,high,high,high,low,low,low,low,low,high
1314,medium,high,high,high,low,high,low,high,high,low,low,medium,high,high,medium,low,high,high,medium,medium,low,low,medium,medium,medium,medium,medium,high,high,medium,high,high,medium,high,medium,high,medium,medium,high,high,high,high,high,high,high,medium,low,high,high,medium,medium,high,high,low,low,low,low,low,high,high,high,medium,medium,high,low,high,high,low,medium,medium,medium,low,low,low,medium,high,high,high,high,low,high,medium,high,medium,high,high,high,medium,medium,high,high,high,high,high,high,medium,low,medium,medium,medium
1315,low,low,low,low,low,low,medium,low,low,medium,high,high,low,high,high,medium,medium,low,high,high,high,medium,medium,medium,low,high,high,medium,medium,medium,medium,medium,low,high,high,high,high,high,medium,medium,high,high,high,high,high,high,high,medium,high,medium,medium,low,high,low,low,low,medium,low,medium,high,high,high,high,high,high,high,medium,medium,high,medium,medium,high,medium,high,high,medium,low,medium,medium,medium,high,high,high,high,high,high,high,low,low,high,high,high,high,low,low,high,medium,low,low,low
1316,high,medium,medium,high,high,high,high,high,medium,high,medium,low,medium,low,medium,medium,low,high,high,high,high,medium,medium,low,low,low,low,low,low,low,medium,medium,medium,medium,medium,medium,medium,medium,medium,medium,medium,medium,high,medium,medium,medium,medium,medium,medium,medium,medium,medium,medium,medium,low,low,high,high,medium,medium,medium,medium,medium,medium,high,low,low,low,medium,medium,medium,high,medium,high,medium,medium,medium,high,low,low,high,medium,high,medium,medium,medium,medium,high,high,medium,medium,medium,medium,low,low,high,high,medium,medium,low
1317,high,high,high,high,low,low,high,high,high,low,high,high,low,high,high,medium,low,low,low,low,high,high,medium,medium,medium,high,high,low,low,high,low,medium,high,medium,medium,high,medium,medium,medium,medium,high,medium,medium,medium,medium,medium,low,high,high,low,low,low,medium,medium,low,low,low,medium,medium,high,medium,medium,medium,medium,low,high,high,high,low,high,high,high,medium,high,medium,high,medium,high,low,low,medium,medium,medium,medium,medium,medium,medium,high,high,medium,medium,medium,medium,medium,medium,low,high,medium,medium,low
1318,low,medium,medium,medium,low,medium,low,medium,medium,high,high,medium,high,medium,low,high,high,high,low,low,low,low,high,high,high,medium,medium,high,high,low,high,low,low,high,medium,medium,high,high,high,high,high,high,medium,medium,medium,medium,low,high,medium,low,low,medium,medium,medium,medium,medium,low,medium,high,high,medium,low,low,medium,medium,high,high,low,low,high,high,medium,medium,medium,high,high,low,high,low,low,medium,medium,medium,medium,medium,medium,high,medium,low,medium,high,medium,medium,low,low,low,high,high,high,low
1319,medium,high,high,high,high,medium,high,medium,medium,medium,medium,low,medium,low,medium,low,low,high,medium,medium,medium,low,low,low,medium,medium,medium,low,high,low,low,high,high,high,high,high,high,medium,high,high,high,high,high,high,high,high,medium,high,high,high,high,high,high,low,low,low,low,high,high,high,high,high,high,high,medium,high,high,high,high,medium,medium,low,low,low,medium,high,high,high,medium,low,high,high,high,high,high,high,high,medium,medium,high,high,high,high,high,medium,high,low,medium,medium,medium
1320,medium,high,high,high,medium,high,medium,medium,high,high,medium,low,medium,high,high,low,low,high,high,high,medium,medium,low,low,low,low,low,low,medium,low,low,high,high,high,high,high,medium,medium,high,high,high,high,high,high,high,high,high,high,high,high,high,medium,high,low,low,low,medium,low,high,high,high,high,high,high,high,high,medium,low,high,high,high,low,low,low,high,medium,low,high,low,low,high,high,high,high,high,high,high,high,medium,high,high,high,high,low,low,low,low,low,low,medium
1321,low,low,low,low,high,high,medium,high,low,medium,low,medium,high,low,medium,high,low,high,high,high,high,medium,medium,high,medium,high,high,low,low,medium,medium,medium,medium,high,medium,high,high,high,high,high,high,high,medium,medium,medium,medium,low,high,high,medium,medium,medium,medium,medium,medium,medium,low,low,high,medium,medium,medium,medium,medium,medium,high,high,high,medium,medium,medium,high,medium,high,high,high,high,low,high,medium,medium,medium,medium,medium,medium,medium,high,low,low,high,high,medium,medium,medium,low,high,low,high,high,medium
1322,low,low,low,high,high,medium,high,medium,low,medium,medium,low,medium,high,high,high,high,medium,medium,medium,medium,medium,medium,high,medium,high,medium,high,low,high,medium,low,low,medium,medium,high,high,high,high,high,medium,medium,medium,medium,medium,medium,medium,medium,medium,high,high,medium,medium,medium,low,medium,low,low,medium,low,medium,high,medium,medium,high,medium,medium,high,high,medium,medium,high,medium,high,high,medium,low,medium,medium,medium,medium,medium,medium,medium,medium,medium,medium,low,low,medium,high,medium,medium,low,low,low,low,medium,medium,medium
1323,low,high,high,medium,medium,medium,medium,high,high,medium,medium,medium,medium,high,high,low,medium,medium,medium,medium,medium,low,low,high,high,high,high,medium,high,low,low,high,high,high,medium,high,high,high,high,high,high,high,high,medium,medium,medium,low,high,high,low,low,low,medium,medium,low,low,low,low,high,high,high,medium,medium,medium,high,high,high,high,low,medium,medium,medium,medium,medium,high,high,medium,high,low,low,medium,high,medium,high,high,high,high,medium,low,high,high,medium,high,low,low,medium,low,medium,medium,medium
1324,low,medium,medium,high,medium,low,medium,medium,medium,medium,medium,high,low,low,medium,low,low,high,medium,medium,low,low,low,low,low,low,low,low,high,low,low,high,high,medium,medium,high,high,high,high,high,high,medium,medium,medium,medium,medium,low,high,medium,medium,medium,high,medium,high,medium,medium,medium,high,medium,medium,low,medium,low,medium,low,medium,medium,high,low,low,low,low,low,low,medium,high,medium,medium,high,high,medium,medium,medium,medium,medium,medium,medium,low,low,medium,high,medium,medium,high,high,high,medium,high,high,low
1325,low,high,high,low,medium,medium,medium,medium,high,low,medium,high,low,high,medium,low,high,low,low,low,low,low,low,medium,high,high,high,high,high,low,medium,high,medium,high,high,high,high,high,high,high,high,high,high,medium,medium,high,low,high,high,low,low,high,high,medium,low,low,low,high,high,high,high,medium,medium,high,medium,high,high,medium,low,medium,medium,medium,medium,medium,high,high,high,high,low,low,high,high,high,high,high,high,high,medium,low,high,high,high,high,high,medium,medium,medium,medium,high,low
1326,low,high,high,low,low,low,medium,high,high,medium,high,high,medium,high,high,high,low,high,high,high,high,high,low,low,medium,low,low,low,low,high,low,low,high,high,high,medium,high,medium,medium,medium,high,high,high,high,high,high,high,high,high,medium,medium,medium,high,medium,low,low,low,low,high,high,high,medium,medium,high,medium,high,high,high,medium,low,low,medium,medium,medium,high,high,medium,high,low,low,high,medium,high,medium,high,high,high,low,low,high,medium,high,high,low,low,medium,medium,medium,medium,low
1327,high,medium,high,high,high,low,high,medium,high,high,low,low,low,high,high,medium,high,low,low,high,medium,medium,high,medium,medium,medium,medium,high,medium,medium,high,medium,low,medium,medium,medium,medium,medium,medium,medium,medium,medium,low,medium,medium,medium,medium,medium,medium,medium,medium,high,medium,medium,medium,high,high,low,low,medium,medium,medium,medium,medium,low,low,low,high,high,medium,medium,high,medium,medium,high,low,low,high,high,medium,medium,low,medium,low,low,medium,medium,high,high,medium,medium,low,medium,low,high,high,high,medium,medium,low
1328,medium,medium,high,low,low,low,high,high,high,low,medium,low,high,low,medium,low,low,medium,medium,medium,low,medium,low,medium,low,high,high,low,medium,medium,low,high,high,high,medium,low,high,high,high,high,high,high,high,medium,medium,medium,low,high,high,medium,medium,high,high,medium,low,low,low,high,high,high,high,high,high,high,medium,high,high,medium,low,medium,medium,high,medium,high,high,medium,low,high,medium,low,medium,high,medium,high,high,high,high,medium,medium,high,high,medium,high,low,medium,low,medium,high,high,low
1329,medium,high,high,medium,high,high,low,medium,medium,low,low,low,low,low,low,high,high,low,low,low,high,high,high,high,high,medium,medium,high,medium,high,high,low,low,high,medium,low,medium,medium,high,high,high,high,medium,medium,medium,medium,low,medium,medium,medium,medium,low,medium,medium,medium,low,low,low,medium,medium,high,medium,medium,medium,high,medium,medium,high,medium,low,low,low,low,medium,medium,high,high,high,low,low,medium,medium,medium,medium,medium,medium,high,medium,medium,medium,high,medium,medium,medium,low,high,low,medium,medium,medium
1330,low,high,high,low,low,medium,high,high,high,low,medium,medium,low,medium,low,low,low,medium,low,low,medium,medium,low,low,low,high,high,low,medium,medium,low,high,high,high,high,medium,medium,medium,high,high,high,high,high,medium,medium,high,medium,high,high,low,low,high,high,medium,low,low,low,high,high,high,high,medium,medium,high,low,high,high,low,low,high,high,low,low,low,high,high,high,high,low,low,high,high,high,high,high,high,high,medium,low,high,high,high,high,high,medium,medium,high,medium,medium,low
1331,low,medium,medium,high,medium,medium,high,medium,medium,low,high,low,medium,low,medium,medium,low,high,high,high,high,high,low,low,low,low,low,low,low,high,low,medium,high,high,medium,low,high,high,high,high,high,high,medium,medium,medium,medium,low,medium,medium,low,low,medium,medium,medium,medium,medium,low,high,medium,medium,medium,low,medium,medium,medium,medium,high,low,medium,low,low,medium,medium,medium,medium,high,high,medium,medium,medium,medium,medium,medium,medium,medium,medium,high,low,low,medium,high,medium,medium,high,medium,high,high,high,high,low
1332,high,medium,medium,high,high,medium,high,high,low,medium,low,low,high,medium,high,high,medium,low,low,high,high,high,medium,low,low,high,high,medium,low,high,medium,low,low,low,medium,medium,low,low,low,low,low,medium,medium,medium,medium,medium,medium,low,medium,low,low,low,medium,medium,medium,medium,high,low,low,medium,medium,low,low,medium,high,low,low,medium,low,medium,medium,high,medium,high,low,medium,high,medium,medium,medium,medium,low,medium,low,medium,medium,low,high,high,low,low,medium,low,high,low,medium,high,medium,medium,low
1333,low,medium,high,low,low,low,low,medium,medium,medium,low,low,high,high,high,medium,high,low,low,low,low,low,medium,high,medium,low,low,high,high,medium,high,medium,medium,high,high,high,medium,low,low,high,high,high,high,high,high,high,high,high,high,high,medium,medium,high,low,low,low,low,medium,high,high,high,high,high,high,medium,high,high,low,medium,low,low,low,low,medium,high,medium,low,high,medium,low,high,high,high,high,high,high,high,low,low,high,medium,high,high,low,low,medium,low,low,low,high
1334,high,high,high,low,low,medium,medium,high,high,high,low,medium,low,medium,medium,medium,medium,high,medium,medium,medium,low,medium,high,medium,low,low,medium,medium,low,high,medium,medium,low,low,low,low,low,low,low,low,low,low,low,low,low,low,low,low,low,low,medium,low,high,high,high,high,low,low,low,low,low,low,low,medium,low,low,high,low,low,low,low,low,low,low,low,high,medium,low,low,low,low,low,low,low,low,low,high,high,low,low,low,low,medium,medium,low,high,medium,medium,low
1335,high,low,high,low,medium,high,low,medium,high,high,low,high,high,medium,medium,medium,high,low,low,low,low,low,high,medium,high,medium,medium,high,high,low,high,medium,medium,high,high,medium,medium,low,low,low,low,low,high,high,high,high,high,low,low,high,high,low,high,low,medium,high,high,low,low,low,low,high,high,high,high,low,low,low,high,medium,medium,medium,medium,medium,high,low,low,medium,low,low,high,high,high,high,high,high,high,high,high,high,high,high,high,low,low,low,low,low,low,high
1336,medium,high,high,low,high,high,medium,low,medium,low,low,high,medium,medium,medium,high,medium,high,medium,high,high,high,high,medium,medium,high,medium,medium,low,high,medium,low,low,low,low,low,low,low,low,low,low,low,low,low,low,low,medium,low,low,medium,medium,medium,low,high,high,high,high,medium,low,low,low,low,low,low,medium,low,low,low,medium,low,low,high,medium,high,low,low,medium,medium,medium,medium,low,low,low,low,low,low,low,medium,medium,low,low,low,low,medium,medium,low,medium,medium,medium,low
1337,medium,low,medium,low,high,medium,high,medium,low,medium,high,low,high,high,high,medium,high,high,medium,high,medium,low,high,medium,medium,medium,low,high,high,low,high,medium,low,low,medium,low,low,low,low,low,low,low,low,medium,medium,medium,high,low,low,high,high,low,medium,medium,high,high,high,medium,low,low,low,medium,medium,medium,high,low,low,medium,high,low,low,medium,medium,medium,low,low,low,low,medium,medium,medium,low,medium,low,low,low,low,medium,medium,low,low,medium,low,low,medium,low,low,low,low,high
1338,high,high,low,high,high,high,high,high,low,high,high,low,high,low,low,medium,low,high,high,high,high,high,low,low,medium,low,low,low,low,medium,low,medium,high,medium,high,low,low,low,low,low,low,medium,high,high,high,high,high,low,medium,high,high,high,high,low,low,high,high,medium,low,high,medium,high,high,high,medium,low,low,medium,high,medium,medium,high,medium,high,low,high,high,low,high,high,low,high,low,high,medium,medium,medium,high,high,medium,medium,high,medium,high,high,low,low,low,low,medium
1339,high,high,high,low,high,medium,high,high,high,low,medium,low,low,low,low,high,low,medium,high,high,high,high,low,low,low,medium,medium,low,low,medium,low,low,high,low,medium,low,low,low,low,low,low,low,medium,medium,medium,medium,high,low,low,high,medium,low,low,medium,high,high,high,medium,low,low,low,medium,medium,low,low,low,low,low,high,high,high,medium,medium,medium,low,low,medium,medium,low,medium,medium,low,medium,low,medium,medium,low,high,high,low,low,medium,low,high,medium,medium,low,low,low,high
1340,low,low,medium,high,high,low,low,low,medium,high,low,low,high,high,high,low,medium,high,high,medium,medium,medium,medium,low,low,low,low,medium,medium,medium,medium,medium,medium,low,medium,low,low,low,low,low,low,low,medium,medium,medium,medium,high,low,low,high,high,low,medium,medium,high,high,high,medium,low,low,low,medium,medium,medium,high,low,low,low,high,low,low,medium,medium,high,low,low,low,medium,medium,medium,medium,low,medium,low,low,low,low,low,low,low,low,medium,low,low,medium,high,low,low,low,high
1341,high,medium,low,high,medium,medium,high,low,medium,low,medium,low,low,high,medium,low,medium,medium,low,medium,medium,low,low,low,medium,high,high,medium,high,low,low,high,high,low,low,low,low,low,low,low,low,low,low,low,low,low,medium,low,low,low,low,high,low,high,high,high,high,medium,low,low,low,low,low,low,low,low,low,high,medium,high,high,medium,medium,medium,low,low,medium,medium,high,high,low,low,low,low,low,low,low,high,high,low,low,low,low,high,high,high,high,medium,medium,low
1342,medium,high,high,high,high,low,low,high,high,medium,low,medium,low,high,high,medium,medium,medium,medium,medium,medium,medium,medium,low,low,medium,high,medium,low,medium,medium,low,low,low,low,low,low,low,low,low,low,medium,low,low,medium,low,medium,low,low,medium,medium,low,low,medium,high,high,medium,low,low,medium,medium,low,low,low,high,low,medium,low,medium,high,high,high,medium,high,medium,low,low,high,low,low,low,medium,low,medium,medium,low,low,low,medium,low,low,medium,low,low,medium,low,low,low,low,medium
1343,low,medium,medium,low,low,medium,low,medium,low,high,low,high,high,high,low,medium,medium,low,medium,high,medium,high,medium,medium,low,low,low,medium,medium,high,medium,high,high,medium,medium,medium,medium,medium,medium,medium,medium,high,medium,medium,medium,medium,medium,medium,medium,low,low,medium,medium,high,medium,low,low,high,medium,medium,medium,medium,low,medium,medium,medium,high,medium,low,low,low,medium,medium,medium,medium,medium,high,medium,medium,medium,medium,low,medium,low,medium,medium,medium,low,low,medium,medium,medium,medium,high,medium,medium,low,medium,medium,medium
1344,high,medium,medium,high,low,medium,medium,low,medium,medium,high,high,low,medium,medium,high,high,high,high,high,medium,medium,high,medium,low,low,low,high,medium,medium,high,low,low,low,low,medium,medium,medium,low,low,low,low,low,low,low,low,low,low,low,low,low,medium,low,high,high,high,high,medium,low,low,low,low,low,low,low,low,low,medium,low,high,high,high,low,high,low,low,medium,low,medium,medium,low,low,low,low,low,low,low,high,high,low,low,low,low,medium,high,low,high,high,high,low
1345,medium,medium,medium,low,low,low,low,low,low,medium,high,low,medium,high,medium,low,low,high,high,medium,medium,medium,low,low,low,medium,medium,low,medium,low,low,high,high,medium,low,low,high,medium,medium,medium,medium,low,low,low,low,low,low,medium,low,low,low,high,low,high,medium,medium,medium,medium,high,medium,medium,low,low,low,low,high,high,medium,low,low,low,low,low,low,medium,medium,medium,high,low,low,low,low,low,low,low,low,low,low,medium,low,medium,low,low,medium,high,medium,medium,high,high,low
1346,high,medium,high,low,high,medium,high,high,high,low,medium,low,low,medium,medium,low,high,low,low,low,low,low,medium,medium,high,medium,medium,high,high,low,medium,high,high,low,medium,high,medium,medium,medium,low,low,low,medium,medium,medium,medium,high,low,low,high,high,medium,medium,low,low,medium,high,medium,medium,medium,medium,high,high,medium,medium,low,low,medium,high,low,low,low,low,low,medium,low,medium,high,medium,low,medium,medium,medium,medium,medium,medium,low,high,high,low,low,medium,medium,medium,medium,low,low,medium,medium,high
1347,high,medium,medium,high,low,medium,medium,low,medium,medium,medium,high,medium,high,high,high,low,high,high,high,high,medium,medium,low,low,low,low,low,low,medium,medium,medium,low,low,low,medium,medium,low,low,low,low,low,low,low,low,low,low,low,low,medium,medium,medium,low,high,high,high,medium,medium,low,low,low,low,low,low,medium,low,low,medium,low,medium,medium,medium,medium,medium,low,low,medium,medium,medium,medium,low,low,low,low,low,low,low,high,high,low,low,low,low,medium,high,low,low,high,high,medium
1348,high,high,medium,medium,high,high,high,high,medium,medium,medium,medium,low,low,medium,low,high,low,low,low,low,low,medium,high,high,high,high,high,high,low,medium,high,high,low,medium,low,medium,medium,medium,medium,low,low,low,medium,medium,medium,medium,low,low,high,high,medium,medium,medium,high,high,medium,medium,medium,low,low,medium,medium,medium,medium,medium,medium,high,high,medium,medium,medium,medium,high,low,medium,high,medium,medium,medium,low,medium,low,medium,low,low,low,high,high,low,low,medium,low,high,medium,high,medium,medium,medium,low
1349,low,low,low,high,medium,low,medium,low,low,low,medium,medium,high,medium,high,low,medium,high,high,medium,medium,low,medium,medium,medium,low,low,medium,high,low,medium,high,medium,low,medium,low,low,low,low,low,low,low,medium,medium,medium,medium,high,low,low,high,high,low,medium,medium,high,high,high,medium,low,low,low,medium,medium,medium,high,low,low,low,high,high,high,medium,medium,medium,low,low,high,low,medium,medium,low,low,low,low,low,low,low,low,low,low,low,medium,low,high,medium,medium,low,low,low,high
1350,low,low,low,low,low,low,low,low,low,low,medium,high,medium,high,low,high,high,high,medium,medium,low,high,high,high,high,high,high,high,medium,high,high,low,low,low,low,low,low,low,low,low,low,low,low,low,low,low,medium,low,low,medium,medium,high,low,high,high,high,high,medium,low,low,low,low,low,low,low,low,low,high,medium,medium,medium,medium,medium,medium,low,low,high,low,high,high,low,medium,low,medium,low,low,low,low,low,low,low,low,low,high,high,high,low,medium,medium,medium
1351,medium,medium,high,low,medium,medium,high,medium,medium,medium,low,medium,high,low,low,medium,medium,medium,medium,medium,medium,medium,medium,medium,medium,high,high,medium,medium,medium,medium,medium,medium,low,low,low,low,low,low,low,low,low,low,low,low,low,high,low,low,high,high,low,medium,medium,medium,high,high,medium,low,low,low,medium,medium,medium,high,low,low,medium,medium,low,low,medium,medium,medium,low,low,low,low,low,medium,low,low,low,low,low,low,low,low,medium,low,low,low,low,low,high,medium,medium,low,low,low
1352,low,high,high,low,medium,high,low,high,high,high,medium,high,low,low,high,low,medium,low,low,low,medium,low,medium,medium,medium,low,low,medium,high,low,medium,high,medium,medium,medium,low,low,low,low,low,medium,medium,medium,medium,medium,medium,high,medium,high,low,low,low,medium,medium,high,medium,high,low,low,medium,medium,medium,medium,medium,high,low,low,medium,medium,high,high,high,medium,high,medium,low,low,high,low,low,medium,medium,medium,medium,medium,medium,medium,low,low,medium,low,medium,medium,low,low,low,low,low,low,medium
1353,low,low,low,low,high,low,low,medium,low,high,medium,high,high,low,medium,medium,medium,medium,medium,low,medium,high,high,high,high,medium,medium,medium,medium,high,high,medium,medium,high,high,low,low,low,medium,medium,medium,medium,high,high,high,high,high,medium,high,high,high,medium,high,low,medium,medium,high,medium,medium,medium,high,high,high,high,high,low,low,low,high,low,low,high,medium,high,low,high,high,low,high,high,high,high,high,high,high,high,high,low,low,high,high,high,high,high,low,medium,low,low,low,high
1354,high,medium,medium,low,high,high,low,high,low,high,low,medium,high,high,high,low,medium,medium,medium,medium,low,low,low,medium,medium,high,medium,medium,high,low,medium,high,high,high,high,high,high,high,high,high,high,high,high,high,high,high,medium,high,high,medium,low,medium,high,low,low,low,low,high,high,high,high,high,high,high,high,high,high,medium,medium,medium,medium,low,low,low,high,high,low,medium,medium,medium,high,high,high,high,high,high,high,high,high,high,high,high,high,low,low,low,high,high,high,low
1355,medium,medium,medium,low,low,low,low,medium,high,low,high,high,low,high,low,medium,high,medium,low,low,low,high,medium,high,high,high,high,high,high,high,high,low,low,high,high,low,high,high,medium,medium,high,medium,high,high,high,high,high,medium,high,high,high,low,high,low,low,high,medium,high,medium,medium,medium,high,high,high,high,medium,medium,low,high,high,high,medium,medium,medium,high,high,high,high,low,low,low,high,low,high,high,high,high,medium,medium,high,medium,high,high,high,low,medium,low,low,low,high
1356,high,low,high,medium,low,medium,low,low,high,low,medium,high,low,medium,medium,low,low,medium,medium,medium,low,low,low,low,low,low,low,low,medium,low,low,high,high,high,high,medium,medium,low,low,medium,high,high,high,medium,medium,high,medium,high,high,low,low,high,medium,medium,low,low,low,low,high,high,high,medium,medium,medium,medium,high,high,medium,low,medium,medium,low,low,low,high,low,low,medium,high,high,high,medium,high,medium,high,high,high,high,high,high,medium,high,high,low,medium,low,medium,medium,medium,low
1357,medium,high,high,medium,low,low,medium,high,high,high,medium,medium,medium,high,high,low,low,low,medium,medium,medium,low,low,low,low,low,low,low,high,low,low,high,high,low,low,high,high,medium,medium,medium,medium,low,low,low,low,low,low,medium,medium,low,low,medium,medium,medium,medium,low,low,medium,medium,high,medium,medium,medium,medium,high,medium,medium,medium,low,low,low,medium,medium,high,low,medium,medium,high,low,low,low,low,low,low,low,low,low,medium,medium,low,medium,low,low,medium,low,medium,high,high,high,low
1358,low,low,low,low,low,medium,high,high,low,medium,high,medium,low,high,high,medium,medium,high,high,medium,medium,medium,medium,low,low,low,low,medium,medium,medium,medium,medium,low,medium,medium,medium,medium,medium,high,high,high,medium,low,medium,medium,medium,low,high,high,low,medium,low,medium,medium,medium,medium,medium,low,medium,medium,medium,medium,medium,medium,high,medium,medium,medium,medium,low,low,medium,medium,high,medium,medium,medium,high,low,low,low,medium,low,medium,medium,medium,medium,low,low,medium,medium,medium,medium,medium,low,high,high,high,high,low
1359,medium,high,medium,low,low,low,low,medium,low,high,high,high,low,low,low,low,high,medium,high,high,medium,low,medium,low,low,low,medium,high,high,low,medium,medium,low,medium,medium,medium,medium,medium,medium,medium,medium,medium,medium,medium,medium,medium,medium,medium,medium,high,high,high,medium,low,low,high,high,low,medium,medium,medium,medium,high,medium,low,low,medium,low,high,medium,medium,high,medium,high,medium,medium,medium,high,high,high,medium,medium,medium,medium,medium,medium,medium,medium,medium,medium,medium,medium,medium,medium,high,low,medium,high,high,low
1360,medium,high,medium,low,low,low,low,medium,medium,medium,medium,high,medium,medium,low,high,high,medium,medium,low,medium,high,high,medium,high,medium,medium,high,medium,high,high,low,medium,high,medium,medium,medium,medium,high,high,high,high,medium,high,high,medium,medium,high,high,medium,medium,medium,high,medium,low,low,low,high,high,high,medium,high,medium,high,medium,high,high,high,medium,medium,medium,low,low,low,medium,high,high,high,low,low,high,medium,high,medium,high,high,high,medium,medium,high,medium,high,high,high,low,high,low,medium,medium,high
1361,low,medium,medium,medium,low,medium,medium,low,medium,low,high,high,low,high,high,high,high,medium,low,low,low,medium,medium,high,high,high,high,high,medium,medium,high,low,low,high,high,high,high,high,high,high,high,high,high,high,medium,high,low,high,high,low,low,low,high,medium,low,low,low,high,high,high,high,medium,medium,high,high,high,high,high,low,high,high,medium,medium,medium,high,high,low,high,low,low,medium,high,medium,high,high,high,high,medium,low,high,high,high,high,low,low,medium,low,high,high,medium
1362,low,high,high,low,high,high,medium,high,high,medium,high,medium,low,high,medium,high,high,low,high,high,medium,medium,high,medium,low,low,low,high,medium,medium,high,low,low,high,high,high,high,high,high,high,high,high,high,medium,medium,high,medium,high,high,low,low,high,high,medium,low,low,high,high,high,high,high,medium,medium,high,low,high,high,medium,low,low,low,low,low,medium,medium,high,high,high,high,low,high,high,high,high,high,high,high,medium,low,high,high,medium,high,high,high,medium,high,medium,medium,low
1363,low,low,low,medium,medium,high,high,medium,low,low,high,low,high,low,low,low,medium,medium,medium,medium,medium,low,medium,medium,low,medium,medium,medium,high,low,medium,high,medium,low,medium,low,low,low,low,low,low,low,low,medium,medium,medium,medium,low,medium,medium,medium,high,medium,medium,medium,high,high,high,low,medium,low,medium,medium,medium,low,low,low,high,medium,medium,medium,low,low,low,low,medium,high,low,high,high,low,low,low,low,low,low,low,low,low,low,low,low,low,high,high,medium,high,medium,medium,low
1364,medium,low,low,low,high,medium,low,low,low,low,low,medium,medium,high,medium,medium,medium,high,medium,high,medium,medium,low,medium,medium,medium,low,medium,medium,medium,medium,medium,medium,high,medium,medium,high,high,high,high,high,high,medium,medium,medium,medium,low,high,medium,medium,medium,high,medium,medium,medium,low,low,medium,high,high,medium,high,medium,medium,low,high,high,high,medium,low,low,medium,medium,medium,high,high,medium,medium,high,high,medium,medium,medium,medium,medium,medium,high,medium,medium,high,high,medium,medium,medium,high,low,medium,high,high,low
1365,medium,medium,medium,low,medium,high,medium,low,low,high,high,high,medium,medium,medium,high,medium,high,medium,medium,medium,high,high,high,high,medium,medium,medium,medium,high,high,medium,medium,medium,medium,medium,high,high,high,high,medium,medium,medium,medium,medium,medium,low,high,medium,medium,medium,medium,medium,medium,low,low,low,high,high,medium,low,medium,medium,medium,medium,high,high,low,low,medium,medium,low,low,low,medium,medium,medium,low,high,high,medium,medium,medium,medium,medium,medium,medium,high,medium,medium,medium,medium,medium,medium,high,low,low,medium,medium,medium
1366,high,high,high,high,high,low,high,medium,high,high,high,low,high,medium,high,low,low,low,low,medium,low,medium,low,low,low,low,low,low,medium,medium,low,high,high,medium,low,medium,high,high,medium,medium,low,medium,medium,low,low,low,low,medium,low,low,low,low,low,medium,high,medium,low,high,medium,medium,medium,low,low,low,high,high,medium,low,low,low,low,medium,medium,medium,medium,medium,medium,low,medium,medium,medium,medium,medium,medium,medium,medium,medium,high,high,high,high,low,medium,medium,medium,high,medium,high,high,low
1367,high,high,high,high,high,high,medium,high,medium,high,high,high,high,high,high,low,low,medium,low,low,low,low,low,low,low,low,low,low,high,low,low,high,high,high,high,medium,high,high,high,high,high,high,high,high,high,high,medium,high,high,medium,medium,high,high,low,low,low,low,high,high,high,high,high,high,high,medium,high,high,low,high,low,low,low,low,high,low,high,high,high,high,medium,high,medium,high,medium,medium,high,low,high,high,high,high,medium,high,high,low,low,medium,medium,low,low
1368,high,low,low,medium,medium,medium,medium,low,low,medium,low,medium,high,low,medium,medium,high,low,low,low,medium,low,high,medium,medium,medium,medium,high,medium,low,high,medium,low,low,low,low,low,low,low,low,low,low,low,low,low,low,low,low,low,low,low,low,low,high,high,high,high,medium,low,low,low,low,low,low,medium,low,low,medium,medium,high,high,medium,medium,medium,low,low,low,low,medium,medium,low,low,low,low,low,low,low,medium,high,low,low,low,low,low,medium,medium,high,high,high,low
1369,high,high,high,low,low,high,medium,medium,high,medium,medium,low,high,low,high,low,medium,high,low,low,medium,low,medium,medium,high,high,medium,medium,high,low,medium,high,high,medium,medium,high,high,high,high,high,medium,medium,medium,medium,medium,medium,low,medium,medium,medium,medium,low,medium,medium,medium,low,medium,low,high,medium,medium,medium,medium,medium,high,high,high,medium,medium,medium,medium,medium,medium,medium,high,medium,low,high,low,low,medium,medium,medium,medium,medium,medium,medium,high,high,medium,high,medium,medium,low,low,high,medium,high,high,low
1370,low,high,high,low,medium,low,medium,high,high,low,low,low,low,high,medium,low,medium,medium,medium,medium,low,low,medium,medium,medium,low,medium,medium,high,low,medium,high,medium,medium,high,high,high,medium,medium,medium,medium,medium,high,high,high,high,high,medium,medium,high,high,high,high,medium,medium,high,high,high,medium,medium,medium,high,high,high,low,medium,low,high,high,low,low,low,low,medium,low,high,high,high,high,high,medium,high,medium,high,high,high,medium,low,low,medium,medium,high,high,high,high,low,low,low,low,high
1371,medium,medium,high,low,low,medium,medium,high,high,medium,medium,medium,low,medium,medium,low,high,medium,low,low,low,low,high,high,medium,medium,medium,high,high,low,high,high,medium,medium,medium,low,low,low,low,medium,low,medium,medium,medium,medium,medium,medium,medium,low,high,medium,low,medium,medium,medium,medium,medium,medium,medium,low,low,medium,medium,medium,high,medium,medium,high,medium,medium,medium,low,low,low,high,low,low,low,low,high,high,medium,high,low,medium,medium,medium,medium,medium,medium,low,medium,medium,low,high,low,medium,low,low,low
1372,medium,medium,high,medium,medium,medium,high,low,high,low,high,medium,low,high,low,medium,high,low,low,low,low,low,high,high,high,high,high,high,high,low,high,medium,low,low,low,low,low,medium,low,medium,low,low,medium,low,low,low,medium,medium,medium,low,low,high,low,high,high,medium,medium,medium,low,medium,medium,low,low,low,low,low,low,high,low,high,high,low,low,low,medium,low,low,medium,high,high,medium,low,medium,low,low,low,low,low,medium,low,low,medium,low,medium,high,high,high,high,high,low
1373,low,medium,medium,low,high,high,high,high,low,high,medium,low,low,low,high,medium,high,high,medium,low,low,high,medium,high,high,medium,low,high,medium,high,medium,medium,medium,low,medium,low,low,low,low,low,low,low,medium,high,high,medium,high,low,low,high,high,low,high,low,high,high,high,medium,low,low,medium,high,high,high,high,low,low,low,high,medium,medium,high,medium,high,low,low,medium,low,low,medium,medium,low,medium,low,medium,medium,low,low,low,low,low,medium,medium,medium,medium,high,low,low,low,medium
1374,high,medium,medium,medium,high,medium,medium,high,high,medium,medium,medium,medium,medium,low,medium,medium,high,medium,high,medium,high,low,high,medium,medium,medium,medium,low,high,low,medium,medium,low,high,low,low,low,low,low,low,low,medium,high,high,high,high,low,low,high,high,high,medium,high,high,high,high,medium,low,low,low,high,medium,medium,low,low,low,high,high,low,low,high,medium,high,low,medium,high,medium,high,high,high,low,high,low,medium,low,low,high,high,medium,medium,high,medium,high,high,low,low,medium,medium,medium
1375,high,high,low,high,high,low,high,low,low,high,medium,low,low,low,high,high,low,medium,high,high,high,high,low,low,medium,low,low,low,low,high,low,low,high,high,high,medium,low,low,low,low,low,low,high,high,high,high,high,low,low,high,high,low,high,low,high,high,high,medium,low,low,low,high,high,high,high,low,low,medium,high,medium,medium,medium,medium,medium,low,high,high,low,medium,high,high,high,high,high,high,high,high,high,high,high,high,high,high,high,medium,medium,low,low,low,high
1376,low,low,low,medium,high,high,low,low,low,medium,low,high,medium,low,medium,high,high,high,high,medium,low,medium,high,high,high,high,medium,high,medium,medium,high,low,low,low,medium,medium,medium,medium,low,low,medium,medium,medium,medium,medium,medium,medium,low,medium,medium,medium,medium,medium,high,medium,medium,low,high,medium,medium,medium,medium,medium,medium,medium,low,medium,high,medium,high,high,high,low,high,medium,low,low,low,high,medium,medium,low,medium,low,medium,medium,low,low,low,low,low,low,low,low,medium,high,high,medium,medium,low
1377,medium,medium,medium,low,low,low,low,medium,low,medium,low,medium,low,low,medium,low,high,medium,low,low,medium,low,high,medium,medium,medium,medium,high,high,medium,high,high,medium,low,low,low,low,low,low,low,low,low,low,medium,medium,low,high,low,low,medium,medium,medium,low,medium,high,high,high,low,low,low,low,medium,medium,low,medium,low,low,medium,high,medium,medium,medium,medium,medium,low,low,medium,medium,high,medium,low,low,low,low,low,low,low,low,medium,low,low,low,low,medium,medium,low,medium,medium,low,low
1378,low,low,low,high,low,low,low,low,low,low,high,high,medium,high,high,medium,medium,high,medium,medium,medium,high,high,medium,medium,medium,medium,medium,medium,high,high,medium,medium,medium,high,medium,low,low,medium,medium,high,high,high,high,high,high,high,high,high,medium,medium,medium,high,medium,low,low,medium,high,medium,high,high,medium,medium,high,medium,medium,medium,high,medium,low,low,medium,medium,medium,high,medium,low,low,high,high,high,high,high,high,high,high,medium,low,low,high,medium,high,high,medium,low,high,low,low,low,high
1379,high,medium,medium,high,high,medium,medium,medium,medium,medium,medium,medium,medium,low,low,medium,low,low,high,high,high,high,low,low,low,low,low,low,low,high,low,medium,high,medium,medium,medium,medium,high,high,high,high,medium,medium,medium,medium,medium,low,high,high,low,low,medium,medium,medium,medium,medium,medium,medium,medium,high,medium,low,medium,medium,medium,medium,medium,low,low,medium,medium,medium,medium,medium,high,medium,low,medium,medium,medium,medium,medium,medium,low,medium,medium,medium,high,high,medium,medium,medium,medium,low,low,low,high,high,high,low
1380,medium,high,high,high,medium,low,high,low,high,high,low,low,low,medium,medium,high,low,medium,high,high,high,high,low,low,medium,medium,high,low,low,high,low,low,medium,high,high,high,high,high,high,high,high,high,high,high,high,high,high,high,high,high,high,high,high,low,low,low,low,low,high,high,high,high,high,high,high,high,high,low,high,medium,medium,high,medium,high,high,high,low,high,low,low,high,high,high,high,high,high,high,high,medium,high,high,high,high,low,low,high,low,low,low,high
1381,medium,medium,medium,medium,medium,medium,low,medium,medium,low,low,low,medium,high,high,medium,high,high,medium,medium,low,high,medium,high,medium,high,medium,high,high,high,medium,medium,medium,high,high,medium,high,high,high,high,high,high,high,high,high,high,high,high,high,high,high,medium,high,low,low,low,low,medium,high,high,high,high,high,high,high,high,high,low,high,medium,medium,low,low,low,high,high,low,medium,low,low,high,high,high,high,high,high,high,high,medium,high,high,high,high,low,low,medium,low,low,low,high
1382,medium,medium,low,medium,low,low,high,high,medium,low,medium,medium,medium,medium,medium,low,medium,high,medium,medium,medium,low,low,low,low,low,low,medium,high,low,medium,high,high,medium,medium,high,high,medium,medium,medium,medium,medium,medium,medium,medium,medium,medium,medium,medium,medium,medium,medium,low,medium,high,medium,medium,high,high,low,low,low,medium,low,medium,medium,high,medium,low,high,high,high,medium,high,medium,medium,medium,medium,medium,medium,medium,medium,medium,medium,medium,medium,medium,medium,medium,medium,medium,medium,medium,high,low,low,medium,medium,medium,low
1383,medium,high,medium,low,medium,medium,low,high,medium,low,low,high,medium,high,high,high,high,high,low,medium,medium,high,medium,medium,low,high,medium,high,medium,high,medium,low,low,medium,low,low,low,medium,medium,high,medium,low,low,low,low,low,low,high,medium,low,low,high,low,high,medium,high,medium,high,low,medium,low,low,low,low,low,medium,medium,medium,low,medium,medium,low,low,low,low,medium,high,high,medium,medium,low,medium,low,medium,medium,medium,medium,medium,medium,medium,medium,medium,medium,high,medium,low,medium,medium,medium,low
1384,medium,low,low,low,high,medium,high,high,low,medium,low,low,high,low,medium,medium,high,medium,low,low,medium,low,medium,medium,low,high,high,high,high,low,medium,medium,low,low,low,medium,medium,low,low,low,low,medium,medium,low,low,low,medium,low,low,medium,low,medium,low,high,medium,medium,medium,low,low,low,medium,low,low,low,medium,medium,medium,high,low,low,low,medium,medium,high,low,medium,high,low,medium,medium,low,medium,low,medium,low,low,low,medium,medium,low,low,medium,low,high,medium,medium,low,medium,medium,medium
1385,low,high,medium,high,low,low,high,medium,low,medium,high,medium,high,high,high,high,medium,medium,low,low,medium,high,medium,medium,medium,high,high,medium,low,high,medium,low,medium,high,high,high,high,high,high,medium,high,high,high,high,high,high,high,medium,high,high,high,medium,high,low,low,low,medium,high,high,high,high,high,high,high,high,high,medium,low,high,medium,medium,high,medium,high,medium,high,high,high,low,low,high,high,high,high,high,high,high,medium,low,high,high,high,high,high,low,high,low,low,low,high
1386,medium,low,low,low,medium,medium,high,high,low,medium,low,low,medium,medium,low,high,medium,low,high,high,high,medium,medium,medium,low,low,low,medium,low,high,medium,low,low,high,high,low,low,low,low,low,medium,medium,high,high,high,high,high,medium,medium,high,high,medium,high,low,low,medium,high,medium,low,low,high,high,high,high,high,low,low,low,high,high,high,low,low,low,high,low,low,low,high,high,high,high,high,high,high,high,high,medium,medium,high,medium,high,high,low,low,high,low,low,low,high
1387,medium,high,high,low,high,high,high,high,high,low,medium,low,low,medium,high,medium,high,medium,high,medium,low,low,high,high,low,low,low,high,high,low,high,medium,low,high,high,high,medium,medium,medium,medium,high,high,high,medium,medium,high,medium,high,high,low,low,medium,medium,medium,low,low,low,medium,medium,high,high,medium,medium,medium,high,medium,high,high,low,medium,medium,medium,medium,high,medium,high,high,high,low,low,high,high,high,high,high,high,high,high,medium,high,medium,high,high,high,low,low,low,low,low,medium
1388,high,low,low,high,medium,low,low,low,low,high,medium,low,medium,medium,high,high,low,high,high,high,high,high,low,low,low,low,low,low,low,high,low,low,medium,high,high,medium,high,high,high,high,medium,high,medium,high,high,high,medium,medium,medium,high,high,medium,high,low,medium,low,low,medium,medium,high,high,high,high,high,medium,medium,medium,low,high,medium,medium,medium,medium,medium,high,medium,low,medium,high,medium,high,medium,high,medium,high,high,high,high,high,medium,high,high,high,low,low,medium,medium,medium,medium,low
1389,medium,medium,medium,high,medium,low,medium,medium,low,low,low,low,medium,low,medium,medium,high,high,medium,medium,medium,medium,high,medium,medium,low,low,high,medium,medium,high,medium,low,low,low,medium,low,low,low,low,low,low,low,low,low,low,medium,low,low,low,low,medium,low,high,high,high,high,medium,low,low,low,low,low,low,medium,low,low,low,medium,high,high,low,low,low,low,medium,high,medium,medium,medium,low,low,low,low,low,low,low,low,medium,low,low,low,low,high,medium,medium,low,low,low,medium
1390,medium,low,medium,medium,medium,high,high,medium,medium,high,low,low,medium,high,high,low,high,high,medium,low,low,low,low,high,high,low,low,high,high,low,low,high,high,medium,high,low,low,low,low,low,low,medium,medium,high,high,high,high,medium,medium,high,high,low,high,low,low,medium,high,medium,low,medium,high,high,high,high,high,low,low,medium,high,high,high,low,low,low,high,low,low,medium,low,medium,medium,high,medium,high,high,medium,medium,medium,medium,medium,low,high,medium,low,low,medium,medium,medium,medium,low
1391,medium,low,low,medium,medium,medium,low,low,low,medium,high,high,medium,high,high,low,medium,high,medium,medium,low,medium,low,medium,low,medium,medium,medium,high,medium,medium,high,high,low,low,low,low,low,low,medium,low,low,low,low,low,low,low,medium,low,low,low,medium,low,high,medium,medium,medium,medium,medium,medium,low,low,low,low,medium,medium,medium,medium,low,low,low,low,low,medium,medium,low,low,low,high,high,medium,low,medium,low,low,low,low,medium,medium,low,low,low,low,low,medium,high,high,high,high,low
1392,low,medium,low,low,high,high,high,high,low,medium,low,low,low,low,high,medium,medium,high,high,medium,low,high,high,medium,low,medium,medium,medium,medium,high,high,low,medium,high,high,high,high,high,high,high,high,high,high,high,high,high,high,high,high,high,high,medium,high,low,low,low,low,low,high,high,high,high,high,high,high,high,high,high,high,high,high,low,low,low,medium,high,high,low,medium,medium,high,medium,high,medium,high,high,high,low,low,high,high,high,high,high,low,medium,low,low,medium,medium
1393,high,high,high,medium,low,low,low,medium,high,medium,low,low,low,high,high,medium,low,high,high,high,high,medium,medium,low,low,low,low,low,low,low,low,high,medium,medium,low,high,high,high,high,high,medium,low,low,low,low,low,low,low,low,medium,medium,medium,low,medium,high,high,medium,low,medium,medium,low,low,medium,low,medium,medium,medium,low,medium,high,high,medium,medium,medium,medium,medium,medium,high,low,low,low,low,low,low,low,low,medium,high,high,medium,medium,low,low,medium,low,high,high,high,high,low
1394,low,high,high,low,low,medium,medium,high,high,medium,high,high,medium,medium,high,high,low,medium,high,high,high,high,low,medium,medium,high,high,low,low,high,low,low,high,medium,medium,high,high,high,medium,medium,medium,medium,medium,low,low,medium,low,medium,medium,low,low,low,medium,high,medium,low,medium,low,medium,high,medium,low,low,medium,high,medium,medium,medium,low,medium,medium,low,low,low,medium,low,low,high,low,low,medium,medium,medium,medium,medium,medium,medium,low,low,medium,medium,medium,medium,low,low,low,high,high,high,low
1395,medium,low,low,low,low,medium,medium,medium,low,medium,low,medium,high,high,high,medium,low,medium,low,high,high,high,low,low,low,medium,medium,low,low,high,low,medium,high,low,low,medium,low,low,low,low,low,low,low,low,low,low,medium,low,low,medium,medium,medium,low,high,high,high,high,low,low,low,low,low,low,low,medium,low,low,low,medium,low,low,medium,medium,medium,low,low,medium,low,medium,medium,low,low,low,low,low,low,low,low,medium,low,low,low,low,medium,medium,high,medium,medium,medium,low
1396,high,low,low,medium,medium,low,low,low,medium,high,low,high,high,medium,low,high,low,low,low,high,high,high,medium,low,low,high,high,low,low,high,low,low,high,low,high,low,low,low,low,low,low,low,low,high,high,high,high,low,low,high,high,high,medium,medium,high,high,high,high,low,low,low,high,medium,medium,low,low,low,high,high,high,high,low,low,low,low,medium,high,low,high,high,medium,high,medium,high,medium,medium,low,high,high,low,low,high,medium,high,high,low,low,low,low,high
1397,medium,low,low,high,high,low,high,low,high,high,medium,low,medium,low,low,medium,medium,medium,medium,high,medium,medium,medium,low,low,medium,medium,medium,medium,high,medium,low,low,high,high,high,medium,medium,low,low,medium,medium,high,high,high,high,high,low,medium,high,high,high,high,low,high,medium,high,high,low,medium,high,high,high,high,low,low,low,high,high,high,high,low,low,low,low,high,high,low,high,high,high,high,high,high,high,high,high,high,medium,high,high,high,high,high,high,medium,low,low,low,high
1398,low,medium,low,low,medium,medium,low,low,medium,low,medium,high,high,low,low,high,high,low,medium,high,high,high,high,high,high,high,high,high,low,high,high,low,low,low,medium,medium,medium,medium,low,low,low,medium,high,medium,medium,medium,high,low,low,medium,medium,low,medium,medium,medium,high,high,low,low,low,low,medium,medium,medium,low,low,low,low,high,medium,medium,high,medium,high,low,medium,high,low,medium,high,medium,medium,medium,medium,medium,medium,low,low,low,low,low,medium,medium,high,high,high,medium,low,low,low
1399,low,medium,low,medium,high,medium,medium,medium,high,high,low,low,low,low,low,low,medium,low,low,low,low,low,low,low,low,low,medium,medium,high,low,low,high,high,low,low,medium,low,low,low,low,low,low,low,low,low,low,low,low,low,medium,medium,low,low,high,high,high,high,medium,low,low,low,low,low,low,high,low,low,low,medium,low,low,medium,medium,high,low,low,medium,medium,medium,medium,low,low,low,low,low,low,low,low,low,low,low,low,low,medium,medium,high,low,medium,medium,medium
1400,high,low,low,medium,medium,low,high,high,medium,high,medium,low,low,low,low,high,high,medium,high,high,medium,medium,high,medium,low,high,high,high,medium,medium,high,low,low,medium,high,low,low,low,low,low,low,low,medium,high,high,high,high,low,low,high,high,high,medium,medium,high,high,high,high,low,low,low,high,high,medium,low,low,low,high,high,high,high,low,low,low,low,high,high,low,high,high,high,high,high,high,high,high,medium,high,high,medium,low,high,high,high,high,medium,low,low,low,high
1401,low,medium,low,high,low,medium,low,medium,low,medium,high,high,high,high,high,medium,high,low,high,high,medium,low,high,high,medium,high,high,high,high,low,high,medium,medium,medium,high,high,medium,medium,low,medium,medium,medium,high,high,high,high,high,medium,medium,high,high,low,high,low,medium,medium,medium,high,low,medium,high,high,high,high,low,medium,medium,low,high,low,low,high,medium,high,medium,high,medium,low,medium,high,high,high,high,high,high,high,medium,low,low,high,high,high,high,low,high,medium,low,low,low,medium
1402,high,medium,medium,medium,low,medium,high,medium,medium,low,medium,high,high,medium,low,medium,low,high,high,high,high,high,low,low,low,low,low,low,low,medium,low,medium,high,low,low,medium,medium,low,low,low,low,low,low,low,low,low,low,low,low,medium,medium,medium,low,high,high,high,high,high,low,low,low,low,low,low,low,low,low,medium,low,medium,medium,low,low,low,low,low,medium,medium,medium,medium,low,low,low,low,low,low,low,medium,high,low,low,low,low,medium,high,low,high,medium,medium,low
1403,low,low,low,medium,low,low,low,low,low,medium,low,medium,high,high,low,high,high,low,low,low,medium,high,high,high,high,high,high,high,medium,high,high,low,low,high,high,high,medium,medium,low,low,medium,high,high,high,high,high,high,medium,high,high,high,high,high,low,low,low,medium,high,high,high,high,high,high,high,low,medium,high,high,high,high,high,medium,medium,medium,medium,high,high,high,high,high,high,high,high,high,high,high,high,low,low,high,high,high,high,high,high,high,low,low,low,high
1404,medium,high,high,medium,medium,medium,low,high,medium,medium,medium,high,medium,medium,medium,medium,low,medium,medium,medium,medium,medium,medium,low,low,low,low,low,medium,high,medium,low,medium,medium,low,low,medium,medium,high,high,medium,medium,low,low,low,low,low,medium,low,low,low,low,low,high,high,medium,medium,medium,low,low,low,low,low,low,low,low,low,low,low,medium,medium,medium,medium,high,medium,medium,medium,low,low,high,medium,low,medium,low,low,low,medium,medium,medium,medium,high,low,low,medium,high,high,high,high,high,low
1405,low,low,medium,medium,low,low,high,medium,low,high,medium,high,high,medium,high,low,medium,high,high,high,high,low,low,medium,low,low,low,medium,high,low,low,high,high,low,medium,low,low,low,low,low,medium,low,medium,low,low,medium,medium,medium,medium,medium,low,low,low,high,high,medium,high,low,low,low,low,low,low,low,high,low,low,high,medium,low,low,medium,medium,medium,low,low,medium,medium,medium,medium,medium,low,medium,low,low,low,low,low,low,low,low,medium,low,medium,medium,low,medium,medium,medium,low
1406,low,low,low,high,medium,low,high,low,high,high,high,medium,low,low,low,high,medium,medium,low,low,high,high,medium,high,high,medium,medium,medium,low,high,medium,low,medium,medium,high,low,low,low,low,low,low,medium,medium,high,high,high,high,low,low,high,high,high,high,medium,high,high,high,high,low,low,medium,high,high,high,low,low,low,high,high,high,high,medium,medium,medium,low,high,high,high,high,high,low,high,low,high,high,medium,medium,low,low,medium,low,high,high,high,high,low,medium,low,low,low
1407,high,medium,medium,low,medium,high,low,low,low,high,medium,high,low,medium,medium,high,low,high,high,high,high,high,low,low,medium,medium,medium,low,low,high,low,low,high,medium,medium,low,low,low,low,high,high,high,medium,medium,medium,medium,medium,high,high,low,low,high,medium,medium,low,low,low,high,high,high,medium,low,medium,medium,low,high,high,low,low,low,low,high,medium,high,low,high,high,low,high,high,high,low,high,low,medium,medium,medium,high,high,medium,medium,medium,medium,high,high,medium,high,high,medium,low
1408,high,high,high,high,medium,medium,high,low,medium,high,high,low,low,low,medium,medium,medium,low,low,high,high,low,medium,medium,low,low,low,medium,medium,low,medium,high,medium,low,low,high,medium,low,low,medium,medium,low,low,low,low,low,low,medium,medium,low,low,medium,low,medium,high,high,medium,medium,low,medium,low,low,low,low,medium,low,low,low,medium,low,low,medium,medium,medium,low,low,medium,low,medium,medium,low,low,low,low,low,low,low,high,high,medium,high,low,low,medium,medium,medium,high,high,high,low
1409,high,low,low,high,high,low,high,low,low,medium,low,low,medium,low,low,medium,low,high,high,high,high,medium,low,low,high,medium,low,low,low,medium,low,medium,high,medium,medium,medium,high,high,medium,medium,medium,low,medium,high,high,medium,medium,low,medium,high,high,high,medium,high,high,high,high,high,low,low,low,medium,medium,medium,low,low,low,high,high,high,high,low,low,low,low,high,high,medium,high,high,medium,low,medium,medium,medium,medium,medium,high,high,medium,medium,medium,medium,high,high,medium,low,low,low,medium
1410,high,high,medium,medium,medium,high,high,high,medium,high,high,medium,low,low,low,medium,high,high,medium,medium,medium,medium,high,high,medium,high,high,high,medium,medium,high,medium,low,high,high,medium,medium,medium,high,high,high,high,high,medium,medium,high,medium,high,high,medium,medium,high,high,medium,low,low,medium,high,high,high,high,high,medium,high,low,high,high,high,medium,low,low,low,low,low,medium,high,high,high,high,high,medium,high,medium,medium,medium,medium,high,high,high,high,high,medium,high,high,high,medium,medium,high,high,low
1411,high,medium,medium,high,medium,medium,medium,low,medium,high,low,medium,medium,medium,low,low,high,high,medium,medium,low,low,high,high,high,medium,low,high,high,low,high,high,medium,low,high,low,low,low,low,low,low,low,low,high,high,high,high,low,low,high,high,high,medium,medium,high,high,high,medium,low,low,low,high,high,medium,low,low,low,high,high,high,high,high,medium,medium,low,medium,high,low,high,high,low,high,low,high,medium,medium,low,high,high,low,medium,high,medium,high,high,low,low,low,low,high
1412,high,medium,medium,high,high,low,low,medium,medium,high,low,medium,high,low,low,medium,low,medium,medium,medium,medium,high,low,medium,high,medium,medium,low,medium,high,low,high,high,medium,high,medium,low,low,low,low,low,high,high,high,high,high,high,low,low,high,high,high,high,low,low,low,medium,medium,medium,high,high,high,high,high,low,medium,medium,high,medium,high,high,low,low,low,high,medium,medium,low,high,high,high,medium,high,medium,high,high,high,high,high,high,high,high,high,medium,high,medium,low,low,low,medium
1413,high,high,high,high,high,high,medium,high,high,high,medium,high,medium,medium,high,low,low,low,low,low,low,low,low,medium,low,low,low,low,high,low,low,high,high,low,low,medium,medium,low,medium,low,low,low,low,low,low,low,low,medium,low,low,low,low,low,high,high,high,high,low,low,low,low,low,low,low,medium,low,low,high,medium,low,low,high,medium,high,medium,low,low,low,medium,high,high,high,high,high,high,high,low,high,high,high,high,medium,high,low,high,medium,low,high,medium,medium
1414,high,high,low,high,high,low,high,high,medium,high,high,low,low,low,low,high,low,high,medium,high,high,high,high,medium,medium,medium,medium,low,low,high,medium,low,medium,medium,medium,high,high,high,high,high,high,medium,medium,low,low,medium,low,high,high,low,low,medium,medium,medium,medium,medium,low,high,high,medium,medium,medium,medium,medium,medium,high,high,medium,low,high,high,low,low,low,medium,high,medium,medium,medium,medium,high,medium,high,low,high,medium,high,high,high,high,high,high,high,medium,high,high,medium,high,high,low
1415,medium,medium,medium,low,high,high,high,medium,medium,low,high,high,high,medium,high,medium,high,low,low,low,low,low,high,high,high,high,high,high,high,low,high,medium,low,low,low,medium,low,low,low,low,low,medium,low,medium,medium,low,medium,low,low,medium,medium,low,medium,medium,medium,medium,high,low,low,low,medium,medium,medium,medium,low,low,low,low,medium,low,low,high,low,high,low,medium,medium,high,medium,low,medium,low,medium,low,low,low,low,medium,medium,low,low,low,low,medium,low,low,high,medium,medium,low
1416,medium,low,medium,high,high,high,low,low,low,medium,medium,medium,high,high,medium,low,low,low,low,low,low,low,low,low,low,low,low,low,high,low,low,high,high,low,low,medium,low,low,low,low,low,low,low,low,low,low,medium,low,low,low,low,medium,medium,high,medium,high,medium,low,low,medium,medium,low,low,medium,medium,medium,medium,high,low,low,low,low,low,low,low,low,low,medium,medium,medium,low,low,low,low,low,low,low,low,medium,low,low,low,low,low,low,low,low,medium,medium,medium
1417,low,medium,high,medium,high,high,low,high,medium,low,high,high,medium,medium,high,low,high,medium,low,low,low,medium,medium,high,high,high,high,high,high,high,high,high,medium,medium,medium,medium,high,high,high,medium,medium,medium,medium,high,high,medium,medium,medium,medium,high,high,medium,high,low,low,low,low,medium,high,high,medium,high,high,high,medium,high,high,medium,high,low,low,medium,medium,medium,high,low,low,high,medium,low,low,high,low,high,medium,medium,medium,low,low,medium,high,medium,medium,low,low,high,medium,medium,medium,low
1418,low,low,medium,low,medium,medium,high,high,medium,low,medium,low,high,medium,medium,medium,low,high,high,medium,high,high,low,low,low,high,medium,low,low,medium,low,medium,high,high,high,high,high,high,high,medium,high,high,high,high,high,high,high,medium,high,medium,medium,medium,high,low,low,low,low,low,medium,high,high,high,high,high,high,medium,high,low,high,medium,medium,medium,medium,high,high,low,low,medium,medium,medium,high,high,high,high,high,high,high,low,low,high,high,high,high,low,low,low,medium,low,low,low
1419,low,medium,medium,high,high,high,medium,low,low,low,low,low,medium,medium,medium,high,medium,low,low,low,high,high,medium,medium,high,medium,high,medium,low,high,medium,low,low,medium,medium,low,high,medium,medium,medium,medium,medium,medium,medium,medium,medium,low,medium,medium,low,low,low,medium,medium,medium,medium,low,low,medium,medium,medium,medium,medium,medium,high,medium,medium,medium,low,medium,medium,medium,medium,medium,medium,medium,medium,medium,medium,medium,medium,medium,medium,medium,medium,medium,medium,low,low,medium,medium,low,medium,medium,low,high,high,high,high,low
1420,low,low,low,low,low,low,high,high,high,high,low,low,high,high,low,high,high,medium,medium,low,low,high,high,high,high,high,medium,high,medium,high,high,low,low,high,high,medium,low,low,medium,medium,high,high,high,high,high,high,high,high,high,high,high,high,high,low,low,medium,low,high,high,high,high,high,high,high,low,high,high,high,high,high,high,high,medium,medium,medium,high,high,high,high,high,high,high,high,high,high,high,high,low,low,high,high,high,high,high,high,medium,low,low,low,high
1421,low,medium,low,high,high,low,high,low,medium,high,medium,low,medium,low,low,medium,medium,medium,high,medium,high,medium,medium,low,medium,high,high,medium,medium,medium,medium,medium,medium,high,high,medium,high,high,high,high,high,high,high,high,high,high,high,high,medium,high,high,high,high,low,high,high,low,low,medium,high,high,high,high,high,low,medium,medium,high,high,high,high,high,medium,medium,medium,high,high,low,high,high,high,medium,high,medium,high,high,high,low,low,high,high,high,high,high,high,low,low,low,low,high
1422,medium,low,low,high,medium,low,high,medium,low,high,medium,medium,high,low,low,high,low,low,high,high,high,high,low,low,low,low,low,low,low,high,low,low,high,medium,medium,low,medium,high,medium,medium,low,medium,medium,medium,medium,medium,medium,low,low,medium,medium,high,low,medium,high,high,high,low,medium,low,medium,medium,medium,low,low,medium,medium,low,medium,high,high,low,low,low,low,high,high,medium,high,high,low,medium,low,medium,medium,medium,medium,medium,medium,medium,medium,medium,medium,high,high,high,low,medium,medium,medium
1423,low,low,low,medium,low,low,medium,low,low,medium,low,high,high,high,low,high,medium,low,low,medium,medium,high,medium,medium,high,high,high,medium,low,high,medium,low,low,high,high,medium,medium,medium,high,medium,medium,medium,high,high,high,high,high,high,medium,high,high,high,high,low,high,high,high,medium,medium,medium,high,high,high,high,low,low,low,high,high,high,high,low,low,low,low,high,high,medium,high,high,high,high,high,high,high,high,high,low,low,high,high,high,high,high,high,low,low,low,low,high
1424,low,low,low,high,high,low,high,high,low,low,medium,low,medium,low,low,high,medium,low,high,high,high,medium,medium,low,medium,high,high,medium,low,high,low,low,medium,high,high,medium,low,low,low,low,low,low,high,high,high,high,high,low,low,high,high,high,high,low,high,high,high,medium,low,low,high,high,high,high,low,low,low,high,high,high,high,low,low,low,low,high,high,low,high,high,high,high,high,high,high,high,high,medium,low,high,high,high,high,high,high,medium,low,low,low,high
1425,high,low,low,low,low,low,high,high,high,high,medium,medium,high,low,low,low,high,medium,medium,medium,low,low,high,high,medium,high,high,high,high,low,high,high,low,high,high,medium,high,high,high,high,high,high,high,high,high,high,high,high,high,high,high,high,high,low,medium,medium,low,high,high,high,high,high,high,high,low,high,high,high,high,high,high,high,medium,medium,high,high,high,low,high,high,high,high,high,high,high,high,high,high,high,high,medium,high,high,high,high,low,low,low,low,high
1426,low,low,low,high,low,low,medium,low,medium,medium,low,high,high,low,low,high,low,high,high,high,high,high,medium,medium,medium,low,low,low,low,high,medium,low,medium,high,high,medium,high,high,high,high,medium,high,high,high,high,high,high,medium,medium,high,high,high,high,low,low,medium,medium,medium,high,high,high,high,high,high,low,high,high,high,high,high,high,high,medium,medium,high,high,high,low,high,high,high,high,high,high,high,high,high,medium,low,high,high,high,high,high,high,low,low,low,low,high
1427,high,high,high,high,high,medium,high,high,high,high,medium,low,low,low,low,low,low,low,low,low,low,low,low,low,low,low,low,low,high,low,low,high,high,high,high,low,low,low,low,high,high,high,high,high,high,high,medium,high,high,low,low,low,high,low,low,low,low,medium,high,high,high,high,high,high,low,high,high,low,medium,low,low,high,high,high,high,high,low,low,low,high,high,high,high,high,high,high,medium,medium,high,high,medium,high,high,low,high,medium,low,low,low,high
1428,medium,medium,high,high,medium,high,medium,low,high,medium,medium,low,medium,medium,low,low,medium,high,medium,medium,medium,low,medium,low,medium,high,medium,medium,high,low,medium,high,high,high,high,medium,medium,high,high,high,high,medium,medium,high,high,high,high,high,high,high,high,medium,high,low,medium,medium,medium,high,high,medium,medium,high,high,high,medium,high,medium,low,high,low,low,medium,medium,medium,high,medium,low,high,low,low,high,high,high,high,high,high,high,medium,medium,high,high,high,high,low,low,high,low,low,low,high
1429,medium,low,low,low,low,low,medium,medium,low,medium,high,high,high,high,low,high,high,medium,medium,medium,medium,high,high,high,medium,medium,medium,high,low,high,high,low,low,medium,medium,high,high,high,high,medium,medium,low,medium,medium,medium,medium,low,low,low,medium,medium,medium,medium,medium,high,high,medium,medium,medium,medium,medium,low,medium,medium,medium,medium,medium,low,medium,medium,medium,high,medium,high,low,high,high,low,high,high,medium,medium,medium,medium,medium,medium,medium,medium,medium,medium,medium,medium,medium,medium,medium,high,low,medium,medium,high
1430,low,medium,medium,low,high,high,low,low,low,low,medium,high,low,low,medium,high,medium,medium,medium,medium,high,medium,medium,medium,medium,medium,medium,medium,medium,medium,medium,low,low,medium,low,high,high,high,high,high,medium,medium,low,low,low,low,low,high,medium,low,low,medium,low,high,medium,medium,low,low,medium,medium,medium,low,low,low,medium,high,high,medium,low,medium,medium,low,low,low,medium,medium,medium,medium,medium,medium,medium,low,medium,low,low,low,medium,low,low,medium,high,low,medium,medium,low,high,high,high,high,low
1431,low,low,low,high,medium,low,high,medium,medium,medium,low,low,high,high,low,high,low,low,low,medium,high,medium,medium,medium,medium,high,high,low,low,medium,low,medium,high,high,high,medium,high,high,high,high,medium,high,high,high,high,high,high,medium,medium,high,high,high,high,low,medium,medium,medium,medium,high,medium,high,high,high,high,low,medium,medium,high,high,high,high,medium,medium,medium,medium,high,high,medium,high,high,high,high,high,high,high,high,high,medium,low,high,high,high,high,high,high,low,low,low,low,high
1432,low,medium,low,medium,low,low,medium,medium,low,low,high,high,medium,high,low,low,medium,medium,medium,medium,medium,low,medium,high,medium,medium,medium,medium,high,low,medium,high,high,high,high,high,high,high,high,high,high,high,high,high,high,high,high,high,medium,high,high,high,high,low,medium,low,low,high,high,high,high,high,high,high,low,high,high,high,high,high,high,medium,medium,medium,high,high,high,low,high,high,high,high,high,high,high,high,high,low,low,high,high,high,high,high,high,high,low,low,low,high
1433,high,medium,medium,high,low,medium,medium,low,medium,medium,high,low,low,low,medium,low,high,low,medium,low,low,low,medium,medium,medium,high,high,high,high,medium,high,high,medium,medium,high,low,low,low,low,high,high,high,medium,high,high,high,high,high,high,high,high,low,high,low,low,low,low,low,medium,high,high,high,high,high,low,high,high,medium,medium,medium,medium,medium,medium,medium,high,medium,medium,low,low,high,medium,high,medium,high,high,high,medium,high,high,medium,medium,high,high,medium,high,low,low,low,low,high
1434,high,low,low,high,medium,low,high,medium,low,medium,high,low,high,high,low,medium,high,medium,high,high,medium,low,high,high,medium,medium,medium,high,medium,low,high,medium,low,high,high,low,medium,medium,medium,low,medium,high,high,high,high,high,high,low,high,high,high,high,high,low,low,medium,high,high,high,medium,high,high,high,high,low,medium,medium,high,high,high,high,low,low,low,low,high,high,medium,high,high,high,high,high,high,high,high,high,high,high,high,high,high,high,high,high,low,low,low,low,high
1435,high,medium,low,high,medium,medium,medium,low,high,high,medium,high,medium,low,medium,medium,medium,low,low,medium,medium,medium,medium,medium,low,low,low,medium,medium,medium,medium,medium,medium,low,medium,high,high,high,medium,medium,medium,medium,low,medium,medium,medium,medium,low,medium,medium,medium,low,high,low,medium,low,high,medium,medium,low,medium,medium,high,high,low,low,low,low,high,high,high,low,low,low,high,medium,low,low,medium,high,low,medium,low,medium,medium,medium,medium,high,high,low,medium,low,low,low,high,medium,low,medium,medium,medium
1436,low,low,low,high,low,low,medium,low,high,high,high,high,high,medium,low,high,medium,high,high,high,high,high,high,low,low,low,low,medium,low,high,medium,low,low,medium,high,low,low,low,low,low,high,high,medium,medium,medium,high,high,low,high,medium,medium,low,medium,low,medium,high,high,low,low,low,high,medium,high,medium,high,low,low,low,high,high,high,low,low,low,medium,medium,medium,low,medium,high,high,medium,high,medium,high,high,medium,low,low,medium,low,high,high,high,high,low,medium,high,high,low
1437,low,low,low,medium,low,medium,high,high,medium,high,medium,low,medium,medium,low,high,low,high,high,medium,high,high,medium,medium,medium,medium,medium,low,low,high,low,low,medium,low,low,medium,medium,medium,low,low,low,low,low,low,low,low,medium,low,low,medium,medium,medium,low,high,high,high,medium,medium,low,low,low,low,low,low,medium,low,low,high,medium,high,high,medium,medium,medium,low,low,medium,low,high,high,low,low,low,low,low,low,low,low,low,low,low,low,low,medium,high,low,medium,medium,medium,low
1438,medium,low,low,high,high,low,medium,low,medium,high,medium,low,high,low,low,high,medium,high,medium,high,high,medium,high,high,medium,low,low,medium,low,medium,medium,low,low,low,medium,medium,medium,low,low,low,low,medium,medium,medium,medium,medium,high,low,low,medium,medium,high,medium,medium,low,high,high,medium,low,medium,medium,medium,medium,medium,low,low,low,low,medium,high,high,medium,medium,medium,medium,low,medium,low,high,high,medium,medium,medium,medium,medium,medium,medium,low,medium,medium,low,medium,medium,medium,high,medium,low,low,low,medium
1439,medium,low,low,medium,low,low,high,high,low,low,low,medium,medium,medium,low,high,low,low,low,medium,high,high,medium,low,high,high,high,low,low,high,medium,low,medium,high,high,high,high,high,high,high,high,high,high,high,high,high,high,high,medium,high,high,high,high,low,medium,low,medium,high,high,high,high,high,high,high,low,medium,high,high,high,high,high,high,medium,medium,high,high,high,low,high,high,high,high,high,high,high,high,high,high,medium,high,high,high,high,high,high,low,low,low,low,high
1440,high,low,high,high,high,high,high,low,low,high,medium,low,medium,high,high,high,medium,low,high,high,high,medium,high,low,medium,low,low,medium,low,medium,medium,low,low,high,high,high,high,high,medium,medium,high,medium,high,high,high,high,medium,medium,high,high,high,high,medium,medium,medium,medium,low,medium,high,high,high,medium,medium,medium,low,high,high,high,low,high,high,high,medium,medium,medium,high,high,low,high,high,high,high,high,high,high,high,high,high,high,high,high,high,high,high,high,low,low,low,low,high
1441,high,high,low,medium,high,low,high,medium,low,medium,high,medium,high,high,low,medium,low,low,low,high,high,high,low,low,medium,high,high,low,low,medium,low,medium,medium,high,high,high,high,high,high,high,high,high,high,high,high,high,high,high,high,high,high,high,high,low,medium,low,low,high,high,high,high,high,high,high,low,high,high,high,high,low,low,medium,medium,medium,high,high,high,low,high,high,medium,high,medium,high,high,high,high,high,high,high,high,high,high,high,high,low,low,low,low,high
1442,high,high,high,low,medium,low,medium,medium,high,low,medium,low,low,high,high,high,high,high,low,medium,medium,high,medium,high,high,medium,medium,high,medium,high,medium,low,low,low,low,low,low,low,low,medium,medium,medium,low,low,low,low,low,high,medium,low,low,low,low,high,high,high,high,high,low,low,low,low,low,low,low,low,low,medium,medium,low,low,high,medium,high,medium,low,low,low,low,high,low,low,low,low,low,low,low,high,high,low,low,low,low,low,high,low,high,high,high,low
1443,low,medium,medium,low,low,low,high,high,medium,medium,low,high,medium,medium,low,high,medium,low,low,high,high,high,medium,medium,medium,medium,high,medium,low,high,medium,low,medium,low,medium,low,low,low,low,low,low,medium,medium,low,medium,medium,medium,low,medium,low,low,medium,low,high,medium,medium,medium,low,low,medium,medium,low,low,low,medium,medium,medium,high,low,high,high,low,low,low,low,medium,high,low,high,high,medium,medium,medium,medium,medium,medium,low,low,low,low,low,medium,low,high,medium,high,medium,low,low,low
1444,medium,low,low,high,high,low,low,low,high,high,high,high,medium,low,low,medium,high,low,low,low,low,low,high,high,high,high,high,high,high,low,high,medium,low,high,high,medium,medium,high,high,high,high,high,high,high,high,high,high,high,high,high,medium,high,high,low,low,low,low,low,high,high,high,high,high,high,medium,high,high,low,medium,high,high,high,high,high,high,high,low,low,high,high,high,high,high,high,high,high,high,high,medium,high,high,high,high,low,high,medium,low,low,low,high
1445,high,medium,low,high,medium,low,high,low,high,high,high,medium,low,low,low,medium,high,low,low,medium,medium,low,high,high,high,high,high,high,high,low,high,medium,medium,high,high,medium,low,medium,medium,medium,high,high,high,high,high,high,high,high,high,high,high,high,high,low,low,low,medium,low,high,high,high,high,high,high,low,medium,medium,high,high,high,high,high,medium,medium,medium,high,high,low,high,high,high,high,high,high,high,high,high,high,high,high,high,high,high,high,high,low,low,low,low,high
1446,high,low,medium,high,high,low,medium,medium,high,high,medium,medium,medium,low,low,high,high,high,medium,high,medium,high,high,medium,high,medium,medium,high,medium,high,high,low,low,high,high,high,high,medium,high,high,high,high,high,medium,medium,high,medium,high,high,medium,medium,low,high,medium,low,low,low,low,high,high,high,medium,medium,high,low,high,high,high,low,high,high,low,low,low,high,medium,low,low,high,high,high,medium,high,medium,high,high,high,high,high,high,high,medium,high,low,high,high,high,high,high,low
1447,high,medium,low,low,low,low,medium,medium,low,low,medium,high,high,medium,low,high,high,high,low,low,low,medium,high,high,high,low,low,high,medium,medium,high,low,low,high,high,high,medium,medium,medium,medium,high,high,high,high,high,high,high,high,high,high,high,high,high,low,low,low,high,high,high,high,high,high,high,high,low,medium,medium,high,high,high,high,high,medium,medium,medium,high,high,low,high,high,high,high,high,high,high,high,high,high,high,high,high,high,high,high,high,medium,low,low,low,high
1448,high,high,high,high,high,medium,high,high,high,low,high,low,low,medium,medium,high,low,high,low,high,high,high,medium,low,medium,low,low,low,low,high,medium,medium,medium,medium,medium,low,low,low,medium,medium,medium,medium,low,medium,medium,medium,medium,low,low,medium,low,low,medium,medium,medium,medium,medium,medium,low,medium,medium,low,medium,medium,low,medium,low,low,medium,low,low,low,low,low,medium,low,low,low,low,high,medium,medium,medium,medium,medium,medium,medium,high,high,medium,medium,low,medium,low,high,medium,high,high,medium,low
1449,medium,high,high,high,high,high,high,low,medium,high,low,medium,low,low,high,low,low,medium,low,low,low,low,low,low,low,high,high,low,high,low,low,high,high,low,low,low,low,low,low,low,low,low,low,low,low,low,low,low,low,low,low,low,low,high,medium,medium,medium,medium,medium,low,low,low,low,low,low,medium,medium,high,low,low,low,low,low,medium,low,low,medium,high,low,low,low,low,low,low,low,low,low,low,medium,low,low,low,low,low,low,medium,medium,high,high,low
1450,medium,low,low,low,medium,medium,low,low,medium,high,low,low,medium,medium,medium,high,high,low,medium,low,low,low,high,high,high,medium,medium,high,high,low,high,low,low,low,low,high,medium,medium,low,low,low,low,low,low,low,low,medium,low,low,medium,medium,medium,low,high,high,high,high,high,low,low,low,low,low,low,medium,low,low,medium,medium,high,high,low,low,low,low,low,medium,medium,high,medium,low,low,low,low,low,low,low,low,medium,low,low,low,low,medium,medium,medium,low,medium,medium,medium
1451,high,high,high,medium,medium,medium,medium,medium,high,medium,medium,medium,low,low,low,low,low,high,medium,low,low,low,low,low,low,low,low,low,high,low,low,high,high,low,low,high,medium,medium,medium,medium,low,low,low,low,low,low,low,low,low,medium,medium,high,low,high,medium,high,medium,high,low,medium,low,medium,low,low,low,medium,medium,high,low,low,low,low,low,medium,medium,low,medium,high,medium,low,low,medium,low,medium,low,low,low,high,high,low,low,low,low,medium,high,high,low,high,high,medium
1452,low,high,high,high,high,medium,high,high,high,low,low,low,low,high,high,low,high,low,low,low,low,low,high,high,high,high,high,high,high,low,high,high,medium,medium,high,low,low,low,low,medium,medium,medium,high,high,high,high,high,high,high,high,high,low,medium,medium,low,low,medium,low,medium,high,high,medium,medium,medium,high,medium,medium,high,medium,high,high,medium,medium,medium,low,high,high,high,low,low,medium,high,medium,high,high,high,medium,low,low,medium,low,high,medium,high,low,low,low,low,low,medium
1453,high,medium,medium,medium,high,high,low,medium,medium,medium,high,medium,medium,low,high,low,medium,low,medium,medium,medium,medium,medium,high,high,low,low,medium,high,medium,medium,high,high,low,low,high,high,high,medium,medium,low,low,low,medium,medium,low,medium,low,low,high,high,low,low,medium,high,high,high,high,low,low,low,medium,medium,low,high,low,low,low,high,medium,medium,high,medium,high,medium,low,low,medium,medium,medium,low,medium,low,medium,low,low,low,high,high,low,medium,medium,low,low,medium,high,low,high,high,high
1454,high,low,medium,medium,low,low,low,low,medium,high,medium,low,medium,high,medium,low,high,medium,low,low,low,low,high,high,medium,high,high,high,high,low,high,high,medium,low,low,high,high,high,medium,low,low,low,low,low,low,low,low,low,low,medium,medium,medium,low,high,high,high,medium,high,medium,low,low,low,low,low,medium,medium,medium,low,low,low,low,high,medium,high,low,low,medium,high,low,low,low,low,low,low,low,low,low,high,high,low,low,low,low,medium,medium,low,high,high,high,low
1455,medium,medium,high,low,low,medium,medium,low,medium,medium,medium,medium,low,low,low,medium,low,low,low,low,high,high,low,high,high,high,high,low,low,high,low,medium,high,low,low,low,low,low,low,low,low,low,low,low,low,low,low,low,low,low,low,low,low,high,high,high,high,low,low,low,low,low,low,low,high,low,low,medium,medium,medium,medium,low,low,low,low,low,low,medium,low,low,low,low,low,low,low,low,low,medium,medium,low,low,low,low,low,medium,high,high,high,high,low
1456,medium,low,medium,low,low,low,low,low,medium,medium,high,high,high,high,high,high,medium,high,high,high,high,medium,high,low,low,medium,low,medium,low,medium,medium,medium,low,low,low,low,low,low,low,low,low,low,low,low,low,low,medium,low,low,medium,medium,low,low,high,high,high,high,medium,low,low,low,low,low,low,medium,low,low,low,medium,low,low,low,low,low,low,low,low,medium,medium,medium,low,medium,low,medium,low,low,low,low,medium,low,low,medium,low,low,medium,medium,low,medium,medium,medium
1457,medium,medium,low,low,high,high,low,low,low,low,high,medium,high,low,low,low,medium,high,high,medium,medium,low,low,low,low,high,medium,medium,high,low,low,high,high,low,low,medium,low,low,medium,low,low,low,low,low,low,low,low,low,low,low,low,high,low,high,high,high,high,high,low,low,low,low,low,low,low,low,low,medium,low,medium,medium,high,medium,high,low,low,medium,medium,high,high,low,low,low,low,low,low,low,low,medium,low,low,low,low,medium,high,low,high,high,high,low
1458,medium,medium,low,medium,high,high,medium,medium,low,medium,high,medium,medium,low,medium,medium,low,medium,medium,high,high,high,low,low,low,low,medium,low,low,medium,low,low,medium,low,low,medium,low,low,low,low,low,low,low,medium,medium,low,medium,low,low,medium,medium,medium,medium,medium,medium,high,high,high,low,low,low,medium,medium,medium,high,low,low,high,medium,medium,medium,high,medium,high,low,medium,high,low,medium,medium,medium,low,medium,low,low,low,low,low,medium,low,low,low,low,high,medium,medium,medium,high,high,low
1459,medium,medium,high,low,low,medium,low,medium,medium,medium,high,high,low,low,medium,low,high,low,medium,medium,low,low,high,high,high,medium,high,high,high,low,high,high,medium,low,low,medium,low,low,low,low,low,low,low,low,low,low,medium,low,low,medium,low,low,low,high,high,high,high,medium,low,low,low,low,low,low,medium,low,low,low,medium,medium,medium,high,medium,high,low,low,low,medium,medium,medium,low,low,low,low,low,low,low,low,medium,low,low,low,low,low,medium,high,medium,high,high,low
1460,high,medium,medium,medium,medium,high,high,high,medium,high,low,low,high,medium,low,high,medium,high,medium,high,high,high,medium,high,high,medium,medium,medium,low,high,medium,low,low,low,low,low,low,low,low,low,low,low,low,low,low,low,medium,low,low,medium,medium,medium,low,high,high,medium,high,high,low,low,low,low,low,low,medium,low,low,low,medium,high,high,low,low,low,low,low,low,medium,medium,medium,low,low,low,low,low,low,low,high,high,low,low,low,low,low,medium,medium,high,high,high,low
1461,medium,low,low,low,low,low,high,high,low,low,high,medium,high,high,high,high,high,medium,low,low,low,high,high,high,high,high,high,high,medium,high,high,low,low,low,medium,low,low,low,low,low,low,low,medium,high,high,medium,high,low,low,high,high,low,high,low,medium,high,high,medium,low,medium,medium,high,high,high,high,low,low,low,high,medium,medium,high,medium,high,medium,low,low,low,medium,medium,low,high,low,high,medium,medium,low,low,medium,medium,low,medium,medium,low,medium,high,low,medium,low,high
1462,high,low,medium,medium,high,medium,low,medium,low,high,high,high,high,high,low,low,medium,high,high,medium,medium,low,medium,medium,high,high,medium,medium,high,low,medium,high,medium,low,medium,medium,low,low,low,low,low,medium,medium,low,low,medium,medium,low,medium,medium,low,high,low,high,high,high,high,medium,low,low,low,low,low,low,low,low,low,medium,medium,medium,medium,medium,medium,medium,low,low,medium,low,high,high,medium,low,medium,low,low,low,low,high,high,low,low,low,low,medium,high,high,high,medium,medium,low
1463,medium,low,medium,low,low,low,low,low,medium,high,medium,medium,high,low,medium,low,high,medium,low,low,low,low,medium,medium,medium,medium,medium,high,high,low,medium,high,medium,high,high,high,high,medium,medium,medium,high,high,high,high,high,high,high,medium,high,medium,medium,medium,high,low,low,low,low,low,low,high,high,medium,high,high,high,medium,medium,low,medium,medium,medium,low,low,low,high,medium,low,low,medium,medium,high,high,high,high,high,high,high,high,medium,high,high,high,high,low,low,medium,low,low,low,high
1464,high,medium,high,low,medium,high,medium,medium,high,medium,high,high,low,low,low,medium,high,low,medium,low,low,low,high,medium,medium,medium,high,high,high,low,high,medium,low,low,low,low,low,low,medium,medium,medium,low,low,low,low,low,low,medium,medium,low,low,medium,low,high,medium,medium,medium,low,high,medium,low,low,low,low,medium,medium,high,medium,low,low,low,high,medium,high,medium,low,medium,high,low,low,low,medium,low,medium,low,low,low,high,high,medium,medium,low,low,medium,medium,high,high,high,high,low
1465,high,low,low,low,high,low,low,low,low,medium,low,high,high,medium,medium,low,high,low,low,low,low,medium,high,high,high,low,medium,high,high,medium,high,high,high,low,low,low,low,low,low,low,low,low,low,low,low,low,high,low,low,medium,medium,medium,low,medium,high,high,high,medium,low,low,low,medium,medium,low,medium,low,low,medium,high,low,low,medium,medium,medium,low,low,high,medium,medium,medium,medium,medium,medium,medium,medium,medium,low,high,high,low,low,low,low,high,medium,high,low,medium,medium,medium
1466,medium,high,high,low,low,high,medium,high,high,low,high,high,low,high,high,medium,low,low,low,low,high,high,low,low,medium,medium,high,low,low,high,low,medium,high,low,medium,low,low,low,low,low,low,medium,medium,medium,medium,medium,high,low,low,medium,medium,low,low,medium,medium,medium,high,high,low,low,low,low,low,low,high,low,low,low,medium,medium,medium,low,low,low,medium,low,low,high,low,low,medium,low,medium,low,medium,medium,low,medium,medium,low,low,medium,medium,low,medium,low,medium,medium,medium,low
1467,high,medium,low,medium,high,high,low,low,low,high,high,medium,high,high,high,high,high,low,high,medium,low,medium,high,high,medium,high,high,high,high,medium,high,medium,low,low,medium,medium,low,low,low,low,low,medium,medium,medium,medium,medium,high,low,medium,medium,medium,high,medium,medium,low,high,high,medium,low,medium,medium,medium,medium,medium,medium,low,low,medium,medium,low,low,medium,medium,medium,low,high,high,low,high,high,medium,medium,medium,medium,medium,medium,low,high,high,low,low,medium,medium,high,medium,medium,low,low,low,high
1468,high,low,low,low,low,medium,low,low,medium,high,low,high,low,high,medium,low,high,low,low,low,low,low,medium,medium,medium,low,low,high,high,low,high,high,medium,high,high,high,low,low,low,medium,high,high,high,high,high,high,high,medium,high,medium,medium,high,high,low,low,low,low,medium,medium,high,high,high,high,high,high,high,medium,low,medium,low,low,low,low,low,high,low,low,low,high,high,high,high,high,high,high,high,high,high,high,high,medium,high,high,low,low,low,low,low,low,high
1469,high,high,medium,high,high,high,low,high,high,low,medium,medium,medium,high,high,medium,high,low,low,low,low,high,high,high,high,high,high,high,high,high,high,medium,low,low,low,medium,medium,medium,medium,medium,low,low,low,low,low,low,low,medium,low,medium,medium,medium,medium,high,medium,medium,low,low,high,low,medium,medium,medium,medium,medium,high,high,high,low,medium,medium,low,low,low,low,medium,medium,medium,medium,medium,low,medium,low,medium,medium,medium,low,high,high,low,low,low,low,medium,high,low,low,medium,medium,medium
1470,high,high,high,medium,low,low,medium,medium,high,low,high,high,medium,high,high,high,low,low,low,low,high,high,low,high,high,medium,medium,low,low,high,low,low,medium,low,low,medium,low,medium,low,medium,low,low,low,low,low,low,low,medium,low,medium,medium,low,low,medium,high,high,high,medium,medium,low,low,low,low,low,high,low,low,medium,medium,low,low,medium,medium,high,medium,low,medium,medium,low,medium,low,low,low,low,low,low,low,high,high,low,medium,low,low,low,medium,low,high,high,high,low
1471,high,medium,medium,medium,medium,medium,low,low,low,medium,low,high,low,low,medium,medium,medium,medium,medium,medium,medium,medium,medium,low,low,low,low,medium,medium,high,medium,low,low,medium,medium,low,low,low,high,medium,high,medium,medium,medium,medium,medium,low,high,medium,low,low,medium,medium,medium,medium,medium,low,low,high,high,medium,medium,medium,medium,medium,high,high,medium,low,low,low,high,medium,high,medium,high,high,medium,medium,medium,high,low,high,low,medium,medium,medium,high,high,medium,high,medium,medium,high,medium,medium,low,medium,high,medium
1472,high,medium,medium,low,high,high,high,high,medium,medium,high,high,low,medium,high,high,low,high,high,high,high,high,medium,medium,medium,low,low,low,low,high,low,low,medium,low,medium,low,low,low,medium,low,low,medium,low,medium,medium,medium,medium,low,low,medium,medium,low,medium,medium,medium,low,high,medium,low,medium,medium,low,medium,medium,high,low,low,low,medium,low,low,low,low,medium,low,low,medium,low,low,medium,low,medium,low,medium,low,low,low,medium,high,low,low,medium,low,medium,medium,low,low,medium,medium,medium
1473,low,low,medium,low,high,high,low,low,medium,medium,low,high,low,low,medium,medium,low,medium,low,high,high,high,low,medium,medium,medium,high,low,low,medium,low,medium,high,high,high,high,high,high,high,medium,medium,high,high,high,high,high,high,medium,medium,high,high,low,high,low,low,medium,medium,low,medium,high,high,high,high,high,high,medium,medium,low,high,medium,medium,low,low,low,high,medium,low,medium,low,low,high,high,high,high,high,high,high,low,low,high,high,high,high,low,low,high,low,low,low,high
1474,medium,high,high,high,low,high,high,high,high,high,high,high,low,high,high,low,low,low,low,low,low,low,low,low,low,medium,medium,low,high,low,low,high,high,low,medium,low,low,low,low,low,low,low,low,medium,medium,medium,high,low,low,high,high,low,medium,low,high,high,high,medium,low,low,low,high,high,medium,high,low,low,low,high,low,low,medium,medium,high,low,low,medium,high,low,low,low,low,low,low,low,low,low,low,medium,low,low,low,low,medium,low,medium,low,low,low,high
1475,medium,low,low,high,medium,medium,high,low,medium,high,low,medium,high,medium,high,high,low,high,high,high,high,high,low,medium,low,high,low,low,low,high,low,medium,high,low,low,low,low,low,low,low,low,low,low,low,low,low,low,low,low,low,low,low,low,high,high,high,high,medium,low,low,low,low,low,low,high,low,low,medium,low,high,high,low,low,low,low,low,medium,high,low,low,low,low,low,low,low,low,low,low,medium,low,low,low,low,medium,medium,high,medium,medium,medium,low
1476,low,low,low,high,high,low,medium,low,medium,high,low,low,high,high,low,medium,high,low,low,low,low,medium,high,high,medium,high,high,high,high,medium,high,medium,low,low,low,high,medium,medium,medium,medium,medium,medium,low,low,low,low,low,medium,low,low,low,low,low,high,high,high,low,low,medium,medium,low,low,low,low,low,high,high,high,low,high,high,low,low,low,low,medium,high,high,medium,low,medium,low,medium,medium,low,medium,medium,low,low,medium,medium,low,low,high,low,low,high,high,high,low
1477,low,low,low,medium,low,low,high,medium,high,high,low,high,medium,low,low,high,low,medium,high,high,high,high,low,low,low,low,low,low,low,medium,low,low,high,high,high,medium,medium,medium,medium,medium,low,low,high,high,high,high,high,low,low,high,high,high,high,low,high,high,high,high,medium,low,medium,high,high,high,low,low,low,high,high,high,high,high,medium,medium,low,high,high,high,high,high,high,high,high,high,high,high,high,medium,low,high,medium,high,high,high,high,high,low,low,low,high
1478,low,low,low,low,low,medium,high,high,low,medium,low,medium,high,high,low,high,high,low,low,low,medium,medium,high,high,high,high,high,high,medium,high,high,low,low,medium,medium,medium,low,medium,medium,medium,medium,medium,medium,medium,medium,medium,high,low,medium,high,high,low,medium,medium,medium,medium,high,medium,low,low,low,low,medium,medium,high,low,low,low,medium,high,high,medium,medium,medium,medium,high,high,low,medium,high,medium,high,medium,high,high,high,medium,low,low,medium,medium,high,high,medium,high,low,low,low,medium,medium
1479,high,high,high,high,medium,medium,high,medium,high,medium,medium,medium,low,medium,high,high,low,high,high,high,high,high,medium,low,low,low,low,low,low,high,low,low,medium,low,low,high,medium,medium,medium,low,low,low,low,low,low,low,low,low,low,low,low,low,low,high,high,high,high,medium,low,low,low,low,low,low,low,low,low,low,low,low,low,medium,medium,medium,low,low,medium,high,low,low,medium,low,medium,low,low,low,low,medium,high,low,low,low,low,medium,low,medium,high,medium,medium,low
1480,high,medium,medium,low,low,low,medium,low,medium,high,low,high,medium,low,low,high,medium,medium,high,high,high,high,high,low,medium,medium,medium,medium,low,high,high,low,low,low,low,high,medium,low,low,medium,low,low,low,low,low,low,medium,medium,medium,medium,medium,high,low,high,high,medium,high,high,medium,low,low,low,low,low,low,medium,medium,medium,low,high,high,low,low,low,low,medium,high,high,high,medium,medium,low,medium,low,low,low,low,high,high,low,low,medium,low,high,high,high,medium,medium,medium,low
1481,high,low,low,high,high,low,high,high,high,high,low,medium,high,medium,medium,medium,medium,high,high,medium,low,medium,low,low,medium,medium,medium,medium,medium,high,medium,low,medium,low,low,low,low,medium,medium,low,low,low,low,low,low,low,medium,low,low,medium,medium,high,low,high,high,high,high,high,low,low,low,medium,low,low,low,low,low,high,medium,high,high,medium,medium,medium,medium,low,low,low,high,high,low,medium,low,medium,low,low,low,medium,high,low,low,low,low,medium,high,medium,medium,medium,medium,low
1482,medium,low,low,high,high,low,high,low,high,high,high,low,medium,low,low,medium,high,high,low,low,medium,low,high,medium,high,medium,medium,high,high,low,high,medium,low,low,low,medium,medium,medium,low,low,low,low,low,low,low,low,medium,low,low,medium,medium,medium,low,high,high,medium,high,high,low,low,low,low,low,low,medium,low,low,high,low,high,high,low,low,low,low,low,medium,low,low,high,low,low,low,low,low,low,low,medium,medium,low,low,low,low,high,high,medium,high,high,high,low
1483,high,low,medium,low,low,high,medium,high,medium,high,low,low,medium,medium,high,high,medium,low,low,low,medium,high,medium,medium,high,high,high,medium,low,high,medium,low,low,low,low,medium,medium,low,low,low,low,low,low,low,low,low,medium,low,low,medium,medium,low,low,high,high,high,high,low,low,low,low,low,low,low,low,low,low,medium,low,high,high,high,medium,medium,low,low,medium,low,medium,high,low,low,low,low,low,low,low,high,high,low,low,low,low,low,high,low,medium,high,high,low
1484,high,high,low,medium,high,low,high,medium,high,medium,low,medium,medium,high,low,high,high,medium,medium,medium,low,medium,high,high,high,high,high,high,medium,medium,high,low,low,high,high,medium,medium,medium,high,high,high,high,high,high,high,high,high,high,high,high,high,high,high,low,low,medium,medium,high,medium,high,high,high,high,high,low,medium,medium,high,high,high,high,low,low,low,low,high,high,high,high,high,high,high,high,high,high,high,high,high,high,high,high,high,high,high,high,low,low,low,low,high
1485,high,high,high,high,high,medium,high,high,high,high,high,high,high,high,high,low,low,medium,high,high,high,medium,low,low,low,low,low,low,low,low,low,high,high,low,low,high,high,medium,medium,medium,medium,low,medium,low,low,low,low,medium,medium,low,low,low,low,medium,high,high,medium,low,low,medium,medium,low,low,low,low,low,low,medium,medium,low,low,medium,medium,high,medium,low,medium,low,low,high,medium,medium,medium,high,medium,medium,low,high,high,high,high,medium,high,low,high,medium,medium,high,medium,low
1486,low,high,high,low,low,low,high,medium,high,medium,high,medium,low,low,medium,high,high,low,medium,low,low,high,high,high,medium,high,high,high,medium,high,high,low,low,low,low,high,high,high,medium,medium,low,low,low,low,low,low,low,medium,low,low,low,medium,low,high,high,high,high,medium,medium,low,low,low,low,low,medium,low,low,medium,low,medium,medium,medium,medium,medium,low,medium,high,high,low,low,low,low,low,low,low,low,low,low,low,low,low,low,low,high,low,high,medium,medium,medium,low
1487,high,low,medium,medium,high,low,low,medium,high,low,high,high,low,medium,medium,medium,low,high,medium,medium,high,high,low,low,low,medium,medium,low,low,high,low,low,medium,high,high,high,high,high,high,medium,medium,high,high,high,high,high,high,medium,medium,high,high,medium,high,low,low,medium,medium,medium,medium,medium,high,high,high,high,high,medium,medium,low,high,low,low,medium,medium,high,high,low,low,medium,medium,medium,high,high,high,high,high,high,high,high,high,high,high,high,high,low,low,medium,low,low,low,high
1488,low,high,high,medium,low,high,medium,high,high,low,high,medium,low,low,low,medium,high,medium,medium,medium,low,low,high,medium,medium,medium,medium,high,high,low,high,medium,low,low,low,high,high,medium,medium,medium,medium,low,low,low,low,low,low,medium,medium,low,medium,low,low,high,high,high,high,low,low,low,low,low,low,low,medium,low,low,high,low,medium,medium,low,low,low,low,medium,high,high,low,low,low,low,low,low,low,low,low,low,low,low,medium,low,low,medium,medium,high,high,high,high,low
1489,medium,medium,medium,high,high,high,medium,low,medium,low,medium,low,medium,low,low,medium,low,high,medium,high,high,high,low,high,medium,low,low,low,low,medium,low,high,high,low,low,medium,low,medium,medium,low,low,low,low,medium,medium,low,medium,low,low,medium,medium,low,low,medium,high,high,high,medium,low,low,low,medium,medium,low,high,low,low,medium,medium,high,high,medium,medium,medium,low,low,medium,medium,medium,medium,medium,low,medium,low,low,low,low,low,medium,low,low,low,low,medium,medium,low,medium,medium,medium,low
1490,low,high,high,low,medium,high,low,high,high,low,high,high,medium,low,medium,high,low,high,high,high,high,high,medium,low,low,low,low,low,low,high,medium,low,low,low,medium,high,high,high,medium,low,low,low,low,high,high,medium,high,low,low,high,high,medium,medium,low,high,high,high,high,low,low,medium,high,high,medium,high,low,low,low,high,medium,medium,high,medium,high,medium,low,medium,high,low,low,medium,medium,medium,medium,medium,medium,low,low,low,low,medium,medium,medium,low,medium,medium,low,low,low,high
1491,medium,low,low,high,low,high,high,low,low,medium,high,medium,high,high,medium,low,low,medium,low,medium,medium,high,low,medium,medium,medium,medium,low,low,high,low,high,high,medium,medium,medium,high,medium,medium,medium,high,medium,medium,medium,medium,medium,medium,high,high,medium,medium,high,medium,medium,medium,low,low,high,medium,medium,high,medium,medium,medium,low,high,high,high,low,medium,medium,low,low,low,medium,high,high,medium,high,high,high,low,high,low,medium,medium,medium,medium,medium,medium,medium,medium,medium,high,high,medium,low,high,high,medium
1492,low,high,medium,low,high,high,medium,low,low,high,high,high,high,medium,high,high,high,high,medium,low,medium,medium,high,high,high,medium,medium,high,medium,medium,high,low,low,low,medium,medium,low,low,low,low,low,low,low,medium,medium,medium,medium,low,low,high,high,medium,low,medium,high,high,high,high,low,low,medium,medium,medium,low,medium,low,low,low,high,medium,medium,high,medium,high,low,medium,high,low,medium,medium,low,low,low,low,low,low,low,low,low,low,low,low,low,medium,medium,high,medium,high,high,low
1493,medium,high,high,medium,low,low,high,medium,high,medium,low,low,low,medium,low,high,high,high,low,low,low,high,high,high,medium,medium,medium,high,medium,high,high,low,low,low,low,high,medium,low,low,low,low,low,low,low,low,low,medium,low,low,medium,medium,medium,low,medium,high,medium,high,low,low,low,low,low,low,low,medium,low,low,low,medium,high,high,low,low,low,low,low,medium,medium,low,low,medium,low,medium,low,low,medium,low,low,medium,low,low,medium,low,medium,medium,low,medium,medium,medium,low
1494,high,medium,medium,low,medium,low,medium,medium,medium,low,low,medium,medium,low,low,medium,high,high,high,medium,low,low,high,medium,medium,low,low,high,high,low,high,medium,low,medium,low,high,medium,high,high,high,medium,medium,medium,low,low,low,low,high,medium,low,low,high,low,medium,high,high,medium,high,high,medium,low,low,low,low,low,medium,medium,low,low,low,low,high,medium,high,medium,medium,medium,medium,high,high,medium,medium,medium,medium,medium,medium,medium,high,high,medium,medium,low,medium,medium,high,high,medium,high,high,low
1495,high,low,medium,low,medium,high,low,medium,low,high,medium,low,medium,medium,high,high,high,high,high,high,medium,medium,high,medium,medium,medium,medium,high,medium,medium,high,low,low,high,medium,medium,medium,high,high,high,high,high,medium,medium,medium,medium,medium,high,medium,medium,medium,high,medium,medium,medium,low,low,high,high,high,high,medium,medium,medium,low,high,high,high,low,medium,medium,high,medium,high,high,medium,low,low,high,high,medium,high,medium,high,medium,medium,high,high,high,medium,high,medium,medium,low,high,medium,low,medium,medium,high
1496,medium,medium,high,medium,medium,low,medium,low,high,medium,low,high,high,high,medium,medium,high,low,low,low,low,low,high,high,high,high,high,high,high,low,high,medium,low,low,low,medium,medium,low,low,low,low,low,low,low,low,low,low,low,low,medium,low,low,low,high,high,high,medium,low,medium,low,low,low,low,low,high,medium,medium,medium,low,medium,medium,medium,medium,medium,medium,low,low,low,low,medium,low,low,low,low,low,low,low,low,medium,low,medium,low,low,low,medium,low,low,medium,high,medium
1497,low,medium,high,low,medium,medium,high,medium,medium,high,high,high,low,low,low,low,medium,high,medium,medium,medium,low,medium,medium,medium,low,low,medium,high,low,medium,high,high,low,low,low,low,low,low,low,low,low,low,low,low,low,high,low,low,medium,medium,medium,low,medium,high,high,high,medium,low,low,low,low,medium,low,medium,low,low,low,medium,medium,medium,medium,medium,high,low,low,low,medium,medium,medium,low,low,low,low,low,low,low,low,low,low,low,low,low,low,medium,high,medium,medium,medium,low
1498,medium,high,high,low,low,low,high,medium,high,low,medium,medium,low,high,high,low,high,medium,medium,low,low,low,high,medium,medium,high,high,high,high,low,high,medium,low,medium,medium,low,low,low,low,high,high,medium,medium,medium,medium,medium,medium,high,high,low,low,high,medium,medium,medium,medium,medium,low,medium,medium,medium,medium,medium,medium,low,medium,medium,medium,medium,low,low,high,medium,high,medium,medium,medium,high,medium,low,low,medium,low,medium,medium,medium,medium,medium,medium,medium,medium,medium,medium,high,high,medium,high,medium,medium,low
1499,low,medium,high,medium,medium,medium,high,medium,high,low,low,high,high,low,medium,medium,low,low,medium,high,medium,medium,low,low,medium,low,low,low,low,medium,medium,medium,high,medium,high,low,low,low,low,low,medium,high,high,high,high,high,high,medium,medium,high,medium,low,high,low,low,low,medium,low,medium,high,high,high,high,high,high,medium,medium,high,medium,medium,medium,low,low,low,high,low,low,medium,low,low,high,high,high,high,high,high,medium,low,low,medium,low,medium,high,low,low,high,low,low,low,high
1500,low,high,high,low,low,low,low,high,high,high,low,medium,medium,low,low,high,low,medium,medium,low,low,high,low,low,high,medium,medium,low,low,high,medium,low,medium,low,low,low,low,low,low,low,low,low,low,low,low,low,high,low,low,medium,low,medium,low,high,high,high,high,medium,low,low,low,low,low,low,low,low,low,low,medium,low,low,low,low,medium,low,low,medium,high,medium,low,low,low,low,low,low,low,low,low,low,low,low,low,low,low,medium,low,medium,high,high,low
1501,high,medium,medium,medium,high,high,high,medium,low,high,high,high,medium,medium,high,medium,low,low,low,low,high,medium,medium,low,low,low,low,low,medium,medium,medium,medium,high,low,low,low,low,low,low,low,low,low,low,low,low,low,high,low,low,medium,medium,medium,low,medium,medium,medium,high,medium,low,medium,medium,medium,medium,low,medium,low,low,medium,medium,medium,medium,high,medium,high,low,low,high,medium,medium,medium,medium,low,medium,low,low,low,low,high,high,low,low,low,low,high,medium,medium,low,medium,medium,medium
1502,high,low,medium,high,medium,low,medium,medium,low,high,low,low,low,low,low,high,high,low,medium,medium,medium,high,high,high,high,high,high,high,low,high,high,low,low,medium,medium,medium,low,medium,medium,medium,medium,medium,medium,medium,medium,medium,medium,high,medium,medium,medium,medium,medium,medium,medium,medium,medium,medium,medium,medium,medium,medium,medium,medium,medium,medium,medium,high,medium,low,low,high,medium,high,medium,medium,medium,low,high,high,medium,low,medium,low,medium,medium,medium,high,high,medium,medium,medium,medium,high,medium,medium,medium,high,high,low
1503,high,medium,high,medium,medium,high,low,low,medium,medium,high,high,low,medium,medium,low,high,low,low,low,low,low,high,high,medium,high,high,high,high,low,high,high,medium,medium,medium,medium,medium,medium,high,medium,low,medium,medium,medium,medium,medium,medium,low,low,medium,medium,high,medium,high,medium,low,medium,medium,medium,medium,medium,medium,low,medium,low,medium,medium,medium,low,high,high,medium,medium,medium,high,medium,low,medium,high,medium,medium,medium,medium,medium,medium,medium,medium,high,high,medium,medium,medium,medium,medium,high,high,medium,medium,medium,low
1504,high,medium,high,low,low,high,high,low,high,high,low,low,medium,high,high,medium,low,high,low,medium,medium,high,low,low,medium,medium,medium,low,low,high,low,medium,high,low,medium,medium,low,low,low,medium,medium,medium,low,medium,medium,medium,medium,high,medium,medium,medium,medium,low,medium,medium,high,medium,medium,high,medium,medium,low,low,low,medium,medium,medium,low,medium,medium,medium,low,low,low,medium,low,low,medium,low,medium,medium,high,medium,high,high,high,low,high,high,high,high,medium,high,medium,medium,high,medium,medium,low,low
1505,high,medium,high,high,high,high,high,medium,high,high,high,high,high,high,low,low,low,low,low,low,medium,low,low,low,low,medium,medium,low,high,low,low,high,high,high,high,high,medium,high,medium,medium,low,medium,high,high,high,high,high,low,low,high,high,high,high,low,low,high,high,high,medium,low,low,high,high,high,medium,low,low,high,high,high,high,medium,medium,medium,high,low,low,medium,medium,medium,medium,high,medium,high,high,high,high,high,high,high,high,high,high,low,low,low,low,medium,low,high
1506,high,high,low,medium,high,medium,high,medium,low,medium,low,medium,medium,high,high,low,low,low,medium,medium,medium,low,low,low,medium,low,medium,low,medium,low,low,high,high,high,high,high,high,high,medium,high,high,high,high,high,high,high,high,high,high,high,high,low,high,low,low,low,low,low,high,high,high,high,high,high,high,medium,high,high,medium,low,low,low,low,low,medium,high,high,medium,low,low,medium,high,medium,high,high,high,high,high,high,high,high,high,high,high,low,high,low,medium,medium,high
1507,medium,high,high,high,high,high,high,low,low,high,high,low,high,medium,high,low,low,high,high,medium,low,low,low,low,low,low,low,low,high,low,low,high,high,low,low,medium,low,medium,medium,low,low,low,low,low,low,low,low,low,low,medium,medium,low,medium,medium,medium,high,medium,low,low,low,low,medium,medium,medium,high,low,low,medium,medium,low,low,low,low,high,low,low,medium,medium,low,low,low,low,low,low,low,low,low,low,medium,low,medium,low,low,medium,low,low,medium,high,medium,low
1508,low,high,high,low,medium,high,low,high,high,high,medium,medium,medium,low,low,low,medium,low,low,low,medium,low,medium,low,low,high,high,medium,medium,medium,medium,medium,medium,medium,medium,medium,medium,medium,medium,medium,medium,low,medium,medium,medium,medium,low,medium,medium,low,low,medium,medium,medium,medium,medium,medium,high,high,medium,medium,medium,medium,medium,medium,high,high,low,low,high,high,high,medium,high,low,medium,high,high,low,low,medium,medium,medium,medium,medium,medium,medium,low,low,medium,low,medium,medium,high,low,high,low,medium,medium,medium
1509,medium,high,high,low,low,medium,medium,high,high,low,low,medium,low,medium,low,medium,low,high,high,high,high,high,medium,low,low,low,low,low,medium,high,medium,medium,medium,medium,medium,high,medium,high,medium,medium,high,high,medium,medium,medium,medium,medium,medium,high,low,low,high,low,medium,medium,high,medium,high,medium,medium,medium,low,low,low,low,medium,medium,medium,medium,low,low,low,low,low,medium,medium,medium,high,high,low,medium,medium,medium,medium,medium,medium,medium,medium,medium,medium,medium,medium,medium,medium,high,low,high,low,low,low
1510,high,medium,medium,low,low,medium,low,low,low,high,low,low,medium,low,high,high,high,high,medium,medium,medium,high,high,high,high,high,high,high,low,high,high,low,low,low,low,medium,low,medium,medium,low,low,low,low,low,low,low,low,low,low,low,low,medium,low,high,high,high,high,medium,low,low,low,low,low,low,low,low,low,low,low,medium,medium,low,low,low,low,low,medium,low,medium,high,low,low,low,low,low,low,low,medium,high,low,low,low,low,low,high,high,low,medium,medium,medium
1511,high,high,high,medium,medium,low,medium,high,high,low,medium,high,medium,medium,low,high,high,low,low,low,medium,high,high,high,medium,medium,medium,high,low,high,high,low,low,medium,low,high,high,high,high,high,medium,low,low,low,low,low,low,low,low,low,low,high,low,high,high,high,medium,high,medium,low,low,low,low,low,low,medium,medium,high,low,high,high,high,medium,medium,medium,medium,medium,high,medium,low,low,low,low,low,low,low,medium,medium,high,low,medium,low,low,medium,high,high,medium,high,high,low
1512,low,high,high,high,low,high,low,high,high,medium,high,medium,low,low,medium,low,high,medium,low,low,medium,low,medium,medium,medium,high,high,high,high,low,medium,high,medium,high,high,high,high,high,high,high,high,high,high,high,high,high,high,high,high,high,high,high,high,low,low,medium,low,low,medium,high,high,high,high,high,medium,high,high,low,high,medium,medium,medium,medium,medium,high,high,high,high,low,low,high,high,high,high,high,high,high,medium,low,high,high,high,high,high,medium,medium,low,low,low,high
1513,medium,medium,medium,low,high,high,medium,low,medium,medium,high,high,low,medium,high,medium,high,medium,low,low,low,medium,high,high,high,medium,medium,high,medium,medium,high,medium,low,low,low,medium,medium,medium,medium,low,low,low,low,low,low,low,medium,low,low,medium,medium,low,low,high,medium,high,high,high,medium,low,low,low,low,low,high,low,low,medium,medium,low,low,medium,medium,medium,low,low,medium,medium,low,low,medium,low,medium,low,low,low,low,medium,medium,low,low,medium,low,low,medium,low,low,medium,medium,medium
1514,high,medium,medium,high,high,high,high,medium,low,high,high,medium,high,medium,high,high,high,high,high,high,medium,high,high,medium,low,medium,medium,high,low,high,high,low,low,low,low,medium,medium,medium,medium,low,low,low,low,low,low,low,low,low,low,low,low,low,low,high,high,high,high,medium,low,low,low,low,low,low,high,low,low,low,low,high,high,low,low,low,low,low,medium,medium,medium,medium,low,low,low,low,low,low,low,high,high,low,low,low,low,medium,medium,high,medium,high,high,low
1515,high,medium,medium,medium,high,medium,low,medium,medium,low,medium,high,medium,medium,low,low,high,medium,low,low,low,low,high,high,high,high,high,high,high,low,high,high,medium,low,low,low,low,medium,low,low,low,low,low,low,low,low,low,low,low,medium,medium,low,low,high,high,high,medium,high,low,low,low,low,low,low,medium,low,low,medium,medium,medium,medium,low,low,low,low,low,medium,medium,medium,medium,low,low,low,low,low,low,low,medium,high,low,low,low,low,medium,medium,high,medium,medium,medium,low
1516,high,low,medium,low,high,high,low,medium,low,medium,medium,high,low,low,low,medium,medium,low,high,high,medium,low,medium,high,medium,medium,medium,medium,medium,low,medium,medium,low,low,medium,medium,medium,low,low,low,low,medium,medium,medium,medium,medium,medium,medium,medium,medium,medium,low,medium,medium,medium,medium,medium,low,low,high,medium,low,medium,medium,high,low,low,low,medium,high,high,low,low,low,medium,low,low,low,medium,medium,medium,medium,medium,medium,medium,medium,medium,high,high,medium,low,medium,medium,low,low,low,medium,high,high,low
1517,high,high,medium,low,high,medium,high,high,medium,medium,medium,low,low,low,medium,medium,high,low,medium,medium,low,low,high,high,medium,high,high,high,high,medium,high,medium,low,low,low,low,low,low,low,low,low,low,low,low,low,low,medium,low,low,medium,medium,high,low,medium,high,high,high,medium,low,medium,low,low,low,low,low,low,low,low,medium,high,high,low,low,low,low,medium,high,medium,high,high,medium,low,medium,low,low,low,low,medium,high,low,low,low,low,high,high,medium,low,low,medium,medium
1518,medium,high,high,low,low,low,low,medium,high,medium,high,high,low,high,high,high,medium,medium,medium,medium,high,high,medium,high,medium,low,medium,medium,low,high,medium,low,medium,low,medium,low,low,low,low,low,medium,medium,low,medium,medium,medium,medium,medium,high,low,low,low,low,high,low,high,medium,low,low,medium,medium,low,low,low,high,low,low,low,low,medium,medium,high,medium,high,low,medium,high,medium,low,low,low,low,low,low,low,low,low,medium,medium,low,low,low,low,high,medium,medium,high,medium,medium,low
1519,high,high,high,high,high,medium,low,medium,high,medium,medium,medium,low,high,medium,high,medium,high,medium,medium,high,high,medium,high,high,medium,low,medium,low,high,medium,low,medium,low,low,low,low,low,low,low,low,low,low,low,low,low,medium,low,low,low,low,medium,low,high,high,high,high,medium,low,low,medium,low,low,low,medium,low,low,high,medium,medium,medium,low,low,low,low,low,low,high,low,low,low,medium,low,medium,low,low,low,medium,high,low,low,low,low,medium,high,high,medium,medium,medium,low
1520,low,low,low,medium,low,low,high,medium,low,high,low,low,high,high,high,medium,high,medium,low,low,low,low,high,high,high,medium,medium,high,high,low,high,medium,low,high,medium,low,low,low,medium,high,high,high,high,medium,medium,medium,medium,high,high,low,medium,medium,high,low,low,low,low,high,high,high,high,medium,medium,high,high,high,high,low,medium,low,low,medium,medium,high,high,high,medium,low,medium,medium,medium,high,medium,high,high,high,high,low,low,medium,medium,medium,high,medium,low,low,medium,medium,medium,low
1521,high,medium,low,high,low,low,low,low,medium,low,medium,low,medium,high,low,medium,low,high,high,high,high,medium,medium,low,low,low,low,low,low,medium,low,medium,medium,medium,high,medium,low,low,low,low,low,low,medium,high,high,high,high,low,medium,high,high,high,medium,low,high,high,high,medium,medium,low,medium,high,high,medium,low,low,low,high,high,high,high,low,low,low,low,medium,high,low,high,high,low,high,low,high,medium,medium,medium,high,high,medium,low,high,medium,high,high,high,medium,medium,medium,low
1522,high,low,low,low,medium,low,low,low,low,low,low,low,high,high,high,low,high,medium,low,low,medium,low,medium,high,high,medium,high,high,high,low,medium,high,medium,medium,high,low,low,low,low,medium,high,medium,medium,medium,medium,high,high,medium,high,medium,medium,high,medium,medium,low,medium,high,medium,medium,medium,high,medium,medium,medium,low,low,low,high,medium,medium,medium,medium,medium,high,low,high,high,low,high,high,medium,high,medium,high,high,high,medium,high,high,medium,medium,high,medium,high,high,low,low,medium,medium,high
1523,high,medium,low,low,high,high,high,high,low,medium,medium,medium,high,low,low,high,low,medium,high,high,high,high,low,medium,low,low,low,low,low,high,low,medium,medium,low,medium,low,low,low,low,low,low,low,low,medium,medium,medium,high,low,low,medium,medium,medium,medium,medium,medium,high,high,medium,low,medium,medium,medium,medium,medium,medium,low,low,medium,medium,medium,medium,low,low,low,medium,low,low,low,medium,high,low,low,low,low,low,low,low,high,high,low,low,low,low,low,high,low,medium,low,low,low
1524,high,low,medium,low,low,low,low,low,low,high,low,low,low,low,medium,medium,medium,low,low,low,high,high,low,medium,high,high,high,medium,low,high,low,medium,medium,high,high,medium,low,medium,medium,medium,medium,high,high,high,high,high,high,high,medium,high,high,medium,high,low,medium,low,medium,medium,high,medium,medium,high,high,high,high,medium,medium,medium,high,medium,medium,low,low,low,high,medium,low,medium,medium,medium,high,high,high,high,high,high,high,high,high,high,medium,high,high,low,low,high,low,low,low,high
1525,low,low,high,medium,medium,high,low,high,medium,high,low,low,low,medium,medium,high,medium,medium,high,high,high,high,high,medium,medium,low,low,medium,medium,high,high,medium,medium,high,high,low,low,low,low,low,medium,high,high,high,high,high,high,medium,medium,high,high,low,high,low,low,low,low,high,high,high,high,high,high,high,high,high,high,medium,high,medium,medium,low,low,low,high,low,low,medium,low,low,high,high,high,high,high,high,high,low,low,high,high,high,high,low,low,medium,low,low,low,high
1526,high,medium,low,medium,high,high,medium,medium,low,medium,high,medium,high,high,high,low,low,medium,medium,medium,high,medium,low,low,low,low,low,low,low,medium,low,medium,high,medium,medium,high,high,high,high,high,medium,medium,medium,medium,medium,medium,low,medium,medium,medium,medium,high,medium,medium,medium,medium,low,medium,high,medium,medium,medium,medium,medium,low,high,high,medium,medium,medium,medium,medium,medium,medium,medium,high,high,medium,high,high,medium,medium,medium,medium,medium,medium,medium,high,high,medium,medium,medium,medium,high,high,low,high,high,high,low
1527,high,medium,high,medium,high,high,medium,low,medium,medium,low,medium,medium,low,high,high,medium,medium,medium,medium,high,high,medium,low,medium,high,high,medium,low,high,low,low,low,low,low,medium,low,medium,medium,medium,low,low,low,low,low,low,low,low,low,low,low,low,low,high,high,high,high,low,low,low,low,low,low,low,high,low,low,high,medium,high,high,low,low,low,medium,low,low,low,medium,medium,low,low,low,low,low,low,low,medium,high,low,medium,low,low,low,medium,high,high,high,high,low
1528,high,medium,high,high,high,high,medium,low,medium,medium,high,high,low,low,medium,low,medium,high,medium,medium,high,low,medium,low,low,low,low,medium,high,low,medium,high,low,medium,medium,medium,medium,medium,medium,medium,high,high,medium,medium,medium,medium,medium,high,high,low,low,high,medium,medium,medium,medium,low,low,medium,high,high,medium,medium,medium,medium,high,high,high,low,low,low,low,low,medium,high,low,low,medium,high,medium,medium,medium,medium,medium,medium,medium,medium,high,high,medium,medium,medium,medium,low,medium,low,high,high,high,low
1529,high,high,high,medium,low,low,high,medium,high,high,low,low,high,medium,medium,high,medium,low,high,high,medium,high,medium,low,low,medium,high,medium,low,high,medium,low,low,medium,medium,high,medium,medium,medium,medium,high,medium,medium,medium,medium,medium,medium,medium,high,low,low,low,medium,medium,medium,low,low,medium,high,medium,medium,medium,medium,medium,high,high,high,medium,low,medium,medium,medium,medium,medium,medium,medium,medium,high,low,low,medium,low,medium,low,medium,medium,medium,high,high,medium,medium,medium,medium,medium,medium,high,high,high,high,low
1530,high,high,high,high,high,high,high,high,high,high,low,low,low,low,low,low,low,low,low,low,low,low,low,low,low,low,low,low,high,low,low,high,high,high,high,high,high,high,high,high,high,high,high,high,high,high,medium,high,high,high,high,low,high,low,low,low,low,low,high,high,high,high,high,high,high,high,high,low,high,low,low,medium,medium,high,high,high,high,high,low,low,low,medium,low,medium,medium,medium,low,medium,high,high,high,medium,medium,medium,low,low,medium,high,medium,low
1531,low,medium,high,high,medium,high,medium,low,high,low,medium,low,low,medium,medium,low,low,low,high,medium,medium,medium,low,low,low,low,low,low,medium,medium,low,high,high,high,high,low,medium,high,high,medium,low,low,medium,high,high,high,high,low,low,high,high,medium,high,low,high,high,medium,high,medium,low,medium,high,high,high,high,medium,medium,low,high,high,high,medium,medium,medium,high,low,low,high,low,low,high,high,high,high,high,high,high,low,low,high,high,high,high,low,low,high,low,low,low,high
1532,low,medium,high,medium,medium,low,high,high,medium,low,medium,low,medium,low,high,high,medium,high,high,high,high,high,high,medium,low,low,low,medium,low,high,high,low,low,low,low,medium,low,low,low,low,low,low,low,low,low,low,low,low,low,medium,medium,low,low,high,high,high,high,medium,low,low,low,low,low,low,high,low,low,high,medium,medium,medium,low,low,low,low,low,medium,medium,low,low,low,low,low,low,low,low,low,low,low,low,low,low,low,medium,medium,medium,high,medium,medium,low
1533,high,low,medium,low,medium,medium,low,medium,medium,medium,low,medium,medium,medium,low,low,high,high,high,high,medium,low,high,medium,low,low,low,high,high,low,high,high,low,medium,medium,medium,low,low,medium,medium,high,medium,medium,medium,medium,medium,medium,medium,high,medium,medium,high,medium,medium,low,low,medium,high,high,high,medium,low,medium,medium,low,high,medium,low,low,medium,medium,high,medium,high,high,low,low,medium,high,high,medium,medium,medium,medium,medium,medium,medium,high,high,medium,medium,medium,medium,low,high,low,low,medium,high,medium
1534,medium,high,high,low,low,low,medium,high,high,medium,high,high,medium,medium,high,high,high,medium,high,medium,high,medium,high,medium,high,high,high,high,medium,medium,medium,low,low,low,low,high,medium,medium,medium,medium,low,low,low,low,low,low,low,medium,low,low,low,high,low,high,high,high,high,high,medium,low,low,low,low,low,low,low,low,medium,low,medium,medium,high,medium,high,low,medium,medium,medium,medium,medium,medium,low,medium,low,low,low,low,medium,medium,low,medium,low,low,medium,high,medium,medium,high,high,low
1535,high,high,high,low,high,high,low,medium,high,medium,low,high,medium,medium,high,high,medium,low,medium,medium,high,high,high,low,medium,medium,high,medium,low,high,medium,low,low,low,low,medium,medium,medium,medium,medium,medium,low,low,low,low,low,low,medium,low,low,low,medium,low,high,medium,medium,medium,high,medium,medium,low,low,low,low,medium,medium,medium,medium,low,high,high,low,low,low,low,medium,high,medium,low,low,low,low,low,low,low,low,low,high,high,low,low,low,low,high,medium,low,medium,medium,medium,low
1536,medium,medium,medium,high,high,high,medium,medium,medium,medium,medium,medium,medium,low,medium,low,low,medium,low,low,low,low,low,low,low,low,low,low,high,low,low,high,high,low,low,low,low,low,low,low,low,low,low,low,low,low,medium,low,low,high,high,medium,low,high,high,high,high,medium,low,low,low,low,low,low,low,low,low,high,high,high,high,low,low,low,low,low,medium,medium,high,medium,low,low,low,low,low,low,low,low,medium,low,low,low,low,medium,high,low,medium,medium,medium,low
1537,high,high,high,medium,low,low,high,high,high,high,high,low,high,high,high,high,high,medium,low,low,high,high,high,high,high,medium,medium,high,low,high,high,low,low,low,low,low,low,low,low,low,low,low,low,low,low,low,high,low,low,high,medium,low,low,medium,high,high,high,medium,low,low,low,medium,medium,low,high,low,low,low,high,high,high,medium,medium,medium,low,low,medium,medium,low,low,low,low,low,low,low,low,low,medium,high,low,low,low,low,medium,medium,medium,low,low,low,high
1538,low,high,high,low,low,low,low,high,high,medium,low,high,low,high,high,low,medium,high,low,low,low,medium,medium,medium,medium,medium,medium,medium,high,medium,medium,medium,medium,low,medium,low,low,low,low,low,medium,medium,low,low,low,medium,medium,medium,high,low,low,medium,low,high,high,high,high,medium,medium,low,low,low,low,low,low,low,low,low,medium,medium,medium,low,low,low,low,medium,medium,high,low,low,low,medium,low,medium,medium,medium,low,low,low,low,low,low,low,medium,medium,high,high,medium,medium,low
1539,low,high,high,high,medium,high,low,high,high,medium,medium,low,low,low,high,medium,high,high,medium,low,low,medium,medium,high,high,medium,medium,high,high,high,medium,medium,medium,low,medium,low,low,low,low,low,low,low,low,medium,medium,medium,high,low,low,high,high,low,medium,low,medium,high,high,medium,low,medium,medium,medium,medium,medium,high,low,low,low,high,medium,medium,low,low,low,medium,low,low,high,low,low,medium,medium,medium,medium,medium,medium,low,low,low,low,low,medium,medium,low,medium,high,low,low,low,high
1540,high,low,low,medium,medium,medium,high,high,low,medium,low,medium,high,medium,medium,high,medium,high,high,medium,medium,high,medium,medium,medium,low,low,medium,low,high,medium,low,low,low,low,low,low,low,low,low,low,low,low,low,low,low,medium,low,low,low,low,medium,low,high,high,high,medium,medium,low,low,low,low,low,low,medium,low,low,low,low,medium,medium,medium,medium,high,low,low,medium,low,high,medium,low,low,low,low,low,low,low,high,high,low,low,low,low,low,medium,high,medium,medium,medium,low
1541,high,high,high,low,low,low,low,high,high,medium,high,high,low,high,high,medium,low,low,low,low,medium,high,low,medium,high,high,high,low,medium,high,low,medium,high,medium,high,low,low,medium,medium,high,high,high,medium,high,high,high,medium,high,high,medium,medium,high,medium,medium,low,low,low,medium,high,high,high,medium,medium,medium,low,high,high,medium,low,high,high,high,medium,high,low,high,high,high,medium,low,high,medium,high,medium,medium,medium,medium,high,high,medium,medium,high,medium,high,high,low,low,low,medium,medium
1542,low,low,low,medium,medium,low,high,low,low,medium,high,low,high,high,high,medium,high,low,medium,medium,medium,low,high,high,high,high,high,high,high,medium,high,medium,low,medium,high,medium,medium,medium,medium,medium,medium,medium,medium,high,high,high,high,high,high,high,high,low,high,low,low,low,low,low,high,high,high,high,high,high,high,high,high,low,high,medium,medium,high,medium,high,high,medium,medium,low,medium,medium,low,high,low,high,medium,medium,medium,low,low,medium,medium,high,medium,medium,low,medium,high,high,medium,low
1543,low,high,high,medium,medium,high,medium,high,high,low,medium,high,low,high,high,low,medium,medium,medium,low,low,low,medium,medium,medium,high,medium,medium,high,low,medium,high,high,high,high,low,low,low,low,medium,high,high,high,medium,medium,high,medium,high,high,low,low,high,medium,medium,medium,medium,medium,high,medium,high,high,medium,medium,medium,low,medium,medium,low,medium,high,high,high,medium,high,medium,high,high,high,low,low,high,high,high,high,high,high,high,low,low,high,medium,high,high,high,high,medium,low,low,low,medium
1544,high,medium,low,low,low,low,low,medium,medium,high,high,high,high,medium,medium,low,high,low,medium,low,low,low,low,high,high,low,medium,high,high,low,medium,high,high,high,medium,high,medium,medium,high,high,high,high,high,medium,medium,medium,medium,high,high,low,low,low,high,medium,low,low,low,high,high,high,high,medium,medium,high,high,high,high,low,low,low,low,low,low,low,high,high,medium,low,low,medium,high,high,high,high,high,high,high,high,high,high,high,medium,high,medium,low,low,high,high,high,low
1545,high,medium,high,medium,low,medium,high,low,high,low,medium,low,low,high,high,medium,high,medium,low,medium,low,medium,high,high,high,high,high,high,high,medium,high,medium,low,high,high,high,high,high,high,high,high,high,high,high,high,high,high,high,high,high,high,low,high,low,low,low,low,low,high,high,high,high,high,high,high,high,high,high,high,medium,medium,low,low,low,high,medium,low,high,low,low,high,high,high,high,high,high,high,high,high,high,high,high,high,low,low,low,low,low,low,high
1546,high,low,medium,high,high,high,medium,low,low,high,high,low,high,low,medium,medium,high,low,low,medium,low,medium,high,high,high,low,medium,high,high,medium,high,medium,low,medium,medium,high,medium,high,medium,medium,low,medium,medium,medium,medium,medium,medium,medium,low,medium,medium,high,medium,medium,medium,low,high,high,medium,medium,medium,medium,medium,medium,low,low,medium,low,medium,low,low,medium,medium,high,medium,medium,medium,medium,high,high,medium,low,medium,low,low,medium,medium,high,high,medium,medium,low,medium,medium,high,low,medium,high,high,low
1547,high,high,high,high,high,medium,medium,high,medium,medium,low,low,high,medium,medium,low,high,medium,low,low,low,low,medium,high,high,high,high,high,high,low,high,high,high,low,low,medium,low,low,medium,low,medium,low,low,medium,medium,low,medium,medium,medium,medium,medium,low,medium,medium,high,high,medium,medium,medium,low,low,medium,medium,medium,high,medium,medium,medium,medium,medium,medium,low,low,low,low,medium,high,high,low,low,low,medium,low,medium,low,low,low,high,high,low,low,medium,low,high,medium,high,medium,high,high,low
1548,medium,low,medium,low,low,low,high,low,high,medium,high,high,high,high,medium,low,low,medium,low,low,high,medium,low,medium,medium,low,low,low,medium,medium,low,high,high,low,low,low,low,low,low,low,low,low,low,low,low,low,medium,low,low,medium,medium,medium,low,high,high,high,high,low,low,low,low,low,low,low,medium,low,low,medium,medium,high,high,high,medium,medium,low,low,low,medium,high,medium,low,low,low,low,low,low,low,medium,medium,low,low,low,low,low,medium,medium,medium,low,low,low
1549,high,medium,medium,medium,high,high,low,low,medium,medium,high,high,medium,medium,medium,low,medium,high,high,medium,medium,low,low,low,low,low,low,medium,high,low,low,high,high,low,low,low,low,low,low,low,low,low,low,low,low,low,medium,low,low,medium,medium,medium,low,high,high,high,high,medium,low,low,low,low,low,low,medium,low,low,high,medium,medium,medium,high,medium,high,low,low,low,low,medium,medium,low,low,low,low,low,low,low,high,high,low,low,low,low,low,medium,high,medium,medium,medium,low
1550,medium,high,high,low,low,low,high,high,high,low,high,medium,low,medium,medium,low,low,high,high,high,high,medium,low,low,low,low,low,low,medium,low,low,high,high,low,low,medium,low,low,low,low,low,low,low,low,low,low,low,low,low,low,medium,medium,low,high,high,high,high,high,low,low,low,low,low,low,low,low,low,low,low,low,low,medium,medium,medium,low,low,medium,high,medium,low,low,low,low,low,low,low,low,medium,medium,low,low,low,low,medium,high,medium,medium,medium,medium,low
1551,medium,high,high,medium,low,low,medium,low,high,high,low,high,high,high,medium,low,low,medium,low,low,low,low,low,low,low,low,low,low,high,low,low,high,high,low,low,low,low,low,low,low,low,low,low,low,low,low,medium,low,low,medium,medium,low,low,high,high,high,high,low,low,low,low,low,low,low,high,low,low,high,medium,low,low,high,medium,high,low,low,medium,medium,low,medium,low,low,low,low,low,low,low,low,medium,low,low,low,low,medium,medium,medium,medium,high,high,low
